[2026-08-01T14:47:48.693+0900][0.007s][info][gc,init] CardTable entry size: 512
[2026-08-01T14:47:48.693+0900][0.007s][debug][gc,heap] Minimum heap 33554432  Initial heap 2147483648  Maximum heap 236223201280
[2026-08-01T14:47:48.693+0900][0.007s][info ][gc     ] Using G1
[2026-08-01T14:47:48.700+0900][0.014s][info ][gc,init] Version: 18.0.1.1+2-6 (release)
[2026-08-01T14:47:48.700+0900][0.014s][info ][gc,init] CPUs: 24 total, 24 available
[2026-08-01T14:47:48.700+0900][0.014s][info ][gc,init] Memory: 255G
[2026-08-01T14:47:48.700+0900][0.014s][info ][gc,init] Large Page Support: Disabled
[2026-08-01T14:47:48.700+0900][0.014s][info ][gc,init] NUMA Support: Disabled
[2026-08-01T14:47:48.700+0900][0.014s][info ][gc,init] Compressed Oops: Disabled
[2026-08-01T14:47:48.701+0900][0.014s][info ][gc,init] Heap Region Size: 32M
[2026-08-01T14:47:48.701+0900][0.014s][info ][gc,init] Heap Min Capacity: 32M
[2026-08-01T14:47:48.701+0900][0.014s][info ][gc,init] Heap Initial Capacity: 2G
[2026-08-01T14:47:48.701+0900][0.014s][info ][gc,init] Heap Max Capacity: 220G
[2026-08-01T14:47:48.701+0900][0.014s][info ][gc,init] Pre-touch: Disabled
[2026-08-01T14:47:48.701+0900][0.014s][info ][gc,init] Parallel Workers: 18
[2026-08-01T14:47:48.701+0900][0.014s][info ][gc,init] Concurrent Workers: 5
[2026-08-01T14:47:48.701+0900][0.014s][info ][gc,init] Concurrent Refinement Workers: 18
[2026-08-01T14:47:48.701+0900][0.014s][info ][gc,init] Periodic GC: Disabled
[2026-08-01T14:47:48.701+0900][0.015s][info ][gc,metaspace] CDS archive(s) mapped at: [0x0000000800000000-0x0000000800ba0000-0x0000000800ba0000), size 12189696, SharedBaseAddress: 0x0000000800000000, ArchiveRelocationMode: 0.
[2026-08-01T14:47:48.702+0900][0.015s][info ][gc,metaspace] Compressed class space mapped at: 0x0000000800c00000-0x0000000840c00000, reserved size: 1073741824
[2026-08-01T14:47:48.702+0900][0.015s][info ][gc,metaspace] Narrow klass base: 0x0000000800000000, Narrow klass shift: 0, Narrow klass range: 0x100000000
[2026-08-01T14:47:48.769+0900][0.083s][info ][gc,start    ] GC(0) Pause Full (System.gc())
[2026-08-01T14:47:48.770+0900][0.083s][debug][gc,heap     ] GC(0) Heap before GC invocations=0 (full 0):
[2026-08-01T14:47:48.770+0900][0.083s][debug][gc,heap     ] GC(0)  garbage-first heap   total 2097152K, used 0K [0x000001b87c000000, 0x000001ef7c000000)
[2026-08-01T14:47:48.770+0900][0.083s][debug][gc,heap     ] GC(0)   region size 32768K, 1 young (32768K), 0 survivors (0K)
[2026-08-01T14:47:48.770+0900][0.083s][debug][gc,heap     ] GC(0)  Metaspace       used 630K, committed 768K, reserved 1114112K
[2026-08-01T14:47:48.770+0900][0.083s][debug][gc,heap     ] GC(0)   class space    used 41K, committed 128K, reserved 1048576K
[2026-08-01T14:47:48.770+0900][0.083s][info ][gc,task     ] GC(0) Using 1 workers of 18 for full compaction
[2026-08-01T14:47:48.770+0900][0.083s][info ][gc,phases,start] GC(0) Phase 1: Mark live objects
[2026-08-01T14:47:48.771+0900][0.085s][info ][gc,phases      ] GC(0) Phase 1: Mark live objects 1.343ms
[2026-08-01T14:47:48.771+0900][0.085s][info ][gc,phases,start] GC(0) Phase 2: Prepare for compaction
[2026-08-01T14:47:48.772+0900][0.086s][info ][gc,phases      ] GC(0) Phase 2: Prepare for compaction 1.682ms
[2026-08-01T14:47:48.772+0900][0.087s][info ][gc,phases,start] GC(0) Phase 3: Adjust pointers
[2026-08-01T14:47:48.773+0900][0.087s][info ][gc,phases      ] GC(0) Phase 3: Adjust pointers 0.544ms
[2026-08-01T14:47:48.773+0900][0.087s][info ][gc,phases,start] GC(0) Phase 4: Compact heap
[2026-08-01T14:47:48.776+0900][0.089s][info ][gc,phases      ] GC(0) Phase 4: Compact heap 2.241ms
[2026-08-01T14:47:48.783+0900][0.096s][debug][gc,heap        ] GC(0) Uncommittable regions after shrink: 60
[2026-08-01T14:47:48.783+0900][0.097s][info ][gc,heap        ] GC(0) Eden regions: 1->0(1)
[2026-08-01T14:47:48.783+0900][0.097s][info ][gc,heap        ] GC(0) Survivor regions: 0->0(0)
[2026-08-01T14:47:48.783+0900][0.097s][info ][gc,heap        ] GC(0) Old regions: 0->1
[2026-08-01T14:47:48.783+0900][0.097s][info ][gc,heap        ] GC(0) Archive regions: 0->0
[2026-08-01T14:47:48.783+0900][0.097s][info ][gc,heap        ] GC(0) Humongous regions: 0->0
[2026-08-01T14:47:48.783+0900][0.097s][info ][gc,metaspace   ] GC(0) Metaspace: 630K(768K)->630K(768K) NonClass: 589K(640K)->589K(640K) Class: 41K(128K)->41K(128K)
[2026-08-01T14:47:48.783+0900][0.097s][debug][gc,heap        ] GC(0) Heap after GC invocations=1 (full 1):
[2026-08-01T14:47:48.783+0900][0.097s][debug][gc,heap        ] GC(0)  garbage-first heap   total 131072K, used 6067K [0x000001b87c000000, 0x000001ef7c000000)
[2026-08-01T14:47:48.783+0900][0.097s][debug][gc,heap        ] GC(0)   region size 32768K, 0 young (0K), 0 survivors (0K)
[2026-08-01T14:47:48.783+0900][0.097s][debug][gc,heap        ] GC(0)  Metaspace       used 630K, committed 768K, reserved 1114112K
[2026-08-01T14:47:48.783+0900][0.097s][debug][gc,heap        ] GC(0)   class space    used 41K, committed 128K, reserved 1048576K
[2026-08-01T14:47:48.783+0900][0.097s][info ][gc             ] GC(0) Pause Full (System.gc()) 12M->5M(128M) 13.522ms
[2026-08-01T14:47:48.783+0900][0.097s][info ][gc,cpu         ] GC(0) User=0.02s Sys=0.02s Real=0.01s
[2026-08-01T14:47:48.783+0900][0.097s][info ][safepoint      ] Safepoint "G1CollectFull", Time since last: 63284401 ns, Reaching safepoint: 39200 ns, At safepoint: 13565000 ns, Total: 13604200 ns
[2026-08-01T14:47:49.010+0900][0.324s][debug][gc,heap        ] Concurrent Uncommit Summary: 1920M, 60 regions, 15.144ms
[2026-08-01T14:47:49.344+0900][0.658s][info ][gc,start       ] GC(1) Pause Full (System.gc())
[2026-08-01T14:47:49.344+0900][0.658s][debug][gc,heap        ] GC(1) Heap before GC invocations=1 (full 1):
[2026-08-01T14:47:49.344+0900][0.658s][debug][gc,heap        ] GC(1)  garbage-first heap   total 131072K, used 6067K [0x000001b87c000000, 0x000001ef7c000000)
[2026-08-01T14:47:49.344+0900][0.658s][debug][gc,heap        ] GC(1)   region size 32768K, 1 young (32768K), 0 survivors (0K)
[2026-08-01T14:47:49.344+0900][0.658s][debug][gc,heap        ] GC(1)  Metaspace       used 5953K, committed 6144K, reserved 1114112K
[2026-08-01T14:47:49.344+0900][0.658s][debug][gc,heap        ] GC(1)   class space    used 550K, committed 640K, reserved 1048576K
[2026-08-01T14:47:49.344+0900][0.658s][info ][gc,task        ] GC(1) Using 1 workers of 18 for full compaction
[2026-08-01T14:47:49.344+0900][0.658s][info ][gc,phases,start] GC(1) Phase 1: Mark live objects
[2026-08-01T14:47:49.351+0900][0.665s][info ][gc,phases      ] GC(1) Phase 1: Mark live objects 6.980ms
[2026-08-01T14:47:49.351+0900][0.665s][info ][gc,phases,start] GC(1) Phase 2: Prepare for compaction
[2026-08-01T14:47:49.353+0900][0.667s][info ][gc,phases      ] GC(1) Phase 2: Prepare for compaction 1.732ms
[2026-08-01T14:47:49.353+0900][0.667s][info ][gc,phases,start] GC(1) Phase 3: Adjust pointers
[2026-08-01T14:47:49.356+0900][0.670s][info ][gc,phases      ] GC(1) Phase 3: Adjust pointers 2.933ms
[2026-08-01T14:47:49.356+0900][0.670s][info ][gc,phases,start] GC(1) Phase 4: Compact heap
[2026-08-01T14:47:49.359+0900][0.673s][info ][gc,phases      ] GC(1) Phase 4: Compact heap 2.973ms
[2026-08-01T14:47:49.360+0900][0.674s][info ][gc,heap        ] GC(1) Eden regions: 1->0(1)
[2026-08-01T14:47:49.360+0900][0.674s][info ][gc,heap        ] GC(1) Survivor regions: 0->0(0)
[2026-08-01T14:47:49.360+0900][0.674s][info ][gc,heap        ] GC(1) Old regions: 1->1
[2026-08-01T14:47:49.360+0900][0.674s][info ][gc,heap        ] GC(1) Archive regions: 0->0
[2026-08-01T14:47:49.360+0900][0.674s][info ][gc,heap        ] GC(1) Humongous regions: 0->0
[2026-08-01T14:47:49.360+0900][0.674s][info ][gc,metaspace   ] GC(1) Metaspace: 5953K(6144K)->5953K(6144K) NonClass: 5402K(5504K)->5402K(5504K) Class: 550K(640K)->550K(640K)
[2026-08-01T14:47:49.360+0900][0.674s][debug][gc,heap        ] GC(1) Heap after GC invocations=2 (full 2):
[2026-08-01T14:47:49.360+0900][0.674s][debug][gc,heap        ] GC(1)  garbage-first heap   total 131072K, used 9006K [0x000001b87c000000, 0x000001ef7c000000)
[2026-08-01T14:47:49.360+0900][0.674s][debug][gc,heap        ] GC(1)   region size 32768K, 0 young (0K), 0 survivors (0K)
[2026-08-01T14:47:49.360+0900][0.674s][debug][gc,heap        ] GC(1)  Metaspace       used 5953K, committed 6144K, reserved 1114112K
[2026-08-01T14:47:49.360+0900][0.674s][debug][gc,heap        ] GC(1)   class space    used 550K, committed 640K, reserved 1048576K
[2026-08-01T14:47:49.360+0900][0.674s][info ][gc             ] GC(1) Pause Full (System.gc()) 26M->8M(128M) 16.210ms
[2026-08-01T14:47:49.360+0900][0.674s][info ][gc,cpu         ] GC(1) User=0.02s Sys=0.00s Real=0.02s
[2026-08-01T14:47:49.360+0900][0.674s][info ][safepoint      ] Safepoint "G1CollectFull", Time since last: 561280800 ns, Reaching safepoint: 88999 ns, At safepoint: 16257100 ns, Total: 16346099 ns
[2026-08-01T14:47:49.427+0900][0.741s][info ][gc,start       ] GC(2) Pause Full (System.gc())
[2026-08-01T14:47:49.427+0900][0.741s][debug][gc,heap        ] GC(2) Heap before GC invocations=2 (full 2):
[2026-08-01T14:47:49.427+0900][0.741s][debug][gc,heap        ] GC(2)  garbage-first heap   total 131072K, used 9006K [0x000001b87c000000, 0x000001ef7c000000)
[2026-08-01T14:47:49.427+0900][0.741s][debug][gc,heap        ] GC(2)   region size 32768K, 1 young (32768K), 0 survivors (0K)
[2026-08-01T14:47:49.427+0900][0.741s][debug][gc,heap        ] GC(2)  Metaspace       used 6324K, committed 6528K, reserved 1114112K
[2026-08-01T14:47:49.427+0900][0.741s][debug][gc,heap        ] GC(2)   class space    used 596K, committed 704K, reserved 1048576K
[2026-08-01T14:47:49.427+0900][0.741s][info ][gc,task        ] GC(2) Using 1 workers of 18 for full compaction
[2026-08-01T14:47:49.427+0900][0.742s][info ][gc,phases,start] GC(2) Phase 1: Mark live objects
[2026-08-01T14:47:49.445+0900][0.759s][info ][gc,phases      ] GC(2) Phase 1: Mark live objects 17.003ms
[2026-08-01T14:47:49.445+0900][0.759s][info ][gc,phases,start] GC(2) Phase 2: Prepare for compaction
[2026-08-01T14:47:49.449+0900][0.763s][info ][gc,phases      ] GC(2) Phase 2: Prepare for compaction 4.338ms
[2026-08-01T14:47:49.449+0900][0.763s][info ][gc,phases,start] GC(2) Phase 3: Adjust pointers
[2026-08-01T14:47:49.457+0900][0.771s][info ][gc,phases      ] GC(2) Phase 3: Adjust pointers 7.672ms
[2026-08-01T14:47:49.457+0900][0.771s][info ][gc,phases,start] GC(2) Phase 4: Compact heap
[2026-08-01T14:47:49.462+0900][0.776s][info ][gc,phases      ] GC(2) Phase 4: Compact heap 4.896ms
[2026-08-01T14:47:49.462+0900][0.776s][info ][gc,heap        ] GC(2) Eden regions: 1->0(1)
[2026-08-01T14:47:49.462+0900][0.776s][info ][gc,heap        ] GC(2) Survivor regions: 0->0(0)
[2026-08-01T14:47:49.462+0900][0.776s][info ][gc,heap        ] GC(2) Old regions: 1->1
[2026-08-01T14:47:49.462+0900][0.776s][info ][gc,heap        ] GC(2) Archive regions: 0->0
[2026-08-01T14:47:49.462+0900][0.777s][info ][gc,heap        ] GC(2) Humongous regions: 0->0
[2026-08-01T14:47:49.462+0900][0.777s][info ][gc,metaspace   ] GC(2) Metaspace: 6324K(6528K)->6324K(6528K) NonClass: 5728K(5824K)->5728K(5824K) Class: 596K(704K)->596K(704K)
[2026-08-01T14:47:49.462+0900][0.777s][debug][gc,heap        ] GC(2) Heap after GC invocations=3 (full 3):
[2026-08-01T14:47:49.463+0900][0.777s][debug][gc,heap        ] GC(2)  garbage-first heap   total 131072K, used 15152K [0x000001b87c000000, 0x000001ef7c000000)
[2026-08-01T14:47:49.463+0900][0.777s][debug][gc,heap        ] GC(2)   region size 32768K, 0 young (0K), 0 survivors (0K)
[2026-08-01T14:47:49.463+0900][0.777s][debug][gc,heap        ] GC(2)  Metaspace       used 6324K, committed 6528K, reserved 1114112K
[2026-08-01T14:47:49.463+0900][0.777s][debug][gc,heap        ] GC(2)   class space    used 596K, committed 704K, reserved 1048576K
[2026-08-01T14:47:49.463+0900][0.777s][info ][gc             ] GC(2) Pause Full (System.gc()) 28M->14M(128M) 35.231ms
[2026-08-01T14:47:49.463+0900][0.777s][info ][gc,cpu         ] GC(2) User=0.06s Sys=0.00s Real=0.04s
[2026-08-01T14:47:49.463+0900][0.777s][info ][safepoint      ] Safepoint "G1CollectFull", Time since last: 66937801 ns, Reaching safepoint: 50800 ns, At safepoint: 35283300 ns, Total: 35334100 ns
[2026-08-01T14:47:49.477+0900][0.791s][info ][gc,start       ] GC(3) Pause Full (System.gc())
[2026-08-01T14:47:49.477+0900][0.791s][debug][gc,heap        ] GC(3) Heap before GC invocations=3 (full 3):
[2026-08-01T14:47:49.477+0900][0.791s][debug][gc,heap        ] GC(3)  garbage-first heap   total 131072K, used 15152K [0x000001b87c000000, 0x000001ef7c000000)
[2026-08-01T14:47:49.477+0900][0.792s][debug][gc,heap        ] GC(3)   region size 32768K, 1 young (32768K), 0 survivors (0K)
[2026-08-01T14:47:49.477+0900][0.792s][debug][gc,heap        ] GC(3)  Metaspace       used 6543K, committed 6720K, reserved 1114112K
[2026-08-01T14:47:49.477+0900][0.792s][debug][gc,heap        ] GC(3)   class space    used 615K, committed 704K, reserved 1048576K
[2026-08-01T14:47:49.477+0900][0.792s][info ][gc,task        ] GC(3) Using 1 workers of 18 for full compaction
[2026-08-01T14:47:49.477+0900][0.792s][info ][gc,phases,start] GC(3) Phase 1: Mark live objects
[2026-08-01T14:47:49.490+0900][0.804s][info ][gc,phases      ] GC(3) Phase 1: Mark live objects 12.700ms
[2026-08-01T14:47:49.490+0900][0.804s][info ][gc,phases,start] GC(3) Phase 2: Prepare for compaction
[2026-08-01T14:47:49.492+0900][0.807s][info ][gc,phases      ] GC(3) Phase 2: Prepare for compaction 2.378ms
[2026-08-01T14:47:49.492+0900][0.807s][info ][gc,phases,start] GC(3) Phase 3: Adjust pointers
[2026-08-01T14:47:49.498+0900][0.812s][info ][gc,phases      ] GC(3) Phase 3: Adjust pointers 5.176ms
[2026-08-01T14:47:49.498+0900][0.812s][info ][gc,phases,start] GC(3) Phase 4: Compact heap
[2026-08-01T14:47:49.500+0900][0.814s][info ][gc,phases      ] GC(3) Phase 4: Compact heap 2.141ms
[2026-08-01T14:47:49.501+0900][0.815s][info ][gc,heap        ] GC(3) Eden regions: 1->0(1)
[2026-08-01T14:47:49.501+0900][0.815s][info ][gc,heap        ] GC(3) Survivor regions: 0->0(0)
[2026-08-01T14:47:49.501+0900][0.815s][info ][gc,heap        ] GC(3) Old regions: 1->1
[2026-08-01T14:47:49.501+0900][0.815s][info ][gc,heap        ] GC(3) Archive regions: 0->0
[2026-08-01T14:47:49.501+0900][0.815s][info ][gc,heap        ] GC(3) Humongous regions: 0->0
[2026-08-01T14:47:49.501+0900][0.815s][info ][gc,metaspace   ] GC(3) Metaspace: 6543K(6720K)->6543K(6720K) NonClass: 5927K(6016K)->5927K(6016K) Class: 615K(704K)->615K(704K)
[2026-08-01T14:47:49.501+0900][0.815s][debug][gc,heap        ] GC(3) Heap after GC invocations=4 (full 4):
[2026-08-01T14:47:49.501+0900][0.815s][debug][gc,heap        ] GC(3)  garbage-first heap   total 131072K, used 15212K [0x000001b87c000000, 0x000001ef7c000000)
[2026-08-01T14:47:49.501+0900][0.815s][debug][gc,heap        ] GC(3)   region size 32768K, 0 young (0K), 0 survivors (0K)
[2026-08-01T14:47:49.501+0900][0.815s][debug][gc,heap        ] GC(3)  Metaspace       used 6543K, committed 6720K, reserved 1114112K
[2026-08-01T14:47:49.501+0900][0.815s][debug][gc,heap        ] GC(3)   class space    used 615K, committed 704K, reserved 1048576K
[2026-08-01T14:47:49.501+0900][0.815s][info ][gc             ] GC(3) Pause Full (System.gc()) 16M->14M(128M) 23.661ms
[2026-08-01T14:47:49.501+0900][0.815s][info ][gc,cpu         ] GC(3) User=0.03s Sys=0.00s Real=0.02s
[2026-08-01T14:47:49.501+0900][0.815s][info ][safepoint      ] Safepoint "G1CollectFull", Time since last: 14743200 ns, Reaching safepoint: 45200 ns, At safepoint: 23713200 ns, Total: 23758400 ns
[2026-08-01T14:47:49.504+0900][0.818s][info ][gc,start       ] GC(4) Pause Full (System.gc())
[2026-08-01T14:47:49.504+0900][0.818s][debug][gc,heap        ] GC(4) Heap before GC invocations=4 (full 4):
[2026-08-01T14:47:49.504+0900][0.818s][debug][gc,heap        ] GC(4)  garbage-first heap   total 131072K, used 15212K [0x000001b87c000000, 0x000001ef7c000000)
[2026-08-01T14:47:49.504+0900][0.818s][debug][gc,heap        ] GC(4)   region size 32768K, 1 young (32768K), 0 survivors (0K)
[2026-08-01T14:47:49.504+0900][0.818s][debug][gc,heap        ] GC(4)  Metaspace       used 6557K, committed 6720K, reserved 1114112K
[2026-08-01T14:47:49.504+0900][0.818s][debug][gc,heap        ] GC(4)   class space    used 615K, committed 704K, reserved 1048576K
[2026-08-01T14:47:49.504+0900][0.818s][info ][gc,task        ] GC(4) Using 1 workers of 18 for full compaction
[2026-08-01T14:47:49.504+0900][0.819s][info ][gc,phases,start] GC(4) Phase 1: Mark live objects
[2026-08-01T14:47:49.516+0900][0.831s][info ][gc,phases      ] GC(4) Phase 1: Mark live objects 12.083ms
[2026-08-01T14:47:49.516+0900][0.831s][info ][gc,phases,start] GC(4) Phase 2: Prepare for compaction
[2026-08-01T14:47:49.519+0900][0.833s][info ][gc,phases      ] GC(4) Phase 2: Prepare for compaction 2.391ms
[2026-08-01T14:47:49.519+0900][0.833s][info ][gc,phases,start] GC(4) Phase 3: Adjust pointers
[2026-08-01T14:47:49.524+0900][0.838s][info ][gc,phases      ] GC(4) Phase 3: Adjust pointers 4.662ms
[2026-08-01T14:47:49.524+0900][0.838s][info ][gc,phases,start] GC(4) Phase 4: Compact heap
[2026-08-01T14:47:49.525+0900][0.840s][info ][gc,phases      ] GC(4) Phase 4: Compact heap 1.905ms
[2026-08-01T14:47:49.527+0900][0.840s][info ][gc,heap        ] GC(4) Eden regions: 1->0(1)
[2026-08-01T14:47:49.527+0900][0.841s][info ][gc,heap        ] GC(4) Survivor regions: 0->0(0)
[2026-08-01T14:47:49.527+0900][0.841s][info ][gc,heap        ] GC(4) Old regions: 1->1
[2026-08-01T14:47:49.527+0900][0.841s][info ][gc,heap        ] GC(4) Archive regions: 0->0
[2026-08-01T14:47:49.527+0900][0.841s][info ][gc,heap        ] GC(4) Humongous regions: 0->0
[2026-08-01T14:47:49.527+0900][0.841s][info ][gc,metaspace   ] GC(4) Metaspace: 6557K(6720K)->6557K(6720K) NonClass: 5942K(6016K)->5942K(6016K) Class: 615K(704K)->615K(704K)
[2026-08-01T14:47:49.527+0900][0.841s][debug][gc,heap        ] GC(4) Heap after GC invocations=5 (full 5):
[2026-08-01T14:47:49.527+0900][0.841s][debug][gc,heap        ] GC(4)  garbage-first heap   total 131072K, used 15220K [0x000001b87c000000, 0x000001ef7c000000)
[2026-08-01T14:47:49.527+0900][0.841s][debug][gc,heap        ] GC(4)   region size 32768K, 0 young (0K), 0 survivors (0K)
[2026-08-01T14:47:49.527+0900][0.841s][debug][gc,heap        ] GC(4)  Metaspace       used 6557K, committed 6720K, reserved 1114112K
[2026-08-01T14:47:49.527+0900][0.841s][debug][gc,heap        ] GC(4)   class space    used 615K, committed 704K, reserved 1048576K
[2026-08-01T14:47:49.527+0900][0.841s][info ][gc             ] GC(4) Pause Full (System.gc()) 16M->14M(128M) 22.260ms
[2026-08-01T14:47:49.527+0900][0.841s][info ][gc,cpu         ] GC(4) User=0.02s Sys=0.00s Real=0.02s
[2026-08-01T14:47:49.527+0900][0.841s][info ][safepoint      ] Safepoint "G1CollectFull", Time since last: 3198700 ns, Reaching safepoint: 26000 ns, At safepoint: 22388700 ns, Total: 22414700 ns
[2026-08-01T14:47:49.530+0900][0.844s][info ][gc,start       ] GC(5) Pause Full (System.gc())
[2026-08-01T14:47:49.530+0900][0.844s][debug][gc,heap        ] GC(5) Heap before GC invocations=5 (full 5):
[2026-08-01T14:47:49.530+0900][0.844s][debug][gc,heap        ] GC(5)  garbage-first heap   total 131072K, used 15220K [0x000001b87c000000, 0x000001ef7c000000)
[2026-08-01T14:47:49.530+0900][0.844s][debug][gc,heap        ] GC(5)   region size 32768K, 1 young (32768K), 0 survivors (0K)
[2026-08-01T14:47:49.530+0900][0.844s][debug][gc,heap        ] GC(5)  Metaspace       used 6571K, committed 6784K, reserved 1114112K
[2026-08-01T14:47:49.530+0900][0.844s][debug][gc,heap        ] GC(5)   class space    used 615K, committed 704K, reserved 1048576K
[2026-08-01T14:47:49.530+0900][0.844s][info ][gc,task        ] GC(5) Using 1 workers of 18 for full compaction
[2026-08-01T14:47:49.530+0900][0.844s][info ][gc,phases,start] GC(5) Phase 1: Mark live objects
[2026-08-01T14:47:49.541+0900][0.855s][info ][gc,phases      ] GC(5) Phase 1: Mark live objects 10.988ms
[2026-08-01T14:47:49.541+0900][0.855s][info ][gc,phases,start] GC(5) Phase 2: Prepare for compaction
[2026-08-01T14:47:49.543+0900][0.857s][info ][gc,phases      ] GC(5) Phase 2: Prepare for compaction 2.188ms
[2026-08-01T14:47:49.543+0900][0.857s][info ][gc,phases,start] GC(5) Phase 3: Adjust pointers
[2026-08-01T14:47:49.547+0900][0.862s][info ][gc,phases      ] GC(5) Phase 3: Adjust pointers 4.182ms
[2026-08-01T14:47:49.547+0900][0.862s][info ][gc,phases,start] GC(5) Phase 4: Compact heap
[2026-08-01T14:47:49.549+0900][0.864s][info ][gc,phases      ] GC(5) Phase 4: Compact heap 2.130ms
[2026-08-01T14:47:49.550+0900][0.864s][info ][gc,heap        ] GC(5) Eden regions: 1->0(1)
[2026-08-01T14:47:49.550+0900][0.864s][info ][gc,heap        ] GC(5) Survivor regions: 0->0(0)
[2026-08-01T14:47:49.550+0900][0.864s][info ][gc,heap        ] GC(5) Old regions: 1->1
[2026-08-01T14:47:49.550+0900][0.864s][info ][gc,heap        ] GC(5) Archive regions: 0->0
[2026-08-01T14:47:49.550+0900][0.864s][info ][gc,heap        ] GC(5) Humongous regions: 0->0
[2026-08-01T14:47:49.550+0900][0.864s][info ][gc,metaspace   ] GC(5) Metaspace: 6571K(6784K)->6571K(6784K) NonClass: 5956K(6080K)->5956K(6080K) Class: 615K(704K)->615K(704K)
[2026-08-01T14:47:49.550+0900][0.865s][debug][gc,heap        ] GC(5) Heap after GC invocations=6 (full 6):
[2026-08-01T14:47:49.550+0900][0.865s][debug][gc,heap        ] GC(5)  garbage-first heap   total 131072K, used 15229K [0x000001b87c000000, 0x000001ef7c000000)
[2026-08-01T14:47:49.550+0900][0.865s][debug][gc,heap        ] GC(5)   region size 32768K, 0 young (0K), 0 survivors (0K)
[2026-08-01T14:47:49.550+0900][0.865s][debug][gc,heap        ] GC(5)  Metaspace       used 6571K, committed 6784K, reserved 1114112K
[2026-08-01T14:47:49.550+0900][0.865s][debug][gc,heap        ] GC(5)   class space    used 615K, committed 704K, reserved 1048576K
[2026-08-01T14:47:49.550+0900][0.865s][info ][gc             ] GC(5) Pause Full (System.gc()) 15M->14M(128M) 20.641ms
[2026-08-01T14:47:49.550+0900][0.865s][info ][gc,cpu         ] GC(5) User=0.02s Sys=0.00s Real=0.02s
[2026-08-01T14:47:49.550+0900][0.865s][info ][safepoint      ] Safepoint "G1CollectFull", Time since last: 3130800 ns, Reaching safepoint: 39700 ns, At safepoint: 20760699 ns, Total: 20800399 ns
[2026-08-01T14:47:49.553+0900][0.867s][info ][gc,start       ] GC(6) Pause Full (System.gc())
[2026-08-01T14:47:49.553+0900][0.867s][debug][gc,heap        ] GC(6) Heap before GC invocations=6 (full 6):
[2026-08-01T14:47:49.553+0900][0.867s][debug][gc,heap        ] GC(6)  garbage-first heap   total 131072K, used 15229K [0x000001b87c000000, 0x000001ef7c000000)
[2026-08-01T14:47:49.553+0900][0.867s][debug][gc,heap        ] GC(6)   region size 32768K, 1 young (32768K), 0 survivors (0K)
[2026-08-01T14:47:49.553+0900][0.867s][debug][gc,heap        ] GC(6)  Metaspace       used 6584K, committed 6848K, reserved 1114112K
[2026-08-01T14:47:49.553+0900][0.867s][debug][gc,heap        ] GC(6)   class space    used 615K, committed 704K, reserved 1048576K
[2026-08-01T14:47:49.553+0900][0.867s][info ][gc,task        ] GC(6) Using 1 workers of 18 for full compaction
[2026-08-01T14:47:49.553+0900][0.867s][info ][gc,phases,start] GC(6) Phase 1: Mark live objects
[2026-08-01T14:47:49.564+0900][0.878s][info ][gc,phases      ] GC(6) Phase 1: Mark live objects 10.566ms
[2026-08-01T14:47:49.564+0900][0.878s][info ][gc,phases,start] GC(6) Phase 2: Prepare for compaction
[2026-08-01T14:47:49.566+0900][0.880s][info ][gc,phases      ] GC(6) Phase 2: Prepare for compaction 2.262ms
[2026-08-01T14:47:49.566+0900][0.880s][info ][gc,phases,start] GC(6) Phase 3: Adjust pointers
[2026-08-01T14:47:49.571+0900][0.885s][info ][gc,phases      ] GC(6) Phase 3: Adjust pointers 4.509ms
[2026-08-01T14:47:49.571+0900][0.885s][info ][gc,phases,start] GC(6) Phase 4: Compact heap
[2026-08-01T14:47:49.573+0900][0.887s][info ][gc,phases      ] GC(6) Phase 4: Compact heap 1.880ms
[2026-08-01T14:47:49.574+0900][0.888s][info ][gc,heap        ] GC(6) Eden regions: 1->0(1)
[2026-08-01T14:47:49.574+0900][0.888s][info ][gc,heap        ] GC(6) Survivor regions: 0->0(0)
[2026-08-01T14:47:49.574+0900][0.888s][info ][gc,heap        ] GC(6) Old regions: 1->1
[2026-08-01T14:47:49.574+0900][0.888s][info ][gc,heap        ] GC(6) Archive regions: 0->0
[2026-08-01T14:47:49.574+0900][0.888s][info ][gc,heap        ] GC(6) Humongous regions: 0->0
[2026-08-01T14:47:49.574+0900][0.888s][info ][gc,metaspace   ] GC(6) Metaspace: 6584K(6848K)->6584K(6848K) NonClass: 5969K(6144K)->5969K(6144K) Class: 615K(704K)->615K(704K)
[2026-08-01T14:47:49.574+0900][0.888s][debug][gc,heap        ] GC(6) Heap after GC invocations=7 (full 7):
[2026-08-01T14:47:49.574+0900][0.888s][debug][gc,heap        ] GC(6)  garbage-first heap   total 131072K, used 15238K [0x000001b87c000000, 0x000001ef7c000000)
[2026-08-01T14:47:49.574+0900][0.888s][debug][gc,heap        ] GC(6)   region size 32768K, 0 young (0K), 0 survivors (0K)
[2026-08-01T14:47:49.574+0900][0.888s][debug][gc,heap        ] GC(6)  Metaspace       used 6584K, committed 6848K, reserved 1114112K
[2026-08-01T14:47:49.574+0900][0.888s][debug][gc,heap        ] GC(6)   class space    used 615K, committed 704K, reserved 1048576K
[2026-08-01T14:47:49.574+0900][0.888s][info ][gc             ] GC(6) Pause Full (System.gc()) 15M->14M(128M) 21.153ms
[2026-08-01T14:47:49.574+0900][0.888s][info ][gc,cpu         ] GC(6) User=0.03s Sys=0.02s Real=0.02s
[2026-08-01T14:47:49.574+0900][0.888s][info ][safepoint      ] Safepoint "G1CollectFull", Time since last: 2400501 ns, Reaching safepoint: 27500 ns, At safepoint: 21237600 ns, Total: 21265100 ns
[2026-08-01T14:47:49.577+0900][0.891s][info ][gc,start       ] GC(7) Pause Full (System.gc())
[2026-08-01T14:47:49.577+0900][0.891s][debug][gc,heap        ] GC(7) Heap before GC invocations=7 (full 7):
[2026-08-01T14:47:49.577+0900][0.891s][debug][gc,heap        ] GC(7)  garbage-first heap   total 131072K, used 15238K [0x000001b87c000000, 0x000001ef7c000000)
[2026-08-01T14:47:49.577+0900][0.891s][debug][gc,heap        ] GC(7)   region size 32768K, 1 young (32768K), 0 survivors (0K)
[2026-08-01T14:47:49.577+0900][0.891s][debug][gc,heap        ] GC(7)  Metaspace       used 6600K, committed 6848K, reserved 1114112K
[2026-08-01T14:47:49.577+0900][0.891s][debug][gc,heap        ] GC(7)   class space    used 616K, committed 704K, reserved 1048576K
[2026-08-01T14:47:49.577+0900][0.891s][info ][gc,task        ] GC(7) Using 1 workers of 18 for full compaction
[2026-08-01T14:47:49.577+0900][0.892s][info ][gc,phases,start] GC(7) Phase 1: Mark live objects
[2026-08-01T14:47:49.587+0900][0.902s][info ][gc,phases      ] GC(7) Phase 1: Mark live objects 10.307ms
[2026-08-01T14:47:49.587+0900][0.902s][info ][gc,phases,start] GC(7) Phase 2: Prepare for compaction
[2026-08-01T14:47:49.590+0900][0.904s][info ][gc,phases      ] GC(7) Phase 2: Prepare for compaction 2.104ms
[2026-08-01T14:47:49.590+0900][0.904s][info ][gc,phases,start] GC(7) Phase 3: Adjust pointers
[2026-08-01T14:47:49.594+0900][0.908s][info ][gc,phases      ] GC(7) Phase 3: Adjust pointers 4.203ms
[2026-08-01T14:47:49.594+0900][0.908s][info ][gc,phases,start] GC(7) Phase 4: Compact heap
[2026-08-01T14:47:49.596+0900][0.910s][info ][gc,phases      ] GC(7) Phase 4: Compact heap 1.731ms
[2026-08-01T14:47:49.596+0900][0.911s][info ][gc,heap        ] GC(7) Eden regions: 1->0(1)
[2026-08-01T14:47:49.596+0900][0.911s][info ][gc,heap        ] GC(7) Survivor regions: 0->0(0)
[2026-08-01T14:47:49.596+0900][0.911s][info ][gc,heap        ] GC(7) Old regions: 1->1
[2026-08-01T14:47:49.596+0900][0.911s][info ][gc,heap        ] GC(7) Archive regions: 0->0
[2026-08-01T14:47:49.596+0900][0.911s][info ][gc,heap        ] GC(7) Humongous regions: 0->0
[2026-08-01T14:47:49.596+0900][0.911s][info ][gc,metaspace   ] GC(7) Metaspace: 6600K(6848K)->6600K(6848K) NonClass: 5984K(6144K)->5984K(6144K) Class: 616K(704K)->616K(704K)
[2026-08-01T14:47:49.596+0900][0.911s][debug][gc,heap        ] GC(7) Heap after GC invocations=8 (full 8):
[2026-08-01T14:47:49.596+0900][0.911s][debug][gc,heap        ] GC(7)  garbage-first heap   total 131072K, used 15247K [0x000001b87c000000, 0x000001ef7c000000)
[2026-08-01T14:47:49.596+0900][0.911s][debug][gc,heap        ] GC(7)   region size 32768K, 0 young (0K), 0 survivors (0K)
[2026-08-01T14:47:49.596+0900][0.911s][debug][gc,heap        ] GC(7)  Metaspace       used 6600K, committed 6848K, reserved 1114112K
[2026-08-01T14:47:49.596+0900][0.911s][debug][gc,heap        ] GC(7)   class space    used 616K, committed 704K, reserved 1048576K
[2026-08-01T14:47:49.596+0900][0.911s][info ][gc             ] GC(7) Pause Full (System.gc()) 16M->14M(128M) 19.485ms
[2026-08-01T14:47:49.596+0900][0.911s][info ][gc,cpu         ] GC(7) User=0.02s Sys=0.00s Real=0.02s
[2026-08-01T14:47:49.597+0900][0.911s][info ][safepoint      ] Safepoint "G1CollectFull", Time since last: 3024799 ns, Reaching safepoint: 39701 ns, At safepoint: 19585800 ns, Total: 19625501 ns
[2026-08-01T14:47:49.600+0900][0.913s][info ][gc,start       ] GC(8) Pause Full (System.gc())
[2026-08-01T14:47:49.600+0900][0.913s][debug][gc,heap        ] GC(8) Heap before GC invocations=8 (full 8):
[2026-08-01T14:47:49.600+0900][0.913s][debug][gc,heap        ] GC(8)  garbage-first heap   total 131072K, used 15247K [0x000001b87c000000, 0x000001ef7c000000)
[2026-08-01T14:47:49.600+0900][0.913s][debug][gc,heap        ] GC(8)   region size 32768K, 1 young (32768K), 0 survivors (0K)
[2026-08-01T14:47:49.600+0900][0.913s][debug][gc,heap        ] GC(8)  Metaspace       used 6615K, committed 6848K, reserved 1114112K
[2026-08-01T14:47:49.600+0900][0.913s][debug][gc,heap        ] GC(8)   class space    used 616K, committed 704K, reserved 1048576K
[2026-08-01T14:47:49.600+0900][0.913s][info ][gc,task        ] GC(8) Using 1 workers of 18 for full compaction
[2026-08-01T14:47:49.600+0900][0.913s][info ][gc,phases,start] GC(8) Phase 1: Mark live objects
[2026-08-01T14:47:49.609+0900][0.923s][info ][gc,phases      ] GC(8) Phase 1: Mark live objects 9.569ms
[2026-08-01T14:47:49.609+0900][0.923s][info ][gc,phases,start] GC(8) Phase 2: Prepare for compaction
[2026-08-01T14:47:49.611+0900][0.925s][info ][gc,phases      ] GC(8) Phase 2: Prepare for compaction 2.078ms
[2026-08-01T14:47:49.611+0900][0.925s][info ][gc,phases,start] GC(8) Phase 3: Adjust pointers
[2026-08-01T14:47:49.615+0900][0.929s][info ][gc,phases      ] GC(8) Phase 3: Adjust pointers 4.070ms
[2026-08-01T14:47:49.615+0900][0.929s][info ][gc,phases,start] GC(8) Phase 4: Compact heap
[2026-08-01T14:47:49.617+0900][0.931s][info ][gc,phases      ] GC(8) Phase 4: Compact heap 1.708ms
[2026-08-01T14:47:49.617+0900][0.932s][info ][gc,heap        ] GC(8) Eden regions: 1->0(1)
[2026-08-01T14:47:49.617+0900][0.932s][info ][gc,heap        ] GC(8) Survivor regions: 0->0(0)
[2026-08-01T14:47:49.617+0900][0.932s][info ][gc,heap        ] GC(8) Old regions: 1->1
[2026-08-01T14:47:49.617+0900][0.932s][info ][gc,heap        ] GC(8) Archive regions: 0->0
[2026-08-01T14:47:49.618+0900][0.932s][info ][gc,heap        ] GC(8) Humongous regions: 0->0
[2026-08-01T14:47:49.618+0900][0.932s][info ][gc,metaspace   ] GC(8) Metaspace: 6615K(6848K)->6615K(6848K) NonClass: 5999K(6144K)->5999K(6144K) Class: 616K(704K)->616K(704K)
[2026-08-01T14:47:49.618+0900][0.932s][debug][gc,heap        ] GC(8) Heap after GC invocations=9 (full 9):
[2026-08-01T14:47:49.618+0900][0.932s][debug][gc,heap        ] GC(8)  garbage-first heap   total 131072K, used 15256K [0x000001b87c000000, 0x000001ef7c000000)
[2026-08-01T14:47:49.618+0900][0.932s][debug][gc,heap        ] GC(8)   region size 32768K, 0 young (0K), 0 survivors (0K)
[2026-08-01T14:47:49.618+0900][0.932s][debug][gc,heap        ] GC(8)  Metaspace       used 6615K, committed 6848K, reserved 1114112K
[2026-08-01T14:47:49.618+0900][0.932s][debug][gc,heap        ] GC(8)   class space    used 616K, committed 704K, reserved 1048576K
[2026-08-01T14:47:49.618+0900][0.932s][info ][gc             ] GC(8) Pause Full (System.gc()) 15M->14M(128M) 18.512ms
[2026-08-01T14:47:49.618+0900][0.932s][info ][gc,cpu         ] GC(8) User=0.02s Sys=0.00s Real=0.02s
[2026-08-01T14:47:49.618+0900][0.932s][info ][safepoint      ] Safepoint "G1CollectFull", Time since last: 2248100 ns, Reaching safepoint: 24299 ns, At safepoint: 18560701 ns, Total: 18585000 ns
[2026-08-01T14:47:49.620+0900][0.934s][info ][gc,start       ] GC(9) Pause Full (System.gc())
[2026-08-01T14:47:49.620+0900][0.934s][debug][gc,heap        ] GC(9) Heap before GC invocations=9 (full 9):
[2026-08-01T14:47:49.620+0900][0.934s][debug][gc,heap        ] GC(9)  garbage-first heap   total 131072K, used 15256K [0x000001b87c000000, 0x000001ef7c000000)
[2026-08-01T14:47:49.620+0900][0.934s][debug][gc,heap        ] GC(9)   region size 32768K, 1 young (32768K), 0 survivors (0K)
[2026-08-01T14:47:49.620+0900][0.934s][debug][gc,heap        ] GC(9)  Metaspace       used 6642K, committed 6912K, reserved 1114112K
[2026-08-01T14:47:49.620+0900][0.934s][debug][gc,heap        ] GC(9)   class space    used 616K, committed 704K, reserved 1048576K
[2026-08-01T14:47:49.620+0900][0.934s][info ][gc,task        ] GC(9) Using 1 workers of 18 for full compaction
[2026-08-01T14:47:49.620+0900][0.934s][info ][gc,phases,start] GC(9) Phase 1: Mark live objects
[2026-08-01T14:47:49.631+0900][0.945s][info ][gc,phases      ] GC(9) Phase 1: Mark live objects 10.929ms
[2026-08-01T14:47:49.631+0900][0.945s][info ][gc,phases,start] GC(9) Phase 2: Prepare for compaction
[2026-08-01T14:47:49.633+0900][0.947s][info ][gc,phases      ] GC(9) Phase 2: Prepare for compaction 2.180ms
[2026-08-01T14:47:49.633+0900][0.947s][info ][gc,phases,start] GC(9) Phase 3: Adjust pointers
[2026-08-01T14:47:49.637+0900][0.952s][info ][gc,phases      ] GC(9) Phase 3: Adjust pointers 4.068ms
[2026-08-01T14:47:49.637+0900][0.952s][info ][gc,phases,start] GC(9) Phase 4: Compact heap
[2026-08-01T14:47:49.639+0900][0.953s][info ][gc,phases      ] GC(9) Phase 4: Compact heap 1.758ms
[2026-08-01T14:47:49.640+0900][0.954s][info ][gc,heap        ] GC(9) Eden regions: 1->0(1)
[2026-08-01T14:47:49.640+0900][0.954s][info ][gc,heap        ] GC(9) Survivor regions: 0->0(0)
[2026-08-01T14:47:49.640+0900][0.954s][info ][gc,heap        ] GC(9) Old regions: 1->1
[2026-08-01T14:47:49.640+0900][0.954s][info ][gc,heap        ] GC(9) Archive regions: 0->0
[2026-08-01T14:47:49.640+0900][0.954s][info ][gc,heap        ] GC(9) Humongous regions: 0->0
[2026-08-01T14:47:49.640+0900][0.954s][info ][gc,metaspace   ] GC(9) Metaspace: 6642K(6912K)->6642K(6912K) NonClass: 6026K(6208K)->6026K(6208K) Class: 616K(704K)->616K(704K)
[2026-08-01T14:47:49.640+0900][0.954s][debug][gc,heap        ] GC(9) Heap after GC invocations=10 (full 10):
[2026-08-01T14:47:49.640+0900][0.954s][debug][gc,heap        ] GC(9)  garbage-first heap   total 131072K, used 15266K [0x000001b87c000000, 0x000001ef7c000000)
[2026-08-01T14:47:49.640+0900][0.954s][debug][gc,heap        ] GC(9)   region size 32768K, 0 young (0K), 0 survivors (0K)
[2026-08-01T14:47:49.640+0900][0.954s][debug][gc,heap        ] GC(9)  Metaspace       used 6642K, committed 6912K, reserved 1114112K
[2026-08-01T14:47:49.640+0900][0.954s][debug][gc,heap        ] GC(9)   class space    used 616K, committed 704K, reserved 1048576K
[2026-08-01T14:47:49.640+0900][0.954s][info ][gc             ] GC(9) Pause Full (System.gc()) 16M->14M(128M) 20.153ms
[2026-08-01T14:47:49.640+0900][0.954s][info ][gc,cpu         ] GC(9) User=0.03s Sys=0.00s Real=0.02s
[2026-08-01T14:47:49.640+0900][0.954s][info ][safepoint      ] Safepoint "G1CollectFull", Time since last: 2196100 ns, Reaching safepoint: 22100 ns, At safepoint: 20241400 ns, Total: 20263500 ns
[2026-08-01T14:47:49.642+0900][0.956s][info ][gc,start       ] GC(10) Pause Full (System.gc())
[2026-08-01T14:47:49.643+0900][0.956s][debug][gc,heap        ] GC(10) Heap before GC invocations=10 (full 10):
[2026-08-01T14:47:49.643+0900][0.956s][debug][gc,heap        ] GC(10)  garbage-first heap   total 131072K, used 15266K [0x000001b87c000000, 0x000001ef7c000000)
[2026-08-01T14:47:49.643+0900][0.956s][debug][gc,heap        ] GC(10)   region size 32768K, 1 young (32768K), 0 survivors (0K)
[2026-08-01T14:47:49.643+0900][0.956s][debug][gc,heap        ] GC(10)  Metaspace       used 6645K, committed 6912K, reserved 1114112K
[2026-08-01T14:47:49.643+0900][0.956s][debug][gc,heap        ] GC(10)   class space    used 616K, committed 704K, reserved 1048576K
[2026-08-01T14:47:49.643+0900][0.956s][info ][gc,task        ] GC(10) Using 1 workers of 18 for full compaction
[2026-08-01T14:47:49.643+0900][0.956s][info ][gc,phases,start] GC(10) Phase 1: Mark live objects
[2026-08-01T14:47:49.652+0900][0.966s][info ][gc,phases      ] GC(10) Phase 1: Mark live objects 9.755ms
[2026-08-01T14:47:49.652+0900][0.966s][info ][gc,phases,start] GC(10) Phase 2: Prepare for compaction
[2026-08-01T14:47:49.655+0900][0.969s][info ][gc,phases      ] GC(10) Phase 2: Prepare for compaction 2.369ms
[2026-08-01T14:47:49.655+0900][0.969s][info ][gc,phases,start] GC(10) Phase 3: Adjust pointers
[2026-08-01T14:47:49.660+0900][0.974s][info ][gc,phases      ] GC(10) Phase 3: Adjust pointers 5.483ms
[2026-08-01T14:47:49.660+0900][0.974s][info ][gc,phases,start] GC(10) Phase 4: Compact heap
[2026-08-01T14:47:49.662+0900][0.976s][info ][gc,phases      ] GC(10) Phase 4: Compact heap 2.005ms
[2026-08-01T14:47:49.663+0900][0.977s][info ][gc,heap        ] GC(10) Eden regions: 1->0(1)
[2026-08-01T14:47:49.663+0900][0.977s][info ][gc,heap        ] GC(10) Survivor regions: 0->0(0)
[2026-08-01T14:47:49.663+0900][0.977s][info ][gc,heap        ] GC(10) Old regions: 1->1
[2026-08-01T14:47:49.663+0900][0.977s][info ][gc,heap        ] GC(10) Archive regions: 0->0
[2026-08-01T14:47:49.663+0900][0.977s][info ][gc,heap        ] GC(10) Humongous regions: 0->0
[2026-08-01T14:47:49.663+0900][0.977s][info ][gc,metaspace   ] GC(10) Metaspace: 6645K(6912K)->6645K(6912K) NonClass: 6029K(6208K)->6029K(6208K) Class: 616K(704K)->616K(704K)
[2026-08-01T14:47:49.663+0900][0.977s][debug][gc,heap        ] GC(10) Heap after GC invocations=11 (full 11):
[2026-08-01T14:47:49.663+0900][0.977s][debug][gc,heap        ] GC(10)  garbage-first heap   total 131072K, used 15275K [0x000001b87c000000, 0x000001ef7c000000)
[2026-08-01T14:47:49.663+0900][0.977s][debug][gc,heap        ] GC(10)   region size 32768K, 0 young (0K), 0 survivors (0K)
[2026-08-01T14:47:49.663+0900][0.977s][debug][gc,heap        ] GC(10)  Metaspace       used 6645K, committed 6912K, reserved 1114112K
[2026-08-01T14:47:49.663+0900][0.977s][debug][gc,heap        ] GC(10)   class space    used 616K, committed 704K, reserved 1048576K
[2026-08-01T14:47:49.663+0900][0.977s][info ][gc             ] GC(10) Pause Full (System.gc()) 15M->14M(128M) 20.944ms
[2026-08-01T14:47:49.663+0900][0.977s][info ][gc,cpu         ] GC(10) User=0.02s Sys=0.00s Real=0.02s
[2026-08-01T14:47:49.663+0900][0.977s][info ][safepoint      ] Safepoint "G1CollectFull", Time since last: 1958200 ns, Reaching safepoint: 36599 ns, At safepoint: 20994801 ns, Total: 21031400 ns
[2026-08-01T14:47:49.665+0900][0.979s][info ][gc,start       ] GC(11) Pause Full (System.gc())
[2026-08-01T14:47:49.665+0900][0.979s][debug][gc,heap        ] GC(11) Heap before GC invocations=11 (full 11):
[2026-08-01T14:47:49.665+0900][0.979s][debug][gc,heap        ] GC(11)  garbage-first heap   total 131072K, used 15275K [0x000001b87c000000, 0x000001ef7c000000)
[2026-08-01T14:47:49.665+0900][0.979s][debug][gc,heap        ] GC(11)   region size 32768K, 1 young (32768K), 0 survivors (0K)
[2026-08-01T14:47:49.665+0900][0.979s][debug][gc,heap        ] GC(11)  Metaspace       used 6651K, committed 6912K, reserved 1114112K
[2026-08-01T14:47:49.665+0900][0.979s][debug][gc,heap        ] GC(11)   class space    used 616K, committed 704K, reserved 1048576K
[2026-08-01T14:47:49.665+0900][0.979s][info ][gc,task        ] GC(11) Using 1 workers of 18 for full compaction
[2026-08-01T14:47:49.665+0900][0.979s][info ][gc,phases,start] GC(11) Phase 1: Mark live objects
[2026-08-01T14:47:49.675+0900][0.990s][info ][gc,phases      ] GC(11) Phase 1: Mark live objects 10.336ms
[2026-08-01T14:47:49.675+0900][0.990s][info ][gc,phases,start] GC(11) Phase 2: Prepare for compaction
[2026-08-01T14:47:49.677+0900][0.992s][info ][gc,phases      ] GC(11) Phase 2: Prepare for compaction 2.219ms
[2026-08-01T14:47:49.677+0900][0.992s][info ][gc,phases,start] GC(11) Phase 3: Adjust pointers
[2026-08-01T14:47:49.682+0900][0.996s][info ][gc,phases      ] GC(11) Phase 3: Adjust pointers 4.493ms
[2026-08-01T14:47:49.682+0900][0.996s][info ][gc,phases,start] GC(11) Phase 4: Compact heap
[2026-08-01T14:47:49.684+0900][0.998s][info ][gc,phases      ] GC(11) Phase 4: Compact heap 1.838ms
[2026-08-01T14:47:49.685+0900][0.999s][info ][gc,heap        ] GC(11) Eden regions: 1->0(1)
[2026-08-01T14:47:49.685+0900][0.999s][info ][gc,heap        ] GC(11) Survivor regions: 0->0(0)
[2026-08-01T14:47:49.685+0900][0.999s][info ][gc,heap        ] GC(11) Old regions: 1->1
[2026-08-01T14:47:49.685+0900][0.999s][info ][gc,heap        ] GC(11) Archive regions: 0->0
[2026-08-01T14:47:49.685+0900][0.999s][info ][gc,heap        ] GC(11) Humongous regions: 0->0
[2026-08-01T14:47:49.685+0900][0.999s][info ][gc,metaspace   ] GC(11) Metaspace: 6651K(6912K)->6651K(6912K) NonClass: 6035K(6208K)->6035K(6208K) Class: 616K(704K)->616K(704K)
[2026-08-01T14:47:49.685+0900][0.999s][debug][gc,heap        ] GC(11) Heap after GC invocations=12 (full 12):
[2026-08-01T14:47:49.685+0900][0.999s][debug][gc,heap        ] GC(11)  garbage-first heap   total 131072K, used 15284K [0x000001b87c000000, 0x000001ef7c000000)
[2026-08-01T14:47:49.685+0900][0.999s][debug][gc,heap        ] GC(11)   region size 32768K, 0 young (0K), 0 survivors (0K)
[2026-08-01T14:47:49.685+0900][0.999s][debug][gc,heap        ] GC(11)  Metaspace       used 6651K, committed 6912K, reserved 1114112K
[2026-08-01T14:47:49.685+0900][0.999s][debug][gc,heap        ] GC(11)   class space    used 616K, committed 704K, reserved 1048576K
[2026-08-01T14:47:49.685+0900][0.999s][info ][gc             ] GC(11) Pause Full (System.gc()) 15M->14M(128M) 20.023ms
[2026-08-01T14:47:49.685+0900][0.999s][info ][gc,cpu         ] GC(11) User=0.03s Sys=0.00s Real=0.02s
[2026-08-01T14:47:49.685+0900][0.999s][info ][safepoint      ] Safepoint "G1CollectFull", Time since last: 1725100 ns, Reaching safepoint: 61800 ns, At safepoint: 20067900 ns, Total: 20129700 ns
[2026-08-01T14:47:49.687+0900][1.001s][info ][gc,start       ] GC(12) Pause Full (System.gc())
[2026-08-01T14:47:49.687+0900][1.001s][debug][gc,heap        ] GC(12) Heap before GC invocations=12 (full 12):
[2026-08-01T14:47:49.687+0900][1.001s][debug][gc,heap        ] GC(12)  garbage-first heap   total 131072K, used 15284K [0x000001b87c000000, 0x000001ef7c000000)
[2026-08-01T14:47:49.687+0900][1.001s][debug][gc,heap        ] GC(12)   region size 32768K, 1 young (32768K), 0 survivors (0K)
[2026-08-01T14:47:49.687+0900][1.001s][debug][gc,heap        ] GC(12)  Metaspace       used 6658K, committed 6912K, reserved 1114112K
[2026-08-01T14:47:49.687+0900][1.001s][debug][gc,heap        ] GC(12)   class space    used 616K, committed 704K, reserved 1048576K
[2026-08-01T14:47:49.687+0900][1.001s][info ][gc,task        ] GC(12) Using 1 workers of 18 for full compaction
[2026-08-01T14:47:49.687+0900][1.001s][info ][gc,phases,start] GC(12) Phase 1: Mark live objects
[2026-08-01T14:47:49.697+0900][1.012s][info ][gc,phases      ] GC(12) Phase 1: Mark live objects 10.888ms
[2026-08-01T14:47:49.697+0900][1.012s][info ][gc,phases,start] GC(12) Phase 2: Prepare for compaction
[2026-08-01T14:47:49.700+0900][1.014s][info ][gc,phases      ] GC(12) Phase 2: Prepare for compaction 2.200ms
[2026-08-01T14:47:49.700+0900][1.014s][info ][gc,phases,start] GC(12) Phase 3: Adjust pointers
[2026-08-01T14:47:49.704+0900][1.019s][info ][gc,phases      ] GC(12) Phase 3: Adjust pointers 4.251ms
[2026-08-01T14:47:49.704+0900][1.019s][info ][gc,phases,start] GC(12) Phase 4: Compact heap
[2026-08-01T14:47:49.706+0900][1.020s][info ][gc,phases      ] GC(12) Phase 4: Compact heap 1.787ms
[2026-08-01T14:47:49.707+0900][1.021s][info ][gc,heap        ] GC(12) Eden regions: 1->0(1)
[2026-08-01T14:47:49.707+0900][1.021s][info ][gc,heap        ] GC(12) Survivor regions: 0->0(0)
[2026-08-01T14:47:49.707+0900][1.021s][info ][gc,heap        ] GC(12) Old regions: 1->1
[2026-08-01T14:47:49.707+0900][1.021s][info ][gc,heap        ] GC(12) Archive regions: 0->0
[2026-08-01T14:47:49.707+0900][1.021s][info ][gc,heap        ] GC(12) Humongous regions: 0->0
[2026-08-01T14:47:49.707+0900][1.021s][info ][gc,metaspace   ] GC(12) Metaspace: 6658K(6912K)->6658K(6912K) NonClass: 6042K(6208K)->6042K(6208K) Class: 616K(704K)->616K(704K)
[2026-08-01T14:47:49.707+0900][1.021s][debug][gc,heap        ] GC(12) Heap after GC invocations=13 (full 13):
[2026-08-01T14:47:49.707+0900][1.021s][debug][gc,heap        ] GC(12)  garbage-first heap   total 131072K, used 15299K [0x000001b87c000000, 0x000001ef7c000000)
[2026-08-01T14:47:49.707+0900][1.021s][debug][gc,heap        ] GC(12)   region size 32768K, 0 young (0K), 0 survivors (0K)
[2026-08-01T14:47:49.707+0900][1.021s][debug][gc,heap        ] GC(12)  Metaspace       used 6658K, committed 6912K, reserved 1114112K
[2026-08-01T14:47:49.707+0900][1.021s][debug][gc,heap        ] GC(12)   class space    used 616K, committed 704K, reserved 1048576K
[2026-08-01T14:47:49.707+0900][1.021s][info ][gc             ] GC(12) Pause Full (System.gc()) 15M->14M(128M) 20.297ms
[2026-08-01T14:47:49.707+0900][1.021s][info ][gc,cpu         ] GC(12) User=0.02s Sys=0.00s Real=0.02s
[2026-08-01T14:47:49.707+0900][1.021s][info ][safepoint      ] Safepoint "G1CollectFull", Time since last: 1815199 ns, Reaching safepoint: 21201 ns, At safepoint: 20331500 ns, Total: 20352701 ns
[2026-08-01T14:47:49.709+0900][1.023s][info ][gc,start       ] GC(13) Pause Full (System.gc())
[2026-08-01T14:47:49.709+0900][1.024s][debug][gc,heap        ] GC(13) Heap before GC invocations=13 (full 13):
[2026-08-01T14:47:49.709+0900][1.024s][debug][gc,heap        ] GC(13)  garbage-first heap   total 131072K, used 15299K [0x000001b87c000000, 0x000001ef7c000000)
[2026-08-01T14:47:49.709+0900][1.024s][debug][gc,heap        ] GC(13)   region size 32768K, 1 young (32768K), 0 survivors (0K)
[2026-08-01T14:47:49.709+0900][1.024s][debug][gc,heap        ] GC(13)  Metaspace       used 6664K, committed 6912K, reserved 1114112K
[2026-08-01T14:47:49.709+0900][1.024s][debug][gc,heap        ] GC(13)   class space    used 616K, committed 704K, reserved 1048576K
[2026-08-01T14:47:49.709+0900][1.024s][info ][gc,task        ] GC(13) Using 1 workers of 18 for full compaction
[2026-08-01T14:47:49.709+0900][1.024s][info ][gc,phases,start] GC(13) Phase 1: Mark live objects
[2026-08-01T14:47:49.719+0900][1.034s][info ][gc,phases      ] GC(13) Phase 1: Mark live objects 10.076ms
[2026-08-01T14:47:49.719+0900][1.034s][info ][gc,phases,start] GC(13) Phase 2: Prepare for compaction
[2026-08-01T14:47:49.722+0900][1.036s][info ][gc,phases      ] GC(13) Phase 2: Prepare for compaction 2.118ms
[2026-08-01T14:47:49.722+0900][1.036s][info ][gc,phases,start] GC(13) Phase 3: Adjust pointers
[2026-08-01T14:47:49.725+0900][1.040s][info ][gc,phases      ] GC(13) Phase 3: Adjust pointers 4.151ms
[2026-08-01T14:47:49.725+0900][1.040s][info ][gc,phases,start] GC(13) Phase 4: Compact heap
[2026-08-01T14:47:49.727+0900][1.042s][info ][gc,phases      ] GC(13) Phase 4: Compact heap 1.818ms
[2026-08-01T14:47:49.728+0900][1.043s][info ][gc,heap        ] GC(13) Eden regions: 1->0(1)
[2026-08-01T14:47:49.728+0900][1.043s][info ][gc,heap        ] GC(13) Survivor regions: 0->0(0)
[2026-08-01T14:47:49.728+0900][1.043s][info ][gc,heap        ] GC(13) Old regions: 1->1
[2026-08-01T14:47:49.728+0900][1.043s][info ][gc,heap        ] GC(13) Archive regions: 0->0
[2026-08-01T14:47:49.728+0900][1.043s][info ][gc,heap        ] GC(13) Humongous regions: 0->0
[2026-08-01T14:47:49.728+0900][1.043s][info ][gc,metaspace   ] GC(13) Metaspace: 6664K(6912K)->6664K(6912K) NonClass: 6048K(6208K)->6048K(6208K) Class: 616K(704K)->616K(704K)
[2026-08-01T14:47:49.728+0900][1.043s][debug][gc,heap        ] GC(13) Heap after GC invocations=14 (full 14):
[2026-08-01T14:47:49.728+0900][1.043s][debug][gc,heap        ] GC(13)  garbage-first heap   total 131072K, used 15325K [0x000001b87c000000, 0x000001ef7c000000)
[2026-08-01T14:47:49.728+0900][1.043s][debug][gc,heap        ] GC(13)   region size 32768K, 0 young (0K), 0 survivors (0K)
[2026-08-01T14:47:49.728+0900][1.043s][debug][gc,heap        ] GC(13)  Metaspace       used 6664K, committed 6912K, reserved 1114112K
[2026-08-01T14:47:49.728+0900][1.043s][debug][gc,heap        ] GC(13)   class space    used 616K, committed 704K, reserved 1048576K
[2026-08-01T14:47:49.728+0900][1.043s][info ][gc             ] GC(13) Pause Full (System.gc()) 15M->14M(128M) 19.349ms
[2026-08-01T14:47:49.728+0900][1.043s][info ][gc,cpu         ] GC(13) User=0.02s Sys=0.00s Real=0.02s
[2026-08-01T14:47:49.728+0900][1.043s][info ][safepoint      ] Safepoint "G1CollectFull", Time since last: 2166700 ns, Reaching safepoint: 25200 ns, At safepoint: 19384700 ns, Total: 19409900 ns
[2026-08-01T14:47:49.731+0900][1.045s][info ][gc,start       ] GC(14) Pause Full (System.gc())
[2026-08-01T14:47:49.731+0900][1.045s][debug][gc,heap        ] GC(14) Heap before GC invocations=14 (full 14):
[2026-08-01T14:47:49.731+0900][1.045s][debug][gc,heap        ] GC(14)  garbage-first heap   total 131072K, used 15325K [0x000001b87c000000, 0x000001ef7c000000)
[2026-08-01T14:47:49.731+0900][1.045s][debug][gc,heap        ] GC(14)   region size 32768K, 1 young (32768K), 0 survivors (0K)
[2026-08-01T14:47:49.731+0900][1.045s][debug][gc,heap        ] GC(14)  Metaspace       used 6669K, committed 6912K, reserved 1114112K
[2026-08-01T14:47:49.731+0900][1.045s][debug][gc,heap        ] GC(14)   class space    used 616K, committed 704K, reserved 1048576K
[2026-08-01T14:47:49.731+0900][1.045s][info ][gc,task        ] GC(14) Using 1 workers of 18 for full compaction
[2026-08-01T14:47:49.731+0900][1.045s][info ][gc,phases,start] GC(14) Phase 1: Mark live objects
[2026-08-01T14:47:49.741+0900][1.055s][info ][gc,phases      ] GC(14) Phase 1: Mark live objects 9.796ms
[2026-08-01T14:47:49.741+0900][1.055s][info ][gc,phases,start] GC(14) Phase 2: Prepare for compaction
[2026-08-01T14:47:49.743+0900][1.057s][info ][gc,phases      ] GC(14) Phase 2: Prepare for compaction 2.211ms
[2026-08-01T14:47:49.743+0900][1.057s][info ][gc,phases,start] GC(14) Phase 3: Adjust pointers
[2026-08-01T14:47:49.748+0900][1.063s][info ][gc,phases      ] GC(14) Phase 3: Adjust pointers 5.516ms
[2026-08-01T14:47:49.748+0900][1.063s][info ][gc,phases,start] GC(14) Phase 4: Compact heap
[2026-08-01T14:47:49.751+0900][1.065s][info ][gc,phases      ] GC(14) Phase 4: Compact heap 2.021ms
[2026-08-01T14:47:49.752+0900][1.065s][info ][gc,heap        ] GC(14) Eden regions: 1->0(1)
[2026-08-01T14:47:49.752+0900][1.065s][info ][gc,heap        ] GC(14) Survivor regions: 0->0(0)
[2026-08-01T14:47:49.752+0900][1.065s][info ][gc,heap        ] GC(14) Old regions: 1->1
[2026-08-01T14:47:49.752+0900][1.065s][info ][gc,heap        ] GC(14) Archive regions: 0->0
[2026-08-01T14:47:49.752+0900][1.065s][info ][gc,heap        ] GC(14) Humongous regions: 0->0
[2026-08-01T14:47:49.752+0900][1.066s][info ][gc,metaspace   ] GC(14) Metaspace: 6669K(6912K)->6669K(6912K) NonClass: 6053K(6208K)->6053K(6208K) Class: 616K(704K)->616K(704K)
[2026-08-01T14:47:49.752+0900][1.066s][debug][gc,heap        ] GC(14) Heap after GC invocations=15 (full 15):
[2026-08-01T14:47:49.752+0900][1.066s][debug][gc,heap        ] GC(14)  garbage-first heap   total 131072K, used 15339K [0x000001b87c000000, 0x000001ef7c000000)
[2026-08-01T14:47:49.752+0900][1.066s][debug][gc,heap        ] GC(14)   region size 32768K, 0 young (0K), 0 survivors (0K)
[2026-08-01T14:47:49.752+0900][1.066s][debug][gc,heap        ] GC(14)  Metaspace       used 6669K, committed 6912K, reserved 1114112K
[2026-08-01T14:47:49.752+0900][1.066s][debug][gc,heap        ] GC(14)   class space    used 616K, committed 704K, reserved 1048576K
[2026-08-01T14:47:49.752+0900][1.066s][info ][gc             ] GC(14) Pause Full (System.gc()) 16M->14M(128M) 20.740ms
[2026-08-01T14:47:49.752+0900][1.066s][info ][gc,cpu         ] GC(14) User=0.02s Sys=0.00s Real=0.02s
[2026-08-01T14:47:49.752+0900][1.066s][info ][safepoint      ] Safepoint "G1CollectFull", Time since last: 1946999 ns, Reaching safepoint: 18701 ns, At safepoint: 20830100 ns, Total: 20848801 ns
[2026-08-01T14:47:49.753+0900][1.068s][info ][gc,start       ] GC(15) Pause Full (System.gc())
[2026-08-01T14:47:49.753+0900][1.068s][debug][gc,heap        ] GC(15) Heap before GC invocations=15 (full 15):
[2026-08-01T14:47:49.753+0900][1.068s][debug][gc,heap        ] GC(15)  garbage-first heap   total 131072K, used 15339K [0x000001b87c000000, 0x000001ef7c000000)
[2026-08-01T14:47:49.753+0900][1.068s][debug][gc,heap        ] GC(15)   region size 32768K, 1 young (32768K), 0 survivors (0K)
[2026-08-01T14:47:49.753+0900][1.068s][debug][gc,heap        ] GC(15)  Metaspace       used 6675K, committed 6912K, reserved 1114112K
[2026-08-01T14:47:49.753+0900][1.068s][debug][gc,heap        ] GC(15)   class space    used 616K, committed 704K, reserved 1048576K
[2026-08-01T14:47:49.754+0900][1.068s][info ][gc,task        ] GC(15) Using 1 workers of 18 for full compaction
[2026-08-01T14:47:49.754+0900][1.068s][info ][gc,phases,start] GC(15) Phase 1: Mark live objects
[2026-08-01T14:47:49.765+0900][1.079s][info ][gc,phases      ] GC(15) Phase 1: Mark live objects 11.485ms
[2026-08-01T14:47:49.765+0900][1.079s][info ][gc,phases,start] GC(15) Phase 2: Prepare for compaction
[2026-08-01T14:47:49.768+0900][1.082s][info ][gc,phases      ] GC(15) Phase 2: Prepare for compaction 2.294ms
[2026-08-01T14:47:49.768+0900][1.082s][info ][gc,phases,start] GC(15) Phase 3: Adjust pointers
[2026-08-01T14:47:49.773+0900][1.087s][info ][gc,phases      ] GC(15) Phase 3: Adjust pointers 4.804ms
[2026-08-01T14:47:49.773+0900][1.087s][info ][gc,phases,start] GC(15) Phase 4: Compact heap
[2026-08-01T14:47:49.774+0900][1.089s][info ][gc,phases      ] GC(15) Phase 4: Compact heap 2.162ms
[2026-08-01T14:47:49.775+0900][1.089s][info ][gc,heap        ] GC(15) Eden regions: 1->0(1)
[2026-08-01T14:47:49.775+0900][1.090s][info ][gc,heap        ] GC(15) Survivor regions: 0->0(0)
[2026-08-01T14:47:49.775+0900][1.090s][info ][gc,heap        ] GC(15) Old regions: 1->1
[2026-08-01T14:47:49.775+0900][1.090s][info ][gc,heap        ] GC(15) Archive regions: 0->0
[2026-08-01T14:47:49.775+0900][1.090s][info ][gc,heap        ] GC(15) Humongous regions: 0->0
[2026-08-01T14:47:49.775+0900][1.090s][info ][gc,metaspace   ] GC(15) Metaspace: 6675K(6912K)->6675K(6912K) NonClass: 6059K(6208K)->6059K(6208K) Class: 616K(704K)->616K(704K)
[2026-08-01T14:47:49.775+0900][1.090s][debug][gc,heap        ] GC(15) Heap after GC invocations=16 (full 16):
[2026-08-01T14:47:49.775+0900][1.090s][debug][gc,heap        ] GC(15)  garbage-first heap   total 131072K, used 15353K [0x000001b87c000000, 0x000001ef7c000000)
[2026-08-01T14:47:49.775+0900][1.090s][debug][gc,heap        ] GC(15)   region size 32768K, 0 young (0K), 0 survivors (0K)
[2026-08-01T14:47:49.775+0900][1.090s][debug][gc,heap        ] GC(15)  Metaspace       used 6675K, committed 6912K, reserved 1114112K
[2026-08-01T14:47:49.775+0900][1.090s][debug][gc,heap        ] GC(15)   class space    used 616K, committed 704K, reserved 1048576K
[2026-08-01T14:47:49.775+0900][1.090s][info ][gc             ] GC(15) Pause Full (System.gc()) 16M->14M(128M) 21.942ms
[2026-08-01T14:47:49.775+0900][1.090s][info ][gc,cpu         ] GC(15) User=0.02s Sys=0.00s Real=0.02s
[2026-08-01T14:47:49.775+0900][1.090s][info ][safepoint      ] Safepoint "G1CollectFull", Time since last: 1988300 ns, Reaching safepoint: 24300 ns, At safepoint: 21990699 ns, Total: 22014999 ns
[2026-08-01T14:47:49.778+0900][1.092s][info ][gc,start       ] GC(16) Pause Full (System.gc())
[2026-08-01T14:47:49.778+0900][1.092s][debug][gc,heap        ] GC(16) Heap before GC invocations=16 (full 16):
[2026-08-01T14:47:49.778+0900][1.092s][debug][gc,heap        ] GC(16)  garbage-first heap   total 131072K, used 15353K [0x000001b87c000000, 0x000001ef7c000000)
[2026-08-01T14:47:49.778+0900][1.092s][debug][gc,heap        ] GC(16)   region size 32768K, 1 young (32768K), 0 survivors (0K)
[2026-08-01T14:47:49.778+0900][1.092s][debug][gc,heap        ] GC(16)  Metaspace       used 6680K, committed 6912K, reserved 1114112K
[2026-08-01T14:47:49.778+0900][1.092s][debug][gc,heap        ] GC(16)   class space    used 616K, committed 704K, reserved 1048576K
[2026-08-01T14:47:49.778+0900][1.092s][info ][gc,task        ] GC(16) Using 1 workers of 18 for full compaction
[2026-08-01T14:47:49.778+0900][1.092s][info ][gc,phases,start] GC(16) Phase 1: Mark live objects
[2026-08-01T14:47:49.789+0900][1.103s][info ][gc,phases      ] GC(16) Phase 1: Mark live objects 10.818ms
[2026-08-01T14:47:49.789+0900][1.103s][info ][gc,phases,start] GC(16) Phase 2: Prepare for compaction
[2026-08-01T14:47:49.790+0900][1.105s][info ][gc,phases      ] GC(16) Phase 2: Prepare for compaction 2.251ms
[2026-08-01T14:47:49.790+0900][1.105s][info ][gc,phases,start] GC(16) Phase 3: Adjust pointers
[2026-08-01T14:47:49.796+0900][1.110s][info ][gc,phases      ] GC(16) Phase 3: Adjust pointers 5.400ms
[2026-08-01T14:47:49.796+0900][1.110s][info ][gc,phases,start] GC(16) Phase 4: Compact heap
[2026-08-01T14:47:49.798+0900][1.112s][info ][gc,phases      ] GC(16) Phase 4: Compact heap 1.998ms
[2026-08-01T14:47:49.799+0900][1.113s][info ][gc,heap        ] GC(16) Eden regions: 1->0(1)
[2026-08-01T14:47:49.799+0900][1.113s][info ][gc,heap        ] GC(16) Survivor regions: 0->0(0)
[2026-08-01T14:47:49.799+0900][1.113s][info ][gc,heap        ] GC(16) Old regions: 1->1
[2026-08-01T14:47:49.799+0900][1.113s][info ][gc,heap        ] GC(16) Archive regions: 0->0
[2026-08-01T14:47:49.799+0900][1.113s][info ][gc,heap        ] GC(16) Humongous regions: 0->0
[2026-08-01T14:47:49.799+0900][1.113s][info ][gc,metaspace   ] GC(16) Metaspace: 6680K(6912K)->6680K(6912K) NonClass: 6064K(6208K)->6064K(6208K) Class: 616K(704K)->616K(704K)
[2026-08-01T14:47:49.799+0900][1.113s][debug][gc,heap        ] GC(16) Heap after GC invocations=17 (full 17):
[2026-08-01T14:47:49.799+0900][1.113s][debug][gc,heap        ] GC(16)  garbage-first heap   total 131072K, used 15366K [0x000001b87c000000, 0x000001ef7c000000)
[2026-08-01T14:47:49.799+0900][1.113s][debug][gc,heap        ] GC(16)   region size 32768K, 0 young (0K), 0 survivors (0K)
[2026-08-01T14:47:49.799+0900][1.113s][debug][gc,heap        ] GC(16)  Metaspace       used 6680K, committed 6912K, reserved 1114112K
[2026-08-01T14:47:49.799+0900][1.113s][debug][gc,heap        ] GC(16)   class space    used 616K, committed 704K, reserved 1048576K
[2026-08-01T14:47:49.799+0900][1.113s][info ][gc             ] GC(16) Pause Full (System.gc()) 16M->15M(128M) 21.756ms
[2026-08-01T14:47:49.799+0900][1.113s][info ][gc,cpu         ] GC(16) User=0.02s Sys=0.00s Real=0.02s
[2026-08-01T14:47:49.799+0900][1.113s][info ][safepoint      ] Safepoint "G1CollectFull", Time since last: 1899801 ns, Reaching safepoint: 30800 ns, At safepoint: 21851500 ns, Total: 21882300 ns
[2026-08-01T14:47:49.802+0900][1.116s][info ][gc,start       ] GC(17) Pause Full (System.gc())
[2026-08-01T14:47:49.802+0900][1.116s][debug][gc,heap        ] GC(17) Heap before GC invocations=17 (full 17):
[2026-08-01T14:47:49.802+0900][1.116s][debug][gc,heap        ] GC(17)  garbage-first heap   total 131072K, used 15366K [0x000001b87c000000, 0x000001ef7c000000)
[2026-08-01T14:47:49.802+0900][1.116s][debug][gc,heap        ] GC(17)   region size 32768K, 1 young (32768K), 0 survivors (0K)
[2026-08-01T14:47:49.802+0900][1.116s][debug][gc,heap        ] GC(17)  Metaspace       used 6697K, committed 6912K, reserved 1114112K
[2026-08-01T14:47:49.802+0900][1.116s][debug][gc,heap        ] GC(17)   class space    used 616K, committed 704K, reserved 1048576K
[2026-08-01T14:47:49.802+0900][1.116s][info ][gc,task        ] GC(17) Using 1 workers of 18 for full compaction
[2026-08-01T14:47:49.802+0900][1.116s][info ][gc,phases,start] GC(17) Phase 1: Mark live objects
[2026-08-01T14:47:49.816+0900][1.129s][info ][gc,phases      ] GC(17) Phase 1: Mark live objects 13.315ms
[2026-08-01T14:47:49.816+0900][1.129s][info ][gc,phases,start] GC(17) Phase 2: Prepare for compaction
[2026-08-01T14:47:49.818+0900][1.132s][info ][gc,phases      ] GC(17) Phase 2: Prepare for compaction 2.389ms
[2026-08-01T14:47:49.818+0900][1.132s][info ][gc,phases,start] GC(17) Phase 3: Adjust pointers
[2026-08-01T14:47:49.823+0900][1.137s][info ][gc,phases      ] GC(17) Phase 3: Adjust pointers 5.487ms
[2026-08-01T14:47:49.823+0900][1.137s][info ][gc,phases,start] GC(17) Phase 4: Compact heap
[2026-08-01T14:47:49.825+0900][1.140s][info ][gc,phases      ] GC(17) Phase 4: Compact heap 2.179ms
[2026-08-01T14:47:49.827+0900][1.141s][info ][gc,heap        ] GC(17) Eden regions: 1->0(1)
[2026-08-01T14:47:49.827+0900][1.141s][info ][gc,heap        ] GC(17) Survivor regions: 0->0(0)
[2026-08-01T14:47:49.827+0900][1.141s][info ][gc,heap        ] GC(17) Old regions: 1->1
[2026-08-01T14:47:49.827+0900][1.141s][info ][gc,heap        ] GC(17) Archive regions: 0->0
[2026-08-01T14:47:49.827+0900][1.141s][info ][gc,heap        ] GC(17) Humongous regions: 0->0
[2026-08-01T14:47:49.827+0900][1.141s][info ][gc,metaspace   ] GC(17) Metaspace: 6697K(6912K)->6697K(6912K) NonClass: 6080K(6208K)->6080K(6208K) Class: 616K(704K)->616K(704K)
[2026-08-01T14:47:49.827+0900][1.141s][debug][gc,heap        ] GC(17) Heap after GC invocations=18 (full 18):
[2026-08-01T14:47:49.827+0900][1.141s][debug][gc,heap        ] GC(17)  garbage-first heap   total 131072K, used 15380K [0x000001b87c000000, 0x000001ef7c000000)
[2026-08-01T14:47:49.827+0900][1.141s][debug][gc,heap        ] GC(17)   region size 32768K, 0 young (0K), 0 survivors (0K)
[2026-08-01T14:47:49.827+0900][1.141s][debug][gc,heap        ] GC(17)  Metaspace       used 6697K, committed 6912K, reserved 1114112K
[2026-08-01T14:47:49.827+0900][1.141s][debug][gc,heap        ] GC(17)   class space    used 616K, committed 704K, reserved 1048576K
[2026-08-01T14:47:49.827+0900][1.141s][info ][gc             ] GC(17) Pause Full (System.gc()) 16M->15M(128M) 24.687ms
[2026-08-01T14:47:49.827+0900][1.141s][info ][gc,cpu         ] GC(17) User=0.03s Sys=0.00s Real=0.02s
[2026-08-01T14:47:49.827+0900][1.141s][info ][safepoint      ] Safepoint "G1CollectFull", Time since last: 2477099 ns, Reaching safepoint: 27901 ns, At safepoint: 24740400 ns, Total: 24768301 ns
[2026-08-01T14:47:49.829+0900][1.143s][info ][gc,start       ] GC(18) Pause Full (System.gc())
[2026-08-01T14:47:49.829+0900][1.143s][debug][gc,heap        ] GC(18) Heap before GC invocations=18 (full 18):
[2026-08-01T14:47:49.829+0900][1.143s][debug][gc,heap        ] GC(18)  garbage-first heap   total 131072K, used 15380K [0x000001b87c000000, 0x000001ef7c000000)
[2026-08-01T14:47:49.829+0900][1.143s][debug][gc,heap        ] GC(18)   region size 32768K, 1 young (32768K), 0 survivors (0K)
[2026-08-01T14:47:49.829+0900][1.143s][debug][gc,heap        ] GC(18)  Metaspace       used 6700K, committed 6912K, reserved 1114112K
[2026-08-01T14:47:49.829+0900][1.143s][debug][gc,heap        ] GC(18)   class space    used 616K, committed 704K, reserved 1048576K
[2026-08-01T14:47:49.829+0900][1.143s][info ][gc,task        ] GC(18) Using 1 workers of 18 for full compaction
[2026-08-01T14:47:49.829+0900][1.143s][info ][gc,phases,start] GC(18) Phase 1: Mark live objects
[2026-08-01T14:47:49.841+0900][1.156s][info ][gc,phases      ] GC(18) Phase 1: Mark live objects 12.334ms
[2026-08-01T14:47:49.841+0900][1.156s][info ][gc,phases,start] GC(18) Phase 2: Prepare for compaction
[2026-08-01T14:47:49.844+0900][1.158s][info ][gc,phases      ] GC(18) Phase 2: Prepare for compaction 2.388ms
[2026-08-01T14:47:49.844+0900][1.158s][info ][gc,phases,start] GC(18) Phase 3: Adjust pointers
[2026-08-01T14:47:49.848+0900][1.163s][info ][gc,phases      ] GC(18) Phase 3: Adjust pointers 4.923ms
[2026-08-01T14:47:49.848+0900][1.163s][info ][gc,phases,start] GC(18) Phase 4: Compact heap
[2026-08-01T14:47:49.851+0900][1.165s][info ][gc,phases      ] GC(18) Phase 4: Compact heap 1.798ms
[2026-08-01T14:47:49.852+0900][1.166s][info ][gc,heap        ] GC(18) Eden regions: 1->0(1)
[2026-08-01T14:47:49.852+0900][1.166s][info ][gc,heap        ] GC(18) Survivor regions: 0->0(0)
[2026-08-01T14:47:49.852+0900][1.166s][info ][gc,heap        ] GC(18) Old regions: 1->1
[2026-08-01T14:47:49.852+0900][1.166s][info ][gc,heap        ] GC(18) Archive regions: 0->0
[2026-08-01T14:47:49.852+0900][1.166s][info ][gc,heap        ] GC(18) Humongous regions: 0->0
[2026-08-01T14:47:49.852+0900][1.166s][info ][gc,metaspace   ] GC(18) Metaspace: 6700K(6912K)->6700K(6912K) NonClass: 6083K(6208K)->6083K(6208K) Class: 616K(704K)->616K(704K)
[2026-08-01T14:47:49.852+0900][1.166s][debug][gc,heap        ] GC(18) Heap after GC invocations=19 (full 19):
[2026-08-01T14:47:49.852+0900][1.166s][debug][gc,heap        ] GC(18)  garbage-first heap   total 131072K, used 15395K [0x000001b87c000000, 0x000001ef7c000000)
[2026-08-01T14:47:49.852+0900][1.166s][debug][gc,heap        ] GC(18)   region size 32768K, 0 young (0K), 0 survivors (0K)
[2026-08-01T14:47:49.852+0900][1.166s][debug][gc,heap        ] GC(18)  Metaspace       used 6700K, committed 6912K, reserved 1114112K
[2026-08-01T14:47:49.852+0900][1.166s][debug][gc,heap        ] GC(18)   class space    used 616K, committed 704K, reserved 1048576K
[2026-08-01T14:47:49.852+0900][1.166s][info ][gc             ] GC(18) Pause Full (System.gc()) 16M->15M(128M) 22.782ms
[2026-08-01T14:47:49.852+0900][1.166s][info ][gc,cpu         ] GC(18) User=0.02s Sys=0.00s Real=0.02s
[2026-08-01T14:47:49.852+0900][1.166s][info ][safepoint      ] Safepoint "G1CollectFull", Time since last: 2431800 ns, Reaching safepoint: 36500 ns, At safepoint: 22820300 ns, Total: 22856800 ns
[2026-08-01T14:47:49.854+0900][1.168s][info ][gc,start       ] GC(19) Pause Full (System.gc())
[2026-08-01T14:47:49.854+0900][1.168s][debug][gc,heap        ] GC(19) Heap before GC invocations=19 (full 19):
[2026-08-01T14:47:49.854+0900][1.168s][debug][gc,heap        ] GC(19)  garbage-first heap   total 131072K, used 15395K [0x000001b87c000000, 0x000001ef7c000000)
[2026-08-01T14:47:49.854+0900][1.168s][debug][gc,heap        ] GC(19)   region size 32768K, 1 young (32768K), 0 survivors (0K)
[2026-08-01T14:47:49.854+0900][1.168s][debug][gc,heap        ] GC(19)  Metaspace       used 6704K, committed 6912K, reserved 1114112K
[2026-08-01T14:47:49.854+0900][1.168s][debug][gc,heap        ] GC(19)   class space    used 616K, committed 704K, reserved 1048576K
[2026-08-01T14:47:49.854+0900][1.168s][info ][gc,task        ] GC(19) Using 1 workers of 18 for full compaction
[2026-08-01T14:47:49.854+0900][1.168s][info ][gc,phases,start] GC(19) Phase 1: Mark live objects
[2026-08-01T14:47:49.863+0900][1.178s][info ][gc,phases      ] GC(19) Phase 1: Mark live objects 9.793ms
[2026-08-01T14:47:49.863+0900][1.178s][info ][gc,phases,start] GC(19) Phase 2: Prepare for compaction
[2026-08-01T14:47:49.866+0900][1.180s][info ][gc,phases      ] GC(19) Phase 2: Prepare for compaction 2.155ms
[2026-08-01T14:47:49.866+0900][1.180s][info ][gc,phases,start] GC(19) Phase 3: Adjust pointers
[2026-08-01T14:47:49.870+0900][1.185s][info ][gc,phases      ] GC(19) Phase 3: Adjust pointers 4.671ms
[2026-08-01T14:47:49.870+0900][1.185s][info ][gc,phases,start] GC(19) Phase 4: Compact heap
[2026-08-01T14:47:49.873+0900][1.187s][info ][gc,phases      ] GC(19) Phase 4: Compact heap 2.146ms
[2026-08-01T14:47:49.874+0900][1.188s][info ][gc,heap        ] GC(19) Eden regions: 1->0(1)
[2026-08-01T14:47:49.874+0900][1.188s][info ][gc,heap        ] GC(19) Survivor regions: 0->0(0)
[2026-08-01T14:47:49.874+0900][1.188s][info ][gc,heap        ] GC(19) Old regions: 1->1
[2026-08-01T14:47:49.874+0900][1.188s][info ][gc,heap        ] GC(19) Archive regions: 0->0
[2026-08-01T14:47:49.874+0900][1.188s][info ][gc,heap        ] GC(19) Humongous regions: 0->0
[2026-08-01T14:47:49.874+0900][1.188s][info ][gc,metaspace   ] GC(19) Metaspace: 6704K(6912K)->6704K(6912K) NonClass: 6088K(6208K)->6088K(6208K) Class: 616K(704K)->616K(704K)
[2026-08-01T14:47:49.874+0900][1.188s][debug][gc,heap        ] GC(19) Heap after GC invocations=20 (full 20):
[2026-08-01T14:47:49.874+0900][1.188s][debug][gc,heap        ] GC(19)  garbage-first heap   total 131072K, used 15409K [0x000001b87c000000, 0x000001ef7c000000)
[2026-08-01T14:47:49.874+0900][1.188s][debug][gc,heap        ] GC(19)   region size 32768K, 0 young (0K), 0 survivors (0K)
[2026-08-01T14:47:49.874+0900][1.188s][debug][gc,heap        ] GC(19)  Metaspace       used 6704K, committed 6912K, reserved 1114112K
[2026-08-01T14:47:49.874+0900][1.188s][debug][gc,heap        ] GC(19)   class space    used 616K, committed 704K, reserved 1048576K
[2026-08-01T14:47:49.874+0900][1.188s][info ][gc             ] GC(19) Pause Full (System.gc()) 16M->15M(128M) 20.166ms
[2026-08-01T14:47:49.874+0900][1.188s][info ][gc,cpu         ] GC(19) User=0.03s Sys=0.00s Real=0.02s
[2026-08-01T14:47:49.874+0900][1.188s][info ][safepoint      ] Safepoint "G1CollectFull", Time since last: 1845300 ns, Reaching safepoint: 21800 ns, At safepoint: 20216300 ns, Total: 20238100 ns
[2026-08-01T14:47:49.875+0900][1.190s][info ][gc,start       ] GC(20) Pause Full (System.gc())
[2026-08-01T14:47:49.875+0900][1.190s][debug][gc,heap        ] GC(20) Heap before GC invocations=20 (full 20):
[2026-08-01T14:47:49.875+0900][1.190s][debug][gc,heap        ] GC(20)  garbage-first heap   total 131072K, used 15409K [0x000001b87c000000, 0x000001ef7c000000)
[2026-08-01T14:47:49.876+0900][1.190s][debug][gc,heap        ] GC(20)   region size 32768K, 1 young (32768K), 0 survivors (0K)
[2026-08-01T14:47:49.876+0900][1.190s][debug][gc,heap        ] GC(20)  Metaspace       used 6709K, committed 6912K, reserved 1114112K
[2026-08-01T14:47:49.876+0900][1.190s][debug][gc,heap        ] GC(20)   class space    used 616K, committed 704K, reserved 1048576K
[2026-08-01T14:47:49.876+0900][1.190s][info ][gc,task        ] GC(20) Using 1 workers of 18 for full compaction
[2026-08-01T14:47:49.876+0900][1.190s][info ][gc,phases,start] GC(20) Phase 1: Mark live objects
[2026-08-01T14:47:49.889+0900][1.203s][info ][gc,phases      ] GC(20) Phase 1: Mark live objects 12.433ms
[2026-08-01T14:47:49.889+0900][1.203s][info ][gc,phases,start] GC(20) Phase 2: Prepare for compaction
[2026-08-01T14:47:49.891+0900][1.205s][info ][gc,phases      ] GC(20) Phase 2: Prepare for compaction 2.268ms
[2026-08-01T14:47:49.891+0900][1.205s][info ][gc,phases,start] GC(20) Phase 3: Adjust pointers
[2026-08-01T14:47:49.895+0900][1.209s][info ][gc,phases      ] GC(20) Phase 3: Adjust pointers 4.487ms
[2026-08-01T14:47:49.895+0900][1.210s][info ][gc,phases,start] GC(20) Phase 4: Compact heap
[2026-08-01T14:47:49.897+0900][1.211s][info ][gc,phases      ] GC(20) Phase 4: Compact heap 1.776ms
[2026-08-01T14:47:49.897+0900][1.212s][info ][gc,heap        ] GC(20) Eden regions: 1->0(1)
[2026-08-01T14:47:49.898+0900][1.212s][info ][gc,heap        ] GC(20) Survivor regions: 0->0(0)
[2026-08-01T14:47:49.898+0900][1.212s][info ][gc,heap        ] GC(20) Old regions: 1->1
[2026-08-01T14:47:49.898+0900][1.212s][info ][gc,heap        ] GC(20) Archive regions: 0->0
[2026-08-01T14:47:49.898+0900][1.212s][info ][gc,heap        ] GC(20) Humongous regions: 0->0
[2026-08-01T14:47:49.898+0900][1.212s][info ][gc,metaspace   ] GC(20) Metaspace: 6709K(6912K)->6709K(6912K) NonClass: 6093K(6208K)->6093K(6208K) Class: 616K(704K)->616K(704K)
[2026-08-01T14:47:49.898+0900][1.212s][debug][gc,heap        ] GC(20) Heap after GC invocations=21 (full 21):
[2026-08-01T14:47:49.898+0900][1.212s][debug][gc,heap        ] GC(20)  garbage-first heap   total 131072K, used 15422K [0x000001b87c000000, 0x000001ef7c000000)
[2026-08-01T14:47:49.898+0900][1.212s][debug][gc,heap        ] GC(20)   region size 32768K, 0 young (0K), 0 survivors (0K)
[2026-08-01T14:47:49.898+0900][1.212s][debug][gc,heap        ] GC(20)  Metaspace       used 6709K, committed 6912K, reserved 1114112K
[2026-08-01T14:47:49.898+0900][1.212s][debug][gc,heap        ] GC(20)   class space    used 616K, committed 704K, reserved 1048576K
[2026-08-01T14:47:49.898+0900][1.212s][info ][gc             ] GC(20) Pause Full (System.gc()) 16M->15M(128M) 22.227ms
[2026-08-01T14:47:49.898+0900][1.212s][info ][gc,cpu         ] GC(20) User=0.02s Sys=0.00s Real=0.02s
[2026-08-01T14:47:49.898+0900][1.212s][info ][safepoint      ] Safepoint "G1CollectFull", Time since last: 1955300 ns, Reaching safepoint: 21700 ns, At safepoint: 22279099 ns, Total: 22300799 ns
[2026-08-01T14:47:49.900+0900][1.214s][info ][gc,start       ] GC(21) Pause Full (System.gc())
[2026-08-01T14:47:49.900+0900][1.214s][debug][gc,heap        ] GC(21) Heap before GC invocations=21 (full 21):
[2026-08-01T14:47:49.900+0900][1.214s][debug][gc,heap        ] GC(21)  garbage-first heap   total 131072K, used 15422K [0x000001b87c000000, 0x000001ef7c000000)
[2026-08-01T14:47:49.900+0900][1.214s][debug][gc,heap        ] GC(21)   region size 32768K, 1 young (32768K), 0 survivors (0K)
[2026-08-01T14:47:49.900+0900][1.214s][debug][gc,heap        ] GC(21)  Metaspace       used 6715K, committed 6912K, reserved 1114112K
[2026-08-01T14:47:49.900+0900][1.214s][debug][gc,heap        ] GC(21)   class space    used 616K, committed 704K, reserved 1048576K
[2026-08-01T14:47:49.900+0900][1.214s][info ][gc,task        ] GC(21) Using 1 workers of 18 for full compaction
[2026-08-01T14:47:49.900+0900][1.215s][info ][gc,phases,start] GC(21) Phase 1: Mark live objects
[2026-08-01T14:47:49.911+0900][1.225s][info ][gc,phases      ] GC(21) Phase 1: Mark live objects 10.936ms
[2026-08-01T14:47:49.911+0900][1.226s][info ][gc,phases,start] GC(21) Phase 2: Prepare for compaction
[2026-08-01T14:47:49.914+0900][1.228s][info ][gc,phases      ] GC(21) Phase 2: Prepare for compaction 2.182ms
[2026-08-01T14:47:49.914+0900][1.228s][info ][gc,phases,start] GC(21) Phase 3: Adjust pointers
[2026-08-01T14:47:49.919+0900][1.233s][info ][gc,phases      ] GC(21) Phase 3: Adjust pointers 5.167ms
[2026-08-01T14:47:49.919+0900][1.233s][info ][gc,phases,start] GC(21) Phase 4: Compact heap
[2026-08-01T14:47:49.921+0900][1.235s][info ][gc,phases      ] GC(21) Phase 4: Compact heap 2.010ms
[2026-08-01T14:47:49.922+0900][1.236s][info ][gc,heap        ] GC(21) Eden regions: 1->0(1)
[2026-08-01T14:47:49.922+0900][1.236s][info ][gc,heap        ] GC(21) Survivor regions: 0->0(0)
[2026-08-01T14:47:49.922+0900][1.236s][info ][gc,heap        ] GC(21) Old regions: 1->1
[2026-08-01T14:47:49.922+0900][1.236s][info ][gc,heap        ] GC(21) Archive regions: 0->0
[2026-08-01T14:47:49.922+0900][1.236s][info ][gc,heap        ] GC(21) Humongous regions: 0->0
[2026-08-01T14:47:49.922+0900][1.236s][info ][gc,metaspace   ] GC(21) Metaspace: 6715K(6912K)->6715K(6912K) NonClass: 6098K(6208K)->6098K(6208K) Class: 616K(704K)->616K(704K)
[2026-08-01T14:47:49.922+0900][1.236s][debug][gc,heap        ] GC(21) Heap after GC invocations=22 (full 22):
[2026-08-01T14:47:49.922+0900][1.236s][debug][gc,heap        ] GC(21)  garbage-first heap   total 131072K, used 15436K [0x000001b87c000000, 0x000001ef7c000000)
[2026-08-01T14:47:49.922+0900][1.236s][debug][gc,heap        ] GC(21)   region size 32768K, 0 young (0K), 0 survivors (0K)
[2026-08-01T14:47:49.922+0900][1.236s][debug][gc,heap        ] GC(21)  Metaspace       used 6715K, committed 6912K, reserved 1114112K
[2026-08-01T14:47:49.922+0900][1.236s][debug][gc,heap        ] GC(21)   class space    used 616K, committed 704K, reserved 1048576K
[2026-08-01T14:47:49.922+0900][1.236s][info ][gc             ] GC(21) Pause Full (System.gc()) 16M->15M(128M) 21.639ms
[2026-08-01T14:47:49.922+0900][1.236s][info ][gc,cpu         ] GC(21) User=0.05s Sys=0.00s Real=0.02s
[2026-08-01T14:47:49.922+0900][1.236s][info ][safepoint      ] Safepoint "G1CollectFull", Time since last: 2024401 ns, Reaching safepoint: 24800 ns, At safepoint: 21685800 ns, Total: 21710600 ns
[2026-08-01T14:47:49.924+0900][1.238s][info ][gc,start       ] GC(22) Pause Full (System.gc())
[2026-08-01T14:47:49.924+0900][1.238s][debug][gc,heap        ] GC(22) Heap before GC invocations=22 (full 22):
[2026-08-01T14:47:49.924+0900][1.238s][debug][gc,heap        ] GC(22)  garbage-first heap   total 131072K, used 15436K [0x000001b87c000000, 0x000001ef7c000000)
[2026-08-01T14:47:49.924+0900][1.238s][debug][gc,heap        ] GC(22)   region size 32768K, 1 young (32768K), 0 survivors (0K)
[2026-08-01T14:47:49.924+0900][1.238s][debug][gc,heap        ] GC(22)  Metaspace       used 6721K, committed 6912K, reserved 1114112K
[2026-08-01T14:47:49.924+0900][1.238s][debug][gc,heap        ] GC(22)   class space    used 616K, committed 704K, reserved 1048576K
[2026-08-01T14:47:49.924+0900][1.238s][info ][gc,task        ] GC(22) Using 1 workers of 18 for full compaction
[2026-08-01T14:47:49.924+0900][1.238s][info ][gc,phases,start] GC(22) Phase 1: Mark live objects
[2026-08-01T14:47:49.935+0900][1.249s][info ][gc,phases      ] GC(22) Phase 1: Mark live objects 10.927ms
[2026-08-01T14:47:49.935+0900][1.249s][info ][gc,phases,start] GC(22) Phase 2: Prepare for compaction
[2026-08-01T14:47:49.938+0900][1.252s][info ][gc,phases      ] GC(22) Phase 2: Prepare for compaction 2.364ms
[2026-08-01T14:47:49.938+0900][1.252s][info ][gc,phases,start] GC(22) Phase 3: Adjust pointers
[2026-08-01T14:47:49.943+0900][1.257s][info ][gc,phases      ] GC(22) Phase 3: Adjust pointers 5.244ms
[2026-08-01T14:47:49.943+0900][1.257s][info ][gc,phases,start] GC(22) Phase 4: Compact heap
[2026-08-01T14:47:49.945+0900][1.259s][info ][gc,phases      ] GC(22) Phase 4: Compact heap 1.979ms
[2026-08-01T14:47:49.945+0900][1.260s][info ][gc,heap        ] GC(22) Eden regions: 1->0(1)
[2026-08-01T14:47:49.945+0900][1.260s][info ][gc,heap        ] GC(22) Survivor regions: 0->0(0)
[2026-08-01T14:47:49.945+0900][1.260s][info ][gc,heap        ] GC(22) Old regions: 1->1
[2026-08-01T14:47:49.945+0900][1.260s][info ][gc,heap        ] GC(22) Archive regions: 0->0
[2026-08-01T14:47:49.945+0900][1.260s][info ][gc,heap        ] GC(22) Humongous regions: 0->0
[2026-08-01T14:47:49.945+0900][1.260s][info ][gc,metaspace   ] GC(22) Metaspace: 6721K(6912K)->6721K(6912K) NonClass: 6104K(6208K)->6104K(6208K) Class: 616K(704K)->616K(704K)
[2026-08-01T14:47:49.945+0900][1.260s][debug][gc,heap        ] GC(22) Heap after GC invocations=23 (full 23):
[2026-08-01T14:47:49.945+0900][1.260s][debug][gc,heap        ] GC(22)  garbage-first heap   total 131072K, used 15449K [0x000001b87c000000, 0x000001ef7c000000)
[2026-08-01T14:47:49.945+0900][1.260s][debug][gc,heap        ] GC(22)   region size 32768K, 0 young (0K), 0 survivors (0K)
[2026-08-01T14:47:49.946+0900][1.260s][debug][gc,heap        ] GC(22)  Metaspace       used 6721K, committed 6912K, reserved 1114112K
[2026-08-01T14:47:49.946+0900][1.260s][debug][gc,heap        ] GC(22)   class space    used 616K, committed 704K, reserved 1048576K
[2026-08-01T14:47:49.946+0900][1.260s][info ][gc             ] GC(22) Pause Full (System.gc()) 16M->15M(128M) 21.850ms
[2026-08-01T14:47:49.946+0900][1.260s][info ][gc,cpu         ] GC(22) User=0.02s Sys=0.00s Real=0.02s
[2026-08-01T14:47:49.946+0900][1.260s][info ][safepoint      ] Safepoint "G1CollectFull", Time since last: 1950399 ns, Reaching safepoint: 23900 ns, At safepoint: 21888100 ns, Total: 21912000 ns
[2026-08-01T14:47:49.948+0900][1.262s][info ][gc,start       ] GC(23) Pause Full (System.gc())
[2026-08-01T14:47:49.948+0900][1.262s][debug][gc,heap        ] GC(23) Heap before GC invocations=23 (full 23):
[2026-08-01T14:47:49.948+0900][1.262s][debug][gc,heap        ] GC(23)  garbage-first heap   total 131072K, used 15449K [0x000001b87c000000, 0x000001ef7c000000)
[2026-08-01T14:47:49.948+0900][1.262s][debug][gc,heap        ] GC(23)   region size 32768K, 1 young (32768K), 0 survivors (0K)
[2026-08-01T14:47:49.948+0900][1.262s][debug][gc,heap        ] GC(23)  Metaspace       used 6728K, committed 6912K, reserved 1114112K
[2026-08-01T14:47:49.948+0900][1.262s][debug][gc,heap        ] GC(23)   class space    used 616K, committed 704K, reserved 1048576K
[2026-08-01T14:47:49.948+0900][1.262s][info ][gc,task        ] GC(23) Using 1 workers of 18 for full compaction
[2026-08-01T14:47:49.948+0900][1.262s][info ][gc,phases,start] GC(23) Phase 1: Mark live objects
[2026-08-01T14:47:49.959+0900][1.273s][info ][gc,phases      ] GC(23) Phase 1: Mark live objects 10.521ms
[2026-08-01T14:47:49.959+0900][1.273s][info ][gc,phases,start] GC(23) Phase 2: Prepare for compaction
[2026-08-01T14:47:49.961+0900][1.275s][info ][gc,phases      ] GC(23) Phase 2: Prepare for compaction 2.172ms
[2026-08-01T14:47:49.961+0900][1.275s][info ][gc,phases,start] GC(23) Phase 3: Adjust pointers
[2026-08-01T14:47:49.965+0900][1.280s][info ][gc,phases      ] GC(23) Phase 3: Adjust pointers 4.887ms
[2026-08-01T14:47:49.965+0900][1.280s][info ][gc,phases,start] GC(23) Phase 4: Compact heap
[2026-08-01T14:47:49.968+0900][1.282s][info ][gc,phases      ] GC(23) Phase 4: Compact heap 1.878ms
[2026-08-01T14:47:49.969+0900][1.283s][info ][gc,heap        ] GC(23) Eden regions: 1->0(1)
[2026-08-01T14:47:49.969+0900][1.283s][info ][gc,heap        ] GC(23) Survivor regions: 0->0(0)
[2026-08-01T14:47:49.969+0900][1.283s][info ][gc,heap        ] GC(23) Old regions: 1->1
[2026-08-01T14:47:49.969+0900][1.283s][info ][gc,heap        ] GC(23) Archive regions: 0->0
[2026-08-01T14:47:49.969+0900][1.283s][info ][gc,heap        ] GC(23) Humongous regions: 0->0
[2026-08-01T14:47:49.969+0900][1.283s][info ][gc,metaspace   ] GC(23) Metaspace: 6728K(6912K)->6728K(6912K) NonClass: 6111K(6208K)->6111K(6208K) Class: 616K(704K)->616K(704K)
[2026-08-01T14:47:49.969+0900][1.283s][debug][gc,heap        ] GC(23) Heap after GC invocations=24 (full 24):
[2026-08-01T14:47:49.969+0900][1.283s][debug][gc,heap        ] GC(23)  garbage-first heap   total 131072K, used 15462K [0x000001b87c000000, 0x000001ef7c000000)
[2026-08-01T14:47:49.969+0900][1.283s][debug][gc,heap        ] GC(23)   region size 32768K, 0 young (0K), 0 survivors (0K)
[2026-08-01T14:47:49.969+0900][1.283s][debug][gc,heap        ] GC(23)  Metaspace       used 6728K, committed 6912K, reserved 1114112K
[2026-08-01T14:47:49.969+0900][1.283s][debug][gc,heap        ] GC(23)   class space    used 616K, committed 704K, reserved 1048576K
[2026-08-01T14:47:49.969+0900][1.283s][info ][gc             ] GC(23) Pause Full (System.gc()) 16M->15M(128M) 20.795ms
[2026-08-01T14:47:49.969+0900][1.283s][info ][gc,cpu         ] GC(23) User=0.03s Sys=0.00s Real=0.02s
[2026-08-01T14:47:49.969+0900][1.283s][info ][safepoint      ] Safepoint "G1CollectFull", Time since last: 2056401 ns, Reaching safepoint: 37300 ns, At safepoint: 20929099 ns, Total: 20966399 ns
[2026-08-01T14:47:49.971+0900][1.285s][info ][gc,start       ] GC(24) Pause Full (System.gc())
[2026-08-01T14:47:49.971+0900][1.285s][debug][gc,heap        ] GC(24) Heap before GC invocations=24 (full 24):
[2026-08-01T14:47:49.971+0900][1.285s][debug][gc,heap        ] GC(24)  garbage-first heap   total 131072K, used 15462K [0x000001b87c000000, 0x000001ef7c000000)
[2026-08-01T14:47:49.971+0900][1.285s][debug][gc,heap        ] GC(24)   region size 32768K, 1 young (32768K), 0 survivors (0K)
[2026-08-01T14:47:49.971+0900][1.285s][debug][gc,heap        ] GC(24)  Metaspace       used 6728K, committed 6912K, reserved 1114112K
[2026-08-01T14:47:49.971+0900][1.285s][debug][gc,heap        ] GC(24)   class space    used 616K, committed 704K, reserved 1048576K
[2026-08-01T14:47:49.971+0900][1.285s][info ][gc,task        ] GC(24) Using 1 workers of 18 for full compaction
[2026-08-01T14:47:49.971+0900][1.285s][info ][gc,phases,start] GC(24) Phase 1: Mark live objects
[2026-08-01T14:47:49.981+0900][1.295s][info ][gc,phases      ] GC(24) Phase 1: Mark live objects 10.147ms
[2026-08-01T14:47:49.981+0900][1.295s][info ][gc,phases,start] GC(24) Phase 2: Prepare for compaction
[2026-08-01T14:47:49.983+0900][1.297s][info ][gc,phases      ] GC(24) Phase 2: Prepare for compaction 2.208ms
[2026-08-01T14:47:49.983+0900][1.297s][info ][gc,phases,start] GC(24) Phase 3: Adjust pointers
[2026-08-01T14:47:49.987+0900][1.301s][info ][gc,phases      ] GC(24) Phase 3: Adjust pointers 4.048ms
[2026-08-01T14:47:49.987+0900][1.301s][info ][gc,phases,start] GC(24) Phase 4: Compact heap
[2026-08-01T14:47:49.988+0900][1.303s][info ][gc,phases      ] GC(24) Phase 4: Compact heap 1.705ms
[2026-08-01T14:47:49.989+0900][1.304s][info ][gc,heap        ] GC(24) Eden regions: 1->0(1)
[2026-08-01T14:47:49.989+0900][1.304s][info ][gc,heap        ] GC(24) Survivor regions: 0->0(0)
[2026-08-01T14:47:49.989+0900][1.304s][info ][gc,heap        ] GC(24) Old regions: 1->1
[2026-08-01T14:47:49.989+0900][1.304s][info ][gc,heap        ] GC(24) Archive regions: 0->0
[2026-08-01T14:47:49.989+0900][1.304s][info ][gc,heap        ] GC(24) Humongous regions: 0->0
[2026-08-01T14:47:49.989+0900][1.304s][info ][gc,metaspace   ] GC(24) Metaspace: 6728K(6912K)->6728K(6912K) NonClass: 6111K(6208K)->6111K(6208K) Class: 616K(704K)->616K(704K)
[2026-08-01T14:47:49.989+0900][1.304s][debug][gc,heap        ] GC(24) Heap after GC invocations=25 (full 25):
[2026-08-01T14:47:49.989+0900][1.304s][debug][gc,heap        ] GC(24)  garbage-first heap   total 131072K, used 15477K [0x000001b87c000000, 0x000001ef7c000000)
[2026-08-01T14:47:49.989+0900][1.304s][debug][gc,heap        ] GC(24)   region size 32768K, 0 young (0K), 0 survivors (0K)
[2026-08-01T14:47:49.989+0900][1.304s][debug][gc,heap        ] GC(24)  Metaspace       used 6728K, committed 6912K, reserved 1114112K
[2026-08-01T14:47:49.989+0900][1.304s][debug][gc,heap        ] GC(24)   class space    used 616K, committed 704K, reserved 1048576K
[2026-08-01T14:47:49.989+0900][1.304s][info ][gc             ] GC(24) Pause Full (System.gc()) 16M->15M(128M) 19.299ms
[2026-08-01T14:47:49.989+0900][1.304s][info ][gc,cpu         ] GC(24) User=0.02s Sys=0.00s Real=0.02s
[2026-08-01T14:47:49.989+0900][1.304s][info ][safepoint      ] Safepoint "G1CollectFull", Time since last: 1653401 ns, Reaching safepoint: 30100 ns, At safepoint: 19386700 ns, Total: 19416800 ns
[2026-08-01T14:47:49.992+0900][1.306s][info ][gc,start       ] GC(25) Pause Full (System.gc())
[2026-08-01T14:47:49.992+0900][1.306s][debug][gc,heap        ] GC(25) Heap before GC invocations=25 (full 25):
[2026-08-01T14:47:49.992+0900][1.306s][debug][gc,heap        ] GC(25)  garbage-first heap   total 131072K, used 15477K [0x000001b87c000000, 0x000001ef7c000000)
[2026-08-01T14:47:49.992+0900][1.306s][debug][gc,heap        ] GC(25)   region size 32768K, 1 young (32768K), 0 survivors (0K)
[2026-08-01T14:47:49.992+0900][1.306s][debug][gc,heap        ] GC(25)  Metaspace       used 6729K, committed 6912K, reserved 1114112K
[2026-08-01T14:47:49.992+0900][1.306s][debug][gc,heap        ] GC(25)   class space    used 616K, committed 704K, reserved 1048576K
[2026-08-01T14:47:49.992+0900][1.306s][info ][gc,task        ] GC(25) Using 1 workers of 18 for full compaction
[2026-08-01T14:47:49.992+0900][1.306s][info ][gc,phases,start] GC(25) Phase 1: Mark live objects
[2026-08-01T14:47:50.005+0900][1.318s][info ][gc,phases      ] GC(25) Phase 1: Mark live objects 12.284ms
[2026-08-01T14:47:50.005+0900][1.318s][info ][gc,phases,start] GC(25) Phase 2: Prepare for compaction
[2026-08-01T14:47:50.006+0900][1.321s][info ][gc,phases      ] GC(25) Phase 2: Prepare for compaction 2.299ms
[2026-08-01T14:47:50.006+0900][1.321s][info ][gc,phases,start] GC(25) Phase 3: Adjust pointers
[2026-08-01T14:47:50.012+0900][1.325s][info ][gc,phases      ] GC(25) Phase 3: Adjust pointers 4.757ms
[2026-08-01T14:47:50.012+0900][1.325s][info ][gc,phases,start] GC(25) Phase 4: Compact heap
[2026-08-01T14:47:50.014+0900][1.327s][info ][gc,phases      ] GC(25) Phase 4: Compact heap 1.899ms
[2026-08-01T14:47:50.014+0900][1.328s][info ][gc,heap        ] GC(25) Eden regions: 1->0(1)
[2026-08-01T14:47:50.014+0900][1.328s][info ][gc,heap        ] GC(25) Survivor regions: 0->0(0)
[2026-08-01T14:47:50.014+0900][1.328s][info ][gc,heap        ] GC(25) Old regions: 1->1
[2026-08-01T14:47:50.014+0900][1.328s][info ][gc,heap        ] GC(25) Archive regions: 0->0
[2026-08-01T14:47:50.014+0900][1.328s][info ][gc,heap        ] GC(25) Humongous regions: 0->0
[2026-08-01T14:47:50.014+0900][1.328s][info ][gc,metaspace   ] GC(25) Metaspace: 6729K(6912K)->6729K(6912K) NonClass: 6113K(6208K)->6113K(6208K) Class: 616K(704K)->616K(704K)
[2026-08-01T14:47:50.014+0900][1.328s][debug][gc,heap        ] GC(25) Heap after GC invocations=26 (full 26):
[2026-08-01T14:47:50.014+0900][1.328s][debug][gc,heap        ] GC(25)  garbage-first heap   total 131072K, used 15490K [0x000001b87c000000, 0x000001ef7c000000)
[2026-08-01T14:47:50.014+0900][1.328s][debug][gc,heap        ] GC(25)   region size 32768K, 0 young (0K), 0 survivors (0K)
[2026-08-01T14:47:50.015+0900][1.328s][debug][gc,heap        ] GC(25)  Metaspace       used 6729K, committed 6912K, reserved 1114112K
[2026-08-01T14:47:50.015+0900][1.328s][debug][gc,heap        ] GC(25)   class space    used 616K, committed 704K, reserved 1048576K
[2026-08-01T14:47:50.015+0900][1.328s][info ][gc             ] GC(25) Pause Full (System.gc()) 16M->15M(128M) 22.520ms
[2026-08-01T14:47:50.015+0900][1.328s][info ][gc,cpu         ] GC(25) User=0.03s Sys=0.00s Real=0.02s
[2026-08-01T14:47:50.015+0900][1.328s][info ][safepoint      ] Safepoint "G1CollectFull", Time since last: 1703000 ns, Reaching safepoint: 29099 ns, At safepoint: 22567501 ns, Total: 22596600 ns
[2026-08-01T14:47:50.016+0900][1.330s][info ][gc,start       ] GC(26) Pause Full (System.gc())
[2026-08-01T14:47:50.016+0900][1.330s][debug][gc,heap        ] GC(26) Heap before GC invocations=26 (full 26):
[2026-08-01T14:47:50.016+0900][1.330s][debug][gc,heap        ] GC(26)  garbage-first heap   total 131072K, used 15490K [0x000001b87c000000, 0x000001ef7c000000)
[2026-08-01T14:47:50.016+0900][1.330s][debug][gc,heap        ] GC(26)   region size 32768K, 1 young (32768K), 0 survivors (0K)
[2026-08-01T14:47:50.016+0900][1.330s][debug][gc,heap        ] GC(26)  Metaspace       used 6737K, committed 6912K, reserved 1114112K
[2026-08-01T14:47:50.016+0900][1.330s][debug][gc,heap        ] GC(26)   class space    used 616K, committed 704K, reserved 1048576K
[2026-08-01T14:47:50.017+0900][1.330s][info ][gc,task        ] GC(26) Using 1 workers of 18 for full compaction
[2026-08-01T14:47:50.017+0900][1.330s][info ][gc,phases,start] GC(26) Phase 1: Mark live objects
[2026-08-01T14:47:50.027+0900][1.341s][info ][gc,phases      ] GC(26) Phase 1: Mark live objects 11.025ms
[2026-08-01T14:47:50.027+0900][1.341s][info ][gc,phases,start] GC(26) Phase 2: Prepare for compaction
[2026-08-01T14:47:50.030+0900][1.344s][info ][gc,phases      ] GC(26) Phase 2: Prepare for compaction 2.144ms
[2026-08-01T14:47:50.030+0900][1.344s][info ][gc,phases,start] GC(26) Phase 3: Adjust pointers
[2026-08-01T14:47:50.033+0900][1.348s][info ][gc,phases      ] GC(26) Phase 3: Adjust pointers 4.160ms
[2026-08-01T14:47:50.033+0900][1.348s][info ][gc,phases,start] GC(26) Phase 4: Compact heap
[2026-08-01T14:47:50.036+0900][1.350s][info ][gc,phases      ] GC(26) Phase 4: Compact heap 1.744ms
[2026-08-01T14:47:50.037+0900][1.350s][info ][gc,heap        ] GC(26) Eden regions: 1->0(1)
[2026-08-01T14:47:50.037+0900][1.350s][info ][gc,heap        ] GC(26) Survivor regions: 0->0(0)
[2026-08-01T14:47:50.037+0900][1.350s][info ][gc,heap        ] GC(26) Old regions: 1->1
[2026-08-01T14:47:50.037+0900][1.350s][info ][gc,heap        ] GC(26) Archive regions: 0->0
[2026-08-01T14:47:50.037+0900][1.350s][info ][gc,heap        ] GC(26) Humongous regions: 0->0
[2026-08-01T14:47:50.037+0900][1.350s][info ][gc,metaspace   ] GC(26) Metaspace: 6737K(6912K)->6737K(6912K) NonClass: 6120K(6208K)->6120K(6208K) Class: 616K(704K)->616K(704K)
[2026-08-01T14:47:50.037+0900][1.350s][debug][gc,heap        ] GC(26) Heap after GC invocations=27 (full 27):
[2026-08-01T14:47:50.037+0900][1.350s][debug][gc,heap        ] GC(26)  garbage-first heap   total 131072K, used 15504K [0x000001b87c000000, 0x000001ef7c000000)
[2026-08-01T14:47:50.037+0900][1.350s][debug][gc,heap        ] GC(26)   region size 32768K, 0 young (0K), 0 survivors (0K)
[2026-08-01T14:47:50.037+0900][1.350s][debug][gc,heap        ] GC(26)  Metaspace       used 6737K, committed 6912K, reserved 1114112K
[2026-08-01T14:47:50.037+0900][1.350s][debug][gc,heap        ] GC(26)   class space    used 616K, committed 704K, reserved 1048576K
[2026-08-01T14:47:50.037+0900][1.350s][info ][gc             ] GC(26) Pause Full (System.gc()) 16M->15M(128M) 20.341ms
[2026-08-01T14:47:50.037+0900][1.350s][info ][gc,cpu         ] GC(26) User=0.02s Sys=0.00s Real=0.02s
[2026-08-01T14:47:50.037+0900][1.351s][info ][safepoint      ] Safepoint "G1CollectFull", Time since last: 1778600 ns, Reaching safepoint: 34700 ns, At safepoint: 20443500 ns, Total: 20478200 ns
[2026-08-01T14:47:50.038+0900][1.352s][info ][gc,start       ] GC(27) Pause Full (System.gc())
[2026-08-01T14:47:50.038+0900][1.352s][debug][gc,heap        ] GC(27) Heap before GC invocations=27 (full 27):
[2026-08-01T14:47:50.038+0900][1.352s][debug][gc,heap        ] GC(27)  garbage-first heap   total 131072K, used 15504K [0x000001b87c000000, 0x000001ef7c000000)
[2026-08-01T14:47:50.038+0900][1.352s][debug][gc,heap        ] GC(27)   region size 32768K, 1 young (32768K), 0 survivors (0K)
[2026-08-01T14:47:50.038+0900][1.352s][debug][gc,heap        ] GC(27)  Metaspace       used 6738K, committed 6912K, reserved 1114112K
[2026-08-01T14:47:50.038+0900][1.352s][debug][gc,heap        ] GC(27)   class space    used 616K, committed 704K, reserved 1048576K
[2026-08-01T14:47:50.038+0900][1.352s][info ][gc,task        ] GC(27) Using 1 workers of 18 for full compaction
[2026-08-01T14:47:50.038+0900][1.352s][info ][gc,phases,start] GC(27) Phase 1: Mark live objects
[2026-08-01T14:47:50.049+0900][1.362s][info ][gc,phases      ] GC(27) Phase 1: Mark live objects 9.976ms
[2026-08-01T14:47:50.049+0900][1.362s][info ][gc,phases,start] GC(27) Phase 2: Prepare for compaction
[2026-08-01T14:47:50.051+0900][1.365s][info ][gc,phases      ] GC(27) Phase 2: Prepare for compaction 2.140ms
[2026-08-01T14:47:50.051+0900][1.365s][info ][gc,phases,start] GC(27) Phase 3: Adjust pointers
[2026-08-01T14:47:50.056+0900][1.369s][info ][gc,phases      ] GC(27) Phase 3: Adjust pointers 4.654ms
[2026-08-01T14:47:50.056+0900][1.369s][info ][gc,phases,start] GC(27) Phase 4: Compact heap
[2026-08-01T14:47:50.057+0900][1.371s][info ][gc,phases      ] GC(27) Phase 4: Compact heap 1.810ms
[2026-08-01T14:47:50.058+0900][1.372s][info ][gc,heap        ] GC(27) Eden regions: 1->0(1)
[2026-08-01T14:47:50.058+0900][1.372s][info ][gc,heap        ] GC(27) Survivor regions: 0->0(0)
[2026-08-01T14:47:50.058+0900][1.372s][info ][gc,heap        ] GC(27) Old regions: 1->1
[2026-08-01T14:47:50.058+0900][1.372s][info ][gc,heap        ] GC(27) Archive regions: 0->0
[2026-08-01T14:47:50.058+0900][1.372s][info ][gc,heap        ] GC(27) Humongous regions: 0->0
[2026-08-01T14:47:50.058+0900][1.372s][info ][gc,metaspace   ] GC(27) Metaspace: 6738K(6912K)->6738K(6912K) NonClass: 6122K(6208K)->6122K(6208K) Class: 616K(704K)->616K(704K)
[2026-08-01T14:47:50.058+0900][1.372s][debug][gc,heap        ] GC(27) Heap after GC invocations=28 (full 28):
[2026-08-01T14:47:50.058+0900][1.372s][debug][gc,heap        ] GC(27)  garbage-first heap   total 131072K, used 15521K [0x000001b87c000000, 0x000001ef7c000000)
[2026-08-01T14:47:50.058+0900][1.372s][debug][gc,heap        ] GC(27)   region size 32768K, 0 young (0K), 0 survivors (0K)
[2026-08-01T14:47:50.058+0900][1.372s][debug][gc,heap        ] GC(27)  Metaspace       used 6738K, committed 6912K, reserved 1114112K
[2026-08-01T14:47:50.058+0900][1.372s][debug][gc,heap        ] GC(27)   class space    used 616K, committed 704K, reserved 1048576K
[2026-08-01T14:47:50.058+0900][1.372s][info ][gc             ] GC(27) Pause Full (System.gc()) 16M->15M(128M) 19.955ms
[2026-08-01T14:47:50.058+0900][1.372s][info ][gc,cpu         ] GC(27) User=0.02s Sys=0.00s Real=0.02s
[2026-08-01T14:47:50.058+0900][1.372s][info ][safepoint      ] Safepoint "G1CollectFull", Time since last: 1630699 ns, Reaching safepoint: 43000 ns, At safepoint: 19990501 ns, Total: 20033501 ns
[2026-08-01T14:47:50.073+0900][1.387s][info ][gc,start       ] GC(28) Pause Full (System.gc())
[2026-08-01T14:47:50.073+0900][1.387s][debug][gc,heap        ] GC(28) Heap before GC invocations=28 (full 28):
[2026-08-01T14:47:50.073+0900][1.387s][debug][gc,heap        ] GC(28)  garbage-first heap   total 131072K, used 15521K [0x000001b87c000000, 0x000001ef7c000000)
[2026-08-01T14:47:50.073+0900][1.387s][debug][gc,heap        ] GC(28)   region size 32768K, 1 young (32768K), 0 survivors (0K)
[2026-08-01T14:47:50.073+0900][1.387s][debug][gc,heap        ] GC(28)  Metaspace       used 6767K, committed 6976K, reserved 1114112K
[2026-08-01T14:47:50.073+0900][1.387s][debug][gc,heap        ] GC(28)   class space    used 618K, committed 704K, reserved 1048576K
[2026-08-01T14:47:50.073+0900][1.387s][info ][gc,task        ] GC(28) Using 1 workers of 18 for full compaction
[2026-08-01T14:47:50.073+0900][1.387s][info ][gc,phases,start] GC(28) Phase 1: Mark live objects
[2026-08-01T14:47:50.087+0900][1.401s][info ][gc,phases      ] GC(28) Phase 1: Mark live objects 13.815ms
[2026-08-01T14:47:50.087+0900][1.401s][info ][gc,phases,start] GC(28) Phase 2: Prepare for compaction
[2026-08-01T14:47:50.090+0900][1.404s][info ][gc,phases      ] GC(28) Phase 2: Prepare for compaction 2.657ms
[2026-08-01T14:47:50.090+0900][1.404s][info ][gc,phases,start] GC(28) Phase 3: Adjust pointers
[2026-08-01T14:47:50.096+0900][1.410s][info ][gc,phases      ] GC(28) Phase 3: Adjust pointers 6.336ms
[2026-08-01T14:47:50.096+0900][1.410s][info ][gc,phases,start] GC(28) Phase 4: Compact heap
[2026-08-01T14:47:50.099+0900][1.413s][info ][gc,phases      ] GC(28) Phase 4: Compact heap 2.767ms
[2026-08-01T14:47:50.100+0900][1.414s][info ][gc,heap        ] GC(28) Eden regions: 1->0(1)
[2026-08-01T14:47:50.100+0900][1.414s][info ][gc,heap        ] GC(28) Survivor regions: 0->0(0)
[2026-08-01T14:47:50.100+0900][1.414s][info ][gc,heap        ] GC(28) Old regions: 1->1
[2026-08-01T14:47:50.100+0900][1.414s][info ][gc,heap        ] GC(28) Archive regions: 0->0
[2026-08-01T14:47:50.100+0900][1.414s][info ][gc,heap        ] GC(28) Humongous regions: 0->0
[2026-08-01T14:47:50.100+0900][1.414s][info ][gc,metaspace   ] GC(28) Metaspace: 6767K(6976K)->6767K(6976K) NonClass: 6149K(6272K)->6149K(6272K) Class: 618K(704K)->618K(704K)
[2026-08-01T14:47:50.100+0900][1.414s][debug][gc,heap        ] GC(28) Heap after GC invocations=29 (full 29):
[2026-08-01T14:47:50.100+0900][1.414s][debug][gc,heap        ] GC(28)  garbage-first heap   total 131072K, used 18137K [0x000001b87c000000, 0x000001ef7c000000)
[2026-08-01T14:47:50.100+0900][1.414s][debug][gc,heap        ] GC(28)   region size 32768K, 0 young (0K), 0 survivors (0K)
[2026-08-01T14:47:50.100+0900][1.414s][debug][gc,heap        ] GC(28)  Metaspace       used 6767K, committed 6976K, reserved 1114112K
[2026-08-01T14:47:50.100+0900][1.414s][debug][gc,heap        ] GC(28)   class space    used 618K, committed 704K, reserved 1048576K
[2026-08-01T14:47:50.100+0900][1.414s][info ][gc             ] GC(28) Pause Full (System.gc()) 20M->17M(128M) 27.013ms
[2026-08-01T14:47:50.100+0900][1.414s][info ][gc,cpu         ] GC(28) User=0.03s Sys=0.00s Real=0.03s
[2026-08-01T14:47:50.100+0900][1.414s][info ][safepoint      ] Safepoint "G1CollectFull", Time since last: 14572800 ns, Reaching safepoint: 92700 ns, At safepoint: 27062200 ns, Total: 27154900 ns
[2026-08-01T14:47:50.165+0900][1.479s][info ][gc,start       ] GC(29) Pause Young (Normal) (G1 Evacuation Pause)
[2026-08-01T14:47:50.166+0900][1.480s][debug][gc,heap        ] GC(29) Heap before GC invocations=29 (full 29):
[2026-08-01T14:47:50.166+0900][1.480s][debug][gc,heap        ] GC(29)  garbage-first heap   total 131072K, used 50905K [0x000001b87c000000, 0x000001ef7c000000)
[2026-08-01T14:47:50.166+0900][1.480s][debug][gc,heap        ] GC(29)   region size 32768K, 1 young (32768K), 0 survivors (0K)
[2026-08-01T14:47:50.166+0900][1.480s][debug][gc,heap        ] GC(29)  Metaspace       used 6779K, committed 6976K, reserved 1114112K
[2026-08-01T14:47:50.166+0900][1.480s][debug][gc,heap        ] GC(29)   class space    used 619K, committed 704K, reserved 1048576K
[2026-08-01T14:47:50.166+0900][1.480s][info ][gc,task        ] GC(29) Using 4 workers of 18 for evacuation
[2026-08-01T14:47:50.175+0900][1.489s][info ][gc,phases      ] GC(29)   Pre Evacuate Collection Set: 0.1ms
[2026-08-01T14:47:50.175+0900][1.489s][info ][gc,phases      ] GC(29)   Merge Heap Roots: 0.4ms
[2026-08-01T14:47:50.175+0900][1.489s][info ][gc,phases      ] GC(29)   Evacuate Collection Set: 9.0ms
[2026-08-01T14:47:50.175+0900][1.489s][info ][gc,phases      ] GC(29)   Post Evacuate Collection Set: 0.2ms
[2026-08-01T14:47:50.175+0900][1.489s][info ][gc,phases      ] GC(29)   Other: 0.1ms
[2026-08-01T14:47:50.175+0900][1.489s][info ][gc,heap        ] GC(29) Eden regions: 1->0(1)
[2026-08-01T14:47:50.175+0900][1.489s][info ][gc,heap        ] GC(29) Survivor regions: 0->1(1)
[2026-08-01T14:47:50.175+0900][1.489s][info ][gc,heap        ] GC(29) Old regions: 1->1
[2026-08-01T14:47:50.175+0900][1.489s][info ][gc,heap        ] GC(29) Archive regions: 0->0
[2026-08-01T14:47:50.175+0900][1.489s][info ][gc,heap        ] GC(29) Humongous regions: 0->0
[2026-08-01T14:47:50.175+0900][1.489s][info ][gc,metaspace   ] GC(29) Metaspace: 6779K(6976K)->6779K(6976K) NonClass: 6160K(6272K)->6160K(6272K) Class: 619K(704K)->619K(704K)
[2026-08-01T14:47:50.175+0900][1.489s][debug][gc,heap        ] GC(29) Heap after GC invocations=30 (full 29):
[2026-08-01T14:47:50.175+0900][1.489s][debug][gc,heap        ] GC(29)  garbage-first heap   total 131072K, used 34230K [0x000001b87c000000, 0x000001ef7c000000)
[2026-08-01T14:47:50.175+0900][1.489s][debug][gc,heap        ] GC(29)   region size 32768K, 1 young (32768K), 1 survivors (32768K)
[2026-08-01T14:47:50.175+0900][1.489s][debug][gc,heap        ] GC(29)  Metaspace       used 6779K, committed 6976K, reserved 1114112K
[2026-08-01T14:47:50.175+0900][1.489s][debug][gc,heap        ] GC(29)   class space    used 619K, committed 704K, reserved 1048576K
[2026-08-01T14:47:50.175+0900][1.489s][info ][gc             ] GC(29) Pause Young (Normal) (G1 Evacuation Pause) 49M->33M(128M) 9.971ms
[2026-08-01T14:47:50.175+0900][1.489s][info ][gc,cpu         ] GC(29) User=0.08s Sys=0.00s Real=0.01s
[2026-08-01T14:47:50.175+0900][1.489s][info ][safepoint      ] Safepoint "G1CollectForAllocation", Time since last: 65433199 ns, Reaching safepoint: 48601 ns, At safepoint: 10038900 ns, Total: 10087501 ns
[2026-08-01T14:47:50.208+0900][1.522s][info ][gc,start       ] GC(30) Pause Young (Normal) (G1 Evacuation Pause)
[2026-08-01T14:47:50.208+0900][1.522s][debug][gc,heap        ] GC(30) Heap before GC invocations=30 (full 29):
[2026-08-01T14:47:50.208+0900][1.522s][debug][gc,heap        ] GC(30)  garbage-first heap   total 131072K, used 66998K [0x000001b87c000000, 0x000001ef7c000000)
[2026-08-01T14:47:50.208+0900][1.522s][debug][gc,heap        ] GC(30)   region size 32768K, 2 young (65536K), 1 survivors (32768K)
[2026-08-01T14:47:50.208+0900][1.522s][debug][gc,heap        ] GC(30)  Metaspace       used 6779K, committed 6976K, reserved 1114112K
[2026-08-01T14:47:50.208+0900][1.522s][debug][gc,heap        ] GC(30)   class space    used 619K, committed 704K, reserved 1048576K
[2026-08-01T14:47:50.208+0900][1.522s][info ][gc,task        ] GC(30) Using 4 workers of 18 for evacuation
[2026-08-01T14:47:50.223+0900][1.537s][info ][gc,phases      ] GC(30)   Pre Evacuate Collection Set: 0.0ms
[2026-08-01T14:47:50.223+0900][1.537s][info ][gc,phases      ] GC(30)   Merge Heap Roots: 0.2ms
[2026-08-01T14:47:50.223+0900][1.537s][info ][gc,phases      ] GC(30)   Evacuate Collection Set: 14.0ms
[2026-08-01T14:47:50.223+0900][1.537s][info ][gc,phases      ] GC(30)   Post Evacuate Collection Set: 0.3ms
[2026-08-01T14:47:50.223+0900][1.537s][info ][gc,phases      ] GC(30)   Other: 0.1ms
[2026-08-01T14:47:50.223+0900][1.537s][info ][gc,heap        ] GC(30) Eden regions: 1->0(1)
[2026-08-01T14:47:50.223+0900][1.537s][info ][gc,heap        ] GC(30) Survivor regions: 1->1(1)
[2026-08-01T14:47:50.223+0900][1.537s][info ][gc,heap        ] GC(30) Old regions: 1->1
[2026-08-01T14:47:50.223+0900][1.537s][info ][gc,heap        ] GC(30) Archive regions: 0->0
[2026-08-01T14:47:50.223+0900][1.537s][info ][gc,heap        ] GC(30) Humongous regions: 0->0
[2026-08-01T14:47:50.223+0900][1.537s][info ][gc,metaspace   ] GC(30) Metaspace: 6779K(6976K)->6779K(6976K) NonClass: 6160K(6272K)->6160K(6272K) Class: 619K(704K)->619K(704K)
[2026-08-01T14:47:50.223+0900][1.537s][debug][gc,heap        ] GC(30) Heap after GC invocations=31 (full 29):
[2026-08-01T14:47:50.223+0900][1.537s][debug][gc,heap        ] GC(30)  garbage-first heap   total 131072K, used 49679K [0x000001b87c000000, 0x000001ef7c000000)
[2026-08-01T14:47:50.223+0900][1.537s][debug][gc,heap        ] GC(30)   region size 32768K, 1 young (32768K), 1 survivors (32768K)
[2026-08-01T14:47:50.223+0900][1.537s][debug][gc,heap        ] GC(30)  Metaspace       used 6779K, committed 6976K, reserved 1114112K
[2026-08-01T14:47:50.223+0900][1.537s][debug][gc,heap        ] GC(30)   class space    used 619K, committed 704K, reserved 1048576K
[2026-08-01T14:47:50.223+0900][1.537s][info ][gc             ] GC(30) Pause Young (Normal) (G1 Evacuation Pause) 65M->48M(128M) 14.847ms
[2026-08-01T14:47:50.223+0900][1.537s][info ][gc,cpu         ] GC(30) User=0.06s Sys=0.02s Real=0.02s
[2026-08-01T14:47:50.223+0900][1.537s][info ][safepoint      ] Safepoint "G1CollectForAllocation", Time since last: 32475600 ns, Reaching safepoint: 32999 ns, At safepoint: 14903701 ns, Total: 14936700 ns
[2026-08-01T14:47:50.243+0900][1.558s][info ][gc,start       ] GC(31) Pause Young (Normal) (G1 Evacuation Pause)
[2026-08-01T14:47:50.243+0900][1.558s][debug][gc,heap        ] GC(31) Heap before GC invocations=31 (full 29):
[2026-08-01T14:47:50.243+0900][1.558s][debug][gc,heap        ] GC(31)  garbage-first heap   total 131072K, used 82447K [0x000001b87c000000, 0x000001ef7c000000)
[2026-08-01T14:47:50.243+0900][1.558s][debug][gc,heap        ] GC(31)   region size 32768K, 2 young (65536K), 1 survivors (32768K)
[2026-08-01T14:47:50.243+0900][1.558s][debug][gc,heap        ] GC(31)  Metaspace       used 6781K, committed 6976K, reserved 1114112K
[2026-08-01T14:47:50.243+0900][1.558s][debug][gc,heap        ] GC(31)   class space    used 619K, committed 704K, reserved 1048576K
[2026-08-01T14:47:50.243+0900][1.558s][info ][gc,task        ] GC(31) Using 4 workers of 18 for evacuation
[2026-08-01T14:47:50.265+0900][1.579s][info ][gc,phases      ] GC(31)   Pre Evacuate Collection Set: 0.1ms
[2026-08-01T14:47:50.265+0900][1.579s][info ][gc,phases      ] GC(31)   Merge Heap Roots: 0.1ms
[2026-08-01T14:47:50.265+0900][1.579s][info ][gc,phases      ] GC(31)   Evacuate Collection Set: 20.4ms
[2026-08-01T14:47:50.265+0900][1.579s][info ][gc,phases      ] GC(31)   Post Evacuate Collection Set: 0.3ms
[2026-08-01T14:47:50.265+0900][1.579s][info ][gc,phases      ] GC(31)   Other: 0.1ms
[2026-08-01T14:47:50.265+0900][1.579s][info ][gc,heap        ] GC(31) Eden regions: 1->0(1)
[2026-08-01T14:47:50.265+0900][1.579s][info ][gc,heap        ] GC(31) Survivor regions: 1->1(1)
[2026-08-01T14:47:50.265+0900][1.579s][info ][gc,heap        ] GC(31) Old regions: 1->2
[2026-08-01T14:47:50.265+0900][1.579s][info ][gc,heap        ] GC(31) Archive regions: 0->0
[2026-08-01T14:47:50.265+0900][1.579s][info ][gc,heap        ] GC(31) Humongous regions: 0->0
[2026-08-01T14:47:50.265+0900][1.579s][info ][gc,metaspace   ] GC(31) Metaspace: 6781K(6976K)->6781K(6976K) NonClass: 6162K(6272K)->6162K(6272K) Class: 619K(704K)->619K(704K)
[2026-08-01T14:47:50.265+0900][1.579s][debug][gc,heap        ] GC(31) Heap after GC invocations=32 (full 29):
[2026-08-01T14:47:50.265+0900][1.579s][debug][gc,heap        ] GC(31)  garbage-first heap   total 163840K, used 67377K [0x000001b87c000000, 0x000001ef7c000000)
[2026-08-01T14:47:50.265+0900][1.579s][debug][gc,heap        ] GC(31)   region size 32768K, 1 young (32768K), 1 survivors (32768K)
[2026-08-01T14:47:50.265+0900][1.579s][debug][gc,heap        ] GC(31)  Metaspace       used 6781K, committed 6976K, reserved 1114112K
[2026-08-01T14:47:50.265+0900][1.579s][debug][gc,heap        ] GC(31)   class space    used 619K, committed 704K, reserved 1048576K
[2026-08-01T14:47:50.265+0900][1.579s][info ][gc             ] GC(31) Pause Young (Normal) (G1 Evacuation Pause) 80M->65M(160M) 21.246ms
[2026-08-01T14:47:50.265+0900][1.579s][info ][gc,cpu         ] GC(31) User=0.12s Sys=0.00s Real=0.02s
[2026-08-01T14:47:50.265+0900][1.579s][info ][safepoint      ] Safepoint "G1CollectForAllocation", Time since last: 20847300 ns, Reaching safepoint: 29300 ns, At safepoint: 21301700 ns, Total: 21331000 ns
[2026-08-01T14:47:50.315+0900][1.628s][info ][gc,start       ] GC(32) Pause Young (Normal) (G1 Evacuation Pause)
[2026-08-01T14:47:50.315+0900][1.629s][debug][gc,heap        ] GC(32) Heap before GC invocations=32 (full 29):
[2026-08-01T14:47:50.315+0900][1.629s][debug][gc,heap        ] GC(32)  garbage-first heap   total 163840K, used 100145K [0x000001b87c000000, 0x000001ef7c000000)
[2026-08-01T14:47:50.315+0900][1.629s][debug][gc,heap        ] GC(32)   region size 32768K, 2 young (65536K), 1 survivors (32768K)
[2026-08-01T14:47:50.315+0900][1.629s][debug][gc,heap        ] GC(32)  Metaspace       used 6816K, committed 7040K, reserved 1114112K
[2026-08-01T14:47:50.315+0900][1.629s][debug][gc,heap        ] GC(32)   class space    used 621K, committed 704K, reserved 1048576K
[2026-08-01T14:47:50.315+0900][1.629s][info ][gc,task        ] GC(32) Using 3 workers of 18 for evacuation
[2026-08-01T14:47:50.344+0900][1.658s][info ][gc,phases      ] GC(32)   Pre Evacuate Collection Set: 0.1ms
[2026-08-01T14:47:50.344+0900][1.658s][info ][gc,phases      ] GC(32)   Merge Heap Roots: 0.1ms
[2026-08-01T14:47:50.344+0900][1.658s][info ][gc,phases      ] GC(32)   Evacuate Collection Set: 27.3ms
[2026-08-01T14:47:50.344+0900][1.658s][info ][gc,phases      ] GC(32)   Post Evacuate Collection Set: 2.0ms
[2026-08-01T14:47:50.344+0900][1.658s][info ][gc,phases      ] GC(32)   Other: 0.1ms
[2026-08-01T14:47:50.344+0900][1.658s][info ][gc,heap        ] GC(32) Eden regions: 1->0(1)
[2026-08-01T14:47:50.344+0900][1.658s][info ][gc,heap        ] GC(32) Survivor regions: 1->1(1)
[2026-08-01T14:47:50.344+0900][1.658s][info ][gc,heap        ] GC(32) Old regions: 2->3
[2026-08-01T14:47:50.344+0900][1.658s][info ][gc,heap        ] GC(32) Archive regions: 0->0
[2026-08-01T14:47:50.344+0900][1.658s][info ][gc,heap        ] GC(32) Humongous regions: 0->0
[2026-08-01T14:47:50.344+0900][1.658s][info ][gc,metaspace   ] GC(32) Metaspace: 6816K(7040K)->6816K(7040K) NonClass: 6194K(6336K)->6194K(6336K) Class: 621K(704K)->621K(704K)
[2026-08-01T14:47:50.344+0900][1.658s][debug][gc,heap        ] GC(32) Heap after GC invocations=33 (full 29):
[2026-08-01T14:47:50.344+0900][1.658s][debug][gc,heap        ] GC(32)  garbage-first heap   total 1146880K, used 85945K [0x000001b87c000000, 0x000001ef7c000000)
[2026-08-01T14:47:50.344+0900][1.658s][debug][gc,heap        ] GC(32)   region size 32768K, 1 young (32768K), 1 survivors (32768K)
[2026-08-01T14:47:50.344+0900][1.658s][debug][gc,heap        ] GC(32)  Metaspace       used 6816K, committed 7040K, reserved 1114112K
[2026-08-01T14:47:50.344+0900][1.658s][debug][gc,heap        ] GC(32)   class space    used 621K, committed 704K, reserved 1048576K
[2026-08-01T14:47:50.344+0900][1.658s][info ][gc             ] GC(32) Pause Young (Normal) (G1 Evacuation Pause) 97M->83M(1120M) 29.917ms
[2026-08-01T14:47:50.344+0900][1.658s][info ][gc,cpu         ] GC(32) User=0.12s Sys=0.05s Real=0.03s
[2026-08-01T14:47:50.344+0900][1.659s][info ][safepoint      ] Safepoint "G1CollectForAllocation", Time since last: 49353100 ns, Reaching safepoint: 47300 ns, At safepoint: 30029699 ns, Total: 30076999 ns
[2026-08-01T14:47:50.354+0900][1.668s][info ][gc,start       ] GC(33) Pause Full (System.gc())
[2026-08-01T14:47:50.354+0900][1.668s][debug][gc,heap        ] GC(33) Heap before GC invocations=33 (full 29):
[2026-08-01T14:47:50.354+0900][1.668s][debug][gc,heap        ] GC(33)  garbage-first heap   total 1146880K, used 85945K [0x000001b87c000000, 0x000001ef7c000000)
[2026-08-01T14:47:50.354+0900][1.668s][debug][gc,heap        ] GC(33)   region size 32768K, 2 young (65536K), 1 survivors (32768K)
[2026-08-01T14:47:50.354+0900][1.668s][debug][gc,heap        ] GC(33)  Metaspace       used 6816K, committed 7040K, reserved 1114112K
[2026-08-01T14:47:50.354+0900][1.668s][debug][gc,heap        ] GC(33)   class space    used 621K, committed 704K, reserved 1048576K
[2026-08-01T14:47:50.354+0900][1.668s][info ][gc,task        ] GC(33) Using 2 workers of 18 for full compaction
[2026-08-01T14:47:50.354+0900][1.668s][info ][gc,phases,start] GC(33) Phase 1: Mark live objects
[2026-08-01T14:47:50.395+0900][1.709s][info ][gc,phases      ] GC(33) Phase 1: Mark live objects 41.005ms
[2026-08-01T14:47:50.395+0900][1.709s][info ][gc,phases,start] GC(33) Phase 2: Prepare for compaction
[2026-08-01T14:47:50.401+0900][1.716s][info ][gc,phases      ] GC(33) Phase 2: Prepare for compaction 6.835ms
[2026-08-01T14:47:50.402+0900][1.716s][info ][gc,phases,start] GC(33) Phase 3: Adjust pointers
[2026-08-01T14:47:50.417+0900][1.732s][info ][gc,phases      ] GC(33) Phase 3: Adjust pointers 15.940ms
[2026-08-01T14:47:50.417+0900][1.732s][info ][gc,phases,start] GC(33) Phase 4: Compact heap
[2026-08-01T14:47:50.424+0900][1.739s][info ][gc,phases      ] GC(33) Phase 4: Compact heap 6.702ms
[2026-08-01T14:47:50.427+0900][1.742s][debug][gc,heap        ] GC(33) Uncommittable regions after shrink: 25
[2026-08-01T14:47:50.429+0900][1.743s][info ][gc,heap        ] GC(33) Eden regions: 1->0(1)
[2026-08-01T14:47:50.429+0900][1.743s][info ][gc,heap        ] GC(33) Survivor regions: 1->0(1)
[2026-08-01T14:47:50.429+0900][1.743s][info ][gc,heap        ] GC(33) Old regions: 3->3
[2026-08-01T14:47:50.429+0900][1.743s][info ][gc,heap        ] GC(33) Archive regions: 0->0
[2026-08-01T14:47:50.429+0900][1.743s][info ][gc,heap        ] GC(33) Humongous regions: 0->0
[2026-08-01T14:47:50.429+0900][1.743s][info ][gc,metaspace   ] GC(33) Metaspace: 6816K(7040K)->6816K(7040K) NonClass: 6194K(6336K)->6194K(6336K) Class: 621K(704K)->621K(704K)
[2026-08-01T14:47:50.429+0900][1.743s][debug][gc,heap        ] GC(33) Heap after GC invocations=34 (full 30):
[2026-08-01T14:47:50.429+0900][1.743s][debug][gc,heap        ] GC(33)  garbage-first heap   total 327680K, used 83512K [0x000001b87c000000, 0x000001ef7c000000)
[2026-08-01T14:47:50.429+0900][1.743s][debug][gc,heap        ] GC(33)   region size 32768K, 0 young (0K), 0 survivors (0K)
[2026-08-01T14:47:50.429+0900][1.743s][debug][gc,heap        ] GC(33)  Metaspace       used 6816K, committed 7040K, reserved 1114112K
[2026-08-01T14:47:50.429+0900][1.743s][debug][gc,heap        ] GC(33)   class space    used 621K, committed 704K, reserved 1048576K
[2026-08-01T14:47:50.429+0900][1.743s][info ][gc             ] GC(33) Pause Full (System.gc()) 85M->81M(320M) 75.200ms
[2026-08-01T14:47:50.429+0900][1.743s][info ][gc,cpu         ] GC(33) User=0.17s Sys=0.00s Real=0.07s
[2026-08-01T14:47:50.429+0900][1.743s][info ][safepoint      ] Safepoint "G1CollectFull", Time since last: 5881701 ns, Reaching safepoint: 3376000 ns, At safepoint: 75338100 ns, Total: 78714100 ns
[2026-08-01T14:47:50.462+0900][1.776s][info ][gc,start       ] GC(34) Pause Young (Normal) (G1 Evacuation Pause)
[2026-08-01T14:47:50.462+0900][1.776s][debug][gc,heap        ] GC(34) Heap before GC invocations=34 (full 30):
[2026-08-01T14:47:50.462+0900][1.776s][debug][gc,heap        ] GC(34)  garbage-first heap   total 327680K, used 116280K [0x000001b87c000000, 0x000001ef7c000000)
[2026-08-01T14:47:50.462+0900][1.776s][debug][gc,heap        ] GC(34)   region size 32768K, 1 young (32768K), 0 survivors (0K)
[2026-08-01T14:47:50.462+0900][1.776s][debug][gc,heap        ] GC(34)  Metaspace       used 6819K, committed 7040K, reserved 1114112K
[2026-08-01T14:47:50.462+0900][1.776s][debug][gc,heap        ] GC(34)   class space    used 621K, committed 704K, reserved 1048576K
[2026-08-01T14:47:50.462+0900][1.776s][info ][gc,task        ] GC(34) Using 7 workers of 18 for evacuation
[2026-08-01T14:47:50.469+0900][1.783s][info ][gc,phases      ] GC(34)   Pre Evacuate Collection Set: 0.2ms
[2026-08-01T14:47:50.469+0900][1.783s][info ][gc,phases      ] GC(34)   Merge Heap Roots: 0.2ms
[2026-08-01T14:47:50.469+0900][1.783s][info ][gc,phases      ] GC(34)   Evacuate Collection Set: 5.7ms
[2026-08-01T14:47:50.469+0900][1.783s][info ][gc,phases      ] GC(34)   Post Evacuate Collection Set: 0.4ms
[2026-08-01T14:47:50.469+0900][1.783s][info ][gc,phases      ] GC(34)   Other: 0.2ms
[2026-08-01T14:47:50.469+0900][1.783s][info ][gc,heap        ] GC(34) Eden regions: 1->0(1)
[2026-08-01T14:47:50.469+0900][1.783s][info ][gc,heap        ] GC(34) Survivor regions: 0->1(1)
[2026-08-01T14:47:50.469+0900][1.783s][info ][gc,heap        ] GC(34) Old regions: 3->3
[2026-08-01T14:47:50.469+0900][1.783s][info ][gc,heap        ] GC(34) Archive regions: 0->0
[2026-08-01T14:47:50.469+0900][1.783s][info ][gc,heap        ] GC(34) Humongous regions: 0->0
[2026-08-01T14:47:50.469+0900][1.783s][info ][gc,metaspace   ] GC(34) Metaspace: 6819K(7040K)->6819K(7040K) NonClass: 6197K(6336K)->6197K(6336K) Class: 621K(704K)->621K(704K)
[2026-08-01T14:47:50.469+0900][1.783s][debug][gc,heap        ] GC(34) Heap after GC invocations=35 (full 30):
[2026-08-01T14:47:50.469+0900][1.783s][debug][gc,heap        ] GC(34)  garbage-first heap   total 327680K, used 101724K [0x000001b87c000000, 0x000001ef7c000000)
[2026-08-01T14:47:50.469+0900][1.783s][debug][gc,heap        ] GC(34)   region size 32768K, 1 young (32768K), 1 survivors (32768K)
[2026-08-01T14:47:50.469+0900][1.783s][debug][gc,heap        ] GC(34)  Metaspace       used 6819K, committed 7040K, reserved 1114112K
[2026-08-01T14:47:50.469+0900][1.783s][debug][gc,heap        ] GC(34)   class space    used 621K, committed 704K, reserved 1048576K
[2026-08-01T14:47:50.469+0900][1.783s][info ][gc             ] GC(34) Pause Young (Normal) (G1 Evacuation Pause) 113M->99M(320M) 7.538ms
[2026-08-01T14:47:50.469+0900][1.783s][info ][gc,cpu         ] GC(34) User=0.09s Sys=0.02s Real=0.01s
[2026-08-01T14:47:50.469+0900][1.783s][info ][safepoint      ] Safepoint "G1CollectForAllocation", Time since last: 32382699 ns, Reaching safepoint: 84201 ns, At safepoint: 7601600 ns, Total: 7685801 ns
[2026-08-01T14:47:50.496+0900][1.810s][info ][gc,start       ] GC(35) Pause Young (Normal) (G1 Evacuation Pause)
[2026-08-01T14:47:50.496+0900][1.810s][debug][gc,heap        ] GC(35) Heap before GC invocations=35 (full 30):
[2026-08-01T14:47:50.496+0900][1.810s][debug][gc,heap        ] GC(35)  garbage-first heap   total 327680K, used 134492K [0x000001b87c000000, 0x000001ef7c000000)
[2026-08-01T14:47:50.496+0900][1.810s][debug][gc,heap        ] GC(35)   region size 32768K, 2 young (65536K), 1 survivors (32768K)
[2026-08-01T14:47:50.496+0900][1.810s][debug][gc,heap        ] GC(35)  Metaspace       used 6929K, committed 7232K, reserved 1114112K
[2026-08-01T14:47:50.496+0900][1.810s][debug][gc,heap        ] GC(35)   class space    used 635K, committed 768K, reserved 1048576K
[2026-08-01T14:47:50.496+0900][1.810s][info ][gc,task        ] GC(35) Using 7 workers of 18 for evacuation
[2026-08-01T14:47:50.506+0900][1.820s][info ][gc,phases      ] GC(35)   Pre Evacuate Collection Set: 0.1ms
[2026-08-01T14:47:50.506+0900][1.820s][info ][gc,phases      ] GC(35)   Merge Heap Roots: 0.1ms
[2026-08-01T14:47:50.506+0900][1.820s][info ][gc,phases      ] GC(35)   Evacuate Collection Set: 9.2ms
[2026-08-01T14:47:50.506+0900][1.820s][info ][gc,phases      ] GC(35)   Post Evacuate Collection Set: 0.3ms
[2026-08-01T14:47:50.506+0900][1.820s][info ][gc,phases      ] GC(35)   Other: 0.1ms
[2026-08-01T14:47:50.506+0900][1.820s][info ][gc,heap        ] GC(35) Eden regions: 1->0(1)
[2026-08-01T14:47:50.506+0900][1.820s][info ][gc,heap        ] GC(35) Survivor regions: 1->1(1)
[2026-08-01T14:47:50.506+0900][1.820s][info ][gc,heap        ] GC(35) Old regions: 3->3
[2026-08-01T14:47:50.506+0900][1.820s][info ][gc,heap        ] GC(35) Archive regions: 0->0
[2026-08-01T14:47:50.506+0900][1.820s][info ][gc,heap        ] GC(35) Humongous regions: 0->0
[2026-08-01T14:47:50.506+0900][1.820s][info ][gc,metaspace   ] GC(35) Metaspace: 6929K(7232K)->6929K(7232K) NonClass: 6293K(6464K)->6293K(6464K) Class: 635K(768K)->635K(768K)
[2026-08-01T14:47:50.506+0900][1.820s][debug][gc,heap        ] GC(35) Heap after GC invocations=36 (full 30):
[2026-08-01T14:47:50.506+0900][1.820s][debug][gc,heap        ] GC(35)  garbage-first heap   total 327680K, used 114374K [0x000001b87c000000, 0x000001ef7c000000)
[2026-08-01T14:47:50.506+0900][1.820s][debug][gc,heap        ] GC(35)   region size 32768K, 1 young (32768K), 1 survivors (32768K)
[2026-08-01T14:47:50.506+0900][1.820s][debug][gc,heap        ] GC(35)  Metaspace       used 6929K, committed 7232K, reserved 1114112K
[2026-08-01T14:47:50.506+0900][1.820s][debug][gc,heap        ] GC(35)   class space    used 635K, committed 768K, reserved 1048576K
[2026-08-01T14:47:50.506+0900][1.820s][info ][gc             ] GC(35) Pause Young (Normal) (G1 Evacuation Pause) 131M->111M(320M) 10.148ms
[2026-08-01T14:47:50.506+0900][1.820s][info ][gc,cpu         ] GC(35) User=0.19s Sys=0.00s Real=0.01s
[2026-08-01T14:47:50.506+0900][1.820s][info ][safepoint      ] Safepoint "G1CollectForAllocation", Time since last: 26816700 ns, Reaching safepoint: 83900 ns, At safepoint: 10209300 ns, Total: 10293200 ns
[2026-08-01T14:47:50.617+0900][1.930s][info ][gc,start       ] GC(36) Pause Young (Normal) (G1 Evacuation Pause)
[2026-08-01T14:47:50.617+0900][1.930s][debug][gc,heap        ] GC(36) Heap before GC invocations=36 (full 30):
[2026-08-01T14:47:50.617+0900][1.930s][debug][gc,heap        ] GC(36)  garbage-first heap   total 327680K, used 147142K [0x000001b87c000000, 0x000001ef7c000000)
[2026-08-01T14:47:50.617+0900][1.930s][debug][gc,heap        ] GC(36)   region size 32768K, 2 young (65536K), 1 survivors (32768K)
[2026-08-01T14:47:50.617+0900][1.930s][debug][gc,heap        ] GC(36)  Metaspace       used 7564K, committed 7872K, reserved 1114112K
[2026-08-01T14:47:50.617+0900][1.930s][debug][gc,heap        ] GC(36)   class space    used 681K, committed 832K, reserved 1048576K
[2026-08-01T14:47:50.617+0900][1.930s][info ][gc,task        ] GC(36) Using 7 workers of 18 for evacuation
[2026-08-01T14:47:50.625+0900][1.938s][info ][gc,phases      ] GC(36)   Pre Evacuate Collection Set: 0.1ms
[2026-08-01T14:47:50.625+0900][1.938s][info ][gc,phases      ] GC(36)   Merge Heap Roots: 0.1ms
[2026-08-01T14:47:50.625+0900][1.938s][info ][gc,phases      ] GC(36)   Evacuate Collection Set: 7.4ms
[2026-08-01T14:47:50.625+0900][1.938s][info ][gc,phases      ] GC(36)   Post Evacuate Collection Set: 0.4ms
[2026-08-01T14:47:50.625+0900][1.939s][info ][gc,phases      ] GC(36)   Other: 0.1ms
[2026-08-01T14:47:50.625+0900][1.939s][info ][gc,heap        ] GC(36) Eden regions: 1->0(1)
[2026-08-01T14:47:50.625+0900][1.939s][info ][gc,heap        ] GC(36) Survivor regions: 1->1(1)
[2026-08-01T14:47:50.625+0900][1.939s][info ][gc,heap        ] GC(36) Old regions: 3->4
[2026-08-01T14:47:50.625+0900][1.939s][info ][gc,heap        ] GC(36) Archive regions: 0->0
[2026-08-01T14:47:50.625+0900][1.939s][info ][gc,heap        ] GC(36) Humongous regions: 0->0
[2026-08-01T14:47:50.625+0900][1.939s][info ][gc,metaspace   ] GC(36) Metaspace: 7564K(7872K)->7564K(7872K) NonClass: 6883K(7040K)->6883K(7040K) Class: 681K(832K)->681K(832K)
[2026-08-01T14:47:50.625+0900][1.939s][debug][gc,heap        ] GC(36) Heap after GC invocations=37 (full 30):
[2026-08-01T14:47:50.625+0900][1.939s][debug][gc,heap        ] GC(36)  garbage-first heap   total 327680K, used 122030K [0x000001b87c000000, 0x000001ef7c000000)
[2026-08-01T14:47:50.625+0900][1.939s][debug][gc,heap        ] GC(36)   region size 32768K, 1 young (32768K), 1 survivors (32768K)
[2026-08-01T14:47:50.625+0900][1.939s][debug][gc,heap        ] GC(36)  Metaspace       used 7564K, committed 7872K, reserved 1114112K
[2026-08-01T14:47:50.625+0900][1.939s][debug][gc,heap        ] GC(36)   class space    used 681K, committed 832K, reserved 1048576K
[2026-08-01T14:47:50.625+0900][1.939s][info ][gc             ] GC(36) Pause Young (Normal) (G1 Evacuation Pause) 143M->119M(320M) 8.388ms
[2026-08-01T14:47:50.625+0900][1.939s][info ][gc,cpu         ] GC(36) User=0.11s Sys=0.00s Real=0.01s
[2026-08-01T14:47:50.625+0900][1.939s][info ][safepoint      ] Safepoint "G1CollectForAllocation", Time since last: 109877199 ns, Reaching safepoint: 64301 ns, At safepoint: 8447200 ns, Total: 8511501 ns
[2026-08-01T14:47:50.626+0900][1.941s][debug][gc,heap        ] Concurrent Uncommit Summary: 800M, 25 regions, 8.898ms
[2026-08-01T14:47:50.665+0900][1.979s][info ][gc,start       ] GC(37) Pause Young (Normal) (G1 Evacuation Pause)
[2026-08-01T14:47:50.665+0900][1.979s][debug][gc,heap        ] GC(37) Heap before GC invocations=37 (full 30):
[2026-08-01T14:47:50.665+0900][1.979s][debug][gc,heap        ] GC(37)  garbage-first heap   total 327680K, used 154798K [0x000001b87c000000, 0x000001ef7c000000)
[2026-08-01T14:47:50.665+0900][1.979s][debug][gc,heap        ] GC(37)   region size 32768K, 2 young (65536K), 1 survivors (32768K)
[2026-08-01T14:47:50.665+0900][1.979s][debug][gc,heap        ] GC(37)  Metaspace       used 7574K, committed 7872K, reserved 1114112K
[2026-08-01T14:47:50.665+0900][1.979s][debug][gc,heap        ] GC(37)   class space    used 681K, committed 832K, reserved 1048576K
[2026-08-01T14:47:50.665+0900][1.979s][info ][gc,task        ] GC(37) Using 7 workers of 18 for evacuation
[2026-08-01T14:47:50.675+0900][1.990s][info ][gc,phases      ] GC(37)   Pre Evacuate Collection Set: 0.1ms
[2026-08-01T14:47:50.675+0900][1.990s][info ][gc,phases      ] GC(37)   Merge Heap Roots: 0.2ms
[2026-08-01T14:47:50.675+0900][1.990s][info ][gc,phases      ] GC(37)   Evacuate Collection Set: 8.3ms
[2026-08-01T14:47:50.675+0900][1.990s][info ][gc,phases      ] GC(37)   Post Evacuate Collection Set: 2.0ms
[2026-08-01T14:47:50.675+0900][1.990s][info ][gc,phases      ] GC(37)   Other: 0.1ms
[2026-08-01T14:47:50.675+0900][1.990s][info ][gc,heap        ] GC(37) Eden regions: 1->0(4)
[2026-08-01T14:47:50.675+0900][1.990s][info ][gc,heap        ] GC(37) Survivor regions: 1->1(1)
[2026-08-01T14:47:50.675+0900][1.990s][info ][gc,heap        ] GC(37) Old regions: 4->4
[2026-08-01T14:47:50.675+0900][1.990s][info ][gc,heap        ] GC(37) Archive regions: 0->0
[2026-08-01T14:47:50.675+0900][1.990s][info ][gc,heap        ] GC(37) Humongous regions: 0->0
[2026-08-01T14:47:50.676+0900][1.990s][info ][gc,metaspace   ] GC(37) Metaspace: 7574K(7872K)->7574K(7872K) NonClass: 6892K(7040K)->6892K(7040K) Class: 681K(832K)->681K(832K)
[2026-08-01T14:47:50.676+0900][1.990s][debug][gc,heap        ] GC(37) Heap after GC invocations=38 (full 30):
[2026-08-01T14:47:50.676+0900][1.990s][debug][gc,heap        ] GC(37)  garbage-first heap   total 1212416K, used 137717K [0x000001b87c000000, 0x000001ef7c000000)
[2026-08-01T14:47:50.676+0900][1.990s][debug][gc,heap        ] GC(37)   region size 32768K, 1 young (32768K), 1 survivors (32768K)
[2026-08-01T14:47:50.676+0900][1.990s][debug][gc,heap        ] GC(37)  Metaspace       used 7574K, committed 7872K, reserved 1114112K
[2026-08-01T14:47:50.676+0900][1.990s][debug][gc,heap        ] GC(37)   class space    used 681K, committed 832K, reserved 1048576K
[2026-08-01T14:47:50.676+0900][1.990s][info ][gc             ] GC(37) Pause Young (Normal) (G1 Evacuation Pause) 151M->134M(1184M) 10.895ms
[2026-08-01T14:47:50.676+0900][1.990s][info ][gc,cpu         ] GC(37) User=0.12s Sys=0.00s Real=0.01s
[2026-08-01T14:47:50.676+0900][1.990s][info ][safepoint      ] Safepoint "G1CollectForAllocation", Time since last: 40466300 ns, Reaching safepoint: 111000 ns, At safepoint: 11013900 ns, Total: 11124900 ns
[2026-08-01T14:47:50.798+0900][2.112s][info ][gc,start       ] GC(38) Pause Full (System.gc())
[2026-08-01T14:47:50.798+0900][2.112s][debug][gc,heap        ] GC(38) Heap before GC invocations=38 (full 30):
[2026-08-01T14:47:50.798+0900][2.112s][debug][gc,heap        ] GC(38)  garbage-first heap   total 1212416K, used 170485K [0x000001b87c000000, 0x000001ef7c000000)
[2026-08-01T14:47:50.798+0900][2.112s][debug][gc,heap        ] GC(38)   region size 32768K, 3 young (98304K), 1 survivors (32768K)
[2026-08-01T14:47:50.798+0900][2.112s][debug][gc,heap        ] GC(38)  Metaspace       used 7631K, committed 7872K, reserved 1114112K
[2026-08-01T14:47:50.798+0900][2.112s][debug][gc,heap        ] GC(38)   class space    used 686K, committed 832K, reserved 1048576K
[2026-08-01T14:47:50.798+0900][2.112s][info ][gc,task        ] GC(38) Using 2 workers of 18 for full compaction
[2026-08-01T14:47:50.799+0900][2.112s][info ][gc,phases,start] GC(38) Phase 1: Mark live objects
[2026-08-01T14:47:50.839+0900][2.153s][info ][gc,phases      ] GC(38) Phase 1: Mark live objects 40.970ms
[2026-08-01T14:47:50.839+0900][2.153s][info ][gc,phases,start] GC(38) Phase 2: Prepare for compaction
[2026-08-01T14:47:50.847+0900][2.161s][info ][gc,phases      ] GC(38) Phase 2: Prepare for compaction 7.130ms
[2026-08-01T14:47:50.847+0900][2.161s][info ][gc,phases,start] GC(38) Phase 3: Adjust pointers
[2026-08-01T14:47:50.868+0900][2.182s][info ][gc,phases      ] GC(38) Phase 3: Adjust pointers 21.668ms
[2026-08-01T14:47:50.868+0900][2.182s][info ][gc,phases,start] GC(38) Phase 4: Compact heap
[2026-08-01T14:47:50.875+0900][2.190s][info ][gc,phases      ] GC(38) Phase 4: Compact heap 7.319ms
[2026-08-01T14:47:50.879+0900][2.193s][debug][gc,heap        ] GC(38) Uncommittable regions after shrink: 27
[2026-08-01T14:47:50.881+0900][2.195s][info ][gc,heap        ] GC(38) Eden regions: 2->0(2)
[2026-08-01T14:47:50.881+0900][2.195s][info ][gc,heap        ] GC(38) Survivor regions: 1->0(1)
[2026-08-01T14:47:50.881+0900][2.195s][info ][gc,heap        ] GC(38) Old regions: 4->3
[2026-08-01T14:47:50.881+0900][2.195s][info ][gc,heap        ] GC(38) Archive regions: 0->0
[2026-08-01T14:47:50.881+0900][2.195s][info ][gc,heap        ] GC(38) Humongous regions: 0->0
[2026-08-01T14:47:50.881+0900][2.195s][info ][gc,metaspace   ] GC(38) Metaspace: 7631K(7872K)->7631K(7872K) NonClass: 6945K(7040K)->6945K(7040K) Class: 686K(832K)->686K(832K)
[2026-08-01T14:47:50.881+0900][2.195s][debug][gc,heap        ] GC(38) Heap after GC invocations=39 (full 31):
[2026-08-01T14:47:50.881+0900][2.195s][debug][gc,heap        ] GC(38)  garbage-first heap   total 327680K, used 86696K [0x000001b87c000000, 0x000001ef7c000000)
[2026-08-01T14:47:50.881+0900][2.195s][debug][gc,heap        ] GC(38)   region size 32768K, 0 young (0K), 0 survivors (0K)
[2026-08-01T14:47:50.881+0900][2.195s][debug][gc,heap        ] GC(38)  Metaspace       used 7631K, committed 7872K, reserved 1114112K
[2026-08-01T14:47:50.881+0900][2.195s][debug][gc,heap        ] GC(38)   class space    used 686K, committed 832K, reserved 1048576K
[2026-08-01T14:47:50.881+0900][2.195s][info ][gc             ] GC(38) Pause Full (System.gc()) 194M->84M(320M) 82.756ms
[2026-08-01T14:47:50.881+0900][2.195s][info ][gc,cpu         ] GC(38) User=0.16s Sys=0.00s Real=0.08s
[2026-08-01T14:47:50.881+0900][2.195s][info ][safepoint      ] Safepoint "G1CollectFull", Time since last: 121899500 ns, Reaching safepoint: 45500 ns, At safepoint: 82885600 ns, Total: 82931100 ns
[2026-08-01T14:47:50.906+0900][2.220s][info ][gc,start       ] GC(39) Pause Full (System.gc())
[2026-08-01T14:47:50.906+0900][2.220s][debug][gc,heap        ] GC(39) Heap before GC invocations=39 (full 31):
[2026-08-01T14:47:50.906+0900][2.220s][debug][gc,heap        ] GC(39)  garbage-first heap   total 327680K, used 86696K [0x000001b87c000000, 0x000001ef7c000000)
[2026-08-01T14:47:50.906+0900][2.220s][debug][gc,heap        ] GC(39)   region size 32768K, 1 young (32768K), 0 survivors (0K)
[2026-08-01T14:47:50.906+0900][2.220s][debug][gc,heap        ] GC(39)  Metaspace       used 7631K, committed 7872K, reserved 1114112K
[2026-08-01T14:47:50.906+0900][2.220s][debug][gc,heap        ] GC(39)   class space    used 686K, committed 832K, reserved 1048576K
[2026-08-01T14:47:50.906+0900][2.221s][info ][gc,task        ] GC(39) Using 1 workers of 18 for full compaction
[2026-08-01T14:47:50.906+0900][2.221s][info ][gc,phases,start] GC(39) Phase 1: Mark live objects
[2026-08-01T14:47:50.956+0900][2.270s][info ][gc,phases      ] GC(39) Phase 1: Mark live objects 49.200ms
[2026-08-01T14:47:50.956+0900][2.270s][info ][gc,phases,start] GC(39) Phase 2: Prepare for compaction
[2026-08-01T14:47:50.968+0900][2.283s][info ][gc,phases      ] GC(39) Phase 2: Prepare for compaction 12.833ms
[2026-08-01T14:47:50.968+0900][2.283s][info ][gc,phases,start] GC(39) Phase 3: Adjust pointers
[2026-08-01T14:47:50.994+0900][2.308s][info ][gc,phases      ] GC(39) Phase 3: Adjust pointers 25.565ms
[2026-08-01T14:47:50.994+0900][2.308s][info ][gc,phases,start] GC(39) Phase 4: Compact heap
[2026-08-01T14:47:51.007+0900][2.321s][info ][gc,phases      ] GC(39) Phase 4: Compact heap 12.885ms
[2026-08-01T14:47:51.008+0900][2.322s][debug][gc,heap        ] GC(39) Uncommittable regions after shrink: 3
[2026-08-01T14:47:51.009+0900][2.324s][info ][gc,heap        ] GC(39) Eden regions: 1->0(1)
[2026-08-01T14:47:51.010+0900][2.324s][info ][gc,heap        ] GC(39) Survivor regions: 0->0(1)
[2026-08-01T14:47:51.010+0900][2.324s][info ][gc,heap        ] GC(39) Old regions: 3->2
[2026-08-01T14:47:51.010+0900][2.324s][info ][gc,heap        ] GC(39) Archive regions: 0->0
[2026-08-01T14:47:51.010+0900][2.324s][info ][gc,heap        ] GC(39) Humongous regions: 0->0
[2026-08-01T14:47:51.010+0900][2.324s][info ][gc,metaspace   ] GC(39) Metaspace: 7631K(7872K)->7631K(7872K) NonClass: 6945K(7040K)->6945K(7040K) Class: 686K(832K)->686K(832K)
[2026-08-01T14:47:51.010+0900][2.324s][debug][gc,heap        ] GC(39) Heap after GC invocations=40 (full 32):
[2026-08-01T14:47:51.010+0900][2.324s][debug][gc,heap        ] GC(39)  garbage-first heap   total 229376K, used 48778K [0x000001b87c000000, 0x000001ef7c000000)
[2026-08-01T14:47:51.010+0900][2.324s][debug][gc,heap        ] GC(39)   region size 32768K, 0 young (0K), 0 survivors (0K)
[2026-08-01T14:47:51.010+0900][2.324s][debug][gc,heap        ] GC(39)  Metaspace       used 7631K, committed 7872K, reserved 1114112K
[2026-08-01T14:47:51.010+0900][2.324s][debug][gc,heap        ] GC(39)   class space    used 686K, committed 832K, reserved 1048576K
[2026-08-01T14:47:51.010+0900][2.324s][info ][gc             ] GC(39) Pause Full (System.gc()) 98M->47M(224M) 103.474ms
[2026-08-01T14:47:51.010+0900][2.324s][info ][gc,cpu         ] GC(39) User=0.09s Sys=0.00s Real=0.10s
[2026-08-01T14:47:51.010+0900][2.324s][info ][safepoint      ] Safepoint "G1CollectFull", Time since last: 25268800 ns, Reaching safepoint: 31000 ns, At safepoint: 103604200 ns, Total: 103635200 ns
[2026-08-01T14:47:51.057+0900][2.371s][info ][gc,start       ] GC(40) Pause Young (Normal) (G1 Evacuation Pause)
[2026-08-01T14:47:51.057+0900][2.372s][debug][gc,heap        ] GC(40) Heap before GC invocations=40 (full 32):
[2026-08-01T14:47:51.057+0900][2.372s][debug][gc,heap        ] GC(40)  garbage-first heap   total 229376K, used 81546K [0x000001b87c000000, 0x000001ef7c000000)
[2026-08-01T14:47:51.057+0900][2.372s][debug][gc,heap        ] GC(40)   region size 32768K, 1 young (32768K), 0 survivors (0K)
[2026-08-01T14:47:51.057+0900][2.372s][debug][gc,heap        ] GC(40)  Metaspace       used 7829K, committed 8192K, reserved 1114112K
[2026-08-01T14:47:51.057+0900][2.372s][debug][gc,heap        ] GC(40)   class space    used 710K, committed 896K, reserved 1048576K
[2026-08-01T14:47:51.057+0900][2.372s][info ][gc,task        ] GC(40) Using 5 workers of 18 for evacuation
[2026-08-01T14:47:51.065+0900][2.379s][info ][gc,phases      ] GC(40)   Pre Evacuate Collection Set: 0.1ms
[2026-08-01T14:47:51.065+0900][2.379s][info ][gc,phases      ] GC(40)   Merge Heap Roots: 0.2ms
[2026-08-01T14:47:51.065+0900][2.379s][info ][gc,phases      ] GC(40)   Evacuate Collection Set: 6.8ms
[2026-08-01T14:47:51.065+0900][2.379s][info ][gc,phases      ] GC(40)   Post Evacuate Collection Set: 0.3ms
[2026-08-01T14:47:51.065+0900][2.379s][info ][gc,phases      ] GC(40)   Other: 0.1ms
[2026-08-01T14:47:51.065+0900][2.379s][info ][gc,heap        ] GC(40) Eden regions: 1->0(1)
[2026-08-01T14:47:51.065+0900][2.379s][info ][gc,heap        ] GC(40) Survivor regions: 0->1(1)
[2026-08-01T14:47:51.065+0900][2.379s][info ][gc,heap        ] GC(40) Old regions: 2->2
[2026-08-01T14:47:51.065+0900][2.379s][info ][gc,heap        ] GC(40) Archive regions: 0->0
[2026-08-01T14:47:51.065+0900][2.379s][info ][gc,heap        ] GC(40) Humongous regions: 0->0
[2026-08-01T14:47:51.065+0900][2.379s][info ][gc,metaspace   ] GC(40) Metaspace: 7829K(8192K)->7829K(8192K) NonClass: 7119K(7296K)->7119K(7296K) Class: 710K(896K)->710K(896K)
[2026-08-01T14:47:51.065+0900][2.379s][debug][gc,heap        ] GC(40) Heap after GC invocations=41 (full 32):
[2026-08-01T14:47:51.065+0900][2.379s][debug][gc,heap        ] GC(40)  garbage-first heap   total 229376K, used 64762K [0x000001b87c000000, 0x000001ef7c000000)
[2026-08-01T14:47:51.065+0900][2.379s][debug][gc,heap        ] GC(40)   region size 32768K, 1 young (32768K), 1 survivors (32768K)
[2026-08-01T14:47:51.065+0900][2.379s][debug][gc,heap        ] GC(40)  Metaspace       used 7829K, committed 8192K, reserved 1114112K
[2026-08-01T14:47:51.065+0900][2.379s][debug][gc,heap        ] GC(40)   class space    used 710K, committed 896K, reserved 1048576K
[2026-08-01T14:47:51.065+0900][2.379s][info ][gc             ] GC(40) Pause Young (Normal) (G1 Evacuation Pause) 79M->63M(224M) 7.893ms
[2026-08-01T14:47:51.065+0900][2.379s][info ][gc,cpu         ] GC(40) User=0.06s Sys=0.05s Real=0.01s
[2026-08-01T14:47:51.065+0900][2.379s][info ][safepoint      ] Safepoint "G1CollectForAllocation", Time since last: 46742100 ns, Reaching safepoint: 736400 ns, At safepoint: 7947400 ns, Total: 8683800 ns
[2026-08-01T14:47:51.082+0900][2.397s][info ][gc,start       ] GC(41) Pause Young (Normal) (G1 Evacuation Pause)
[2026-08-01T14:47:51.082+0900][2.397s][debug][gc,heap        ] GC(41) Heap before GC invocations=41 (full 32):
[2026-08-01T14:47:51.082+0900][2.397s][debug][gc,heap        ] GC(41)  garbage-first heap   total 229376K, used 97530K [0x000001b87c000000, 0x000001ef7c000000)
[2026-08-01T14:47:51.082+0900][2.397s][debug][gc,heap        ] GC(41)   region size 32768K, 2 young (65536K), 1 survivors (32768K)
[2026-08-01T14:47:51.082+0900][2.397s][debug][gc,heap        ] GC(41)  Metaspace       used 7829K, committed 8192K, reserved 1114112K
[2026-08-01T14:47:51.082+0900][2.397s][debug][gc,heap        ] GC(41)   class space    used 710K, committed 896K, reserved 1048576K
[2026-08-01T14:47:51.082+0900][2.397s][info ][gc,task        ] GC(41) Using 5 workers of 18 for evacuation
[2026-08-01T14:47:51.095+0900][2.409s][info ][gc,phases      ] GC(41)   Pre Evacuate Collection Set: 0.1ms
[2026-08-01T14:47:51.095+0900][2.409s][info ][gc,phases      ] GC(41)   Merge Heap Roots: 0.2ms
[2026-08-01T14:47:51.095+0900][2.409s][info ][gc,phases      ] GC(41)   Evacuate Collection Set: 11.8ms
[2026-08-01T14:47:51.095+0900][2.409s][info ][gc,phases      ] GC(41)   Post Evacuate Collection Set: 0.3ms
[2026-08-01T14:47:51.095+0900][2.409s][info ][gc,phases      ] GC(41)   Other: 0.1ms
[2026-08-01T14:47:51.095+0900][2.409s][info ][gc,heap        ] GC(41) Eden regions: 1->0(1)
[2026-08-01T14:47:51.095+0900][2.409s][info ][gc,heap        ] GC(41) Survivor regions: 1->1(1)
[2026-08-01T14:47:51.095+0900][2.409s][info ][gc,heap        ] GC(41) Old regions: 2->2
[2026-08-01T14:47:51.095+0900][2.409s][info ][gc,heap        ] GC(41) Archive regions: 0->0
[2026-08-01T14:47:51.095+0900][2.409s][info ][gc,heap        ] GC(41) Humongous regions: 0->0
[2026-08-01T14:47:51.095+0900][2.410s][info ][gc,metaspace   ] GC(41) Metaspace: 7829K(8192K)->7829K(8192K) NonClass: 7119K(7296K)->7119K(7296K) Class: 710K(896K)->710K(896K)
[2026-08-01T14:47:51.095+0900][2.410s][debug][gc,heap        ] GC(41) Heap after GC invocations=42 (full 32):
[2026-08-01T14:47:51.095+0900][2.410s][debug][gc,heap        ] GC(41)  garbage-first heap   total 229376K, used 77446K [0x000001b87c000000, 0x000001ef7c000000)
[2026-08-01T14:47:51.095+0900][2.410s][debug][gc,heap        ] GC(41)   region size 32768K, 1 young (32768K), 1 survivors (32768K)
[2026-08-01T14:47:51.095+0900][2.410s][debug][gc,heap        ] GC(41)  Metaspace       used 7829K, committed 8192K, reserved 1114112K
[2026-08-01T14:47:51.095+0900][2.410s][debug][gc,heap        ] GC(41)   class space    used 710K, committed 896K, reserved 1048576K
[2026-08-01T14:47:51.095+0900][2.410s][info ][gc             ] GC(41) Pause Young (Normal) (G1 Evacuation Pause) 95M->75M(224M) 12.769ms
[2026-08-01T14:47:51.095+0900][2.410s][info ][gc,cpu         ] GC(41) User=0.05s Sys=0.03s Real=0.01s
[2026-08-01T14:47:51.096+0900][2.410s][info ][safepoint      ] Safepoint "G1CollectForAllocation", Time since last: 17361600 ns, Reaching safepoint: 29899 ns, At safepoint: 12824501 ns, Total: 12854400 ns
[2026-08-01T14:47:51.116+0900][2.430s][info ][gc,start       ] GC(42) Pause Young (Normal) (G1 Evacuation Pause)
[2026-08-01T14:47:51.116+0900][2.430s][debug][gc,heap        ] GC(42) Heap before GC invocations=42 (full 32):
[2026-08-01T14:47:51.116+0900][2.430s][debug][gc,heap        ] GC(42)  garbage-first heap   total 229376K, used 110214K [0x000001b87c000000, 0x000001ef7c000000)
[2026-08-01T14:47:51.116+0900][2.430s][debug][gc,heap        ] GC(42)   region size 32768K, 2 young (65536K), 1 survivors (32768K)
[2026-08-01T14:47:51.116+0900][2.430s][debug][gc,heap        ] GC(42)  Metaspace       used 7829K, committed 8192K, reserved 1114112K
[2026-08-01T14:47:51.116+0900][2.430s][debug][gc,heap        ] GC(42)   class space    used 710K, committed 896K, reserved 1048576K
[2026-08-01T14:47:51.116+0900][2.430s][info ][gc,task        ] GC(42) Using 5 workers of 18 for evacuation
[2026-08-01T14:47:51.132+0900][2.447s][info ][gc,phases      ] GC(42)   Pre Evacuate Collection Set: 0.1ms
[2026-08-01T14:47:51.132+0900][2.447s][info ][gc,phases      ] GC(42)   Merge Heap Roots: 0.2ms
[2026-08-01T14:47:51.132+0900][2.447s][info ][gc,phases      ] GC(42)   Evacuate Collection Set: 16.2ms
[2026-08-01T14:47:51.132+0900][2.447s][info ][gc,phases      ] GC(42)   Post Evacuate Collection Set: 0.3ms
[2026-08-01T14:47:51.132+0900][2.447s][info ][gc,phases      ] GC(42)   Other: 0.1ms
[2026-08-01T14:47:51.132+0900][2.447s][info ][gc,heap        ] GC(42) Eden regions: 1->0(1)
[2026-08-01T14:47:51.132+0900][2.447s][info ][gc,heap        ] GC(42) Survivor regions: 1->1(1)
[2026-08-01T14:47:51.132+0900][2.447s][info ][gc,heap        ] GC(42) Old regions: 2->3
[2026-08-01T14:47:51.132+0900][2.447s][info ][gc,heap        ] GC(42) Archive regions: 0->0
[2026-08-01T14:47:51.132+0900][2.447s][info ][gc,heap        ] GC(42) Humongous regions: 0->0
[2026-08-01T14:47:51.133+0900][2.447s][info ][gc,metaspace   ] GC(42) Metaspace: 7829K(8192K)->7829K(8192K) NonClass: 7119K(7296K)->7119K(7296K) Class: 710K(896K)->710K(896K)
[2026-08-01T14:47:51.133+0900][2.447s][debug][gc,heap        ] GC(42) Heap after GC invocations=43 (full 32):
[2026-08-01T14:47:51.133+0900][2.447s][debug][gc,heap        ] GC(42)  garbage-first heap   total 229376K, used 95544K [0x000001b87c000000, 0x000001ef7c000000)
[2026-08-01T14:47:51.133+0900][2.447s][debug][gc,heap        ] GC(42)   region size 32768K, 1 young (32768K), 1 survivors (32768K)
[2026-08-01T14:47:51.133+0900][2.447s][debug][gc,heap        ] GC(42)  Metaspace       used 7829K, committed 8192K, reserved 1114112K
[2026-08-01T14:47:51.133+0900][2.447s][debug][gc,heap        ] GC(42)   class space    used 710K, committed 896K, reserved 1048576K
[2026-08-01T14:47:51.133+0900][2.447s][info ][gc             ] GC(42) Pause Young (Normal) (G1 Evacuation Pause) 107M->93M(224M) 17.215ms
[2026-08-01T14:47:51.133+0900][2.447s][info ][gc,cpu         ] GC(42) User=0.09s Sys=0.00s Real=0.02s
[2026-08-01T14:47:51.133+0900][2.447s][info ][safepoint      ] Safepoint "G1CollectForAllocation", Time since last: 20282500 ns, Reaching safepoint: 109700 ns, At safepoint: 17280999 ns, Total: 17390699 ns
[2026-08-01T14:47:51.155+0900][2.469s][debug][gc,heap        ] Concurrent Uncommit Summary: 960M, 30 regions, 17.108ms
[2026-08-01T14:47:51.170+0900][2.485s][info ][gc,start       ] GC(43) Pause Young (Normal) (G1 Evacuation Pause)
[2026-08-01T14:47:51.170+0900][2.485s][debug][gc,heap        ] GC(43) Heap before GC invocations=43 (full 32):
[2026-08-01T14:47:51.170+0900][2.485s][debug][gc,heap        ] GC(43)  garbage-first heap   total 229376K, used 128312K [0x000001b87c000000, 0x000001ef7c000000)
[2026-08-01T14:47:51.170+0900][2.485s][debug][gc,heap        ] GC(43)   region size 32768K, 2 young (65536K), 1 survivors (32768K)
[2026-08-01T14:47:51.170+0900][2.485s][debug][gc,heap        ] GC(43)  Metaspace       used 7899K, committed 8256K, reserved 1114112K
[2026-08-01T14:47:51.170+0900][2.485s][debug][gc,heap        ] GC(43)   class space    used 714K, committed 896K, reserved 1048576K
[2026-08-01T14:47:51.170+0900][2.485s][info ][gc,task        ] GC(43) Using 5 workers of 18 for evacuation
[2026-08-01T14:47:51.188+0900][2.502s][info ][gc,phases      ] GC(43)   Pre Evacuate Collection Set: 0.1ms
[2026-08-01T14:47:51.188+0900][2.502s][info ][gc,phases      ] GC(43)   Merge Heap Roots: 0.2ms
[2026-08-01T14:47:51.188+0900][2.502s][info ][gc,phases      ] GC(43)   Evacuate Collection Set: 14.3ms
[2026-08-01T14:47:51.188+0900][2.502s][info ][gc,phases      ] GC(43)   Post Evacuate Collection Set: 2.6ms
[2026-08-01T14:47:51.188+0900][2.502s][info ][gc,phases      ] GC(43)   Other: 0.1ms
[2026-08-01T14:47:51.188+0900][2.502s][info ][gc,heap        ] GC(43) Eden regions: 1->0(10)
[2026-08-01T14:47:51.188+0900][2.502s][info ][gc,heap        ] GC(43) Survivor regions: 1->1(1)
[2026-08-01T14:47:51.188+0900][2.502s][info ][gc,heap        ] GC(43) Old regions: 3->4
[2026-08-01T14:47:51.188+0900][2.502s][info ][gc,heap        ] GC(43) Archive regions: 0->0
[2026-08-01T14:47:51.188+0900][2.502s][info ][gc,heap        ] GC(43) Humongous regions: 0->0
[2026-08-01T14:47:51.188+0900][2.502s][info ][gc,metaspace   ] GC(43) Metaspace: 7899K(8256K)->7899K(8256K) NonClass: 7185K(7360K)->7185K(7360K) Class: 714K(896K)->714K(896K)
[2026-08-01T14:47:51.188+0900][2.502s][debug][gc,heap        ] GC(43) Heap after GC invocations=44 (full 32):
[2026-08-01T14:47:51.188+0900][2.502s][debug][gc,heap        ] GC(43)  garbage-first heap   total 1179648K, used 111319K [0x000001b87c000000, 0x000001ef7c000000)
[2026-08-01T14:47:51.188+0900][2.502s][debug][gc,heap        ] GC(43)   region size 32768K, 1 young (32768K), 1 survivors (32768K)
[2026-08-01T14:47:51.188+0900][2.502s][debug][gc,heap        ] GC(43)  Metaspace       used 7899K, committed 8256K, reserved 1114112K
[2026-08-01T14:47:51.188+0900][2.502s][debug][gc,heap        ] GC(43)   class space    used 714K, committed 896K, reserved 1048576K
[2026-08-01T14:47:51.188+0900][2.502s][info ][gc             ] GC(43) Pause Young (Normal) (G1 Evacuation Pause) 125M->108M(1152M) 17.580ms
[2026-08-01T14:47:51.188+0900][2.502s][info ][gc,cpu         ] GC(43) User=0.08s Sys=0.00s Real=0.02s
[2026-08-01T14:47:51.188+0900][2.502s][info ][safepoint      ] Safepoint "G1CollectForAllocation", Time since last: 37125301 ns, Reaching safepoint: 79200 ns, At safepoint: 17704699 ns, Total: 17783899 ns
[2026-08-01T14:47:51.563+0900][2.877s][info ][gc,start       ] GC(44) Pause Young (Normal) (G1 Evacuation Pause)
[2026-08-01T14:47:51.563+0900][2.877s][debug][gc,heap        ] GC(44) Heap before GC invocations=44 (full 32):
[2026-08-01T14:47:51.563+0900][2.877s][debug][gc,heap        ] GC(44)  garbage-first heap   total 1179648K, used 406231K [0x000001b87c000000, 0x000001ef7c000000)
[2026-08-01T14:47:51.563+0900][2.877s][debug][gc,heap        ] GC(44)   region size 32768K, 10 young (327680K), 1 survivors (32768K)
[2026-08-01T14:47:51.563+0900][2.877s][debug][gc,heap        ] GC(44)  Metaspace       used 8848K, committed 9280K, reserved 1114112K
[2026-08-01T14:47:51.563+0900][2.877s][debug][gc,heap        ] GC(44)   class space    used 800K, committed 1024K, reserved 1048576K
[2026-08-01T14:47:51.563+0900][2.877s][info ][gc,task        ] GC(44) Using 18 workers of 18 for evacuation
[2026-08-01T14:47:51.575+0900][2.890s][info ][gc,phases      ] GC(44)   Pre Evacuate Collection Set: 0.1ms
[2026-08-01T14:47:51.575+0900][2.890s][info ][gc,phases      ] GC(44)   Merge Heap Roots: 0.3ms
[2026-08-01T14:47:51.575+0900][2.890s][info ][gc,phases      ] GC(44)   Evacuate Collection Set: 11.7ms
[2026-08-01T14:47:51.575+0900][2.890s][info ][gc,phases      ] GC(44)   Post Evacuate Collection Set: 0.3ms
[2026-08-01T14:47:51.575+0900][2.890s][info ][gc,phases      ] GC(44)   Other: 0.4ms
[2026-08-01T14:47:51.575+0900][2.890s][info ][gc,heap        ] GC(44) Eden regions: 9->0(19)
[2026-08-01T14:47:51.575+0900][2.890s][info ][gc,heap        ] GC(44) Survivor regions: 1->2(2)
[2026-08-01T14:47:51.575+0900][2.890s][info ][gc,heap        ] GC(44) Old regions: 4->4
[2026-08-01T14:47:51.575+0900][2.890s][info ][gc,heap        ] GC(44) Archive regions: 0->0
[2026-08-01T14:47:51.575+0900][2.890s][info ][gc,heap        ] GC(44) Humongous regions: 0->0
[2026-08-01T14:47:51.575+0900][2.890s][info ][gc,metaspace   ] GC(44) Metaspace: 8848K(9280K)->8848K(9280K) NonClass: 8048K(8256K)->8048K(8256K) Class: 800K(1024K)->800K(1024K)
[2026-08-01T14:47:51.575+0900][2.890s][debug][gc,heap        ] GC(44) Heap after GC invocations=45 (full 32):
[2026-08-01T14:47:51.575+0900][2.890s][debug][gc,heap        ] GC(44)  garbage-first heap   total 1179648K, used 151541K [0x000001b87c000000, 0x000001ef7c000000)
[2026-08-01T14:47:51.575+0900][2.890s][debug][gc,heap        ] GC(44)   region size 32768K, 2 young (65536K), 2 survivors (65536K)
[2026-08-01T14:47:51.575+0900][2.890s][debug][gc,heap        ] GC(44)  Metaspace       used 8848K, committed 9280K, reserved 1114112K
[2026-08-01T14:47:51.575+0900][2.890s][debug][gc,heap        ] GC(44)   class space    used 800K, committed 1024K, reserved 1048576K
[2026-08-01T14:47:51.576+0900][2.890s][info ][gc             ] GC(44) Pause Young (Normal) (G1 Evacuation Pause) 396M->147M(1152M) 13.275ms
[2026-08-01T14:47:51.576+0900][2.890s][info ][gc,cpu         ] GC(44) User=0.16s Sys=0.12s Real=0.01s
[2026-08-01T14:47:51.576+0900][2.890s][info ][safepoint      ] Safepoint "G1CollectForAllocation", Time since last: 374178700 ns, Reaching safepoint: 120201 ns, At safepoint: 13332900 ns, Total: 13453101 ns
[2026-08-01T14:47:52.055+0900][3.369s][info ][gc,start       ] GC(45) Pause Young (Normal) (G1 Evacuation Pause)
[2026-08-01T14:47:52.055+0900][3.369s][debug][gc,heap        ] GC(45) Heap before GC invocations=45 (full 32):
[2026-08-01T14:47:52.055+0900][3.369s][debug][gc,heap        ] GC(45)  garbage-first heap   total 1179648K, used 774133K [0x000001b87c000000, 0x000001ef7c000000)
[2026-08-01T14:47:52.055+0900][3.369s][debug][gc,heap        ] GC(45)   region size 32768K, 21 young (688128K), 2 survivors (65536K)
[2026-08-01T14:47:52.055+0900][3.369s][debug][gc,heap        ] GC(45)  Metaspace       used 9109K, committed 9600K, reserved 1114112K
[2026-08-01T14:47:52.055+0900][3.369s][debug][gc,heap        ] GC(45)   class space    used 822K, committed 1088K, reserved 1048576K
[2026-08-01T14:47:52.055+0900][3.369s][info ][gc,task        ] GC(45) Using 18 workers of 18 for evacuation
[2026-08-01T14:47:52.072+0900][3.386s][info ][gc,phases      ] GC(45)   Pre Evacuate Collection Set: 0.1ms
[2026-08-01T14:47:52.072+0900][3.386s][info ][gc,phases      ] GC(45)   Merge Heap Roots: 0.3ms
[2026-08-01T14:47:52.072+0900][3.386s][info ][gc,phases      ] GC(45)   Evacuate Collection Set: 16.0ms
[2026-08-01T14:47:52.072+0900][3.386s][info ][gc,phases      ] GC(45)   Post Evacuate Collection Set: 0.3ms
[2026-08-01T14:47:52.072+0900][3.386s][info ][gc,phases      ] GC(45)   Other: 0.1ms
[2026-08-01T14:47:52.072+0900][3.386s][info ][gc,heap        ] GC(45) Eden regions: 19->0(16)
[2026-08-01T14:47:52.072+0900][3.386s][info ][gc,heap        ] GC(45) Survivor regions: 2->3(3)
[2026-08-01T14:47:52.072+0900][3.386s][info ][gc,heap        ] GC(45) Old regions: 4->5
[2026-08-01T14:47:52.072+0900][3.386s][info ][gc,heap        ] GC(45) Archive regions: 0->0
[2026-08-01T14:47:52.072+0900][3.386s][info ][gc,heap        ] GC(45) Humongous regions: 0->0
[2026-08-01T14:47:52.072+0900][3.386s][info ][gc,metaspace   ] GC(45) Metaspace: 9109K(9600K)->9109K(9600K) NonClass: 8286K(8512K)->8286K(8512K) Class: 822K(1088K)->822K(1088K)
[2026-08-01T14:47:52.072+0900][3.386s][debug][gc,heap        ] GC(45) Heap after GC invocations=46 (full 32):
[2026-08-01T14:47:52.072+0900][3.386s][debug][gc,heap        ] GC(45)  garbage-first heap   total 1179648K, used 209194K [0x000001b87c000000, 0x000001ef7c000000)
[2026-08-01T14:47:52.072+0900][3.386s][debug][gc,heap        ] GC(45)   region size 32768K, 3 young (98304K), 3 survivors (98304K)
[2026-08-01T14:47:52.072+0900][3.386s][debug][gc,heap        ] GC(45)  Metaspace       used 9109K, committed 9600K, reserved 1114112K
[2026-08-01T14:47:52.072+0900][3.386s][debug][gc,heap        ] GC(45)   class space    used 822K, committed 1088K, reserved 1048576K
[2026-08-01T14:47:52.072+0900][3.386s][info ][gc             ] GC(45) Pause Young (Normal) (G1 Evacuation Pause) 755M->204M(1152M) 17.102ms
[2026-08-01T14:47:52.072+0900][3.386s][info ][gc,cpu         ] GC(45) User=0.25s Sys=0.03s Real=0.02s
[2026-08-01T14:47:52.072+0900][3.386s][info ][safepoint      ] Safepoint "G1CollectForAllocation", Time since last: 478793800 ns, Reaching safepoint: 113400 ns, At safepoint: 17156100 ns, Total: 17269500 ns
[2026-08-01T14:47:52.298+0900][3.612s][info ][gc,start       ] GC(46) Pause Young (Normal) (G1 Evacuation Pause)
[2026-08-01T14:47:52.298+0900][3.612s][debug][gc,heap        ] GC(46) Heap before GC invocations=46 (full 32):
[2026-08-01T14:47:52.298+0900][3.612s][debug][gc,heap        ] GC(46)  garbage-first heap   total 1179648K, used 733482K [0x000001b87c000000, 0x000001ef7c000000)
[2026-08-01T14:47:52.298+0900][3.612s][debug][gc,heap        ] GC(46)   region size 32768K, 19 young (622592K), 3 survivors (98304K)
[2026-08-01T14:47:52.298+0900][3.612s][debug][gc,heap        ] GC(46)  Metaspace       used 9112K, committed 9600K, reserved 1114112K
[2026-08-01T14:47:52.298+0900][3.612s][debug][gc,heap        ] GC(46)   class space    used 822K, committed 1088K, reserved 1048576K
[2026-08-01T14:47:52.298+0900][3.612s][info ][gc,task        ] GC(46) Using 18 workers of 18 for evacuation
[2026-08-01T14:47:52.306+0900][3.620s][info ][gc,phases      ] GC(46)   Pre Evacuate Collection Set: 0.1ms
[2026-08-01T14:47:52.306+0900][3.620s][info ][gc,phases      ] GC(46)   Merge Heap Roots: 0.2ms
[2026-08-01T14:47:52.306+0900][3.620s][info ][gc,phases      ] GC(46)   Evacuate Collection Set: 7.4ms
[2026-08-01T14:47:52.306+0900][3.620s][info ][gc,phases      ] GC(46)   Post Evacuate Collection Set: 0.2ms
[2026-08-01T14:47:52.306+0900][3.620s][info ][gc,phases      ] GC(46)   Other: 0.1ms
[2026-08-01T14:47:52.306+0900][3.620s][info ][gc,heap        ] GC(46) Eden regions: 16->0(17)
[2026-08-01T14:47:52.306+0900][3.620s][info ][gc,heap        ] GC(46) Survivor regions: 3->2(3)
[2026-08-01T14:47:52.306+0900][3.620s][info ][gc,heap        ] GC(46) Old regions: 5->6
[2026-08-01T14:47:52.306+0900][3.620s][info ][gc,heap        ] GC(46) Archive regions: 0->0
[2026-08-01T14:47:52.306+0900][3.620s][info ][gc,heap        ] GC(46) Humongous regions: 0->0
[2026-08-01T14:47:52.306+0900][3.620s][info ][gc,metaspace   ] GC(46) Metaspace: 9112K(9600K)->9112K(9600K) NonClass: 8289K(8512K)->8289K(8512K) Class: 822K(1088K)->822K(1088K)
[2026-08-01T14:47:52.306+0900][3.620s][debug][gc,heap        ] GC(46) Heap after GC invocations=47 (full 32):
[2026-08-01T14:47:52.306+0900][3.620s][debug][gc,heap        ] GC(46)  garbage-first heap   total 1179648K, used 196508K [0x000001b87c000000, 0x000001ef7c000000)
[2026-08-01T14:47:52.306+0900][3.620s][debug][gc,heap        ] GC(46)   region size 32768K, 2 young (65536K), 2 survivors (65536K)
[2026-08-01T14:47:52.306+0900][3.620s][debug][gc,heap        ] GC(46)  Metaspace       used 9112K, committed 9600K, reserved 1114112K
[2026-08-01T14:47:52.306+0900][3.620s][debug][gc,heap        ] GC(46)   class space    used 822K, committed 1088K, reserved 1048576K
[2026-08-01T14:47:52.306+0900][3.620s][info ][gc             ] GC(46) Pause Young (Normal) (G1 Evacuation Pause) 716M->191M(1152M) 8.302ms
[2026-08-01T14:47:52.306+0900][3.620s][info ][gc,cpu         ] GC(46) User=0.00s Sys=0.00s Real=0.01s
[2026-08-01T14:47:52.306+0900][3.620s][info ][safepoint      ] Safepoint "G1CollectForAllocation", Time since last: 225872800 ns, Reaching safepoint: 101500 ns, At safepoint: 8354100 ns, Total: 8455600 ns
[2026-08-01T14:47:52.522+0900][3.836s][info ][gc,start       ] GC(47) Pause Young (Normal) (G1 Evacuation Pause)
[2026-08-01T14:47:52.522+0900][3.836s][debug][gc,heap        ] GC(47) Heap before GC invocations=47 (full 32):
[2026-08-01T14:47:52.522+0900][3.836s][debug][gc,heap        ] GC(47)  garbage-first heap   total 1179648K, used 753564K [0x000001b87c000000, 0x000001ef7c000000)
[2026-08-01T14:47:52.522+0900][3.836s][debug][gc,heap        ] GC(47)   region size 32768K, 19 young (622592K), 2 survivors (65536K)
[2026-08-01T14:47:52.522+0900][3.836s][debug][gc,heap        ] GC(47)  Metaspace       used 9112K, committed 9600K, reserved 1114112K
[2026-08-01T14:47:52.522+0900][3.836s][debug][gc,heap        ] GC(47)   class space    used 822K, committed 1088K, reserved 1048576K
[2026-08-01T14:47:52.522+0900][3.836s][info ][gc,task        ] GC(47) Using 18 workers of 18 for evacuation
[2026-08-01T14:47:52.532+0900][3.845s][info ][gc,phases      ] GC(47)   Pre Evacuate Collection Set: 0.1ms
[2026-08-01T14:47:52.532+0900][3.845s][info ][gc,phases      ] GC(47)   Merge Heap Roots: 0.1ms
[2026-08-01T14:47:52.532+0900][3.846s][info ][gc,phases      ] GC(47)   Evacuate Collection Set: 6.1ms
[2026-08-01T14:47:52.532+0900][3.846s][info ][gc,phases      ] GC(47)   Post Evacuate Collection Set: 2.7ms
[2026-08-01T14:47:52.532+0900][3.846s][info ][gc,phases      ] GC(47)   Other: 0.1ms
[2026-08-01T14:47:52.532+0900][3.846s][info ][gc,heap        ] GC(47) Eden regions: 17->0(39)
[2026-08-01T14:47:52.532+0900][3.846s][info ][gc,heap        ] GC(47) Survivor regions: 2->2(3)
[2026-08-01T14:47:52.532+0900][3.846s][info ][gc,heap        ] GC(47) Old regions: 6->6
[2026-08-01T14:47:52.532+0900][3.846s][info ][gc,heap        ] GC(47) Archive regions: 0->0
[2026-08-01T14:47:52.532+0900][3.846s][info ][gc,heap        ] GC(47) Humongous regions: 0->0
[2026-08-01T14:47:52.532+0900][3.846s][info ][gc,metaspace   ] GC(47) Metaspace: 9112K(9600K)->9112K(9600K) NonClass: 8289K(8512K)->8289K(8512K) Class: 822K(1088K)->822K(1088K)
[2026-08-01T14:47:52.532+0900][3.846s][debug][gc,heap        ] GC(47) Heap after GC invocations=48 (full 32):
[2026-08-01T14:47:52.532+0900][3.846s][debug][gc,heap        ] GC(47)  garbage-first heap   total 2359296K, used 211932K [0x000001b87c000000, 0x000001ef7c000000)
[2026-08-01T14:47:52.532+0900][3.846s][debug][gc,heap        ] GC(47)   region size 32768K, 2 young (65536K), 2 survivors (65536K)
[2026-08-01T14:47:52.532+0900][3.846s][debug][gc,heap        ] GC(47)  Metaspace       used 9112K, committed 9600K, reserved 1114112K
[2026-08-01T14:47:52.532+0900][3.846s][debug][gc,heap        ] GC(47)   class space    used 822K, committed 1088K, reserved 1048576K
[2026-08-01T14:47:52.532+0900][3.846s][info ][gc             ] GC(47) Pause Young (Normal) (G1 Evacuation Pause) 735M->206M(2304M) 9.426ms
[2026-08-01T14:47:52.532+0900][3.846s][info ][gc,cpu         ] GC(47) User=0.28s Sys=0.00s Real=0.01s
[2026-08-01T14:47:52.532+0900][3.846s][info ][safepoint      ] Safepoint "G1CollectForAllocation", Time since last: 215861100 ns, Reaching safepoint: 100400 ns, At safepoint: 9480800 ns, Total: 9581200 ns
[2026-08-01T14:47:53.267+0900][4.581s][info ][gc,start       ] GC(48) Pause Young (Normal) (G1 Evacuation Pause)
[2026-08-01T14:47:53.267+0900][4.581s][debug][gc,heap        ] GC(48) Heap before GC invocations=48 (full 32):
[2026-08-01T14:47:53.267+0900][4.581s][debug][gc,heap        ] GC(48)  garbage-first heap   total 2359296K, used 1489884K [0x000001b87c000000, 0x000001ef7c000000)
[2026-08-01T14:47:53.267+0900][4.581s][debug][gc,heap        ] GC(48)   region size 32768K, 41 young (1343488K), 2 survivors (65536K)
[2026-08-01T14:47:53.267+0900][4.581s][debug][gc,heap        ] GC(48)  Metaspace       used 9112K, committed 9600K, reserved 1114112K
[2026-08-01T14:47:53.267+0900][4.581s][debug][gc,heap        ] GC(48)   class space    used 822K, committed 1088K, reserved 1048576K
[2026-08-01T14:47:53.267+0900][4.581s][info ][gc,task        ] GC(48) Using 18 workers of 18 for evacuation
[2026-08-01T14:47:53.280+0900][4.593s][info ][gc,phases      ] GC(48)   Pre Evacuate Collection Set: 0.1ms
[2026-08-01T14:47:53.280+0900][4.593s][info ][gc,phases      ] GC(48)   Merge Heap Roots: 0.1ms
[2026-08-01T14:47:53.280+0900][4.593s][info ][gc,phases      ] GC(48)   Evacuate Collection Set: 11.3ms
[2026-08-01T14:47:53.280+0900][4.593s][info ][gc,phases      ] GC(48)   Post Evacuate Collection Set: 0.3ms
[2026-08-01T14:47:53.280+0900][4.593s][info ][gc,phases      ] GC(48)   Other: 0.1ms
[2026-08-01T14:47:53.280+0900][4.593s][info ][gc,heap        ] GC(48) Eden regions: 39->0(39)
[2026-08-01T14:47:53.280+0900][4.593s][info ][gc,heap        ] GC(48) Survivor regions: 2->4(6)
[2026-08-01T14:47:53.280+0900][4.593s][info ][gc,heap        ] GC(48) Old regions: 6->6
[2026-08-01T14:47:53.280+0900][4.593s][info ][gc,heap        ] GC(48) Archive regions: 0->0
[2026-08-01T14:47:53.280+0900][4.593s][info ][gc,heap        ] GC(48) Humongous regions: 0->0
[2026-08-01T14:47:53.280+0900][4.593s][info ][gc,metaspace   ] GC(48) Metaspace: 9112K(9600K)->9112K(9600K) NonClass: 8289K(8512K)->8289K(8512K) Class: 822K(1088K)->822K(1088K)
[2026-08-01T14:47:53.280+0900][4.593s][debug][gc,heap        ] GC(48) Heap after GC invocations=49 (full 32):
[2026-08-01T14:47:53.280+0900][4.593s][debug][gc,heap        ] GC(48)  garbage-first heap   total 2359296K, used 255924K [0x000001b87c000000, 0x000001ef7c000000)
[2026-08-01T14:47:53.280+0900][4.593s][debug][gc,heap        ] GC(48)   region size 32768K, 4 young (131072K), 4 survivors (131072K)
[2026-08-01T14:47:53.280+0900][4.593s][debug][gc,heap        ] GC(48)  Metaspace       used 9112K, committed 9600K, reserved 1114112K
[2026-08-01T14:47:53.280+0900][4.593s][debug][gc,heap        ] GC(48)   class space    used 822K, committed 1088K, reserved 1048576K
[2026-08-01T14:47:53.280+0900][4.593s][info ][gc             ] GC(48) Pause Young (Normal) (G1 Evacuation Pause) 1454M->249M(2304M) 12.199ms
[2026-08-01T14:47:53.280+0900][4.593s][info ][gc,cpu         ] GC(48) User=0.28s Sys=0.00s Real=0.01s
[2026-08-01T14:47:53.280+0900][4.593s][info ][safepoint      ] Safepoint "G1CollectForAllocation", Time since last: 735451400 ns, Reaching safepoint: 106200 ns, At safepoint: 12248500 ns, Total: 12354700 ns
[2026-08-01T14:47:53.752+0900][5.066s][info ][gc,start       ] GC(49) Pause Young (Normal) (G1 Evacuation Pause)
[2026-08-01T14:47:53.752+0900][5.066s][debug][gc,heap        ] GC(49) Heap before GC invocations=49 (full 32):
[2026-08-01T14:47:53.752+0900][5.066s][debug][gc,heap        ] GC(49)  garbage-first heap   total 2359296K, used 1533876K [0x000001b87c000000, 0x000001ef7c000000)
[2026-08-01T14:47:53.752+0900][5.066s][debug][gc,heap        ] GC(49)   region size 32768K, 43 young (1409024K), 4 survivors (131072K)
[2026-08-01T14:47:53.752+0900][5.066s][debug][gc,heap        ] GC(49)  Metaspace       used 9112K, committed 9600K, reserved 1114112K
[2026-08-01T14:47:53.752+0900][5.066s][debug][gc,heap        ] GC(49)   class space    used 822K, committed 1088K, reserved 1048576K
[2026-08-01T14:47:53.752+0900][5.066s][info ][gc,task        ] GC(49) Using 18 workers of 18 for evacuation
[2026-08-01T14:47:53.768+0900][5.081s][info ][gc,phases      ] GC(49)   Pre Evacuate Collection Set: 0.1ms
[2026-08-01T14:47:53.768+0900][5.081s][info ][gc,phases      ] GC(49)   Merge Heap Roots: 0.1ms
[2026-08-01T14:47:53.768+0900][5.081s][info ][gc,phases      ] GC(49)   Evacuate Collection Set: 14.9ms
[2026-08-01T14:47:53.768+0900][5.081s][info ][gc,phases      ] GC(49)   Post Evacuate Collection Set: 0.2ms
[2026-08-01T14:47:53.768+0900][5.081s][info ][gc,phases      ] GC(49)   Other: 0.1ms
[2026-08-01T14:47:53.768+0900][5.081s][info ][gc,heap        ] GC(49) Eden regions: 39->0(38)
[2026-08-01T14:47:53.768+0900][5.081s][info ][gc,heap        ] GC(49) Survivor regions: 4->5(6)
[2026-08-01T14:47:53.768+0900][5.081s][info ][gc,heap        ] GC(49) Old regions: 6->6
[2026-08-01T14:47:53.768+0900][5.081s][info ][gc,heap        ] GC(49) Archive regions: 0->0
[2026-08-01T14:47:53.768+0900][5.081s][info ][gc,heap        ] GC(49) Humongous regions: 0->0
[2026-08-01T14:47:53.768+0900][5.081s][info ][gc,metaspace   ] GC(49) Metaspace: 9112K(9600K)->9112K(9600K) NonClass: 8289K(8512K)->8289K(8512K) Class: 822K(1088K)->822K(1088K)
[2026-08-01T14:47:53.768+0900][5.081s][debug][gc,heap        ] GC(49) Heap after GC invocations=50 (full 32):
[2026-08-01T14:47:53.768+0900][5.081s][debug][gc,heap        ] GC(49)  garbage-first heap   total 2359296K, used 302845K [0x000001b87c000000, 0x000001ef7c000000)
[2026-08-01T14:47:53.768+0900][5.081s][debug][gc,heap        ] GC(49)   region size 32768K, 5 young (163840K), 5 survivors (163840K)
[2026-08-01T14:47:53.768+0900][5.081s][debug][gc,heap        ] GC(49)  Metaspace       used 9112K, committed 9600K, reserved 1114112K
[2026-08-01T14:47:53.768+0900][5.081s][debug][gc,heap        ] GC(49)   class space    used 822K, committed 1088K, reserved 1048576K
[2026-08-01T14:47:53.768+0900][5.082s][info ][gc             ] GC(49) Pause Young (Normal) (G1 Evacuation Pause) 1497M->295M(2304M) 15.821ms
[2026-08-01T14:47:53.768+0900][5.082s][info ][gc,cpu         ] GC(49) User=0.28s Sys=0.00s Real=0.02s
[2026-08-01T14:47:53.768+0900][5.082s][info ][safepoint      ] Safepoint "G1CollectForAllocation", Time since last: 472067600 ns, Reaching safepoint: 116000 ns, At safepoint: 15865599 ns, Total: 15981599 ns
[2026-08-01T14:47:54.237+0900][5.551s][info ][gc,start       ] GC(50) Pause Young (Normal) (G1 Evacuation Pause)
[2026-08-01T14:47:54.237+0900][5.551s][debug][gc,heap        ] GC(50) Heap before GC invocations=50 (full 32):
[2026-08-01T14:47:54.237+0900][5.551s][debug][gc,heap        ] GC(50)  garbage-first heap   total 2359296K, used 1548029K [0x000001b87c000000, 0x000001ef7c000000)
[2026-08-01T14:47:54.237+0900][5.551s][debug][gc,heap        ] GC(50)   region size 32768K, 43 young (1409024K), 5 survivors (163840K)
[2026-08-01T14:47:54.237+0900][5.552s][debug][gc,heap        ] GC(50)  Metaspace       used 9112K, committed 9600K, reserved 1114112K
[2026-08-01T14:47:54.237+0900][5.552s][debug][gc,heap        ] GC(50)   class space    used 822K, committed 1088K, reserved 1048576K
[2026-08-01T14:47:54.237+0900][5.552s][info ][gc,task        ] GC(50) Using 18 workers of 18 for evacuation
[2026-08-01T14:47:54.256+0900][5.570s][info ][gc,phases      ] GC(50)   Pre Evacuate Collection Set: 0.1ms
[2026-08-01T14:47:54.256+0900][5.571s][info ][gc,phases      ] GC(50)   Merge Heap Roots: 0.1ms
[2026-08-01T14:47:54.256+0900][5.571s][info ][gc,phases      ] GC(50)   Evacuate Collection Set: 18.3ms
[2026-08-01T14:47:54.256+0900][5.571s][info ][gc,phases      ] GC(50)   Post Evacuate Collection Set: 0.3ms
[2026-08-01T14:47:54.256+0900][5.571s][info ][gc,phases      ] GC(50)   Other: 0.1ms
[2026-08-01T14:47:54.256+0900][5.571s][info ][gc,heap        ] GC(50) Eden regions: 38->0(38)
[2026-08-01T14:47:54.256+0900][5.571s][info ][gc,heap        ] GC(50) Survivor regions: 5->5(6)
[2026-08-01T14:47:54.256+0900][5.571s][info ][gc,heap        ] GC(50) Old regions: 6->7
[2026-08-01T14:47:54.256+0900][5.571s][info ][gc,heap        ] GC(50) Archive regions: 0->0
[2026-08-01T14:47:54.256+0900][5.571s][info ][gc,heap        ] GC(50) Humongous regions: 0->0
[2026-08-01T14:47:54.256+0900][5.571s][info ][gc,metaspace   ] GC(50) Metaspace: 9112K(9600K)->9112K(9600K) NonClass: 8289K(8512K)->8289K(8512K) Class: 822K(1088K)->822K(1088K)
[2026-08-01T14:47:54.256+0900][5.571s][debug][gc,heap        ] GC(50) Heap after GC invocations=51 (full 32):
[2026-08-01T14:47:54.256+0900][5.571s][debug][gc,heap        ] GC(50)  garbage-first heap   total 2359296K, used 346321K [0x000001b87c000000, 0x000001ef7c000000)
[2026-08-01T14:47:54.256+0900][5.571s][debug][gc,heap        ] GC(50)   region size 32768K, 5 young (163840K), 5 survivors (163840K)
[2026-08-01T14:47:54.256+0900][5.571s][debug][gc,heap        ] GC(50)  Metaspace       used 9112K, committed 9600K, reserved 1114112K
[2026-08-01T14:47:54.256+0900][5.571s][debug][gc,heap        ] GC(50)   class space    used 822K, committed 1088K, reserved 1048576K
[2026-08-01T14:47:54.256+0900][5.571s][info ][gc             ] GC(50) Pause Young (Normal) (G1 Evacuation Pause) 1511M->338M(2304M) 19.259ms
[2026-08-01T14:47:54.256+0900][5.571s][info ][gc,cpu         ] GC(50) User=0.28s Sys=0.00s Real=0.02s
[2026-08-01T14:47:54.256+0900][5.571s][info ][safepoint      ] Safepoint "G1CollectForAllocation", Time since last: 469739101 ns, Reaching safepoint: 109800 ns, At safepoint: 19304299 ns, Total: 19414099 ns
[2026-08-01T14:47:54.721+0900][6.035s][info ][gc,start       ] GC(51) Pause Young (Normal) (G1 Evacuation Pause)
[2026-08-01T14:47:54.721+0900][6.035s][debug][gc,heap        ] GC(51) Heap before GC invocations=51 (full 32):
[2026-08-01T14:47:54.721+0900][6.035s][debug][gc,heap        ] GC(51)  garbage-first heap   total 2359296K, used 1591505K [0x000001b87c000000, 0x000001ef7c000000)
[2026-08-01T14:47:54.721+0900][6.035s][debug][gc,heap        ] GC(51)   region size 32768K, 43 young (1409024K), 5 survivors (163840K)
[2026-08-01T14:47:54.721+0900][6.035s][debug][gc,heap        ] GC(51)  Metaspace       used 9112K, committed 9600K, reserved 1114112K
[2026-08-01T14:47:54.721+0900][6.035s][debug][gc,heap        ] GC(51)   class space    used 822K, committed 1088K, reserved 1048576K
[2026-08-01T14:47:54.722+0900][6.035s][info ][gc,task        ] GC(51) Using 18 workers of 18 for evacuation
[2026-08-01T14:47:54.742+0900][6.056s][info ][gc,phases      ] GC(51)   Pre Evacuate Collection Set: 0.1ms
[2026-08-01T14:47:54.742+0900][6.056s][info ][gc,phases      ] GC(51)   Merge Heap Roots: 0.1ms
[2026-08-01T14:47:54.742+0900][6.056s][info ][gc,phases      ] GC(51)   Evacuate Collection Set: 18.5ms
[2026-08-01T14:47:54.742+0900][6.056s][info ][gc,phases      ] GC(51)   Post Evacuate Collection Set: 1.7ms
[2026-08-01T14:47:54.742+0900][6.056s][info ][gc,phases      ] GC(51)   Other: 0.1ms
[2026-08-01T14:47:54.742+0900][6.056s][info ][gc,heap        ] GC(51) Eden regions: 38->0(50)
[2026-08-01T14:47:54.742+0900][6.056s][info ][gc,heap        ] GC(51) Survivor regions: 5->5(6)
[2026-08-01T14:47:54.742+0900][6.056s][info ][gc,heap        ] GC(51) Old regions: 7->9
[2026-08-01T14:47:54.742+0900][6.056s][info ][gc,heap        ] GC(51) Archive regions: 0->0
[2026-08-01T14:47:54.742+0900][6.056s][info ][gc,heap        ] GC(51) Humongous regions: 0->0
[2026-08-01T14:47:54.742+0900][6.056s][info ][gc,metaspace   ] GC(51) Metaspace: 9112K(9600K)->9112K(9600K) NonClass: 8289K(8512K)->8289K(8512K) Class: 822K(1088K)->822K(1088K)
[2026-08-01T14:47:54.742+0900][6.056s][debug][gc,heap        ] GC(51) Heap after GC invocations=52 (full 32):
[2026-08-01T14:47:54.742+0900][6.056s][debug][gc,heap        ] GC(51)  garbage-first heap   total 3047424K, used 395321K [0x000001b87c000000, 0x000001ef7c000000)
[2026-08-01T14:47:54.742+0900][6.056s][debug][gc,heap        ] GC(51)   region size 32768K, 5 young (163840K), 5 survivors (163840K)
[2026-08-01T14:47:54.742+0900][6.056s][debug][gc,heap        ] GC(51)  Metaspace       used 9112K, committed 9600K, reserved 1114112K
[2026-08-01T14:47:54.742+0900][6.056s][debug][gc,heap        ] GC(51)   class space    used 822K, committed 1088K, reserved 1048576K
[2026-08-01T14:47:54.742+0900][6.056s][info ][gc             ] GC(51) Pause Young (Normal) (G1 Evacuation Pause) 1554M->386M(2976M) 20.883ms
[2026-08-01T14:47:54.742+0900][6.056s][info ][gc,cpu         ] GC(51) User=0.28s Sys=0.00s Real=0.02s
[2026-08-01T14:47:54.742+0900][6.056s][info ][safepoint      ] Safepoint "G1CollectForAllocation", Time since last: 464508800 ns, Reaching safepoint: 105501 ns, At safepoint: 20931199 ns, Total: 21036700 ns
[2026-08-01T14:47:55.503+0900][6.817s][info ][gc,start       ] GC(52) Pause Young (Normal) (G1 Evacuation Pause)
[2026-08-01T14:47:55.503+0900][6.817s][debug][gc,heap        ] GC(52) Heap before GC invocations=52 (full 32):
[2026-08-01T14:47:55.503+0900][6.817s][debug][gc,heap        ] GC(52)  garbage-first heap   total 3047424K, used 2033721K [0x000001b87c000000, 0x000001ef7c000000)
[2026-08-01T14:47:55.503+0900][6.817s][debug][gc,heap        ] GC(52)   region size 32768K, 55 young (1802240K), 5 survivors (163840K)
[2026-08-01T14:47:55.503+0900][6.817s][debug][gc,heap        ] GC(52)  Metaspace       used 9112K, committed 9600K, reserved 1114112K
[2026-08-01T14:47:55.503+0900][6.817s][debug][gc,heap        ] GC(52)   class space    used 822K, committed 1088K, reserved 1048576K
[2026-08-01T14:47:55.503+0900][6.817s][info ][gc,task        ] GC(52) Using 18 workers of 18 for evacuation
[2026-08-01T14:47:55.524+0900][6.839s][info ][gc,phases      ] GC(52)   Pre Evacuate Collection Set: 0.1ms
[2026-08-01T14:47:55.525+0900][6.839s][info ][gc,phases      ] GC(52)   Merge Heap Roots: 0.1ms
[2026-08-01T14:47:55.525+0900][6.839s][info ][gc,phases      ] GC(52)   Evacuate Collection Set: 20.9ms
[2026-08-01T14:47:55.525+0900][6.839s][info ][gc,phases      ] GC(52)   Post Evacuate Collection Set: 0.3ms
[2026-08-01T14:47:55.525+0900][6.839s][info ][gc,phases      ] GC(52)   Other: 0.1ms
[2026-08-01T14:47:55.525+0900][6.839s][info ][gc,heap        ] GC(52) Eden regions: 50->0(50)
[2026-08-01T14:47:55.525+0900][6.839s][info ][gc,heap        ] GC(52) Survivor regions: 5->5(7)
[2026-08-01T14:47:55.525+0900][6.839s][info ][gc,heap        ] GC(52) Old regions: 9->10
[2026-08-01T14:47:55.525+0900][6.839s][info ][gc,heap        ] GC(52) Archive regions: 0->0
[2026-08-01T14:47:55.525+0900][6.839s][info ][gc,heap        ] GC(52) Humongous regions: 0->0
[2026-08-01T14:47:55.525+0900][6.839s][info ][gc,metaspace   ] GC(52) Metaspace: 9112K(9600K)->9112K(9600K) NonClass: 8289K(8512K)->8289K(8512K) Class: 822K(1088K)->822K(1088K)
[2026-08-01T14:47:55.525+0900][6.839s][debug][gc,heap        ] GC(52) Heap after GC invocations=53 (full 32):
[2026-08-01T14:47:55.525+0900][6.839s][debug][gc,heap        ] GC(52)  garbage-first heap   total 3047424K, used 449372K [0x000001b87c000000, 0x000001ef7c000000)
[2026-08-01T14:47:55.525+0900][6.839s][debug][gc,heap        ] GC(52)   region size 32768K, 5 young (163840K), 5 survivors (163840K)
[2026-08-01T14:47:55.525+0900][6.839s][debug][gc,heap        ] GC(52)  Metaspace       used 9112K, committed 9600K, reserved 1114112K
[2026-08-01T14:47:55.525+0900][6.839s][debug][gc,heap        ] GC(52)   class space    used 822K, committed 1088K, reserved 1048576K
[2026-08-01T14:47:55.525+0900][6.839s][info ][gc             ] GC(52) Pause Young (Normal) (G1 Evacuation Pause) 1986M->438M(2976M) 21.851ms
[2026-08-01T14:47:55.525+0900][6.839s][info ][gc,cpu         ] GC(52) User=0.28s Sys=0.00s Real=0.02s
[2026-08-01T14:47:55.525+0900][6.839s][info ][safepoint      ] Safepoint "G1CollectForAllocation", Time since last: 760780601 ns, Reaching safepoint: 96900 ns, At safepoint: 21904699 ns, Total: 22001599 ns
[2026-08-01T14:47:56.147+0900][7.462s][info ][gc,start       ] GC(53) Pause Young (Normal) (G1 Evacuation Pause)
[2026-08-01T14:47:56.147+0900][7.462s][debug][gc,heap        ] GC(53) Heap before GC invocations=53 (full 32):
[2026-08-01T14:47:56.147+0900][7.462s][debug][gc,heap        ] GC(53)  garbage-first heap   total 3047424K, used 2087772K [0x000001b87c000000, 0x000001ef7c000000)
[2026-08-01T14:47:56.147+0900][7.462s][debug][gc,heap        ] GC(53)   region size 32768K, 55 young (1802240K), 5 survivors (163840K)
[2026-08-01T14:47:56.147+0900][7.462s][debug][gc,heap        ] GC(53)  Metaspace       used 9112K, committed 9600K, reserved 1114112K
[2026-08-01T14:47:56.147+0900][7.462s][debug][gc,heap        ] GC(53)   class space    used 822K, committed 1088K, reserved 1048576K
[2026-08-01T14:47:56.147+0900][7.462s][info ][gc,task        ] GC(53) Using 18 workers of 18 for evacuation
[2026-08-01T14:47:56.170+0900][7.485s][info ][gc,phases      ] GC(53)   Pre Evacuate Collection Set: 0.1ms
[2026-08-01T14:47:56.171+0900][7.485s][info ][gc,phases      ] GC(53)   Merge Heap Roots: 0.3ms
[2026-08-01T14:47:56.171+0900][7.485s][info ][gc,phases      ] GC(53)   Evacuate Collection Set: 21.8ms
[2026-08-01T14:47:56.171+0900][7.485s][info ][gc,phases      ] GC(53)   Post Evacuate Collection Set: 0.3ms
[2026-08-01T14:47:56.171+0900][7.485s][info ][gc,phases      ] GC(53)   Other: 0.1ms
[2026-08-01T14:47:56.171+0900][7.485s][info ][gc,heap        ] GC(53) Eden regions: 50->0(50)
[2026-08-01T14:47:56.171+0900][7.485s][info ][gc,heap        ] GC(53) Survivor regions: 5->5(7)
[2026-08-01T14:47:56.171+0900][7.485s][info ][gc,heap        ] GC(53) Old regions: 10->12
[2026-08-01T14:47:56.171+0900][7.485s][info ][gc,heap        ] GC(53) Archive regions: 0->0
[2026-08-01T14:47:56.171+0900][7.485s][info ][gc,heap        ] GC(53) Humongous regions: 0->0
[2026-08-01T14:47:56.171+0900][7.485s][info ][gc,metaspace   ] GC(53) Metaspace: 9112K(9600K)->9112K(9600K) NonClass: 8289K(8512K)->8289K(8512K) Class: 822K(1088K)->822K(1088K)
[2026-08-01T14:47:56.171+0900][7.485s][debug][gc,heap        ] GC(53) Heap after GC invocations=54 (full 32):
[2026-08-01T14:47:56.171+0900][7.485s][debug][gc,heap        ] GC(53)  garbage-first heap   total 3047424K, used 508094K [0x000001b87c000000, 0x000001ef7c000000)
[2026-08-01T14:47:56.171+0900][7.485s][debug][gc,heap        ] GC(53)   region size 32768K, 5 young (163840K), 5 survivors (163840K)
[2026-08-01T14:47:56.171+0900][7.485s][debug][gc,heap        ] GC(53)  Metaspace       used 9112K, committed 9600K, reserved 1114112K
[2026-08-01T14:47:56.171+0900][7.485s][debug][gc,heap        ] GC(53)   class space    used 822K, committed 1088K, reserved 1048576K
[2026-08-01T14:47:56.171+0900][7.485s][info ][gc             ] GC(53) Pause Young (Normal) (G1 Evacuation Pause) 2038M->496M(2976M) 22.893ms
[2026-08-01T14:47:56.171+0900][7.485s][info ][gc,cpu         ] GC(53) User=0.47s Sys=0.09s Real=0.02s
[2026-08-01T14:47:56.171+0900][7.485s][info ][safepoint      ] Safepoint "G1CollectForAllocation", Time since last: 622821501 ns, Reaching safepoint: 109900 ns, At safepoint: 22942000 ns, Total: 23051900 ns
[2026-08-01T14:47:56.780+0900][8.094s][info ][gc,start       ] GC(54) Pause Young (Normal) (G1 Evacuation Pause)
[2026-08-01T14:47:56.780+0900][8.094s][debug][gc,heap        ] GC(54) Heap before GC invocations=54 (full 32):
[2026-08-01T14:47:56.780+0900][8.095s][debug][gc,heap        ] GC(54)  garbage-first heap   total 3047424K, used 2146494K [0x000001b87c000000, 0x000001ef7c000000)
[2026-08-01T14:47:56.780+0900][8.095s][debug][gc,heap        ] GC(54)   region size 32768K, 55 young (1802240K), 5 survivors (163840K)
[2026-08-01T14:47:56.780+0900][8.095s][debug][gc,heap        ] GC(54)  Metaspace       used 9112K, committed 9600K, reserved 1114112K
[2026-08-01T14:47:56.780+0900][8.095s][debug][gc,heap        ] GC(54)   class space    used 822K, committed 1088K, reserved 1048576K
[2026-08-01T14:47:56.780+0900][8.095s][info ][gc,task        ] GC(54) Using 18 workers of 18 for evacuation
[2026-08-01T14:47:56.803+0900][8.117s][info ][gc,phases      ] GC(54)   Pre Evacuate Collection Set: 0.1ms
[2026-08-01T14:47:56.803+0900][8.118s][info ][gc,phases      ] GC(54)   Merge Heap Roots: 0.2ms
[2026-08-01T14:47:56.803+0900][8.118s][info ][gc,phases      ] GC(54)   Evacuate Collection Set: 22.3ms
[2026-08-01T14:47:56.803+0900][8.118s][info ][gc,phases      ] GC(54)   Post Evacuate Collection Set: 0.3ms
[2026-08-01T14:47:56.803+0900][8.118s][info ][gc,phases      ] GC(54)   Other: 0.1ms
[2026-08-01T14:47:56.803+0900][8.118s][info ][gc,heap        ] GC(54) Eden regions: 50->0(49)
[2026-08-01T14:47:56.803+0900][8.118s][info ][gc,heap        ] GC(54) Survivor regions: 5->6(7)
[2026-08-01T14:47:56.803+0900][8.118s][info ][gc,heap        ] GC(54) Old regions: 12->13
[2026-08-01T14:47:56.803+0900][8.118s][info ][gc,heap        ] GC(54) Archive regions: 0->0
[2026-08-01T14:47:56.803+0900][8.118s][info ][gc,heap        ] GC(54) Humongous regions: 0->0
[2026-08-01T14:47:56.803+0900][8.118s][info ][gc,metaspace   ] GC(54) Metaspace: 9112K(9600K)->9112K(9600K) NonClass: 8289K(8512K)->8289K(8512K) Class: 822K(1088K)->822K(1088K)
[2026-08-01T14:47:56.803+0900][8.118s][debug][gc,heap        ] GC(54) Heap after GC invocations=55 (full 32):
[2026-08-01T14:47:56.803+0900][8.118s][debug][gc,heap        ] GC(54)  garbage-first heap   total 3047424K, used 562716K [0x000001b87c000000, 0x000001ef7c000000)
[2026-08-01T14:47:56.803+0900][8.118s][debug][gc,heap        ] GC(54)   region size 32768K, 6 young (196608K), 6 survivors (196608K)
[2026-08-01T14:47:56.803+0900][8.118s][debug][gc,heap        ] GC(54)  Metaspace       used 9112K, committed 9600K, reserved 1114112K
[2026-08-01T14:47:56.803+0900][8.118s][debug][gc,heap        ] GC(54)   class space    used 822K, committed 1088K, reserved 1048576K
[2026-08-01T14:47:56.803+0900][8.118s][info ][gc             ] GC(54) Pause Young (Normal) (G1 Evacuation Pause) 2096M->549M(2976M) 23.246ms
[2026-08-01T14:47:56.804+0900][8.118s][info ][gc,cpu         ] GC(54) User=0.28s Sys=0.00s Real=0.02s
[2026-08-01T14:47:56.804+0900][8.118s][info ][safepoint      ] Safepoint "G1CollectForAllocation", Time since last: 609403599 ns, Reaching safepoint: 103501 ns, At safepoint: 23301000 ns, Total: 23404501 ns
[2026-08-01T14:47:57.404+0900][8.718s][info ][gc,start       ] GC(55) Pause Young (Normal) (G1 Evacuation Pause)
[2026-08-01T14:47:57.404+0900][8.718s][debug][gc,heap        ] GC(55) Heap before GC invocations=55 (full 32):
[2026-08-01T14:47:57.404+0900][8.718s][debug][gc,heap        ] GC(55)  garbage-first heap   total 3047424K, used 2168348K [0x000001b87c000000, 0x000001ef7c000000)
[2026-08-01T14:47:57.404+0900][8.718s][debug][gc,heap        ] GC(55)   region size 32768K, 55 young (1802240K), 6 survivors (196608K)
[2026-08-01T14:47:57.404+0900][8.718s][debug][gc,heap        ] GC(55)  Metaspace       used 9113K, committed 9600K, reserved 1114112K
[2026-08-01T14:47:57.404+0900][8.718s][debug][gc,heap        ] GC(55)   class space    used 822K, committed 1088K, reserved 1048576K
[2026-08-01T14:47:57.404+0900][8.718s][info ][gc,task        ] GC(55) Using 18 workers of 18 for evacuation
[2026-08-01T14:47:57.428+0900][8.743s][info ][gc,phases      ] GC(55)   Pre Evacuate Collection Set: 0.1ms
[2026-08-01T14:47:57.428+0900][8.743s][info ][gc,phases      ] GC(55)   Merge Heap Roots: 0.2ms
[2026-08-01T14:47:57.428+0900][8.743s][info ][gc,phases      ] GC(55)   Evacuate Collection Set: 21.9ms
[2026-08-01T14:47:57.428+0900][8.743s][info ][gc,phases      ] GC(55)   Post Evacuate Collection Set: 2.2ms
[2026-08-01T14:47:57.428+0900][8.743s][info ][gc,phases      ] GC(55)   Other: 0.1ms
[2026-08-01T14:47:57.428+0900][8.743s][info ][gc,heap        ] GC(55) Eden regions: 49->0(68)
[2026-08-01T14:47:57.428+0900][8.743s][info ][gc,heap        ] GC(55) Survivor regions: 6->6(7)
[2026-08-01T14:47:57.428+0900][8.743s][info ][gc,heap        ] GC(55) Old regions: 13->15
[2026-08-01T14:47:57.428+0900][8.743s][info ][gc,heap        ] GC(55) Archive regions: 0->0
[2026-08-01T14:47:57.428+0900][8.743s][info ][gc,heap        ] GC(55) Humongous regions: 0->0
[2026-08-01T14:47:57.428+0900][8.743s][info ][gc,metaspace   ] GC(55) Metaspace: 9113K(9600K)->9113K(9600K) NonClass: 8290K(8512K)->8290K(8512K) Class: 822K(1088K)->822K(1088K)
[2026-08-01T14:47:57.428+0900][8.743s][debug][gc,heap        ] GC(55) Heap after GC invocations=56 (full 32):
[2026-08-01T14:47:57.428+0900][8.743s][debug][gc,heap        ] GC(55)  garbage-first heap   total 4063232K, used 614154K [0x000001b87c000000, 0x000001ef7c000000)
[2026-08-01T14:47:57.428+0900][8.743s][debug][gc,heap        ] GC(55)   region size 32768K, 6 young (196608K), 6 survivors (196608K)
[2026-08-01T14:47:57.428+0900][8.743s][debug][gc,heap        ] GC(55)  Metaspace       used 9113K, committed 9600K, reserved 1114112K
[2026-08-01T14:47:57.429+0900][8.743s][debug][gc,heap        ] GC(55)   class space    used 822K, committed 1088K, reserved 1048576K
[2026-08-01T14:47:57.429+0900][8.743s][info ][gc             ] GC(55) Pause Young (Normal) (G1 Evacuation Pause) 2117M->599M(3968M) 24.864ms
[2026-08-01T14:47:57.429+0900][8.743s][info ][gc,cpu         ] GC(55) User=0.28s Sys=0.00s Real=0.02s
[2026-08-01T14:47:57.429+0900][8.743s][info ][safepoint      ] Safepoint "G1CollectForAllocation", Time since last: 600310999 ns, Reaching safepoint: 92700 ns, At safepoint: 24960201 ns, Total: 25052901 ns
[2026-08-01T14:47:59.061+0900][10.375s][info ][gc,start       ] GC(56) Pause Young (Normal) (G1 Evacuation Pause)
[2026-08-01T14:47:59.061+0900][10.375s][debug][gc,heap        ] GC(56) Heap before GC invocations=56 (full 32):
[2026-08-01T14:47:59.061+0900][10.375s][debug][gc,heap        ] GC(56)  garbage-first heap   total 4063232K, used 2842378K [0x000001b87c000000, 0x000001ef7c000000)
[2026-08-01T14:47:59.061+0900][10.375s][debug][gc,heap        ] GC(56)   region size 32768K, 74 young (2424832K), 6 survivors (196608K)
[2026-08-01T14:47:59.061+0900][10.376s][debug][gc,heap        ] GC(56)  Metaspace       used 9120K, committed 9600K, reserved 1114112K
[2026-08-01T14:47:59.061+0900][10.376s][debug][gc,heap        ] GC(56)   class space    used 822K, committed 1088K, reserved 1048576K
[2026-08-01T14:47:59.061+0900][10.376s][info ][gc,task        ] GC(56) Using 18 workers of 18 for evacuation
[2026-08-01T14:47:59.181+0900][10.495s][info ][gc,phases      ] GC(56)   Pre Evacuate Collection Set: 0.1ms
[2026-08-01T14:47:59.181+0900][10.495s][info ][gc,phases      ] GC(56)   Merge Heap Roots: 0.3ms
[2026-08-01T14:47:59.181+0900][10.495s][info ][gc,phases      ] GC(56)   Evacuate Collection Set: 117.8ms
[2026-08-01T14:47:59.181+0900][10.495s][info ][gc,phases      ] GC(56)   Post Evacuate Collection Set: 1.3ms
[2026-08-01T14:47:59.181+0900][10.495s][info ][gc,phases      ] GC(56)   Other: 0.1ms
[2026-08-01T14:47:59.181+0900][10.495s][info ][gc,heap        ] GC(56) Eden regions: 68->0(46)
[2026-08-01T14:47:59.181+0900][10.495s][info ][gc,heap        ] GC(56) Survivor regions: 6->10(10)
[2026-08-01T14:47:59.181+0900][10.495s][info ][gc,heap        ] GC(56) Old regions: 15->30
[2026-08-01T14:47:59.181+0900][10.495s][info ][gc,heap        ] GC(56) Archive regions: 0->0
[2026-08-01T14:47:59.182+0900][10.495s][info ][gc,heap        ] GC(56) Humongous regions: 0->0
[2026-08-01T14:47:59.182+0900][10.495s][info ][gc,metaspace   ] GC(56) Metaspace: 9120K(9600K)->9120K(9600K) NonClass: 8297K(8512K)->8297K(8512K) Class: 822K(1088K)->822K(1088K)
[2026-08-01T14:47:59.182+0900][10.495s][debug][gc,heap        ] GC(56) Heap after GC invocations=57 (full 32):
[2026-08-01T14:47:59.182+0900][10.495s][debug][gc,heap        ] GC(56)  garbage-first heap   total 4063232K, used 1276394K [0x000001b87c000000, 0x000001ef7c000000)
[2026-08-01T14:47:59.182+0900][10.495s][debug][gc,heap        ] GC(56)   region size 32768K, 10 young (327680K), 10 survivors (327680K)
[2026-08-01T14:47:59.182+0900][10.495s][debug][gc,heap        ] GC(56)  Metaspace       used 9120K, committed 9600K, reserved 1114112K
[2026-08-01T14:47:59.182+0900][10.495s][debug][gc,heap        ] GC(56)   class space    used 822K, committed 1088K, reserved 1048576K
[2026-08-01T14:47:59.182+0900][10.495s][info ][gc             ] GC(56) Pause Young (Normal) (G1 Evacuation Pause) 2775M->1246M(3968M) 119.955ms
[2026-08-01T14:47:59.182+0900][10.495s][info ][gc,cpu         ] GC(56) User=1.97s Sys=0.00s Real=0.12s
[2026-08-01T14:47:59.182+0900][10.495s][info ][safepoint      ] Safepoint "G1CollectForAllocation", Time since last: 1632197099 ns, Reaching safepoint: 120400 ns, At safepoint: 120015501 ns, Total: 120135901 ns
[2026-08-01T14:47:59.565+0900][10.879s][info ][gc,start       ] GC(57) Pause Young (Normal) (G1 Evacuation Pause)
[2026-08-01T14:47:59.565+0900][10.880s][debug][gc,heap        ] GC(57) Heap before GC invocations=57 (full 32):
[2026-08-01T14:47:59.565+0900][10.880s][debug][gc,heap        ] GC(57)  garbage-first heap   total 4063232K, used 1374698K [0x000001b87c000000, 0x000001ef7c000000)
[2026-08-01T14:47:59.565+0900][10.880s][debug][gc,heap        ] GC(57)   region size 32768K, 13 young (425984K), 10 survivors (327680K)
[2026-08-01T14:47:59.565+0900][10.880s][debug][gc,heap        ] GC(57)  Metaspace       used 9120K, committed 9600K, reserved 1114112K
[2026-08-01T14:47:59.565+0900][10.880s][debug][gc,heap        ] GC(57)   class space    used 822K, committed 1088K, reserved 1048576K
[2026-08-01T14:47:59.565+0900][10.880s][info ][gc,task        ] GC(57) Using 18 workers of 18 for evacuation
[2026-08-01T14:47:59.618+0900][10.933s][info ][gc,phases      ] GC(57)   Pre Evacuate Collection Set: 0.1ms
[2026-08-01T14:47:59.618+0900][10.933s][info ][gc,phases      ] GC(57)   Merge Heap Roots: 4.9ms
[2026-08-01T14:47:59.618+0900][10.933s][info ][gc,phases      ] GC(57)   Evacuate Collection Set: 47.7ms
[2026-08-01T14:47:59.618+0900][10.933s][info ][gc,phases      ] GC(57)   Post Evacuate Collection Set: 0.3ms
[2026-08-01T14:47:59.618+0900][10.933s][info ][gc,phases      ] GC(57)   Other: 0.1ms
[2026-08-01T14:47:59.618+0900][10.933s][info ][gc,heap        ] GC(57) Eden regions: 3->0(49)
[2026-08-01T14:47:59.618+0900][10.933s][info ][gc,heap        ] GC(57) Survivor regions: 10->1(2)
[2026-08-01T14:47:59.618+0900][10.933s][info ][gc,heap        ] GC(57) Old regions: 30->41
[2026-08-01T14:47:59.618+0900][10.933s][info ][gc,heap        ] GC(57) Archive regions: 0->0
[2026-08-01T14:47:59.618+0900][10.933s][info ][gc,heap        ] GC(57) Humongous regions: 0->0
[2026-08-01T14:47:59.618+0900][10.933s][info ][gc,metaspace   ] GC(57) Metaspace: 9120K(9600K)->9120K(9600K) NonClass: 8297K(8512K)->8297K(8512K) Class: 822K(1088K)->822K(1088K)
[2026-08-01T14:47:59.618+0900][10.933s][debug][gc,heap        ] GC(57) Heap after GC invocations=58 (full 32):
[2026-08-01T14:47:59.618+0900][10.933s][debug][gc,heap        ] GC(57)  garbage-first heap   total 4063232K, used 1342043K [0x000001b87c000000, 0x000001ef7c000000)
[2026-08-01T14:47:59.618+0900][10.933s][debug][gc,heap        ] GC(57)   region size 32768K, 1 young (32768K), 1 survivors (32768K)
[2026-08-01T14:47:59.618+0900][10.933s][debug][gc,heap        ] GC(57)  Metaspace       used 9120K, committed 9600K, reserved 1114112K
[2026-08-01T14:47:59.618+0900][10.933s][debug][gc,heap        ] GC(57)   class space    used 822K, committed 1088K, reserved 1048576K
[2026-08-01T14:47:59.618+0900][10.933s][info ][gc             ] GC(57) Pause Young (Normal) (G1 Evacuation Pause) 1342M->1310M(3968M) 53.346ms
[2026-08-01T14:47:59.618+0900][10.933s][info ][gc,cpu         ] GC(57) User=0.84s Sys=0.00s Real=0.05s
[2026-08-01T14:47:59.618+0900][10.933s][info ][safepoint      ] Safepoint "G1CollectForAllocation", Time since last: 383963900 ns, Reaching safepoint: 100600 ns, At safepoint: 53400400 ns, Total: 53501000 ns
[2026-08-01T14:48:01.627+0900][12.940s][info ][safepoint      ] Safepoint "Cleanup", Time since last: 2007440899 ns, Reaching safepoint: 103000 ns, At safepoint: 13301 ns, Total: 116301 ns
[2026-08-01T14:48:08.550+0900][19.864s][info ][gc,start       ] GC(58) Pause Young (Normal) (G1 Evacuation Pause)
[2026-08-01T14:48:08.550+0900][19.864s][debug][gc,heap        ] GC(58) Heap before GC invocations=58 (full 32):
[2026-08-01T14:48:08.550+0900][19.864s][debug][gc,heap        ] GC(58)  garbage-first heap   total 4063232K, used 2914907K [0x000001b87c000000, 0x000001ef7c000000)
[2026-08-01T14:48:08.550+0900][19.864s][debug][gc,heap        ] GC(58)   region size 32768K, 50 young (1638400K), 1 survivors (32768K)
[2026-08-01T14:48:08.550+0900][19.864s][debug][gc,heap        ] GC(58)  Metaspace       used 9134K, committed 9600K, reserved 1114112K
[2026-08-01T14:48:08.550+0900][19.864s][debug][gc,heap        ] GC(58)   class space    used 822K, committed 1088K, reserved 1048576K
[2026-08-01T14:48:08.550+0900][19.864s][info ][gc,task        ] GC(58) Using 18 workers of 18 for evacuation
[2026-08-01T14:48:08.661+0900][19.975s][info ][gc,phases      ] GC(58)   Pre Evacuate Collection Set: 0.1ms
[2026-08-01T14:48:08.661+0900][19.975s][info ][gc,phases      ] GC(58)   Merge Heap Roots: 0.3ms
[2026-08-01T14:48:08.661+0900][19.975s][info ][gc,phases      ] GC(58)   Evacuate Collection Set: 109.8ms
[2026-08-01T14:48:08.661+0900][19.975s][info ][gc,phases      ] GC(58)   Post Evacuate Collection Set: 0.7ms
[2026-08-01T14:48:08.661+0900][19.975s][info ][gc,phases      ] GC(58)   Other: 0.1ms
[2026-08-01T14:48:08.661+0900][19.975s][info ][gc,heap        ] GC(58) Eden regions: 49->0(25)
[2026-08-01T14:48:08.661+0900][19.975s][info ][gc,heap        ] GC(58) Survivor regions: 1->7(7)
[2026-08-01T14:48:08.661+0900][19.975s][info ][gc,heap        ] GC(58) Old regions: 41->60
[2026-08-01T14:48:08.661+0900][19.975s][info ][gc,heap        ] GC(58) Archive regions: 0->0
[2026-08-01T14:48:08.661+0900][19.975s][info ][gc,heap        ] GC(58) Humongous regions: 0->0
[2026-08-01T14:48:08.661+0900][19.975s][info ][gc,metaspace   ] GC(58) Metaspace: 9134K(9600K)->9134K(9600K) NonClass: 8311K(8512K)->8311K(8512K) Class: 822K(1088K)->822K(1088K)
[2026-08-01T14:48:08.661+0900][19.975s][debug][gc,heap        ] GC(58) Heap after GC invocations=59 (full 32):
[2026-08-01T14:48:08.661+0900][19.975s][debug][gc,heap        ] GC(58)  garbage-first heap   total 4063232K, used 2168593K [0x000001b87c000000, 0x000001ef7c000000)
[2026-08-01T14:48:08.661+0900][19.975s][debug][gc,heap        ] GC(58)   region size 32768K, 7 young (229376K), 7 survivors (229376K)
[2026-08-01T14:48:08.661+0900][19.975s][debug][gc,heap        ] GC(58)  Metaspace       used 9134K, committed 9600K, reserved 1114112K
[2026-08-01T14:48:08.661+0900][19.975s][debug][gc,heap        ] GC(58)   class space    used 822K, committed 1088K, reserved 1048576K
[2026-08-01T14:48:08.661+0900][19.975s][info ][gc             ] GC(58) Pause Young (Normal) (G1 Evacuation Pause) 2878M->2117M(3968M) 111.416ms
[2026-08-01T14:48:08.661+0900][19.975s][info ][gc,cpu         ] GC(58) User=1.97s Sys=0.00s Real=0.11s
[2026-08-01T14:48:08.661+0900][19.975s][info ][safepoint      ] Safepoint "G1CollectForAllocation", Time since last: 6923410800 ns, Reaching safepoint: 109800 ns, At safepoint: 111474600 ns, Total: 111584400 ns
[2026-08-01T14:48:09.527+0900][20.842s][info ][gc,start       ] GC(59) Pause Young (Concurrent Start) (G1 Evacuation Pause)
[2026-08-01T14:48:09.527+0900][20.842s][debug][gc,heap        ] GC(59) Heap before GC invocations=59 (full 32):
[2026-08-01T14:48:09.527+0900][20.842s][debug][gc,heap        ] GC(59)  garbage-first heap   total 4063232K, used 2987793K [0x000001b87c000000, 0x000001ef7c000000)
[2026-08-01T14:48:09.527+0900][20.842s][debug][gc,heap        ] GC(59)   region size 32768K, 32 young (1048576K), 7 survivors (229376K)
[2026-08-01T14:48:09.527+0900][20.842s][debug][gc,heap        ] GC(59)  Metaspace       used 9134K, committed 9600K, reserved 1114112K
[2026-08-01T14:48:09.527+0900][20.842s][debug][gc,heap        ] GC(59)   class space    used 822K, committed 1088K, reserved 1048576K
[2026-08-01T14:48:09.527+0900][20.842s][info ][gc,task        ] GC(59) Using 18 workers of 18 for evacuation
[2026-08-01T14:48:09.615+0900][20.930s][info ][gc,phases      ] GC(59)   Pre Evacuate Collection Set: 0.3ms
[2026-08-01T14:48:09.615+0900][20.930s][info ][gc,phases      ] GC(59)   Merge Heap Roots: 1.5ms
[2026-08-01T14:48:09.615+0900][20.930s][info ][gc,phases      ] GC(59)   Evacuate Collection Set: 80.2ms
[2026-08-01T14:48:09.615+0900][20.930s][info ][gc,phases      ] GC(59)   Post Evacuate Collection Set: 6.0ms
[2026-08-01T14:48:09.615+0900][20.930s][info ][gc,phases      ] GC(59)   Other: 0.1ms
[2026-08-01T14:48:09.615+0900][20.930s][info ][gc,heap        ] GC(59) Eden regions: 25->0(38)
[2026-08-01T14:48:09.615+0900][20.930s][info ][gc,heap        ] GC(59) Survivor regions: 7->4(4)
[2026-08-01T14:48:09.615+0900][20.930s][info ][gc,heap        ] GC(59) Old regions: 60->76
[2026-08-01T14:48:09.615+0900][20.930s][info ][gc,heap        ] GC(59) Archive regions: 0->0
[2026-08-01T14:48:09.615+0900][20.930s][info ][gc,heap        ] GC(59) Humongous regions: 0->0
[2026-08-01T14:48:09.615+0900][20.930s][info ][gc,metaspace   ] GC(59) Metaspace: 9134K(9600K)->9134K(9600K) NonClass: 8311K(8512K)->8311K(8512K) Class: 822K(1088K)->822K(1088K)
[2026-08-01T14:48:09.615+0900][20.930s][debug][gc,heap        ] GC(59) Heap after GC invocations=60 (full 32):
[2026-08-01T14:48:09.615+0900][20.930s][debug][gc,heap        ] GC(59)  garbage-first heap   total 6717440K, used 2604682K [0x000001b87c000000, 0x000001ef7c000000)
[2026-08-01T14:48:09.615+0900][20.930s][debug][gc,heap        ] GC(59)   region size 32768K, 4 young (131072K), 4 survivors (131072K)
[2026-08-01T14:48:09.615+0900][20.930s][debug][gc,heap        ] GC(59)  Metaspace       used 9134K, committed 9600K, reserved 1114112K
[2026-08-01T14:48:09.615+0900][20.930s][debug][gc,heap        ] GC(59)   class space    used 822K, committed 1088K, reserved 1048576K
[2026-08-01T14:48:09.615+0900][20.930s][info ][gc             ] GC(59) Pause Young (Concurrent Start) (G1 Evacuation Pause) 2917M->2543M(6560M) 88.400ms
[2026-08-01T14:48:09.615+0900][20.930s][info ][gc             ] GC(60) Concurrent Mark Cycle
[2026-08-01T14:48:09.615+0900][20.930s][info ][gc,cpu         ] GC(59) User=1.41s Sys=0.02s Real=0.09s
[2026-08-01T14:48:09.615+0900][20.930s][info ][gc,marking     ] GC(60) Concurrent Clear Claimed Marks
[2026-08-01T14:48:09.615+0900][20.930s][info ][safepoint      ] Safepoint "G1CollectForAllocation", Time since last: 866049900 ns, Reaching safepoint: 114500 ns, At safepoint: 88531800 ns, Total: 88646300 ns
[2026-08-01T14:48:09.616+0900][20.930s][info ][gc,marking     ] GC(60) Concurrent Clear Claimed Marks 0.061ms
[2026-08-01T14:48:09.616+0900][20.930s][info ][gc,marking     ] GC(60) Concurrent Scan Root Regions
[2026-08-01T14:48:09.688+0900][21.002s][info ][gc,marking     ] GC(60) Concurrent Scan Root Regions 71.528ms
[2026-08-01T14:48:09.688+0900][21.002s][info ][gc,marking     ] GC(60) Concurrent Mark
[2026-08-01T14:48:09.688+0900][21.002s][info ][gc,marking     ] GC(60) Concurrent Mark From Roots
[2026-08-01T14:48:09.688+0900][21.002s][info ][gc,task        ] GC(60) Using 5 workers of 5 for marking
[2026-08-01T14:48:10.017+0900][21.332s][info ][gc,marking     ] GC(60) Concurrent Mark From Roots 330.049ms
[2026-08-01T14:48:10.018+0900][21.332s][info ][gc,marking     ] GC(60) Concurrent Preclean
[2026-08-01T14:48:10.018+0900][21.332s][info ][gc,marking     ] GC(60) Concurrent Preclean 0.039ms
[2026-08-01T14:48:10.018+0900][21.332s][info ][gc,start       ] GC(60) Pause Remark
[2026-08-01T14:48:10.020+0900][21.334s][info ][gc             ] GC(60) Pause Remark 2863M->2863M(6560M) 1.392ms
[2026-08-01T14:48:10.020+0900][21.334s][info ][gc,cpu         ] GC(60) User=0.00s Sys=0.00s Real=0.00s
[2026-08-01T14:48:10.020+0900][21.334s][info ][safepoint      ] Safepoint "G1Concurrent", Time since last: 401859700 ns, Reaching safepoint: 149300 ns, At safepoint: 1453499 ns, Total: 1602799 ns
[2026-08-01T14:48:10.020+0900][21.334s][info ][gc,marking     ] GC(60) Concurrent Mark 331.858ms
[2026-08-01T14:48:10.020+0900][21.334s][info ][gc,marking     ] GC(60) Concurrent Rebuild Remembered Sets
[2026-08-01T14:48:10.845+0900][22.159s][info ][gc,marking     ] GC(60) Concurrent Rebuild Remembered Sets 825.107ms
[2026-08-01T14:48:10.845+0900][22.159s][info ][gc,start       ] GC(60) Pause Cleanup
[2026-08-01T14:48:10.845+0900][22.159s][info ][gc             ] GC(60) Pause Cleanup 3711M->3711M(6560M) 0.197ms
[2026-08-01T14:48:10.845+0900][22.159s][info ][gc,cpu         ] GC(60) User=0.00s Sys=0.00s Real=0.00s
[2026-08-01T14:48:10.845+0900][22.159s][info ][safepoint      ] Safepoint "G1Concurrent", Time since last: 825265701 ns, Reaching safepoint: 123200 ns, At safepoint: 252600 ns, Total: 375800 ns
[2026-08-01T14:48:10.845+0900][22.159s][info ][gc,marking     ] GC(60) Concurrent Cleanup for Next Mark
[2026-08-01T14:48:10.862+0900][22.177s][info ][gc,marking     ] GC(60) Concurrent Cleanup for Next Mark 17.469ms
[2026-08-01T14:48:10.862+0900][22.177s][info ][gc             ] GC(60) Concurrent Mark Cycle 1246.750ms
[2026-08-01T14:48:11.083+0900][22.398s][info ][gc,start       ] GC(61) Pause Young (Prepare Mixed) (G1 Evacuation Pause)
[2026-08-01T14:48:11.083+0900][22.398s][debug][gc,heap        ] GC(61) Heap before GC invocations=61 (full 32):
[2026-08-01T14:48:11.083+0900][22.398s][debug][gc,heap        ] GC(61)  garbage-first heap   total 6717440K, used 3849866K [0x000001b87c000000, 0x000001ef7c000000)
[2026-08-01T14:48:11.083+0900][22.398s][debug][gc,heap        ] GC(61)   region size 32768K, 42 young (1376256K), 4 survivors (131072K)
[2026-08-01T14:48:11.083+0900][22.398s][debug][gc,heap        ] GC(61)  Metaspace       used 9159K, committed 9664K, reserved 1114112K
[2026-08-01T14:48:11.083+0900][22.398s][debug][gc,heap        ] GC(61)   class space    used 822K, committed 1088K, reserved 1048576K
[2026-08-01T14:48:11.083+0900][22.398s][info ][gc,task        ] GC(61) Using 18 workers of 18 for evacuation
[2026-08-01T14:48:11.177+0900][22.491s][info ][gc,phases      ] GC(61)   Pre Evacuate Collection Set: 0.1ms
[2026-08-01T14:48:11.177+0900][22.491s][info ][gc,phases      ] GC(61)   Merge Heap Roots: 1.3ms
[2026-08-01T14:48:11.177+0900][22.491s][info ][gc,phases      ] GC(61)   Evacuate Collection Set: 90.9ms
[2026-08-01T14:48:11.177+0900][22.491s][info ][gc,phases      ] GC(61)   Post Evacuate Collection Set: 0.8ms
[2026-08-01T14:48:11.177+0900][22.491s][info ][gc,phases      ] GC(61)   Other: 0.1ms
[2026-08-01T14:48:11.177+0900][22.491s][info ][gc,heap        ] GC(61) Eden regions: 38->0(4)
[2026-08-01T14:48:11.177+0900][22.491s][info ][gc,heap        ] GC(61) Survivor regions: 4->6(6)
[2026-08-01T14:48:11.177+0900][22.491s][info ][gc,heap        ] GC(61) Old regions: 76->92
[2026-08-01T14:48:11.177+0900][22.491s][info ][gc,heap        ] GC(61) Archive regions: 0->0
[2026-08-01T14:48:11.177+0900][22.491s][info ][gc,heap        ] GC(61) Humongous regions: 0->0
[2026-08-01T14:48:11.177+0900][22.491s][info ][gc,metaspace   ] GC(61) Metaspace: 9159K(9664K)->9159K(9664K) NonClass: 8336K(8576K)->8336K(8576K) Class: 822K(1088K)->822K(1088K)
[2026-08-01T14:48:11.177+0900][22.491s][debug][gc,heap        ] GC(61) Heap after GC invocations=62 (full 32):
[2026-08-01T14:48:11.177+0900][22.491s][debug][gc,heap        ] GC(61)  garbage-first heap   total 6717440K, used 3183524K [0x000001b87c000000, 0x000001ef7c000000)
[2026-08-01T14:48:11.177+0900][22.491s][debug][gc,heap        ] GC(61)   region size 32768K, 6 young (196608K), 6 survivors (196608K)
[2026-08-01T14:48:11.177+0900][22.491s][debug][gc,heap        ] GC(61)  Metaspace       used 9159K, committed 9664K, reserved 1114112K
[2026-08-01T14:48:11.177+0900][22.491s][debug][gc,heap        ] GC(61)   class space    used 822K, committed 1088K, reserved 1048576K
[2026-08-01T14:48:11.177+0900][22.491s][info ][gc             ] GC(61) Pause Young (Prepare Mixed) (G1 Evacuation Pause) 3759M->3108M(6560M) 93.611ms
[2026-08-01T14:48:11.177+0900][22.491s][info ][gc,cpu         ] GC(61) User=1.55s Sys=0.12s Real=0.09s
[2026-08-01T14:48:11.177+0900][22.491s][info ][safepoint      ] Safepoint "G1CollectForAllocation", Time since last: 238500599 ns, Reaching safepoint: 106001 ns, At safepoint: 93666500 ns, Total: 93772501 ns
[2026-08-01T14:48:11.353+0900][22.667s][info ][gc,start       ] GC(62) Pause Young (Mixed) (G1 Evacuation Pause)
[2026-08-01T14:48:11.353+0900][22.667s][debug][gc,heap        ] GC(62) Heap before GC invocations=62 (full 32):
[2026-08-01T14:48:11.353+0900][22.667s][debug][gc,heap        ] GC(62)  garbage-first heap   total 6717440K, used 3314596K [0x000001b87c000000, 0x000001ef7c000000)
[2026-08-01T14:48:11.353+0900][22.667s][debug][gc,heap        ] GC(62)   region size 32768K, 10 young (327680K), 6 survivors (196608K)
[2026-08-01T14:48:11.353+0900][22.667s][debug][gc,heap        ] GC(62)  Metaspace       used 9159K, committed 9664K, reserved 1114112K
[2026-08-01T14:48:11.353+0900][22.667s][debug][gc,heap        ] GC(62)   class space    used 822K, committed 1088K, reserved 1048576K
[2026-08-01T14:48:11.353+0900][22.667s][info ][gc,task        ] GC(62) Using 18 workers of 18 for evacuation
[2026-08-01T14:48:11.389+0900][22.704s][info ][gc,phases      ] GC(62)   Pre Evacuate Collection Set: 0.1ms
[2026-08-01T14:48:11.390+0900][22.704s][info ][gc,phases      ] GC(62)   Merge Heap Roots: 1.4ms
[2026-08-01T14:48:11.390+0900][22.704s][info ][gc,phases      ] GC(62)   Evacuate Collection Set: 34.4ms
[2026-08-01T14:48:11.390+0900][22.704s][info ][gc,phases      ] GC(62)   Post Evacuate Collection Set: 0.7ms
[2026-08-01T14:48:11.390+0900][22.704s][info ][gc,phases      ] GC(62)   Other: 0.1ms
[2026-08-01T14:48:11.390+0900][22.704s][info ][gc,heap        ] GC(62) Eden regions: 4->0(39)
[2026-08-01T14:48:11.390+0900][22.704s][info ][gc,heap        ] GC(62) Survivor regions: 6->2(2)
[2026-08-01T14:48:11.390+0900][22.704s][info ][gc,heap        ] GC(62) Old regions: 92->98
[2026-08-01T14:48:11.390+0900][22.704s][info ][gc,heap        ] GC(62) Archive regions: 0->0
[2026-08-01T14:48:11.390+0900][22.704s][info ][gc,heap        ] GC(62) Humongous regions: 0->0
[2026-08-01T14:48:11.390+0900][22.704s][info ][gc,metaspace   ] GC(62) Metaspace: 9159K(9664K)->9159K(9664K) NonClass: 8336K(8576K)->8336K(8576K) Class: 822K(1088K)->822K(1088K)
[2026-08-01T14:48:11.390+0900][22.704s][debug][gc,heap        ] GC(62) Heap after GC invocations=63 (full 32):
[2026-08-01T14:48:11.390+0900][22.704s][debug][gc,heap        ] GC(62)  garbage-first heap   total 6717440K, used 3233677K [0x000001b87c000000, 0x000001ef7c000000)
[2026-08-01T14:48:11.390+0900][22.704s][debug][gc,heap        ] GC(62)   region size 32768K, 2 young (65536K), 2 survivors (65536K)
[2026-08-01T14:48:11.390+0900][22.704s][debug][gc,heap        ] GC(62)  Metaspace       used 9159K, committed 9664K, reserved 1114112K
[2026-08-01T14:48:11.390+0900][22.704s][debug][gc,heap        ] GC(62)   class space    used 822K, committed 1088K, reserved 1048576K
[2026-08-01T14:48:11.390+0900][22.704s][info ][gc             ] GC(62) Pause Young (Mixed) (G1 Evacuation Pause) 3236M->3157M(6560M) 36.941ms
[2026-08-01T14:48:11.390+0900][22.704s][info ][gc,cpu         ] GC(62) User=0.84s Sys=0.00s Real=0.04s
[2026-08-01T14:48:11.390+0900][22.704s][info ][safepoint      ] Safepoint "G1CollectForAllocation", Time since last: 175252600 ns, Reaching safepoint: 50099 ns, At safepoint: 36994901 ns, Total: 37045000 ns
[2026-08-01T14:48:12.394+0900][23.708s][info ][safepoint      ] Safepoint "Cleanup", Time since last: 1004273699 ns, Reaching safepoint: 145401 ns, At safepoint: 10800 ns, Total: 156201 ns
[2026-08-01T14:48:12.757+0900][24.071s][info ][gc,start       ] GC(63) Pause Young (Concurrent Start) (G1 Evacuation Pause)
[2026-08-01T14:48:12.757+0900][24.071s][debug][gc,heap        ] GC(63) Heap before GC invocations=63 (full 32):
[2026-08-01T14:48:12.757+0900][24.071s][debug][gc,heap        ] GC(63)  garbage-first heap   total 6717440K, used 4511629K [0x000001b87c000000, 0x000001ef7c000000)
[2026-08-01T14:48:12.757+0900][24.071s][debug][gc,heap        ] GC(63)   region size 32768K, 41 young (1343488K), 2 survivors (65536K)
[2026-08-01T14:48:12.757+0900][24.071s][debug][gc,heap        ] GC(63)  Metaspace       used 9177K, committed 9728K, reserved 1114112K
[2026-08-01T14:48:12.757+0900][24.071s][debug][gc,heap        ] GC(63)   class space    used 823K, committed 1088K, reserved 1048576K
[2026-08-01T14:48:12.757+0900][24.071s][info ][gc,task        ] GC(63) Using 18 workers of 18 for evacuation
[2026-08-01T14:48:12.840+0900][24.154s][info ][gc,phases      ] GC(63)   Pre Evacuate Collection Set: 0.2ms
[2026-08-01T14:48:12.840+0900][24.154s][info ][gc,phases      ] GC(63)   Merge Heap Roots: 1.2ms
[2026-08-01T14:48:12.840+0900][24.154s][info ][gc,phases      ] GC(63)   Evacuate Collection Set: 80.6ms
[2026-08-01T14:48:12.840+0900][24.154s][info ][gc,phases      ] GC(63)   Post Evacuate Collection Set: 0.8ms
[2026-08-01T14:48:12.840+0900][24.154s][info ][gc,phases      ] GC(63)   Other: 0.1ms
[2026-08-01T14:48:12.840+0900][24.154s][info ][gc,heap        ] GC(63) Eden regions: 39->0(32)
[2026-08-01T14:48:12.840+0900][24.154s][info ][gc,heap        ] GC(63) Survivor regions: 2->6(6)
[2026-08-01T14:48:12.840+0900][24.154s][info ][gc,heap        ] GC(63) Old regions: 98->109
[2026-08-01T14:48:12.840+0900][24.154s][info ][gc,heap        ] GC(63) Archive regions: 0->0
[2026-08-01T14:48:12.840+0900][24.154s][info ][gc,heap        ] GC(63) Humongous regions: 0->0
[2026-08-01T14:48:12.840+0900][24.154s][info ][gc,metaspace   ] GC(63) Metaspace: 9177K(9728K)->9177K(9728K) NonClass: 8353K(8640K)->8353K(8640K) Class: 823K(1088K)->823K(1088K)
[2026-08-01T14:48:12.840+0900][24.154s][debug][gc,heap        ] GC(63) Heap after GC invocations=64 (full 32):
[2026-08-01T14:48:12.840+0900][24.154s][debug][gc,heap        ] GC(63)  garbage-first heap   total 6717440K, used 3757151K [0x000001b87c000000, 0x000001ef7c000000)
[2026-08-01T14:48:12.840+0900][24.154s][debug][gc,heap        ] GC(63)   region size 32768K, 6 young (196608K), 6 survivors (196608K)
[2026-08-01T14:48:12.840+0900][24.154s][debug][gc,heap        ] GC(63)  Metaspace       used 9177K, committed 9728K, reserved 1114112K
[2026-08-01T14:48:12.840+0900][24.154s][debug][gc,heap        ] GC(63)   class space    used 823K, committed 1088K, reserved 1048576K
[2026-08-01T14:48:12.840+0900][24.154s][info ][gc             ] GC(63) Pause Young (Concurrent Start) (G1 Evacuation Pause) 4405M->3669M(6560M) 83.238ms
[2026-08-01T14:48:12.840+0900][24.154s][info ][gc             ] GC(64) Concurrent Mark Cycle
[2026-08-01T14:48:12.840+0900][24.154s][info ][gc,cpu         ] GC(63) User=1.30s Sys=0.11s Real=0.08s
[2026-08-01T14:48:12.840+0900][24.154s][info ][gc,marking     ] GC(64) Concurrent Clear Claimed Marks
[2026-08-01T14:48:12.840+0900][24.154s][info ][safepoint      ] Safepoint "G1CollectForAllocation", Time since last: 362235199 ns, Reaching safepoint: 90501 ns, At safepoint: 83345100 ns, Total: 83435601 ns
[2026-08-01T14:48:12.840+0900][24.154s][info ][gc,marking     ] GC(64) Concurrent Clear Claimed Marks 0.055ms
[2026-08-01T14:48:12.840+0900][24.154s][info ][gc,marking     ] GC(64) Concurrent Scan Root Regions
[2026-08-01T14:48:12.931+0900][24.245s][info ][gc,marking     ] GC(64) Concurrent Scan Root Regions 91.102ms
[2026-08-01T14:48:12.931+0900][24.245s][info ][gc,marking     ] GC(64) Concurrent Mark
[2026-08-01T14:48:12.931+0900][24.245s][info ][gc,marking     ] GC(64) Concurrent Mark From Roots
[2026-08-01T14:48:12.931+0900][24.245s][info ][gc,task        ] GC(64) Using 5 workers of 5 for marking
[2026-08-01T14:48:13.051+0900][24.366s][info ][gc,marking     ] GC(64) Concurrent Mark From Roots 120.492ms
[2026-08-01T14:48:13.051+0900][24.366s][info ][gc,marking     ] GC(64) Concurrent Preclean
[2026-08-01T14:48:13.051+0900][24.366s][info ][gc,marking     ] GC(64) Concurrent Preclean 0.041ms
[2026-08-01T14:48:13.051+0900][24.366s][info ][gc,start       ] GC(64) Pause Remark
[2026-08-01T14:48:13.053+0900][24.367s][debug][gc,heap        ] GC(64) Uncommittable regions after shrink: 18
[2026-08-01T14:48:13.053+0900][24.368s][info ][gc             ] GC(64) Pause Remark 3813M->1765M(5984M) 1.672ms
[2026-08-01T14:48:13.053+0900][24.368s][info ][gc,cpu         ] GC(64) User=0.00s Sys=0.00s Real=0.00s
[2026-08-01T14:48:13.053+0900][24.368s][info ][safepoint      ] Safepoint "G1Concurrent", Time since last: 211853699 ns, Reaching safepoint: 119601 ns, At safepoint: 1717899 ns, Total: 1837500 ns
[2026-08-01T14:48:13.054+0900][24.368s][info ][gc,marking     ] GC(64) Concurrent Mark 122.492ms
[2026-08-01T14:48:13.054+0900][24.368s][info ][gc,marking     ] GC(64) Concurrent Rebuild Remembered Sets
[2026-08-01T14:48:13.289+0900][24.603s][debug][gc,heap        ] Concurrent Uncommit Summary: 576M, 18 regions, 30.876ms
[2026-08-01T14:48:13.463+0900][24.776s][info ][gc,marking     ] GC(64) Concurrent Rebuild Remembered Sets 408.716ms
[2026-08-01T14:48:13.463+0900][24.776s][info ][gc,start       ] GC(64) Pause Cleanup
[2026-08-01T14:48:13.463+0900][24.777s][info ][gc             ] GC(64) Pause Cleanup 2405M->2405M(5984M) 0.175ms
[2026-08-01T14:48:13.463+0900][24.777s][info ][gc,cpu         ] GC(64) User=0.00s Sys=0.00s Real=0.00s
[2026-08-01T14:48:13.463+0900][24.777s][info ][safepoint      ] Safepoint "G1Concurrent", Time since last: 408841200 ns, Reaching safepoint: 56801 ns, At safepoint: 231600 ns, Total: 288401 ns
[2026-08-01T14:48:13.463+0900][24.777s][info ][gc,marking     ] GC(64) Concurrent Cleanup for Next Mark
[2026-08-01T14:48:13.477+0900][24.791s][info ][gc,marking     ] GC(64) Concurrent Cleanup for Next Mark 14.422ms
[2026-08-01T14:48:13.477+0900][24.791s][info ][gc             ] GC(64) Concurrent Mark Cycle 637.402ms
[2026-08-01T14:48:13.757+0900][25.070s][info ][gc,start       ] GC(65) Pause Young (Prepare Mixed) (G1 Evacuation Pause)
[2026-08-01T14:48:13.757+0900][25.071s][debug][gc,heap        ] GC(65) Heap before GC invocations=65 (full 32):
[2026-08-01T14:48:13.757+0900][25.071s][debug][gc,heap        ] GC(65)  garbage-first heap   total 6127616K, used 2708575K [0x000001b87c000000, 0x000001ef7c000000)
[2026-08-01T14:48:13.757+0900][25.071s][debug][gc,heap        ] GC(65)   region size 32768K, 38 young (1245184K), 6 survivors (196608K)
[2026-08-01T14:48:13.757+0900][25.071s][debug][gc,heap        ] GC(65)  Metaspace       used 9295K, committed 9792K, reserved 1114112K
[2026-08-01T14:48:13.757+0900][25.071s][debug][gc,heap        ] GC(65)   class space    used 836K, committed 1088K, reserved 1048576K
[2026-08-01T14:48:13.757+0900][25.071s][info ][gc,task        ] GC(65) Using 18 workers of 18 for evacuation
[2026-08-01T14:48:13.865+0900][25.179s][info ][gc,phases      ] GC(65)   Pre Evacuate Collection Set: 0.1ms
[2026-08-01T14:48:13.865+0900][25.179s][info ][gc,phases      ] GC(65)   Merge Heap Roots: 1.5ms
[2026-08-01T14:48:13.865+0900][25.179s][info ][gc,phases      ] GC(65)   Evacuate Collection Set: 106.1ms
[2026-08-01T14:48:13.865+0900][25.179s][info ][gc,phases      ] GC(65)   Post Evacuate Collection Set: 0.7ms
[2026-08-01T14:48:13.865+0900][25.179s][info ][gc,phases      ] GC(65)   Other: 0.1ms
[2026-08-01T14:48:13.865+0900][25.179s][info ][gc,heap        ] GC(65) Eden regions: 32->0(4)
[2026-08-01T14:48:13.865+0900][25.179s][info ][gc,heap        ] GC(65) Survivor regions: 6->5(5)
[2026-08-01T14:48:13.865+0900][25.179s][info ][gc,heap        ] GC(65) Old regions: 45->66
[2026-08-01T14:48:13.865+0900][25.179s][info ][gc,heap        ] GC(65) Archive regions: 0->0
[2026-08-01T14:48:13.865+0900][25.179s][info ][gc,heap        ] GC(65) Humongous regions: 0->0
[2026-08-01T14:48:13.865+0900][25.179s][info ][gc,metaspace   ] GC(65) Metaspace: 9295K(9792K)->9295K(9792K) NonClass: 8459K(8704K)->8459K(8704K) Class: 836K(1088K)->836K(1088K)
[2026-08-01T14:48:13.865+0900][25.179s][debug][gc,heap        ] GC(65) Heap after GC invocations=66 (full 32):
[2026-08-01T14:48:13.865+0900][25.179s][debug][gc,heap        ] GC(65)  garbage-first heap   total 6127616K, used 2296910K [0x000001b87c000000, 0x000001ef7c000000)
[2026-08-01T14:48:13.865+0900][25.179s][debug][gc,heap        ] GC(65)   region size 32768K, 5 young (163840K), 5 survivors (163840K)
[2026-08-01T14:48:13.865+0900][25.179s][debug][gc,heap        ] GC(65)  Metaspace       used 9295K, committed 9792K, reserved 1114112K
[2026-08-01T14:48:13.865+0900][25.179s][debug][gc,heap        ] GC(65)   class space    used 836K, committed 1088K, reserved 1048576K
[2026-08-01T14:48:13.865+0900][25.179s][info ][gc             ] GC(65) Pause Young (Prepare Mixed) (G1 Evacuation Pause) 2645M->2243M(5984M) 108.871ms
[2026-08-01T14:48:13.865+0900][25.179s][info ][gc,cpu         ] GC(65) User=1.94s Sys=0.03s Real=0.11s
[2026-08-01T14:48:13.865+0900][25.179s][info ][safepoint      ] Safepoint "G1CollectForAllocation", Time since last: 293645800 ns, Reaching safepoint: 93499 ns, At safepoint: 108929500 ns, Total: 109022999 ns
[2026-08-01T14:48:14.346+0900][25.661s][info ][gc,start       ] GC(66) Pause Young (Mixed) (G1 Evacuation Pause)
[2026-08-01T14:48:14.346+0900][25.661s][debug][gc,heap        ] GC(66) Heap before GC invocations=66 (full 32):
[2026-08-01T14:48:14.346+0900][25.661s][debug][gc,heap        ] GC(66)  garbage-first heap   total 6127616K, used 2427982K [0x000001b87c000000, 0x000001ef7c000000)
[2026-08-01T14:48:14.346+0900][25.661s][debug][gc,heap        ] GC(66)   region size 32768K, 9 young (294912K), 5 survivors (163840K)
[2026-08-01T14:48:14.346+0900][25.661s][debug][gc,heap        ] GC(66)  Metaspace       used 9295K, committed 9792K, reserved 1114112K
[2026-08-01T14:48:14.346+0900][25.661s][debug][gc,heap        ] GC(66)   class space    used 836K, committed 1088K, reserved 1048576K
[2026-08-01T14:48:14.346+0900][25.661s][info ][gc,task        ] GC(66) Using 18 workers of 18 for evacuation
[2026-08-01T14:48:14.379+0900][25.693s][info ][gc,phases      ] GC(66)   Pre Evacuate Collection Set: 0.1ms
[2026-08-01T14:48:14.379+0900][25.693s][info ][gc,phases      ] GC(66)   Merge Heap Roots: 1.3ms
[2026-08-01T14:48:14.379+0900][25.693s][info ][gc,phases      ] GC(66)   Evacuate Collection Set: 29.7ms
[2026-08-01T14:48:14.379+0900][25.693s][info ][gc,phases      ] GC(66)   Post Evacuate Collection Set: 0.5ms
[2026-08-01T14:48:14.379+0900][25.693s][info ][gc,phases      ] GC(66)   Other: 0.1ms
[2026-08-01T14:48:14.379+0900][25.693s][info ][gc,heap        ] GC(66) Eden regions: 4->0(43)
[2026-08-01T14:48:14.379+0900][25.693s][info ][gc,heap        ] GC(66) Survivor regions: 5->1(2)
[2026-08-01T14:48:14.379+0900][25.693s][info ][gc,heap        ] GC(66) Old regions: 66->65
[2026-08-01T14:48:14.379+0900][25.693s][info ][gc,heap        ] GC(66) Archive regions: 0->0
[2026-08-01T14:48:14.379+0900][25.693s][info ][gc,heap        ] GC(66) Humongous regions: 0->0
[2026-08-01T14:48:14.379+0900][25.693s][info ][gc,metaspace   ] GC(66) Metaspace: 9295K(9792K)->9295K(9792K) NonClass: 8459K(8704K)->8459K(8704K) Class: 836K(1088K)->836K(1088K)
[2026-08-01T14:48:14.379+0900][25.693s][debug][gc,heap        ] GC(66) Heap after GC invocations=67 (full 32):
[2026-08-01T14:48:14.379+0900][25.693s][debug][gc,heap        ] GC(66)  garbage-first heap   total 6127616K, used 2150890K [0x000001b87c000000, 0x000001ef7c000000)
[2026-08-01T14:48:14.379+0900][25.693s][debug][gc,heap        ] GC(66)   region size 32768K, 1 young (32768K), 1 survivors (32768K)
[2026-08-01T14:48:14.379+0900][25.693s][debug][gc,heap        ] GC(66)  Metaspace       used 9295K, committed 9792K, reserved 1114112K
[2026-08-01T14:48:14.379+0900][25.693s][debug][gc,heap        ] GC(66)   class space    used 836K, committed 1088K, reserved 1048576K
[2026-08-01T14:48:14.379+0900][25.693s][info ][gc             ] GC(66) Pause Young (Mixed) (G1 Evacuation Pause) 2371M->2100M(5984M) 32.098ms
[2026-08-01T14:48:14.379+0900][25.693s][info ][gc,cpu         ] GC(66) User=0.56s Sys=0.00s Real=0.03s
[2026-08-01T14:48:14.379+0900][25.693s][info ][safepoint      ] Safepoint "G1CollectForAllocation", Time since last: 481263300 ns, Reaching safepoint: 113901 ns, At safepoint: 32151300 ns, Total: 32265201 ns
[2026-08-01T14:48:14.824+0900][26.138s][info ][gc,start       ] GC(67) Pause Full (System.gc())
[2026-08-01T14:48:14.824+0900][26.138s][debug][gc,heap        ] GC(67) Heap before GC invocations=67 (full 32):
[2026-08-01T14:48:14.824+0900][26.138s][debug][gc,heap        ] GC(67)  garbage-first heap   total 6127616K, used 2445802K [0x000001b87c000000, 0x000001ef7c000000)
[2026-08-01T14:48:14.824+0900][26.138s][debug][gc,heap        ] GC(67)   region size 32768K, 11 young (360448K), 1 survivors (32768K)
[2026-08-01T14:48:14.824+0900][26.138s][debug][gc,heap        ] GC(67)  Metaspace       used 9323K, committed 9856K, reserved 1114112K
[2026-08-01T14:48:14.824+0900][26.138s][debug][gc,heap        ] GC(67)   class space    used 837K, committed 1088K, reserved 1048576K
[2026-08-01T14:48:14.824+0900][26.138s][info ][gc,task        ] GC(67) Using 18 workers of 18 for full compaction
[2026-08-01T14:48:14.824+0900][26.138s][info ][gc,phases,start] GC(67) Phase 1: Mark live objects
[2026-08-01T14:48:14.932+0900][26.246s][info ][gc,phases      ] GC(67) Phase 1: Mark live objects 107.731ms
[2026-08-01T14:48:14.932+0900][26.246s][info ][gc,phases,start] GC(67) Phase 2: Prepare for compaction
[2026-08-01T14:48:14.951+0900][26.265s][info ][gc,phases      ] GC(67) Phase 2: Prepare for compaction 19.087ms
[2026-08-01T14:48:14.951+0900][26.265s][info ][gc,phases,start] GC(67) Phase 3: Adjust pointers
[2026-08-01T14:48:14.999+0900][26.313s][info ][gc,phases      ] GC(67) Phase 3: Adjust pointers 47.166ms
[2026-08-01T14:48:14.999+0900][26.313s][info ][gc,phases,start] GC(67) Phase 4: Compact heap
[2026-08-01T14:48:15.020+0900][26.334s][info ][gc,phases      ] GC(67) Phase 4: Compact heap 21.540ms
[2026-08-01T14:48:15.024+0900][26.338s][debug][gc,heap        ] GC(67) Uncommittable regions after shrink: 43
[2026-08-01T14:48:15.026+0900][26.340s][info ][gc,heap        ] GC(67) Eden regions: 10->0(37)
[2026-08-01T14:48:15.026+0900][26.340s][info ][gc,heap        ] GC(67) Survivor regions: 1->0(2)
[2026-08-01T14:48:15.026+0900][26.340s][info ][gc,heap        ] GC(67) Old regions: 65->43
[2026-08-01T14:48:15.026+0900][26.340s][info ][gc,heap        ] GC(67) Archive regions: 0->0
[2026-08-01T14:48:15.027+0900][26.340s][info ][gc,heap        ] GC(67) Humongous regions: 0->0
[2026-08-01T14:48:15.027+0900][26.340s][info ][gc,metaspace   ] GC(67) Metaspace: 9323K(9856K)->9323K(9856K) NonClass: 8486K(8768K)->8486K(8768K) Class: 837K(1088K)->837K(1088K)
[2026-08-01T14:48:15.027+0900][26.340s][debug][gc,heap        ] GC(67) Heap after GC invocations=68 (full 33):
[2026-08-01T14:48:15.027+0900][26.340s][debug][gc,heap        ] GC(67)  garbage-first heap   total 4718592K, used 1193867K [0x000001b87c000000, 0x000001ef7c000000)
[2026-08-01T14:48:15.027+0900][26.340s][debug][gc,heap        ] GC(67)   region size 32768K, 0 young (0K), 0 survivors (0K)
[2026-08-01T14:48:15.027+0900][26.340s][debug][gc,heap        ] GC(67)  Metaspace       used 9323K, committed 9856K, reserved 1114112K
[2026-08-01T14:48:15.027+0900][26.340s][debug][gc,heap        ] GC(67)   class space    used 837K, committed 1088K, reserved 1048576K
[2026-08-01T14:48:15.027+0900][26.340s][info ][gc             ] GC(67) Pause Full (System.gc()) 2408M->1165M(4608M) 202.472ms
[2026-08-01T14:48:15.027+0900][26.340s][info ][gc,cpu         ] GC(67) User=3.03s Sys=0.00s Real=0.20s
[2026-08-01T14:48:15.027+0900][26.340s][info ][safepoint      ] Safepoint "G1CollectFull", Time since last: 444861800 ns, Reaching safepoint: 112400 ns, At safepoint: 202524000 ns, Total: 202636400 ns
[2026-08-01T14:48:15.442+0900][26.756s][debug][gc,heap        ] Concurrent Uncommit Summary: 1376M, 43 regions, 66.756ms
[2026-08-01T14:48:16.033+0900][27.347s][info ][safepoint      ] Safepoint "Cleanup", Time since last: 1006618800 ns, Reaching safepoint: 110600 ns, At safepoint: 12400 ns, Total: 123000 ns
[2026-08-01T14:48:16.233+0900][27.547s][info ][gc,start       ] GC(68) Pause Young (Normal) (G1 Evacuation Pause)
[2026-08-01T14:48:16.233+0900][27.547s][debug][gc,heap        ] GC(68) Heap before GC invocations=68 (full 33):
[2026-08-01T14:48:16.233+0900][27.547s][debug][gc,heap        ] GC(68)  garbage-first heap   total 4718592K, used 2406283K [0x000001b87c000000, 0x000001ef7c000000)
[2026-08-01T14:48:16.233+0900][27.547s][debug][gc,heap        ] GC(68)   region size 32768K, 37 young (1212416K), 0 survivors (0K)
[2026-08-01T14:48:16.233+0900][27.547s][debug][gc,heap        ] GC(68)  Metaspace       used 9333K, committed 9856K, reserved 1114112K
[2026-08-01T14:48:16.233+0900][27.547s][debug][gc,heap        ] GC(68)   class space    used 837K, committed 1088K, reserved 1048576K
[2026-08-01T14:48:16.233+0900][27.547s][info ][gc,task        ] GC(68) Using 18 workers of 18 for evacuation
[2026-08-01T14:48:16.354+0900][27.668s][info ][gc,phases      ] GC(68)   Pre Evacuate Collection Set: 0.1ms
[2026-08-01T14:48:16.354+0900][27.668s][info ][gc,phases      ] GC(68)   Merge Heap Roots: 0.3ms
[2026-08-01T14:48:16.354+0900][27.668s][info ][gc,phases      ] GC(68)   Evacuate Collection Set: 102.7ms
[2026-08-01T14:48:16.354+0900][27.668s][info ][gc,phases      ] GC(68)   Post Evacuate Collection Set: 17.1ms
[2026-08-01T14:48:16.354+0900][27.668s][info ][gc,phases      ] GC(68)   Other: 0.1ms
[2026-08-01T14:48:16.354+0900][27.668s][info ][gc,heap        ] GC(68) Eden regions: 37->0(52)
[2026-08-01T14:48:16.354+0900][27.668s][info ][gc,heap        ] GC(68) Survivor regions: 0->5(5)
[2026-08-01T14:48:16.354+0900][27.668s][info ][gc,heap        ] GC(68) Old regions: 43->59
[2026-08-01T14:48:16.354+0900][27.668s][info ][gc,heap        ] GC(68) Archive regions: 0->0
[2026-08-01T14:48:16.354+0900][27.668s][info ][gc,heap        ] GC(68) Humongous regions: 0->0
[2026-08-01T14:48:16.354+0900][27.668s][info ][gc,metaspace   ] GC(68) Metaspace: 9333K(9856K)->9333K(9856K) NonClass: 8496K(8768K)->8496K(8768K) Class: 837K(1088K)->837K(1088K)
[2026-08-01T14:48:16.354+0900][27.668s][debug][gc,heap        ] GC(68) Heap after GC invocations=69 (full 33):
[2026-08-01T14:48:16.354+0900][27.668s][debug][gc,heap        ] GC(68)  garbage-first heap   total 13533184K, used 1867948K [0x000001b87c000000, 0x000001ef7c000000)
[2026-08-01T14:48:16.354+0900][27.668s][debug][gc,heap        ] GC(68)   region size 32768K, 5 young (163840K), 5 survivors (163840K)
[2026-08-01T14:48:16.354+0900][27.668s][debug][gc,heap        ] GC(68)  Metaspace       used 9333K, committed 9856K, reserved 1114112K
[2026-08-01T14:48:16.354+0900][27.668s][debug][gc,heap        ] GC(68)   class space    used 837K, committed 1088K, reserved 1048576K
[2026-08-01T14:48:16.354+0900][27.668s][info ][gc             ] GC(68) Pause Young (Normal) (G1 Evacuation Pause) 2349M->1824M(13216M) 120.694ms
[2026-08-01T14:48:16.354+0900][27.668s][info ][gc,cpu         ] GC(68) User=1.69s Sys=0.02s Real=0.12s
[2026-08-01T14:48:16.354+0900][27.668s][info ][safepoint      ] Safepoint "G1CollectForAllocation", Time since last: 199902200 ns, Reaching safepoint: 94300 ns, At safepoint: 120755200 ns, Total: 120849500 ns
[2026-08-01T14:48:18.063+0900][29.378s][info ][gc,start       ] GC(69) Pause Young (Normal) (G1 Evacuation Pause)
[2026-08-01T14:48:18.064+0900][29.378s][debug][gc,heap        ] GC(69) Heap before GC invocations=69 (full 33):
[2026-08-01T14:48:18.064+0900][29.378s][debug][gc,heap        ] GC(69)  garbage-first heap   total 13533184K, used 2949292K [0x000001b87c000000, 0x000001ef7c000000)
[2026-08-01T14:48:18.064+0900][29.378s][debug][gc,heap        ] GC(69)   region size 32768K, 38 young (1245184K), 5 survivors (163840K)
[2026-08-01T14:48:18.064+0900][29.378s][debug][gc,heap        ] GC(69)  Metaspace       used 9333K, committed 9856K, reserved 1114112K
[2026-08-01T14:48:18.064+0900][29.378s][debug][gc,heap        ] GC(69)   class space    used 837K, committed 1088K, reserved 1048576K
[2026-08-01T14:48:18.064+0900][29.378s][info ][gc,task        ] GC(69) Using 18 workers of 18 for evacuation
[2026-08-01T14:48:18.181+0900][29.495s][info ][gc,phases      ] GC(69)   Pre Evacuate Collection Set: 0.1ms
[2026-08-01T14:48:18.181+0900][29.495s][info ][gc,phases      ] GC(69)   Merge Heap Roots: 1.6ms
[2026-08-01T14:48:18.181+0900][29.495s][info ][gc,phases      ] GC(69)   Evacuate Collection Set: 114.6ms
[2026-08-01T14:48:18.181+0900][29.495s][info ][gc,phases      ] GC(69)   Post Evacuate Collection Set: 0.6ms
[2026-08-01T14:48:18.181+0900][29.495s][info ][gc,phases      ] GC(69)   Other: 0.1ms
[2026-08-01T14:48:18.181+0900][29.495s][info ][gc,heap        ] GC(69) Eden regions: 33->0(42)
[2026-08-01T14:48:18.181+0900][29.495s][info ][gc,heap        ] GC(69) Survivor regions: 5->5(5)
[2026-08-01T14:48:18.181+0900][29.495s][info ][gc,heap        ] GC(69) Old regions: 59->79
[2026-08-01T14:48:18.181+0900][29.495s][info ][gc,heap        ] GC(69) Archive regions: 0->0
[2026-08-01T14:48:18.181+0900][29.495s][info ][gc,heap        ] GC(69) Humongous regions: 0->0
[2026-08-01T14:48:18.181+0900][29.495s][info ][gc,metaspace   ] GC(69) Metaspace: 9333K(9856K)->9333K(9856K) NonClass: 8496K(8768K)->8496K(8768K) Class: 837K(1088K)->837K(1088K)
[2026-08-01T14:48:18.181+0900][29.495s][debug][gc,heap        ] GC(69) Heap after GC invocations=70 (full 33):
[2026-08-01T14:48:18.181+0900][29.495s][debug][gc,heap        ] GC(69)  garbage-first heap   total 13533184K, used 2509396K [0x000001b87c000000, 0x000001ef7c000000)
[2026-08-01T14:48:18.181+0900][29.495s][debug][gc,heap        ] GC(69)   region size 32768K, 5 young (163840K), 5 survivors (163840K)
[2026-08-01T14:48:18.181+0900][29.495s][debug][gc,heap        ] GC(69)  Metaspace       used 9333K, committed 9856K, reserved 1114112K
[2026-08-01T14:48:18.181+0900][29.495s][debug][gc,heap        ] GC(69)   class space    used 837K, committed 1088K, reserved 1048576K
[2026-08-01T14:48:18.181+0900][29.495s][info ][gc             ] GC(69) Pause Young (Normal) (G1 Evacuation Pause) 2880M->2450M(13216M) 117.478ms
[2026-08-01T14:48:18.181+0900][29.495s][info ][gc,cpu         ] GC(69) User=1.94s Sys=0.03s Real=0.12s
[2026-08-01T14:48:18.181+0900][29.495s][info ][safepoint      ] Safepoint "G1CollectForAllocation", Time since last: 1709487700 ns, Reaching safepoint: 100400 ns, At safepoint: 117535300 ns, Total: 117635700 ns
[2026-08-01T14:48:19.377+0900][30.691s][info ][safepoint      ] Safepoint "Cleanup", Time since last: 1195582600 ns, Reaching safepoint: 126400 ns, At safepoint: 14300 ns, Total: 140700 ns
[2026-08-01T14:48:20.107+0900][31.422s][info ][gc,start       ] GC(70) Pause Young (Normal) (G1 Evacuation Pause)
[2026-08-01T14:48:20.107+0900][31.422s][debug][gc,heap        ] GC(70) Heap before GC invocations=70 (full 33):
[2026-08-01T14:48:20.107+0900][31.422s][debug][gc,heap        ] GC(70)  garbage-first heap   total 13533184K, used 3885652K [0x000001b87c000000, 0x000001ef7c000000)
[2026-08-01T14:48:20.107+0900][31.422s][debug][gc,heap        ] GC(70)   region size 32768K, 47 young (1540096K), 5 survivors (163840K)
[2026-08-01T14:48:20.107+0900][31.422s][debug][gc,heap        ] GC(70)  Metaspace       used 9468K, committed 9984K, reserved 1114112K
[2026-08-01T14:48:20.107+0900][31.422s][debug][gc,heap        ] GC(70)   class space    used 853K, committed 1152K, reserved 1048576K
[2026-08-01T14:48:20.107+0900][31.422s][info ][gc,task        ] GC(70) Using 18 workers of 18 for evacuation
[2026-08-01T14:48:20.160+0900][31.473s][info ][gc,phases      ] GC(70)   Pre Evacuate Collection Set: 0.1ms
[2026-08-01T14:48:20.160+0900][31.474s][info ][gc,phases      ] GC(70)   Merge Heap Roots: 0.8ms
[2026-08-01T14:48:20.160+0900][31.474s][info ][gc,phases      ] GC(70)   Evacuate Collection Set: 50.0ms
[2026-08-01T14:48:20.160+0900][31.474s][info ][gc,phases      ] GC(70)   Post Evacuate Collection Set: 0.6ms
[2026-08-01T14:48:20.160+0900][31.474s][info ][gc,phases      ] GC(70)   Other: 0.1ms
[2026-08-01T14:48:20.160+0900][31.474s][info ][gc,heap        ] GC(70) Eden regions: 42->0(55)
[2026-08-01T14:48:20.160+0900][31.474s][info ][gc,heap        ] GC(70) Survivor regions: 5->6(6)
[2026-08-01T14:48:20.160+0900][31.474s][info ][gc,heap        ] GC(70) Old regions: 79->85
[2026-08-01T14:48:20.160+0900][31.474s][info ][gc,heap        ] GC(70) Archive regions: 0->0
[2026-08-01T14:48:20.160+0900][31.474s][info ][gc,heap        ] GC(70) Humongous regions: 0->0
[2026-08-01T14:48:20.160+0900][31.474s][info ][gc,metaspace   ] GC(70) Metaspace: 9468K(9984K)->9468K(9984K) NonClass: 8615K(8832K)->8615K(8832K) Class: 853K(1152K)->853K(1152K)
[2026-08-01T14:48:20.160+0900][31.474s][debug][gc,heap        ] GC(70) Heap after GC invocations=71 (full 33):
[2026-08-01T14:48:20.160+0900][31.474s][debug][gc,heap        ] GC(70)  garbage-first heap   total 13533184K, used 2729169K [0x000001b87c000000, 0x000001ef7c000000)
[2026-08-01T14:48:20.160+0900][31.474s][debug][gc,heap        ] GC(70)   region size 32768K, 6 young (196608K), 6 survivors (196608K)
[2026-08-01T14:48:20.160+0900][31.474s][debug][gc,heap        ] GC(70)  Metaspace       used 9468K, committed 9984K, reserved 1114112K
[2026-08-01T14:48:20.160+0900][31.474s][debug][gc,heap        ] GC(70)   class space    used 853K, committed 1152K, reserved 1048576K
[2026-08-01T14:48:20.160+0900][31.474s][info ][gc             ] GC(70) Pause Young (Normal) (G1 Evacuation Pause) 3794M->2665M(13216M) 52.031ms
[2026-08-01T14:48:20.160+0900][31.474s][info ][gc,cpu         ] GC(70) User=0.78s Sys=0.06s Real=0.05s
[2026-08-01T14:48:20.160+0900][31.474s][info ][safepoint      ] Safepoint "G1CollectForAllocation", Time since last: 730842500 ns, Reaching safepoint: 53900 ns, At safepoint: 52130800 ns, Total: 52184700 ns
[2026-08-01T14:48:20.635+0900][31.949s][info ][gc,start       ] GC(71) Pause Young (Normal) (G1 Evacuation Pause)
[2026-08-01T14:48:20.635+0900][31.949s][debug][gc,heap        ] GC(71) Heap before GC invocations=71 (full 33):
[2026-08-01T14:48:20.635+0900][31.949s][debug][gc,heap        ] GC(71)  garbage-first heap   total 13533184K, used 4531409K [0x000001b87c000000, 0x000001ef7c000000)
[2026-08-01T14:48:20.635+0900][31.949s][debug][gc,heap        ] GC(71)   region size 32768K, 61 young (1998848K), 6 survivors (196608K)
[2026-08-01T14:48:20.635+0900][31.949s][debug][gc,heap        ] GC(71)  Metaspace       used 9478K, committed 10048K, reserved 1114112K
[2026-08-01T14:48:20.635+0900][31.949s][debug][gc,heap        ] GC(71)   class space    used 853K, committed 1152K, reserved 1048576K
[2026-08-01T14:48:20.635+0900][31.949s][info ][gc,task        ] GC(71) Using 18 workers of 18 for evacuation
[2026-08-01T14:48:20.656+0900][31.970s][info ][gc,phases      ] GC(71)   Pre Evacuate Collection Set: 0.1ms
[2026-08-01T14:48:20.656+0900][31.970s][info ][gc,phases      ] GC(71)   Merge Heap Roots: 0.6ms
[2026-08-01T14:48:20.656+0900][31.970s][info ][gc,phases      ] GC(71)   Evacuate Collection Set: 20.2ms
[2026-08-01T14:48:20.656+0900][31.970s][info ][gc,phases      ] GC(71)   Post Evacuate Collection Set: 0.4ms
[2026-08-01T14:48:20.656+0900][31.970s][info ][gc,phases      ] GC(71)   Other: 0.1ms
[2026-08-01T14:48:20.656+0900][31.970s][info ][gc,heap        ] GC(71) Eden regions: 55->0(88)
[2026-08-01T14:48:20.656+0900][31.970s][info ][gc,heap        ] GC(71) Survivor regions: 6->1(8)
[2026-08-01T14:48:20.656+0900][31.970s][info ][gc,heap        ] GC(71) Old regions: 85->91
[2026-08-01T14:48:20.656+0900][31.970s][info ][gc,heap        ] GC(71) Archive regions: 0->0
[2026-08-01T14:48:20.656+0900][31.970s][info ][gc,heap        ] GC(71) Humongous regions: 0->0
[2026-08-01T14:48:20.656+0900][31.970s][info ][gc,metaspace   ] GC(71) Metaspace: 9478K(10048K)->9478K(10048K) NonClass: 8625K(8896K)->8625K(8896K) Class: 853K(1152K)->853K(1152K)
[2026-08-01T14:48:20.656+0900][31.970s][debug][gc,heap        ] GC(71) Heap after GC invocations=72 (full 33):
[2026-08-01T14:48:20.656+0900][31.970s][debug][gc,heap        ] GC(71)  garbage-first heap   total 13533184K, used 2776408K [0x000001b87c000000, 0x000001ef7c000000)
[2026-08-01T14:48:20.656+0900][31.970s][debug][gc,heap        ] GC(71)   region size 32768K, 1 young (32768K), 1 survivors (32768K)
[2026-08-01T14:48:20.656+0900][31.970s][debug][gc,heap        ] GC(71)  Metaspace       used 9478K, committed 10048K, reserved 1114112K
[2026-08-01T14:48:20.656+0900][31.970s][debug][gc,heap        ] GC(71)   class space    used 853K, committed 1152K, reserved 1048576K
[2026-08-01T14:48:20.656+0900][31.970s][info ][gc             ] GC(71) Pause Young (Normal) (G1 Evacuation Pause) 4425M->2711M(13216M) 21.773ms
[2026-08-01T14:48:20.656+0900][31.970s][info ][gc,cpu         ] GC(71) User=0.56s Sys=0.00s Real=0.02s
[2026-08-01T14:48:20.657+0900][31.971s][info ][safepoint      ] Safepoint "G1CollectForAllocation", Time since last: 474817600 ns, Reaching safepoint: 76900 ns, At safepoint: 21886800 ns, Total: 21963700 ns
[2026-08-01T14:48:21.665+0900][32.979s][info ][safepoint      ] Safepoint "Cleanup", Time since last: 1008073500 ns, Reaching safepoint: 111800 ns, At safepoint: 9800 ns, Total: 121600 ns
[2026-08-01T14:48:22.047+0900][33.361s][info ][gc,start       ] GC(72) Pause Young (Normal) (G1 Evacuation Pause)
[2026-08-01T14:48:22.047+0900][33.361s][debug][gc,heap        ] GC(72) Heap before GC invocations=72 (full 33):
[2026-08-01T14:48:22.047+0900][33.361s][debug][gc,heap        ] GC(72)  garbage-first heap   total 13533184K, used 5659992K [0x000001b87c000000, 0x000001ef7c000000)
[2026-08-01T14:48:22.047+0900][33.361s][debug][gc,heap        ] GC(72)   region size 32768K, 89 young (2916352K), 1 survivors (32768K)
[2026-08-01T14:48:22.047+0900][33.361s][debug][gc,heap        ] GC(72)  Metaspace       used 9486K, committed 10048K, reserved 1114112K
[2026-08-01T14:48:22.047+0900][33.361s][debug][gc,heap        ] GC(72)   class space    used 853K, committed 1152K, reserved 1048576K
[2026-08-01T14:48:22.047+0900][33.361s][info ][gc,task        ] GC(72) Using 18 workers of 18 for evacuation
[2026-08-01T14:48:22.092+0900][33.406s][info ][gc,phases      ] GC(72)   Pre Evacuate Collection Set: 0.1ms
[2026-08-01T14:48:22.092+0900][33.406s][info ][gc,phases      ] GC(72)   Merge Heap Roots: 0.7ms
[2026-08-01T14:48:22.092+0900][33.406s][info ][gc,phases      ] GC(72)   Evacuate Collection Set: 29.3ms
[2026-08-01T14:48:22.092+0900][33.406s][info ][gc,phases      ] GC(72)   Post Evacuate Collection Set: 14.9ms
[2026-08-01T14:48:22.092+0900][33.406s][info ][gc,phases      ] GC(72)   Other: 0.1ms
[2026-08-01T14:48:22.092+0900][33.406s][info ][gc,heap        ] GC(72) Eden regions: 88->0(392)
[2026-08-01T14:48:22.092+0900][33.406s][info ][gc,heap        ] GC(72) Survivor regions: 1->4(12)
[2026-08-01T14:48:22.092+0900][33.406s][info ][gc,heap        ] GC(72) Old regions: 91->91
[2026-08-01T14:48:22.092+0900][33.406s][info ][gc,heap        ] GC(72) Archive regions: 0->0
[2026-08-01T14:48:22.092+0900][33.406s][info ][gc,heap        ] GC(72) Humongous regions: 0->0
[2026-08-01T14:48:22.092+0900][33.406s][info ][gc,metaspace   ] GC(72) Metaspace: 9486K(10048K)->9486K(10048K) NonClass: 8633K(8896K)->8633K(8896K) Class: 853K(1152K)->853K(1152K)
[2026-08-01T14:48:22.092+0900][33.406s][debug][gc,heap        ] GC(72) Heap after GC invocations=73 (full 33):
[2026-08-01T14:48:22.092+0900][33.407s][debug][gc,heap        ] GC(72)  garbage-first heap   total 21626880K, used 2871909K [0x000001b87c000000, 0x000001ef7c000000)
[2026-08-01T14:48:22.092+0900][33.407s][debug][gc,heap        ] GC(72)   region size 32768K, 4 young (131072K), 4 survivors (131072K)
[2026-08-01T14:48:22.092+0900][33.407s][debug][gc,heap        ] GC(72)  Metaspace       used 9486K, committed 10048K, reserved 1114112K
[2026-08-01T14:48:22.092+0900][33.407s][debug][gc,heap        ] GC(72)   class space    used 853K, committed 1152K, reserved 1048576K
[2026-08-01T14:48:22.092+0900][33.407s][info ][gc             ] GC(72) Pause Young (Normal) (G1 Evacuation Pause) 5527M->2804M(21120M) 45.602ms
[2026-08-01T14:48:22.092+0900][33.407s][info ][gc,cpu         ] GC(72) User=0.47s Sys=0.11s Real=0.05s
[2026-08-01T14:48:22.092+0900][33.407s][info ][safepoint      ] Safepoint "G1CollectForAllocation", Time since last: 382082599 ns, Reaching safepoint: 112401 ns, At safepoint: 45705100 ns, Total: 45817501 ns
[2026-08-01T14:48:23.106+0900][34.420s][info ][safepoint      ] Safepoint "Cleanup", Time since last: 1013192300 ns, Reaching safepoint: 118900 ns, At safepoint: 14400 ns, Total: 133300 ns
[2026-08-01T14:48:24.121+0900][35.435s][info ][safepoint      ] Safepoint "Cleanup", Time since last: 1014502200 ns, Reaching safepoint: 97500 ns, At safepoint: 11299 ns, Total: 108799 ns
[2026-08-01T14:48:25.121+0900][36.435s][info ][safepoint      ] Safepoint "Cleanup", Time since last: 1000091201 ns, Reaching safepoint: 287000 ns, At safepoint: 15800 ns, Total: 302800 ns
[2026-08-01T14:48:36.380+0900][47.694s][info ][gc,start       ] GC(73) Pause Young (Normal) (G1 Evacuation Pause)
[2026-08-01T14:48:36.380+0900][47.694s][debug][gc,heap        ] GC(73) Heap before GC invocations=73 (full 33):
[2026-08-01T14:48:36.380+0900][47.694s][debug][gc,heap        ] GC(73)  garbage-first heap   total 21626880K, used 15684197K [0x000001b87c000000, 0x000001ef7c000000)
[2026-08-01T14:48:36.380+0900][47.694s][debug][gc,heap        ] GC(73)   region size 32768K, 396 young (12976128K), 4 survivors (131072K)
[2026-08-01T14:48:36.380+0900][47.694s][debug][gc,heap        ] GC(73)  Metaspace       used 9490K, committed 10048K, reserved 1114112K
[2026-08-01T14:48:36.380+0900][47.694s][debug][gc,heap        ] GC(73)   class space    used 853K, committed 1152K, reserved 1048576K
[2026-08-01T14:48:36.380+0900][47.694s][info ][gc,task        ] GC(73) Using 18 workers of 18 for evacuation
[2026-08-01T14:48:36.586+0900][47.900s][info ][gc,mmu         ] GC(73) MMU target violated: 201.0ms (200.0ms/201.0ms)
[2026-08-01T14:48:36.586+0900][47.900s][info ][gc,phases      ] GC(73)   Pre Evacuate Collection Set: 0.2ms
[2026-08-01T14:48:36.586+0900][47.900s][info ][gc,phases      ] GC(73)   Merge Heap Roots: 0.7ms
[2026-08-01T14:48:36.586+0900][47.900s][info ][gc,phases      ] GC(73)   Evacuate Collection Set: 204.4ms
[2026-08-01T14:48:36.586+0900][47.900s][info ][gc,phases      ] GC(73)   Post Evacuate Collection Set: 0.9ms
[2026-08-01T14:48:36.586+0900][47.900s][info ][gc,phases      ] GC(73)   Other: 0.2ms
[2026-08-01T14:48:36.586+0900][47.900s][info ][gc,heap        ] GC(73) Eden regions: 392->0(329)
[2026-08-01T14:48:36.586+0900][47.900s][info ][gc,heap        ] GC(73) Survivor regions: 4->36(50)
[2026-08-01T14:48:36.586+0900][47.900s][info ][gc,heap        ] GC(73) Old regions: 91->91
[2026-08-01T14:48:36.586+0900][47.900s][info ][gc,heap        ] GC(73) Archive regions: 0->0
[2026-08-01T14:48:36.586+0900][47.900s][info ][gc,heap        ] GC(73) Humongous regions: 0->0
[2026-08-01T14:48:36.586+0900][47.900s][info ][gc,metaspace   ] GC(73) Metaspace: 9490K(10048K)->9490K(10048K) NonClass: 8637K(8896K)->8637K(8896K) Class: 853K(1152K)->853K(1152K)
[2026-08-01T14:48:36.586+0900][47.900s][debug][gc,heap        ] GC(73) Heap after GC invocations=74 (full 33):
[2026-08-01T14:48:36.586+0900][47.900s][debug][gc,heap        ] GC(73)  garbage-first heap   total 21626880K, used 3919946K [0x000001b87c000000, 0x000001ef7c000000)
[2026-08-01T14:48:36.586+0900][47.900s][debug][gc,heap        ] GC(73)   region size 32768K, 36 young (1179648K), 36 survivors (1179648K)
[2026-08-01T14:48:36.586+0900][47.900s][debug][gc,heap        ] GC(73)  Metaspace       used 9490K, committed 10048K, reserved 1114112K
[2026-08-01T14:48:36.586+0900][47.900s][debug][gc,heap        ] GC(73)   class space    used 853K, committed 1152K, reserved 1048576K
[2026-08-01T14:48:36.586+0900][47.900s][info ][gc             ] GC(73) Pause Young (Normal) (G1 Evacuation Pause) 15348M->3828M(21120M) 206.644ms
[2026-08-01T14:48:36.586+0900][47.900s][info ][gc,cpu         ] GC(73) User=2.98s Sys=0.67s Real=0.21s
[2026-08-01T14:48:36.586+0900][47.900s][info ][safepoint      ] Safepoint "G1CollectForAllocation", Time since last: 11258416099 ns, Reaching safepoint: 117101 ns, At safepoint: 206709700 ns, Total: 206826801 ns
[2026-08-01T14:48:42.037+0900][53.351s][info ][gc,start       ] GC(74) Pause Young (Normal) (G1 Evacuation Pause)
[2026-08-01T14:48:42.037+0900][53.351s][debug][gc,heap        ] GC(74) Heap before GC invocations=74 (full 33):
[2026-08-01T14:48:42.037+0900][53.351s][debug][gc,heap        ] GC(74)  garbage-first heap   total 21626880K, used 14700618K [0x000001b87c000000, 0x000001ef7c000000)
[2026-08-01T14:48:42.037+0900][53.351s][debug][gc,heap        ] GC(74)   region size 32768K, 365 young (11960320K), 36 survivors (1179648K)
[2026-08-01T14:48:42.037+0900][53.351s][debug][gc,heap        ] GC(74)  Metaspace       used 9490K, committed 10048K, reserved 1114112K
[2026-08-01T14:48:42.037+0900][53.351s][debug][gc,heap        ] GC(74)   class space    used 853K, committed 1152K, reserved 1048576K
[2026-08-01T14:48:42.037+0900][53.351s][info ][gc,task        ] GC(74) Using 18 workers of 18 for evacuation
[2026-08-01T14:48:42.131+0900][53.446s][info ][gc,phases      ] GC(74)   Pre Evacuate Collection Set: 0.2ms
[2026-08-01T14:48:42.131+0900][53.446s][info ][gc,phases      ] GC(74)   Merge Heap Roots: 0.7ms
[2026-08-01T14:48:42.131+0900][53.446s][info ][gc,phases      ] GC(74)   Evacuate Collection Set: 93.4ms
[2026-08-01T14:48:42.131+0900][53.446s][info ][gc,phases      ] GC(74)   Post Evacuate Collection Set: 0.6ms
[2026-08-01T14:48:42.131+0900][53.446s][info ][gc,phases      ] GC(74)   Other: 0.1ms
[2026-08-01T14:48:42.131+0900][53.446s][info ][gc,heap        ] GC(74) Eden regions: 329->0(358)
[2026-08-01T14:48:42.131+0900][53.446s][info ][gc,heap        ] GC(74) Survivor regions: 36->0(46)
[2026-08-01T14:48:42.131+0900][53.446s][info ][gc,heap        ] GC(74) Old regions: 91->126
[2026-08-01T14:48:42.131+0900][53.446s][info ][gc,heap        ] GC(74) Archive regions: 0->0
[2026-08-01T14:48:42.131+0900][53.446s][info ][gc,heap        ] GC(74) Humongous regions: 0->0
[2026-08-01T14:48:42.131+0900][53.446s][info ][gc,metaspace   ] GC(74) Metaspace: 9490K(10048K)->9490K(10048K) NonClass: 8637K(8896K)->8637K(8896K) Class: 853K(1152K)->853K(1152K)
[2026-08-01T14:48:42.131+0900][53.446s][debug][gc,heap        ] GC(74) Heap after GC invocations=75 (full 33):
[2026-08-01T14:48:42.131+0900][53.446s][debug][gc,heap        ] GC(74)  garbage-first heap   total 21626880K, used 3909832K [0x000001b87c000000, 0x000001ef7c000000)
[2026-08-01T14:48:42.131+0900][53.446s][debug][gc,heap        ] GC(74)   region size 32768K, 0 young (0K), 0 survivors (0K)
[2026-08-01T14:48:42.131+0900][53.446s][debug][gc,heap        ] GC(74)  Metaspace       used 9490K, committed 10048K, reserved 1114112K
[2026-08-01T14:48:42.131+0900][53.446s][debug][gc,heap        ] GC(74)   class space    used 853K, committed 1152K, reserved 1048576K
[2026-08-01T14:48:42.131+0900][53.446s][info ][gc             ] GC(74) Pause Young (Normal) (G1 Evacuation Pause) 14356M->3818M(21120M) 95.313ms
[2026-08-01T14:48:42.131+0900][53.446s][info ][gc,cpu         ] GC(74) User=1.69s Sys=0.00s Real=0.09s
[2026-08-01T14:48:42.131+0900][53.446s][info ][safepoint      ] Safepoint "G1CollectForAllocation", Time since last: 5450292499 ns, Reaching safepoint: 104001 ns, At safepoint: 95369799 ns, Total: 95473800 ns
[2026-08-01T14:48:47.708+0900][59.022s][info ][gc,start       ] GC(75) Pause Young (Normal) (G1 Evacuation Pause)
[2026-08-01T14:48:47.708+0900][59.022s][debug][gc,heap        ] GC(75) Heap before GC invocations=75 (full 33):
[2026-08-01T14:48:47.708+0900][59.022s][debug][gc,heap        ] GC(75)  garbage-first heap   total 21626880K, used 15640776K [0x000001b87c000000, 0x000001ef7c000000)
[2026-08-01T14:48:47.708+0900][59.022s][debug][gc,heap        ] GC(75)   region size 32768K, 358 young (11730944K), 0 survivors (0K)
[2026-08-01T14:48:47.708+0900][59.022s][debug][gc,heap        ] GC(75)  Metaspace       used 9490K, committed 10048K, reserved 1114112K
[2026-08-01T14:48:47.708+0900][59.022s][debug][gc,heap        ] GC(75)   class space    used 853K, committed 1152K, reserved 1048576K
[2026-08-01T14:48:47.708+0900][59.022s][info ][gc,task        ] GC(75) Using 18 workers of 18 for evacuation
[2026-08-01T14:48:47.709+0900][59.023s][info ][gc,phases      ] GC(75)   Pre Evacuate Collection Set: 0.1ms
[2026-08-01T14:48:47.709+0900][59.023s][info ][gc,phases      ] GC(75)   Merge Heap Roots: 0.2ms
[2026-08-01T14:48:47.709+0900][59.023s][info ][gc,phases      ] GC(75)   Evacuate Collection Set: 0.3ms
[2026-08-01T14:48:47.709+0900][59.023s][info ][gc,phases      ] GC(75)   Post Evacuate Collection Set: 0.6ms
[2026-08-01T14:48:47.709+0900][59.023s][info ][gc,phases      ] GC(75)   Other: 0.1ms
[2026-08-01T14:48:47.709+0900][59.023s][info ][gc,heap        ] GC(75) Eden regions: 358->0(390)
[2026-08-01T14:48:47.709+0900][59.023s][info ][gc,heap        ] GC(75) Survivor regions: 0->0(45)
[2026-08-01T14:48:47.709+0900][59.023s][info ][gc,heap        ] GC(75) Old regions: 126->126
[2026-08-01T14:48:47.709+0900][59.023s][info ][gc,heap        ] GC(75) Archive regions: 0->0
[2026-08-01T14:48:47.709+0900][59.023s][info ][gc,heap        ] GC(75) Humongous regions: 0->0
[2026-08-01T14:48:47.709+0900][59.023s][info ][gc,metaspace   ] GC(75) Metaspace: 9490K(10048K)->9490K(10048K) NonClass: 8637K(8896K)->8637K(8896K) Class: 853K(1152K)->853K(1152K)
[2026-08-01T14:48:47.709+0900][59.023s][debug][gc,heap        ] GC(75) Heap after GC invocations=76 (full 33):
[2026-08-01T14:48:47.709+0900][59.023s][debug][gc,heap        ] GC(75)  garbage-first heap   total 21626880K, used 3909832K [0x000001b87c000000, 0x000001ef7c000000)
[2026-08-01T14:48:47.709+0900][59.023s][debug][gc,heap        ] GC(75)   region size 32768K, 0 young (0K), 0 survivors (0K)
[2026-08-01T14:48:47.709+0900][59.023s][debug][gc,heap        ] GC(75)  Metaspace       used 9490K, committed 10048K, reserved 1114112K
[2026-08-01T14:48:47.709+0900][59.023s][debug][gc,heap        ] GC(75)   class space    used 853K, committed 1152K, reserved 1048576K
[2026-08-01T14:48:47.709+0900][59.023s][info ][gc             ] GC(75) Pause Young (Normal) (G1 Evacuation Pause) 15274M->3818M(21120M) 1.718ms
[2026-08-01T14:48:47.709+0900][59.023s][info ][gc,cpu         ] GC(75) User=0.00s Sys=0.00s Real=0.00s
[2026-08-01T14:48:47.709+0900][59.023s][info ][safepoint      ] Safepoint "G1CollectForAllocation", Time since last: 5575442800 ns, Reaching safepoint: 120900 ns, At safepoint: 1775201 ns, Total: 1896101 ns
[2026-08-01T14:48:53.845+0900][65.159s][info ][gc,start       ] GC(76) Pause Young (Normal) (G1 Evacuation Pause)
[2026-08-01T14:48:53.845+0900][65.159s][debug][gc,heap        ] GC(76) Heap before GC invocations=76 (full 33):
[2026-08-01T14:48:53.845+0900][65.159s][debug][gc,heap        ] GC(76)  garbage-first heap   total 21626880K, used 16689352K [0x000001b87c000000, 0x000001ef7c000000)
[2026-08-01T14:48:53.845+0900][65.159s][debug][gc,heap        ] GC(76)   region size 32768K, 390 young (12779520K), 0 survivors (0K)
[2026-08-01T14:48:53.845+0900][65.159s][debug][gc,heap        ] GC(76)  Metaspace       used 9490K, committed 10048K, reserved 1114112K
[2026-08-01T14:48:53.845+0900][65.159s][debug][gc,heap        ] GC(76)   class space    used 853K, committed 1152K, reserved 1048576K
[2026-08-01T14:48:53.845+0900][65.159s][info ][gc,task        ] GC(76) Using 18 workers of 18 for evacuation
[2026-08-01T14:48:53.847+0900][65.161s][info ][gc,phases      ] GC(76)   Pre Evacuate Collection Set: 0.1ms
[2026-08-01T14:48:53.847+0900][65.161s][info ][gc,phases      ] GC(76)   Merge Heap Roots: 0.2ms
[2026-08-01T14:48:53.847+0900][65.161s][info ][gc,phases      ] GC(76)   Evacuate Collection Set: 0.3ms
[2026-08-01T14:48:53.847+0900][65.161s][info ][gc,phases      ] GC(76)   Post Evacuate Collection Set: 0.6ms
[2026-08-01T14:48:53.847+0900][65.161s][info ][gc,phases      ] GC(76)   Other: 0.1ms
[2026-08-01T14:48:53.847+0900][65.161s][info ][gc,heap        ] GC(76) Eden regions: 390->0(396)
[2026-08-01T14:48:53.847+0900][65.161s][info ][gc,heap        ] GC(76) Survivor regions: 0->0(49)
[2026-08-01T14:48:53.847+0900][65.161s][info ][gc,heap        ] GC(76) Old regions: 126->126
[2026-08-01T14:48:53.847+0900][65.161s][info ][gc,heap        ] GC(76) Archive regions: 0->0
[2026-08-01T14:48:53.847+0900][65.161s][info ][gc,heap        ] GC(76) Humongous regions: 0->0
[2026-08-01T14:48:53.847+0900][65.161s][info ][gc,metaspace   ] GC(76) Metaspace: 9490K(10048K)->9490K(10048K) NonClass: 8637K(8896K)->8637K(8896K) Class: 853K(1152K)->853K(1152K)
[2026-08-01T14:48:53.847+0900][65.161s][debug][gc,heap        ] GC(76) Heap after GC invocations=77 (full 33):
[2026-08-01T14:48:53.847+0900][65.161s][debug][gc,heap        ] GC(76)  garbage-first heap   total 21626880K, used 3909832K [0x000001b87c000000, 0x000001ef7c000000)
[2026-08-01T14:48:53.847+0900][65.161s][debug][gc,heap        ] GC(76)   region size 32768K, 0 young (0K), 0 survivors (0K)
[2026-08-01T14:48:53.847+0900][65.161s][debug][gc,heap        ] GC(76)  Metaspace       used 9490K, committed 10048K, reserved 1114112K
[2026-08-01T14:48:53.847+0900][65.161s][debug][gc,heap        ] GC(76)   class space    used 853K, committed 1152K, reserved 1048576K
[2026-08-01T14:48:53.847+0900][65.161s][info ][gc             ] GC(76) Pause Young (Normal) (G1 Evacuation Pause) 16298M->3818M(21120M) 1.757ms
[2026-08-01T14:48:53.847+0900][65.161s][info ][gc,cpu         ] GC(76) User=0.00s Sys=0.00s Real=0.00s
[2026-08-01T14:48:53.847+0900][65.161s][info ][safepoint      ] Safepoint "G1CollectForAllocation", Time since last: 6135628700 ns, Reaching safepoint: 106200 ns, At safepoint: 1817900 ns, Total: 1924100 ns
[2026-08-01T14:48:59.979+0900][71.293s][info ][gc,start       ] GC(77) Pause Young (Normal) (G1 Evacuation Pause)
[2026-08-01T14:48:59.979+0900][71.293s][debug][gc,heap        ] GC(77) Heap before GC invocations=77 (full 33):
[2026-08-01T14:48:59.979+0900][71.293s][debug][gc,heap        ] GC(77)  garbage-first heap   total 21626880K, used 16885960K [0x000001b87c000000, 0x000001ef7c000000)
[2026-08-01T14:48:59.979+0900][71.293s][debug][gc,heap        ] GC(77)   region size 32768K, 396 young (12976128K), 0 survivors (0K)
[2026-08-01T14:48:59.979+0900][71.293s][debug][gc,heap        ] GC(77)  Metaspace       used 9490K, committed 10048K, reserved 1114112K
[2026-08-01T14:48:59.979+0900][71.293s][debug][gc,heap        ] GC(77)   class space    used 853K, committed 1152K, reserved 1048576K
[2026-08-01T14:48:59.979+0900][71.294s][info ][gc,task        ] GC(77) Using 18 workers of 18 for evacuation
[2026-08-01T14:48:59.981+0900][71.295s][info ][gc,phases      ] GC(77)   Pre Evacuate Collection Set: 0.2ms
[2026-08-01T14:48:59.981+0900][71.295s][info ][gc,phases      ] GC(77)   Merge Heap Roots: 0.2ms
[2026-08-01T14:48:59.981+0900][71.295s][info ][gc,phases      ] GC(77)   Evacuate Collection Set: 0.2ms
[2026-08-01T14:48:59.981+0900][71.295s][info ][gc,phases      ] GC(77)   Post Evacuate Collection Set: 0.6ms
[2026-08-01T14:48:59.981+0900][71.295s][info ][gc,phases      ] GC(77)   Other: 0.1ms
[2026-08-01T14:48:59.981+0900][71.295s][info ][gc,heap        ] GC(77) Eden regions: 396->0(396)
[2026-08-01T14:48:59.981+0900][71.295s][info ][gc,heap        ] GC(77) Survivor regions: 0->0(50)
[2026-08-01T14:48:59.981+0900][71.295s][info ][gc,heap        ] GC(77) Old regions: 126->126
[2026-08-01T14:48:59.981+0900][71.295s][info ][gc,heap        ] GC(77) Archive regions: 0->0
[2026-08-01T14:48:59.981+0900][71.295s][info ][gc,heap        ] GC(77) Humongous regions: 0->0
[2026-08-01T14:48:59.981+0900][71.295s][info ][gc,metaspace   ] GC(77) Metaspace: 9490K(10048K)->9490K(10048K) NonClass: 8637K(8896K)->8637K(8896K) Class: 853K(1152K)->853K(1152K)
[2026-08-01T14:48:59.981+0900][71.295s][debug][gc,heap        ] GC(77) Heap after GC invocations=78 (full 33):
[2026-08-01T14:48:59.981+0900][71.295s][debug][gc,heap        ] GC(77)  garbage-first heap   total 21626880K, used 3909832K [0x000001b87c000000, 0x000001ef7c000000)
[2026-08-01T14:48:59.981+0900][71.295s][debug][gc,heap        ] GC(77)   region size 32768K, 0 young (0K), 0 survivors (0K)
[2026-08-01T14:48:59.981+0900][71.295s][debug][gc,heap        ] GC(77)  Metaspace       used 9490K, committed 10048K, reserved 1114112K
[2026-08-01T14:48:59.981+0900][71.295s][debug][gc,heap        ] GC(77)   class space    used 853K, committed 1152K, reserved 1048576K
[2026-08-01T14:48:59.981+0900][71.295s][info ][gc             ] GC(77) Pause Young (Normal) (G1 Evacuation Pause) 16490M->3818M(21120M) 1.701ms
[2026-08-01T14:48:59.981+0900][71.295s][info ][gc,cpu         ] GC(77) User=0.05s Sys=0.00s Real=0.00s
[2026-08-01T14:48:59.981+0900][71.295s][info ][safepoint      ] Safepoint "G1CollectForAllocation", Time since last: 6132369300 ns, Reaching safepoint: 104700 ns, At safepoint: 1754300 ns, Total: 1859000 ns
[2026-08-01T14:49:04.001+0900][75.315s][info ][safepoint      ] Safepoint "Cleanup", Time since last: 4019542800 ns, Reaching safepoint: 129100 ns, At safepoint: 10600 ns, Total: 139700 ns
[2026-08-01T14:50:41.575+0900][172.889s][info ][safepoint      ] Safepoint "Cleanup", Time since last: 97573855499 ns, Reaching safepoint: 134301 ns, At safepoint: 12100 ns, Total: 146401 ns
[2026-08-01T14:57:18.953+0900][570.267s][info ][safepoint      ] Safepoint "Cleanup", Time since last: 397377904500 ns, Reaching safepoint: 159100 ns, At safepoint: 14200 ns, Total: 173300 ns
[2026-08-01T14:57:19.961+0900][571.275s][info ][safepoint      ] Safepoint "Cleanup", Time since last: 1007835400 ns, Reaching safepoint: 146700 ns, At safepoint: 14200 ns, Total: 160900 ns
[2026-08-01T14:57:21.656+0900][572.970s][info ][safepoint      ] Safepoint "Cleanup", Time since last: 1694783400 ns, Reaching safepoint: 132200 ns, At safepoint: 8700 ns, Total: 140900 ns
[2026-08-01T14:57:22.660+0900][573.974s][info ][safepoint      ] Safepoint "Cleanup", Time since last: 1003911500 ns, Reaching safepoint: 129600 ns, At safepoint: 14100 ns, Total: 143700 ns
[2026-08-01T15:00:17.701+0900][749.015s][info ][safepoint      ] Safepoint "Cleanup", Time since last: 175040841500 ns, Reaching safepoint: 123200 ns, At safepoint: 29100 ns, Total: 152300 ns
[2026-08-01T15:01:24.089+0900][815.403s][info ][safepoint      ] Safepoint "Cleanup", Time since last: 66387835400 ns, Reaching safepoint: 134100 ns, At safepoint: 11500 ns, Total: 145600 ns
[2026-08-01T15:01:35.993+0900][827.307s][info ][gc,heap,exit   ] Heap
[2026-08-01T15:01:35.993+0900][827.307s][info ][gc,heap,exit   ]  garbage-first heap   total 21626880K, used 8480970K [0x000001b87c000000, 0x000001ef7c000000)
[2026-08-01T15:01:35.993+0900][827.307s][info ][gc,heap,exit   ]   region size 32768K, 139 young (4554752K), 0 survivors (0K)
[2026-08-01T15:01:35.993+0900][827.308s][info ][gc,heap,exit   ]  Metaspace       used 10565K, committed 11200K, reserved 1114112K
[2026-08-01T15:01:35.993+0900][827.308s][info ][gc,heap,exit   ]   class space    used 955K, committed 1280K, reserved 1048576K
