[2026-08-01T15:57:50.659+0900][0.006s][info][gc,init] CardTable entry size: 512
[2026-08-01T15:57:50.659+0900][0.006s][debug][gc,heap] Minimum heap 33554432  Initial heap 2147483648  Maximum heap 236223201280
[2026-08-01T15:57:50.659+0900][0.006s][info ][gc     ] Using G1
[2026-08-01T15:57:50.666+0900][0.013s][info ][gc,init] Version: 18.0.1.1+2-6 (release)
[2026-08-01T15:57:50.666+0900][0.013s][info ][gc,init] CPUs: 24 total, 24 available
[2026-08-01T15:57:50.666+0900][0.013s][info ][gc,init] Memory: 255G
[2026-08-01T15:57:50.666+0900][0.013s][info ][gc,init] Large Page Support: Disabled
[2026-08-01T15:57:50.666+0900][0.013s][info ][gc,init] NUMA Support: Disabled
[2026-08-01T15:57:50.666+0900][0.013s][info ][gc,init] Compressed Oops: Disabled
[2026-08-01T15:57:50.666+0900][0.013s][info ][gc,init] Heap Region Size: 32M
[2026-08-01T15:57:50.666+0900][0.013s][info ][gc,init] Heap Min Capacity: 32M
[2026-08-01T15:57:50.666+0900][0.013s][info ][gc,init] Heap Initial Capacity: 2G
[2026-08-01T15:57:50.666+0900][0.013s][info ][gc,init] Heap Max Capacity: 220G
[2026-08-01T15:57:50.666+0900][0.013s][info ][gc,init] Pre-touch: Disabled
[2026-08-01T15:57:50.666+0900][0.013s][info ][gc,init] Parallel Workers: 18
[2026-08-01T15:57:50.666+0900][0.013s][info ][gc,init] Concurrent Workers: 5
[2026-08-01T15:57:50.666+0900][0.013s][info ][gc,init] Concurrent Refinement Workers: 18
[2026-08-01T15:57:50.666+0900][0.013s][info ][gc,init] Periodic GC: Disabled
[2026-08-01T15:57:50.667+0900][0.014s][info ][gc,metaspace] CDS archive(s) mapped at: [0x0000000800000000-0x0000000800ba0000-0x0000000800ba0000), size 12189696, SharedBaseAddress: 0x0000000800000000, ArchiveRelocationMode: 0.
[2026-08-01T15:57:50.667+0900][0.014s][info ][gc,metaspace] Compressed class space mapped at: 0x0000000800c00000-0x0000000840c00000, reserved size: 1073741824
[2026-08-01T15:57:50.667+0900][0.014s][info ][gc,metaspace] Narrow klass base: 0x0000000800000000, Narrow klass shift: 0, Narrow klass range: 0x100000000
[2026-08-01T15:57:50.734+0900][0.081s][info ][gc,start    ] GC(0) Pause Full (System.gc())
[2026-08-01T15:57:50.734+0900][0.081s][debug][gc,heap     ] GC(0) Heap before GC invocations=0 (full 0):
[2026-08-01T15:57:50.734+0900][0.081s][debug][gc,heap     ] GC(0)  garbage-first heap   total 2097152K, used 0K [0x00000234f6000000, 0x0000026bf6000000)
[2026-08-01T15:57:50.734+0900][0.081s][debug][gc,heap     ] GC(0)   region size 32768K, 1 young (32768K), 0 survivors (0K)
[2026-08-01T15:57:50.734+0900][0.081s][debug][gc,heap     ] GC(0)  Metaspace       used 630K, committed 768K, reserved 1114112K
[2026-08-01T15:57:50.734+0900][0.081s][debug][gc,heap     ] GC(0)   class space    used 41K, committed 128K, reserved 1048576K
[2026-08-01T15:57:50.734+0900][0.081s][info ][gc,task     ] GC(0) Using 1 workers of 18 for full compaction
[2026-08-01T15:57:50.734+0900][0.081s][info ][gc,phases,start] GC(0) Phase 1: Mark live objects
[2026-08-01T15:57:50.736+0900][0.083s][info ][gc,phases      ] GC(0) Phase 1: Mark live objects 1.472ms
[2026-08-01T15:57:50.736+0900][0.083s][info ][gc,phases,start] GC(0) Phase 2: Prepare for compaction
[2026-08-01T15:57:50.737+0900][0.085s][info ][gc,phases      ] GC(0) Phase 2: Prepare for compaction 1.730ms
[2026-08-01T15:57:50.737+0900][0.085s][info ][gc,phases,start] GC(0) Phase 3: Adjust pointers
[2026-08-01T15:57:50.738+0900][0.085s][info ][gc,phases      ] GC(0) Phase 3: Adjust pointers 0.461ms
[2026-08-01T15:57:50.738+0900][0.085s][info ][gc,phases,start] GC(0) Phase 4: Compact heap
[2026-08-01T15:57:50.740+0900][0.087s][info ][gc,phases      ] GC(0) Phase 4: Compact heap 2.027ms
[2026-08-01T15:57:50.747+0900][0.094s][debug][gc,heap        ] GC(0) Uncommittable regions after shrink: 60
[2026-08-01T15:57:50.747+0900][0.094s][info ][gc,heap        ] GC(0) Eden regions: 1->0(1)
[2026-08-01T15:57:50.747+0900][0.094s][info ][gc,heap        ] GC(0) Survivor regions: 0->0(0)
[2026-08-01T15:57:50.747+0900][0.094s][info ][gc,heap        ] GC(0) Old regions: 0->1
[2026-08-01T15:57:50.747+0900][0.094s][info ][gc,heap        ] GC(0) Archive regions: 0->0
[2026-08-01T15:57:50.747+0900][0.094s][info ][gc,heap        ] GC(0) Humongous regions: 0->0
[2026-08-01T15:57:50.747+0900][0.095s][info ][gc,metaspace   ] GC(0) Metaspace: 630K(768K)->630K(768K) NonClass: 589K(640K)->589K(640K) Class: 41K(128K)->41K(128K)
[2026-08-01T15:57:50.747+0900][0.095s][debug][gc,heap        ] GC(0) Heap after GC invocations=1 (full 1):
[2026-08-01T15:57:50.747+0900][0.095s][debug][gc,heap        ] GC(0)  garbage-first heap   total 131072K, used 6067K [0x00000234f6000000, 0x0000026bf6000000)
[2026-08-01T15:57:50.747+0900][0.095s][debug][gc,heap        ] GC(0)   region size 32768K, 0 young (0K), 0 survivors (0K)
[2026-08-01T15:57:50.747+0900][0.095s][debug][gc,heap        ] GC(0)  Metaspace       used 630K, committed 768K, reserved 1114112K
[2026-08-01T15:57:50.747+0900][0.095s][debug][gc,heap        ] GC(0)   class space    used 41K, committed 128K, reserved 1048576K
[2026-08-01T15:57:50.747+0900][0.095s][info ][gc             ] GC(0) Pause Full (System.gc()) 14M->5M(128M) 13.407ms
[2026-08-01T15:57:50.747+0900][0.095s][info ][gc,cpu         ] GC(0) User=0.00s Sys=0.03s Real=0.01s
[2026-08-01T15:57:50.747+0900][0.095s][info ][safepoint      ] Safepoint "G1CollectFull", Time since last: 62327700 ns, Reaching safepoint: 38200 ns, At safepoint: 13448700 ns, Total: 13486900 ns
[2026-08-01T15:57:50.974+0900][0.321s][debug][gc,heap        ] Concurrent Uncommit Summary: 1920M, 60 regions, 15.171ms
[2026-08-01T15:57:50.982+0900][0.329s][info ][gc,start       ] GC(1) Pause Full (System.gc())
[2026-08-01T15:57:50.982+0900][0.329s][debug][gc,heap        ] GC(1) Heap before GC invocations=1 (full 1):
[2026-08-01T15:57:50.982+0900][0.329s][debug][gc,heap        ] GC(1)  garbage-first heap   total 131072K, used 6067K [0x00000234f6000000, 0x0000026bf6000000)
[2026-08-01T15:57:50.982+0900][0.329s][debug][gc,heap        ] GC(1)   region size 32768K, 1 young (32768K), 0 survivors (0K)
[2026-08-01T15:57:50.982+0900][0.329s][debug][gc,heap        ] GC(1)  Metaspace       used 5949K, committed 6144K, reserved 1114112K
[2026-08-01T15:57:50.982+0900][0.329s][debug][gc,heap        ] GC(1)   class space    used 550K, committed 640K, reserved 1048576K
[2026-08-01T15:57:50.982+0900][0.329s][info ][gc,task        ] GC(1) Using 1 workers of 18 for full compaction
[2026-08-01T15:57:50.982+0900][0.329s][info ][gc,phases,start] GC(1) Phase 1: Mark live objects
[2026-08-01T15:57:50.989+0900][0.336s][info ][gc,phases      ] GC(1) Phase 1: Mark live objects 6.675ms
[2026-08-01T15:57:50.989+0900][0.336s][info ][gc,phases,start] GC(1) Phase 2: Prepare for compaction
[2026-08-01T15:57:50.990+0900][0.338s][info ][gc,phases      ] GC(1) Phase 2: Prepare for compaction 1.788ms
[2026-08-01T15:57:50.990+0900][0.338s][info ][gc,phases,start] GC(1) Phase 3: Adjust pointers
[2026-08-01T15:57:50.993+0900][0.341s][info ][gc,phases      ] GC(1) Phase 3: Adjust pointers 2.919ms
[2026-08-01T15:57:50.993+0900][0.341s][info ][gc,phases,start] GC(1) Phase 4: Compact heap
[2026-08-01T15:57:50.996+0900][0.343s][info ][gc,phases      ] GC(1) Phase 4: Compact heap 2.532ms
[2026-08-01T15:57:50.997+0900][0.344s][info ][gc,heap        ] GC(1) Eden regions: 1->0(1)
[2026-08-01T15:57:50.997+0900][0.344s][info ][gc,heap        ] GC(1) Survivor regions: 0->0(0)
[2026-08-01T15:57:50.997+0900][0.344s][info ][gc,heap        ] GC(1) Old regions: 1->1
[2026-08-01T15:57:50.997+0900][0.344s][info ][gc,heap        ] GC(1) Archive regions: 0->0
[2026-08-01T15:57:50.997+0900][0.344s][info ][gc,heap        ] GC(1) Humongous regions: 0->0
[2026-08-01T15:57:50.997+0900][0.344s][info ][gc,metaspace   ] GC(1) Metaspace: 5949K(6144K)->5949K(6144K) NonClass: 5399K(5504K)->5399K(5504K) Class: 550K(640K)->550K(640K)
[2026-08-01T15:57:50.997+0900][0.344s][debug][gc,heap        ] GC(1) Heap after GC invocations=2 (full 2):
[2026-08-01T15:57:50.997+0900][0.344s][debug][gc,heap        ] GC(1)  garbage-first heap   total 131072K, used 9006K [0x00000234f6000000, 0x0000026bf6000000)
[2026-08-01T15:57:50.997+0900][0.344s][debug][gc,heap        ] GC(1)   region size 32768K, 0 young (0K), 0 survivors (0K)
[2026-08-01T15:57:50.997+0900][0.344s][debug][gc,heap        ] GC(1)  Metaspace       used 5949K, committed 6144K, reserved 1114112K
[2026-08-01T15:57:50.997+0900][0.344s][debug][gc,heap        ] GC(1)   class space    used 550K, committed 640K, reserved 1048576K
[2026-08-01T15:57:50.997+0900][0.344s][info ][gc             ] GC(1) Pause Full (System.gc()) 24M->8M(128M) 15.335ms
[2026-08-01T15:57:50.997+0900][0.344s][info ][gc,cpu         ] GC(1) User=0.02s Sys=0.00s Real=0.01s
[2026-08-01T15:57:50.997+0900][0.344s][info ][safepoint      ] Safepoint "G1CollectFull", Time since last: 234265200 ns, Reaching safepoint: 91300 ns, At safepoint: 15385600 ns, Total: 15476900 ns
[2026-08-01T15:57:51.076+0900][0.424s][info ][gc,start       ] GC(2) Pause Full (System.gc())
[2026-08-01T15:57:51.076+0900][0.424s][debug][gc,heap        ] GC(2) Heap before GC invocations=2 (full 2):
[2026-08-01T15:57:51.076+0900][0.424s][debug][gc,heap        ] GC(2)  garbage-first heap   total 131072K, used 9006K [0x00000234f6000000, 0x0000026bf6000000)
[2026-08-01T15:57:51.076+0900][0.424s][debug][gc,heap        ] GC(2)   region size 32768K, 1 young (32768K), 0 survivors (0K)
[2026-08-01T15:57:51.076+0900][0.424s][debug][gc,heap        ] GC(2)  Metaspace       used 6321K, committed 6528K, reserved 1114112K
[2026-08-01T15:57:51.077+0900][0.424s][debug][gc,heap        ] GC(2)   class space    used 595K, committed 704K, reserved 1048576K
[2026-08-01T15:57:51.077+0900][0.424s][info ][gc,task        ] GC(2) Using 1 workers of 18 for full compaction
[2026-08-01T15:57:51.077+0900][0.424s][info ][gc,phases,start] GC(2) Phase 1: Mark live objects
[2026-08-01T15:57:51.105+0900][0.452s][info ][gc,phases      ] GC(2) Phase 1: Mark live objects 28.442ms
[2026-08-01T15:57:51.105+0900][0.452s][info ][gc,phases,start] GC(2) Phase 2: Prepare for compaction
[2026-08-01T15:57:51.114+0900][0.461s][info ][gc,phases      ] GC(2) Phase 2: Prepare for compaction 8.518ms
[2026-08-01T15:57:51.114+0900][0.461s][info ][gc,phases,start] GC(2) Phase 3: Adjust pointers
[2026-08-01T15:57:51.127+0900][0.474s][info ][gc,phases      ] GC(2) Phase 3: Adjust pointers 13.381ms
[2026-08-01T15:57:51.127+0900][0.474s][info ][gc,phases,start] GC(2) Phase 4: Compact heap
[2026-08-01T15:57:51.135+0900][0.483s][info ][gc,phases      ] GC(2) Phase 4: Compact heap 8.283ms
[2026-08-01T15:57:51.137+0900][0.484s][info ][gc,heap        ] GC(2) Eden regions: 1->0(1)
[2026-08-01T15:57:51.137+0900][0.484s][info ][gc,heap        ] GC(2) Survivor regions: 0->0(0)
[2026-08-01T15:57:51.137+0900][0.484s][info ][gc,heap        ] GC(2) Old regions: 1->1
[2026-08-01T15:57:51.137+0900][0.484s][info ][gc,heap        ] GC(2) Archive regions: 0->0
[2026-08-01T15:57:51.137+0900][0.484s][info ][gc,heap        ] GC(2) Humongous regions: 0->0
[2026-08-01T15:57:51.137+0900][0.484s][info ][gc,metaspace   ] GC(2) Metaspace: 6321K(6528K)->6321K(6528K) NonClass: 5725K(5824K)->5725K(5824K) Class: 595K(704K)->595K(704K)
[2026-08-01T15:57:51.137+0900][0.484s][debug][gc,heap        ] GC(2) Heap after GC invocations=3 (full 3):
[2026-08-01T15:57:51.137+0900][0.484s][debug][gc,heap        ] GC(2)  garbage-first heap   total 131072K, used 15152K [0x00000234f6000000, 0x0000026bf6000000)
[2026-08-01T15:57:51.137+0900][0.484s][debug][gc,heap        ] GC(2)   region size 32768K, 0 young (0K), 0 survivors (0K)
[2026-08-01T15:57:51.137+0900][0.484s][debug][gc,heap        ] GC(2)  Metaspace       used 6321K, committed 6528K, reserved 1114112K
[2026-08-01T15:57:51.137+0900][0.484s][debug][gc,heap        ] GC(2)   class space    used 595K, committed 704K, reserved 1048576K
[2026-08-01T15:57:51.137+0900][0.484s][info ][gc             ] GC(2) Pause Full (System.gc()) 27M->14M(128M) 60.632ms
[2026-08-01T15:57:51.137+0900][0.484s][info ][gc,cpu         ] GC(2) User=0.06s Sys=0.02s Real=0.06s
[2026-08-01T15:57:51.137+0900][0.484s][info ][safepoint      ] Safepoint "G1CollectFull", Time since last: 79238100 ns, Reaching safepoint: 76000 ns, At safepoint: 60698300 ns, Total: 60774300 ns
[2026-08-01T15:57:51.158+0900][0.506s][info ][gc,start       ] GC(3) Pause Full (System.gc())
[2026-08-01T15:57:51.158+0900][0.506s][debug][gc,heap        ] GC(3) Heap before GC invocations=3 (full 3):
[2026-08-01T15:57:51.158+0900][0.506s][debug][gc,heap        ] GC(3)  garbage-first heap   total 131072K, used 15152K [0x00000234f6000000, 0x0000026bf6000000)
[2026-08-01T15:57:51.158+0900][0.506s][debug][gc,heap        ] GC(3)   region size 32768K, 1 young (32768K), 0 survivors (0K)
[2026-08-01T15:57:51.158+0900][0.506s][debug][gc,heap        ] GC(3)  Metaspace       used 6538K, committed 6720K, reserved 1114112K
[2026-08-01T15:57:51.158+0900][0.506s][debug][gc,heap        ] GC(3)   class space    used 615K, committed 704K, reserved 1048576K
[2026-08-01T15:57:51.158+0900][0.506s][info ][gc,task        ] GC(3) Using 1 workers of 18 for full compaction
[2026-08-01T15:57:51.158+0900][0.506s][info ][gc,phases,start] GC(3) Phase 1: Mark live objects
[2026-08-01T15:57:51.176+0900][0.523s][info ][gc,phases      ] GC(3) Phase 1: Mark live objects 17.170ms
[2026-08-01T15:57:51.176+0900][0.523s][info ][gc,phases,start] GC(3) Phase 2: Prepare for compaction
[2026-08-01T15:57:51.179+0900][0.526s][info ][gc,phases      ] GC(3) Phase 2: Prepare for compaction 2.789ms
[2026-08-01T15:57:51.179+0900][0.526s][info ][gc,phases,start] GC(3) Phase 3: Adjust pointers
[2026-08-01T15:57:51.185+0900][0.532s][info ][gc,phases      ] GC(3) Phase 3: Adjust pointers 6.618ms
[2026-08-01T15:57:51.185+0900][0.533s][info ][gc,phases,start] GC(3) Phase 4: Compact heap
[2026-08-01T15:57:51.188+0900][0.535s][info ][gc,phases      ] GC(3) Phase 4: Compact heap 2.542ms
[2026-08-01T15:57:51.189+0900][0.536s][info ][gc,heap        ] GC(3) Eden regions: 1->0(1)
[2026-08-01T15:57:51.189+0900][0.536s][info ][gc,heap        ] GC(3) Survivor regions: 0->0(0)
[2026-08-01T15:57:51.189+0900][0.536s][info ][gc,heap        ] GC(3) Old regions: 1->1
[2026-08-01T15:57:51.189+0900][0.536s][info ][gc,heap        ] GC(3) Archive regions: 0->0
[2026-08-01T15:57:51.189+0900][0.536s][info ][gc,heap        ] GC(3) Humongous regions: 0->0
[2026-08-01T15:57:51.189+0900][0.536s][info ][gc,metaspace   ] GC(3) Metaspace: 6538K(6720K)->6538K(6720K) NonClass: 5923K(6016K)->5923K(6016K) Class: 615K(704K)->615K(704K)
[2026-08-01T15:57:51.189+0900][0.536s][debug][gc,heap        ] GC(3) Heap after GC invocations=4 (full 4):
[2026-08-01T15:57:51.189+0900][0.536s][debug][gc,heap        ] GC(3)  garbage-first heap   total 131072K, used 15213K [0x00000234f6000000, 0x0000026bf6000000)
[2026-08-01T15:57:51.189+0900][0.536s][debug][gc,heap        ] GC(3)   region size 32768K, 0 young (0K), 0 survivors (0K)
[2026-08-01T15:57:51.189+0900][0.536s][debug][gc,heap        ] GC(3)  Metaspace       used 6538K, committed 6720K, reserved 1114112K
[2026-08-01T15:57:51.189+0900][0.536s][debug][gc,heap        ] GC(3)   class space    used 615K, committed 704K, reserved 1048576K
[2026-08-01T15:57:51.189+0900][0.536s][info ][gc             ] GC(3) Pause Full (System.gc()) 16M->14M(128M) 30.737ms
[2026-08-01T15:57:51.189+0900][0.536s][info ][gc,cpu         ] GC(3) User=0.03s Sys=0.00s Real=0.03s
[2026-08-01T15:57:51.189+0900][0.536s][info ][safepoint      ] Safepoint "G1CollectFull", Time since last: 21101700 ns, Reaching safepoint: 59300 ns, At safepoint: 30866500 ns, Total: 30925800 ns
[2026-08-01T15:57:51.193+0900][0.540s][info ][gc,start       ] GC(4) Pause Full (System.gc())
[2026-08-01T15:57:51.193+0900][0.540s][debug][gc,heap        ] GC(4) Heap before GC invocations=4 (full 4):
[2026-08-01T15:57:51.193+0900][0.540s][debug][gc,heap        ] GC(4)  garbage-first heap   total 131072K, used 15213K [0x00000234f6000000, 0x0000026bf6000000)
[2026-08-01T15:57:51.193+0900][0.540s][debug][gc,heap        ] GC(4)   region size 32768K, 1 young (32768K), 0 survivors (0K)
[2026-08-01T15:57:51.193+0900][0.540s][debug][gc,heap        ] GC(4)  Metaspace       used 6555K, committed 6720K, reserved 1114112K
[2026-08-01T15:57:51.193+0900][0.540s][debug][gc,heap        ] GC(4)   class space    used 615K, committed 704K, reserved 1048576K
[2026-08-01T15:57:51.193+0900][0.540s][info ][gc,task        ] GC(4) Using 1 workers of 18 for full compaction
[2026-08-01T15:57:51.193+0900][0.541s][info ][gc,phases,start] GC(4) Phase 1: Mark live objects
[2026-08-01T15:57:51.209+0900][0.556s][info ][gc,phases      ] GC(4) Phase 1: Mark live objects 15.717ms
[2026-08-01T15:57:51.209+0900][0.556s][info ][gc,phases,start] GC(4) Phase 2: Prepare for compaction
[2026-08-01T15:57:51.212+0900][0.559s][info ][gc,phases      ] GC(4) Phase 2: Prepare for compaction 2.837ms
[2026-08-01T15:57:51.212+0900][0.559s][info ][gc,phases,start] GC(4) Phase 3: Adjust pointers
[2026-08-01T15:57:51.218+0900][0.565s][info ][gc,phases      ] GC(4) Phase 3: Adjust pointers 5.689ms
[2026-08-01T15:57:51.218+0900][0.565s][info ][gc,phases,start] GC(4) Phase 4: Compact heap
[2026-08-01T15:57:51.220+0900][0.567s][info ][gc,phases      ] GC(4) Phase 4: Compact heap 1.900ms
[2026-08-01T15:57:51.220+0900][0.568s][info ][gc,heap        ] GC(4) Eden regions: 1->0(1)
[2026-08-01T15:57:51.220+0900][0.568s][info ][gc,heap        ] GC(4) Survivor regions: 0->0(0)
[2026-08-01T15:57:51.220+0900][0.568s][info ][gc,heap        ] GC(4) Old regions: 1->1
[2026-08-01T15:57:51.220+0900][0.568s][info ][gc,heap        ] GC(4) Archive regions: 0->0
[2026-08-01T15:57:51.220+0900][0.568s][info ][gc,heap        ] GC(4) Humongous regions: 0->0
[2026-08-01T15:57:51.220+0900][0.568s][info ][gc,metaspace   ] GC(4) Metaspace: 6555K(6720K)->6555K(6720K) NonClass: 5939K(6016K)->5939K(6016K) Class: 615K(704K)->615K(704K)
[2026-08-01T15:57:51.220+0900][0.568s][debug][gc,heap        ] GC(4) Heap after GC invocations=5 (full 5):
[2026-08-01T15:57:51.220+0900][0.568s][debug][gc,heap        ] GC(4)  garbage-first heap   total 131072K, used 15221K [0x00000234f6000000, 0x0000026bf6000000)
[2026-08-01T15:57:51.220+0900][0.568s][debug][gc,heap        ] GC(4)   region size 32768K, 0 young (0K), 0 survivors (0K)
[2026-08-01T15:57:51.220+0900][0.568s][debug][gc,heap        ] GC(4)  Metaspace       used 6555K, committed 6720K, reserved 1114112K
[2026-08-01T15:57:51.220+0900][0.568s][debug][gc,heap        ] GC(4)   class space    used 615K, committed 704K, reserved 1048576K
[2026-08-01T15:57:51.220+0900][0.568s][info ][gc             ] GC(4) Pause Full (System.gc()) 15M->14M(128M) 27.472ms
[2026-08-01T15:57:51.220+0900][0.568s][info ][gc,cpu         ] GC(4) User=0.03s Sys=0.00s Real=0.03s
[2026-08-01T15:57:51.221+0900][0.568s][info ][safepoint      ] Safepoint "G1CollectFull", Time since last: 3848500 ns, Reaching safepoint: 35800 ns, At safepoint: 27579400 ns, Total: 27615200 ns
[2026-08-01T15:57:51.224+0900][0.571s][info ][gc,start       ] GC(5) Pause Full (System.gc())
[2026-08-01T15:57:51.224+0900][0.571s][debug][gc,heap        ] GC(5) Heap before GC invocations=5 (full 5):
[2026-08-01T15:57:51.224+0900][0.571s][debug][gc,heap        ] GC(5)  garbage-first heap   total 131072K, used 15221K [0x00000234f6000000, 0x0000026bf6000000)
[2026-08-01T15:57:51.224+0900][0.571s][debug][gc,heap        ] GC(5)   region size 32768K, 1 young (32768K), 0 survivors (0K)
[2026-08-01T15:57:51.224+0900][0.571s][debug][gc,heap        ] GC(5)  Metaspace       used 6568K, committed 6784K, reserved 1114112K
[2026-08-01T15:57:51.224+0900][0.571s][debug][gc,heap        ] GC(5)   class space    used 615K, committed 704K, reserved 1048576K
[2026-08-01T15:57:51.224+0900][0.571s][info ][gc,task        ] GC(5) Using 1 workers of 18 for full compaction
[2026-08-01T15:57:51.224+0900][0.571s][info ][gc,phases,start] GC(5) Phase 1: Mark live objects
[2026-08-01T15:57:51.234+0900][0.582s][info ][gc,phases      ] GC(5) Phase 1: Mark live objects 10.418ms
[2026-08-01T15:57:51.234+0900][0.582s][info ][gc,phases,start] GC(5) Phase 2: Prepare for compaction
[2026-08-01T15:57:51.237+0900][0.584s][info ][gc,phases      ] GC(5) Phase 2: Prepare for compaction 2.322ms
[2026-08-01T15:57:51.237+0900][0.584s][info ][gc,phases,start] GC(5) Phase 3: Adjust pointers
[2026-08-01T15:57:51.241+0900][0.589s][info ][gc,phases      ] GC(5) Phase 3: Adjust pointers 4.687ms
[2026-08-01T15:57:51.241+0900][0.589s][info ][gc,phases,start] GC(5) Phase 4: Compact heap
[2026-08-01T15:57:51.243+0900][0.591s][info ][gc,phases      ] GC(5) Phase 4: Compact heap 1.802ms
[2026-08-01T15:57:51.244+0900][0.591s][info ][gc,heap        ] GC(5) Eden regions: 1->0(1)
[2026-08-01T15:57:51.244+0900][0.591s][info ][gc,heap        ] GC(5) Survivor regions: 0->0(0)
[2026-08-01T15:57:51.244+0900][0.591s][info ][gc,heap        ] GC(5) Old regions: 1->1
[2026-08-01T15:57:51.244+0900][0.591s][info ][gc,heap        ] GC(5) Archive regions: 0->0
[2026-08-01T15:57:51.244+0900][0.591s][info ][gc,heap        ] GC(5) Humongous regions: 0->0
[2026-08-01T15:57:51.244+0900][0.591s][info ][gc,metaspace   ] GC(5) Metaspace: 6568K(6784K)->6568K(6784K) NonClass: 5952K(6080K)->5952K(6080K) Class: 615K(704K)->615K(704K)
[2026-08-01T15:57:51.244+0900][0.591s][debug][gc,heap        ] GC(5) Heap after GC invocations=6 (full 6):
[2026-08-01T15:57:51.244+0900][0.591s][debug][gc,heap        ] GC(5)  garbage-first heap   total 131072K, used 15230K [0x00000234f6000000, 0x0000026bf6000000)
[2026-08-01T15:57:51.244+0900][0.591s][debug][gc,heap        ] GC(5)   region size 32768K, 0 young (0K), 0 survivors (0K)
[2026-08-01T15:57:51.244+0900][0.591s][debug][gc,heap        ] GC(5)  Metaspace       used 6568K, committed 6784K, reserved 1114112K
[2026-08-01T15:57:51.244+0900][0.591s][debug][gc,heap        ] GC(5)   class space    used 615K, committed 704K, reserved 1048576K
[2026-08-01T15:57:51.244+0900][0.591s][info ][gc             ] GC(5) Pause Full (System.gc()) 15M->14M(128M) 20.308ms
[2026-08-01T15:57:51.244+0900][0.591s][info ][gc,cpu         ] GC(5) User=0.02s Sys=0.00s Real=0.02s
[2026-08-01T15:57:51.244+0900][0.591s][info ][safepoint      ] Safepoint "G1CollectFull", Time since last: 3118700 ns, Reaching safepoint: 41900 ns, At safepoint: 20363200 ns, Total: 20405100 ns
[2026-08-01T15:57:51.247+0900][0.595s][info ][gc,start       ] GC(6) Pause Full (System.gc())
[2026-08-01T15:57:51.247+0900][0.595s][debug][gc,heap        ] GC(6) Heap before GC invocations=6 (full 6):
[2026-08-01T15:57:51.247+0900][0.595s][debug][gc,heap        ] GC(6)  garbage-first heap   total 131072K, used 15230K [0x00000234f6000000, 0x0000026bf6000000)
[2026-08-01T15:57:51.247+0900][0.595s][debug][gc,heap        ] GC(6)   region size 32768K, 1 young (32768K), 0 survivors (0K)
[2026-08-01T15:57:51.247+0900][0.595s][debug][gc,heap        ] GC(6)  Metaspace       used 6595K, committed 6784K, reserved 1114112K
[2026-08-01T15:57:51.247+0900][0.595s][debug][gc,heap        ] GC(6)   class space    used 615K, committed 704K, reserved 1048576K
[2026-08-01T15:57:51.247+0900][0.595s][info ][gc,task        ] GC(6) Using 1 workers of 18 for full compaction
[2026-08-01T15:57:51.247+0900][0.595s][info ][gc,phases,start] GC(6) Phase 1: Mark live objects
[2026-08-01T15:57:51.257+0900][0.604s][info ][gc,phases      ] GC(6) Phase 1: Mark live objects 9.795ms
[2026-08-01T15:57:51.257+0900][0.605s][info ][gc,phases,start] GC(6) Phase 2: Prepare for compaction
[2026-08-01T15:57:51.259+0900][0.607s][info ][gc,phases      ] GC(6) Phase 2: Prepare for compaction 2.029ms
[2026-08-01T15:57:51.259+0900][0.607s][info ][gc,phases,start] GC(6) Phase 3: Adjust pointers
[2026-08-01T15:57:51.263+0900][0.610s][info ][gc,phases      ] GC(6) Phase 3: Adjust pointers 3.896ms
[2026-08-01T15:57:51.263+0900][0.610s][info ][gc,phases,start] GC(6) Phase 4: Compact heap
[2026-08-01T15:57:51.265+0900][0.612s][info ][gc,phases      ] GC(6) Phase 4: Compact heap 1.668ms
[2026-08-01T15:57:51.265+0900][0.613s][info ][gc,heap        ] GC(6) Eden regions: 1->0(1)
[2026-08-01T15:57:51.265+0900][0.613s][info ][gc,heap        ] GC(6) Survivor regions: 0->0(0)
[2026-08-01T15:57:51.265+0900][0.613s][info ][gc,heap        ] GC(6) Old regions: 1->1
[2026-08-01T15:57:51.265+0900][0.613s][info ][gc,heap        ] GC(6) Archive regions: 0->0
[2026-08-01T15:57:51.266+0900][0.613s][info ][gc,heap        ] GC(6) Humongous regions: 0->0
[2026-08-01T15:57:51.266+0900][0.613s][info ][gc,metaspace   ] GC(6) Metaspace: 6595K(6784K)->6595K(6784K) NonClass: 5979K(6080K)->5979K(6080K) Class: 615K(704K)->615K(704K)
[2026-08-01T15:57:51.266+0900][0.613s][debug][gc,heap        ] GC(6) Heap after GC invocations=7 (full 7):
[2026-08-01T15:57:51.266+0900][0.613s][debug][gc,heap        ] GC(6)  garbage-first heap   total 131072K, used 15239K [0x00000234f6000000, 0x0000026bf6000000)
[2026-08-01T15:57:51.266+0900][0.613s][debug][gc,heap        ] GC(6)   region size 32768K, 0 young (0K), 0 survivors (0K)
[2026-08-01T15:57:51.266+0900][0.613s][debug][gc,heap        ] GC(6)  Metaspace       used 6595K, committed 6784K, reserved 1114112K
[2026-08-01T15:57:51.266+0900][0.613s][debug][gc,heap        ] GC(6)   class space    used 615K, committed 704K, reserved 1048576K
[2026-08-01T15:57:51.266+0900][0.613s][info ][gc             ] GC(6) Pause Full (System.gc()) 16M->14M(128M) 18.353ms
[2026-08-01T15:57:51.266+0900][0.613s][info ][gc,cpu         ] GC(6) User=0.02s Sys=0.00s Real=0.02s
[2026-08-01T15:57:51.266+0900][0.613s][info ][safepoint      ] Safepoint "G1CollectFull", Time since last: 3144200 ns, Reaching safepoint: 19900 ns, At safepoint: 18467200 ns, Total: 18487100 ns
[2026-08-01T15:57:51.269+0900][0.616s][info ][gc,start       ] GC(7) Pause Full (System.gc())
[2026-08-01T15:57:51.269+0900][0.616s][debug][gc,heap        ] GC(7) Heap before GC invocations=7 (full 7):
[2026-08-01T15:57:51.269+0900][0.616s][debug][gc,heap        ] GC(7)  garbage-first heap   total 131072K, used 15239K [0x00000234f6000000, 0x0000026bf6000000)
[2026-08-01T15:57:51.269+0900][0.616s][debug][gc,heap        ] GC(7)   region size 32768K, 1 young (32768K), 0 survivors (0K)
[2026-08-01T15:57:51.269+0900][0.616s][debug][gc,heap        ] GC(7)  Metaspace       used 6605K, committed 6848K, reserved 1114112K
[2026-08-01T15:57:51.269+0900][0.616s][debug][gc,heap        ] GC(7)   class space    used 616K, committed 704K, reserved 1048576K
[2026-08-01T15:57:51.269+0900][0.616s][info ][gc,task        ] GC(7) Using 1 workers of 18 for full compaction
[2026-08-01T15:57:51.269+0900][0.616s][info ][gc,phases,start] GC(7) Phase 1: Mark live objects
[2026-08-01T15:57:51.278+0900][0.626s][info ][gc,phases      ] GC(7) Phase 1: Mark live objects 9.563ms
[2026-08-01T15:57:51.278+0900][0.626s][info ][gc,phases,start] GC(7) Phase 2: Prepare for compaction
[2026-08-01T15:57:51.280+0900][0.628s][info ][gc,phases      ] GC(7) Phase 2: Prepare for compaction 2.108ms
[2026-08-01T15:57:51.280+0900][0.628s][info ][gc,phases,start] GC(7) Phase 3: Adjust pointers
[2026-08-01T15:57:51.284+0900][0.632s][info ][gc,phases      ] GC(7) Phase 3: Adjust pointers 3.886ms
[2026-08-01T15:57:51.284+0900][0.632s][info ][gc,phases,start] GC(7) Phase 4: Compact heap
[2026-08-01T15:57:51.286+0900][0.633s][info ][gc,phases      ] GC(7) Phase 4: Compact heap 1.682ms
[2026-08-01T15:57:51.287+0900][0.634s][info ][gc,heap        ] GC(7) Eden regions: 1->0(1)
[2026-08-01T15:57:51.287+0900][0.634s][info ][gc,heap        ] GC(7) Survivor regions: 0->0(0)
[2026-08-01T15:57:51.287+0900][0.634s][info ][gc,heap        ] GC(7) Old regions: 1->1
[2026-08-01T15:57:51.287+0900][0.634s][info ][gc,heap        ] GC(7) Archive regions: 0->0
[2026-08-01T15:57:51.287+0900][0.634s][info ][gc,heap        ] GC(7) Humongous regions: 0->0
[2026-08-01T15:57:51.287+0900][0.634s][info ][gc,metaspace   ] GC(7) Metaspace: 6605K(6848K)->6605K(6848K) NonClass: 5989K(6144K)->5989K(6144K) Class: 616K(704K)->616K(704K)
[2026-08-01T15:57:51.287+0900][0.634s][debug][gc,heap        ] GC(7) Heap after GC invocations=8 (full 8):
[2026-08-01T15:57:51.287+0900][0.634s][debug][gc,heap        ] GC(7)  garbage-first heap   total 131072K, used 15248K [0x00000234f6000000, 0x0000026bf6000000)
[2026-08-01T15:57:51.287+0900][0.634s][debug][gc,heap        ] GC(7)   region size 32768K, 0 young (0K), 0 survivors (0K)
[2026-08-01T15:57:51.287+0900][0.634s][debug][gc,heap        ] GC(7)  Metaspace       used 6605K, committed 6848K, reserved 1114112K
[2026-08-01T15:57:51.287+0900][0.634s][debug][gc,heap        ] GC(7)   class space    used 616K, committed 704K, reserved 1048576K
[2026-08-01T15:57:51.287+0900][0.634s][info ][gc             ] GC(7) Pause Full (System.gc()) 15M->14M(128M) 18.235ms
[2026-08-01T15:57:51.287+0900][0.634s][info ][gc,cpu         ] GC(7) User=0.02s Sys=0.00s Real=0.02s
[2026-08-01T15:57:51.287+0900][0.634s][info ][safepoint      ] Safepoint "G1CollectFull", Time since last: 2858300 ns, Reaching safepoint: 38200 ns, At safepoint: 18365000 ns, Total: 18403200 ns
[2026-08-01T15:57:51.289+0900][0.636s][info ][gc,start       ] GC(8) Pause Full (System.gc())
[2026-08-01T15:57:51.289+0900][0.636s][debug][gc,heap        ] GC(8) Heap before GC invocations=8 (full 8):
[2026-08-01T15:57:51.289+0900][0.636s][debug][gc,heap        ] GC(8)  garbage-first heap   total 131072K, used 15248K [0x00000234f6000000, 0x0000026bf6000000)
[2026-08-01T15:57:51.289+0900][0.636s][debug][gc,heap        ] GC(8)   region size 32768K, 1 young (32768K), 0 survivors (0K)
[2026-08-01T15:57:51.289+0900][0.636s][debug][gc,heap        ] GC(8)  Metaspace       used 6615K, committed 6848K, reserved 1114112K
[2026-08-01T15:57:51.289+0900][0.636s][debug][gc,heap        ] GC(8)   class space    used 616K, committed 704K, reserved 1048576K
[2026-08-01T15:57:51.289+0900][0.636s][info ][gc,task        ] GC(8) Using 1 workers of 18 for full compaction
[2026-08-01T15:57:51.289+0900][0.636s][info ][gc,phases,start] GC(8) Phase 1: Mark live objects
[2026-08-01T15:57:51.299+0900][0.647s][info ][gc,phases      ] GC(8) Phase 1: Mark live objects 10.254ms
[2026-08-01T15:57:51.299+0900][0.647s][info ][gc,phases,start] GC(8) Phase 2: Prepare for compaction
[2026-08-01T15:57:51.302+0900][0.649s][info ][gc,phases      ] GC(8) Phase 2: Prepare for compaction 2.215ms
[2026-08-01T15:57:51.302+0900][0.649s][info ][gc,phases,start] GC(8) Phase 3: Adjust pointers
[2026-08-01T15:57:51.306+0900][0.653s][info ][gc,phases      ] GC(8) Phase 3: Adjust pointers 4.284ms
[2026-08-01T15:57:51.306+0900][0.653s][info ][gc,phases,start] GC(8) Phase 4: Compact heap
[2026-08-01T15:57:51.308+0900][0.655s][info ][gc,phases      ] GC(8) Phase 4: Compact heap 1.746ms
[2026-08-01T15:57:51.309+0900][0.656s][info ][gc,heap        ] GC(8) Eden regions: 1->0(1)
[2026-08-01T15:57:51.309+0900][0.656s][info ][gc,heap        ] GC(8) Survivor regions: 0->0(0)
[2026-08-01T15:57:51.309+0900][0.656s][info ][gc,heap        ] GC(8) Old regions: 1->1
[2026-08-01T15:57:51.309+0900][0.656s][info ][gc,heap        ] GC(8) Archive regions: 0->0
[2026-08-01T15:57:51.309+0900][0.656s][info ][gc,heap        ] GC(8) Humongous regions: 0->0
[2026-08-01T15:57:51.309+0900][0.656s][info ][gc,metaspace   ] GC(8) Metaspace: 6615K(6848K)->6615K(6848K) NonClass: 5999K(6144K)->5999K(6144K) Class: 616K(704K)->616K(704K)
[2026-08-01T15:57:51.309+0900][0.656s][debug][gc,heap        ] GC(8) Heap after GC invocations=9 (full 9):
[2026-08-01T15:57:51.309+0900][0.656s][debug][gc,heap        ] GC(8)  garbage-first heap   total 131072K, used 15257K [0x00000234f6000000, 0x0000026bf6000000)
[2026-08-01T15:57:51.309+0900][0.656s][debug][gc,heap        ] GC(8)   region size 32768K, 0 young (0K), 0 survivors (0K)
[2026-08-01T15:57:51.309+0900][0.656s][debug][gc,heap        ] GC(8)  Metaspace       used 6615K, committed 6848K, reserved 1114112K
[2026-08-01T15:57:51.309+0900][0.656s][debug][gc,heap        ] GC(8)   class space    used 616K, committed 704K, reserved 1048576K
[2026-08-01T15:57:51.309+0900][0.656s][info ][gc             ] GC(8) Pause Full (System.gc()) 15M->14M(128M) 19.659ms
[2026-08-01T15:57:51.309+0900][0.656s][info ][gc,cpu         ] GC(8) User=0.02s Sys=0.02s Real=0.02s
[2026-08-01T15:57:51.309+0900][0.656s][info ][safepoint      ] Safepoint "G1CollectFull", Time since last: 2044000 ns, Reaching safepoint: 24300 ns, At safepoint: 19705700 ns, Total: 19730000 ns
[2026-08-01T15:57:51.311+0900][0.658s][info ][gc,start       ] GC(9) Pause Full (System.gc())
[2026-08-01T15:57:51.311+0900][0.658s][debug][gc,heap        ] GC(9) Heap before GC invocations=9 (full 9):
[2026-08-01T15:57:51.311+0900][0.658s][debug][gc,heap        ] GC(9)  garbage-first heap   total 131072K, used 15257K [0x00000234f6000000, 0x0000026bf6000000)
[2026-08-01T15:57:51.311+0900][0.658s][debug][gc,heap        ] GC(9)   region size 32768K, 1 young (32768K), 0 survivors (0K)
[2026-08-01T15:57:51.311+0900][0.658s][debug][gc,heap        ] GC(9)  Metaspace       used 6641K, committed 6912K, reserved 1114112K
[2026-08-01T15:57:51.311+0900][0.658s][debug][gc,heap        ] GC(9)   class space    used 616K, committed 704K, reserved 1048576K
[2026-08-01T15:57:51.311+0900][0.658s][info ][gc,task        ] GC(9) Using 1 workers of 18 for full compaction
[2026-08-01T15:57:51.311+0900][0.658s][info ][gc,phases,start] GC(9) Phase 1: Mark live objects
[2026-08-01T15:57:51.321+0900][0.668s][info ][gc,phases      ] GC(9) Phase 1: Mark live objects 9.716ms
[2026-08-01T15:57:51.321+0900][0.668s][info ][gc,phases,start] GC(9) Phase 2: Prepare for compaction
[2026-08-01T15:57:51.323+0900][0.670s][info ][gc,phases      ] GC(9) Phase 2: Prepare for compaction 2.108ms
[2026-08-01T15:57:51.323+0900][0.670s][info ][gc,phases,start] GC(9) Phase 3: Adjust pointers
[2026-08-01T15:57:51.327+0900][0.674s][info ][gc,phases      ] GC(9) Phase 3: Adjust pointers 3.886ms
[2026-08-01T15:57:51.327+0900][0.674s][info ][gc,phases,start] GC(9) Phase 4: Compact heap
[2026-08-01T15:57:51.328+0900][0.676s][info ][gc,phases      ] GC(9) Phase 4: Compact heap 1.694ms
[2026-08-01T15:57:51.329+0900][0.677s][info ][gc,heap        ] GC(9) Eden regions: 1->0(1)
[2026-08-01T15:57:51.329+0900][0.677s][info ][gc,heap        ] GC(9) Survivor regions: 0->0(0)
[2026-08-01T15:57:51.329+0900][0.677s][info ][gc,heap        ] GC(9) Old regions: 1->1
[2026-08-01T15:57:51.329+0900][0.677s][info ][gc,heap        ] GC(9) Archive regions: 0->0
[2026-08-01T15:57:51.329+0900][0.677s][info ][gc,heap        ] GC(9) Humongous regions: 0->0
[2026-08-01T15:57:51.329+0900][0.677s][info ][gc,metaspace   ] GC(9) Metaspace: 6641K(6912K)->6641K(6912K) NonClass: 6025K(6208K)->6025K(6208K) Class: 616K(704K)->616K(704K)
[2026-08-01T15:57:51.329+0900][0.677s][debug][gc,heap        ] GC(9) Heap after GC invocations=10 (full 10):
[2026-08-01T15:57:51.329+0900][0.677s][debug][gc,heap        ] GC(9)  garbage-first heap   total 131072K, used 15267K [0x00000234f6000000, 0x0000026bf6000000)
[2026-08-01T15:57:51.329+0900][0.677s][debug][gc,heap        ] GC(9)   region size 32768K, 0 young (0K), 0 survivors (0K)
[2026-08-01T15:57:51.329+0900][0.677s][debug][gc,heap        ] GC(9)  Metaspace       used 6641K, committed 6912K, reserved 1114112K
[2026-08-01T15:57:51.329+0900][0.677s][debug][gc,heap        ] GC(9)   class space    used 616K, committed 704K, reserved 1048576K
[2026-08-01T15:57:51.329+0900][0.677s][info ][gc             ] GC(9) Pause Full (System.gc()) 16M->14M(128M) 18.516ms
[2026-08-01T15:57:51.329+0900][0.677s][info ][gc,cpu         ] GC(9) User=0.02s Sys=0.00s Real=0.02s
[2026-08-01T15:57:51.329+0900][0.677s][info ][safepoint      ] Safepoint "G1CollectFull", Time since last: 2074400 ns, Reaching safepoint: 25500 ns, At safepoint: 18593500 ns, Total: 18619000 ns
[2026-08-01T15:57:51.331+0900][0.678s][info ][gc,start       ] GC(10) Pause Full (System.gc())
[2026-08-01T15:57:51.331+0900][0.679s][debug][gc,heap        ] GC(10) Heap before GC invocations=10 (full 10):
[2026-08-01T15:57:51.331+0900][0.679s][debug][gc,heap        ] GC(10)  garbage-first heap   total 131072K, used 15267K [0x00000234f6000000, 0x0000026bf6000000)
[2026-08-01T15:57:51.331+0900][0.679s][debug][gc,heap        ] GC(10)   region size 32768K, 1 young (32768K), 0 survivors (0K)
[2026-08-01T15:57:51.331+0900][0.679s][debug][gc,heap        ] GC(10)  Metaspace       used 6644K, committed 6912K, reserved 1114112K
[2026-08-01T15:57:51.331+0900][0.679s][debug][gc,heap        ] GC(10)   class space    used 616K, committed 704K, reserved 1048576K
[2026-08-01T15:57:51.331+0900][0.679s][info ][gc,task        ] GC(10) Using 1 workers of 18 for full compaction
[2026-08-01T15:57:51.331+0900][0.679s][info ][gc,phases,start] GC(10) Phase 1: Mark live objects
[2026-08-01T15:57:51.341+0900][0.688s][info ][gc,phases      ] GC(10) Phase 1: Mark live objects 9.499ms
[2026-08-01T15:57:51.341+0900][0.688s][info ][gc,phases,start] GC(10) Phase 2: Prepare for compaction
[2026-08-01T15:57:51.343+0900][0.690s][info ][gc,phases      ] GC(10) Phase 2: Prepare for compaction 1.995ms
[2026-08-01T15:57:51.343+0900][0.690s][info ][gc,phases,start] GC(10) Phase 3: Adjust pointers
[2026-08-01T15:57:51.347+0900][0.694s][info ][gc,phases      ] GC(10) Phase 3: Adjust pointers 3.781ms
[2026-08-01T15:57:51.347+0900][0.694s][info ][gc,phases,start] GC(10) Phase 4: Compact heap
[2026-08-01T15:57:51.348+0900][0.696s][info ][gc,phases      ] GC(10) Phase 4: Compact heap 1.719ms
[2026-08-01T15:57:51.349+0900][0.696s][info ][gc,heap        ] GC(10) Eden regions: 1->0(1)
[2026-08-01T15:57:51.349+0900][0.696s][info ][gc,heap        ] GC(10) Survivor regions: 0->0(0)
[2026-08-01T15:57:51.349+0900][0.696s][info ][gc,heap        ] GC(10) Old regions: 1->1
[2026-08-01T15:57:51.349+0900][0.696s][info ][gc,heap        ] GC(10) Archive regions: 0->0
[2026-08-01T15:57:51.349+0900][0.696s][info ][gc,heap        ] GC(10) Humongous regions: 0->0
[2026-08-01T15:57:51.349+0900][0.696s][info ][gc,metaspace   ] GC(10) Metaspace: 6644K(6912K)->6644K(6912K) NonClass: 6028K(6208K)->6028K(6208K) Class: 616K(704K)->616K(704K)
[2026-08-01T15:57:51.349+0900][0.696s][debug][gc,heap        ] GC(10) Heap after GC invocations=11 (full 11):
[2026-08-01T15:57:51.349+0900][0.696s][debug][gc,heap        ] GC(10)  garbage-first heap   total 131072K, used 15276K [0x00000234f6000000, 0x0000026bf6000000)
[2026-08-01T15:57:51.349+0900][0.696s][debug][gc,heap        ] GC(10)   region size 32768K, 0 young (0K), 0 survivors (0K)
[2026-08-01T15:57:51.349+0900][0.697s][debug][gc,heap        ] GC(10)  Metaspace       used 6644K, committed 6912K, reserved 1114112K
[2026-08-01T15:57:51.349+0900][0.697s][debug][gc,heap        ] GC(10)   class space    used 616K, committed 704K, reserved 1048576K
[2026-08-01T15:57:51.349+0900][0.697s][info ][gc             ] GC(10) Pause Full (System.gc()) 15M->14M(128M) 18.042ms
[2026-08-01T15:57:51.349+0900][0.697s][info ][gc,cpu         ] GC(10) User=0.02s Sys=0.00s Real=0.02s
[2026-08-01T15:57:51.349+0900][0.697s][info ][safepoint      ] Safepoint "G1CollectFull", Time since last: 1703000 ns, Reaching safepoint: 47500 ns, At safepoint: 18086900 ns, Total: 18134400 ns
[2026-08-01T15:57:51.351+0900][0.698s][info ][gc,start       ] GC(11) Pause Full (System.gc())
[2026-08-01T15:57:51.351+0900][0.698s][debug][gc,heap        ] GC(11) Heap before GC invocations=11 (full 11):
[2026-08-01T15:57:51.351+0900][0.698s][debug][gc,heap        ] GC(11)  garbage-first heap   total 131072K, used 15276K [0x00000234f6000000, 0x0000026bf6000000)
[2026-08-01T15:57:51.351+0900][0.698s][debug][gc,heap        ] GC(11)   region size 32768K, 1 young (32768K), 0 survivors (0K)
[2026-08-01T15:57:51.351+0900][0.698s][debug][gc,heap        ] GC(11)  Metaspace       used 6651K, committed 6912K, reserved 1114112K
[2026-08-01T15:57:51.351+0900][0.698s][debug][gc,heap        ] GC(11)   class space    used 616K, committed 704K, reserved 1048576K
[2026-08-01T15:57:51.351+0900][0.698s][info ][gc,task        ] GC(11) Using 1 workers of 18 for full compaction
[2026-08-01T15:57:51.351+0900][0.698s][info ][gc,phases,start] GC(11) Phase 1: Mark live objects
[2026-08-01T15:57:51.360+0900][0.708s][info ][gc,phases      ] GC(11) Phase 1: Mark live objects 9.232ms
[2026-08-01T15:57:51.360+0900][0.708s][info ][gc,phases,start] GC(11) Phase 2: Prepare for compaction
[2026-08-01T15:57:51.362+0900][0.710s][info ][gc,phases      ] GC(11) Phase 2: Prepare for compaction 2.152ms
[2026-08-01T15:57:51.362+0900][0.710s][info ][gc,phases,start] GC(11) Phase 3: Adjust pointers
[2026-08-01T15:57:51.367+0900][0.715s][info ][gc,phases      ] GC(11) Phase 3: Adjust pointers 5.030ms
[2026-08-01T15:57:51.368+0900][0.715s][info ][gc,phases,start] GC(11) Phase 4: Compact heap
[2026-08-01T15:57:51.370+0900][0.717s][info ][gc,phases      ] GC(11) Phase 4: Compact heap 2.026ms
[2026-08-01T15:57:51.370+0900][0.718s][info ][gc,heap        ] GC(11) Eden regions: 1->0(1)
[2026-08-01T15:57:51.370+0900][0.718s][info ][gc,heap        ] GC(11) Survivor regions: 0->0(0)
[2026-08-01T15:57:51.370+0900][0.718s][info ][gc,heap        ] GC(11) Old regions: 1->1
[2026-08-01T15:57:51.370+0900][0.718s][info ][gc,heap        ] GC(11) Archive regions: 0->0
[2026-08-01T15:57:51.370+0900][0.718s][info ][gc,heap        ] GC(11) Humongous regions: 0->0
[2026-08-01T15:57:51.370+0900][0.718s][info ][gc,metaspace   ] GC(11) Metaspace: 6651K(6912K)->6651K(6912K) NonClass: 6035K(6208K)->6035K(6208K) Class: 616K(704K)->616K(704K)
[2026-08-01T15:57:51.370+0900][0.718s][debug][gc,heap        ] GC(11) Heap after GC invocations=12 (full 12):
[2026-08-01T15:57:51.370+0900][0.718s][debug][gc,heap        ] GC(11)  garbage-first heap   total 131072K, used 15285K [0x00000234f6000000, 0x0000026bf6000000)
[2026-08-01T15:57:51.370+0900][0.718s][debug][gc,heap        ] GC(11)   region size 32768K, 0 young (0K), 0 survivors (0K)
[2026-08-01T15:57:51.370+0900][0.718s][debug][gc,heap        ] GC(11)  Metaspace       used 6651K, committed 6912K, reserved 1114112K
[2026-08-01T15:57:51.370+0900][0.718s][debug][gc,heap        ] GC(11)   class space    used 616K, committed 704K, reserved 1048576K
[2026-08-01T15:57:51.370+0900][0.718s][info ][gc             ] GC(11) Pause Full (System.gc()) 15M->14M(128M) 19.545ms
[2026-08-01T15:57:51.370+0900][0.718s][info ][gc,cpu         ] GC(11) User=0.02s Sys=0.00s Real=0.02s
[2026-08-01T15:57:51.370+0900][0.718s][info ][safepoint      ] Safepoint "G1CollectFull", Time since last: 1549900 ns, Reaching safepoint: 18500 ns, At safepoint: 19581600 ns, Total: 19600100 ns
[2026-08-01T15:57:51.372+0900][0.720s][info ][gc,start       ] GC(12) Pause Full (System.gc())
[2026-08-01T15:57:51.372+0900][0.720s][debug][gc,heap        ] GC(12) Heap before GC invocations=12 (full 12):
[2026-08-01T15:57:51.372+0900][0.720s][debug][gc,heap        ] GC(12)  garbage-first heap   total 131072K, used 15285K [0x00000234f6000000, 0x0000026bf6000000)
[2026-08-01T15:57:51.372+0900][0.720s][debug][gc,heap        ] GC(12)   region size 32768K, 1 young (32768K), 0 survivors (0K)
[2026-08-01T15:57:51.372+0900][0.720s][debug][gc,heap        ] GC(12)  Metaspace       used 6654K, committed 6912K, reserved 1114112K
[2026-08-01T15:57:51.372+0900][0.720s][debug][gc,heap        ] GC(12)   class space    used 616K, committed 704K, reserved 1048576K
[2026-08-01T15:57:51.372+0900][0.720s][info ][gc,task        ] GC(12) Using 1 workers of 18 for full compaction
[2026-08-01T15:57:51.372+0900][0.720s][info ][gc,phases,start] GC(12) Phase 1: Mark live objects
[2026-08-01T15:57:51.383+0900][0.730s][info ][gc,phases      ] GC(12) Phase 1: Mark live objects 10.107ms
[2026-08-01T15:57:51.383+0900][0.730s][info ][gc,phases,start] GC(12) Phase 2: Prepare for compaction
[2026-08-01T15:57:51.385+0900][0.732s][info ][gc,phases      ] GC(12) Phase 2: Prepare for compaction 2.091ms
[2026-08-01T15:57:51.385+0900][0.732s][info ][gc,phases,start] GC(12) Phase 3: Adjust pointers
[2026-08-01T15:57:51.389+0900][0.736s][info ][gc,phases      ] GC(12) Phase 3: Adjust pointers 3.976ms
[2026-08-01T15:57:51.389+0900][0.736s][info ][gc,phases,start] GC(12) Phase 4: Compact heap
[2026-08-01T15:57:51.390+0900][0.738s][info ][gc,phases      ] GC(12) Phase 4: Compact heap 1.677ms
[2026-08-01T15:57:51.391+0900][0.738s][info ][gc,heap        ] GC(12) Eden regions: 1->0(1)
[2026-08-01T15:57:51.391+0900][0.739s][info ][gc,heap        ] GC(12) Survivor regions: 0->0(0)
[2026-08-01T15:57:51.391+0900][0.739s][info ][gc,heap        ] GC(12) Old regions: 1->1
[2026-08-01T15:57:51.391+0900][0.739s][info ][gc,heap        ] GC(12) Archive regions: 0->0
[2026-08-01T15:57:51.391+0900][0.739s][info ][gc,heap        ] GC(12) Humongous regions: 0->0
[2026-08-01T15:57:51.391+0900][0.739s][info ][gc,metaspace   ] GC(12) Metaspace: 6654K(6912K)->6654K(6912K) NonClass: 6038K(6208K)->6038K(6208K) Class: 616K(704K)->616K(704K)
[2026-08-01T15:57:51.391+0900][0.739s][debug][gc,heap        ] GC(12) Heap after GC invocations=13 (full 13):
[2026-08-01T15:57:51.391+0900][0.739s][debug][gc,heap        ] GC(12)  garbage-first heap   total 131072K, used 15299K [0x00000234f6000000, 0x0000026bf6000000)
[2026-08-01T15:57:51.391+0900][0.739s][debug][gc,heap        ] GC(12)   region size 32768K, 0 young (0K), 0 survivors (0K)
[2026-08-01T15:57:51.391+0900][0.739s][debug][gc,heap        ] GC(12)  Metaspace       used 6654K, committed 6912K, reserved 1114112K
[2026-08-01T15:57:51.391+0900][0.739s][debug][gc,heap        ] GC(12)   class space    used 616K, committed 704K, reserved 1048576K
[2026-08-01T15:57:51.391+0900][0.739s][info ][gc             ] GC(12) Pause Full (System.gc()) 15M->14M(128M) 18.987ms
[2026-08-01T15:57:51.391+0900][0.739s][info ][gc,cpu         ] GC(12) User=0.02s Sys=0.00s Real=0.02s
[2026-08-01T15:57:51.391+0900][0.739s][info ][safepoint      ] Safepoint "G1CollectFull", Time since last: 1874500 ns, Reaching safepoint: 23600 ns, At safepoint: 19020100 ns, Total: 19043700 ns
[2026-08-01T15:57:51.393+0900][0.741s][info ][gc,start       ] GC(13) Pause Full (System.gc())
[2026-08-01T15:57:51.393+0900][0.741s][debug][gc,heap        ] GC(13) Heap before GC invocations=13 (full 13):
[2026-08-01T15:57:51.393+0900][0.741s][debug][gc,heap        ] GC(13)  garbage-first heap   total 131072K, used 15299K [0x00000234f6000000, 0x0000026bf6000000)
[2026-08-01T15:57:51.393+0900][0.741s][debug][gc,heap        ] GC(13)   region size 32768K, 1 young (32768K), 0 survivors (0K)
[2026-08-01T15:57:51.393+0900][0.741s][debug][gc,heap        ] GC(13)  Metaspace       used 6660K, committed 6912K, reserved 1114112K
[2026-08-01T15:57:51.393+0900][0.741s][debug][gc,heap        ] GC(13)   class space    used 616K, committed 704K, reserved 1048576K
[2026-08-01T15:57:51.394+0900][0.741s][info ][gc,task        ] GC(13) Using 1 workers of 18 for full compaction
[2026-08-01T15:57:51.394+0900][0.741s][info ][gc,phases,start] GC(13) Phase 1: Mark live objects
[2026-08-01T15:57:51.403+0900][0.750s][info ][gc,phases      ] GC(13) Phase 1: Mark live objects 9.452ms
[2026-08-01T15:57:51.403+0900][0.750s][info ][gc,phases,start] GC(13) Phase 2: Prepare for compaction
[2026-08-01T15:57:51.405+0900][0.753s][info ][gc,phases      ] GC(13) Phase 2: Prepare for compaction 2.401ms
[2026-08-01T15:57:51.405+0900][0.753s][info ][gc,phases,start] GC(13) Phase 3: Adjust pointers
[2026-08-01T15:57:51.409+0900][0.757s][info ][gc,phases      ] GC(13) Phase 3: Adjust pointers 3.734ms
[2026-08-01T15:57:51.409+0900][0.757s][info ][gc,phases,start] GC(13) Phase 4: Compact heap
[2026-08-01T15:57:51.411+0900][0.758s][info ][gc,phases      ] GC(13) Phase 4: Compact heap 1.647ms
[2026-08-01T15:57:51.412+0900][0.759s][info ][gc,heap        ] GC(13) Eden regions: 1->0(1)
[2026-08-01T15:57:51.412+0900][0.759s][info ][gc,heap        ] GC(13) Survivor regions: 0->0(0)
[2026-08-01T15:57:51.412+0900][0.759s][info ][gc,heap        ] GC(13) Old regions: 1->1
[2026-08-01T15:57:51.412+0900][0.759s][info ][gc,heap        ] GC(13) Archive regions: 0->0
[2026-08-01T15:57:51.412+0900][0.759s][info ][gc,heap        ] GC(13) Humongous regions: 0->0
[2026-08-01T15:57:51.412+0900][0.759s][info ][gc,metaspace   ] GC(13) Metaspace: 6660K(6912K)->6660K(6912K) NonClass: 6044K(6208K)->6044K(6208K) Class: 616K(704K)->616K(704K)
[2026-08-01T15:57:51.412+0900][0.759s][debug][gc,heap        ] GC(13) Heap after GC invocations=14 (full 14):
[2026-08-01T15:57:51.412+0900][0.759s][debug][gc,heap        ] GC(13)  garbage-first heap   total 131072K, used 15326K [0x00000234f6000000, 0x0000026bf6000000)
[2026-08-01T15:57:51.412+0900][0.759s][debug][gc,heap        ] GC(13)   region size 32768K, 0 young (0K), 0 survivors (0K)
[2026-08-01T15:57:51.412+0900][0.759s][debug][gc,heap        ] GC(13)  Metaspace       used 6660K, committed 6912K, reserved 1114112K
[2026-08-01T15:57:51.412+0900][0.759s][debug][gc,heap        ] GC(13)   class space    used 616K, committed 704K, reserved 1048576K
[2026-08-01T15:57:51.412+0900][0.759s][info ][gc             ] GC(13) Pause Full (System.gc()) 15M->14M(128M) 18.210ms
[2026-08-01T15:57:51.412+0900][0.759s][info ][gc,cpu         ] GC(13) User=0.02s Sys=0.00s Real=0.02s
[2026-08-01T15:57:51.412+0900][0.759s][info ][safepoint      ] Safepoint "G1CollectFull", Time since last: 2058500 ns, Reaching safepoint: 18600 ns, At safepoint: 18357300 ns, Total: 18375900 ns
[2026-08-01T15:57:51.414+0900][0.761s][info ][gc,start       ] GC(14) Pause Full (System.gc())
[2026-08-01T15:57:51.414+0900][0.761s][debug][gc,heap        ] GC(14) Heap before GC invocations=14 (full 14):
[2026-08-01T15:57:51.414+0900][0.761s][debug][gc,heap        ] GC(14)  garbage-first heap   total 131072K, used 15326K [0x00000234f6000000, 0x0000026bf6000000)
[2026-08-01T15:57:51.414+0900][0.761s][debug][gc,heap        ] GC(14)   region size 32768K, 1 young (32768K), 0 survivors (0K)
[2026-08-01T15:57:51.414+0900][0.761s][debug][gc,heap        ] GC(14)  Metaspace       used 6665K, committed 6912K, reserved 1114112K
[2026-08-01T15:57:51.414+0900][0.761s][debug][gc,heap        ] GC(14)   class space    used 616K, committed 704K, reserved 1048576K
[2026-08-01T15:57:51.414+0900][0.761s][info ][gc,task        ] GC(14) Using 1 workers of 18 for full compaction
[2026-08-01T15:57:51.414+0900][0.761s][info ][gc,phases,start] GC(14) Phase 1: Mark live objects
[2026-08-01T15:57:51.423+0900][0.771s][info ][gc,phases      ] GC(14) Phase 1: Mark live objects 9.467ms
[2026-08-01T15:57:51.423+0900][0.771s][info ][gc,phases,start] GC(14) Phase 2: Prepare for compaction
[2026-08-01T15:57:51.426+0900][0.773s][info ][gc,phases      ] GC(14) Phase 2: Prepare for compaction 2.170ms
[2026-08-01T15:57:51.426+0900][0.773s][info ][gc,phases,start] GC(14) Phase 3: Adjust pointers
[2026-08-01T15:57:51.430+0900][0.777s][info ][gc,phases      ] GC(14) Phase 3: Adjust pointers 4.271ms
[2026-08-01T15:57:51.430+0900][0.777s][info ][gc,phases,start] GC(14) Phase 4: Compact heap
[2026-08-01T15:57:51.432+0900][0.779s][info ][gc,phases      ] GC(14) Phase 4: Compact heap 1.744ms
[2026-08-01T15:57:51.432+0900][0.780s][info ][gc,heap        ] GC(14) Eden regions: 1->0(1)
[2026-08-01T15:57:51.432+0900][0.780s][info ][gc,heap        ] GC(14) Survivor regions: 0->0(0)
[2026-08-01T15:57:51.432+0900][0.780s][info ][gc,heap        ] GC(14) Old regions: 1->1
[2026-08-01T15:57:51.432+0900][0.780s][info ][gc,heap        ] GC(14) Archive regions: 0->0
[2026-08-01T15:57:51.432+0900][0.780s][info ][gc,heap        ] GC(14) Humongous regions: 0->0
[2026-08-01T15:57:51.432+0900][0.780s][info ][gc,metaspace   ] GC(14) Metaspace: 6665K(6912K)->6665K(6912K) NonClass: 6049K(6208K)->6049K(6208K) Class: 616K(704K)->616K(704K)
[2026-08-01T15:57:51.432+0900][0.780s][debug][gc,heap        ] GC(14) Heap after GC invocations=15 (full 15):
[2026-08-01T15:57:51.432+0900][0.780s][debug][gc,heap        ] GC(14)  garbage-first heap   total 131072K, used 15340K [0x00000234f6000000, 0x0000026bf6000000)
[2026-08-01T15:57:51.433+0900][0.780s][debug][gc,heap        ] GC(14)   region size 32768K, 0 young (0K), 0 survivors (0K)
[2026-08-01T15:57:51.433+0900][0.780s][debug][gc,heap        ] GC(14)  Metaspace       used 6665K, committed 6912K, reserved 1114112K
[2026-08-01T15:57:51.433+0900][0.780s][debug][gc,heap        ] GC(14)   class space    used 616K, committed 704K, reserved 1048576K
[2026-08-01T15:57:51.433+0900][0.780s][info ][gc             ] GC(14) Pause Full (System.gc()) 16M->14M(128M) 18.706ms
[2026-08-01T15:57:51.433+0900][0.780s][info ][gc,cpu         ] GC(14) User=0.02s Sys=0.00s Real=0.02s
[2026-08-01T15:57:51.433+0900][0.780s][info ][safepoint      ] Safepoint "G1CollectFull", Time since last: 2032200 ns, Reaching safepoint: 32600 ns, At safepoint: 18785000 ns, Total: 18817600 ns
[2026-08-01T15:57:51.435+0900][0.782s][info ][gc,start       ] GC(15) Pause Full (System.gc())
[2026-08-01T15:57:51.435+0900][0.782s][debug][gc,heap        ] GC(15) Heap before GC invocations=15 (full 15):
[2026-08-01T15:57:51.435+0900][0.782s][debug][gc,heap        ] GC(15)  garbage-first heap   total 131072K, used 15340K [0x00000234f6000000, 0x0000026bf6000000)
[2026-08-01T15:57:51.435+0900][0.782s][debug][gc,heap        ] GC(15)   region size 32768K, 1 young (32768K), 0 survivors (0K)
[2026-08-01T15:57:51.435+0900][0.782s][debug][gc,heap        ] GC(15)  Metaspace       used 6672K, committed 6912K, reserved 1114112K
[2026-08-01T15:57:51.435+0900][0.782s][debug][gc,heap        ] GC(15)   class space    used 616K, committed 704K, reserved 1048576K
[2026-08-01T15:57:51.435+0900][0.782s][info ][gc,task        ] GC(15) Using 1 workers of 18 for full compaction
[2026-08-01T15:57:51.435+0900][0.782s][info ][gc,phases,start] GC(15) Phase 1: Mark live objects
[2026-08-01T15:57:51.444+0900][0.792s][info ][gc,phases      ] GC(15) Phase 1: Mark live objects 9.733ms
[2026-08-01T15:57:51.444+0900][0.792s][info ][gc,phases,start] GC(15) Phase 2: Prepare for compaction
[2026-08-01T15:57:51.446+0900][0.794s][info ][gc,phases      ] GC(15) Phase 2: Prepare for compaction 2.001ms
[2026-08-01T15:57:51.446+0900][0.794s][info ][gc,phases,start] GC(15) Phase 3: Adjust pointers
[2026-08-01T15:57:51.450+0900][0.798s][info ][gc,phases      ] GC(15) Phase 3: Adjust pointers 3.836ms
[2026-08-01T15:57:51.450+0900][0.798s][info ][gc,phases,start] GC(15) Phase 4: Compact heap
[2026-08-01T15:57:51.452+0900][0.799s][info ][gc,phases      ] GC(15) Phase 4: Compact heap 1.725ms
[2026-08-01T15:57:51.453+0900][0.800s][info ][gc,heap        ] GC(15) Eden regions: 1->0(1)
[2026-08-01T15:57:51.453+0900][0.800s][info ][gc,heap        ] GC(15) Survivor regions: 0->0(0)
[2026-08-01T15:57:51.453+0900][0.800s][info ][gc,heap        ] GC(15) Old regions: 1->1
[2026-08-01T15:57:51.453+0900][0.800s][info ][gc,heap        ] GC(15) Archive regions: 0->0
[2026-08-01T15:57:51.453+0900][0.800s][info ][gc,heap        ] GC(15) Humongous regions: 0->0
[2026-08-01T15:57:51.453+0900][0.800s][info ][gc,metaspace   ] GC(15) Metaspace: 6672K(6912K)->6672K(6912K) NonClass: 6056K(6208K)->6056K(6208K) Class: 616K(704K)->616K(704K)
[2026-08-01T15:57:51.453+0900][0.800s][debug][gc,heap        ] GC(15) Heap after GC invocations=16 (full 16):
[2026-08-01T15:57:51.453+0900][0.800s][debug][gc,heap        ] GC(15)  garbage-first heap   total 131072K, used 15353K [0x00000234f6000000, 0x0000026bf6000000)
[2026-08-01T15:57:51.453+0900][0.800s][debug][gc,heap        ] GC(15)   region size 32768K, 0 young (0K), 0 survivors (0K)
[2026-08-01T15:57:51.453+0900][0.800s][debug][gc,heap        ] GC(15)  Metaspace       used 6672K, committed 6912K, reserved 1114112K
[2026-08-01T15:57:51.453+0900][0.800s][debug][gc,heap        ] GC(15)   class space    used 616K, committed 704K, reserved 1048576K
[2026-08-01T15:57:51.453+0900][0.800s][info ][gc             ] GC(15) Pause Full (System.gc()) 16M->14M(128M) 18.254ms
[2026-08-01T15:57:51.453+0900][0.800s][info ][gc,cpu         ] GC(15) User=0.02s Sys=0.00s Real=0.02s
[2026-08-01T15:57:51.453+0900][0.800s][info ][safepoint      ] Safepoint "G1CollectFull", Time since last: 1834400 ns, Reaching safepoint: 44200 ns, At safepoint: 18333900 ns, Total: 18378100 ns
[2026-08-01T15:57:51.455+0900][0.802s][info ][gc,start       ] GC(16) Pause Full (System.gc())
[2026-08-01T15:57:51.455+0900][0.802s][debug][gc,heap        ] GC(16) Heap before GC invocations=16 (full 16):
[2026-08-01T15:57:51.455+0900][0.802s][debug][gc,heap        ] GC(16)  garbage-first heap   total 131072K, used 15353K [0x00000234f6000000, 0x0000026bf6000000)
[2026-08-01T15:57:51.455+0900][0.802s][debug][gc,heap        ] GC(16)   region size 32768K, 1 young (32768K), 0 survivors (0K)
[2026-08-01T15:57:51.455+0900][0.802s][debug][gc,heap        ] GC(16)  Metaspace       used 6676K, committed 6912K, reserved 1114112K
[2026-08-01T15:57:51.455+0900][0.802s][debug][gc,heap        ] GC(16)   class space    used 616K, committed 704K, reserved 1048576K
[2026-08-01T15:57:51.455+0900][0.802s][info ][gc,task        ] GC(16) Using 1 workers of 18 for full compaction
[2026-08-01T15:57:51.455+0900][0.803s][info ][gc,phases,start] GC(16) Phase 1: Mark live objects
[2026-08-01T15:57:51.465+0900][0.812s][info ][gc,phases      ] GC(16) Phase 1: Mark live objects 9.839ms
[2026-08-01T15:57:51.465+0900][0.812s][info ][gc,phases,start] GC(16) Phase 2: Prepare for compaction
[2026-08-01T15:57:51.467+0900][0.814s][info ][gc,phases      ] GC(16) Phase 2: Prepare for compaction 2.058ms
[2026-08-01T15:57:51.467+0900][0.814s][info ][gc,phases,start] GC(16) Phase 3: Adjust pointers
[2026-08-01T15:57:51.471+0900][0.818s][info ][gc,phases      ] GC(16) Phase 3: Adjust pointers 3.893ms
[2026-08-01T15:57:51.471+0900][0.818s][info ][gc,phases,start] GC(16) Phase 4: Compact heap
[2026-08-01T15:57:51.473+0900][0.820s][info ][gc,phases      ] GC(16) Phase 4: Compact heap 1.686ms
[2026-08-01T15:57:51.473+0900][0.821s][info ][gc,heap        ] GC(16) Eden regions: 1->0(1)
[2026-08-01T15:57:51.473+0900][0.821s][info ][gc,heap        ] GC(16) Survivor regions: 0->0(0)
[2026-08-01T15:57:51.474+0900][0.821s][info ][gc,heap        ] GC(16) Old regions: 1->1
[2026-08-01T15:57:51.474+0900][0.821s][info ][gc,heap        ] GC(16) Archive regions: 0->0
[2026-08-01T15:57:51.474+0900][0.821s][info ][gc,heap        ] GC(16) Humongous regions: 0->0
[2026-08-01T15:57:51.474+0900][0.821s][info ][gc,metaspace   ] GC(16) Metaspace: 6676K(6912K)->6676K(6912K) NonClass: 6060K(6208K)->6060K(6208K) Class: 616K(704K)->616K(704K)
[2026-08-01T15:57:51.474+0900][0.821s][debug][gc,heap        ] GC(16) Heap after GC invocations=17 (full 17):
[2026-08-01T15:57:51.474+0900][0.821s][debug][gc,heap        ] GC(16)  garbage-first heap   total 131072K, used 15367K [0x00000234f6000000, 0x0000026bf6000000)
[2026-08-01T15:57:51.474+0900][0.821s][debug][gc,heap        ] GC(16)   region size 32768K, 0 young (0K), 0 survivors (0K)
[2026-08-01T15:57:51.474+0900][0.821s][debug][gc,heap        ] GC(16)  Metaspace       used 6676K, committed 6912K, reserved 1114112K
[2026-08-01T15:57:51.474+0900][0.821s][debug][gc,heap        ] GC(16)   class space    used 616K, committed 704K, reserved 1048576K
[2026-08-01T15:57:51.474+0900][0.821s][info ][gc             ] GC(16) Pause Full (System.gc()) 16M->15M(128M) 18.576ms
[2026-08-01T15:57:51.474+0900][0.821s][info ][gc,cpu         ] GC(16) User=0.02s Sys=0.00s Real=0.02s
[2026-08-01T15:57:51.474+0900][0.821s][info ][safepoint      ] Safepoint "G1CollectFull", Time since last: 2153100 ns, Reaching safepoint: 32600 ns, At safepoint: 18670700 ns, Total: 18703300 ns
[2026-08-01T15:57:51.476+0900][0.823s][info ][gc,start       ] GC(17) Pause Full (System.gc())
[2026-08-01T15:57:51.476+0900][0.823s][debug][gc,heap        ] GC(17) Heap before GC invocations=17 (full 17):
[2026-08-01T15:57:51.476+0900][0.823s][debug][gc,heap        ] GC(17)  garbage-first heap   total 131072K, used 15367K [0x00000234f6000000, 0x0000026bf6000000)
[2026-08-01T15:57:51.476+0900][0.823s][debug][gc,heap        ] GC(17)   region size 32768K, 1 young (32768K), 0 survivors (0K)
[2026-08-01T15:57:51.476+0900][0.823s][debug][gc,heap        ] GC(17)  Metaspace       used 6693K, committed 6912K, reserved 1114112K
[2026-08-01T15:57:51.476+0900][0.823s][debug][gc,heap        ] GC(17)   class space    used 616K, committed 704K, reserved 1048576K
[2026-08-01T15:57:51.476+0900][0.824s][info ][gc,task        ] GC(17) Using 1 workers of 18 for full compaction
[2026-08-01T15:57:51.476+0900][0.824s][info ][gc,phases,start] GC(17) Phase 1: Mark live objects
[2026-08-01T15:57:51.487+0900][0.835s][info ][gc,phases      ] GC(17) Phase 1: Mark live objects 11.120ms
[2026-08-01T15:57:51.487+0900][0.835s][info ][gc,phases,start] GC(17) Phase 2: Prepare for compaction
[2026-08-01T15:57:51.490+0900][0.837s][info ][gc,phases      ] GC(17) Phase 2: Prepare for compaction 2.606ms
[2026-08-01T15:57:51.490+0900][0.837s][info ][gc,phases,start] GC(17) Phase 3: Adjust pointers
[2026-08-01T15:57:51.495+0900][0.842s][info ][gc,phases      ] GC(17) Phase 3: Adjust pointers 5.006ms
[2026-08-01T15:57:51.495+0900][0.842s][info ][gc,phases,start] GC(17) Phase 4: Compact heap
[2026-08-01T15:57:51.497+0900][0.844s][info ][gc,phases      ] GC(17) Phase 4: Compact heap 1.788ms
[2026-08-01T15:57:51.498+0900][0.845s][info ][gc,heap        ] GC(17) Eden regions: 1->0(1)
[2026-08-01T15:57:51.498+0900][0.845s][info ][gc,heap        ] GC(17) Survivor regions: 0->0(0)
[2026-08-01T15:57:51.498+0900][0.845s][info ][gc,heap        ] GC(17) Old regions: 1->1
[2026-08-01T15:57:51.498+0900][0.845s][info ][gc,heap        ] GC(17) Archive regions: 0->0
[2026-08-01T15:57:51.498+0900][0.845s][info ][gc,heap        ] GC(17) Humongous regions: 0->0
[2026-08-01T15:57:51.498+0900][0.845s][info ][gc,metaspace   ] GC(17) Metaspace: 6693K(6912K)->6693K(6912K) NonClass: 6077K(6208K)->6077K(6208K) Class: 616K(704K)->616K(704K)
[2026-08-01T15:57:51.498+0900][0.845s][debug][gc,heap        ] GC(17) Heap after GC invocations=18 (full 18):
[2026-08-01T15:57:51.498+0900][0.845s][debug][gc,heap        ] GC(17)  garbage-first heap   total 131072K, used 15381K [0x00000234f6000000, 0x0000026bf6000000)
[2026-08-01T15:57:51.498+0900][0.845s][debug][gc,heap        ] GC(17)   region size 32768K, 0 young (0K), 0 survivors (0K)
[2026-08-01T15:57:51.498+0900][0.845s][debug][gc,heap        ] GC(17)  Metaspace       used 6693K, committed 6912K, reserved 1114112K
[2026-08-01T15:57:51.498+0900][0.845s][debug][gc,heap        ] GC(17)   class space    used 616K, committed 704K, reserved 1048576K
[2026-08-01T15:57:51.498+0900][0.845s][info ][gc             ] GC(17) Pause Full (System.gc()) 16M->15M(128M) 21.608ms
[2026-08-01T15:57:51.498+0900][0.845s][info ][gc,cpu         ] GC(17) User=0.03s Sys=0.00s Real=0.02s
[2026-08-01T15:57:51.498+0900][0.845s][info ][safepoint      ] Safepoint "G1CollectFull", Time since last: 2401900 ns, Reaching safepoint: 21100 ns, At safepoint: 21716000 ns, Total: 21737100 ns
[2026-08-01T15:57:51.500+0900][0.847s][info ][gc,start       ] GC(18) Pause Full (System.gc())
[2026-08-01T15:57:51.500+0900][0.847s][debug][gc,heap        ] GC(18) Heap before GC invocations=18 (full 18):
[2026-08-01T15:57:51.500+0900][0.847s][debug][gc,heap        ] GC(18)  garbage-first heap   total 131072K, used 15381K [0x00000234f6000000, 0x0000026bf6000000)
[2026-08-01T15:57:51.500+0900][0.847s][debug][gc,heap        ] GC(18)   region size 32768K, 1 young (32768K), 0 survivors (0K)
[2026-08-01T15:57:51.500+0900][0.847s][debug][gc,heap        ] GC(18)  Metaspace       used 6696K, committed 6912K, reserved 1114112K
[2026-08-01T15:57:51.500+0900][0.847s][debug][gc,heap        ] GC(18)   class space    used 616K, committed 704K, reserved 1048576K
[2026-08-01T15:57:51.500+0900][0.847s][info ][gc,task        ] GC(18) Using 1 workers of 18 for full compaction
[2026-08-01T15:57:51.500+0900][0.848s][info ][gc,phases,start] GC(18) Phase 1: Mark live objects
[2026-08-01T15:57:51.510+0900][0.857s][info ][gc,phases      ] GC(18) Phase 1: Mark live objects 9.545ms
[2026-08-01T15:57:51.510+0900][0.857s][info ][gc,phases,start] GC(18) Phase 2: Prepare for compaction
[2026-08-01T15:57:51.512+0900][0.859s][info ][gc,phases      ] GC(18) Phase 2: Prepare for compaction 2.107ms
[2026-08-01T15:57:51.512+0900][0.859s][info ][gc,phases,start] GC(18) Phase 3: Adjust pointers
[2026-08-01T15:57:51.516+0900][0.863s][info ][gc,phases      ] GC(18) Phase 3: Adjust pointers 3.927ms
[2026-08-01T15:57:51.516+0900][0.863s][info ][gc,phases,start] GC(18) Phase 4: Compact heap
[2026-08-01T15:57:51.518+0900][0.865s][info ][gc,phases      ] GC(18) Phase 4: Compact heap 1.674ms
[2026-08-01T15:57:51.518+0900][0.866s][info ][gc,heap        ] GC(18) Eden regions: 1->0(1)
[2026-08-01T15:57:51.518+0900][0.866s][info ][gc,heap        ] GC(18) Survivor regions: 0->0(0)
[2026-08-01T15:57:51.518+0900][0.866s][info ][gc,heap        ] GC(18) Old regions: 1->1
[2026-08-01T15:57:51.518+0900][0.866s][info ][gc,heap        ] GC(18) Archive regions: 0->0
[2026-08-01T15:57:51.518+0900][0.866s][info ][gc,heap        ] GC(18) Humongous regions: 0->0
[2026-08-01T15:57:51.518+0900][0.866s][info ][gc,metaspace   ] GC(18) Metaspace: 6696K(6912K)->6696K(6912K) NonClass: 6080K(6208K)->6080K(6208K) Class: 616K(704K)->616K(704K)
[2026-08-01T15:57:51.518+0900][0.866s][debug][gc,heap        ] GC(18) Heap after GC invocations=19 (full 19):
[2026-08-01T15:57:51.518+0900][0.866s][debug][gc,heap        ] GC(18)  garbage-first heap   total 131072K, used 15396K [0x00000234f6000000, 0x0000026bf6000000)
[2026-08-01T15:57:51.518+0900][0.866s][debug][gc,heap        ] GC(18)   region size 32768K, 0 young (0K), 0 survivors (0K)
[2026-08-01T15:57:51.518+0900][0.866s][debug][gc,heap        ] GC(18)  Metaspace       used 6696K, committed 6912K, reserved 1114112K
[2026-08-01T15:57:51.518+0900][0.866s][debug][gc,heap        ] GC(18)   class space    used 616K, committed 704K, reserved 1048576K
[2026-08-01T15:57:51.518+0900][0.866s][info ][gc             ] GC(18) Pause Full (System.gc()) 16M->15M(128M) 18.366ms
[2026-08-01T15:57:51.518+0900][0.866s][info ][gc,cpu         ] GC(18) User=0.02s Sys=0.00s Real=0.02s
[2026-08-01T15:57:51.518+0900][0.866s][info ][safepoint      ] Safepoint "G1CollectFull", Time since last: 2228700 ns, Reaching safepoint: 26100 ns, At safepoint: 18398500 ns, Total: 18424600 ns
[2026-08-01T15:57:51.520+0900][0.868s][info ][gc,start       ] GC(19) Pause Full (System.gc())
[2026-08-01T15:57:51.520+0900][0.868s][debug][gc,heap        ] GC(19) Heap before GC invocations=19 (full 19):
[2026-08-01T15:57:51.520+0900][0.868s][debug][gc,heap        ] GC(19)  garbage-first heap   total 131072K, used 15396K [0x00000234f6000000, 0x0000026bf6000000)
[2026-08-01T15:57:51.520+0900][0.868s][debug][gc,heap        ] GC(19)   region size 32768K, 1 young (32768K), 0 survivors (0K)
[2026-08-01T15:57:51.520+0900][0.868s][debug][gc,heap        ] GC(19)  Metaspace       used 6701K, committed 6912K, reserved 1114112K
[2026-08-01T15:57:51.520+0900][0.868s][debug][gc,heap        ] GC(19)   class space    used 616K, committed 704K, reserved 1048576K
[2026-08-01T15:57:51.520+0900][0.868s][info ][gc,task        ] GC(19) Using 1 workers of 18 for full compaction
[2026-08-01T15:57:51.521+0900][0.868s][info ][gc,phases,start] GC(19) Phase 1: Mark live objects
[2026-08-01T15:57:51.531+0900][0.878s][info ][gc,phases      ] GC(19) Phase 1: Mark live objects 10.437ms
[2026-08-01T15:57:51.531+0900][0.878s][info ][gc,phases,start] GC(19) Phase 2: Prepare for compaction
[2026-08-01T15:57:51.533+0900][0.880s][info ][gc,phases      ] GC(19) Phase 2: Prepare for compaction 2.163ms
[2026-08-01T15:57:51.533+0900][0.880s][info ][gc,phases,start] GC(19) Phase 3: Adjust pointers
[2026-08-01T15:57:51.537+0900][0.884s][info ][gc,phases      ] GC(19) Phase 3: Adjust pointers 3.847ms
[2026-08-01T15:57:51.537+0900][0.884s][info ][gc,phases,start] GC(19) Phase 4: Compact heap
[2026-08-01T15:57:51.539+0900][0.886s][info ][gc,phases      ] GC(19) Phase 4: Compact heap 1.666ms
[2026-08-01T15:57:51.539+0900][0.887s][info ][gc,heap        ] GC(19) Eden regions: 1->0(1)
[2026-08-01T15:57:51.539+0900][0.887s][info ][gc,heap        ] GC(19) Survivor regions: 0->0(0)
[2026-08-01T15:57:51.539+0900][0.887s][info ][gc,heap        ] GC(19) Old regions: 1->1
[2026-08-01T15:57:51.539+0900][0.887s][info ][gc,heap        ] GC(19) Archive regions: 0->0
[2026-08-01T15:57:51.539+0900][0.887s][info ][gc,heap        ] GC(19) Humongous regions: 0->0
[2026-08-01T15:57:51.539+0900][0.887s][info ][gc,metaspace   ] GC(19) Metaspace: 6701K(6912K)->6701K(6912K) NonClass: 6084K(6208K)->6084K(6208K) Class: 616K(704K)->616K(704K)
[2026-08-01T15:57:51.539+0900][0.887s][debug][gc,heap        ] GC(19) Heap after GC invocations=20 (full 20):
[2026-08-01T15:57:51.539+0900][0.887s][debug][gc,heap        ] GC(19)  garbage-first heap   total 131072K, used 15409K [0x00000234f6000000, 0x0000026bf6000000)
[2026-08-01T15:57:51.539+0900][0.887s][debug][gc,heap        ] GC(19)   region size 32768K, 0 young (0K), 0 survivors (0K)
[2026-08-01T15:57:51.539+0900][0.887s][debug][gc,heap        ] GC(19)  Metaspace       used 6701K, committed 6912K, reserved 1114112K
[2026-08-01T15:57:51.539+0900][0.887s][debug][gc,heap        ] GC(19)   class space    used 616K, committed 704K, reserved 1048576K
[2026-08-01T15:57:51.540+0900][0.887s][info ][gc             ] GC(19) Pause Full (System.gc()) 16M->15M(128M) 19.155ms
[2026-08-01T15:57:51.540+0900][0.887s][info ][gc,cpu         ] GC(19) User=0.02s Sys=0.00s Real=0.02s
[2026-08-01T15:57:51.540+0900][0.887s][info ][safepoint      ] Safepoint "G1CollectFull", Time since last: 1864200 ns, Reaching safepoint: 17700 ns, At safepoint: 19201800 ns, Total: 19219500 ns
[2026-08-01T15:57:51.541+0900][0.889s][info ][gc,start       ] GC(20) Pause Full (System.gc())
[2026-08-01T15:57:51.541+0900][0.889s][debug][gc,heap        ] GC(20) Heap before GC invocations=20 (full 20):
[2026-08-01T15:57:51.541+0900][0.889s][debug][gc,heap        ] GC(20)  garbage-first heap   total 131072K, used 15409K [0x00000234f6000000, 0x0000026bf6000000)
[2026-08-01T15:57:51.541+0900][0.889s][debug][gc,heap        ] GC(20)   region size 32768K, 1 young (32768K), 0 survivors (0K)
[2026-08-01T15:57:51.541+0900][0.889s][debug][gc,heap        ] GC(20)  Metaspace       used 6705K, committed 6912K, reserved 1114112K
[2026-08-01T15:57:51.541+0900][0.889s][debug][gc,heap        ] GC(20)   class space    used 616K, committed 704K, reserved 1048576K
[2026-08-01T15:57:51.541+0900][0.889s][info ][gc,task        ] GC(20) Using 1 workers of 18 for full compaction
[2026-08-01T15:57:51.541+0900][0.889s][info ][gc,phases,start] GC(20) Phase 1: Mark live objects
[2026-08-01T15:57:51.552+0900][0.899s][info ][gc,phases      ] GC(20) Phase 1: Mark live objects 10.378ms
[2026-08-01T15:57:51.552+0900][0.899s][info ][gc,phases,start] GC(20) Phase 2: Prepare for compaction
[2026-08-01T15:57:51.554+0900][0.901s][info ][gc,phases      ] GC(20) Phase 2: Prepare for compaction 2.162ms
[2026-08-01T15:57:51.554+0900][0.901s][info ][gc,phases,start] GC(20) Phase 3: Adjust pointers
[2026-08-01T15:57:51.559+0900][0.906s][info ][gc,phases      ] GC(20) Phase 3: Adjust pointers 4.588ms
[2026-08-01T15:57:51.559+0900][0.906s][info ][gc,phases,start] GC(20) Phase 4: Compact heap
[2026-08-01T15:57:51.560+0900][0.908s][info ][gc,phases      ] GC(20) Phase 4: Compact heap 1.811ms
[2026-08-01T15:57:51.561+0900][0.908s][info ][gc,heap        ] GC(20) Eden regions: 1->0(1)
[2026-08-01T15:57:51.561+0900][0.909s][info ][gc,heap        ] GC(20) Survivor regions: 0->0(0)
[2026-08-01T15:57:51.561+0900][0.909s][info ][gc,heap        ] GC(20) Old regions: 1->1
[2026-08-01T15:57:51.561+0900][0.909s][info ][gc,heap        ] GC(20) Archive regions: 0->0
[2026-08-01T15:57:51.561+0900][0.909s][info ][gc,heap        ] GC(20) Humongous regions: 0->0
[2026-08-01T15:57:51.561+0900][0.909s][info ][gc,metaspace   ] GC(20) Metaspace: 6705K(6912K)->6705K(6912K) NonClass: 6089K(6208K)->6089K(6208K) Class: 616K(704K)->616K(704K)
[2026-08-01T15:57:51.561+0900][0.909s][debug][gc,heap        ] GC(20) Heap after GC invocations=21 (full 21):
[2026-08-01T15:57:51.561+0900][0.909s][debug][gc,heap        ] GC(20)  garbage-first heap   total 131072K, used 15423K [0x00000234f6000000, 0x0000026bf6000000)
[2026-08-01T15:57:51.561+0900][0.909s][debug][gc,heap        ] GC(20)   region size 32768K, 0 young (0K), 0 survivors (0K)
[2026-08-01T15:57:51.561+0900][0.909s][debug][gc,heap        ] GC(20)  Metaspace       used 6705K, committed 6912K, reserved 1114112K
[2026-08-01T15:57:51.561+0900][0.909s][debug][gc,heap        ] GC(20)   class space    used 616K, committed 704K, reserved 1048576K
[2026-08-01T15:57:51.561+0900][0.909s][info ][gc             ] GC(20) Pause Full (System.gc()) 16M->15M(128M) 20.047ms
[2026-08-01T15:57:51.561+0900][0.909s][info ][gc,cpu         ] GC(20) User=0.03s Sys=0.00s Real=0.02s
[2026-08-01T15:57:51.561+0900][0.909s][info ][safepoint      ] Safepoint "G1CollectFull", Time since last: 1673900 ns, Reaching safepoint: 20600 ns, At safepoint: 20096700 ns, Total: 20117300 ns
[2026-08-01T15:57:51.563+0900][0.911s][info ][gc,start       ] GC(21) Pause Full (System.gc())
[2026-08-01T15:57:51.563+0900][0.911s][debug][gc,heap        ] GC(21) Heap before GC invocations=21 (full 21):
[2026-08-01T15:57:51.564+0900][0.911s][debug][gc,heap        ] GC(21)  garbage-first heap   total 131072K, used 15423K [0x00000234f6000000, 0x0000026bf6000000)
[2026-08-01T15:57:51.564+0900][0.911s][debug][gc,heap        ] GC(21)   region size 32768K, 1 young (32768K), 0 survivors (0K)
[2026-08-01T15:57:51.564+0900][0.911s][debug][gc,heap        ] GC(21)  Metaspace       used 6711K, committed 6912K, reserved 1114112K
[2026-08-01T15:57:51.564+0900][0.911s][debug][gc,heap        ] GC(21)   class space    used 616K, committed 704K, reserved 1048576K
[2026-08-01T15:57:51.564+0900][0.911s][info ][gc,task        ] GC(21) Using 1 workers of 18 for full compaction
[2026-08-01T15:57:51.564+0900][0.911s][info ][gc,phases,start] GC(21) Phase 1: Mark live objects
[2026-08-01T15:57:51.574+0900][0.921s][info ][gc,phases      ] GC(21) Phase 1: Mark live objects 9.886ms
[2026-08-01T15:57:51.574+0900][0.921s][info ][gc,phases,start] GC(21) Phase 2: Prepare for compaction
[2026-08-01T15:57:51.576+0900][0.923s][info ][gc,phases      ] GC(21) Phase 2: Prepare for compaction 2.041ms
[2026-08-01T15:57:51.576+0900][0.923s][info ][gc,phases,start] GC(21) Phase 3: Adjust pointers
[2026-08-01T15:57:51.580+0900][0.927s][info ][gc,phases      ] GC(21) Phase 3: Adjust pointers 4.081ms
[2026-08-01T15:57:51.580+0900][0.927s][info ][gc,phases,start] GC(21) Phase 4: Compact heap
[2026-08-01T15:57:51.581+0900][0.929s][info ][gc,phases      ] GC(21) Phase 4: Compact heap 1.652ms
[2026-08-01T15:57:51.582+0900][0.929s][info ][gc,heap        ] GC(21) Eden regions: 1->0(1)
[2026-08-01T15:57:51.582+0900][0.929s][info ][gc,heap        ] GC(21) Survivor regions: 0->0(0)
[2026-08-01T15:57:51.582+0900][0.929s][info ][gc,heap        ] GC(21) Old regions: 1->1
[2026-08-01T15:57:51.582+0900][0.929s][info ][gc,heap        ] GC(21) Archive regions: 0->0
[2026-08-01T15:57:51.582+0900][0.929s][info ][gc,heap        ] GC(21) Humongous regions: 0->0
[2026-08-01T15:57:51.582+0900][0.929s][info ][gc,metaspace   ] GC(21) Metaspace: 6711K(6912K)->6711K(6912K) NonClass: 6094K(6208K)->6094K(6208K) Class: 616K(704K)->616K(704K)
[2026-08-01T15:57:51.582+0900][0.929s][debug][gc,heap        ] GC(21) Heap after GC invocations=22 (full 22):
[2026-08-01T15:57:51.582+0900][0.929s][debug][gc,heap        ] GC(21)  garbage-first heap   total 131072K, used 15436K [0x00000234f6000000, 0x0000026bf6000000)
[2026-08-01T15:57:51.582+0900][0.929s][debug][gc,heap        ] GC(21)   region size 32768K, 0 young (0K), 0 survivors (0K)
[2026-08-01T15:57:51.582+0900][0.929s][debug][gc,heap        ] GC(21)  Metaspace       used 6711K, committed 6912K, reserved 1114112K
[2026-08-01T15:57:51.582+0900][0.929s][debug][gc,heap        ] GC(21)   class space    used 616K, committed 704K, reserved 1048576K
[2026-08-01T15:57:51.582+0900][0.929s][info ][gc             ] GC(21) Pause Full (System.gc()) 16M->15M(128M) 18.708ms
[2026-08-01T15:57:51.582+0900][0.929s][info ][gc,cpu         ] GC(21) User=0.02s Sys=0.00s Real=0.02s
[2026-08-01T15:57:51.582+0900][0.930s][info ][safepoint      ] Safepoint "G1CollectFull", Time since last: 2059300 ns, Reaching safepoint: 22800 ns, At safepoint: 18788000 ns, Total: 18810800 ns
[2026-08-01T15:57:51.584+0900][0.932s][info ][gc,start       ] GC(22) Pause Full (System.gc())
[2026-08-01T15:57:51.584+0900][0.932s][debug][gc,heap        ] GC(22) Heap before GC invocations=22 (full 22):
[2026-08-01T15:57:51.584+0900][0.932s][debug][gc,heap        ] GC(22)  garbage-first heap   total 131072K, used 15436K [0x00000234f6000000, 0x0000026bf6000000)
[2026-08-01T15:57:51.584+0900][0.932s][debug][gc,heap        ] GC(22)   region size 32768K, 1 young (32768K), 0 survivors (0K)
[2026-08-01T15:57:51.584+0900][0.932s][debug][gc,heap        ] GC(22)  Metaspace       used 6718K, committed 6912K, reserved 1114112K
[2026-08-01T15:57:51.584+0900][0.932s][debug][gc,heap        ] GC(22)   class space    used 616K, committed 704K, reserved 1048576K
[2026-08-01T15:57:51.584+0900][0.932s][info ][gc,task        ] GC(22) Using 1 workers of 18 for full compaction
[2026-08-01T15:57:51.584+0900][0.932s][info ][gc,phases,start] GC(22) Phase 1: Mark live objects
[2026-08-01T15:57:51.594+0900][0.942s][info ][gc,phases      ] GC(22) Phase 1: Mark live objects 9.966ms
[2026-08-01T15:57:51.594+0900][0.942s][info ][gc,phases,start] GC(22) Phase 2: Prepare for compaction
[2026-08-01T15:57:51.596+0900][0.944s][info ][gc,phases      ] GC(22) Phase 2: Prepare for compaction 2.107ms
[2026-08-01T15:57:51.597+0900][0.944s][info ][gc,phases,start] GC(22) Phase 3: Adjust pointers
[2026-08-01T15:57:51.600+0900][0.948s][info ][gc,phases      ] GC(22) Phase 3: Adjust pointers 3.956ms
[2026-08-01T15:57:51.600+0900][0.948s][info ][gc,phases,start] GC(22) Phase 4: Compact heap
[2026-08-01T15:57:51.602+0900][0.950s][info ][gc,phases      ] GC(22) Phase 4: Compact heap 1.708ms
[2026-08-01T15:57:51.603+0900][0.950s][info ][gc,heap        ] GC(22) Eden regions: 1->0(1)
[2026-08-01T15:57:51.603+0900][0.950s][info ][gc,heap        ] GC(22) Survivor regions: 0->0(0)
[2026-08-01T15:57:51.603+0900][0.950s][info ][gc,heap        ] GC(22) Old regions: 1->1
[2026-08-01T15:57:51.603+0900][0.950s][info ][gc,heap        ] GC(22) Archive regions: 0->0
[2026-08-01T15:57:51.603+0900][0.950s][info ][gc,heap        ] GC(22) Humongous regions: 0->0
[2026-08-01T15:57:51.603+0900][0.950s][info ][gc,metaspace   ] GC(22) Metaspace: 6718K(6912K)->6718K(6912K) NonClass: 6101K(6208K)->6101K(6208K) Class: 616K(704K)->616K(704K)
[2026-08-01T15:57:51.603+0900][0.950s][debug][gc,heap        ] GC(22) Heap after GC invocations=23 (full 23):
[2026-08-01T15:57:51.603+0900][0.950s][debug][gc,heap        ] GC(22)  garbage-first heap   total 131072K, used 15450K [0x00000234f6000000, 0x0000026bf6000000)
[2026-08-01T15:57:51.603+0900][0.950s][debug][gc,heap        ] GC(22)   region size 32768K, 0 young (0K), 0 survivors (0K)
[2026-08-01T15:57:51.603+0900][0.950s][debug][gc,heap        ] GC(22)  Metaspace       used 6718K, committed 6912K, reserved 1114112K
[2026-08-01T15:57:51.603+0900][0.950s][debug][gc,heap        ] GC(22)   class space    used 616K, committed 704K, reserved 1048576K
[2026-08-01T15:57:51.603+0900][0.950s][info ][gc             ] GC(22) Pause Full (System.gc()) 16M->15M(128M) 18.854ms
[2026-08-01T15:57:51.603+0900][0.950s][info ][gc,cpu         ] GC(22) User=0.02s Sys=0.00s Real=0.02s
[2026-08-01T15:57:51.603+0900][0.950s][info ][safepoint      ] Safepoint "G1CollectFull", Time since last: 1959400 ns, Reaching safepoint: 26400 ns, At safepoint: 18934400 ns, Total: 18960800 ns
[2026-08-01T15:57:51.605+0900][0.952s][info ][gc,start       ] GC(23) Pause Full (System.gc())
[2026-08-01T15:57:51.605+0900][0.952s][debug][gc,heap        ] GC(23) Heap before GC invocations=23 (full 23):
[2026-08-01T15:57:51.605+0900][0.952s][debug][gc,heap        ] GC(23)  garbage-first heap   total 131072K, used 15450K [0x00000234f6000000, 0x0000026bf6000000)
[2026-08-01T15:57:51.605+0900][0.952s][debug][gc,heap        ] GC(23)   region size 32768K, 1 young (32768K), 0 survivors (0K)
[2026-08-01T15:57:51.605+0900][0.952s][debug][gc,heap        ] GC(23)  Metaspace       used 6725K, committed 6912K, reserved 1114112K
[2026-08-01T15:57:51.605+0900][0.952s][debug][gc,heap        ] GC(23)   class space    used 616K, committed 704K, reserved 1048576K
[2026-08-01T15:57:51.605+0900][0.952s][info ][gc,task        ] GC(23) Using 1 workers of 18 for full compaction
[2026-08-01T15:57:51.605+0900][0.952s][info ][gc,phases,start] GC(23) Phase 1: Mark live objects
[2026-08-01T15:57:51.615+0900][0.963s][info ][gc,phases      ] GC(23) Phase 1: Mark live objects 10.198ms
[2026-08-01T15:57:51.615+0900][0.963s][info ][gc,phases,start] GC(23) Phase 2: Prepare for compaction
[2026-08-01T15:57:51.618+0900][0.965s][info ][gc,phases      ] GC(23) Phase 2: Prepare for compaction 2.199ms
[2026-08-01T15:57:51.618+0900][0.965s][info ][gc,phases,start] GC(23) Phase 3: Adjust pointers
[2026-08-01T15:57:51.622+0900][0.970s][info ][gc,phases      ] GC(23) Phase 3: Adjust pointers 4.579ms
[2026-08-01T15:57:51.622+0900][0.970s][info ][gc,phases,start] GC(23) Phase 4: Compact heap
[2026-08-01T15:57:51.624+0900][0.972s][info ][gc,phases      ] GC(23) Phase 4: Compact heap 2.124ms
[2026-08-01T15:57:51.625+0900][0.973s][info ][gc,heap        ] GC(23) Eden regions: 1->0(1)
[2026-08-01T15:57:51.625+0900][0.973s][info ][gc,heap        ] GC(23) Survivor regions: 0->0(0)
[2026-08-01T15:57:51.625+0900][0.973s][info ][gc,heap        ] GC(23) Old regions: 1->1
[2026-08-01T15:57:51.625+0900][0.973s][info ][gc,heap        ] GC(23) Archive regions: 0->0
[2026-08-01T15:57:51.625+0900][0.973s][info ][gc,heap        ] GC(23) Humongous regions: 0->0
[2026-08-01T15:57:51.625+0900][0.973s][info ][gc,metaspace   ] GC(23) Metaspace: 6725K(6912K)->6725K(6912K) NonClass: 6109K(6208K)->6109K(6208K) Class: 616K(704K)->616K(704K)
[2026-08-01T15:57:51.625+0900][0.973s][debug][gc,heap        ] GC(23) Heap after GC invocations=24 (full 24):
[2026-08-01T15:57:51.625+0900][0.973s][debug][gc,heap        ] GC(23)  garbage-first heap   total 131072K, used 15463K [0x00000234f6000000, 0x0000026bf6000000)
[2026-08-01T15:57:51.625+0900][0.973s][debug][gc,heap        ] GC(23)   region size 32768K, 0 young (0K), 0 survivors (0K)
[2026-08-01T15:57:51.625+0900][0.973s][debug][gc,heap        ] GC(23)  Metaspace       used 6725K, committed 6912K, reserved 1114112K
[2026-08-01T15:57:51.625+0900][0.973s][debug][gc,heap        ] GC(23)   class space    used 616K, committed 704K, reserved 1048576K
[2026-08-01T15:57:51.625+0900][0.973s][info ][gc             ] GC(23) Pause Full (System.gc()) 16M->15M(128M) 20.290ms
[2026-08-01T15:57:51.625+0900][0.973s][info ][gc,cpu         ] GC(23) User=0.03s Sys=0.00s Real=0.02s
[2026-08-01T15:57:51.625+0900][0.973s][info ][safepoint      ] Safepoint "G1CollectFull", Time since last: 1867300 ns, Reaching safepoint: 21100 ns, At safepoint: 20385100 ns, Total: 20406200 ns
[2026-08-01T15:57:51.627+0900][0.974s][info ][gc,start       ] GC(24) Pause Full (System.gc())
[2026-08-01T15:57:51.627+0900][0.974s][debug][gc,heap        ] GC(24) Heap before GC invocations=24 (full 24):
[2026-08-01T15:57:51.627+0900][0.975s][debug][gc,heap        ] GC(24)  garbage-first heap   total 131072K, used 15463K [0x00000234f6000000, 0x0000026bf6000000)
[2026-08-01T15:57:51.627+0900][0.975s][debug][gc,heap        ] GC(24)   region size 32768K, 1 young (32768K), 0 survivors (0K)
[2026-08-01T15:57:51.627+0900][0.975s][debug][gc,heap        ] GC(24)  Metaspace       used 6725K, committed 6912K, reserved 1114112K
[2026-08-01T15:57:51.627+0900][0.975s][debug][gc,heap        ] GC(24)   class space    used 616K, committed 704K, reserved 1048576K
[2026-08-01T15:57:51.627+0900][0.975s][info ][gc,task        ] GC(24) Using 1 workers of 18 for full compaction
[2026-08-01T15:57:51.627+0900][0.975s][info ][gc,phases,start] GC(24) Phase 1: Mark live objects
[2026-08-01T15:57:51.637+0900][0.984s][info ][gc,phases      ] GC(24) Phase 1: Mark live objects 9.719ms
[2026-08-01T15:57:51.637+0900][0.984s][info ][gc,phases,start] GC(24) Phase 2: Prepare for compaction
[2026-08-01T15:57:51.639+0900][0.986s][info ][gc,phases      ] GC(24) Phase 2: Prepare for compaction 2.050ms
[2026-08-01T15:57:51.639+0900][0.986s][info ][gc,phases,start] GC(24) Phase 3: Adjust pointers
[2026-08-01T15:57:51.643+0900][0.990s][info ][gc,phases      ] GC(24) Phase 3: Adjust pointers 3.931ms
[2026-08-01T15:57:51.643+0900][0.990s][info ][gc,phases,start] GC(24) Phase 4: Compact heap
[2026-08-01T15:57:51.645+0900][0.992s][info ][gc,phases      ] GC(24) Phase 4: Compact heap 1.720ms
[2026-08-01T15:57:51.646+0900][0.993s][info ][gc,heap        ] GC(24) Eden regions: 1->0(1)
[2026-08-01T15:57:51.646+0900][0.993s][info ][gc,heap        ] GC(24) Survivor regions: 0->0(0)
[2026-08-01T15:57:51.646+0900][0.993s][info ][gc,heap        ] GC(24) Old regions: 1->1
[2026-08-01T15:57:51.646+0900][0.993s][info ][gc,heap        ] GC(24) Archive regions: 0->0
[2026-08-01T15:57:51.646+0900][0.993s][info ][gc,heap        ] GC(24) Humongous regions: 0->0
[2026-08-01T15:57:51.646+0900][0.993s][info ][gc,metaspace   ] GC(24) Metaspace: 6725K(6912K)->6725K(6912K) NonClass: 6109K(6208K)->6109K(6208K) Class: 616K(704K)->616K(704K)
[2026-08-01T15:57:51.646+0900][0.993s][debug][gc,heap        ] GC(24) Heap after GC invocations=25 (full 25):
[2026-08-01T15:57:51.646+0900][0.993s][debug][gc,heap        ] GC(24)  garbage-first heap   total 131072K, used 15477K [0x00000234f6000000, 0x0000026bf6000000)
[2026-08-01T15:57:51.646+0900][0.993s][debug][gc,heap        ] GC(24)   region size 32768K, 0 young (0K), 0 survivors (0K)
[2026-08-01T15:57:51.646+0900][0.993s][debug][gc,heap        ] GC(24)  Metaspace       used 6725K, committed 6912K, reserved 1114112K
[2026-08-01T15:57:51.646+0900][0.993s][debug][gc,heap        ] GC(24)   class space    used 616K, committed 704K, reserved 1048576K
[2026-08-01T15:57:51.646+0900][0.993s][info ][gc             ] GC(24) Pause Full (System.gc()) 16M->15M(128M) 18.584ms
[2026-08-01T15:57:51.646+0900][0.993s][info ][gc,cpu         ] GC(24) User=0.02s Sys=0.00s Real=0.02s
[2026-08-01T15:57:51.646+0900][0.993s][info ][safepoint      ] Safepoint "G1CollectFull", Time since last: 1650300 ns, Reaching safepoint: 77200 ns, At safepoint: 18628100 ns, Total: 18705300 ns
[2026-08-01T15:57:51.647+0900][0.995s][info ][gc,start       ] GC(25) Pause Full (System.gc())
[2026-08-01T15:57:51.647+0900][0.995s][debug][gc,heap        ] GC(25) Heap before GC invocations=25 (full 25):
[2026-08-01T15:57:51.648+0900][0.995s][debug][gc,heap        ] GC(25)  garbage-first heap   total 131072K, used 15477K [0x00000234f6000000, 0x0000026bf6000000)
[2026-08-01T15:57:51.648+0900][0.995s][debug][gc,heap        ] GC(25)   region size 32768K, 1 young (32768K), 0 survivors (0K)
[2026-08-01T15:57:51.648+0900][0.995s][debug][gc,heap        ] GC(25)  Metaspace       used 6727K, committed 6912K, reserved 1114112K
[2026-08-01T15:57:51.648+0900][0.995s][debug][gc,heap        ] GC(25)   class space    used 616K, committed 704K, reserved 1048576K
[2026-08-01T15:57:51.648+0900][0.995s][info ][gc,task        ] GC(25) Using 1 workers of 18 for full compaction
[2026-08-01T15:57:51.648+0900][0.995s][info ][gc,phases,start] GC(25) Phase 1: Mark live objects
[2026-08-01T15:57:51.657+0900][1.005s][info ][gc,phases      ] GC(25) Phase 1: Mark live objects 9.637ms
[2026-08-01T15:57:51.657+0900][1.005s][info ][gc,phases,start] GC(25) Phase 2: Prepare for compaction
[2026-08-01T15:57:51.660+0900][1.007s][info ][gc,phases      ] GC(25) Phase 2: Prepare for compaction 2.460ms
[2026-08-01T15:57:51.660+0900][1.007s][info ][gc,phases,start] GC(25) Phase 3: Adjust pointers
[2026-08-01T15:57:51.664+0900][1.011s][info ][gc,phases      ] GC(25) Phase 3: Adjust pointers 3.973ms
[2026-08-01T15:57:51.664+0900][1.011s][info ][gc,phases,start] GC(25) Phase 4: Compact heap
[2026-08-01T15:57:51.665+0900][1.013s][info ][gc,phases      ] GC(25) Phase 4: Compact heap 1.658ms
[2026-08-01T15:57:51.666+0900][1.014s][info ][gc,heap        ] GC(25) Eden regions: 1->0(1)
[2026-08-01T15:57:51.666+0900][1.014s][info ][gc,heap        ] GC(25) Survivor regions: 0->0(0)
[2026-08-01T15:57:51.666+0900][1.014s][info ][gc,heap        ] GC(25) Old regions: 1->1
[2026-08-01T15:57:51.666+0900][1.014s][info ][gc,heap        ] GC(25) Archive regions: 0->0
[2026-08-01T15:57:51.666+0900][1.014s][info ][gc,heap        ] GC(25) Humongous regions: 0->0
[2026-08-01T15:57:51.666+0900][1.014s][info ][gc,metaspace   ] GC(25) Metaspace: 6727K(6912K)->6727K(6912K) NonClass: 6110K(6208K)->6110K(6208K) Class: 616K(704K)->616K(704K)
[2026-08-01T15:57:51.666+0900][1.014s][debug][gc,heap        ] GC(25) Heap after GC invocations=26 (full 26):
[2026-08-01T15:57:51.666+0900][1.014s][debug][gc,heap        ] GC(25)  garbage-first heap   total 131072K, used 15491K [0x00000234f6000000, 0x0000026bf6000000)
[2026-08-01T15:57:51.666+0900][1.014s][debug][gc,heap        ] GC(25)   region size 32768K, 0 young (0K), 0 survivors (0K)
[2026-08-01T15:57:51.666+0900][1.014s][debug][gc,heap        ] GC(25)  Metaspace       used 6727K, committed 6912K, reserved 1114112K
[2026-08-01T15:57:51.666+0900][1.014s][debug][gc,heap        ] GC(25)   class space    used 616K, committed 704K, reserved 1048576K
[2026-08-01T15:57:51.666+0900][1.014s][info ][gc             ] GC(25) Pause Full (System.gc()) 16M->15M(128M) 18.874ms
[2026-08-01T15:57:51.666+0900][1.014s][info ][gc,cpu         ] GC(25) User=0.02s Sys=0.00s Real=0.02s
[2026-08-01T15:57:51.666+0900][1.014s][info ][safepoint      ] Safepoint "G1CollectFull", Time since last: 1638400 ns, Reaching safepoint: 35800 ns, At safepoint: 18917000 ns, Total: 18952800 ns
[2026-08-01T15:57:51.668+0900][1.015s][info ][gc,start       ] GC(26) Pause Full (System.gc())
[2026-08-01T15:57:51.668+0900][1.015s][debug][gc,heap        ] GC(26) Heap before GC invocations=26 (full 26):
[2026-08-01T15:57:51.668+0900][1.015s][debug][gc,heap        ] GC(26)  garbage-first heap   total 131072K, used 15491K [0x00000234f6000000, 0x0000026bf6000000)
[2026-08-01T15:57:51.668+0900][1.015s][debug][gc,heap        ] GC(26)   region size 32768K, 1 young (32768K), 0 survivors (0K)
[2026-08-01T15:57:51.668+0900][1.015s][debug][gc,heap        ] GC(26)  Metaspace       used 6735K, committed 6912K, reserved 1114112K
[2026-08-01T15:57:51.668+0900][1.015s][debug][gc,heap        ] GC(26)   class space    used 616K, committed 704K, reserved 1048576K
[2026-08-01T15:57:51.668+0900][1.015s][info ][gc,task        ] GC(26) Using 1 workers of 18 for full compaction
[2026-08-01T15:57:51.668+0900][1.015s][info ][gc,phases,start] GC(26) Phase 1: Mark live objects
[2026-08-01T15:57:51.678+0900][1.026s][info ][gc,phases      ] GC(26) Phase 1: Mark live objects 10.312ms
[2026-08-01T15:57:51.679+0900][1.026s][info ][gc,phases,start] GC(26) Phase 2: Prepare for compaction
[2026-08-01T15:57:51.681+0900][1.028s][info ][gc,phases      ] GC(26) Phase 2: Prepare for compaction 2.209ms
[2026-08-01T15:57:51.681+0900][1.028s][info ][gc,phases,start] GC(26) Phase 3: Adjust pointers
[2026-08-01T15:57:51.685+0900][1.033s][info ][gc,phases      ] GC(26) Phase 3: Adjust pointers 4.503ms
[2026-08-01T15:57:51.685+0900][1.033s][info ][gc,phases,start] GC(26) Phase 4: Compact heap
[2026-08-01T15:57:51.687+0900][1.034s][info ][gc,phases      ] GC(26) Phase 4: Compact heap 1.752ms
[2026-08-01T15:57:51.688+0900][1.035s][info ][gc,heap        ] GC(26) Eden regions: 1->0(1)
[2026-08-01T15:57:51.688+0900][1.035s][info ][gc,heap        ] GC(26) Survivor regions: 0->0(0)
[2026-08-01T15:57:51.688+0900][1.035s][info ][gc,heap        ] GC(26) Old regions: 1->1
[2026-08-01T15:57:51.688+0900][1.035s][info ][gc,heap        ] GC(26) Archive regions: 0->0
[2026-08-01T15:57:51.688+0900][1.035s][info ][gc,heap        ] GC(26) Humongous regions: 0->0
[2026-08-01T15:57:51.688+0900][1.035s][info ][gc,metaspace   ] GC(26) Metaspace: 6735K(6912K)->6735K(6912K) NonClass: 6119K(6208K)->6119K(6208K) Class: 616K(704K)->616K(704K)
[2026-08-01T15:57:51.688+0900][1.035s][debug][gc,heap        ] GC(26) Heap after GC invocations=27 (full 27):
[2026-08-01T15:57:51.688+0900][1.035s][debug][gc,heap        ] GC(26)  garbage-first heap   total 131072K, used 15504K [0x00000234f6000000, 0x0000026bf6000000)
[2026-08-01T15:57:51.688+0900][1.035s][debug][gc,heap        ] GC(26)   region size 32768K, 0 young (0K), 0 survivors (0K)
[2026-08-01T15:57:51.688+0900][1.035s][debug][gc,heap        ] GC(26)  Metaspace       used 6735K, committed 6912K, reserved 1114112K
[2026-08-01T15:57:51.688+0900][1.035s][debug][gc,heap        ] GC(26)   class space    used 616K, committed 704K, reserved 1048576K
[2026-08-01T15:57:51.688+0900][1.035s][info ][gc             ] GC(26) Pause Full (System.gc()) 16M->15M(128M) 19.970ms
[2026-08-01T15:57:51.688+0900][1.035s][info ][gc,cpu         ] GC(26) User=0.03s Sys=0.00s Real=0.02s
[2026-08-01T15:57:51.688+0900][1.035s][info ][safepoint      ] Safepoint "G1CollectFull", Time since last: 1617000 ns, Reaching safepoint: 23400 ns, At safepoint: 20016100 ns, Total: 20039500 ns
[2026-08-01T15:57:51.690+0900][1.037s][info ][gc,start       ] GC(27) Pause Full (System.gc())
[2026-08-01T15:57:51.690+0900][1.037s][debug][gc,heap        ] GC(27) Heap before GC invocations=27 (full 27):
[2026-08-01T15:57:51.690+0900][1.037s][debug][gc,heap        ] GC(27)  garbage-first heap   total 131072K, used 15504K [0x00000234f6000000, 0x0000026bf6000000)
[2026-08-01T15:57:51.690+0900][1.037s][debug][gc,heap        ] GC(27)   region size 32768K, 1 young (32768K), 0 survivors (0K)
[2026-08-01T15:57:51.690+0900][1.037s][debug][gc,heap        ] GC(27)  Metaspace       used 6736K, committed 6912K, reserved 1114112K
[2026-08-01T15:57:51.690+0900][1.037s][debug][gc,heap        ] GC(27)   class space    used 616K, committed 704K, reserved 1048576K
[2026-08-01T15:57:51.690+0900][1.037s][info ][gc,task        ] GC(27) Using 1 workers of 18 for full compaction
[2026-08-01T15:57:51.690+0900][1.037s][info ][gc,phases,start] GC(27) Phase 1: Mark live objects
[2026-08-01T15:57:51.700+0900][1.047s][info ][gc,phases      ] GC(27) Phase 1: Mark live objects 9.790ms
[2026-08-01T15:57:51.700+0900][1.047s][info ][gc,phases,start] GC(27) Phase 2: Prepare for compaction
[2026-08-01T15:57:51.702+0900][1.049s][info ][gc,phases      ] GC(27) Phase 2: Prepare for compaction 2.045ms
[2026-08-01T15:57:51.702+0900][1.049s][info ][gc,phases,start] GC(27) Phase 3: Adjust pointers
[2026-08-01T15:57:51.706+0900][1.053s][info ][gc,phases      ] GC(27) Phase 3: Adjust pointers 3.961ms
[2026-08-01T15:57:51.706+0900][1.053s][info ][gc,phases,start] GC(27) Phase 4: Compact heap
[2026-08-01T15:57:51.708+0900][1.055s][info ][gc,phases      ] GC(27) Phase 4: Compact heap 1.747ms
[2026-08-01T15:57:51.708+0900][1.056s][info ][gc,heap        ] GC(27) Eden regions: 1->0(1)
[2026-08-01T15:57:51.708+0900][1.056s][info ][gc,heap        ] GC(27) Survivor regions: 0->0(0)
[2026-08-01T15:57:51.708+0900][1.056s][info ][gc,heap        ] GC(27) Old regions: 1->1
[2026-08-01T15:57:51.708+0900][1.056s][info ][gc,heap        ] GC(27) Archive regions: 0->0
[2026-08-01T15:57:51.708+0900][1.056s][info ][gc,heap        ] GC(27) Humongous regions: 0->0
[2026-08-01T15:57:51.708+0900][1.056s][info ][gc,metaspace   ] GC(27) Metaspace: 6736K(6912K)->6736K(6912K) NonClass: 6119K(6208K)->6119K(6208K) Class: 616K(704K)->616K(704K)
[2026-08-01T15:57:51.708+0900][1.056s][debug][gc,heap        ] GC(27) Heap after GC invocations=28 (full 28):
[2026-08-01T15:57:51.708+0900][1.056s][debug][gc,heap        ] GC(27)  garbage-first heap   total 131072K, used 15522K [0x00000234f6000000, 0x0000026bf6000000)
[2026-08-01T15:57:51.708+0900][1.056s][debug][gc,heap        ] GC(27)   region size 32768K, 0 young (0K), 0 survivors (0K)
[2026-08-01T15:57:51.708+0900][1.056s][debug][gc,heap        ] GC(27)  Metaspace       used 6736K, committed 6912K, reserved 1114112K
[2026-08-01T15:57:51.708+0900][1.056s][debug][gc,heap        ] GC(27)   class space    used 616K, committed 704K, reserved 1048576K
[2026-08-01T15:57:51.708+0900][1.056s][info ][gc             ] GC(27) Pause Full (System.gc()) 16M->15M(128M) 18.602ms
[2026-08-01T15:57:51.709+0900][1.056s][info ][gc,cpu         ] GC(27) User=0.02s Sys=0.00s Real=0.02s
[2026-08-01T15:57:51.709+0900][1.056s][info ][safepoint      ] Safepoint "G1CollectFull", Time since last: 1814700 ns, Reaching safepoint: 36600 ns, At safepoint: 18653300 ns, Total: 18689900 ns
[2026-08-01T15:57:51.723+0900][1.070s][info ][gc,start       ] GC(28) Pause Full (System.gc())
[2026-08-01T15:57:51.723+0900][1.070s][debug][gc,heap        ] GC(28) Heap before GC invocations=28 (full 28):
[2026-08-01T15:57:51.723+0900][1.070s][debug][gc,heap        ] GC(28)  garbage-first heap   total 131072K, used 15522K [0x00000234f6000000, 0x0000026bf6000000)
[2026-08-01T15:57:51.723+0900][1.070s][debug][gc,heap        ] GC(28)   region size 32768K, 1 young (32768K), 0 survivors (0K)
[2026-08-01T15:57:51.723+0900][1.070s][debug][gc,heap        ] GC(28)  Metaspace       used 6765K, committed 6976K, reserved 1114112K
[2026-08-01T15:57:51.723+0900][1.070s][debug][gc,heap        ] GC(28)   class space    used 618K, committed 704K, reserved 1048576K
[2026-08-01T15:57:51.723+0900][1.070s][info ][gc,task        ] GC(28) Using 1 workers of 18 for full compaction
[2026-08-01T15:57:51.723+0900][1.070s][info ][gc,phases,start] GC(28) Phase 1: Mark live objects
[2026-08-01T15:57:51.736+0900][1.083s][info ][gc,phases      ] GC(28) Phase 1: Mark live objects 13.211ms
[2026-08-01T15:57:51.736+0900][1.083s][info ][gc,phases,start] GC(28) Phase 2: Prepare for compaction
[2026-08-01T15:57:51.739+0900][1.086s][info ][gc,phases      ] GC(28) Phase 2: Prepare for compaction 2.661ms
[2026-08-01T15:57:51.739+0900][1.086s][info ][gc,phases,start] GC(28) Phase 3: Adjust pointers
[2026-08-01T15:57:51.744+0900][1.092s][info ][gc,phases      ] GC(28) Phase 3: Adjust pointers 5.606ms
[2026-08-01T15:57:51.744+0900][1.092s][info ][gc,phases,start] GC(28) Phase 4: Compact heap
[2026-08-01T15:57:51.747+0900][1.094s][info ][gc,phases      ] GC(28) Phase 4: Compact heap 2.803ms
[2026-08-01T15:57:51.748+0900][1.095s][info ][gc,heap        ] GC(28) Eden regions: 1->0(1)
[2026-08-01T15:57:51.748+0900][1.095s][info ][gc,heap        ] GC(28) Survivor regions: 0->0(0)
[2026-08-01T15:57:51.748+0900][1.095s][info ][gc,heap        ] GC(28) Old regions: 1->1
[2026-08-01T15:57:51.748+0900][1.095s][info ][gc,heap        ] GC(28) Archive regions: 0->0
[2026-08-01T15:57:51.748+0900][1.095s][info ][gc,heap        ] GC(28) Humongous regions: 0->0
[2026-08-01T15:57:51.748+0900][1.096s][info ][gc,metaspace   ] GC(28) Metaspace: 6765K(6976K)->6765K(6976K) NonClass: 6147K(6272K)->6147K(6272K) Class: 618K(704K)->618K(704K)
[2026-08-01T15:57:51.748+0900][1.096s][debug][gc,heap        ] GC(28) Heap after GC invocations=29 (full 29):
[2026-08-01T15:57:51.748+0900][1.096s][debug][gc,heap        ] GC(28)  garbage-first heap   total 131072K, used 18137K [0x00000234f6000000, 0x0000026bf6000000)
[2026-08-01T15:57:51.748+0900][1.096s][debug][gc,heap        ] GC(28)   region size 32768K, 0 young (0K), 0 survivors (0K)
[2026-08-01T15:57:51.748+0900][1.096s][debug][gc,heap        ] GC(28)  Metaspace       used 6765K, committed 6976K, reserved 1114112K
[2026-08-01T15:57:51.748+0900][1.096s][debug][gc,heap        ] GC(28)   class space    used 618K, committed 704K, reserved 1048576K
[2026-08-01T15:57:51.748+0900][1.096s][info ][gc             ] GC(28) Pause Full (System.gc()) 20M->17M(128M) 25.704ms
[2026-08-01T15:57:51.748+0900][1.096s][info ][gc,cpu         ] GC(28) User=0.03s Sys=0.00s Real=0.02s
[2026-08-01T15:57:51.748+0900][1.096s][info ][safepoint      ] Safepoint "G1CollectFull", Time since last: 13897900 ns, Reaching safepoint: 127000 ns, At safepoint: 25801100 ns, Total: 25928100 ns
[2026-08-01T15:57:51.811+0900][1.159s][info ][gc,start       ] GC(29) Pause Young (Normal) (G1 Evacuation Pause)
[2026-08-01T15:57:51.811+0900][1.159s][debug][gc,heap        ] GC(29) Heap before GC invocations=29 (full 29):
[2026-08-01T15:57:51.811+0900][1.159s][debug][gc,heap        ] GC(29)  garbage-first heap   total 131072K, used 50905K [0x00000234f6000000, 0x0000026bf6000000)
[2026-08-01T15:57:51.811+0900][1.159s][debug][gc,heap        ] GC(29)   region size 32768K, 1 young (32768K), 0 survivors (0K)
[2026-08-01T15:57:51.811+0900][1.159s][debug][gc,heap        ] GC(29)  Metaspace       used 6776K, committed 6976K, reserved 1114112K
[2026-08-01T15:57:51.811+0900][1.159s][debug][gc,heap        ] GC(29)   class space    used 619K, committed 704K, reserved 1048576K
[2026-08-01T15:57:51.811+0900][1.159s][info ][gc,task        ] GC(29) Using 4 workers of 18 for evacuation
[2026-08-01T15:57:51.822+0900][1.169s][info ][gc,phases      ] GC(29)   Pre Evacuate Collection Set: 0.1ms
[2026-08-01T15:57:51.822+0900][1.169s][info ][gc,phases      ] GC(29)   Merge Heap Roots: 0.3ms
[2026-08-01T15:57:51.822+0900][1.169s][info ][gc,phases      ] GC(29)   Evacuate Collection Set: 9.4ms
[2026-08-01T15:57:51.822+0900][1.169s][info ][gc,phases      ] GC(29)   Post Evacuate Collection Set: 0.2ms
[2026-08-01T15:57:51.822+0900][1.169s][info ][gc,phases      ] GC(29)   Other: 0.1ms
[2026-08-01T15:57:51.822+0900][1.169s][info ][gc,heap        ] GC(29) Eden regions: 1->0(1)
[2026-08-01T15:57:51.822+0900][1.169s][info ][gc,heap        ] GC(29) Survivor regions: 0->1(1)
[2026-08-01T15:57:51.822+0900][1.169s][info ][gc,heap        ] GC(29) Old regions: 1->1
[2026-08-01T15:57:51.822+0900][1.169s][info ][gc,heap        ] GC(29) Archive regions: 0->0
[2026-08-01T15:57:51.822+0900][1.169s][info ][gc,heap        ] GC(29) Humongous regions: 0->0
[2026-08-01T15:57:51.822+0900][1.169s][info ][gc,metaspace   ] GC(29) Metaspace: 6776K(6976K)->6776K(6976K) NonClass: 6157K(6272K)->6157K(6272K) Class: 619K(704K)->619K(704K)
[2026-08-01T15:57:51.822+0900][1.169s][debug][gc,heap        ] GC(29) Heap after GC invocations=30 (full 29):
[2026-08-01T15:57:51.822+0900][1.169s][debug][gc,heap        ] GC(29)  garbage-first heap   total 131072K, used 34263K [0x00000234f6000000, 0x0000026bf6000000)
[2026-08-01T15:57:51.822+0900][1.169s][debug][gc,heap        ] GC(29)   region size 32768K, 1 young (32768K), 1 survivors (32768K)
[2026-08-01T15:57:51.822+0900][1.169s][debug][gc,heap        ] GC(29)  Metaspace       used 6776K, committed 6976K, reserved 1114112K
[2026-08-01T15:57:51.822+0900][1.169s][debug][gc,heap        ] GC(29)   class space    used 619K, committed 704K, reserved 1048576K
[2026-08-01T15:57:51.822+0900][1.169s][info ][gc             ] GC(29) Pause Young (Normal) (G1 Evacuation Pause) 49M->33M(128M) 10.444ms
[2026-08-01T15:57:51.822+0900][1.169s][info ][gc,cpu         ] GC(29) User=0.00s Sys=0.00s Real=0.01s
[2026-08-01T15:57:51.822+0900][1.169s][info ][safepoint      ] Safepoint "G1CollectForAllocation", Time since last: 62906400 ns, Reaching safepoint: 40800 ns, At safepoint: 10498800 ns, Total: 10539600 ns
[2026-08-01T15:57:51.852+0900][1.199s][info ][gc,start       ] GC(30) Pause Young (Normal) (G1 Evacuation Pause)
[2026-08-01T15:57:51.852+0900][1.200s][debug][gc,heap        ] GC(30) Heap before GC invocations=30 (full 29):
[2026-08-01T15:57:51.852+0900][1.200s][debug][gc,heap        ] GC(30)  garbage-first heap   total 131072K, used 67031K [0x00000234f6000000, 0x0000026bf6000000)
[2026-08-01T15:57:51.852+0900][1.200s][debug][gc,heap        ] GC(30)   region size 32768K, 2 young (65536K), 1 survivors (32768K)
[2026-08-01T15:57:51.852+0900][1.200s][debug][gc,heap        ] GC(30)  Metaspace       used 6776K, committed 6976K, reserved 1114112K
[2026-08-01T15:57:51.852+0900][1.200s][debug][gc,heap        ] GC(30)   class space    used 619K, committed 704K, reserved 1048576K
[2026-08-01T15:57:51.852+0900][1.200s][info ][gc,task        ] GC(30) Using 4 workers of 18 for evacuation
[2026-08-01T15:57:51.867+0900][1.214s][info ][gc,phases      ] GC(30)   Pre Evacuate Collection Set: 0.0ms
[2026-08-01T15:57:51.867+0900][1.214s][info ][gc,phases      ] GC(30)   Merge Heap Roots: 0.1ms
[2026-08-01T15:57:51.867+0900][1.214s][info ][gc,phases      ] GC(30)   Evacuate Collection Set: 14.3ms
[2026-08-01T15:57:51.867+0900][1.214s][info ][gc,phases      ] GC(30)   Post Evacuate Collection Set: 0.2ms
[2026-08-01T15:57:51.867+0900][1.214s][info ][gc,phases      ] GC(30)   Other: 0.1ms
[2026-08-01T15:57:51.867+0900][1.214s][info ][gc,heap        ] GC(30) Eden regions: 1->0(1)
[2026-08-01T15:57:51.867+0900][1.214s][info ][gc,heap        ] GC(30) Survivor regions: 1->1(1)
[2026-08-01T15:57:51.867+0900][1.214s][info ][gc,heap        ] GC(30) Old regions: 1->1
[2026-08-01T15:57:51.867+0900][1.214s][info ][gc,heap        ] GC(30) Archive regions: 0->0
[2026-08-01T15:57:51.867+0900][1.214s][info ][gc,heap        ] GC(30) Humongous regions: 0->0
[2026-08-01T15:57:51.867+0900][1.214s][info ][gc,metaspace   ] GC(30) Metaspace: 6776K(6976K)->6776K(6976K) NonClass: 6157K(6272K)->6157K(6272K) Class: 619K(704K)->619K(704K)
[2026-08-01T15:57:51.867+0900][1.214s][debug][gc,heap        ] GC(30) Heap after GC invocations=31 (full 29):
[2026-08-01T15:57:51.867+0900][1.214s][debug][gc,heap        ] GC(30)  garbage-first heap   total 131072K, used 49607K [0x00000234f6000000, 0x0000026bf6000000)
[2026-08-01T15:57:51.867+0900][1.214s][debug][gc,heap        ] GC(30)   region size 32768K, 1 young (32768K), 1 survivors (32768K)
[2026-08-01T15:57:51.867+0900][1.215s][debug][gc,heap        ] GC(30)  Metaspace       used 6776K, committed 6976K, reserved 1114112K
[2026-08-01T15:57:51.867+0900][1.215s][debug][gc,heap        ] GC(30)   class space    used 619K, committed 704K, reserved 1048576K
[2026-08-01T15:57:51.867+0900][1.215s][info ][gc             ] GC(30) Pause Young (Normal) (G1 Evacuation Pause) 65M->48M(128M) 15.079ms
[2026-08-01T15:57:51.867+0900][1.215s][info ][gc,cpu         ] GC(30) User=0.08s Sys=0.02s Real=0.02s
[2026-08-01T15:57:51.867+0900][1.215s][info ][safepoint      ] Safepoint "G1CollectForAllocation", Time since last: 30263600 ns, Reaching safepoint: 82600 ns, At safepoint: 15139400 ns, Total: 15222000 ns
[2026-08-01T15:57:51.888+0900][1.235s][info ][gc,start       ] GC(31) Pause Young (Normal) (G1 Evacuation Pause)
[2026-08-01T15:57:51.888+0900][1.235s][debug][gc,heap        ] GC(31) Heap before GC invocations=31 (full 29):
[2026-08-01T15:57:51.888+0900][1.235s][debug][gc,heap        ] GC(31)  garbage-first heap   total 131072K, used 82375K [0x00000234f6000000, 0x0000026bf6000000)
[2026-08-01T15:57:51.888+0900][1.235s][debug][gc,heap        ] GC(31)   region size 32768K, 2 young (65536K), 1 survivors (32768K)
[2026-08-01T15:57:51.888+0900][1.235s][debug][gc,heap        ] GC(31)  Metaspace       used 6779K, committed 6976K, reserved 1114112K
[2026-08-01T15:57:51.888+0900][1.235s][debug][gc,heap        ] GC(31)   class space    used 619K, committed 704K, reserved 1048576K
[2026-08-01T15:57:51.888+0900][1.235s][info ][gc,task        ] GC(31) Using 4 workers of 18 for evacuation
[2026-08-01T15:57:51.908+0900][1.255s][info ][gc,phases      ] GC(31)   Pre Evacuate Collection Set: 0.0ms
[2026-08-01T15:57:51.908+0900][1.255s][info ][gc,phases      ] GC(31)   Merge Heap Roots: 0.1ms
[2026-08-01T15:57:51.908+0900][1.255s][info ][gc,phases      ] GC(31)   Evacuate Collection Set: 19.4ms
[2026-08-01T15:57:51.908+0900][1.255s][info ][gc,phases      ] GC(31)   Post Evacuate Collection Set: 0.2ms
[2026-08-01T15:57:51.908+0900][1.255s][info ][gc,phases      ] GC(31)   Other: 0.1ms
[2026-08-01T15:57:51.908+0900][1.255s][info ][gc,heap        ] GC(31) Eden regions: 1->0(1)
[2026-08-01T15:57:51.908+0900][1.255s][info ][gc,heap        ] GC(31) Survivor regions: 1->1(1)
[2026-08-01T15:57:51.908+0900][1.255s][info ][gc,heap        ] GC(31) Old regions: 1->2
[2026-08-01T15:57:51.908+0900][1.255s][info ][gc,heap        ] GC(31) Archive regions: 0->0
[2026-08-01T15:57:51.908+0900][1.255s][info ][gc,heap        ] GC(31) Humongous regions: 0->0
[2026-08-01T15:57:51.908+0900][1.255s][info ][gc,metaspace   ] GC(31) Metaspace: 6779K(6976K)->6779K(6976K) NonClass: 6159K(6272K)->6159K(6272K) Class: 619K(704K)->619K(704K)
[2026-08-01T15:57:51.908+0900][1.255s][debug][gc,heap        ] GC(31) Heap after GC invocations=32 (full 29):
[2026-08-01T15:57:51.908+0900][1.255s][debug][gc,heap        ] GC(31)  garbage-first heap   total 163840K, used 67200K [0x00000234f6000000, 0x0000026bf6000000)
[2026-08-01T15:57:51.908+0900][1.255s][debug][gc,heap        ] GC(31)   region size 32768K, 1 young (32768K), 1 survivors (32768K)
[2026-08-01T15:57:51.908+0900][1.255s][debug][gc,heap        ] GC(31)  Metaspace       used 6779K, committed 6976K, reserved 1114112K
[2026-08-01T15:57:51.908+0900][1.255s][debug][gc,heap        ] GC(31)   class space    used 619K, committed 704K, reserved 1048576K
[2026-08-01T15:57:51.908+0900][1.255s][info ][gc             ] GC(31) Pause Young (Normal) (G1 Evacuation Pause) 80M->65M(160M) 20.156ms
[2026-08-01T15:57:51.908+0900][1.255s][info ][gc,cpu         ] GC(31) User=0.06s Sys=0.00s Real=0.02s
[2026-08-01T15:57:51.908+0900][1.256s][info ][safepoint      ] Safepoint "G1CollectForAllocation", Time since last: 20667800 ns, Reaching safepoint: 29800 ns, At safepoint: 20215600 ns, Total: 20245400 ns
[2026-08-01T15:57:51.958+0900][1.306s][info ][gc,start       ] GC(32) Pause Young (Normal) (G1 Evacuation Pause)
[2026-08-01T15:57:51.958+0900][1.306s][debug][gc,heap        ] GC(32) Heap before GC invocations=32 (full 29):
[2026-08-01T15:57:51.958+0900][1.306s][debug][gc,heap        ] GC(32)  garbage-first heap   total 163840K, used 99968K [0x00000234f6000000, 0x0000026bf6000000)
[2026-08-01T15:57:51.958+0900][1.306s][debug][gc,heap        ] GC(32)   region size 32768K, 2 young (65536K), 1 survivors (32768K)
[2026-08-01T15:57:51.958+0900][1.306s][debug][gc,heap        ] GC(32)  Metaspace       used 6813K, committed 7040K, reserved 1114112K
[2026-08-01T15:57:51.958+0900][1.306s][debug][gc,heap        ] GC(32)   class space    used 621K, committed 704K, reserved 1048576K
[2026-08-01T15:57:51.958+0900][1.306s][info ][gc,task        ] GC(32) Using 3 workers of 18 for evacuation
[2026-08-01T15:57:51.988+0900][1.335s][info ][gc,phases      ] GC(32)   Pre Evacuate Collection Set: 0.1ms
[2026-08-01T15:57:51.988+0900][1.335s][info ][gc,phases      ] GC(32)   Merge Heap Roots: 0.1ms
[2026-08-01T15:57:51.988+0900][1.335s][info ][gc,phases      ] GC(32)   Evacuate Collection Set: 26.7ms
[2026-08-01T15:57:51.988+0900][1.335s][info ][gc,phases      ] GC(32)   Post Evacuate Collection Set: 2.2ms
[2026-08-01T15:57:51.988+0900][1.335s][info ][gc,phases      ] GC(32)   Other: 0.1ms
[2026-08-01T15:57:51.988+0900][1.335s][info ][gc,heap        ] GC(32) Eden regions: 1->0(1)
[2026-08-01T15:57:51.988+0900][1.335s][info ][gc,heap        ] GC(32) Survivor regions: 1->1(1)
[2026-08-01T15:57:51.988+0900][1.335s][info ][gc,heap        ] GC(32) Old regions: 2->3
[2026-08-01T15:57:51.988+0900][1.335s][info ][gc,heap        ] GC(32) Archive regions: 0->0
[2026-08-01T15:57:51.988+0900][1.335s][info ][gc,heap        ] GC(32) Humongous regions: 0->0
[2026-08-01T15:57:51.988+0900][1.335s][info ][gc,metaspace   ] GC(32) Metaspace: 6813K(7040K)->6813K(7040K) NonClass: 6191K(6336K)->6191K(6336K) Class: 621K(704K)->621K(704K)
[2026-08-01T15:57:51.988+0900][1.335s][debug][gc,heap        ] GC(32) Heap after GC invocations=33 (full 29):
[2026-08-01T15:57:51.988+0900][1.335s][debug][gc,heap        ] GC(32)  garbage-first heap   total 1146880K, used 85829K [0x00000234f6000000, 0x0000026bf6000000)
[2026-08-01T15:57:51.988+0900][1.335s][debug][gc,heap        ] GC(32)   region size 32768K, 1 young (32768K), 1 survivors (32768K)
[2026-08-01T15:57:51.988+0900][1.335s][debug][gc,heap        ] GC(32)  Metaspace       used 6813K, committed 7040K, reserved 1114112K
[2026-08-01T15:57:51.988+0900][1.335s][debug][gc,heap        ] GC(32)   class space    used 621K, committed 704K, reserved 1048576K
[2026-08-01T15:57:51.988+0900][1.335s][info ][gc             ] GC(32) Pause Young (Normal) (G1 Evacuation Pause) 97M->83M(1120M) 29.574ms
[2026-08-01T15:57:51.988+0900][1.335s][info ][gc,cpu         ] GC(32) User=0.17s Sys=0.02s Real=0.03s
[2026-08-01T15:57:51.988+0900][1.335s][info ][safepoint      ] Safepoint "G1CollectForAllocation", Time since last: 49795200 ns, Reaching safepoint: 266900 ns, At safepoint: 29698400 ns, Total: 29965300 ns
[2026-08-01T15:57:51.993+0900][1.341s][info ][gc,start       ] GC(33) Pause Full (System.gc())
[2026-08-01T15:57:51.993+0900][1.341s][debug][gc,heap        ] GC(33) Heap before GC invocations=33 (full 29):
[2026-08-01T15:57:51.993+0900][1.341s][debug][gc,heap        ] GC(33)  garbage-first heap   total 1146880K, used 85829K [0x00000234f6000000, 0x0000026bf6000000)
[2026-08-01T15:57:51.993+0900][1.341s][debug][gc,heap        ] GC(33)   region size 32768K, 2 young (65536K), 1 survivors (32768K)
[2026-08-01T15:57:51.993+0900][1.341s][debug][gc,heap        ] GC(33)  Metaspace       used 6813K, committed 7040K, reserved 1114112K
[2026-08-01T15:57:51.993+0900][1.341s][debug][gc,heap        ] GC(33)   class space    used 621K, committed 704K, reserved 1048576K
[2026-08-01T15:57:51.993+0900][1.341s][info ][gc,task        ] GC(33) Using 2 workers of 18 for full compaction
[2026-08-01T15:57:51.993+0900][1.341s][info ][gc,phases,start] GC(33) Phase 1: Mark live objects
[2026-08-01T15:57:52.032+0900][1.380s][info ][gc,phases      ] GC(33) Phase 1: Mark live objects 38.891ms
[2026-08-01T15:57:52.032+0900][1.380s][info ][gc,phases,start] GC(33) Phase 2: Prepare for compaction
[2026-08-01T15:57:52.040+0900][1.387s][info ][gc,phases      ] GC(33) Phase 2: Prepare for compaction 7.103ms
[2026-08-01T15:57:52.040+0900][1.387s][info ][gc,phases,start] GC(33) Phase 3: Adjust pointers
[2026-08-01T15:57:52.056+0900][1.403s][info ][gc,phases      ] GC(33) Phase 3: Adjust pointers 16.137ms
[2026-08-01T15:57:52.056+0900][1.403s][info ][gc,phases,start] GC(33) Phase 4: Compact heap
[2026-08-01T15:57:52.062+0900][1.410s][info ][gc,phases      ] GC(33) Phase 4: Compact heap 6.696ms
[2026-08-01T15:57:52.065+0900][1.413s][debug][gc,heap        ] GC(33) Uncommittable regions after shrink: 25
[2026-08-01T15:57:52.066+0900][1.414s][info ][gc,heap        ] GC(33) Eden regions: 1->0(1)
[2026-08-01T15:57:52.066+0900][1.414s][info ][gc,heap        ] GC(33) Survivor regions: 1->0(1)
[2026-08-01T15:57:52.066+0900][1.414s][info ][gc,heap        ] GC(33) Old regions: 3->3
[2026-08-01T15:57:52.066+0900][1.414s][info ][gc,heap        ] GC(33) Archive regions: 0->0
[2026-08-01T15:57:52.066+0900][1.414s][info ][gc,heap        ] GC(33) Humongous regions: 0->0
[2026-08-01T15:57:52.066+0900][1.414s][info ][gc,metaspace   ] GC(33) Metaspace: 6813K(7040K)->6813K(7040K) NonClass: 6191K(6336K)->6191K(6336K) Class: 621K(704K)->621K(704K)
[2026-08-01T15:57:52.066+0900][1.414s][debug][gc,heap        ] GC(33) Heap after GC invocations=34 (full 30):
[2026-08-01T15:57:52.066+0900][1.414s][debug][gc,heap        ] GC(33)  garbage-first heap   total 327680K, used 83478K [0x00000234f6000000, 0x0000026bf6000000)
[2026-08-01T15:57:52.067+0900][1.414s][debug][gc,heap        ] GC(33)   region size 32768K, 0 young (0K), 0 survivors (0K)
[2026-08-01T15:57:52.067+0900][1.414s][debug][gc,heap        ] GC(33)  Metaspace       used 6813K, committed 7040K, reserved 1114112K
[2026-08-01T15:57:52.067+0900][1.414s][debug][gc,heap        ] GC(33)   class space    used 621K, committed 704K, reserved 1048576K
[2026-08-01T15:57:52.067+0900][1.414s][info ][gc             ] GC(33) Pause Full (System.gc()) 85M->81M(320M) 73.259ms
[2026-08-01T15:57:52.067+0900][1.414s][info ][gc,cpu         ] GC(33) User=0.22s Sys=0.00s Real=0.07s
[2026-08-01T15:57:52.067+0900][1.414s][info ][safepoint      ] Safepoint "G1CollectFull", Time since last: 5212200 ns, Reaching safepoint: 98900 ns, At safepoint: 73374800 ns, Total: 73473700 ns
[2026-08-01T15:57:52.101+0900][1.448s][info ][gc,start       ] GC(34) Pause Young (Normal) (G1 Evacuation Pause)
[2026-08-01T15:57:52.101+0900][1.448s][debug][gc,heap        ] GC(34) Heap before GC invocations=34 (full 30):
[2026-08-01T15:57:52.101+0900][1.448s][debug][gc,heap        ] GC(34)  garbage-first heap   total 327680K, used 116246K [0x00000234f6000000, 0x0000026bf6000000)
[2026-08-01T15:57:52.101+0900][1.448s][debug][gc,heap        ] GC(34)   region size 32768K, 1 young (32768K), 0 survivors (0K)
[2026-08-01T15:57:52.101+0900][1.448s][debug][gc,heap        ] GC(34)  Metaspace       used 6815K, committed 7040K, reserved 1114112K
[2026-08-01T15:57:52.101+0900][1.448s][debug][gc,heap        ] GC(34)   class space    used 621K, committed 704K, reserved 1048576K
[2026-08-01T15:57:52.101+0900][1.449s][info ][gc,task        ] GC(34) Using 7 workers of 18 for evacuation
[2026-08-01T15:57:52.107+0900][1.455s][info ][gc,phases      ] GC(34)   Pre Evacuate Collection Set: 0.1ms
[2026-08-01T15:57:52.107+0900][1.455s][info ][gc,phases      ] GC(34)   Merge Heap Roots: 0.2ms
[2026-08-01T15:57:52.107+0900][1.455s][info ][gc,phases      ] GC(34)   Evacuate Collection Set: 5.5ms
[2026-08-01T15:57:52.107+0900][1.455s][info ][gc,phases      ] GC(34)   Post Evacuate Collection Set: 0.2ms
[2026-08-01T15:57:52.107+0900][1.455s][info ][gc,phases      ] GC(34)   Other: 0.1ms
[2026-08-01T15:57:52.107+0900][1.455s][info ][gc,heap        ] GC(34) Eden regions: 1->0(1)
[2026-08-01T15:57:52.107+0900][1.455s][info ][gc,heap        ] GC(34) Survivor regions: 0->1(1)
[2026-08-01T15:57:52.107+0900][1.455s][info ][gc,heap        ] GC(34) Old regions: 3->3
[2026-08-01T15:57:52.107+0900][1.455s][info ][gc,heap        ] GC(34) Archive regions: 0->0
[2026-08-01T15:57:52.107+0900][1.455s][info ][gc,heap        ] GC(34) Humongous regions: 0->0
[2026-08-01T15:57:52.107+0900][1.455s][info ][gc,metaspace   ] GC(34) Metaspace: 6815K(7040K)->6815K(7040K) NonClass: 6193K(6336K)->6193K(6336K) Class: 621K(704K)->621K(704K)
[2026-08-01T15:57:52.107+0900][1.455s][debug][gc,heap        ] GC(34) Heap after GC invocations=35 (full 30):
[2026-08-01T15:57:52.107+0900][1.455s][debug][gc,heap        ] GC(34)  garbage-first heap   total 327680K, used 101786K [0x00000234f6000000, 0x0000026bf6000000)
[2026-08-01T15:57:52.107+0900][1.455s][debug][gc,heap        ] GC(34)   region size 32768K, 1 young (32768K), 1 survivors (32768K)
[2026-08-01T15:57:52.107+0900][1.455s][debug][gc,heap        ] GC(34)  Metaspace       used 6815K, committed 7040K, reserved 1114112K
[2026-08-01T15:57:52.107+0900][1.455s][debug][gc,heap        ] GC(34)   class space    used 621K, committed 704K, reserved 1048576K
[2026-08-01T15:57:52.107+0900][1.455s][info ][gc             ] GC(34) Pause Young (Normal) (G1 Evacuation Pause) 113M->99M(320M) 6.372ms
[2026-08-01T15:57:52.107+0900][1.455s][info ][gc,cpu         ] GC(34) User=0.09s Sys=0.02s Real=0.01s
[2026-08-01T15:57:52.107+0900][1.455s][info ][safepoint      ] Safepoint "G1CollectForAllocation", Time since last: 34324100 ns, Reaching safepoint: 83800 ns, At safepoint: 6418900 ns, Total: 6502700 ns
[2026-08-01T15:57:52.134+0900][1.481s][info ][gc,start       ] GC(35) Pause Young (Normal) (G1 Evacuation Pause)
[2026-08-01T15:57:52.134+0900][1.481s][debug][gc,heap        ] GC(35) Heap before GC invocations=35 (full 30):
[2026-08-01T15:57:52.134+0900][1.481s][debug][gc,heap        ] GC(35)  garbage-first heap   total 327680K, used 134554K [0x00000234f6000000, 0x0000026bf6000000)
[2026-08-01T15:57:52.134+0900][1.481s][debug][gc,heap        ] GC(35)   region size 32768K, 2 young (65536K), 1 survivors (32768K)
[2026-08-01T15:57:52.134+0900][1.481s][debug][gc,heap        ] GC(35)  Metaspace       used 6920K, committed 7168K, reserved 1114112K
[2026-08-01T15:57:52.134+0900][1.481s][debug][gc,heap        ] GC(35)   class space    used 635K, committed 768K, reserved 1048576K
[2026-08-01T15:57:52.134+0900][1.481s][info ][gc,task        ] GC(35) Using 7 workers of 18 for evacuation
[2026-08-01T15:57:52.143+0900][1.491s][info ][gc,phases      ] GC(35)   Pre Evacuate Collection Set: 0.1ms
[2026-08-01T15:57:52.143+0900][1.491s][info ][gc,phases      ] GC(35)   Merge Heap Roots: 0.1ms
[2026-08-01T15:57:52.143+0900][1.491s][info ][gc,phases      ] GC(35)   Evacuate Collection Set: 8.9ms
[2026-08-01T15:57:52.143+0900][1.491s][info ][gc,phases      ] GC(35)   Post Evacuate Collection Set: 0.3ms
[2026-08-01T15:57:52.143+0900][1.491s][info ][gc,phases      ] GC(35)   Other: 0.1ms
[2026-08-01T15:57:52.143+0900][1.491s][info ][gc,heap        ] GC(35) Eden regions: 1->0(1)
[2026-08-01T15:57:52.143+0900][1.491s][info ][gc,heap        ] GC(35) Survivor regions: 1->1(1)
[2026-08-01T15:57:52.143+0900][1.491s][info ][gc,heap        ] GC(35) Old regions: 3->3
[2026-08-01T15:57:52.143+0900][1.491s][info ][gc,heap        ] GC(35) Archive regions: 0->0
[2026-08-01T15:57:52.144+0900][1.491s][info ][gc,heap        ] GC(35) Humongous regions: 0->0
[2026-08-01T15:57:52.144+0900][1.491s][info ][gc,metaspace   ] GC(35) Metaspace: 6920K(7168K)->6920K(7168K) NonClass: 6285K(6400K)->6285K(6400K) Class: 635K(768K)->635K(768K)
[2026-08-01T15:57:52.144+0900][1.491s][debug][gc,heap        ] GC(35) Heap after GC invocations=36 (full 30):
[2026-08-01T15:57:52.144+0900][1.491s][debug][gc,heap        ] GC(35)  garbage-first heap   total 327680K, used 114007K [0x00000234f6000000, 0x0000026bf6000000)
[2026-08-01T15:57:52.144+0900][1.491s][debug][gc,heap        ] GC(35)   region size 32768K, 1 young (32768K), 1 survivors (32768K)
[2026-08-01T15:57:52.144+0900][1.491s][debug][gc,heap        ] GC(35)  Metaspace       used 6920K, committed 7168K, reserved 1114112K
[2026-08-01T15:57:52.144+0900][1.491s][debug][gc,heap        ] GC(35)   class space    used 635K, committed 768K, reserved 1048576K
[2026-08-01T15:57:52.144+0900][1.491s][info ][gc             ] GC(35) Pause Young (Normal) (G1 Evacuation Pause) 131M->111M(320M) 9.820ms
[2026-08-01T15:57:52.144+0900][1.491s][info ][gc,cpu         ] GC(35) User=0.09s Sys=0.02s Real=0.01s
[2026-08-01T15:57:52.144+0900][1.491s][info ][safepoint      ] Safepoint "G1CollectForAllocation", Time since last: 26241400 ns, Reaching safepoint: 85900 ns, At safepoint: 9875400 ns, Total: 9961300 ns
[2026-08-01T15:57:52.258+0900][1.605s][info ][gc,start       ] GC(36) Pause Young (Normal) (G1 Evacuation Pause)
[2026-08-01T15:57:52.258+0900][1.605s][debug][gc,heap        ] GC(36) Heap before GC invocations=36 (full 30):
[2026-08-01T15:57:52.258+0900][1.605s][debug][gc,heap        ] GC(36)  garbage-first heap   total 327680K, used 146775K [0x00000234f6000000, 0x0000026bf6000000)
[2026-08-01T15:57:52.258+0900][1.605s][debug][gc,heap        ] GC(36)   region size 32768K, 2 young (65536K), 1 survivors (32768K)
[2026-08-01T15:57:52.258+0900][1.605s][debug][gc,heap        ] GC(36)  Metaspace       used 7564K, committed 7872K, reserved 1114112K
[2026-08-01T15:57:52.258+0900][1.605s][debug][gc,heap        ] GC(36)   class space    used 681K, committed 832K, reserved 1048576K
[2026-08-01T15:57:52.258+0900][1.605s][info ][gc,task        ] GC(36) Using 7 workers of 18 for evacuation
[2026-08-01T15:57:52.266+0900][1.613s][info ][gc,phases      ] GC(36)   Pre Evacuate Collection Set: 0.1ms
[2026-08-01T15:57:52.266+0900][1.613s][info ][gc,phases      ] GC(36)   Merge Heap Roots: 0.1ms
[2026-08-01T15:57:52.266+0900][1.613s][info ][gc,phases      ] GC(36)   Evacuate Collection Set: 7.6ms
[2026-08-01T15:57:52.266+0900][1.613s][info ][gc,phases      ] GC(36)   Post Evacuate Collection Set: 0.4ms
[2026-08-01T15:57:52.266+0900][1.613s][info ][gc,phases      ] GC(36)   Other: 0.1ms
[2026-08-01T15:57:52.266+0900][1.613s][info ][gc,heap        ] GC(36) Eden regions: 1->0(1)
[2026-08-01T15:57:52.266+0900][1.613s][info ][gc,heap        ] GC(36) Survivor regions: 1->1(1)
[2026-08-01T15:57:52.266+0900][1.613s][info ][gc,heap        ] GC(36) Old regions: 3->4
[2026-08-01T15:57:52.266+0900][1.613s][info ][gc,heap        ] GC(36) Archive regions: 0->0
[2026-08-01T15:57:52.266+0900][1.613s][info ][gc,heap        ] GC(36) Humongous regions: 0->0
[2026-08-01T15:57:52.266+0900][1.613s][info ][gc,metaspace   ] GC(36) Metaspace: 7564K(7872K)->7564K(7872K) NonClass: 6882K(7040K)->6882K(7040K) Class: 681K(832K)->681K(832K)
[2026-08-01T15:57:52.266+0900][1.613s][debug][gc,heap        ] GC(36) Heap after GC invocations=37 (full 30):
[2026-08-01T15:57:52.266+0900][1.613s][debug][gc,heap        ] GC(36)  garbage-first heap   total 327680K, used 123349K [0x00000234f6000000, 0x0000026bf6000000)
[2026-08-01T15:57:52.266+0900][1.613s][debug][gc,heap        ] GC(36)   region size 32768K, 1 young (32768K), 1 survivors (32768K)
[2026-08-01T15:57:52.266+0900][1.614s][debug][gc,heap        ] GC(36)  Metaspace       used 7564K, committed 7872K, reserved 1114112K
[2026-08-01T15:57:52.266+0900][1.614s][debug][gc,heap        ] GC(36)   class space    used 681K, committed 832K, reserved 1048576K
[2026-08-01T15:57:52.266+0900][1.614s][info ][gc             ] GC(36) Pause Young (Normal) (G1 Evacuation Pause) 143M->120M(320M) 8.502ms
[2026-08-01T15:57:52.266+0900][1.614s][info ][gc,cpu         ] GC(36) User=0.11s Sys=0.00s Real=0.01s
[2026-08-01T15:57:52.266+0900][1.614s][info ][safepoint      ] Safepoint "G1CollectForAllocation", Time since last: 113829500 ns, Reaching safepoint: 208300 ns, At safepoint: 8558400 ns, Total: 8766700 ns
[2026-08-01T15:57:52.268+0900][1.616s][debug][gc,heap        ] Concurrent Uncommit Summary: 800M, 25 regions, 8.695ms
[2026-08-01T15:57:52.306+0900][1.653s][info ][gc,start       ] GC(37) Pause Young (Normal) (G1 Evacuation Pause)
[2026-08-01T15:57:52.306+0900][1.653s][debug][gc,heap        ] GC(37) Heap before GC invocations=37 (full 30):
[2026-08-01T15:57:52.306+0900][1.654s][debug][gc,heap        ] GC(37)  garbage-first heap   total 327680K, used 156117K [0x00000234f6000000, 0x0000026bf6000000)
[2026-08-01T15:57:52.306+0900][1.654s][debug][gc,heap        ] GC(37)   region size 32768K, 2 young (65536K), 1 survivors (32768K)
[2026-08-01T15:57:52.306+0900][1.654s][debug][gc,heap        ] GC(37)  Metaspace       used 7574K, committed 7872K, reserved 1114112K
[2026-08-01T15:57:52.306+0900][1.654s][debug][gc,heap        ] GC(37)   class space    used 681K, committed 832K, reserved 1048576K
[2026-08-01T15:57:52.306+0900][1.654s][info ][gc,task        ] GC(37) Using 7 workers of 18 for evacuation
[2026-08-01T15:57:52.317+0900][1.664s][info ][gc,phases      ] GC(37)   Pre Evacuate Collection Set: 0.1ms
[2026-08-01T15:57:52.317+0900][1.664s][info ][gc,phases      ] GC(37)   Merge Heap Roots: 0.2ms
[2026-08-01T15:57:52.317+0900][1.664s][info ][gc,phases      ] GC(37)   Evacuate Collection Set: 8.3ms
[2026-08-01T15:57:52.317+0900][1.664s][info ][gc,phases      ] GC(37)   Post Evacuate Collection Set: 2.2ms
[2026-08-01T15:57:52.317+0900][1.664s][info ][gc,phases      ] GC(37)   Other: 0.1ms
[2026-08-01T15:57:52.317+0900][1.664s][info ][gc,heap        ] GC(37) Eden regions: 1->0(4)
[2026-08-01T15:57:52.317+0900][1.664s][info ][gc,heap        ] GC(37) Survivor regions: 1->1(1)
[2026-08-01T15:57:52.317+0900][1.664s][info ][gc,heap        ] GC(37) Old regions: 4->4
[2026-08-01T15:57:52.317+0900][1.664s][info ][gc,heap        ] GC(37) Archive regions: 0->0
[2026-08-01T15:57:52.317+0900][1.664s][info ][gc,heap        ] GC(37) Humongous regions: 0->0
[2026-08-01T15:57:52.317+0900][1.664s][info ][gc,metaspace   ] GC(37) Metaspace: 7574K(7872K)->7574K(7872K) NonClass: 6892K(7040K)->6892K(7040K) Class: 681K(832K)->681K(832K)
[2026-08-01T15:57:52.317+0900][1.664s][debug][gc,heap        ] GC(37) Heap after GC invocations=38 (full 30):
[2026-08-01T15:57:52.317+0900][1.665s][debug][gc,heap        ] GC(37)  garbage-first heap   total 1212416K, used 138085K [0x00000234f6000000, 0x0000026bf6000000)
[2026-08-01T15:57:52.317+0900][1.665s][debug][gc,heap        ] GC(37)   region size 32768K, 1 young (32768K), 1 survivors (32768K)
[2026-08-01T15:57:52.317+0900][1.665s][debug][gc,heap        ] GC(37)  Metaspace       used 7574K, committed 7872K, reserved 1114112K
[2026-08-01T15:57:52.317+0900][1.665s][debug][gc,heap        ] GC(37)   class space    used 681K, committed 832K, reserved 1048576K
[2026-08-01T15:57:52.317+0900][1.665s][info ][gc             ] GC(37) Pause Young (Normal) (G1 Evacuation Pause) 152M->134M(1184M) 11.116ms
[2026-08-01T15:57:52.317+0900][1.665s][info ][gc,cpu         ] GC(37) User=0.12s Sys=0.00s Real=0.01s
[2026-08-01T15:57:52.317+0900][1.665s][info ][safepoint      ] Safepoint "G1CollectForAllocation", Time since last: 39738300 ns, Reaching safepoint: 100300 ns, At safepoint: 11178400 ns, Total: 11278700 ns
[2026-08-01T15:57:52.430+0900][1.777s][info ][gc,start       ] GC(38) Pause Full (System.gc())
[2026-08-01T15:57:52.430+0900][1.777s][debug][gc,heap        ] GC(38) Heap before GC invocations=38 (full 30):
[2026-08-01T15:57:52.430+0900][1.777s][debug][gc,heap        ] GC(38)  garbage-first heap   total 1212416K, used 170853K [0x00000234f6000000, 0x0000026bf6000000)
[2026-08-01T15:57:52.430+0900][1.777s][debug][gc,heap        ] GC(38)   region size 32768K, 3 young (98304K), 1 survivors (32768K)
[2026-08-01T15:57:52.430+0900][1.777s][debug][gc,heap        ] GC(38)  Metaspace       used 7631K, committed 7872K, reserved 1114112K
[2026-08-01T15:57:52.430+0900][1.777s][debug][gc,heap        ] GC(38)   class space    used 686K, committed 832K, reserved 1048576K
[2026-08-01T15:57:52.430+0900][1.777s][info ][gc,task        ] GC(38) Using 2 workers of 18 for full compaction
[2026-08-01T15:57:52.430+0900][1.777s][info ][gc,phases,start] GC(38) Phase 1: Mark live objects
[2026-08-01T15:57:52.470+0900][1.818s][info ][gc,phases      ] GC(38) Phase 1: Mark live objects 40.434ms
[2026-08-01T15:57:52.470+0900][1.818s][info ][gc,phases,start] GC(38) Phase 2: Prepare for compaction
[2026-08-01T15:57:52.477+0900][1.825s][info ][gc,phases      ] GC(38) Phase 2: Prepare for compaction 6.886ms
[2026-08-01T15:57:52.477+0900][1.825s][info ][gc,phases,start] GC(38) Phase 3: Adjust pointers
[2026-08-01T15:57:52.499+0900][1.846s][info ][gc,phases      ] GC(38) Phase 3: Adjust pointers 21.541ms
[2026-08-01T15:57:52.499+0900][1.846s][info ][gc,phases,start] GC(38) Phase 4: Compact heap
[2026-08-01T15:57:52.506+0900][1.854s][info ][gc,phases      ] GC(38) Phase 4: Compact heap 7.169ms
[2026-08-01T15:57:52.510+0900][1.857s][debug][gc,heap        ] GC(38) Uncommittable regions after shrink: 27
[2026-08-01T15:57:52.511+0900][1.858s][info ][gc,heap        ] GC(38) Eden regions: 2->0(2)
[2026-08-01T15:57:52.511+0900][1.858s][info ][gc,heap        ] GC(38) Survivor regions: 1->0(1)
[2026-08-01T15:57:52.511+0900][1.858s][info ][gc,heap        ] GC(38) Old regions: 4->3
[2026-08-01T15:57:52.511+0900][1.858s][info ][gc,heap        ] GC(38) Archive regions: 0->0
[2026-08-01T15:57:52.511+0900][1.858s][info ][gc,heap        ] GC(38) Humongous regions: 0->0
[2026-08-01T15:57:52.511+0900][1.858s][info ][gc,metaspace   ] GC(38) Metaspace: 7631K(7872K)->7631K(7872K) NonClass: 6945K(7040K)->6945K(7040K) Class: 686K(832K)->686K(832K)
[2026-08-01T15:57:52.511+0900][1.858s][debug][gc,heap        ] GC(38) Heap after GC invocations=39 (full 31):
[2026-08-01T15:57:52.511+0900][1.858s][debug][gc,heap        ] GC(38)  garbage-first heap   total 327680K, used 85769K [0x00000234f6000000, 0x0000026bf6000000)
[2026-08-01T15:57:52.511+0900][1.858s][debug][gc,heap        ] GC(38)   region size 32768K, 0 young (0K), 0 survivors (0K)
[2026-08-01T15:57:52.511+0900][1.858s][debug][gc,heap        ] GC(38)  Metaspace       used 7631K, committed 7872K, reserved 1114112K
[2026-08-01T15:57:52.511+0900][1.858s][debug][gc,heap        ] GC(38)   class space    used 686K, committed 832K, reserved 1048576K
[2026-08-01T15:57:52.511+0900][1.858s][info ][gc             ] GC(38) Pause Full (System.gc()) 194M->83M(320M) 81.421ms
[2026-08-01T15:57:52.511+0900][1.858s][info ][gc,cpu         ] GC(38) User=0.14s Sys=0.00s Real=0.08s
[2026-08-01T15:57:52.511+0900][1.859s][info ][safepoint      ] Safepoint "G1CollectFull", Time since last: 112407200 ns, Reaching safepoint: 45200 ns, At safepoint: 81486100 ns, Total: 81531300 ns
[2026-08-01T15:57:52.534+0900][1.882s][info ][gc,start       ] GC(39) Pause Full (System.gc())
[2026-08-01T15:57:52.535+0900][1.882s][debug][gc,heap        ] GC(39) Heap before GC invocations=39 (full 31):
[2026-08-01T15:57:52.535+0900][1.882s][debug][gc,heap        ] GC(39)  garbage-first heap   total 327680K, used 85769K [0x00000234f6000000, 0x0000026bf6000000)
[2026-08-01T15:57:52.535+0900][1.882s][debug][gc,heap        ] GC(39)   region size 32768K, 1 young (32768K), 0 survivors (0K)
[2026-08-01T15:57:52.535+0900][1.882s][debug][gc,heap        ] GC(39)  Metaspace       used 7631K, committed 7872K, reserved 1114112K
[2026-08-01T15:57:52.535+0900][1.882s][debug][gc,heap        ] GC(39)   class space    used 686K, committed 832K, reserved 1048576K
[2026-08-01T15:57:52.535+0900][1.882s][info ][gc,task        ] GC(39) Using 1 workers of 18 for full compaction
[2026-08-01T15:57:52.535+0900][1.882s][info ][gc,phases,start] GC(39) Phase 1: Mark live objects
[2026-08-01T15:57:52.583+0900][1.930s][info ][gc,phases      ] GC(39) Phase 1: Mark live objects 48.105ms
[2026-08-01T15:57:52.583+0900][1.930s][info ][gc,phases,start] GC(39) Phase 2: Prepare for compaction
[2026-08-01T15:57:52.596+0900][1.943s][info ][gc,phases      ] GC(39) Phase 2: Prepare for compaction 12.886ms
[2026-08-01T15:57:52.596+0900][1.943s][info ][gc,phases,start] GC(39) Phase 3: Adjust pointers
[2026-08-01T15:57:52.621+0900][1.968s][info ][gc,phases      ] GC(39) Phase 3: Adjust pointers 25.292ms
[2026-08-01T15:57:52.621+0900][1.968s][info ][gc,phases,start] GC(39) Phase 4: Compact heap
[2026-08-01T15:57:52.635+0900][1.983s][info ][gc,phases      ] GC(39) Phase 4: Compact heap 14.278ms
[2026-08-01T15:57:52.636+0900][1.984s][debug][gc,heap        ] GC(39) Uncommittable regions after shrink: 3
[2026-08-01T15:57:52.637+0900][1.985s][info ][gc,heap        ] GC(39) Eden regions: 1->0(1)
[2026-08-01T15:57:52.638+0900][1.985s][info ][gc,heap        ] GC(39) Survivor regions: 0->0(1)
[2026-08-01T15:57:52.638+0900][1.985s][info ][gc,heap        ] GC(39) Old regions: 3->2
[2026-08-01T15:57:52.638+0900][1.985s][info ][gc,heap        ] GC(39) Archive regions: 0->0
[2026-08-01T15:57:52.638+0900][1.985s][info ][gc,heap        ] GC(39) Humongous regions: 0->0
[2026-08-01T15:57:52.638+0900][1.985s][info ][gc,metaspace   ] GC(39) Metaspace: 7631K(7872K)->7631K(7872K) NonClass: 6945K(7040K)->6945K(7040K) Class: 686K(832K)->686K(832K)
[2026-08-01T15:57:52.638+0900][1.985s][debug][gc,heap        ] GC(39) Heap after GC invocations=40 (full 32):
[2026-08-01T15:57:52.638+0900][1.985s][debug][gc,heap        ] GC(39)  garbage-first heap   total 229376K, used 48778K [0x00000234f6000000, 0x0000026bf6000000)
[2026-08-01T15:57:52.638+0900][1.985s][debug][gc,heap        ] GC(39)   region size 32768K, 0 young (0K), 0 survivors (0K)
[2026-08-01T15:57:52.638+0900][1.985s][debug][gc,heap        ] GC(39)  Metaspace       used 7631K, committed 7872K, reserved 1114112K
[2026-08-01T15:57:52.638+0900][1.985s][debug][gc,heap        ] GC(39)   class space    used 686K, committed 832K, reserved 1048576K
[2026-08-01T15:57:52.638+0900][1.985s][info ][gc             ] GC(39) Pause Full (System.gc()) 97M->47M(224M) 103.529ms
[2026-08-01T15:57:52.638+0900][1.985s][info ][gc,cpu         ] GC(39) User=0.11s Sys=0.00s Real=0.10s
[2026-08-01T15:57:52.638+0900][1.985s][info ][safepoint      ] Safepoint "G1CollectFull", Time since last: 23258200 ns, Reaching safepoint: 30200 ns, At safepoint: 103669800 ns, Total: 103700000 ns
[2026-08-01T15:57:52.673+0900][2.020s][info ][gc,start       ] GC(40) Pause Full (System.gc())
[2026-08-01T15:57:52.673+0900][2.020s][debug][gc,heap        ] GC(40) Heap before GC invocations=40 (full 32):
[2026-08-01T15:57:52.673+0900][2.020s][debug][gc,heap        ] GC(40)  garbage-first heap   total 229376K, used 48778K [0x00000234f6000000, 0x0000026bf6000000)
[2026-08-01T15:57:52.673+0900][2.020s][debug][gc,heap        ] GC(40)   region size 32768K, 1 young (32768K), 0 survivors (0K)
[2026-08-01T15:57:52.673+0900][2.020s][debug][gc,heap        ] GC(40)  Metaspace       used 7727K, committed 8000K, reserved 1114112K
[2026-08-01T15:57:52.673+0900][2.020s][debug][gc,heap        ] GC(40)   class space    used 693K, committed 832K, reserved 1048576K
[2026-08-01T15:57:52.673+0900][2.020s][info ][gc,task        ] GC(40) Using 1 workers of 18 for full compaction
[2026-08-01T15:57:52.673+0900][2.020s][info ][gc,phases,start] GC(40) Phase 1: Mark live objects
[2026-08-01T15:57:52.730+0900][2.078s][info ][gc,phases      ] GC(40) Phase 1: Mark live objects 57.421ms
[2026-08-01T15:57:52.730+0900][2.078s][info ][gc,phases,start] GC(40) Phase 2: Prepare for compaction
[2026-08-01T15:57:52.737+0900][2.085s][info ][gc,phases      ] GC(40) Phase 2: Prepare for compaction 6.718ms
[2026-08-01T15:57:52.737+0900][2.085s][info ][gc,phases,start] GC(40) Phase 3: Adjust pointers
[2026-08-01T15:57:52.758+0900][2.106s][info ][gc,phases      ] GC(40) Phase 3: Adjust pointers 21.254ms
[2026-08-01T15:57:52.758+0900][2.106s][info ][gc,phases,start] GC(40) Phase 4: Compact heap
[2026-08-01T15:57:52.764+0900][2.112s][info ][gc,phases      ] GC(40) Phase 4: Compact heap 6.130ms
[2026-08-01T15:57:52.767+0900][2.114s][info ][gc,heap        ] GC(40) Eden regions: 1->0(1)
[2026-08-01T15:57:52.767+0900][2.114s][info ][gc,heap        ] GC(40) Survivor regions: 0->0(1)
[2026-08-01T15:57:52.767+0900][2.114s][info ][gc,heap        ] GC(40) Old regions: 2->2
[2026-08-01T15:57:52.767+0900][2.114s][info ][gc,heap        ] GC(40) Archive regions: 0->0
[2026-08-01T15:57:52.767+0900][2.114s][info ][gc,heap        ] GC(40) Humongous regions: 0->0
[2026-08-01T15:57:52.767+0900][2.114s][info ][gc,metaspace   ] GC(40) Metaspace: 7727K(8000K)->7727K(8000K) NonClass: 7034K(7168K)->7034K(7168K) Class: 693K(832K)->693K(832K)
[2026-08-01T15:57:52.767+0900][2.114s][debug][gc,heap        ] GC(40) Heap after GC invocations=41 (full 33):
[2026-08-01T15:57:52.767+0900][2.114s][debug][gc,heap        ] GC(40)  garbage-first heap   total 229376K, used 55591K [0x00000234f6000000, 0x0000026bf6000000)
[2026-08-01T15:57:52.767+0900][2.114s][debug][gc,heap        ] GC(40)   region size 32768K, 0 young (0K), 0 survivors (0K)
[2026-08-01T15:57:52.767+0900][2.114s][debug][gc,heap        ] GC(40)  Metaspace       used 7727K, committed 8000K, reserved 1114112K
[2026-08-01T15:57:52.767+0900][2.114s][debug][gc,heap        ] GC(40)   class space    used 693K, committed 832K, reserved 1048576K
[2026-08-01T15:57:52.767+0900][2.114s][info ][gc             ] GC(40) Pause Full (System.gc()) 70M->54M(224M) 94.228ms
[2026-08-01T15:57:52.767+0900][2.114s][info ][gc,cpu         ] GC(40) User=0.12s Sys=0.00s Real=0.09s
[2026-08-01T15:57:52.767+0900][2.115s][info ][safepoint      ] Safepoint "G1CollectFull", Time since last: 34668000 ns, Reaching safepoint: 52300 ns, At safepoint: 94345100 ns, Total: 94397400 ns
[2026-08-01T15:57:52.799+0900][2.147s][info ][gc,start       ] GC(41) Pause Young (Normal) (G1 Evacuation Pause)
[2026-08-01T15:57:52.799+0900][2.147s][debug][gc,heap        ] GC(41) Heap before GC invocations=41 (full 33):
[2026-08-01T15:57:52.799+0900][2.147s][debug][gc,heap        ] GC(41)  garbage-first heap   total 229376K, used 88359K [0x00000234f6000000, 0x0000026bf6000000)
[2026-08-01T15:57:52.799+0900][2.147s][debug][gc,heap        ] GC(41)   region size 32768K, 1 young (32768K), 0 survivors (0K)
[2026-08-01T15:57:52.799+0900][2.147s][debug][gc,heap        ] GC(41)  Metaspace       used 7774K, committed 8064K, reserved 1114112K
[2026-08-01T15:57:52.799+0900][2.147s][debug][gc,heap        ] GC(41)   class space    used 698K, committed 832K, reserved 1048576K
[2026-08-01T15:57:52.799+0900][2.147s][info ][gc,task        ] GC(41) Using 5 workers of 18 for evacuation
[2026-08-01T15:57:52.807+0900][2.154s][info ][gc,phases      ] GC(41)   Pre Evacuate Collection Set: 0.1ms
[2026-08-01T15:57:52.807+0900][2.154s][info ][gc,phases      ] GC(41)   Merge Heap Roots: 0.1ms
[2026-08-01T15:57:52.807+0900][2.154s][info ][gc,phases      ] GC(41)   Evacuate Collection Set: 6.9ms
[2026-08-01T15:57:52.807+0900][2.154s][info ][gc,phases      ] GC(41)   Post Evacuate Collection Set: 0.2ms
[2026-08-01T15:57:52.807+0900][2.154s][info ][gc,phases      ] GC(41)   Other: 0.1ms
[2026-08-01T15:57:52.807+0900][2.154s][info ][gc,heap        ] GC(41) Eden regions: 1->0(1)
[2026-08-01T15:57:52.807+0900][2.154s][info ][gc,heap        ] GC(41) Survivor regions: 0->1(1)
[2026-08-01T15:57:52.807+0900][2.154s][info ][gc,heap        ] GC(41) Old regions: 2->2
[2026-08-01T15:57:52.807+0900][2.155s][info ][gc,heap        ] GC(41) Archive regions: 0->0
[2026-08-01T15:57:52.807+0900][2.155s][info ][gc,heap        ] GC(41) Humongous regions: 0->0
[2026-08-01T15:57:52.807+0900][2.155s][info ][gc,metaspace   ] GC(41) Metaspace: 7774K(8064K)->7774K(8064K) NonClass: 7076K(7232K)->7076K(7232K) Class: 698K(832K)->698K(832K)
[2026-08-01T15:57:52.807+0900][2.155s][debug][gc,heap        ] GC(41) Heap after GC invocations=42 (full 33):
[2026-08-01T15:57:52.807+0900][2.155s][debug][gc,heap        ] GC(41)  garbage-first heap   total 229376K, used 70970K [0x00000234f6000000, 0x0000026bf6000000)
[2026-08-01T15:57:52.807+0900][2.155s][debug][gc,heap        ] GC(41)   region size 32768K, 1 young (32768K), 1 survivors (32768K)
[2026-08-01T15:57:52.807+0900][2.155s][debug][gc,heap        ] GC(41)  Metaspace       used 7774K, committed 8064K, reserved 1114112K
[2026-08-01T15:57:52.807+0900][2.155s][debug][gc,heap        ] GC(41)   class space    used 698K, committed 832K, reserved 1048576K
[2026-08-01T15:57:52.807+0900][2.155s][info ][gc             ] GC(41) Pause Young (Normal) (G1 Evacuation Pause) 86M->69M(224M) 7.724ms
[2026-08-01T15:57:52.807+0900][2.155s][info ][gc,cpu         ] GC(41) User=0.00s Sys=0.00s Real=0.01s
[2026-08-01T15:57:52.807+0900][2.155s][info ][safepoint      ] Safepoint "G1CollectForAllocation", Time since last: 32267200 ns, Reaching safepoint: 23300 ns, At safepoint: 7842600 ns, Total: 7865900 ns
[2026-08-01T15:57:52.835+0900][2.182s][info ][gc,start       ] GC(42) Pause Young (Normal) (G1 Evacuation Pause)
[2026-08-01T15:57:52.835+0900][2.182s][debug][gc,heap        ] GC(42) Heap before GC invocations=42 (full 33):
[2026-08-01T15:57:52.835+0900][2.182s][debug][gc,heap        ] GC(42)  garbage-first heap   total 229376K, used 103738K [0x00000234f6000000, 0x0000026bf6000000)
[2026-08-01T15:57:52.835+0900][2.182s][debug][gc,heap        ] GC(42)   region size 32768K, 2 young (65536K), 1 survivors (32768K)
[2026-08-01T15:57:52.835+0900][2.182s][debug][gc,heap        ] GC(42)  Metaspace       used 7852K, committed 8192K, reserved 1114112K
[2026-08-01T15:57:52.835+0900][2.182s][debug][gc,heap        ] GC(42)   class space    used 710K, committed 896K, reserved 1048576K
[2026-08-01T15:57:52.835+0900][2.182s][info ][gc,task        ] GC(42) Using 5 workers of 18 for evacuation
[2026-08-01T15:57:52.847+0900][2.195s][info ][gc,phases      ] GC(42)   Pre Evacuate Collection Set: 0.1ms
[2026-08-01T15:57:52.847+0900][2.195s][info ][gc,phases      ] GC(42)   Merge Heap Roots: 0.2ms
[2026-08-01T15:57:52.847+0900][2.195s][info ][gc,phases      ] GC(42)   Evacuate Collection Set: 11.5ms
[2026-08-01T15:57:52.847+0900][2.195s][info ][gc,phases      ] GC(42)   Post Evacuate Collection Set: 0.4ms
[2026-08-01T15:57:52.847+0900][2.195s][info ][gc,phases      ] GC(42)   Other: 0.1ms
[2026-08-01T15:57:52.847+0900][2.195s][info ][gc,heap        ] GC(42) Eden regions: 1->0(1)
[2026-08-01T15:57:52.847+0900][2.195s][info ][gc,heap        ] GC(42) Survivor regions: 1->1(1)
[2026-08-01T15:57:52.847+0900][2.195s][info ][gc,heap        ] GC(42) Old regions: 2->2
[2026-08-01T15:57:52.847+0900][2.195s][info ][gc,heap        ] GC(42) Archive regions: 0->0
[2026-08-01T15:57:52.847+0900][2.195s][info ][gc,heap        ] GC(42) Humongous regions: 0->0
[2026-08-01T15:57:52.847+0900][2.195s][info ][gc,metaspace   ] GC(42) Metaspace: 7852K(8192K)->7852K(8192K) NonClass: 7141K(7296K)->7141K(7296K) Class: 710K(896K)->710K(896K)
[2026-08-01T15:57:52.847+0900][2.195s][debug][gc,heap        ] GC(42) Heap after GC invocations=43 (full 33):
[2026-08-01T15:57:52.847+0900][2.195s][debug][gc,heap        ] GC(42)  garbage-first heap   total 229376K, used 84426K [0x00000234f6000000, 0x0000026bf6000000)
[2026-08-01T15:57:52.847+0900][2.195s][debug][gc,heap        ] GC(42)   region size 32768K, 1 young (32768K), 1 survivors (32768K)
[2026-08-01T15:57:52.847+0900][2.195s][debug][gc,heap        ] GC(42)  Metaspace       used 7852K, committed 8192K, reserved 1114112K
[2026-08-01T15:57:52.847+0900][2.195s][debug][gc,heap        ] GC(42)   class space    used 710K, committed 896K, reserved 1048576K
[2026-08-01T15:57:52.847+0900][2.195s][info ][gc             ] GC(42) Pause Young (Normal) (G1 Evacuation Pause) 101M->82M(224M) 12.961ms
[2026-08-01T15:57:52.847+0900][2.195s][info ][gc,cpu         ] GC(42) User=0.08s Sys=0.00s Real=0.01s
[2026-08-01T15:57:52.847+0900][2.195s][info ][safepoint      ] Safepoint "G1CollectForAllocation", Time since last: 27423900 ns, Reaching safepoint: 105400 ns, At safepoint: 13003100 ns, Total: 13108500 ns
[2026-08-01T15:57:52.864+0900][2.212s][info ][gc,start       ] GC(43) Pause Young (Normal) (G1 Evacuation Pause)
[2026-08-01T15:57:52.864+0900][2.212s][debug][gc,heap        ] GC(43) Heap before GC invocations=43 (full 33):
[2026-08-01T15:57:52.864+0900][2.212s][debug][gc,heap        ] GC(43)  garbage-first heap   total 229376K, used 117194K [0x00000234f6000000, 0x0000026bf6000000)
[2026-08-01T15:57:52.864+0900][2.212s][debug][gc,heap        ] GC(43)   region size 32768K, 2 young (65536K), 1 survivors (32768K)
[2026-08-01T15:57:52.864+0900][2.212s][debug][gc,heap        ] GC(43)  Metaspace       used 7852K, committed 8192K, reserved 1114112K
[2026-08-01T15:57:52.864+0900][2.212s][debug][gc,heap        ] GC(43)   class space    used 710K, committed 896K, reserved 1048576K
[2026-08-01T15:57:52.864+0900][2.212s][info ][gc,task        ] GC(43) Using 5 workers of 18 for evacuation
[2026-08-01T15:57:52.881+0900][2.229s][info ][gc,phases      ] GC(43)   Pre Evacuate Collection Set: 0.1ms
[2026-08-01T15:57:52.881+0900][2.229s][info ][gc,phases      ] GC(43)   Merge Heap Roots: 0.2ms
[2026-08-01T15:57:52.881+0900][2.229s][info ][gc,phases      ] GC(43)   Evacuate Collection Set: 16.5ms
[2026-08-01T15:57:52.881+0900][2.229s][info ][gc,phases      ] GC(43)   Post Evacuate Collection Set: 0.3ms
[2026-08-01T15:57:52.881+0900][2.229s][info ][gc,phases      ] GC(43)   Other: 0.1ms
[2026-08-01T15:57:52.882+0900][2.229s][info ][gc,heap        ] GC(43) Eden regions: 1->0(1)
[2026-08-01T15:57:52.882+0900][2.229s][info ][gc,heap        ] GC(43) Survivor regions: 1->1(1)
[2026-08-01T15:57:52.882+0900][2.229s][info ][gc,heap        ] GC(43) Old regions: 2->3
[2026-08-01T15:57:52.882+0900][2.229s][info ][gc,heap        ] GC(43) Archive regions: 0->0
[2026-08-01T15:57:52.882+0900][2.229s][info ][gc,heap        ] GC(43) Humongous regions: 0->0
[2026-08-01T15:57:52.882+0900][2.229s][info ][gc,metaspace   ] GC(43) Metaspace: 7852K(8192K)->7852K(8192K) NonClass: 7141K(7296K)->7141K(7296K) Class: 710K(896K)->710K(896K)
[2026-08-01T15:57:52.882+0900][2.229s][debug][gc,heap        ] GC(43) Heap after GC invocations=44 (full 33):
[2026-08-01T15:57:52.882+0900][2.229s][debug][gc,heap        ] GC(43)  garbage-first heap   total 229376K, used 101667K [0x00000234f6000000, 0x0000026bf6000000)
[2026-08-01T15:57:52.882+0900][2.229s][debug][gc,heap        ] GC(43)   region size 32768K, 1 young (32768K), 1 survivors (32768K)
[2026-08-01T15:57:52.882+0900][2.229s][debug][gc,heap        ] GC(43)  Metaspace       used 7852K, committed 8192K, reserved 1114112K
[2026-08-01T15:57:52.882+0900][2.229s][debug][gc,heap        ] GC(43)   class space    used 710K, committed 896K, reserved 1048576K
[2026-08-01T15:57:52.882+0900][2.229s][info ][gc             ] GC(43) Pause Young (Normal) (G1 Evacuation Pause) 114M->99M(224M) 17.678ms
[2026-08-01T15:57:52.882+0900][2.229s][info ][gc,cpu         ] GC(43) User=0.08s Sys=0.00s Real=0.02s
[2026-08-01T15:57:52.882+0900][2.229s][info ][safepoint      ] Safepoint "G1CollectForAllocation", Time since last: 16390100 ns, Reaching safepoint: 92500 ns, At safepoint: 17742600 ns, Total: 17835100 ns
[2026-08-01T15:57:52.887+0900][2.234s][debug][gc,heap        ] Concurrent Uncommit Summary: 960M, 30 regions, 17.735ms
[2026-08-01T15:57:52.917+0900][2.264s][info ][gc,start       ] GC(44) Pause Young (Normal) (G1 Evacuation Pause)
[2026-08-01T15:57:52.917+0900][2.264s][debug][gc,heap        ] GC(44) Heap before GC invocations=44 (full 33):
[2026-08-01T15:57:52.917+0900][2.264s][debug][gc,heap        ] GC(44)  garbage-first heap   total 229376K, used 134435K [0x00000234f6000000, 0x0000026bf6000000)
[2026-08-01T15:57:52.917+0900][2.264s][debug][gc,heap        ] GC(44)   region size 32768K, 2 young (65536K), 1 survivors (32768K)
[2026-08-01T15:57:52.917+0900][2.264s][debug][gc,heap        ] GC(44)  Metaspace       used 7922K, committed 8256K, reserved 1114112K
[2026-08-01T15:57:52.917+0900][2.264s][debug][gc,heap        ] GC(44)   class space    used 714K, committed 896K, reserved 1048576K
[2026-08-01T15:57:52.917+0900][2.264s][info ][gc,task        ] GC(44) Using 5 workers of 18 for evacuation
[2026-08-01T15:57:52.934+0900][2.282s][info ][gc,phases      ] GC(44)   Pre Evacuate Collection Set: 0.1ms
[2026-08-01T15:57:52.934+0900][2.282s][info ][gc,phases      ] GC(44)   Merge Heap Roots: 0.2ms
[2026-08-01T15:57:52.934+0900][2.282s][info ][gc,phases      ] GC(44)   Evacuate Collection Set: 15.2ms
[2026-08-01T15:57:52.934+0900][2.282s][info ][gc,phases      ] GC(44)   Post Evacuate Collection Set: 2.1ms
[2026-08-01T15:57:52.934+0900][2.282s][info ][gc,phases      ] GC(44)   Other: 0.1ms
[2026-08-01T15:57:52.934+0900][2.282s][info ][gc,heap        ] GC(44) Eden regions: 1->0(9)
[2026-08-01T15:57:52.934+0900][2.282s][info ][gc,heap        ] GC(44) Survivor regions: 1->1(1)
[2026-08-01T15:57:52.935+0900][2.282s][info ][gc,heap        ] GC(44) Old regions: 3->4
[2026-08-01T15:57:52.935+0900][2.282s][info ][gc,heap        ] GC(44) Archive regions: 0->0
[2026-08-01T15:57:52.935+0900][2.282s][info ][gc,heap        ] GC(44) Humongous regions: 0->0
[2026-08-01T15:57:52.935+0900][2.282s][info ][gc,metaspace   ] GC(44) Metaspace: 7922K(8256K)->7922K(8256K) NonClass: 7207K(7360K)->7207K(7360K) Class: 714K(896K)->714K(896K)
[2026-08-01T15:57:52.935+0900][2.282s][debug][gc,heap        ] GC(44) Heap after GC invocations=45 (full 33):
[2026-08-01T15:57:52.935+0900][2.282s][debug][gc,heap        ] GC(44)  garbage-first heap   total 1179648K, used 120762K [0x00000234f6000000, 0x0000026bf6000000)
[2026-08-01T15:57:52.935+0900][2.282s][debug][gc,heap        ] GC(44)   region size 32768K, 1 young (32768K), 1 survivors (32768K)
[2026-08-01T15:57:52.935+0900][2.282s][debug][gc,heap        ] GC(44)  Metaspace       used 7922K, committed 8256K, reserved 1114112K
[2026-08-01T15:57:52.935+0900][2.282s][debug][gc,heap        ] GC(44)   class space    used 714K, committed 896K, reserved 1048576K
[2026-08-01T15:57:52.935+0900][2.282s][info ][gc             ] GC(44) Pause Young (Normal) (G1 Evacuation Pause) 131M->117M(1152M) 17.992ms
[2026-08-01T15:57:52.935+0900][2.282s][info ][gc,cpu         ] GC(44) User=0.09s Sys=0.02s Real=0.02s
[2026-08-01T15:57:52.935+0900][2.282s][info ][safepoint      ] Safepoint "G1CollectForAllocation", Time since last: 34820600 ns, Reaching safepoint: 90100 ns, At safepoint: 18048800 ns, Total: 18138900 ns
[2026-08-01T15:57:53.223+0900][2.571s][info ][gc,start       ] GC(45) Pause Young (Normal) (G1 Evacuation Pause)
[2026-08-01T15:57:53.224+0900][2.571s][debug][gc,heap        ] GC(45) Heap before GC invocations=45 (full 33):
[2026-08-01T15:57:53.224+0900][2.571s][debug][gc,heap        ] GC(45)  garbage-first heap   total 1179648K, used 415674K [0x00000234f6000000, 0x0000026bf6000000)
[2026-08-01T15:57:53.224+0900][2.571s][debug][gc,heap        ] GC(45)   region size 32768K, 10 young (327680K), 1 survivors (32768K)
[2026-08-01T15:57:53.224+0900][2.571s][debug][gc,heap        ] GC(45)  Metaspace       used 8145K, committed 8448K, reserved 1114112K
[2026-08-01T15:57:53.224+0900][2.571s][debug][gc,heap        ] GC(45)   class space    used 717K, committed 896K, reserved 1048576K
[2026-08-01T15:57:53.224+0900][2.572s][info ][gc,task        ] GC(45) Using 18 workers of 18 for evacuation
[2026-08-01T15:57:53.241+0900][2.589s][info ][gc,phases      ] GC(45)   Pre Evacuate Collection Set: 0.1ms
[2026-08-01T15:57:53.241+0900][2.589s][info ][gc,phases      ] GC(45)   Merge Heap Roots: 0.3ms
[2026-08-01T15:57:53.241+0900][2.589s][info ][gc,phases      ] GC(45)   Evacuate Collection Set: 16.5ms
[2026-08-01T15:57:53.241+0900][2.589s][info ][gc,phases      ] GC(45)   Post Evacuate Collection Set: 0.3ms
[2026-08-01T15:57:53.241+0900][2.589s][info ][gc,phases      ] GC(45)   Other: 0.3ms
[2026-08-01T15:57:53.241+0900][2.589s][info ][gc,heap        ] GC(45) Eden regions: 9->0(16)
[2026-08-01T15:57:53.241+0900][2.589s][info ][gc,heap        ] GC(45) Survivor regions: 1->2(2)
[2026-08-01T15:57:53.241+0900][2.589s][info ][gc,heap        ] GC(45) Old regions: 4->5
[2026-08-01T15:57:53.241+0900][2.589s][info ][gc,heap        ] GC(45) Archive regions: 0->0
[2026-08-01T15:57:53.241+0900][2.589s][info ][gc,heap        ] GC(45) Humongous regions: 0->0
[2026-08-01T15:57:53.241+0900][2.589s][info ][gc,metaspace   ] GC(45) Metaspace: 8145K(8448K)->8145K(8448K) NonClass: 7427K(7552K)->7427K(7552K) Class: 717K(896K)->717K(896K)
[2026-08-01T15:57:53.241+0900][2.589s][debug][gc,heap        ] GC(45) Heap after GC invocations=46 (full 33):
[2026-08-01T15:57:53.241+0900][2.589s][debug][gc,heap        ] GC(45)  garbage-first heap   total 1179648K, used 188419K [0x00000234f6000000, 0x0000026bf6000000)
[2026-08-01T15:57:53.241+0900][2.589s][debug][gc,heap        ] GC(45)   region size 32768K, 2 young (65536K), 2 survivors (65536K)
[2026-08-01T15:57:53.241+0900][2.589s][debug][gc,heap        ] GC(45)  Metaspace       used 8145K, committed 8448K, reserved 1114112K
[2026-08-01T15:57:53.241+0900][2.589s][debug][gc,heap        ] GC(45)   class space    used 717K, committed 896K, reserved 1048576K
[2026-08-01T15:57:53.241+0900][2.589s][info ][gc             ] GC(45) Pause Young (Normal) (G1 Evacuation Pause) 405M->184M(1152M) 18.023ms
[2026-08-01T15:57:53.241+0900][2.589s][info ][gc,cpu         ] GC(45) User=0.25s Sys=0.03s Real=0.02s
[2026-08-01T15:57:53.242+0900][2.589s][info ][safepoint      ] Safepoint "G1CollectForAllocation", Time since last: 288677300 ns, Reaching safepoint: 94500 ns, At safepoint: 18080400 ns, Total: 18174900 ns
[2026-08-01T15:57:53.723+0900][3.071s][info ][gc,start       ] GC(46) Pause Full (System.gc())
[2026-08-01T15:57:53.723+0900][3.071s][debug][gc,heap        ] GC(46) Heap before GC invocations=46 (full 33):
[2026-08-01T15:57:53.724+0900][3.071s][debug][gc,heap        ] GC(46)  garbage-first heap   total 1179648K, used 581635K [0x00000234f6000000, 0x0000026bf6000000)
[2026-08-01T15:57:53.724+0900][3.071s][debug][gc,heap        ] GC(46)   region size 32768K, 16 young (524288K), 2 survivors (65536K)
[2026-08-01T15:57:53.724+0900][3.071s][debug][gc,heap        ] GC(46)  Metaspace       used 8247K, committed 8576K, reserved 1114112K
[2026-08-01T15:57:53.724+0900][3.071s][debug][gc,heap        ] GC(46)   class space    used 724K, committed 896K, reserved 1048576K
[2026-08-01T15:57:53.724+0900][3.071s][info ][gc,task        ] GC(46) Using 2 workers of 18 for full compaction
[2026-08-01T15:57:53.724+0900][3.072s][info ][gc,phases,start] GC(46) Phase 1: Mark live objects
[2026-08-01T15:57:54.002+0900][3.350s][info ][gc,phases      ] GC(46) Phase 1: Mark live objects 278.045ms
[2026-08-01T15:57:54.002+0900][3.350s][info ][gc,phases,start] GC(46) Phase 2: Prepare for compaction
[2026-08-01T15:57:54.057+0900][3.405s][info ][gc,phases      ] GC(46) Phase 2: Prepare for compaction 55.299ms
[2026-08-01T15:57:54.057+0900][3.405s][info ][gc,phases,start] GC(46) Phase 3: Adjust pointers
[2026-08-01T15:57:54.173+0900][3.521s][info ][gc,phases      ] GC(46) Phase 3: Adjust pointers 115.624ms
[2026-08-01T15:57:54.173+0900][3.521s][info ][gc,phases,start] GC(46) Phase 4: Compact heap
[2026-08-01T15:57:54.231+0900][3.578s][info ][gc,phases      ] GC(46) Phase 4: Compact heap 57.694ms
[2026-08-01T15:57:54.237+0900][3.585s][debug][gc,heap        ] GC(46) Uncommittable regions after shrink: 2
[2026-08-01T15:57:54.238+0900][3.586s][info ][gc,heap        ] GC(46) Eden regions: 14->0(11)
[2026-08-01T15:57:54.238+0900][3.586s][info ][gc,heap        ] GC(46) Survivor regions: 2->0(2)
[2026-08-01T15:57:54.238+0900][3.586s][info ][gc,heap        ] GC(46) Old regions: 5->10
[2026-08-01T15:57:54.238+0900][3.586s][info ][gc,heap        ] GC(46) Archive regions: 0->0
[2026-08-01T15:57:54.238+0900][3.586s][info ][gc,heap        ] GC(46) Humongous regions: 0->0
[2026-08-01T15:57:54.238+0900][3.586s][info ][gc,metaspace   ] GC(46) Metaspace: 8247K(8576K)->8247K(8576K) NonClass: 7522K(7680K)->7522K(7680K) Class: 724K(896K)->724K(896K)
[2026-08-01T15:57:54.238+0900][3.586s][debug][gc,heap        ] GC(46) Heap after GC invocations=47 (full 34):
[2026-08-01T15:57:54.238+0900][3.586s][debug][gc,heap        ] GC(46)  garbage-first heap   total 1114112K, used 288222K [0x00000234f6000000, 0x0000026bf6000000)
[2026-08-01T15:57:54.238+0900][3.586s][debug][gc,heap        ] GC(46)   region size 32768K, 0 young (0K), 0 survivors (0K)
[2026-08-01T15:57:54.239+0900][3.586s][debug][gc,heap        ] GC(46)  Metaspace       used 8247K, committed 8576K, reserved 1114112K
[2026-08-01T15:57:54.239+0900][3.586s][debug][gc,heap        ] GC(46)   class space    used 724K, committed 896K, reserved 1048576K
[2026-08-01T15:57:54.239+0900][3.586s][info ][gc             ] GC(46) Pause Full (System.gc()) 612M->281M(1088M) 515.119ms
[2026-08-01T15:57:54.239+0900][3.586s][info ][gc,cpu         ] GC(46) User=1.00s Sys=0.02s Real=0.52s
[2026-08-01T15:57:54.239+0900][3.586s][info ][safepoint      ] Safepoint "G1CollectFull", Time since last: 481807800 ns, Reaching safepoint: 104100 ns, At safepoint: 515229300 ns, Total: 515333400 ns
[2026-08-01T15:57:54.344+0900][3.692s][debug][gc,heap        ] Concurrent Uncommit Summary: 65536K, 2 regions, 4.812ms
[2026-08-01T15:57:54.803+0900][4.151s][info ][gc,start       ] GC(47) Pause Young (Normal) (G1 Evacuation Pause)
[2026-08-01T15:57:54.803+0900][4.151s][debug][gc,heap        ] GC(47) Heap before GC invocations=47 (full 34):
[2026-08-01T15:57:54.803+0900][4.151s][debug][gc,heap        ] GC(47)  garbage-first heap   total 1114112K, used 615902K [0x00000234f6000000, 0x0000026bf6000000)
[2026-08-01T15:57:54.803+0900][4.151s][debug][gc,heap        ] GC(47)   region size 32768K, 11 young (360448K), 0 survivors (0K)
[2026-08-01T15:57:54.803+0900][4.151s][debug][gc,heap        ] GC(47)  Metaspace       used 8247K, committed 8576K, reserved 1114112K
[2026-08-01T15:57:54.803+0900][4.151s][debug][gc,heap        ] GC(47)   class space    used 724K, committed 896K, reserved 1048576K
[2026-08-01T15:57:54.803+0900][4.151s][info ][gc,task        ] GC(47) Using 18 workers of 18 for evacuation
[2026-08-01T15:57:54.901+0900][4.249s][info ][gc,phases      ] GC(47)   Pre Evacuate Collection Set: 0.1ms
[2026-08-01T15:57:54.901+0900][4.249s][info ][gc,phases      ] GC(47)   Merge Heap Roots: 0.1ms
[2026-08-01T15:57:54.901+0900][4.249s][info ][gc,phases      ] GC(47)   Evacuate Collection Set: 97.5ms
[2026-08-01T15:57:54.901+0900][4.249s][info ][gc,phases      ] GC(47)   Post Evacuate Collection Set: 0.3ms
[2026-08-01T15:57:54.901+0900][4.249s][info ][gc,phases      ] GC(47)   Other: 0.1ms
[2026-08-01T15:57:54.901+0900][4.249s][info ][gc,heap        ] GC(47) Eden regions: 11->0(5)
[2026-08-01T15:57:54.901+0900][4.249s][info ][gc,heap        ] GC(47) Survivor regions: 0->2(2)
[2026-08-01T15:57:54.901+0900][4.249s][info ][gc,heap        ] GC(47) Old regions: 10->14
[2026-08-01T15:57:54.901+0900][4.249s][info ][gc,heap        ] GC(47) Archive regions: 0->0
[2026-08-01T15:57:54.901+0900][4.249s][info ][gc,heap        ] GC(47) Humongous regions: 0->0
[2026-08-01T15:57:54.901+0900][4.249s][info ][gc,metaspace   ] GC(47) Metaspace: 8247K(8576K)->8247K(8576K) NonClass: 7522K(7680K)->7522K(7680K) Class: 724K(896K)->724K(896K)
[2026-08-01T15:57:54.901+0900][4.249s][debug][gc,heap        ] GC(47) Heap after GC invocations=48 (full 34):
[2026-08-01T15:57:54.901+0900][4.249s][debug][gc,heap        ] GC(47)  garbage-first heap   total 1114112K, used 478553K [0x00000234f6000000, 0x0000026bf6000000)
[2026-08-01T15:57:54.901+0900][4.249s][debug][gc,heap        ] GC(47)   region size 32768K, 2 young (65536K), 2 survivors (65536K)
[2026-08-01T15:57:54.901+0900][4.249s][debug][gc,heap        ] GC(47)  Metaspace       used 8247K, committed 8576K, reserved 1114112K
[2026-08-01T15:57:54.901+0900][4.249s][debug][gc,heap        ] GC(47)   class space    used 724K, committed 896K, reserved 1048576K
[2026-08-01T15:57:54.901+0900][4.249s][info ][gc             ] GC(47) Pause Young (Normal) (G1 Evacuation Pause) 633M->467M(1088M) 98.424ms
[2026-08-01T15:57:54.901+0900][4.249s][info ][gc,cpu         ] GC(47) User=0.56s Sys=0.08s Real=0.10s
[2026-08-01T15:57:54.901+0900][4.249s][info ][safepoint      ] Safepoint "G1CollectForAllocation", Time since last: 564075000 ns, Reaching safepoint: 53000 ns, At safepoint: 98477700 ns, Total: 98530700 ns
[2026-08-01T15:57:55.133+0900][4.481s][info ][gc,start       ] GC(48) Pause Young (Normal) (G1 Evacuation Pause)
[2026-08-01T15:57:55.134+0900][4.481s][debug][gc,heap        ] GC(48) Heap before GC invocations=48 (full 34):
[2026-08-01T15:57:55.134+0900][4.481s][debug][gc,heap        ] GC(48)  garbage-first heap   total 1114112K, used 642393K [0x00000234f6000000, 0x0000026bf6000000)
[2026-08-01T15:57:55.134+0900][4.481s][debug][gc,heap        ] GC(48)   region size 32768K, 7 young (229376K), 2 survivors (65536K)
[2026-08-01T15:57:55.134+0900][4.481s][debug][gc,heap        ] GC(48)  Metaspace       used 8247K, committed 8576K, reserved 1114112K
[2026-08-01T15:57:55.134+0900][4.481s][debug][gc,heap        ] GC(48)   class space    used 724K, committed 896K, reserved 1048576K
[2026-08-01T15:57:55.134+0900][4.481s][info ][gc,task        ] GC(48) Using 18 workers of 18 for evacuation
[2026-08-01T15:57:55.181+0900][4.528s][info ][gc,phases      ] GC(48)   Pre Evacuate Collection Set: 0.1ms
[2026-08-01T15:57:55.181+0900][4.528s][info ][gc,phases      ] GC(48)   Merge Heap Roots: 0.3ms
[2026-08-01T15:57:55.181+0900][4.528s][info ][gc,phases      ] GC(48)   Evacuate Collection Set: 46.2ms
[2026-08-01T15:57:55.181+0900][4.528s][info ][gc,phases      ] GC(48)   Post Evacuate Collection Set: 0.3ms
[2026-08-01T15:57:55.181+0900][4.528s][info ][gc,phases      ] GC(48)   Other: 0.1ms
[2026-08-01T15:57:55.181+0900][4.528s][info ][gc,heap        ] GC(48) Eden regions: 5->0(3)
[2026-08-01T15:57:55.181+0900][4.528s][info ][gc,heap        ] GC(48) Survivor regions: 2->1(1)
[2026-08-01T15:57:55.181+0900][4.528s][info ][gc,heap        ] GC(48) Old regions: 14->18
[2026-08-01T15:57:55.181+0900][4.528s][info ][gc,heap        ] GC(48) Archive regions: 0->0
[2026-08-01T15:57:55.181+0900][4.529s][info ][gc,heap        ] GC(48) Humongous regions: 0->0
[2026-08-01T15:57:55.181+0900][4.529s][info ][gc,metaspace   ] GC(48) Metaspace: 8247K(8576K)->8247K(8576K) NonClass: 7522K(7680K)->7522K(7680K) Class: 724K(896K)->724K(896K)
[2026-08-01T15:57:55.181+0900][4.529s][debug][gc,heap        ] GC(48) Heap after GC invocations=49 (full 34):
[2026-08-01T15:57:55.181+0900][4.529s][debug][gc,heap        ] GC(48)  garbage-first heap   total 1114112K, used 574160K [0x00000234f6000000, 0x0000026bf6000000)
[2026-08-01T15:57:55.181+0900][4.529s][debug][gc,heap        ] GC(48)   region size 32768K, 1 young (32768K), 1 survivors (32768K)
[2026-08-01T15:57:55.181+0900][4.529s][debug][gc,heap        ] GC(48)  Metaspace       used 8247K, committed 8576K, reserved 1114112K
[2026-08-01T15:57:55.181+0900][4.529s][debug][gc,heap        ] GC(48)   class space    used 724K, committed 896K, reserved 1048576K
[2026-08-01T15:57:55.181+0900][4.529s][info ][gc             ] GC(48) Pause Young (Normal) (G1 Evacuation Pause) 627M->560M(1088M) 47.337ms
[2026-08-01T15:57:55.181+0900][4.529s][info ][gc,cpu         ] GC(48) User=0.58s Sys=0.02s Real=0.05s
[2026-08-01T15:57:55.181+0900][4.529s][info ][safepoint      ] Safepoint "G1CollectForAllocation", Time since last: 232107700 ns, Reaching safepoint: 116900 ns, At safepoint: 47397500 ns, Total: 47514400 ns
[2026-08-01T15:57:55.329+0900][4.676s][info ][gc,start       ] GC(49) Pause Young (Concurrent Start) (G1 Evacuation Pause)
[2026-08-01T15:57:55.329+0900][4.676s][debug][gc,heap        ] GC(49) Heap before GC invocations=49 (full 34):
[2026-08-01T15:57:55.329+0900][4.676s][debug][gc,heap        ] GC(49)  garbage-first heap   total 1114112K, used 672464K [0x00000234f6000000, 0x0000026bf6000000)
[2026-08-01T15:57:55.329+0900][4.676s][debug][gc,heap        ] GC(49)   region size 32768K, 4 young (131072K), 1 survivors (32768K)
[2026-08-01T15:57:55.329+0900][4.676s][debug][gc,heap        ] GC(49)  Metaspace       used 8247K, committed 8576K, reserved 1114112K
[2026-08-01T15:57:55.329+0900][4.676s][debug][gc,heap        ] GC(49)   class space    used 724K, committed 896K, reserved 1048576K
[2026-08-01T15:57:55.329+0900][4.676s][info ][gc,task        ] GC(49) Using 18 workers of 18 for evacuation
[2026-08-01T15:57:55.362+0900][4.710s][info ][gc,phases      ] GC(49)   Pre Evacuate Collection Set: 0.2ms
[2026-08-01T15:57:55.362+0900][4.710s][info ][gc,phases      ] GC(49)   Merge Heap Roots: 0.5ms
[2026-08-01T15:57:55.362+0900][4.710s][info ][gc,phases      ] GC(49)   Evacuate Collection Set: 28.1ms
[2026-08-01T15:57:55.362+0900][4.710s][info ][gc,phases      ] GC(49)   Post Evacuate Collection Set: 4.6ms
[2026-08-01T15:57:55.362+0900][4.710s][info ][gc,phases      ] GC(49)   Other: 0.1ms
[2026-08-01T15:57:55.362+0900][4.710s][info ][gc,heap        ] GC(49) Eden regions: 3->0(12)
[2026-08-01T15:57:55.362+0900][4.710s][info ][gc,heap        ] GC(49) Survivor regions: 1->1(1)
[2026-08-01T15:57:55.362+0900][4.710s][info ][gc,heap        ] GC(49) Old regions: 18->20
[2026-08-01T15:57:55.362+0900][4.710s][info ][gc,heap        ] GC(49) Archive regions: 0->0
[2026-08-01T15:57:55.362+0900][4.710s][info ][gc,heap        ] GC(49) Humongous regions: 0->0
[2026-08-01T15:57:55.362+0900][4.710s][info ][gc,metaspace   ] GC(49) Metaspace: 8247K(8576K)->8247K(8576K) NonClass: 7522K(7680K)->7522K(7680K) Class: 724K(896K)->724K(896K)
[2026-08-01T15:57:55.362+0900][4.710s][debug][gc,heap        ] GC(49) Heap after GC invocations=50 (full 34):
[2026-08-01T15:57:55.362+0900][4.710s][debug][gc,heap        ] GC(49)  garbage-first heap   total 3342336K, used 638032K [0x00000234f6000000, 0x0000026bf6000000)
[2026-08-01T15:57:55.362+0900][4.710s][debug][gc,heap        ] GC(49)   region size 32768K, 1 young (32768K), 1 survivors (32768K)
[2026-08-01T15:57:55.362+0900][4.710s][debug][gc,heap        ] GC(49)  Metaspace       used 8247K, committed 8576K, reserved 1114112K
[2026-08-01T15:57:55.363+0900][4.710s][debug][gc,heap        ] GC(49)   class space    used 724K, committed 896K, reserved 1048576K
[2026-08-01T15:57:55.363+0900][4.710s][info ][gc             ] GC(49) Pause Young (Concurrent Start) (G1 Evacuation Pause) 656M->623M(3264M) 33.931ms
[2026-08-01T15:57:55.363+0900][4.710s][info ][gc,cpu         ] GC(49) User=0.22s Sys=0.09s Real=0.03s
[2026-08-01T15:57:55.363+0900][4.710s][info ][safepoint      ] Safepoint "G1CollectForAllocation", Time since last: 147582700 ns, Reaching safepoint: 124200 ns, At safepoint: 34006200 ns, Total: 34130400 ns
[2026-08-01T15:57:55.363+0900][4.710s][info ][gc             ] GC(50) Concurrent Mark Cycle
[2026-08-01T15:57:55.363+0900][4.710s][info ][gc,marking     ] GC(50) Concurrent Clear Claimed Marks
[2026-08-01T15:57:55.363+0900][4.710s][info ][gc,marking     ] GC(50) Concurrent Clear Claimed Marks 0.025ms
[2026-08-01T15:57:55.363+0900][4.710s][info ][gc,marking     ] GC(50) Concurrent Scan Root Regions
[2026-08-01T15:57:55.373+0900][4.721s][info ][gc,marking     ] GC(50) Concurrent Scan Root Regions 10.268ms
[2026-08-01T15:57:55.373+0900][4.721s][info ][gc,marking     ] GC(50) Concurrent Mark
[2026-08-01T15:57:55.373+0900][4.721s][info ][gc,marking     ] GC(50) Concurrent Mark From Roots
[2026-08-01T15:57:55.373+0900][4.721s][info ][gc,task        ] GC(50) Using 5 workers of 5 for marking
[2026-08-01T15:57:55.497+0900][4.845s][info ][gc,marking     ] GC(50) Concurrent Mark From Roots 124.014ms
[2026-08-01T15:57:55.497+0900][4.845s][info ][gc,marking     ] GC(50) Concurrent Preclean
[2026-08-01T15:57:55.497+0900][4.845s][info ][gc,marking     ] GC(50) Concurrent Preclean 0.055ms
[2026-08-01T15:57:55.497+0900][4.845s][info ][gc,start       ] GC(50) Pause Remark
[2026-08-01T15:57:55.498+0900][4.846s][debug][gc,heap        ] GC(50) Uncommittable regions after shrink: 25
[2026-08-01T15:57:55.498+0900][4.846s][info ][gc             ] GC(50) Pause Remark 682M->682M(2464M) 0.978ms
[2026-08-01T15:57:55.498+0900][4.846s][info ][gc,cpu         ] GC(50) User=0.00s Sys=0.00s Real=0.00s
[2026-08-01T15:57:55.498+0900][4.846s][info ][safepoint      ] Safepoint "G1Concurrent", Time since last: 134638200 ns, Reaching safepoint: 92000 ns, At safepoint: 1022000 ns, Total: 1114000 ns
[2026-08-01T15:57:55.498+0900][4.846s][info ][gc,marking     ] GC(50) Concurrent Mark 125.346ms
[2026-08-01T15:57:55.498+0900][4.846s][info ][gc,marking     ] GC(50) Concurrent Rebuild Remembered Sets
[2026-08-01T15:57:55.552+0900][4.900s][info ][gc,marking     ] GC(50) Concurrent Rebuild Remembered Sets 53.934ms
[2026-08-01T15:57:55.553+0900][4.900s][info ][gc,start       ] GC(50) Pause Cleanup
[2026-08-01T15:57:55.553+0900][4.900s][info ][gc             ] GC(50) Pause Cleanup 711M->711M(2464M) 0.122ms
[2026-08-01T15:57:55.553+0900][4.900s][info ][gc,cpu         ] GC(50) User=0.00s Sys=0.00s Real=0.00s
[2026-08-01T15:57:55.553+0900][4.900s][info ][safepoint      ] Safepoint "G1Concurrent", Time since last: 54091200 ns, Reaching safepoint: 111700 ns, At safepoint: 165800 ns, Total: 277500 ns
[2026-08-01T15:57:55.553+0900][4.900s][info ][gc,marking     ] GC(50) Concurrent Cleanup for Next Mark
[2026-08-01T15:57:55.558+0900][4.906s][info ][gc,marking     ] GC(50) Concurrent Cleanup for Next Mark 5.009ms
[2026-08-01T15:57:55.558+0900][4.906s][info ][gc             ] GC(50) Concurrent Mark Cycle 195.196ms
[2026-08-01T15:57:55.706+0900][5.054s][debug][gc,heap        ] Concurrent Uncommit Summary: 800M, 25 regions, 6.302ms
[2026-08-01T15:57:56.006+0900][5.354s][info ][gc,start       ] GC(51) Pause Young (Normal) (G1 Evacuation Pause)
[2026-08-01T15:57:56.006+0900][5.354s][debug][gc,heap        ] GC(51) Heap before GC invocations=51 (full 34):
[2026-08-01T15:57:56.006+0900][5.354s][debug][gc,heap        ] GC(51)  garbage-first heap   total 2523136K, used 1064016K [0x00000234f6000000, 0x0000026bf6000000)
[2026-08-01T15:57:56.006+0900][5.354s][debug][gc,heap        ] GC(51)   region size 32768K, 13 young (425984K), 1 survivors (32768K)
[2026-08-01T15:57:56.006+0900][5.354s][debug][gc,heap        ] GC(51)  Metaspace       used 8247K, committed 8576K, reserved 1114112K
[2026-08-01T15:57:56.006+0900][5.354s][debug][gc,heap        ] GC(51)   class space    used 724K, committed 896K, reserved 1048576K
[2026-08-01T15:57:56.006+0900][5.354s][info ][gc,task        ] GC(51) Using 18 workers of 18 for evacuation
[2026-08-01T15:57:56.058+0900][5.406s][info ][gc,phases      ] GC(51)   Pre Evacuate Collection Set: 0.1ms
[2026-08-01T15:57:56.058+0900][5.406s][info ][gc,phases      ] GC(51)   Merge Heap Roots: 0.5ms
[2026-08-01T15:57:56.058+0900][5.406s][info ][gc,phases      ] GC(51)   Evacuate Collection Set: 50.8ms
[2026-08-01T15:57:56.058+0900][5.406s][info ][gc,phases      ] GC(51)   Post Evacuate Collection Set: 0.4ms
[2026-08-01T15:57:56.058+0900][5.406s][info ][gc,phases      ] GC(51)   Other: 0.1ms
[2026-08-01T15:57:56.058+0900][5.406s][info ][gc,heap        ] GC(51) Eden regions: 12->0(13)
[2026-08-01T15:57:56.058+0900][5.406s][info ][gc,heap        ] GC(51) Survivor regions: 1->2(2)
[2026-08-01T15:57:56.058+0900][5.406s][info ][gc,heap        ] GC(51) Old regions: 20->25
[2026-08-01T15:57:56.058+0900][5.406s][info ][gc,heap        ] GC(51) Archive regions: 0->0
[2026-08-01T15:57:56.058+0900][5.406s][info ][gc,heap        ] GC(51) Humongous regions: 1->1
[2026-08-01T15:57:56.058+0900][5.406s][info ][gc,metaspace   ] GC(51) Metaspace: 8247K(8576K)->8247K(8576K) NonClass: 7522K(7680K)->7522K(7680K) Class: 724K(896K)->724K(896K)
[2026-08-01T15:57:56.058+0900][5.406s][debug][gc,heap        ] GC(51) Heap after GC invocations=52 (full 34):
[2026-08-01T15:57:56.058+0900][5.406s][debug][gc,heap        ] GC(51)  garbage-first heap   total 2523136K, used 864997K [0x00000234f6000000, 0x0000026bf6000000)
[2026-08-01T15:57:56.058+0900][5.406s][debug][gc,heap        ] GC(51)   region size 32768K, 2 young (65536K), 2 survivors (65536K)
[2026-08-01T15:57:56.058+0900][5.406s][debug][gc,heap        ] GC(51)  Metaspace       used 8247K, committed 8576K, reserved 1114112K
[2026-08-01T15:57:56.058+0900][5.406s][debug][gc,heap        ] GC(51)   class space    used 724K, committed 896K, reserved 1048576K
[2026-08-01T15:57:56.058+0900][5.406s][info ][gc             ] GC(51) Pause Young (Normal) (G1 Evacuation Pause) 1039M->844M(2464M) 52.256ms
[2026-08-01T15:57:56.058+0900][5.406s][info ][gc,cpu         ] GC(51) User=0.59s Sys=0.05s Real=0.05s
[2026-08-01T15:57:56.058+0900][5.406s][info ][safepoint      ] Safepoint "G1CollectForAllocation", Time since last: 453233000 ns, Reaching safepoint: 52200 ns, At safepoint: 52310600 ns, Total: 52362800 ns
[2026-08-01T15:57:56.337+0900][5.685s][info ][gc,start       ] GC(52) Pause Young (Normal) (G1 Evacuation Pause)
[2026-08-01T15:57:56.338+0900][5.685s][debug][gc,heap        ] GC(52) Heap before GC invocations=52 (full 34):
[2026-08-01T15:57:56.338+0900][5.685s][debug][gc,heap        ] GC(52)  garbage-first heap   total 2523136K, used 1290981K [0x00000234f6000000, 0x0000026bf6000000)
[2026-08-01T15:57:56.338+0900][5.685s][debug][gc,heap        ] GC(52)   region size 32768K, 15 young (491520K), 2 survivors (65536K)
[2026-08-01T15:57:56.338+0900][5.685s][debug][gc,heap        ] GC(52)  Metaspace       used 8249K, committed 8576K, reserved 1114112K
[2026-08-01T15:57:56.338+0900][5.685s][debug][gc,heap        ] GC(52)   class space    used 724K, committed 896K, reserved 1048576K
[2026-08-01T15:57:56.338+0900][5.685s][info ][gc,task        ] GC(52) Using 18 workers of 18 for evacuation
[2026-08-01T15:57:56.388+0900][5.736s][info ][gc,phases      ] GC(52)   Pre Evacuate Collection Set: 0.1ms
[2026-08-01T15:57:56.388+0900][5.736s][info ][gc,phases      ] GC(52)   Merge Heap Roots: 1.3ms
[2026-08-01T15:57:56.388+0900][5.736s][info ][gc,phases      ] GC(52)   Evacuate Collection Set: 48.9ms
[2026-08-01T15:57:56.388+0900][5.736s][info ][gc,phases      ] GC(52)   Post Evacuate Collection Set: 0.4ms
[2026-08-01T15:57:56.388+0900][5.736s][info ][gc,phases      ] GC(52)   Other: 0.1ms
[2026-08-01T15:57:56.389+0900][5.736s][info ][gc,heap        ] GC(52) Eden regions: 13->0(11)
[2026-08-01T15:57:56.389+0900][5.736s][info ][gc,heap        ] GC(52) Survivor regions: 2->2(2)
[2026-08-01T15:57:56.389+0900][5.736s][info ][gc,heap        ] GC(52) Old regions: 25->33
[2026-08-01T15:57:56.389+0900][5.736s][info ][gc,heap        ] GC(52) Archive regions: 0->0
[2026-08-01T15:57:56.389+0900][5.736s][info ][gc,heap        ] GC(52) Humongous regions: 1->1
[2026-08-01T15:57:56.389+0900][5.736s][info ][gc,metaspace   ] GC(52) Metaspace: 8249K(8576K)->8249K(8576K) NonClass: 7524K(7680K)->7524K(7680K) Class: 724K(896K)->724K(896K)
[2026-08-01T15:57:56.389+0900][5.736s][debug][gc,heap        ] GC(52) Heap after GC invocations=53 (full 34):
[2026-08-01T15:57:56.389+0900][5.736s][debug][gc,heap        ] GC(52)  garbage-first heap   total 2523136K, used 1125604K [0x00000234f6000000, 0x0000026bf6000000)
[2026-08-01T15:57:56.389+0900][5.736s][debug][gc,heap        ] GC(52)   region size 32768K, 2 young (65536K), 2 survivors (65536K)
[2026-08-01T15:57:56.389+0900][5.736s][debug][gc,heap        ] GC(52)  Metaspace       used 8249K, committed 8576K, reserved 1114112K
[2026-08-01T15:57:56.389+0900][5.736s][debug][gc,heap        ] GC(52)   class space    used 724K, committed 896K, reserved 1048576K
[2026-08-01T15:57:56.389+0900][5.736s][info ][gc             ] GC(52) Pause Young (Normal) (G1 Evacuation Pause) 1260M->1099M(2464M) 51.165ms
[2026-08-01T15:57:56.389+0900][5.736s][info ][gc,cpu         ] GC(52) User=1.08s Sys=0.05s Real=0.05s
[2026-08-01T15:57:56.389+0900][5.736s][info ][safepoint      ] Safepoint "G1CollectForAllocation", Time since last: 279038000 ns, Reaching safepoint: 104400 ns, At safepoint: 51222500 ns, Total: 51326900 ns
[2026-08-01T15:57:56.595+0900][5.943s][info ][gc,start       ] GC(53) Pause Young (Normal) (G1 Evacuation Pause)
[2026-08-01T15:57:56.595+0900][5.943s][debug][gc,heap        ] GC(53) Heap before GC invocations=53 (full 34):
[2026-08-01T15:57:56.595+0900][5.943s][debug][gc,heap        ] GC(53)  garbage-first heap   total 2523136K, used 1486052K [0x00000234f6000000, 0x0000026bf6000000)
[2026-08-01T15:57:56.595+0900][5.943s][debug][gc,heap        ] GC(53)   region size 32768K, 13 young (425984K), 2 survivors (65536K)
[2026-08-01T15:57:56.595+0900][5.943s][debug][gc,heap        ] GC(53)  Metaspace       used 8249K, committed 8576K, reserved 1114112K
[2026-08-01T15:57:56.595+0900][5.943s][debug][gc,heap        ] GC(53)   class space    used 724K, committed 896K, reserved 1048576K
[2026-08-01T15:57:56.596+0900][5.943s][info ][gc,task        ] GC(53) Using 18 workers of 18 for evacuation
[2026-08-01T15:57:56.650+0900][5.997s][info ][gc,phases      ] GC(53)   Pre Evacuate Collection Set: 0.1ms
[2026-08-01T15:57:56.650+0900][5.997s][info ][gc,phases      ] GC(53)   Merge Heap Roots: 2.1ms
[2026-08-01T15:57:56.650+0900][5.997s][info ][gc,phases      ] GC(53)   Evacuate Collection Set: 51.4ms
[2026-08-01T15:57:56.650+0900][5.997s][info ][gc,phases      ] GC(53)   Post Evacuate Collection Set: 0.5ms
[2026-08-01T15:57:56.650+0900][5.997s][info ][gc,phases      ] GC(53)   Other: 0.1ms
[2026-08-01T15:57:56.650+0900][5.997s][info ][gc,heap        ] GC(53) Eden regions: 11->0(10)
[2026-08-01T15:57:56.650+0900][5.997s][info ][gc,heap        ] GC(53) Survivor regions: 2->2(2)
[2026-08-01T15:57:56.650+0900][5.998s][info ][gc,heap        ] GC(53) Old regions: 33->40
[2026-08-01T15:57:56.650+0900][5.998s][info ][gc,heap        ] GC(53) Archive regions: 0->0
[2026-08-01T15:57:56.650+0900][5.998s][info ][gc,heap        ] GC(53) Humongous regions: 1->1
[2026-08-01T15:57:56.650+0900][5.998s][info ][gc,metaspace   ] GC(53) Metaspace: 8249K(8576K)->8249K(8576K) NonClass: 7525K(7680K)->7525K(7680K) Class: 724K(896K)->724K(896K)
[2026-08-01T15:57:56.650+0900][5.998s][debug][gc,heap        ] GC(53) Heap after GC invocations=54 (full 34):
[2026-08-01T15:57:56.650+0900][5.998s][debug][gc,heap        ] GC(53)  garbage-first heap   total 2523136K, used 1349678K [0x00000234f6000000, 0x0000026bf6000000)
[2026-08-01T15:57:56.650+0900][5.998s][debug][gc,heap        ] GC(53)   region size 32768K, 2 young (65536K), 2 survivors (65536K)
[2026-08-01T15:57:56.650+0900][5.998s][debug][gc,heap        ] GC(53)  Metaspace       used 8249K, committed 8576K, reserved 1114112K
[2026-08-01T15:57:56.650+0900][5.998s][debug][gc,heap        ] GC(53)   class space    used 724K, committed 896K, reserved 1048576K
[2026-08-01T15:57:56.650+0900][5.998s][info ][gc             ] GC(53) Pause Young (Normal) (G1 Evacuation Pause) 1451M->1318M(2464M) 54.488ms
[2026-08-01T15:57:56.650+0900][5.998s][info ][gc,cpu         ] GC(53) User=0.69s Sys=0.16s Real=0.06s
[2026-08-01T15:57:56.650+0900][5.998s][info ][safepoint      ] Safepoint "G1CollectForAllocation", Time since last: 206584500 ns, Reaching safepoint: 93300 ns, At safepoint: 54543700 ns, Total: 54637000 ns
[2026-08-01T15:57:56.773+0900][6.121s][info ][gc,start       ] GC(54) Pause Young (Concurrent Start) (G1 Humongous Allocation)
[2026-08-01T15:57:56.773+0900][6.121s][debug][gc,heap        ] GC(54) Heap before GC invocations=54 (full 34):
[2026-08-01T15:57:56.773+0900][6.121s][debug][gc,heap        ] GC(54)  garbage-first heap   total 2523136K, used 1513518K [0x00000234f6000000, 0x0000026bf6000000)
[2026-08-01T15:57:56.773+0900][6.121s][debug][gc,heap        ] GC(54)   region size 32768K, 8 young (262144K), 2 survivors (65536K)
[2026-08-01T15:57:56.773+0900][6.121s][debug][gc,heap        ] GC(54)  Metaspace       used 8249K, committed 8576K, reserved 1114112K
[2026-08-01T15:57:56.773+0900][6.121s][debug][gc,heap        ] GC(54)   class space    used 724K, committed 896K, reserved 1048576K
[2026-08-01T15:57:56.773+0900][6.121s][info ][gc,task        ] GC(54) Using 18 workers of 18 for evacuation
[2026-08-01T15:57:56.807+0900][6.154s][info ][gc,phases      ] GC(54)   Pre Evacuate Collection Set: 0.2ms
[2026-08-01T15:57:56.807+0900][6.155s][info ][gc,phases      ] GC(54)   Merge Heap Roots: 1.1ms
[2026-08-01T15:57:56.807+0900][6.155s][info ][gc,phases      ] GC(54)   Evacuate Collection Set: 32.0ms
[2026-08-01T15:57:56.807+0900][6.155s][info ][gc,phases      ] GC(54)   Post Evacuate Collection Set: 0.4ms
[2026-08-01T15:57:56.807+0900][6.155s][info ][gc,phases      ] GC(54)   Other: 0.1ms
[2026-08-01T15:57:56.807+0900][6.155s][info ][gc,heap        ] GC(54) Eden regions: 6->0(9)
[2026-08-01T15:57:56.807+0900][6.155s][info ][gc,heap        ] GC(54) Survivor regions: 2->2(2)
[2026-08-01T15:57:56.807+0900][6.155s][info ][gc,heap        ] GC(54) Old regions: 40->44
[2026-08-01T15:57:56.807+0900][6.155s][info ][gc,heap        ] GC(54) Archive regions: 0->0
[2026-08-01T15:57:56.807+0900][6.155s][info ][gc,heap        ] GC(54) Humongous regions: 1->1
[2026-08-01T15:57:56.807+0900][6.155s][info ][gc,metaspace   ] GC(54) Metaspace: 8249K(8576K)->8249K(8576K) NonClass: 7525K(7680K)->7525K(7680K) Class: 724K(896K)->724K(896K)
[2026-08-01T15:57:56.807+0900][6.155s][debug][gc,heap        ] GC(54) Heap after GC invocations=55 (full 34):
[2026-08-01T15:57:56.807+0900][6.155s][debug][gc,heap        ] GC(54)  garbage-first heap   total 2523136K, used 1480008K [0x00000234f6000000, 0x0000026bf6000000)
[2026-08-01T15:57:56.807+0900][6.155s][debug][gc,heap        ] GC(54)   region size 32768K, 2 young (65536K), 2 survivors (65536K)
[2026-08-01T15:57:56.807+0900][6.155s][debug][gc,heap        ] GC(54)  Metaspace       used 8249K, committed 8576K, reserved 1114112K
[2026-08-01T15:57:56.807+0900][6.155s][debug][gc,heap        ] GC(54)   class space    used 724K, committed 896K, reserved 1048576K
[2026-08-01T15:57:56.807+0900][6.155s][info ][gc             ] GC(54) Pause Young (Concurrent Start) (G1 Humongous Allocation) 1505M->1445M(2464M) 34.109ms
[2026-08-01T15:57:56.807+0900][6.155s][info ][gc             ] GC(55) Concurrent Mark Cycle
[2026-08-01T15:57:56.807+0900][6.155s][info ][gc,cpu         ] GC(54) User=0.55s Sys=0.02s Real=0.03s
[2026-08-01T15:57:56.807+0900][6.155s][info ][gc,marking     ] GC(55) Concurrent Clear Claimed Marks
[2026-08-01T15:57:56.807+0900][6.155s][info ][safepoint      ] Safepoint "G1TryInitiateConcMark", Time since last: 122847200 ns, Reaching safepoint: 58100 ns, At safepoint: 34219400 ns, Total: 34277500 ns
[2026-08-01T15:57:56.807+0900][6.155s][info ][gc,marking     ] GC(55) Concurrent Clear Claimed Marks 0.041ms
[2026-08-01T15:57:56.807+0900][6.155s][info ][gc,marking     ] GC(55) Concurrent Scan Root Regions
[2026-08-01T15:57:56.832+0900][6.180s][info ][gc,marking     ] GC(55) Concurrent Scan Root Regions 25.218ms
[2026-08-01T15:57:56.832+0900][6.180s][info ][gc,marking     ] GC(55) Concurrent Mark
[2026-08-01T15:57:56.832+0900][6.180s][info ][gc,marking     ] GC(55) Concurrent Mark From Roots
[2026-08-01T15:57:56.832+0900][6.180s][info ][gc,task        ] GC(55) Using 5 workers of 5 for marking
[2026-08-01T15:57:57.063+0900][6.410s][info ][gc,marking     ] GC(55) Concurrent Mark From Roots 230.319ms
[2026-08-01T15:57:57.063+0900][6.410s][info ][gc,marking     ] GC(55) Concurrent Preclean
[2026-08-01T15:57:57.063+0900][6.411s][info ][gc,marking     ] GC(55) Concurrent Preclean 0.040ms
[2026-08-01T15:57:57.063+0900][6.411s][info ][gc,start       ] GC(55) Pause Remark
[2026-08-01T15:57:57.065+0900][6.413s][info ][gc             ] GC(55) Pause Remark 1752M->1752M(3040M) 2.283ms
[2026-08-01T15:57:57.065+0900][6.413s][info ][gc,cpu         ] GC(55) User=0.00s Sys=0.00s Real=0.00s
[2026-08-01T15:57:57.065+0900][6.413s][info ][safepoint      ] Safepoint "G1Concurrent", Time since last: 255773800 ns, Reaching safepoint: 109200 ns, At safepoint: 2349700 ns, Total: 2458900 ns
[2026-08-01T15:57:57.065+0900][6.413s][info ][gc,marking     ] GC(55) Concurrent Mark 232.946ms
[2026-08-01T15:57:57.065+0900][6.413s][info ][gc,marking     ] GC(55) Concurrent Rebuild Remembered Sets
[2026-08-01T15:57:57.077+0900][6.425s][info ][gc,start       ] GC(56) Pause Young (Normal) (G1 Evacuation Pause)
[2026-08-01T15:57:57.077+0900][6.425s][debug][gc,heap        ] GC(56) Heap before GC invocations=55 (full 34):
[2026-08-01T15:57:57.077+0900][6.425s][debug][gc,heap        ] GC(56)  garbage-first heap   total 3112960K, used 1774920K [0x00000234f6000000, 0x0000026bf6000000)
[2026-08-01T15:57:57.077+0900][6.425s][debug][gc,heap        ] GC(56)   region size 32768K, 11 young (360448K), 2 survivors (65536K)
[2026-08-01T15:57:57.077+0900][6.425s][debug][gc,heap        ] GC(56)  Metaspace       used 8249K, committed 8576K, reserved 1114112K
[2026-08-01T15:57:57.077+0900][6.425s][debug][gc,heap        ] GC(56)   class space    used 724K, committed 896K, reserved 1048576K
[2026-08-01T15:57:57.077+0900][6.425s][info ][gc,task        ] GC(56) Using 18 workers of 18 for evacuation
[2026-08-01T15:57:57.123+0900][6.471s][info ][gc,phases      ] GC(56)   Pre Evacuate Collection Set: 0.1ms
[2026-08-01T15:57:57.123+0900][6.471s][info ][gc,phases      ] GC(56)   Merge Heap Roots: 0.9ms
[2026-08-01T15:57:57.123+0900][6.471s][info ][gc,phases      ] GC(56)   Evacuate Collection Set: 44.7ms
[2026-08-01T15:57:57.123+0900][6.471s][info ][gc,phases      ] GC(56)   Post Evacuate Collection Set: 0.6ms
[2026-08-01T15:57:57.124+0900][6.471s][info ][gc,phases      ] GC(56)   Other: 0.1ms
[2026-08-01T15:57:57.124+0900][6.471s][info ][gc,heap        ] GC(56) Eden regions: 9->0(12)
[2026-08-01T15:57:57.124+0900][6.471s][info ][gc,heap        ] GC(56) Survivor regions: 2->2(2)
[2026-08-01T15:57:57.124+0900][6.471s][info ][gc,heap        ] GC(56) Old regions: 44->50
[2026-08-01T15:57:57.124+0900][6.471s][info ][gc,heap        ] GC(56) Archive regions: 0->0
[2026-08-01T15:57:57.124+0900][6.471s][info ][gc,heap        ] GC(56) Humongous regions: 2->2
[2026-08-01T15:57:57.124+0900][6.471s][info ][gc,metaspace   ] GC(56) Metaspace: 8249K(8576K)->8249K(8576K) NonClass: 7525K(7680K)->7525K(7680K) Class: 724K(896K)->724K(896K)
[2026-08-01T15:57:57.124+0900][6.471s][debug][gc,heap        ] GC(56) Heap after GC invocations=56 (full 34):
[2026-08-01T15:57:57.124+0900][6.471s][debug][gc,heap        ] GC(56)  garbage-first heap   total 3112960K, used 1696840K [0x00000234f6000000, 0x0000026bf6000000)
[2026-08-01T15:57:57.124+0900][6.471s][debug][gc,heap        ] GC(56)   region size 32768K, 2 young (65536K), 2 survivors (65536K)
[2026-08-01T15:57:57.124+0900][6.471s][debug][gc,heap        ] GC(56)  Metaspace       used 8249K, committed 8576K, reserved 1114112K
[2026-08-01T15:57:57.124+0900][6.471s][debug][gc,heap        ] GC(56)   class space    used 724K, committed 896K, reserved 1048576K
[2026-08-01T15:57:57.124+0900][6.471s][info ][gc             ] GC(56) Pause Young (Normal) (G1 Evacuation Pause) 1765M->1657M(3040M) 46.756ms
[2026-08-01T15:57:57.124+0900][6.471s][info ][gc,cpu         ] GC(56) User=0.75s Sys=0.09s Real=0.05s
[2026-08-01T15:57:57.124+0900][6.471s][info ][safepoint      ] Safepoint "G1CollectForAllocation", Time since last: 11386400 ns, Reaching safepoint: 255100 ns, At safepoint: 46819700 ns, Total: 47074800 ns
[2026-08-01T15:57:57.255+0900][6.603s][info ][gc,marking     ] GC(55) Concurrent Rebuild Remembered Sets 189.743ms
[2026-08-01T15:57:57.255+0900][6.603s][info ][gc,start       ] GC(55) Pause Cleanup
[2026-08-01T15:57:57.255+0900][6.603s][info ][gc             ] GC(55) Pause Cleanup 1802M->1802M(3040M) 0.130ms
[2026-08-01T15:57:57.255+0900][6.603s][info ][gc,cpu         ] GC(55) User=0.00s Sys=0.00s Real=0.00s
[2026-08-01T15:57:57.255+0900][6.603s][info ][safepoint      ] Safepoint "G1Concurrent", Time since last: 131442300 ns, Reaching safepoint: 112600 ns, At safepoint: 185500 ns, Total: 298100 ns
[2026-08-01T15:57:57.255+0900][6.603s][info ][gc,marking     ] GC(55) Concurrent Cleanup for Next Mark
[2026-08-01T15:57:57.261+0900][6.609s][info ][gc,marking     ] GC(55) Concurrent Cleanup for Next Mark 5.859ms
[2026-08-01T15:57:57.261+0900][6.609s][info ][gc             ] GC(55) Concurrent Mark Cycle 454.444ms
[2026-08-01T15:57:57.446+0900][6.793s][info ][gc,start       ] GC(57) Pause Young (Prepare Mixed) (G1 Evacuation Pause)
[2026-08-01T15:57:57.446+0900][6.793s][debug][gc,heap        ] GC(57) Heap before GC invocations=57 (full 34):
[2026-08-01T15:57:57.446+0900][6.793s][debug][gc,heap        ] GC(57)  garbage-first heap   total 3112960K, used 2090056K [0x00000234f6000000, 0x0000026bf6000000)
[2026-08-01T15:57:57.446+0900][6.794s][debug][gc,heap        ] GC(57)   region size 32768K, 14 young (458752K), 2 survivors (65536K)
[2026-08-01T15:57:57.446+0900][6.794s][debug][gc,heap        ] GC(57)  Metaspace       used 8249K, committed 8576K, reserved 1114112K
[2026-08-01T15:57:57.446+0900][6.794s][debug][gc,heap        ] GC(57)   class space    used 724K, committed 896K, reserved 1048576K
[2026-08-01T15:57:57.446+0900][6.794s][info ][gc,task        ] GC(57) Using 18 workers of 18 for evacuation
[2026-08-01T15:57:57.505+0900][6.853s][info ][gc,phases      ] GC(57)   Pre Evacuate Collection Set: 0.1ms
[2026-08-01T15:57:57.505+0900][6.853s][info ][gc,phases      ] GC(57)   Merge Heap Roots: 1.5ms
[2026-08-01T15:57:57.505+0900][6.853s][info ][gc,phases      ] GC(57)   Evacuate Collection Set: 57.1ms
[2026-08-01T15:57:57.505+0900][6.853s][info ][gc,phases      ] GC(57)   Post Evacuate Collection Set: 0.6ms
[2026-08-01T15:57:57.505+0900][6.853s][info ][gc,phases      ] GC(57)   Other: 0.1ms
[2026-08-01T15:57:57.505+0900][6.853s][info ][gc,heap        ] GC(57) Eden regions: 12->0(2)
[2026-08-01T15:57:57.505+0900][6.853s][info ][gc,heap        ] GC(57) Survivor regions: 2->2(2)
[2026-08-01T15:57:57.505+0900][6.853s][info ][gc,heap        ] GC(57) Old regions: 50->57
[2026-08-01T15:57:57.505+0900][6.853s][info ][gc,heap        ] GC(57) Archive regions: 0->0
[2026-08-01T15:57:57.505+0900][6.853s][info ][gc,heap        ] GC(57) Humongous regions: 2->2
[2026-08-01T15:57:57.505+0900][6.853s][info ][gc,metaspace   ] GC(57) Metaspace: 8249K(8576K)->8249K(8576K) NonClass: 7525K(7680K)->7525K(7680K) Class: 724K(896K)->724K(896K)
[2026-08-01T15:57:57.505+0900][6.853s][debug][gc,heap        ] GC(57) Heap after GC invocations=58 (full 34):
[2026-08-01T15:57:57.505+0900][6.853s][debug][gc,heap        ] GC(57)  garbage-first heap   total 3112960K, used 1936846K [0x00000234f6000000, 0x0000026bf6000000)
[2026-08-01T15:57:57.505+0900][6.853s][debug][gc,heap        ] GC(57)   region size 32768K, 2 young (65536K), 2 survivors (65536K)
[2026-08-01T15:57:57.505+0900][6.853s][debug][gc,heap        ] GC(57)  Metaspace       used 8249K, committed 8576K, reserved 1114112K
[2026-08-01T15:57:57.505+0900][6.853s][debug][gc,heap        ] GC(57)   class space    used 724K, committed 896K, reserved 1048576K
[2026-08-01T15:57:57.505+0900][6.853s][info ][gc             ] GC(57) Pause Young (Prepare Mixed) (G1 Evacuation Pause) 2041M->1891M(3040M) 59.773ms
[2026-08-01T15:57:57.505+0900][6.853s][info ][gc,cpu         ] GC(57) User=0.97s Sys=0.16s Real=0.06s
[2026-08-01T15:57:57.505+0900][6.853s][info ][safepoint      ] Safepoint "G1CollectForAllocation", Time since last: 190088600 ns, Reaching safepoint: 91100 ns, At safepoint: 59825500 ns, Total: 59916600 ns
[2026-08-01T15:57:57.560+0900][6.908s][info ][gc,start       ] GC(58) Pause Young (Mixed) (G1 Evacuation Pause)
[2026-08-01T15:57:57.560+0900][6.908s][debug][gc,heap        ] GC(58) Heap before GC invocations=58 (full 34):
[2026-08-01T15:57:57.560+0900][6.908s][debug][gc,heap        ] GC(58)  garbage-first heap   total 3112960K, used 2002382K [0x00000234f6000000, 0x0000026bf6000000)
[2026-08-01T15:57:57.560+0900][6.908s][debug][gc,heap        ] GC(58)   region size 32768K, 4 young (131072K), 2 survivors (65536K)
[2026-08-01T15:57:57.560+0900][6.908s][debug][gc,heap        ] GC(58)  Metaspace       used 8249K, committed 8576K, reserved 1114112K
[2026-08-01T15:57:57.560+0900][6.908s][debug][gc,heap        ] GC(58)   class space    used 724K, committed 896K, reserved 1048576K
[2026-08-01T15:57:57.560+0900][6.908s][info ][gc,task        ] GC(58) Using 18 workers of 18 for evacuation
[2026-08-01T15:57:57.593+0900][6.941s][info ][gc,phases      ] GC(58)   Pre Evacuate Collection Set: 0.1ms
[2026-08-01T15:57:57.594+0900][6.941s][info ][gc,phases      ] GC(58)   Merge Heap Roots: 1.7ms
[2026-08-01T15:57:57.594+0900][6.941s][info ][gc,phases      ] GC(58)   Evacuate Collection Set: 23.4ms
[2026-08-01T15:57:57.594+0900][6.941s][info ][gc,phases      ] GC(58)   Post Evacuate Collection Set: 7.9ms
[2026-08-01T15:57:57.594+0900][6.941s][info ][gc,phases      ] GC(58)   Other: 0.1ms
[2026-08-01T15:57:57.594+0900][6.941s][info ][gc,heap        ] GC(58) Eden regions: 2->0(19)
[2026-08-01T15:57:57.594+0900][6.941s][info ][gc,heap        ] GC(58) Survivor regions: 2->1(1)
[2026-08-01T15:57:57.594+0900][6.941s][info ][gc,heap        ] GC(58) Old regions: 57->59
[2026-08-01T15:57:57.594+0900][6.941s][info ][gc,heap        ] GC(58) Archive regions: 0->0
[2026-08-01T15:57:57.594+0900][6.941s][info ][gc,heap        ] GC(58) Humongous regions: 2->2
[2026-08-01T15:57:57.594+0900][6.941s][info ][gc,metaspace   ] GC(58) Metaspace: 8249K(8576K)->8249K(8576K) NonClass: 7525K(7680K)->7525K(7680K) Class: 724K(896K)->724K(896K)
[2026-08-01T15:57:57.594+0900][6.941s][debug][gc,heap        ] GC(58) Heap after GC invocations=59 (full 34):
[2026-08-01T15:57:57.594+0900][6.941s][debug][gc,heap        ] GC(58)  garbage-first heap   total 7241728K, used 1961643K [0x00000234f6000000, 0x0000026bf6000000)
[2026-08-01T15:57:57.594+0900][6.941s][debug][gc,heap        ] GC(58)   region size 32768K, 1 young (32768K), 1 survivors (32768K)
[2026-08-01T15:57:57.594+0900][6.941s][debug][gc,heap        ] GC(58)  Metaspace       used 8249K, committed 8576K, reserved 1114112K
[2026-08-01T15:57:57.594+0900][6.941s][debug][gc,heap        ] GC(58)   class space    used 724K, committed 896K, reserved 1048576K
[2026-08-01T15:57:57.594+0900][6.941s][info ][gc             ] GC(58) Pause Young (Mixed) (G1 Evacuation Pause) 1955M->1915M(7072M) 33.460ms
[2026-08-01T15:57:57.594+0900][6.942s][info ][gc,cpu         ] GC(58) User=0.28s Sys=0.02s Real=0.03s
[2026-08-01T15:57:57.594+0900][6.942s][info ][safepoint      ] Safepoint "G1CollectForAllocation", Time since last: 54744700 ns, Reaching safepoint: 68400 ns, At safepoint: 33532400 ns, Total: 33600800 ns
[2026-08-01T15:57:58.557+0900][7.905s][info ][gc,start       ] GC(59) Pause Young (Normal) (G1 Evacuation Pause)
[2026-08-01T15:57:58.557+0900][7.905s][debug][gc,heap        ] GC(59) Heap before GC invocations=59 (full 34):
[2026-08-01T15:57:58.557+0900][7.905s][debug][gc,heap        ] GC(59)  garbage-first heap   total 7241728K, used 2485931K [0x00000234f6000000, 0x0000026bf6000000)
[2026-08-01T15:57:58.557+0900][7.905s][debug][gc,heap        ] GC(59)   region size 32768K, 17 young (557056K), 1 survivors (32768K)
[2026-08-01T15:57:58.557+0900][7.905s][debug][gc,heap        ] GC(59)  Metaspace       used 8305K, committed 8640K, reserved 1114112K
[2026-08-01T15:57:58.557+0900][7.905s][debug][gc,heap        ] GC(59)   class space    used 725K, committed 896K, reserved 1048576K
[2026-08-01T15:57:58.557+0900][7.905s][info ][gc,task        ] GC(59) Using 18 workers of 18 for evacuation
[2026-08-01T15:57:58.595+0900][7.942s][info ][gc,phases      ] GC(59)   Pre Evacuate Collection Set: 0.1ms
[2026-08-01T15:57:58.595+0900][7.943s][info ][gc,phases      ] GC(59)   Merge Heap Roots: 0.7ms
[2026-08-01T15:57:58.595+0900][7.943s][info ][gc,phases      ] GC(59)   Evacuate Collection Set: 35.7ms
[2026-08-01T15:57:58.595+0900][7.943s][info ][gc,phases      ] GC(59)   Post Evacuate Collection Set: 1.1ms
[2026-08-01T15:57:58.595+0900][7.943s][info ][gc,phases      ] GC(59)   Other: 0.1ms
[2026-08-01T15:57:58.595+0900][7.943s][info ][gc,heap        ] GC(59) Eden regions: 16->0(19)
[2026-08-01T15:57:58.595+0900][7.943s][info ][gc,heap        ] GC(59) Survivor regions: 1->3(3)
[2026-08-01T15:57:58.595+0900][7.943s][info ][gc,heap        ] GC(59) Old regions: 59->59
[2026-08-01T15:57:58.595+0900][7.943s][info ][gc,heap        ] GC(59) Archive regions: 0->0
[2026-08-01T15:57:58.595+0900][7.943s][info ][gc,heap        ] GC(59) Humongous regions: 2->2
[2026-08-01T15:57:58.595+0900][7.943s][info ][gc,metaspace   ] GC(59) Metaspace: 8305K(8640K)->8305K(8640K) NonClass: 7580K(7744K)->7580K(7744K) Class: 725K(896K)->725K(896K)
[2026-08-01T15:57:58.595+0900][7.943s][debug][gc,heap        ] GC(59) Heap after GC invocations=60 (full 34):
[2026-08-01T15:57:58.595+0900][7.943s][debug][gc,heap        ] GC(59)  garbage-first heap   total 7241728K, used 2046831K [0x00000234f6000000, 0x0000026bf6000000)
[2026-08-01T15:57:58.595+0900][7.943s][debug][gc,heap        ] GC(59)   region size 32768K, 3 young (98304K), 3 survivors (98304K)
[2026-08-01T15:57:58.595+0900][7.943s][debug][gc,heap        ] GC(59)  Metaspace       used 8305K, committed 8640K, reserved 1114112K
[2026-08-01T15:57:58.595+0900][7.943s][debug][gc,heap        ] GC(59)   class space    used 725K, committed 896K, reserved 1048576K
[2026-08-01T15:57:58.595+0900][7.943s][info ][gc             ] GC(59) Pause Young (Normal) (G1 Evacuation Pause) 2427M->1998M(7072M) 38.063ms
[2026-08-01T15:57:58.595+0900][7.943s][info ][gc,cpu         ] GC(59) User=0.80s Sys=0.05s Real=0.04s
[2026-08-01T15:57:58.595+0900][7.943s][info ][safepoint      ] Safepoint "G1CollectForAllocation", Time since last: 962925600 ns, Reaching safepoint: 104600 ns, At safepoint: 38118200 ns, Total: 38222800 ns
[2026-08-01T15:57:59.610+0900][8.957s][info ][safepoint      ] Safepoint "Cleanup", Time since last: 1014579300 ns, Reaching safepoint: 136400 ns, At safepoint: 8900 ns, Total: 145300 ns
[2026-08-01T15:58:01.014+0900][10.361s][info ][gc,start       ] GC(60) Pause Young (Normal) (G1 Evacuation Pause)
[2026-08-01T15:58:01.014+0900][10.361s][debug][gc,heap        ] GC(60) Heap before GC invocations=60 (full 34):
[2026-08-01T15:58:01.014+0900][10.361s][debug][gc,heap        ] GC(60)  garbage-first heap   total 7241728K, used 2669423K [0x00000234f6000000, 0x0000026bf6000000)
[2026-08-01T15:58:01.014+0900][10.361s][debug][gc,heap        ] GC(60)   region size 32768K, 22 young (720896K), 3 survivors (98304K)
[2026-08-01T15:58:01.014+0900][10.361s][debug][gc,heap        ] GC(60)  Metaspace       used 8328K, committed 8640K, reserved 1114112K
[2026-08-01T15:58:01.014+0900][10.361s][debug][gc,heap        ] GC(60)   class space    used 725K, committed 896K, reserved 1048576K
[2026-08-01T15:58:01.014+0900][10.362s][info ][gc,task        ] GC(60) Using 18 workers of 18 for evacuation
[2026-08-01T15:58:01.050+0900][10.398s][info ][gc,phases      ] GC(60)   Pre Evacuate Collection Set: 0.1ms
[2026-08-01T15:58:01.050+0900][10.398s][info ][gc,phases      ] GC(60)   Merge Heap Roots: 1.7ms
[2026-08-01T15:58:01.050+0900][10.398s][info ][gc,phases      ] GC(60)   Evacuate Collection Set: 33.9ms
[2026-08-01T15:58:01.050+0900][10.398s][info ][gc,phases      ] GC(60)   Post Evacuate Collection Set: 0.3ms
[2026-08-01T15:58:01.050+0900][10.398s][info ][gc,phases      ] GC(60)   Other: 0.1ms
[2026-08-01T15:58:01.050+0900][10.398s][info ][gc,heap        ] GC(60) Eden regions: 19->0(117)
[2026-08-01T15:58:01.050+0900][10.398s][info ][gc,heap        ] GC(60) Survivor regions: 3->2(3)
[2026-08-01T15:58:01.050+0900][10.398s][info ][gc,heap        ] GC(60) Old regions: 59->61
[2026-08-01T15:58:01.050+0900][10.398s][info ][gc,heap        ] GC(60) Archive regions: 0->0
[2026-08-01T15:58:01.050+0900][10.398s][info ][gc,heap        ] GC(60) Humongous regions: 2->2
[2026-08-01T15:58:01.050+0900][10.398s][info ][gc,metaspace   ] GC(60) Metaspace: 8328K(8640K)->8328K(8640K) NonClass: 7603K(7744K)->7603K(7744K) Class: 725K(896K)->725K(896K)
[2026-08-01T15:58:01.050+0900][10.398s][debug][gc,heap        ] GC(60) Heap after GC invocations=61 (full 34):
[2026-08-01T15:58:01.050+0900][10.398s][debug][gc,heap        ] GC(60)  garbage-first heap   total 7241728K, used 2063940K [0x00000234f6000000, 0x0000026bf6000000)
[2026-08-01T15:58:01.050+0900][10.398s][debug][gc,heap        ] GC(60)   region size 32768K, 2 young (65536K), 2 survivors (65536K)
[2026-08-01T15:58:01.050+0900][10.398s][debug][gc,heap        ] GC(60)  Metaspace       used 8328K, committed 8640K, reserved 1114112K
[2026-08-01T15:58:01.050+0900][10.398s][debug][gc,heap        ] GC(60)   class space    used 725K, committed 896K, reserved 1048576K
[2026-08-01T15:58:01.050+0900][10.398s][info ][gc             ] GC(60) Pause Young (Normal) (G1 Evacuation Pause) 2606M->2015M(7072M) 36.515ms
[2026-08-01T15:58:01.050+0900][10.398s][info ][gc,cpu         ] GC(60) User=0.45s Sys=0.11s Real=0.04s
[2026-08-01T15:58:01.050+0900][10.398s][info ][safepoint      ] Safepoint "G1CollectForAllocation", Time since last: 1403816300 ns, Reaching safepoint: 104300 ns, At safepoint: 36569400 ns, Total: 36673700 ns
[2026-08-01T16:00:44.004+0900][173.351s][info ][safepoint      ] Safepoint "Cleanup", Time since last: 162952929900 ns, Reaching safepoint: 136300 ns, At safepoint: 13500 ns, Total: 149800 ns
[2026-08-01T16:01:06.120+0900][195.467s][info ][safepoint      ] Safepoint "Cleanup", Time since last: 22115841200 ns, Reaching safepoint: 105200 ns, At safepoint: 14400 ns, Total: 119600 ns
[2026-08-01T16:01:13.157+0900][202.504s][info ][safepoint      ] Safepoint "Cleanup", Time since last: 7036882500 ns, Reaching safepoint: 123800 ns, At safepoint: 16300 ns, Total: 140100 ns
[2026-08-01T16:01:35.147+0900][224.494s][info ][gc,start       ] GC(61) Pause Full (System.gc())
[2026-08-01T16:01:35.147+0900][224.494s][debug][gc,heap        ] GC(61) Heap before GC invocations=61 (full 34):
[2026-08-01T16:01:35.147+0900][224.494s][debug][gc,heap        ] GC(61)  garbage-first heap   total 7241728K, used 5635652K [0x00000234f6000000, 0x0000026bf6000000)
[2026-08-01T16:01:35.147+0900][224.494s][debug][gc,heap        ] GC(61)   region size 32768K, 112 young (3670016K), 2 survivors (65536K)
[2026-08-01T16:01:35.147+0900][224.494s][debug][gc,heap        ] GC(61)  Metaspace       used 8422K, committed 8704K, reserved 1114112K
[2026-08-01T16:01:35.147+0900][224.494s][debug][gc,heap        ] GC(61)   class space    used 738K, committed 896K, reserved 1048576K
[2026-08-01T16:01:35.147+0900][224.494s][info ][gc,task        ] GC(61) Using 18 workers of 18 for full compaction
[2026-08-01T16:01:35.147+0900][224.494s][info ][gc,phases,start] GC(61) Phase 1: Mark live objects
[2026-08-01T16:01:35.416+0900][224.763s][info ][gc,phases      ] GC(61) Phase 1: Mark live objects 268.493ms
[2026-08-01T16:01:35.416+0900][224.763s][info ][gc,phases,start] GC(61) Phase 2: Prepare for compaction
[2026-08-01T16:01:35.476+0900][224.823s][info ][gc,phases      ] GC(61) Phase 2: Prepare for compaction 60.238ms
[2026-08-01T16:01:35.476+0900][224.823s][info ][gc,phases,start] GC(61) Phase 3: Adjust pointers
[2026-08-01T16:01:35.615+0900][224.963s][info ][gc,phases      ] GC(61) Phase 3: Adjust pointers 139.489ms
[2026-08-01T16:01:35.615+0900][224.963s][info ][gc,phases,start] GC(61) Phase 4: Compact heap
[2026-08-01T16:01:35.694+0900][225.041s][info ][gc,phases      ] GC(61) Phase 4: Compact heap 78.332ms
[2026-08-01T16:01:35.719+0900][225.067s][info ][gc,heap        ] GC(61) Eden regions: 110->0(92)
[2026-08-01T16:01:35.719+0900][225.067s][info ][gc,heap        ] GC(61) Survivor regions: 2->0(3)
[2026-08-01T16:01:35.719+0900][225.067s][info ][gc,heap        ] GC(61) Old regions: 61->88
[2026-08-01T16:01:35.719+0900][225.067s][info ][gc,heap        ] GC(61) Archive regions: 0->0
[2026-08-01T16:01:35.719+0900][225.067s][info ][gc,heap        ] GC(61) Humongous regions: 2->2
[2026-08-01T16:01:35.719+0900][225.067s][info ][gc,metaspace   ] GC(61) Metaspace: 8422K(8704K)->8422K(8704K) NonClass: 7683K(7808K)->7683K(7808K) Class: 738K(896K)->738K(896K)
[2026-08-01T16:01:35.719+0900][225.067s][debug][gc,heap        ] GC(61) Heap after GC invocations=62 (full 35):
[2026-08-01T16:01:35.720+0900][225.067s][debug][gc,heap        ] GC(61)  garbage-first heap   total 7241728K, used 2547532K [0x00000234f6000000, 0x0000026bf6000000)
[2026-08-01T16:01:35.720+0900][225.067s][debug][gc,heap        ] GC(61)   region size 32768K, 0 young (0K), 0 survivors (0K)
[2026-08-01T16:01:35.720+0900][225.067s][debug][gc,heap        ] GC(61)  Metaspace       used 8422K, committed 8704K, reserved 1114112K
[2026-08-01T16:01:35.720+0900][225.067s][debug][gc,heap        ] GC(61)   class space    used 738K, committed 896K, reserved 1048576K
[2026-08-01T16:01:35.720+0900][225.067s][info ][gc             ] GC(61) Pause Full (System.gc()) 5516M->2487M(7072M) 573.047ms
[2026-08-01T16:01:35.720+0900][225.067s][info ][gc,cpu         ] GC(61) User=9.45s Sys=0.33s Real=0.57s
[2026-08-01T16:01:35.720+0900][225.067s][info ][safepoint      ] Safepoint "G1CollectFull", Time since last: 21989690500 ns, Reaching safepoint: 97200 ns, At safepoint: 573105100 ns, Total: 573202300 ns
[2026-08-01T16:01:36.726+0900][226.073s][info ][safepoint      ] Safepoint "Cleanup", Time since last: 1005982100 ns, Reaching safepoint: 108000 ns, At safepoint: 13500 ns, Total: 121500 ns
[2026-08-01T16:01:37.731+0900][227.078s][info ][safepoint      ] Safepoint "Cleanup", Time since last: 1004817200 ns, Reaching safepoint: 161200 ns, At safepoint: 12900 ns, Total: 174100 ns
[2026-08-01T16:01:38.737+0900][228.084s][info ][safepoint      ] Safepoint "Cleanup", Time since last: 1005887000 ns, Reaching safepoint: 128700 ns, At safepoint: 12200 ns, Total: 140900 ns
[2026-08-01T16:01:39.833+0900][229.180s][info ][gc,start       ] GC(62) Pause Young (Normal) (G1 Evacuation Pause)
[2026-08-01T16:01:39.833+0900][229.180s][debug][gc,heap        ] GC(62) Heap before GC invocations=62 (full 35):
[2026-08-01T16:01:39.833+0900][229.181s][debug][gc,heap        ] GC(62)  garbage-first heap   total 7241728K, used 5627724K [0x00000234f6000000, 0x0000026bf6000000)
[2026-08-01T16:01:39.833+0900][229.181s][debug][gc,heap        ] GC(62)   region size 32768K, 92 young (3014656K), 0 survivors (0K)
[2026-08-01T16:01:39.833+0900][229.181s][debug][gc,heap        ] GC(62)  Metaspace       used 8498K, committed 8896K, reserved 1114112K
[2026-08-01T16:01:39.833+0900][229.181s][debug][gc,heap        ] GC(62)   class space    used 745K, committed 960K, reserved 1048576K
[2026-08-01T16:01:39.833+0900][229.181s][info ][gc,task        ] GC(62) Using 18 workers of 18 for evacuation
[2026-08-01T16:01:40.007+0900][229.355s][info ][gc,phases      ] GC(62)   Pre Evacuate Collection Set: 0.1ms
[2026-08-01T16:01:40.007+0900][229.355s][info ][gc,phases      ] GC(62)   Merge Heap Roots: 1.1ms
[2026-08-01T16:01:40.007+0900][229.355s][info ][gc,phases      ] GC(62)   Evacuate Collection Set: 171.3ms
[2026-08-01T16:01:40.007+0900][229.355s][info ][gc,phases      ] GC(62)   Post Evacuate Collection Set: 1.4ms
[2026-08-01T16:01:40.007+0900][229.355s][info ][gc,phases      ] GC(62)   Other: 0.1ms
[2026-08-01T16:01:40.007+0900][229.355s][info ][gc,heap        ] GC(62) Eden regions: 92->0(44)
[2026-08-01T16:01:40.007+0900][229.355s][info ][gc,heap        ] GC(62) Survivor regions: 0->12(12)
[2026-08-01T16:01:40.007+0900][229.355s][info ][gc,heap        ] GC(62) Old regions: 88->106
[2026-08-01T16:01:40.007+0900][229.355s][info ][gc,heap        ] GC(62) Archive regions: 0->0
[2026-08-01T16:01:40.007+0900][229.355s][info ][gc,heap        ] GC(62) Humongous regions: 4->4
[2026-08-01T16:01:40.007+0900][229.355s][info ][gc,metaspace   ] GC(62) Metaspace: 8498K(8896K)->8498K(8896K) NonClass: 7753K(7936K)->7753K(7936K) Class: 745K(960K)->745K(960K)
[2026-08-01T16:01:40.008+0900][229.355s][debug][gc,heap        ] GC(62) Heap after GC invocations=63 (full 35):
[2026-08-01T16:01:40.008+0900][229.355s][debug][gc,heap        ] GC(62)  garbage-first heap   total 7241728K, used 3572949K [0x00000234f6000000, 0x0000026bf6000000)
[2026-08-01T16:01:40.008+0900][229.355s][debug][gc,heap        ] GC(62)   region size 32768K, 12 young (393216K), 12 survivors (393216K)
[2026-08-01T16:01:40.008+0900][229.355s][debug][gc,heap        ] GC(62)  Metaspace       used 8498K, committed 8896K, reserved 1114112K
[2026-08-01T16:01:40.008+0900][229.355s][debug][gc,heap        ] GC(62)   class space    used 745K, committed 960K, reserved 1048576K
[2026-08-01T16:01:40.008+0900][229.355s][info ][gc             ] GC(62) Pause Young (Normal) (G1 Evacuation Pause) 5495M->3489M(7072M) 174.412ms
[2026-08-01T16:01:40.008+0900][229.355s][info ][gc,cpu         ] GC(62) User=2.89s Sys=0.20s Real=0.17s
[2026-08-01T16:01:40.008+0900][229.355s][info ][safepoint      ] Safepoint "G1CollectForAllocation", Time since last: 1096114100 ns, Reaching safepoint: 298000 ns, At safepoint: 174470900 ns, Total: 174768900 ns
[2026-08-01T16:01:40.351+0900][229.698s][info ][gc,start       ] GC(63) Pause Young (Concurrent Start) (G1 Evacuation Pause)
[2026-08-01T16:01:40.351+0900][229.698s][debug][gc,heap        ] GC(63) Heap before GC invocations=63 (full 35):
[2026-08-01T16:01:40.351+0900][229.698s][debug][gc,heap        ] GC(63)  garbage-first heap   total 7241728K, used 3736789K [0x00000234f6000000, 0x0000026bf6000000)
[2026-08-01T16:01:40.351+0900][229.698s][debug][gc,heap        ] GC(63)   region size 32768K, 17 young (557056K), 12 survivors (393216K)
[2026-08-01T16:01:40.351+0900][229.698s][debug][gc,heap        ] GC(63)  Metaspace       used 8506K, committed 8896K, reserved 1114112K
[2026-08-01T16:01:40.351+0900][229.698s][debug][gc,heap        ] GC(63)   class space    used 745K, committed 960K, reserved 1048576K
[2026-08-01T16:01:40.351+0900][229.698s][info ][gc,task        ] GC(63) Using 18 workers of 18 for evacuation
[2026-08-01T16:01:40.435+0900][229.783s][info ][gc,phases      ] GC(63)   Pre Evacuate Collection Set: 0.2ms
[2026-08-01T16:01:40.435+0900][229.783s][info ][gc,phases      ] GC(63)   Merge Heap Roots: 5.3ms
[2026-08-01T16:01:40.435+0900][229.783s][info ][gc,phases      ] GC(63)   Evacuate Collection Set: 78.5ms
[2026-08-01T16:01:40.435+0900][229.783s][info ][gc,phases      ] GC(63)   Post Evacuate Collection Set: 0.3ms
[2026-08-01T16:01:40.435+0900][229.783s][info ][gc,phases      ] GC(63)   Other: 0.1ms
[2026-08-01T16:01:40.435+0900][229.783s][info ][gc,heap        ] GC(63) Eden regions: 5->0(36)
[2026-08-01T16:01:40.435+0900][229.783s][info ][gc,heap        ] GC(63) Survivor regions: 12->3(3)
[2026-08-01T16:01:40.435+0900][229.783s][info ][gc,heap        ] GC(63) Old regions: 106->120
[2026-08-01T16:01:40.435+0900][229.783s][info ][gc,heap        ] GC(63) Archive regions: 0->0
[2026-08-01T16:01:40.435+0900][229.783s][info ][gc,heap        ] GC(63) Humongous regions: 4->4
[2026-08-01T16:01:40.435+0900][229.783s][info ][gc,metaspace   ] GC(63) Metaspace: 8506K(8896K)->8506K(8896K) NonClass: 7761K(7936K)->7761K(7936K) Class: 745K(960K)->745K(960K)
[2026-08-01T16:01:40.435+0900][229.783s][debug][gc,heap        ] GC(63) Heap after GC invocations=64 (full 35):
[2026-08-01T16:01:40.436+0900][229.783s][debug][gc,heap        ] GC(63)  garbage-first heap   total 7241728K, used 3731986K [0x00000234f6000000, 0x0000026bf6000000)
[2026-08-01T16:01:40.436+0900][229.783s][debug][gc,heap        ] GC(63)   region size 32768K, 3 young (98304K), 3 survivors (98304K)
[2026-08-01T16:01:40.436+0900][229.783s][debug][gc,heap        ] GC(63)  Metaspace       used 8506K, committed 8896K, reserved 1114112K
[2026-08-01T16:01:40.436+0900][229.783s][debug][gc,heap        ] GC(63)   class space    used 745K, committed 960K, reserved 1048576K
[2026-08-01T16:01:40.436+0900][229.783s][info ][gc             ] GC(63) Pause Young (Concurrent Start) (G1 Evacuation Pause) 3649M->3644M(7072M) 84.846ms
[2026-08-01T16:01:40.436+0900][229.783s][info ][gc             ] GC(64) Concurrent Mark Cycle
[2026-08-01T16:01:40.436+0900][229.783s][info ][gc,cpu         ] GC(63) User=1.45s Sys=0.00s Real=0.09s
[2026-08-01T16:01:40.436+0900][229.783s][info ][gc,marking     ] GC(64) Concurrent Clear Claimed Marks
[2026-08-01T16:01:40.436+0900][229.783s][info ][safepoint      ] Safepoint "G1CollectForAllocation", Time since last: 342972900 ns, Reaching safepoint: 106400 ns, At safepoint: 84959300 ns, Total: 85065700 ns
[2026-08-01T16:01:40.436+0900][229.783s][info ][gc,marking     ] GC(64) Concurrent Clear Claimed Marks 0.047ms
[2026-08-01T16:01:40.436+0900][229.783s][info ][gc,marking     ] GC(64) Concurrent Scan Root Regions
[2026-08-01T16:01:40.475+0900][229.823s][info ][gc,marking     ] GC(64) Concurrent Scan Root Regions 39.781ms
[2026-08-01T16:01:40.476+0900][229.823s][info ][gc,marking     ] GC(64) Concurrent Mark
[2026-08-01T16:01:40.476+0900][229.823s][info ][gc,marking     ] GC(64) Concurrent Mark From Roots
[2026-08-01T16:01:40.476+0900][229.823s][info ][gc,task        ] GC(64) Using 5 workers of 5 for marking
[2026-08-01T16:01:40.991+0900][230.338s][info ][gc,marking     ] GC(64) Concurrent Mark From Roots 515.629ms
[2026-08-01T16:01:40.991+0900][230.338s][info ][gc,marking     ] GC(64) Concurrent Preclean
[2026-08-01T16:01:40.991+0900][230.339s][info ][gc,marking     ] GC(64) Concurrent Preclean 0.046ms
[2026-08-01T16:01:40.991+0900][230.339s][info ][gc,start       ] GC(64) Pause Remark
[2026-08-01T16:01:40.993+0900][230.340s][info ][gc             ] GC(64) Pause Remark 3942M->3600M(7072M) 1.219ms
[2026-08-01T16:01:40.993+0900][230.340s][info ][gc,cpu         ] GC(64) User=0.00s Sys=0.00s Real=0.00s
[2026-08-01T16:01:40.993+0900][230.340s][info ][safepoint      ] Safepoint "G1Concurrent", Time since last: 555648800 ns, Reaching safepoint: 100800 ns, At safepoint: 1283100 ns, Total: 1383900 ns
[2026-08-01T16:01:40.993+0900][230.340s][info ][gc,marking     ] GC(64) Concurrent Mark 517.182ms
[2026-08-01T16:01:40.993+0900][230.340s][info ][gc,marking     ] GC(64) Concurrent Rebuild Remembered Sets
[2026-08-01T16:01:41.274+0900][230.622s][info ][gc,marking     ] GC(64) Concurrent Rebuild Remembered Sets 281.747ms
[2026-08-01T16:01:41.275+0900][230.622s][info ][gc,start       ] GC(64) Pause Cleanup
[2026-08-01T16:01:41.275+0900][230.622s][info ][gc             ] GC(64) Pause Cleanup 4006M->4006M(7072M) 0.182ms
[2026-08-01T16:01:41.275+0900][230.622s][info ][gc,cpu         ] GC(64) User=0.00s Sys=0.00s Real=0.00s
[2026-08-01T16:01:41.275+0900][230.622s][info ][safepoint      ] Safepoint "G1Concurrent", Time since last: 281905500 ns, Reaching safepoint: 68200 ns, At safepoint: 265200 ns, Total: 333400 ns
[2026-08-01T16:01:41.275+0900][230.622s][info ][gc,marking     ] GC(64) Concurrent Cleanup for Next Mark
[2026-08-01T16:01:41.279+0900][230.626s][info ][gc,marking     ] GC(64) Concurrent Cleanup for Next Mark 3.853ms
[2026-08-01T16:01:41.279+0900][230.626s][info ][gc             ] GC(64) Concurrent Mark Cycle 843.315ms
[2026-08-01T16:01:41.415+0900][230.762s][info ][gc,start       ] GC(65) Pause Young (Prepare Mixed) (G1 Evacuation Pause)
[2026-08-01T16:01:41.415+0900][230.762s][debug][gc,heap        ] GC(65) Heap before GC invocations=65 (full 35):
[2026-08-01T16:01:41.415+0900][230.762s][debug][gc,heap        ] GC(65)  garbage-first heap   total 7241728K, used 4561435K [0x00000234f6000000, 0x0000026bf6000000)
[2026-08-01T16:01:41.415+0900][230.762s][debug][gc,heap        ] GC(65)   region size 32768K, 39 young (1277952K), 3 survivors (98304K)
[2026-08-01T16:01:41.415+0900][230.762s][debug][gc,heap        ] GC(65)  Metaspace       used 8571K, committed 8960K, reserved 1114112K
[2026-08-01T16:01:41.415+0900][230.762s][debug][gc,heap        ] GC(65)   class space    used 754K, committed 960K, reserved 1048576K
[2026-08-01T16:01:41.415+0900][230.762s][info ][gc,task        ] GC(65) Using 18 workers of 18 for evacuation
[2026-08-01T16:01:41.441+0900][230.788s][info ][gc,phases      ] GC(65)   Pre Evacuate Collection Set: 0.1ms
[2026-08-01T16:01:41.441+0900][230.788s][info ][gc,phases      ] GC(65)   Merge Heap Roots: 0.3ms
[2026-08-01T16:01:41.441+0900][230.788s][info ][gc,phases      ] GC(65)   Evacuate Collection Set: 25.1ms
[2026-08-01T16:01:41.441+0900][230.788s][info ][gc,phases      ] GC(65)   Post Evacuate Collection Set: 0.4ms
[2026-08-01T16:01:41.441+0900][230.788s][info ][gc,phases      ] GC(65)   Other: 0.1ms
[2026-08-01T16:01:41.441+0900][230.788s][info ][gc,heap        ] GC(65) Eden regions: 36->0(6)
[2026-08-01T16:01:41.441+0900][230.788s][info ][gc,heap        ] GC(65) Survivor regions: 3->5(5)
[2026-08-01T16:01:41.441+0900][230.788s][info ][gc,heap        ] GC(65) Old regions: 104->106
[2026-08-01T16:01:41.441+0900][230.788s][info ][gc,heap        ] GC(65) Archive regions: 0->0
[2026-08-01T16:01:41.441+0900][230.788s][info ][gc,heap        ] GC(65) Humongous regions: 3->3
[2026-08-01T16:01:41.441+0900][230.788s][info ][gc,metaspace   ] GC(65) Metaspace: 8571K(8960K)->8571K(8960K) NonClass: 7816K(8000K)->7816K(8000K) Class: 754K(960K)->754K(960K)
[2026-08-01T16:01:41.441+0900][230.788s][debug][gc,heap        ] GC(65) Heap after GC invocations=66 (full 35):
[2026-08-01T16:01:41.441+0900][230.788s][debug][gc,heap        ] GC(65)  garbage-first heap   total 7241728K, used 3525721K [0x00000234f6000000, 0x0000026bf6000000)
[2026-08-01T16:01:41.441+0900][230.788s][debug][gc,heap        ] GC(65)   region size 32768K, 5 young (163840K), 5 survivors (163840K)
[2026-08-01T16:01:41.441+0900][230.788s][debug][gc,heap        ] GC(65)  Metaspace       used 8571K, committed 8960K, reserved 1114112K
[2026-08-01T16:01:41.441+0900][230.789s][debug][gc,heap        ] GC(65)   class space    used 754K, committed 960K, reserved 1048576K
[2026-08-01T16:01:41.441+0900][230.789s][info ][gc             ] GC(65) Pause Young (Prepare Mixed) (G1 Evacuation Pause) 4454M->3443M(7072M) 26.313ms
[2026-08-01T16:01:41.441+0900][230.789s][info ][gc,cpu         ] GC(65) User=0.59s Sys=0.00s Real=0.03s
[2026-08-01T16:01:41.441+0900][230.789s][info ][safepoint      ] Safepoint "G1CollectForAllocation", Time since last: 139921700 ns, Reaching safepoint: 85400 ns, At safepoint: 26414600 ns, Total: 26500000 ns
[2026-08-01T16:01:41.489+0900][230.836s][info ][gc,start       ] GC(66) Pause Young (Mixed) (G1 Evacuation Pause)
[2026-08-01T16:01:41.489+0900][230.836s][debug][gc,heap        ] GC(66) Heap before GC invocations=66 (full 35):
[2026-08-01T16:01:41.489+0900][230.836s][debug][gc,heap        ] GC(66)  garbage-first heap   total 7241728K, used 3722329K [0x00000234f6000000, 0x0000026bf6000000)
[2026-08-01T16:01:41.489+0900][230.836s][debug][gc,heap        ] GC(66)   region size 32768K, 11 young (360448K), 5 survivors (163840K)
[2026-08-01T16:01:41.489+0900][230.836s][debug][gc,heap        ] GC(66)  Metaspace       used 8571K, committed 8960K, reserved 1114112K
[2026-08-01T16:01:41.489+0900][230.836s][debug][gc,heap        ] GC(66)   class space    used 754K, committed 960K, reserved 1048576K
[2026-08-01T16:01:41.489+0900][230.836s][info ][gc,task        ] GC(66) Using 18 workers of 18 for evacuation
[2026-08-01T16:01:41.522+0900][230.869s][info ][gc,phases      ] GC(66)   Pre Evacuate Collection Set: 0.1ms
[2026-08-01T16:01:41.522+0900][230.869s][info ][gc,phases      ] GC(66)   Merge Heap Roots: 0.2ms
[2026-08-01T16:01:41.522+0900][230.869s][info ][gc,phases      ] GC(66)   Evacuate Collection Set: 15.7ms
[2026-08-01T16:01:41.522+0900][230.869s][info ][gc,phases      ] GC(66)   Post Evacuate Collection Set: 16.7ms
[2026-08-01T16:01:41.522+0900][230.869s][info ][gc,phases      ] GC(66)   Other: 0.1ms
[2026-08-01T16:01:41.522+0900][230.869s][info ][gc,heap        ] GC(66) Eden regions: 6->0(60)
[2026-08-01T16:01:41.522+0900][230.869s][info ][gc,heap        ] GC(66) Survivor regions: 5->1(2)
[2026-08-01T16:01:41.522+0900][230.869s][info ][gc,heap        ] GC(66) Old regions: 106->102
[2026-08-01T16:01:41.522+0900][230.869s][info ][gc,heap        ] GC(66) Archive regions: 0->0
[2026-08-01T16:01:41.522+0900][230.869s][info ][gc,heap        ] GC(66) Humongous regions: 3->3
[2026-08-01T16:01:41.522+0900][230.869s][info ][gc,metaspace   ] GC(66) Metaspace: 8571K(8960K)->8571K(8960K) NonClass: 7816K(8000K)->7816K(8000K) Class: 754K(960K)->754K(960K)
[2026-08-01T16:01:41.522+0900][230.869s][debug][gc,heap        ] GC(66) Heap after GC invocations=67 (full 35):
[2026-08-01T16:01:41.522+0900][230.869s][debug][gc,heap        ] GC(66)  garbage-first heap   total 15761408K, used 3446378K [0x00000234f6000000, 0x0000026bf6000000)
[2026-08-01T16:01:41.522+0900][230.869s][debug][gc,heap        ] GC(66)   region size 32768K, 1 young (32768K), 1 survivors (32768K)
[2026-08-01T16:01:41.522+0900][230.869s][debug][gc,heap        ] GC(66)  Metaspace       used 8571K, committed 8960K, reserved 1114112K
[2026-08-01T16:01:41.522+0900][230.869s][debug][gc,heap        ] GC(66)   class space    used 754K, committed 960K, reserved 1048576K
[2026-08-01T16:01:41.522+0900][230.869s][info ][gc             ] GC(66) Pause Young (Mixed) (G1 Evacuation Pause) 3635M->3365M(15392M) 33.301ms
[2026-08-01T16:01:41.522+0900][230.869s][info ][gc,cpu         ] GC(66) User=0.31s Sys=0.02s Real=0.03s
[2026-08-01T16:01:41.522+0900][230.870s][info ][safepoint      ] Safepoint "G1CollectForAllocation", Time since last: 47391200 ns, Reaching safepoint: 80900 ns, At safepoint: 33432200 ns, Total: 33513100 ns
[2026-08-01T16:01:42.487+0900][231.834s][info ][gc,start       ] GC(67) Pause Young (Normal) (G1 Evacuation Pause)
[2026-08-01T16:01:42.487+0900][231.834s][debug][gc,heap        ] GC(67) Heap before GC invocations=67 (full 35):
[2026-08-01T16:01:42.487+0900][231.834s][debug][gc,heap        ] GC(67)  garbage-first heap   total 15761408K, used 5412458K [0x00000234f6000000, 0x0000026bf6000000)
[2026-08-01T16:01:42.487+0900][231.834s][debug][gc,heap        ] GC(67)   region size 32768K, 61 young (1998848K), 1 survivors (32768K)
[2026-08-01T16:01:42.487+0900][231.834s][debug][gc,heap        ] GC(67)  Metaspace       used 8572K, committed 8960K, reserved 1114112K
[2026-08-01T16:01:42.487+0900][231.834s][debug][gc,heap        ] GC(67)   class space    used 754K, committed 960K, reserved 1048576K
[2026-08-01T16:01:42.487+0900][231.834s][info ][gc,task        ] GC(67) Using 18 workers of 18 for evacuation
[2026-08-01T16:01:42.491+0900][231.838s][info ][gc,phases      ] GC(67)   Pre Evacuate Collection Set: 0.1ms
[2026-08-01T16:01:42.491+0900][231.838s][info ][gc,phases      ] GC(67)   Merge Heap Roots: 0.4ms
[2026-08-01T16:01:42.491+0900][231.838s][info ][gc,phases      ] GC(67)   Evacuate Collection Set: 3.4ms
[2026-08-01T16:01:42.491+0900][231.838s][info ][gc,phases      ] GC(67)   Post Evacuate Collection Set: 0.3ms
[2026-08-01T16:01:42.491+0900][231.838s][info ][gc,phases      ] GC(67)   Other: 0.1ms
[2026-08-01T16:01:42.491+0900][231.838s][info ][gc,heap        ] GC(67) Eden regions: 60->0(51)
[2026-08-01T16:01:42.491+0900][231.839s][info ][gc,heap        ] GC(67) Survivor regions: 1->1(8)
[2026-08-01T16:01:42.491+0900][231.839s][info ][gc,heap        ] GC(67) Old regions: 102->102
[2026-08-01T16:01:42.491+0900][231.839s][info ][gc,heap        ] GC(67) Archive regions: 0->0
[2026-08-01T16:01:42.491+0900][231.839s][info ][gc,heap        ] GC(67) Humongous regions: 3->3
[2026-08-01T16:01:42.491+0900][231.839s][info ][gc,metaspace   ] GC(67) Metaspace: 8572K(8960K)->8572K(8960K) NonClass: 7818K(8000K)->7818K(8000K) Class: 754K(960K)->754K(960K)
[2026-08-01T16:01:42.491+0900][231.839s][debug][gc,heap        ] GC(67) Heap after GC invocations=68 (full 35):
[2026-08-01T16:01:42.491+0900][231.839s][debug][gc,heap        ] GC(67)  garbage-first heap   total 15761408K, used 3425944K [0x00000234f6000000, 0x0000026bf6000000)
[2026-08-01T16:01:42.491+0900][231.839s][debug][gc,heap        ] GC(67)   region size 32768K, 1 young (32768K), 1 survivors (32768K)
[2026-08-01T16:01:42.491+0900][231.839s][debug][gc,heap        ] GC(67)  Metaspace       used 8572K, committed 8960K, reserved 1114112K
[2026-08-01T16:01:42.491+0900][231.839s][debug][gc,heap        ] GC(67)   class space    used 754K, committed 960K, reserved 1048576K
[2026-08-01T16:01:42.491+0900][231.839s][info ][gc             ] GC(67) Pause Young (Normal) (G1 Evacuation Pause) 5285M->3345M(15392M) 4.704ms
[2026-08-01T16:01:42.491+0900][231.839s][info ][gc,cpu         ] GC(67) User=0.00s Sys=0.00s Real=0.00s
[2026-08-01T16:01:42.491+0900][231.839s][info ][safepoint      ] Safepoint "G1CollectForAllocation", Time since last: 964278500 ns, Reaching safepoint: 90500 ns, At safepoint: 4786500 ns, Total: 4877000 ns
[2026-08-01T16:01:44.104+0900][233.452s][info ][gc,start       ] GC(68) Pause Young (Normal) (G1 Evacuation Pause)
[2026-08-01T16:01:44.104+0900][233.452s][debug][gc,heap        ] GC(68) Heap before GC invocations=68 (full 35):
[2026-08-01T16:01:44.104+0900][233.452s][debug][gc,heap        ] GC(68)  garbage-first heap   total 15761408K, used 5097112K [0x00000234f6000000, 0x0000026bf6000000)
[2026-08-01T16:01:44.104+0900][233.452s][debug][gc,heap        ] GC(68)   region size 32768K, 52 young (1703936K), 1 survivors (32768K)
[2026-08-01T16:01:44.104+0900][233.452s][debug][gc,heap        ] GC(68)  Metaspace       used 8572K, committed 8960K, reserved 1114112K
[2026-08-01T16:01:44.104+0900][233.452s][debug][gc,heap        ] GC(68)   class space    used 754K, committed 960K, reserved 1048576K
[2026-08-01T16:01:44.104+0900][233.452s][info ][gc,task        ] GC(68) Using 18 workers of 18 for evacuation
[2026-08-01T16:01:44.110+0900][233.457s][info ][gc,phases      ] GC(68)   Pre Evacuate Collection Set: 0.1ms
[2026-08-01T16:01:44.110+0900][233.457s][info ][gc,phases      ] GC(68)   Merge Heap Roots: 0.7ms
[2026-08-01T16:01:44.110+0900][233.457s][info ][gc,phases      ] GC(68)   Evacuate Collection Set: 3.9ms
[2026-08-01T16:01:44.110+0900][233.457s][info ][gc,phases      ] GC(68)   Post Evacuate Collection Set: 0.4ms
[2026-08-01T16:01:44.110+0900][233.457s][info ][gc,phases      ] GC(68)   Other: 0.1ms
[2026-08-01T16:01:44.110+0900][233.457s][info ][gc,heap        ] GC(68) Eden regions: 51->0(62)
[2026-08-01T16:01:44.110+0900][233.457s][info ][gc,heap        ] GC(68) Survivor regions: 1->1(7)
[2026-08-01T16:01:44.110+0900][233.457s][info ][gc,heap        ] GC(68) Old regions: 102->102
[2026-08-01T16:01:44.110+0900][233.457s][info ][gc,heap        ] GC(68) Archive regions: 0->0
[2026-08-01T16:01:44.110+0900][233.457s][info ][gc,heap        ] GC(68) Humongous regions: 3->3
[2026-08-01T16:01:44.110+0900][233.457s][info ][gc,metaspace   ] GC(68) Metaspace: 8572K(8960K)->8572K(8960K) NonClass: 7818K(8000K)->7818K(8000K) Class: 754K(960K)->754K(960K)
[2026-08-01T16:01:44.110+0900][233.457s][debug][gc,heap        ] GC(68) Heap after GC invocations=69 (full 35):
[2026-08-01T16:01:44.110+0900][233.457s][debug][gc,heap        ] GC(68)  garbage-first heap   total 15761408K, used 3423885K [0x00000234f6000000, 0x0000026bf6000000)
[2026-08-01T16:01:44.110+0900][233.457s][debug][gc,heap        ] GC(68)   region size 32768K, 1 young (32768K), 1 survivors (32768K)
[2026-08-01T16:01:44.110+0900][233.457s][debug][gc,heap        ] GC(68)  Metaspace       used 8572K, committed 8960K, reserved 1114112K
[2026-08-01T16:01:44.110+0900][233.457s][debug][gc,heap        ] GC(68)   class space    used 754K, committed 960K, reserved 1048576K
[2026-08-01T16:01:44.110+0900][233.457s][info ][gc             ] GC(68) Pause Young (Normal) (G1 Evacuation Pause) 4977M->3343M(15392M) 5.555ms
[2026-08-01T16:01:44.110+0900][233.457s][info ][gc,cpu         ] GC(68) User=0.28s Sys=0.00s Real=0.01s
[2026-08-01T16:01:44.110+0900][233.457s][info ][safepoint      ] Safepoint "G1CollectForAllocation", Time since last: 1612731900 ns, Reaching safepoint: 131500 ns, At safepoint: 5639600 ns, Total: 5771100 ns
[2026-08-01T16:01:45.118+0900][234.465s][info ][safepoint      ] Safepoint "Cleanup", Time since last: 1007665900 ns, Reaching safepoint: 118400 ns, At safepoint: 10400 ns, Total: 128800 ns
[2026-08-01T16:01:45.734+0900][235.081s][info ][gc,start       ] GC(69) Pause Young (Normal) (G1 Evacuation Pause)
[2026-08-01T16:01:45.734+0900][235.081s][debug][gc,heap        ] GC(69) Heap before GC invocations=69 (full 35):
[2026-08-01T16:01:45.734+0900][235.081s][debug][gc,heap        ] GC(69)  garbage-first heap   total 15761408K, used 5455501K [0x00000234f6000000, 0x0000026bf6000000)
[2026-08-01T16:01:45.734+0900][235.081s][debug][gc,heap        ] GC(69)   region size 32768K, 63 young (2064384K), 1 survivors (32768K)
[2026-08-01T16:01:45.734+0900][235.081s][debug][gc,heap        ] GC(69)  Metaspace       used 8579K, committed 8960K, reserved 1114112K
[2026-08-01T16:01:45.734+0900][235.081s][debug][gc,heap        ] GC(69)   class space    used 754K, committed 960K, reserved 1048576K
[2026-08-01T16:01:45.734+0900][235.081s][info ][gc,task        ] GC(69) Using 18 workers of 18 for evacuation
[2026-08-01T16:01:45.841+0900][235.188s][info ][gc,phases      ] GC(69)   Pre Evacuate Collection Set: 0.2ms
[2026-08-01T16:01:45.841+0900][235.189s][info ][gc,phases      ] GC(69)   Merge Heap Roots: 0.7ms
[2026-08-01T16:01:45.841+0900][235.189s][info ][gc,phases      ] GC(69)   Evacuate Collection Set: 105.3ms
[2026-08-01T16:01:45.841+0900][235.189s][info ][gc,phases      ] GC(69)   Post Evacuate Collection Set: 1.0ms
[2026-08-01T16:01:45.841+0900][235.189s][info ][gc,phases      ] GC(69)   Other: 0.1ms
[2026-08-01T16:01:45.841+0900][235.189s][info ][gc,heap        ] GC(69) Eden regions: 62->0(45)
[2026-08-01T16:01:45.841+0900][235.189s][info ][gc,heap        ] GC(69) Survivor regions: 1->8(8)
[2026-08-01T16:01:45.841+0900][235.189s][info ][gc,heap        ] GC(69) Old regions: 102->110
[2026-08-01T16:01:45.841+0900][235.189s][info ][gc,heap        ] GC(69) Archive regions: 0->0
[2026-08-01T16:01:45.841+0900][235.189s][info ][gc,heap        ] GC(69) Humongous regions: 3->3
[2026-08-01T16:01:45.841+0900][235.189s][info ][gc,metaspace   ] GC(69) Metaspace: 8579K(8960K)->8579K(8960K) NonClass: 7825K(8000K)->7825K(8000K) Class: 754K(960K)->754K(960K)
[2026-08-01T16:01:45.841+0900][235.189s][debug][gc,heap        ] GC(69) Heap after GC invocations=70 (full 35):
[2026-08-01T16:01:45.841+0900][235.189s][debug][gc,heap        ] GC(69)  garbage-first heap   total 15761408K, used 3945272K [0x00000234f6000000, 0x0000026bf6000000)
[2026-08-01T16:01:45.841+0900][235.189s][debug][gc,heap        ] GC(69)   region size 32768K, 8 young (262144K), 8 survivors (262144K)
[2026-08-01T16:01:45.841+0900][235.189s][debug][gc,heap        ] GC(69)  Metaspace       used 8579K, committed 8960K, reserved 1114112K
[2026-08-01T16:01:45.841+0900][235.189s][debug][gc,heap        ] GC(69)   class space    used 754K, committed 960K, reserved 1048576K
[2026-08-01T16:01:45.841+0900][235.189s][info ][gc             ] GC(69) Pause Young (Normal) (G1 Evacuation Pause) 5327M->3852M(15392M) 107.694ms
[2026-08-01T16:01:45.841+0900][235.189s][info ][gc,cpu         ] GC(69) User=1.80s Sys=0.17s Real=0.11s
[2026-08-01T16:01:45.841+0900][235.189s][info ][safepoint      ] Safepoint "G1CollectForAllocation", Time since last: 615885300 ns, Reaching safepoint: 114700 ns, At safepoint: 107749000 ns, Total: 107863700 ns
[2026-08-01T16:01:46.469+0900][235.817s][info ][gc,start       ] GC(70) Pause Young (Normal) (G1 Evacuation Pause)
[2026-08-01T16:01:46.469+0900][235.817s][debug][gc,heap        ] GC(70) Heap before GC invocations=70 (full 35):
[2026-08-01T16:01:46.469+0900][235.817s][debug][gc,heap        ] GC(70)  garbage-first heap   total 15761408K, used 4862776K [0x00000234f6000000, 0x0000026bf6000000)
[2026-08-01T16:01:46.469+0900][235.817s][debug][gc,heap        ] GC(70)   region size 32768K, 36 young (1179648K), 8 survivors (262144K)
[2026-08-01T16:01:46.470+0900][235.817s][debug][gc,heap        ] GC(70)  Metaspace       used 8579K, committed 8960K, reserved 1114112K
[2026-08-01T16:01:46.470+0900][235.817s][debug][gc,heap        ] GC(70)   class space    used 754K, committed 960K, reserved 1048576K
[2026-08-01T16:01:46.470+0900][235.817s][info ][gc,task        ] GC(70) Using 18 workers of 18 for evacuation
[2026-08-01T16:01:46.559+0900][235.906s][info ][gc,phases      ] GC(70)   Pre Evacuate Collection Set: 0.1ms
[2026-08-01T16:01:46.559+0900][235.906s][info ][gc,phases      ] GC(70)   Merge Heap Roots: 1.2ms
[2026-08-01T16:01:46.559+0900][235.906s][info ][gc,phases      ] GC(70)   Evacuate Collection Set: 87.7ms
[2026-08-01T16:01:46.559+0900][235.906s][info ][gc,phases      ] GC(70)   Post Evacuate Collection Set: 0.4ms
[2026-08-01T16:01:46.559+0900][235.906s][info ][gc,phases      ] GC(70)   Other: 0.1ms
[2026-08-01T16:01:46.559+0900][235.906s][info ][gc,heap        ] GC(70) Eden regions: 28->0(41)
[2026-08-01T16:01:46.559+0900][235.906s][info ][gc,heap        ] GC(70) Survivor regions: 8->5(5)
[2026-08-01T16:01:46.559+0900][235.906s][info ][gc,heap        ] GC(70) Old regions: 110->127
[2026-08-01T16:01:46.559+0900][235.906s][info ][gc,heap        ] GC(70) Archive regions: 0->0
[2026-08-01T16:01:46.559+0900][235.906s][info ][gc,heap        ] GC(70) Humongous regions: 3->3
[2026-08-01T16:01:46.559+0900][235.906s][info ][gc,metaspace   ] GC(70) Metaspace: 8579K(8960K)->8579K(8960K) NonClass: 7825K(8000K)->7825K(8000K) Class: 754K(960K)->754K(960K)
[2026-08-01T16:01:46.559+0900][235.906s][debug][gc,heap        ] GC(70) Heap after GC invocations=71 (full 35):
[2026-08-01T16:01:46.559+0900][235.907s][debug][gc,heap        ] GC(70)  garbage-first heap   total 15761408K, used 4384063K [0x00000234f6000000, 0x0000026bf6000000)
[2026-08-01T16:01:46.559+0900][235.907s][debug][gc,heap        ] GC(70)   region size 32768K, 5 young (163840K), 5 survivors (163840K)
[2026-08-01T16:01:46.559+0900][235.907s][debug][gc,heap        ] GC(70)  Metaspace       used 8579K, committed 8960K, reserved 1114112K
[2026-08-01T16:01:46.559+0900][235.907s][debug][gc,heap        ] GC(70)   class space    used 754K, committed 960K, reserved 1048576K
[2026-08-01T16:01:46.559+0900][235.907s][info ][gc             ] GC(70) Pause Young (Normal) (G1 Evacuation Pause) 4748M->4281M(15392M) 89.888ms
[2026-08-01T16:01:46.559+0900][235.907s][info ][gc,cpu         ] GC(70) User=1.69s Sys=0.00s Real=0.09s
[2026-08-01T16:01:46.559+0900][235.907s][info ][safepoint      ] Safepoint "G1CollectForAllocation", Time since last: 627828500 ns, Reaching safepoint: 98100 ns, At safepoint: 89950000 ns, Total: 90048100 ns
[2026-08-01T16:01:47.562+0900][236.909s][info ][safepoint      ] Safepoint "Cleanup", Time since last: 1002243800 ns, Reaching safepoint: 130300 ns, At safepoint: 15500 ns, Total: 145800 ns
[2026-08-01T16:01:48.095+0900][237.442s][info ][gc,start       ] GC(71) Pause Young (Normal) (G1 Evacuation Pause)
[2026-08-01T16:01:48.095+0900][237.442s][debug][gc,heap        ] GC(71) Heap before GC invocations=71 (full 35):
[2026-08-01T16:01:48.095+0900][237.442s][debug][gc,heap        ] GC(71)  garbage-first heap   total 15761408K, used 5727551K [0x00000234f6000000, 0x0000026bf6000000)
[2026-08-01T16:01:48.095+0900][237.442s][debug][gc,heap        ] GC(71)   region size 32768K, 46 young (1507328K), 5 survivors (163840K)
[2026-08-01T16:01:48.095+0900][237.442s][debug][gc,heap        ] GC(71)  Metaspace       used 8579K, committed 8960K, reserved 1114112K
[2026-08-01T16:01:48.095+0900][237.442s][debug][gc,heap        ] GC(71)   class space    used 754K, committed 960K, reserved 1048576K
[2026-08-01T16:01:48.095+0900][237.442s][info ][gc,task        ] GC(71) Using 18 workers of 18 for evacuation
[2026-08-01T16:01:48.144+0900][237.492s][info ][gc,phases      ] GC(71)   Pre Evacuate Collection Set: 0.1ms
[2026-08-01T16:01:48.144+0900][237.492s][info ][gc,phases      ] GC(71)   Merge Heap Roots: 0.8ms
[2026-08-01T16:01:48.144+0900][237.492s][info ][gc,phases      ] GC(71)   Evacuate Collection Set: 48.0ms
[2026-08-01T16:01:48.145+0900][237.492s][info ][gc,phases      ] GC(71)   Post Evacuate Collection Set: 0.6ms
[2026-08-01T16:01:48.145+0900][237.492s][info ][gc,phases      ] GC(71)   Other: 0.1ms
[2026-08-01T16:01:48.145+0900][237.492s][info ][gc,heap        ] GC(71) Eden regions: 41->0(48)
[2026-08-01T16:01:48.145+0900][237.492s][info ][gc,heap        ] GC(71) Survivor regions: 5->6(6)
[2026-08-01T16:01:48.145+0900][237.492s][info ][gc,heap        ] GC(71) Old regions: 127->134
[2026-08-01T16:01:48.145+0900][237.492s][info ][gc,heap        ] GC(71) Archive regions: 0->0
[2026-08-01T16:01:48.145+0900][237.492s][info ][gc,heap        ] GC(71) Humongous regions: 3->3
[2026-08-01T16:01:48.145+0900][237.492s][info ][gc,metaspace   ] GC(71) Metaspace: 8579K(8960K)->8579K(8960K) NonClass: 7825K(8000K)->7825K(8000K) Class: 754K(960K)->754K(960K)
[2026-08-01T16:01:48.145+0900][237.492s][debug][gc,heap        ] GC(71) Heap after GC invocations=72 (full 35):
[2026-08-01T16:01:48.145+0900][237.492s][debug][gc,heap        ] GC(71)  garbage-first heap   total 15761408K, used 4653329K [0x00000234f6000000, 0x0000026bf6000000)
[2026-08-01T16:01:48.145+0900][237.492s][debug][gc,heap        ] GC(71)   region size 32768K, 6 young (196608K), 6 survivors (196608K)
[2026-08-01T16:01:48.145+0900][237.492s][debug][gc,heap        ] GC(71)  Metaspace       used 8579K, committed 8960K, reserved 1114112K
[2026-08-01T16:01:48.145+0900][237.492s][debug][gc,heap        ] GC(71)   class space    used 754K, committed 960K, reserved 1048576K
[2026-08-01T16:01:48.145+0900][237.492s][info ][gc             ] GC(71) Pause Young (Normal) (G1 Evacuation Pause) 5593M->4544M(15392M) 50.121ms
[2026-08-01T16:01:48.145+0900][237.492s][info ][gc,cpu         ] GC(71) User=0.83s Sys=0.02s Real=0.05s
[2026-08-01T16:01:48.145+0900][237.492s][info ][safepoint      ] Safepoint "G1CollectForAllocation", Time since last: 532642700 ns, Reaching safepoint: 160500 ns, At safepoint: 50185400 ns, Total: 50345900 ns
[2026-08-01T16:01:49.723+0900][239.071s][info ][gc,start       ] GC(72) Pause Young (Normal) (G1 Evacuation Pause)
[2026-08-01T16:01:49.723+0900][239.071s][debug][gc,heap        ] GC(72) Heap before GC invocations=72 (full 35):
[2026-08-01T16:01:49.723+0900][239.071s][debug][gc,heap        ] GC(72)  garbage-first heap   total 15761408K, used 6226193K [0x00000234f6000000, 0x0000026bf6000000)
[2026-08-01T16:01:49.723+0900][239.071s][debug][gc,heap        ] GC(72)   region size 32768K, 54 young (1769472K), 6 survivors (196608K)
[2026-08-01T16:01:49.723+0900][239.071s][debug][gc,heap        ] GC(72)  Metaspace       used 8579K, committed 8960K, reserved 1114112K
[2026-08-01T16:01:49.723+0900][239.071s][debug][gc,heap        ] GC(72)   class space    used 754K, committed 960K, reserved 1048576K
[2026-08-01T16:01:49.723+0900][239.071s][info ][gc,task        ] GC(72) Using 18 workers of 18 for evacuation
[2026-08-01T16:01:49.779+0900][239.127s][info ][gc,phases      ] GC(72)   Pre Evacuate Collection Set: 0.2ms
[2026-08-01T16:01:49.779+0900][239.127s][info ][gc,phases      ] GC(72)   Merge Heap Roots: 1.1ms
[2026-08-01T16:01:49.779+0900][239.127s][info ][gc,phases      ] GC(72)   Evacuate Collection Set: 20.4ms
[2026-08-01T16:01:49.779+0900][239.127s][info ][gc,phases      ] GC(72)   Post Evacuate Collection Set: 34.1ms
[2026-08-01T16:01:49.779+0900][239.127s][info ][gc,phases      ] GC(72)   Other: 0.1ms
[2026-08-01T16:01:49.779+0900][239.127s][info ][gc,heap        ] GC(72) Eden regions: 48->0(82)
[2026-08-01T16:01:49.779+0900][239.127s][info ][gc,heap        ] GC(72) Survivor regions: 6->0(7)
[2026-08-01T16:01:49.779+0900][239.127s][info ][gc,heap        ] GC(72) Old regions: 134->141
[2026-08-01T16:01:49.779+0900][239.127s][info ][gc,heap        ] GC(72) Archive regions: 0->0
[2026-08-01T16:01:49.779+0900][239.127s][info ][gc,heap        ] GC(72) Humongous regions: 3->3
[2026-08-01T16:01:49.779+0900][239.127s][info ][gc,metaspace   ] GC(72) Metaspace: 8579K(8960K)->8579K(8960K) NonClass: 7825K(8000K)->7825K(8000K) Class: 754K(960K)->754K(960K)
[2026-08-01T16:01:49.779+0900][239.127s][debug][gc,heap        ] GC(72) Heap after GC invocations=73 (full 35):
[2026-08-01T16:01:49.779+0900][239.127s][debug][gc,heap        ] GC(72)  garbage-first heap   total 34635776K, used 4676083K [0x00000234f6000000, 0x0000026bf6000000)
[2026-08-01T16:01:49.779+0900][239.127s][debug][gc,heap        ] GC(72)   region size 32768K, 0 young (0K), 0 survivors (0K)
[2026-08-01T16:01:49.779+0900][239.127s][debug][gc,heap        ] GC(72)  Metaspace       used 8579K, committed 8960K, reserved 1114112K
[2026-08-01T16:01:49.779+0900][239.127s][debug][gc,heap        ] GC(72)   class space    used 754K, committed 960K, reserved 1048576K
[2026-08-01T16:01:49.779+0900][239.127s][info ][gc             ] GC(72) Pause Young (Normal) (G1 Evacuation Pause) 6080M->4566M(33824M) 56.184ms
[2026-08-01T16:01:49.779+0900][239.127s][info ][gc,cpu         ] GC(72) User=0.30s Sys=0.03s Real=0.06s
[2026-08-01T16:01:49.780+0900][239.127s][info ][safepoint      ] Safepoint "G1CollectForAllocation", Time since last: 1578459300 ns, Reaching safepoint: 103500 ns, At safepoint: 56315000 ns, Total: 56418500 ns
[2026-08-01T16:01:53.023+0900][242.370s][info ][gc,start       ] GC(73) Pause Young (Normal) (G1 Evacuation Pause)
[2026-08-01T16:01:53.023+0900][242.371s][debug][gc,heap        ] GC(73) Heap before GC invocations=73 (full 35):
[2026-08-01T16:01:53.023+0900][242.371s][debug][gc,heap        ] GC(73)  garbage-first heap   total 34635776K, used 7363059K [0x00000234f6000000, 0x0000026bf6000000)
[2026-08-01T16:01:53.023+0900][242.371s][debug][gc,heap        ] GC(73)   region size 32768K, 82 young (2686976K), 0 survivors (0K)
[2026-08-01T16:01:53.023+0900][242.371s][debug][gc,heap        ] GC(73)  Metaspace       used 8579K, committed 8960K, reserved 1114112K
[2026-08-01T16:01:53.023+0900][242.371s][debug][gc,heap        ] GC(73)   class space    used 754K, committed 960K, reserved 1048576K
[2026-08-01T16:01:53.023+0900][242.371s][info ][gc,task        ] GC(73) Using 18 workers of 18 for evacuation
[2026-08-01T16:01:53.024+0900][242.372s][info ][gc,phases      ] GC(73)   Pre Evacuate Collection Set: 0.1ms
[2026-08-01T16:01:53.024+0900][242.372s][info ][gc,phases      ] GC(73)   Merge Heap Roots: 0.2ms
[2026-08-01T16:01:53.024+0900][242.372s][info ][gc,phases      ] GC(73)   Evacuate Collection Set: 0.3ms
[2026-08-01T16:01:53.024+0900][242.372s][info ][gc,phases      ] GC(73)   Post Evacuate Collection Set: 0.3ms
[2026-08-01T16:01:53.024+0900][242.372s][info ][gc,phases      ] GC(73)   Other: 0.1ms
[2026-08-01T16:01:53.024+0900][242.372s][info ][gc,heap        ] GC(73) Eden regions: 82->0(109)
[2026-08-01T16:01:53.024+0900][242.372s][info ][gc,heap        ] GC(73) Survivor regions: 0->0(11)
[2026-08-01T16:01:53.024+0900][242.372s][info ][gc,heap        ] GC(73) Old regions: 141->141
[2026-08-01T16:01:53.024+0900][242.372s][info ][gc,heap        ] GC(73) Archive regions: 0->0
[2026-08-01T16:01:53.024+0900][242.372s][info ][gc,heap        ] GC(73) Humongous regions: 3->3
[2026-08-01T16:01:53.024+0900][242.372s][info ][gc,metaspace   ] GC(73) Metaspace: 8579K(8960K)->8579K(8960K) NonClass: 7825K(8000K)->7825K(8000K) Class: 754K(960K)->754K(960K)
[2026-08-01T16:01:53.024+0900][242.372s][debug][gc,heap        ] GC(73) Heap after GC invocations=74 (full 35):
[2026-08-01T16:01:53.025+0900][242.372s][debug][gc,heap        ] GC(73)  garbage-first heap   total 34635776K, used 4676083K [0x00000234f6000000, 0x0000026bf6000000)
[2026-08-01T16:01:53.025+0900][242.372s][debug][gc,heap        ] GC(73)   region size 32768K, 0 young (0K), 0 survivors (0K)
[2026-08-01T16:01:53.025+0900][242.372s][debug][gc,heap        ] GC(73)  Metaspace       used 8579K, committed 8960K, reserved 1114112K
[2026-08-01T16:01:53.025+0900][242.372s][debug][gc,heap        ] GC(73)   class space    used 754K, committed 960K, reserved 1048576K
[2026-08-01T16:01:53.025+0900][242.372s][info ][gc             ] GC(73) Pause Young (Normal) (G1 Evacuation Pause) 7190M->4566M(33824M) 1.367ms
[2026-08-01T16:01:53.025+0900][242.372s][info ][gc,cpu         ] GC(73) User=0.00s Sys=0.00s Real=0.00s
[2026-08-01T16:01:53.025+0900][242.372s][info ][safepoint      ] Safepoint "G1CollectForAllocation", Time since last: 3243486400 ns, Reaching safepoint: 110600 ns, At safepoint: 1419400 ns, Total: 1530000 ns
[2026-08-01T16:01:56.489+0900][245.836s][info ][gc,start       ] GC(74) Pause Young (Normal) (G1 Evacuation Pause)
[2026-08-01T16:01:56.489+0900][245.836s][debug][gc,heap        ] GC(74) Heap before GC invocations=74 (full 35):
[2026-08-01T16:01:56.489+0900][245.836s][debug][gc,heap        ] GC(74)  garbage-first heap   total 34635776K, used 8247795K [0x00000234f6000000, 0x0000026bf6000000)
[2026-08-01T16:01:56.489+0900][245.836s][debug][gc,heap        ] GC(74)   region size 32768K, 109 young (3571712K), 0 survivors (0K)
[2026-08-01T16:01:56.489+0900][245.836s][debug][gc,heap        ] GC(74)  Metaspace       used 8579K, committed 8960K, reserved 1114112K
[2026-08-01T16:01:56.489+0900][245.836s][debug][gc,heap        ] GC(74)   class space    used 754K, committed 960K, reserved 1048576K
[2026-08-01T16:01:56.489+0900][245.836s][info ][gc,task        ] GC(74) Using 18 workers of 18 for evacuation
[2026-08-01T16:01:56.490+0900][245.837s][info ][gc,phases      ] GC(74)   Pre Evacuate Collection Set: 0.1ms
[2026-08-01T16:01:56.490+0900][245.837s][info ][gc,phases      ] GC(74)   Merge Heap Roots: 0.2ms
[2026-08-01T16:01:56.490+0900][245.837s][info ][gc,phases      ] GC(74)   Evacuate Collection Set: 0.3ms
[2026-08-01T16:01:56.490+0900][245.837s][info ][gc,phases      ] GC(74)   Post Evacuate Collection Set: 0.3ms
[2026-08-01T16:01:56.490+0900][245.837s][info ][gc,phases      ] GC(74)   Other: 0.1ms
[2026-08-01T16:01:56.490+0900][245.837s][info ][gc,heap        ] GC(74) Eden regions: 109->0(634)
[2026-08-01T16:01:56.490+0900][245.837s][info ][gc,heap        ] GC(74) Survivor regions: 0->0(14)
[2026-08-01T16:01:56.490+0900][245.837s][info ][gc,heap        ] GC(74) Old regions: 141->141
[2026-08-01T16:01:56.490+0900][245.837s][info ][gc,heap        ] GC(74) Archive regions: 0->0
[2026-08-01T16:01:56.490+0900][245.837s][info ][gc,heap        ] GC(74) Humongous regions: 3->3
[2026-08-01T16:01:56.490+0900][245.837s][info ][gc,metaspace   ] GC(74) Metaspace: 8579K(8960K)->8579K(8960K) NonClass: 7825K(8000K)->7825K(8000K) Class: 754K(960K)->754K(960K)
[2026-08-01T16:01:56.490+0900][245.837s][debug][gc,heap        ] GC(74) Heap after GC invocations=75 (full 35):
[2026-08-01T16:01:56.490+0900][245.837s][debug][gc,heap        ] GC(74)  garbage-first heap   total 34635776K, used 4676083K [0x00000234f6000000, 0x0000026bf6000000)
[2026-08-01T16:01:56.490+0900][245.837s][debug][gc,heap        ] GC(74)   region size 32768K, 0 young (0K), 0 survivors (0K)
[2026-08-01T16:01:56.490+0900][245.837s][debug][gc,heap        ] GC(74)  Metaspace       used 8579K, committed 8960K, reserved 1114112K
[2026-08-01T16:01:56.490+0900][245.837s][debug][gc,heap        ] GC(74)   class space    used 754K, committed 960K, reserved 1048576K
[2026-08-01T16:01:56.490+0900][245.837s][info ][gc             ] GC(74) Pause Young (Normal) (G1 Evacuation Pause) 8054M->4566M(33824M) 1.414ms
[2026-08-01T16:01:56.490+0900][245.837s][info ][gc,cpu         ] GC(74) User=0.00s Sys=0.00s Real=0.00s
[2026-08-01T16:01:56.490+0900][245.837s][info ][safepoint      ] Safepoint "G1CollectForAllocation", Time since last: 3464042100 ns, Reaching safepoint: 112800 ns, At safepoint: 1464700 ns, Total: 1577500 ns
[2026-08-01T16:02:17.283+0900][266.630s][info ][gc,start       ] GC(75) Pause Young (Normal) (G1 Evacuation Pause)
[2026-08-01T16:02:17.283+0900][266.630s][debug][gc,heap        ] GC(75) Heap before GC invocations=75 (full 35):
[2026-08-01T16:02:17.283+0900][266.630s][debug][gc,heap        ] GC(75)  garbage-first heap   total 34635776K, used 25450995K [0x00000234f6000000, 0x0000026bf6000000)
[2026-08-01T16:02:17.283+0900][266.630s][debug][gc,heap        ] GC(75)   region size 32768K, 634 young (20774912K), 0 survivors (0K)
[2026-08-01T16:02:17.283+0900][266.630s][debug][gc,heap        ] GC(75)  Metaspace       used 8579K, committed 8960K, reserved 1114112K
[2026-08-01T16:02:17.283+0900][266.630s][debug][gc,heap        ] GC(75)   class space    used 754K, committed 960K, reserved 1048576K
[2026-08-01T16:02:17.283+0900][266.630s][info ][gc,task        ] GC(75) Using 18 workers of 18 for evacuation
[2026-08-01T16:02:17.285+0900][266.632s][info ][gc,phases      ] GC(75)   Pre Evacuate Collection Set: 0.2ms
[2026-08-01T16:02:17.285+0900][266.632s][info ][gc,phases      ] GC(75)   Merge Heap Roots: 0.2ms
[2026-08-01T16:02:17.285+0900][266.632s][info ][gc,phases      ] GC(75)   Evacuate Collection Set: 0.3ms
[2026-08-01T16:02:17.285+0900][266.632s][info ][gc,phases      ] GC(75)   Post Evacuate Collection Set: 0.9ms
[2026-08-01T16:02:17.285+0900][266.632s][info ][gc,phases      ] GC(75)   Other: 0.2ms
[2026-08-01T16:02:17.285+0900][266.632s][info ][gc,heap        ] GC(75) Eden regions: 634->0(634)
[2026-08-01T16:02:17.285+0900][266.632s][info ][gc,heap        ] GC(75) Survivor regions: 0->0(80)
[2026-08-01T16:02:17.285+0900][266.632s][info ][gc,heap        ] GC(75) Old regions: 141->141
[2026-08-01T16:02:17.285+0900][266.632s][info ][gc,heap        ] GC(75) Archive regions: 0->0
[2026-08-01T16:02:17.285+0900][266.632s][info ][gc,heap        ] GC(75) Humongous regions: 3->3
[2026-08-01T16:02:17.285+0900][266.632s][info ][gc,metaspace   ] GC(75) Metaspace: 8579K(8960K)->8579K(8960K) NonClass: 7825K(8000K)->7825K(8000K) Class: 754K(960K)->754K(960K)
[2026-08-01T16:02:17.285+0900][266.632s][debug][gc,heap        ] GC(75) Heap after GC invocations=76 (full 35):
[2026-08-01T16:02:17.285+0900][266.632s][debug][gc,heap        ] GC(75)  garbage-first heap   total 34635776K, used 4676083K [0x00000234f6000000, 0x0000026bf6000000)
[2026-08-01T16:02:17.285+0900][266.632s][debug][gc,heap        ] GC(75)   region size 32768K, 0 young (0K), 0 survivors (0K)
[2026-08-01T16:02:17.285+0900][266.632s][debug][gc,heap        ] GC(75)  Metaspace       used 8579K, committed 8960K, reserved 1114112K
[2026-08-01T16:02:17.285+0900][266.632s][debug][gc,heap        ] GC(75)   class space    used 754K, committed 960K, reserved 1048576K
[2026-08-01T16:02:17.285+0900][266.632s][info ][gc             ] GC(75) Pause Young (Normal) (G1 Evacuation Pause) 24854M->4566M(33824M) 2.123ms
[2026-08-01T16:02:17.285+0900][266.632s][info ][gc,cpu         ] GC(75) User=0.00s Sys=0.00s Real=0.00s
[2026-08-01T16:02:17.285+0900][266.632s][info ][safepoint      ] Safepoint "G1CollectForAllocation", Time since last: 20792465000 ns, Reaching safepoint: 113700 ns, At safepoint: 2178300 ns, Total: 2292000 ns
[2026-08-01T16:02:35.583+0900][284.930s][info ][gc,start       ] GC(76) Pause Young (Normal) (G1 Evacuation Pause)
[2026-08-01T16:02:35.583+0900][284.930s][debug][gc,heap        ] GC(76) Heap before GC invocations=76 (full 35):
[2026-08-01T16:02:35.583+0900][284.930s][debug][gc,heap        ] GC(76)  garbage-first heap   total 34635776K, used 25450995K [0x00000234f6000000, 0x0000026bf6000000)
[2026-08-01T16:02:35.583+0900][284.930s][debug][gc,heap        ] GC(76)   region size 32768K, 634 young (20774912K), 0 survivors (0K)
[2026-08-01T16:02:35.583+0900][284.930s][debug][gc,heap        ] GC(76)  Metaspace       used 8579K, committed 8960K, reserved 1114112K
[2026-08-01T16:02:35.583+0900][284.930s][debug][gc,heap        ] GC(76)   class space    used 754K, committed 960K, reserved 1048576K
[2026-08-01T16:02:35.583+0900][284.930s][info ][gc,task        ] GC(76) Using 18 workers of 18 for evacuation
[2026-08-01T16:02:35.585+0900][284.932s][info ][gc,phases      ] GC(76)   Pre Evacuate Collection Set: 0.2ms
[2026-08-01T16:02:35.585+0900][284.932s][info ][gc,phases      ] GC(76)   Merge Heap Roots: 0.2ms
[2026-08-01T16:02:35.585+0900][284.932s][info ][gc,phases      ] GC(76)   Evacuate Collection Set: 0.2ms
[2026-08-01T16:02:35.585+0900][284.932s][info ][gc,phases      ] GC(76)   Post Evacuate Collection Set: 0.8ms
[2026-08-01T16:02:35.585+0900][284.932s][info ][gc,phases      ] GC(76)   Other: 0.1ms
[2026-08-01T16:02:35.585+0900][284.932s][info ][gc,heap        ] GC(76) Eden regions: 634->0(634)
[2026-08-01T16:02:35.585+0900][284.932s][info ][gc,heap        ] GC(76) Survivor regions: 0->0(80)
[2026-08-01T16:02:35.585+0900][284.932s][info ][gc,heap        ] GC(76) Old regions: 141->141
[2026-08-01T16:02:35.585+0900][284.932s][info ][gc,heap        ] GC(76) Archive regions: 0->0
[2026-08-01T16:02:35.585+0900][284.932s][info ][gc,heap        ] GC(76) Humongous regions: 3->3
[2026-08-01T16:02:35.585+0900][284.932s][info ][gc,metaspace   ] GC(76) Metaspace: 8579K(8960K)->8579K(8960K) NonClass: 7825K(8000K)->7825K(8000K) Class: 754K(960K)->754K(960K)
[2026-08-01T16:02:35.585+0900][284.932s][debug][gc,heap        ] GC(76) Heap after GC invocations=77 (full 35):
[2026-08-01T16:02:35.585+0900][284.932s][debug][gc,heap        ] GC(76)  garbage-first heap   total 34635776K, used 4676083K [0x00000234f6000000, 0x0000026bf6000000)
[2026-08-01T16:02:35.585+0900][284.932s][debug][gc,heap        ] GC(76)   region size 32768K, 0 young (0K), 0 survivors (0K)
[2026-08-01T16:02:35.585+0900][284.932s][debug][gc,heap        ] GC(76)  Metaspace       used 8579K, committed 8960K, reserved 1114112K
[2026-08-01T16:02:35.585+0900][284.932s][debug][gc,heap        ] GC(76)   class space    used 754K, committed 960K, reserved 1048576K
[2026-08-01T16:02:35.585+0900][284.932s][info ][gc             ] GC(76) Pause Young (Normal) (G1 Evacuation Pause) 24854M->4566M(33824M) 1.924ms
[2026-08-01T16:02:35.585+0900][284.932s][info ][gc,cpu         ] GC(76) User=0.00s Sys=0.00s Real=0.00s
[2026-08-01T16:02:35.585+0900][284.932s][info ][safepoint      ] Safepoint "G1CollectForAllocation", Time since last: 18297886800 ns, Reaching safepoint: 117500 ns, At safepoint: 1982200 ns, Total: 2099700 ns
[2026-08-01T16:02:51.678+0900][301.025s][info ][safepoint      ] Safepoint "Cleanup", Time since last: 16092598800 ns, Reaching safepoint: 123700 ns, At safepoint: 10200 ns, Total: 133900 ns
[2026-08-01T16:18:31.030+0900][1240.377s][info ][safepoint      ] Safepoint "Cleanup", Time since last: 939351889100 ns, Reaching safepoint: 146900 ns, At safepoint: 17800 ns, Total: 164700 ns
[2026-08-01T16:18:32.812+0900][1242.160s][info ][safepoint      ] Safepoint "Cleanup", Time since last: 1782456200 ns, Reaching safepoint: 98500 ns, At safepoint: 7500 ns, Total: 106000 ns
[2026-08-01T16:18:33.837+0900][1243.185s][info ][safepoint      ] Safepoint "Cleanup", Time since last: 1024888100 ns, Reaching safepoint: 126400 ns, At safepoint: 11700 ns, Total: 138100 ns
[2026-08-01T16:21:12.766+0900][1402.114s][info ][safepoint      ] Safepoint "Cleanup", Time since last: 158928851000 ns, Reaching safepoint: 127300 ns, At safepoint: 11500 ns, Total: 138800 ns
[2026-08-01T16:21:20.255+0900][1409.603s][info ][safepoint      ] Safepoint "Cleanup", Time since last: 7488811300 ns, Reaching safepoint: 103500 ns, At safepoint: 12500 ns, Total: 116000 ns
[2026-08-01T16:22:13.585+0900][1462.933s][info ][safepoint      ] Safepoint "Cleanup", Time since last: 53329901000 ns, Reaching safepoint: 143100 ns, At safepoint: 13100 ns, Total: 156200 ns
[2026-08-01T16:22:24.720+0900][1474.068s][info ][gc,heap,exit   ] Heap
[2026-08-01T16:22:24.720+0900][1474.068s][info ][gc,heap,exit   ]  garbage-first heap   total 34635776K, used 23812595K [0x00000234f6000000, 0x0000026bf6000000)
[2026-08-01T16:22:24.720+0900][1474.068s][info ][gc,heap,exit   ]   region size 32768K, 584 young (19136512K), 0 survivors (0K)
[2026-08-01T16:22:24.720+0900][1474.068s][info ][gc,heap,exit   ]  Metaspace       used 9814K, committed 10368K, reserved 1114112K
[2026-08-01T16:22:24.720+0900][1474.068s][info ][gc,heap,exit   ]   class space    used 877K, committed 1152K, reserved 1048576K
