[2026-08-02T15:26:52.661+0900][0.008s][info][gc,init] CardTable entry size: 512
[2026-08-02T15:26:52.661+0900][0.008s][debug][gc,heap] Minimum heap 33554432  Initial heap 2147483648  Maximum heap 236223201280
[2026-08-02T15:26:52.661+0900][0.008s][info ][gc     ] Using G1
[2026-08-02T15:26:52.667+0900][0.015s][info ][gc,init] Version: 18.0.1.1+2-6 (release)
[2026-08-02T15:26:52.667+0900][0.015s][info ][gc,init] CPUs: 24 total, 24 available
[2026-08-02T15:26:52.667+0900][0.015s][info ][gc,init] Memory: 255G
[2026-08-02T15:26:52.667+0900][0.015s][info ][gc,init] Large Page Support: Disabled
[2026-08-02T15:26:52.667+0900][0.015s][info ][gc,init] NUMA Support: Disabled
[2026-08-02T15:26:52.667+0900][0.015s][info ][gc,init] Compressed Oops: Disabled
[2026-08-02T15:26:52.667+0900][0.015s][info ][gc,init] Heap Region Size: 32M
[2026-08-02T15:26:52.667+0900][0.015s][info ][gc,init] Heap Min Capacity: 32M
[2026-08-02T15:26:52.667+0900][0.015s][info ][gc,init] Heap Initial Capacity: 2G
[2026-08-02T15:26:52.667+0900][0.015s][info ][gc,init] Heap Max Capacity: 220G
[2026-08-02T15:26:52.667+0900][0.015s][info ][gc,init] Pre-touch: Disabled
[2026-08-02T15:26:52.667+0900][0.015s][info ][gc,init] Parallel Workers: 18
[2026-08-02T15:26:52.667+0900][0.015s][info ][gc,init] Concurrent Workers: 5
[2026-08-02T15:26:52.667+0900][0.015s][info ][gc,init] Concurrent Refinement Workers: 18
[2026-08-02T15:26:52.667+0900][0.015s][info ][gc,init] Periodic GC: Disabled
[2026-08-02T15:26:52.669+0900][0.016s][info ][gc,metaspace] CDS archive(s) mapped at: [0x0000000800000000-0x0000000800ba0000-0x0000000800ba0000), size 12189696, SharedBaseAddress: 0x0000000800000000, ArchiveRelocationMode: 0.
[2026-08-02T15:26:52.669+0900][0.016s][info ][gc,metaspace] Compressed class space mapped at: 0x0000000800c00000-0x0000000840c00000, reserved size: 1073741824
[2026-08-02T15:26:52.669+0900][0.016s][info ][gc,metaspace] Narrow klass base: 0x0000000800000000, Narrow klass shift: 0, Narrow klass range: 0x100000000
[2026-08-02T15:26:52.921+0900][0.268s][info ][safepoint   ] Safepoint "ICBufferFull", Time since last: 246905100 ns, Reaching safepoint: 129700 ns, At safepoint: 15800 ns, Total: 145500 ns
[2026-08-02T15:26:52.960+0900][0.307s][info ][safepoint   ] Safepoint "RedefineClasses", Time since last: 34399000 ns, Reaching safepoint: 88000 ns, At safepoint: 4930400 ns, Total: 5018400 ns
[2026-08-02T15:26:53.001+0900][0.348s][info ][safepoint   ] Safepoint "ICBufferFull", Time since last: 41115500 ns, Reaching safepoint: 128600 ns, At safepoint: 17800 ns, Total: 146400 ns
[2026-08-02T15:26:53.015+0900][0.363s][info ][safepoint   ] Safepoint "JFRCheckpoint", Time since last: 14314800 ns, Reaching safepoint: 38700 ns, At safepoint: 18700 ns, Total: 57400 ns
[2026-08-02T15:26:53.020+0900][0.368s][info ][safepoint   ] Safepoint "JFROldObject", Time since last: 4735500 ns, Reaching safepoint: 26700 ns, At safepoint: 18400 ns, Total: 45100 ns
[2026-08-02T15:26:53.025+0900][0.373s][info ][safepoint   ] Safepoint "ClassLoaderStatsOperation", Time since last: 4985100 ns, Reaching safepoint: 43000 ns, At safepoint: 322900 ns, Total: 365900 ns
[2026-08-02T15:26:53.051+0900][0.398s][info ][gc,start    ] GC(0) Pause Full (System.gc())
[2026-08-02T15:26:53.051+0900][0.398s][debug][gc,heap     ] GC(0) Heap before GC invocations=0 (full 0):
[2026-08-02T15:26:53.051+0900][0.398s][debug][gc,heap     ] GC(0)  garbage-first heap   total 2097152K, used 32768K [0x000001dd28000000, 0x0000021428000000)
[2026-08-02T15:26:53.051+0900][0.398s][debug][gc,heap     ] GC(0)   region size 32768K, 2 young (65536K), 0 survivors (0K)
[2026-08-02T15:26:53.051+0900][0.398s][debug][gc,heap     ] GC(0)  Metaspace       used 3795K, committed 3904K, reserved 1114112K
[2026-08-02T15:26:53.051+0900][0.398s][debug][gc,heap     ] GC(0)   class space    used 339K, committed 384K, reserved 1048576K
[2026-08-02T15:26:53.051+0900][0.398s][info ][gc,task     ] GC(0) Using 2 workers of 18 for full compaction
[2026-08-02T15:26:53.051+0900][0.398s][info ][gc,phases,start] GC(0) Phase 1: Mark live objects
[2026-08-02T15:26:53.054+0900][0.402s][info ][gc,phases      ] GC(0) Phase 1: Mark live objects 3.870ms
[2026-08-02T15:26:53.054+0900][0.402s][info ][gc,phases,start] GC(0) Phase 2: Prepare for compaction
[2026-08-02T15:26:53.058+0900][0.405s][info ][gc,phases      ] GC(0) Phase 2: Prepare for compaction 2.701ms
[2026-08-02T15:26:53.058+0900][0.405s][info ][gc,phases,start] GC(0) Phase 3: Adjust pointers
[2026-08-02T15:26:53.059+0900][0.407s][info ][gc,phases      ] GC(0) Phase 3: Adjust pointers 2.219ms
[2026-08-02T15:26:53.059+0900][0.407s][info ][gc,phases,start] GC(0) Phase 4: Compact heap
[2026-08-02T15:26:53.063+0900][0.411s][info ][gc,phases      ] GC(0) Phase 4: Compact heap 3.878ms
[2026-08-02T15:26:53.068+0900][0.416s][debug][gc,heap        ] GC(0) Uncommittable regions after shrink: 57
[2026-08-02T15:26:53.069+0900][0.417s][info ][gc,heap        ] GC(0) Eden regions: 2->0(1)
[2026-08-02T15:26:53.069+0900][0.417s][info ][gc,heap        ] GC(0) Survivor regions: 0->0(0)
[2026-08-02T15:26:53.069+0900][0.417s][info ][gc,heap        ] GC(0) Old regions: 0->2
[2026-08-02T15:26:53.069+0900][0.417s][info ][gc,heap        ] GC(0) Archive regions: 0->0
[2026-08-02T15:26:53.069+0900][0.417s][info ][gc,heap        ] GC(0) Humongous regions: 0->0
[2026-08-02T15:26:53.069+0900][0.417s][info ][gc,metaspace   ] GC(0) Metaspace: 3795K(3904K)->3795K(3904K) NonClass: 3456K(3520K)->3456K(3520K) Class: 339K(384K)->339K(384K)
[2026-08-02T15:26:53.069+0900][0.417s][debug][gc,heap        ] GC(0) Heap after GC invocations=1 (full 1):
[2026-08-02T15:26:53.069+0900][0.417s][debug][gc,heap        ] GC(0)  garbage-first heap   total 229376K, used 8470K [0x000001dd28000000, 0x0000021428000000)
[2026-08-02T15:26:53.069+0900][0.417s][debug][gc,heap        ] GC(0)   region size 32768K, 0 young (0K), 0 survivors (0K)
[2026-08-02T15:26:53.069+0900][0.417s][debug][gc,heap        ] GC(0)  Metaspace       used 3795K, committed 3904K, reserved 1114112K
[2026-08-02T15:26:53.069+0900][0.417s][debug][gc,heap        ] GC(0)   class space    used 339K, committed 384K, reserved 1048576K
[2026-08-02T15:26:53.069+0900][0.417s][info ][gc             ] GC(0) Pause Full (System.gc()) 43M->8M(224M) 19.190ms
[2026-08-02T15:26:53.069+0900][0.417s][info ][gc,cpu         ] GC(0) User=0.02s Sys=0.00s Real=0.02s
[2026-08-02T15:26:53.069+0900][0.417s][info ][safepoint      ] Safepoint "G1CollectFull", Time since last: 24714900 ns, Reaching safepoint: 38600 ns, At safepoint: 19292900 ns, Total: 19331500 ns
[2026-08-02T15:26:53.301+0900][0.649s][debug][gc,heap        ] Concurrent Uncommit Summary: 1824M, 57 regions, 16.832ms
[2026-08-02T15:26:53.375+0900][0.722s][info ][gc,start       ] GC(1) Pause Full (System.gc())
[2026-08-02T15:26:53.375+0900][0.722s][debug][gc,heap        ] GC(1) Heap before GC invocations=1 (full 1):
[2026-08-02T15:26:53.375+0900][0.722s][debug][gc,heap        ] GC(1)  garbage-first heap   total 229376K, used 8470K [0x000001dd28000000, 0x0000021428000000)
[2026-08-02T15:26:53.375+0900][0.722s][debug][gc,heap        ] GC(1)   region size 32768K, 1 young (32768K), 0 survivors (0K)
[2026-08-02T15:26:53.375+0900][0.722s][debug][gc,heap        ] GC(1)  Metaspace       used 8882K, committed 9152K, reserved 1114112K
[2026-08-02T15:26:53.375+0900][0.722s][debug][gc,heap        ] GC(1)   class space    used 830K, committed 960K, reserved 1048576K
[2026-08-02T15:26:53.375+0900][0.722s][info ][gc,task        ] GC(1) Using 1 workers of 18 for full compaction
[2026-08-02T15:26:53.375+0900][0.722s][info ][gc,phases,start] GC(1) Phase 1: Mark live objects
[2026-08-02T15:26:53.386+0900][0.733s][info ][gc,phases      ] GC(1) Phase 1: Mark live objects 10.889ms
[2026-08-02T15:26:53.386+0900][0.733s][info ][gc,phases,start] GC(1) Phase 2: Prepare for compaction
[2026-08-02T15:26:53.388+0900][0.735s][info ][gc,phases      ] GC(1) Phase 2: Prepare for compaction 2.521ms
[2026-08-02T15:26:53.388+0900][0.735s][info ][gc,phases,start] GC(1) Phase 3: Adjust pointers
[2026-08-02T15:26:53.394+0900][0.741s][info ][gc,phases      ] GC(1) Phase 3: Adjust pointers 5.423ms
[2026-08-02T15:26:53.394+0900][0.741s][info ][gc,phases,start] GC(1) Phase 4: Compact heap
[2026-08-02T15:26:53.397+0900][0.745s][info ][gc,phases      ] GC(1) Phase 4: Compact heap 3.807ms
[2026-08-02T15:26:53.398+0900][0.746s][debug][gc,heap        ] GC(1) Uncommittable regions after shrink: 3
[2026-08-02T15:26:53.400+0900][0.747s][info ][gc,heap        ] GC(1) Eden regions: 1->0(1)
[2026-08-02T15:26:53.400+0900][0.747s][info ][gc,heap        ] GC(1) Survivor regions: 0->0(0)
[2026-08-02T15:26:53.400+0900][0.747s][info ][gc,heap        ] GC(1) Old regions: 2->1
[2026-08-02T15:26:53.400+0900][0.747s][info ][gc,heap        ] GC(1) Archive regions: 0->0
[2026-08-02T15:26:53.400+0900][0.747s][info ][gc,heap        ] GC(1) Humongous regions: 0->0
[2026-08-02T15:26:53.400+0900][0.747s][info ][gc,metaspace   ] GC(1) Metaspace: 8882K(9152K)->8882K(9152K) NonClass: 8051K(8192K)->8051K(8192K) Class: 830K(960K)->830K(960K)
[2026-08-02T15:26:53.400+0900][0.747s][debug][gc,heap        ] GC(1) Heap after GC invocations=2 (full 2):
[2026-08-02T15:26:53.400+0900][0.747s][debug][gc,heap        ] GC(1)  garbage-first heap   total 131072K, used 11699K [0x000001dd28000000, 0x0000021428000000)
[2026-08-02T15:26:53.400+0900][0.747s][debug][gc,heap        ] GC(1)   region size 32768K, 0 young (0K), 0 survivors (0K)
[2026-08-02T15:26:53.400+0900][0.747s][debug][gc,heap        ] GC(1)  Metaspace       used 8882K, committed 9152K, reserved 1114112K
[2026-08-02T15:26:53.400+0900][0.747s][debug][gc,heap        ] GC(1)   class space    used 830K, committed 960K, reserved 1048576K
[2026-08-02T15:26:53.400+0900][0.747s][info ][gc             ] GC(1) Pause Full (System.gc()) 26M->11M(128M) 25.410ms
[2026-08-02T15:26:53.400+0900][0.747s][info ][gc,cpu         ] GC(1) User=0.02s Sys=0.00s Real=0.03s
[2026-08-02T15:26:53.400+0900][0.747s][info ][safepoint      ] Safepoint "G1CollectFull", Time since last: 304563000 ns, Reaching safepoint: 102300 ns, At safepoint: 25522000 ns, Total: 25624300 ns
[2026-08-02T15:26:53.482+0900][0.829s][info ][gc,start       ] GC(2) Pause Full (System.gc())
[2026-08-02T15:26:53.482+0900][0.829s][debug][gc,heap        ] GC(2) Heap before GC invocations=2 (full 2):
[2026-08-02T15:26:53.482+0900][0.829s][debug][gc,heap        ] GC(2)  garbage-first heap   total 131072K, used 11699K [0x000001dd28000000, 0x0000021428000000)
[2026-08-02T15:26:53.482+0900][0.829s][debug][gc,heap        ] GC(2)   region size 32768K, 1 young (32768K), 0 survivors (0K)
[2026-08-02T15:26:53.482+0900][0.829s][debug][gc,heap        ] GC(2)  Metaspace       used 9246K, committed 9536K, reserved 1114112K
[2026-08-02T15:26:53.482+0900][0.829s][debug][gc,heap        ] GC(2)   class space    used 875K, committed 1024K, reserved 1048576K
[2026-08-02T15:26:53.482+0900][0.829s][info ][gc,task        ] GC(2) Using 1 workers of 18 for full compaction
[2026-08-02T15:26:53.482+0900][0.829s][info ][gc,phases,start] GC(2) Phase 1: Mark live objects
[2026-08-02T15:26:53.503+0900][0.850s][info ][gc,phases      ] GC(2) Phase 1: Mark live objects 20.934ms
[2026-08-02T15:26:53.503+0900][0.850s][info ][gc,phases,start] GC(2) Phase 2: Prepare for compaction
[2026-08-02T15:26:53.508+0900][0.855s][info ][gc,phases      ] GC(2) Phase 2: Prepare for compaction 4.971ms
[2026-08-02T15:26:53.508+0900][0.855s][info ][gc,phases,start] GC(2) Phase 3: Adjust pointers
[2026-08-02T15:26:53.517+0900][0.865s][info ][gc,phases      ] GC(2) Phase 3: Adjust pointers 9.672ms
[2026-08-02T15:26:53.517+0900][0.865s][info ][gc,phases,start] GC(2) Phase 4: Compact heap
[2026-08-02T15:26:53.523+0900][0.871s][info ][gc,phases      ] GC(2) Phase 4: Compact heap 5.595ms
[2026-08-02T15:26:53.525+0900][0.872s][info ][gc,heap        ] GC(2) Eden regions: 1->0(1)
[2026-08-02T15:26:53.525+0900][0.872s][info ][gc,heap        ] GC(2) Survivor regions: 0->0(0)
[2026-08-02T15:26:53.525+0900][0.872s][info ][gc,heap        ] GC(2) Old regions: 1->1
[2026-08-02T15:26:53.525+0900][0.872s][info ][gc,heap        ] GC(2) Archive regions: 0->0
[2026-08-02T15:26:53.525+0900][0.872s][info ][gc,heap        ] GC(2) Humongous regions: 0->0
[2026-08-02T15:26:53.525+0900][0.872s][info ][gc,metaspace   ] GC(2) Metaspace: 9246K(9536K)->9246K(9536K) NonClass: 8370K(8512K)->8370K(8512K) Class: 875K(1024K)->875K(1024K)
[2026-08-02T15:26:53.525+0900][0.872s][debug][gc,heap        ] GC(2) Heap after GC invocations=3 (full 3):
[2026-08-02T15:26:53.525+0900][0.872s][debug][gc,heap        ] GC(2)  garbage-first heap   total 131072K, used 17838K [0x000001dd28000000, 0x0000021428000000)
[2026-08-02T15:26:53.525+0900][0.872s][debug][gc,heap        ] GC(2)   region size 32768K, 0 young (0K), 0 survivors (0K)
[2026-08-02T15:26:53.525+0900][0.872s][debug][gc,heap        ] GC(2)  Metaspace       used 9246K, committed 9536K, reserved 1114112K
[2026-08-02T15:26:53.525+0900][0.872s][debug][gc,heap        ] GC(2)   class space    used 875K, committed 1024K, reserved 1048576K
[2026-08-02T15:26:53.525+0900][0.872s][info ][gc             ] GC(2) Pause Full (System.gc()) 30M->17M(128M) 43.458ms
[2026-08-02T15:26:53.525+0900][0.872s][info ][gc,cpu         ] GC(2) User=0.06s Sys=0.00s Real=0.04s
[2026-08-02T15:26:53.525+0900][0.872s][info ][safepoint      ] Safepoint "G1CollectFull", Time since last: 81632800 ns, Reaching safepoint: 49000 ns, At safepoint: 43513800 ns, Total: 43562800 ns
[2026-08-02T15:26:53.527+0900][0.874s][debug][gc,heap        ] Concurrent Uncommit Summary: 98304K, 3 regions, 1.845ms
[2026-08-02T15:26:53.543+0900][0.890s][info ][gc,start       ] GC(3) Pause Full (System.gc())
[2026-08-02T15:26:53.543+0900][0.890s][debug][gc,heap        ] GC(3) Heap before GC invocations=3 (full 3):
[2026-08-02T15:26:53.543+0900][0.890s][debug][gc,heap        ] GC(3)  garbage-first heap   total 131072K, used 17838K [0x000001dd28000000, 0x0000021428000000)
[2026-08-02T15:26:53.543+0900][0.890s][debug][gc,heap        ] GC(3)   region size 32768K, 1 young (32768K), 0 survivors (0K)
[2026-08-02T15:26:53.543+0900][0.890s][debug][gc,heap        ] GC(3)  Metaspace       used 9421K, committed 9728K, reserved 1114112K
[2026-08-02T15:26:53.543+0900][0.890s][debug][gc,heap        ] GC(3)   class space    used 895K, committed 1024K, reserved 1048576K
[2026-08-02T15:26:53.543+0900][0.890s][info ][gc,task        ] GC(3) Using 1 workers of 18 for full compaction
[2026-08-02T15:26:53.543+0900][0.890s][info ][gc,phases,start] GC(3) Phase 1: Mark live objects
[2026-08-02T15:26:53.559+0900][0.907s][info ][gc,phases      ] GC(3) Phase 1: Mark live objects 16.482ms
[2026-08-02T15:26:53.559+0900][0.907s][info ][gc,phases,start] GC(3) Phase 2: Prepare for compaction
[2026-08-02T15:26:53.562+0900][0.909s][info ][gc,phases      ] GC(3) Phase 2: Prepare for compaction 2.778ms
[2026-08-02T15:26:53.562+0900][0.909s][info ][gc,phases,start] GC(3) Phase 3: Adjust pointers
[2026-08-02T15:26:53.568+0900][0.916s][info ][gc,phases      ] GC(3) Phase 3: Adjust pointers 6.293ms
[2026-08-02T15:26:53.568+0900][0.916s][info ][gc,phases,start] GC(3) Phase 4: Compact heap
[2026-08-02T15:26:53.571+0900][0.918s][info ][gc,phases      ] GC(3) Phase 4: Compact heap 2.430ms
[2026-08-02T15:26:53.572+0900][0.920s][info ][gc,heap        ] GC(3) Eden regions: 1->0(1)
[2026-08-02T15:26:53.572+0900][0.920s][info ][gc,heap        ] GC(3) Survivor regions: 0->0(0)
[2026-08-02T15:26:53.572+0900][0.920s][info ][gc,heap        ] GC(3) Old regions: 1->1
[2026-08-02T15:26:53.572+0900][0.920s][info ][gc,heap        ] GC(3) Archive regions: 0->0
[2026-08-02T15:26:53.572+0900][0.920s][info ][gc,heap        ] GC(3) Humongous regions: 0->0
[2026-08-02T15:26:53.572+0900][0.920s][info ][gc,metaspace   ] GC(3) Metaspace: 9421K(9728K)->9421K(9728K) NonClass: 8525K(8704K)->8525K(8704K) Class: 895K(1024K)->895K(1024K)
[2026-08-02T15:26:53.572+0900][0.920s][debug][gc,heap        ] GC(3) Heap after GC invocations=4 (full 4):
[2026-08-02T15:26:53.572+0900][0.920s][debug][gc,heap        ] GC(3)  garbage-first heap   total 131072K, used 17899K [0x000001dd28000000, 0x0000021428000000)
[2026-08-02T15:26:53.572+0900][0.920s][debug][gc,heap        ] GC(3)   region size 32768K, 0 young (0K), 0 survivors (0K)
[2026-08-02T15:26:53.572+0900][0.920s][debug][gc,heap        ] GC(3)  Metaspace       used 9421K, committed 9728K, reserved 1114112K
[2026-08-02T15:26:53.572+0900][0.920s][debug][gc,heap        ] GC(3)   class space    used 895K, committed 1024K, reserved 1048576K
[2026-08-02T15:26:53.572+0900][0.920s][info ][gc             ] GC(3) Pause Full (System.gc()) 19M->17M(128M) 30.111ms
[2026-08-02T15:26:53.572+0900][0.920s][info ][gc,cpu         ] GC(3) User=0.05s Sys=0.00s Real=0.03s
[2026-08-02T15:26:53.572+0900][0.920s][info ][safepoint      ] Safepoint "G1CollectFull", Time since last: 17390700 ns, Reaching safepoint: 36600 ns, At safepoint: 30229100 ns, Total: 30265700 ns
[2026-08-02T15:26:53.576+0900][0.923s][info ][gc,start       ] GC(4) Pause Full (System.gc())
[2026-08-02T15:26:53.576+0900][0.924s][debug][gc,heap        ] GC(4) Heap before GC invocations=4 (full 4):
[2026-08-02T15:26:53.576+0900][0.924s][debug][gc,heap        ] GC(4)  garbage-first heap   total 131072K, used 17899K [0x000001dd28000000, 0x0000021428000000)
[2026-08-02T15:26:53.576+0900][0.924s][debug][gc,heap        ] GC(4)   region size 32768K, 1 young (32768K), 0 survivors (0K)
[2026-08-02T15:26:53.576+0900][0.924s][debug][gc,heap        ] GC(4)  Metaspace       used 9432K, committed 9728K, reserved 1114112K
[2026-08-02T15:26:53.576+0900][0.924s][debug][gc,heap        ] GC(4)   class space    used 895K, committed 1024K, reserved 1048576K
[2026-08-02T15:26:53.576+0900][0.924s][info ][gc,task        ] GC(4) Using 1 workers of 18 for full compaction
[2026-08-02T15:26:53.576+0900][0.924s][info ][gc,phases,start] GC(4) Phase 1: Mark live objects
[2026-08-02T15:26:53.591+0900][0.938s][info ][gc,phases      ] GC(4) Phase 1: Mark live objects 14.620ms
[2026-08-02T15:26:53.591+0900][0.938s][info ][gc,phases,start] GC(4) Phase 2: Prepare for compaction
[2026-08-02T15:26:53.594+0900][0.941s][info ][gc,phases      ] GC(4) Phase 2: Prepare for compaction 2.883ms
[2026-08-02T15:26:53.594+0900][0.941s][info ][gc,phases,start] GC(4) Phase 3: Adjust pointers
[2026-08-02T15:26:53.601+0900][0.948s][info ][gc,phases      ] GC(4) Phase 3: Adjust pointers 6.795ms
[2026-08-02T15:26:53.601+0900][0.948s][info ][gc,phases,start] GC(4) Phase 4: Compact heap
[2026-08-02T15:26:53.602+0900][0.950s][info ][gc,phases      ] GC(4) Phase 4: Compact heap 2.283ms
[2026-08-02T15:26:53.605+0900][0.952s][info ][gc,heap        ] GC(4) Eden regions: 1->0(1)
[2026-08-02T15:26:53.605+0900][0.952s][info ][gc,heap        ] GC(4) Survivor regions: 0->0(0)
[2026-08-02T15:26:53.605+0900][0.952s][info ][gc,heap        ] GC(4) Old regions: 1->1
[2026-08-02T15:26:53.605+0900][0.952s][info ][gc,heap        ] GC(4) Archive regions: 0->0
[2026-08-02T15:26:53.605+0900][0.952s][info ][gc,heap        ] GC(4) Humongous regions: 0->0
[2026-08-02T15:26:53.605+0900][0.952s][info ][gc,metaspace   ] GC(4) Metaspace: 9432K(9728K)->9432K(9728K) NonClass: 8537K(8704K)->8537K(8704K) Class: 895K(1024K)->895K(1024K)
[2026-08-02T15:26:53.605+0900][0.952s][debug][gc,heap        ] GC(4) Heap after GC invocations=5 (full 5):
[2026-08-02T15:26:53.605+0900][0.952s][debug][gc,heap        ] GC(4)  garbage-first heap   total 131072K, used 17907K [0x000001dd28000000, 0x0000021428000000)
[2026-08-02T15:26:53.605+0900][0.952s][debug][gc,heap        ] GC(4)   region size 32768K, 0 young (0K), 0 survivors (0K)
[2026-08-02T15:26:53.605+0900][0.952s][debug][gc,heap        ] GC(4)  Metaspace       used 9432K, committed 9728K, reserved 1114112K
[2026-08-02T15:26:53.605+0900][0.952s][debug][gc,heap        ] GC(4)   class space    used 895K, committed 1024K, reserved 1048576K
[2026-08-02T15:26:53.605+0900][0.952s][info ][gc             ] GC(4) Pause Full (System.gc()) 18M->17M(128M) 28.702ms
[2026-08-02T15:26:53.605+0900][0.952s][info ][gc,cpu         ] GC(4) User=0.02s Sys=0.00s Real=0.03s
[2026-08-02T15:26:53.605+0900][0.952s][info ][safepoint      ] Safepoint "G1CollectFull", Time since last: 3360100 ns, Reaching safepoint: 25400 ns, At safepoint: 28822300 ns, Total: 28847700 ns
[2026-08-02T15:26:53.608+0900][0.955s][info ][gc,start       ] GC(5) Pause Full (System.gc())
[2026-08-02T15:26:53.608+0900][0.955s][debug][gc,heap        ] GC(5) Heap before GC invocations=5 (full 5):
[2026-08-02T15:26:53.608+0900][0.955s][debug][gc,heap        ] GC(5)  garbage-first heap   total 131072K, used 17907K [0x000001dd28000000, 0x0000021428000000)
[2026-08-02T15:26:53.608+0900][0.955s][debug][gc,heap        ] GC(5)   region size 32768K, 1 young (32768K), 0 survivors (0K)
[2026-08-02T15:26:53.608+0900][0.955s][debug][gc,heap        ] GC(5)  Metaspace       used 9445K, committed 9728K, reserved 1114112K
[2026-08-02T15:26:53.608+0900][0.955s][debug][gc,heap        ] GC(5)   class space    used 895K, committed 1024K, reserved 1048576K
[2026-08-02T15:26:53.608+0900][0.955s][info ][gc,task        ] GC(5) Using 1 workers of 18 for full compaction
[2026-08-02T15:26:53.608+0900][0.956s][info ][gc,phases,start] GC(5) Phase 1: Mark live objects
[2026-08-02T15:26:53.623+0900][0.971s][info ][gc,phases      ] GC(5) Phase 1: Mark live objects 15.699ms
[2026-08-02T15:26:53.623+0900][0.971s][info ][gc,phases,start] GC(5) Phase 2: Prepare for compaction
[2026-08-02T15:26:53.627+0900][0.974s][info ][gc,phases      ] GC(5) Phase 2: Prepare for compaction 2.985ms
[2026-08-02T15:26:53.627+0900][0.974s][info ][gc,phases,start] GC(5) Phase 3: Adjust pointers
[2026-08-02T15:26:53.635+0900][0.982s][info ][gc,phases      ] GC(5) Phase 3: Adjust pointers 7.486ms
[2026-08-02T15:26:53.635+0900][0.982s][info ][gc,phases,start] GC(5) Phase 4: Compact heap
[2026-08-02T15:26:53.637+0900][0.984s][info ][gc,phases      ] GC(5) Phase 4: Compact heap 2.332ms
[2026-08-02T15:26:53.638+0900][0.986s][info ][gc,heap        ] GC(5) Eden regions: 1->0(1)
[2026-08-02T15:26:53.638+0900][0.986s][info ][gc,heap        ] GC(5) Survivor regions: 0->0(0)
[2026-08-02T15:26:53.638+0900][0.986s][info ][gc,heap        ] GC(5) Old regions: 1->1
[2026-08-02T15:26:53.638+0900][0.986s][info ][gc,heap        ] GC(5) Archive regions: 0->0
[2026-08-02T15:26:53.638+0900][0.986s][info ][gc,heap        ] GC(5) Humongous regions: 0->0
[2026-08-02T15:26:53.638+0900][0.986s][info ][gc,metaspace   ] GC(5) Metaspace: 9445K(9728K)->9445K(9728K) NonClass: 8550K(8704K)->8550K(8704K) Class: 895K(1024K)->895K(1024K)
[2026-08-02T15:26:53.638+0900][0.986s][debug][gc,heap        ] GC(5) Heap after GC invocations=6 (full 6):
[2026-08-02T15:26:53.638+0900][0.986s][debug][gc,heap        ] GC(5)  garbage-first heap   total 131072K, used 17916K [0x000001dd28000000, 0x0000021428000000)
[2026-08-02T15:26:53.638+0900][0.986s][debug][gc,heap        ] GC(5)   region size 32768K, 0 young (0K), 0 survivors (0K)
[2026-08-02T15:26:53.638+0900][0.986s][debug][gc,heap        ] GC(5)  Metaspace       used 9445K, committed 9728K, reserved 1114112K
[2026-08-02T15:26:53.638+0900][0.986s][debug][gc,heap        ] GC(5)   class space    used 895K, committed 1024K, reserved 1048576K
[2026-08-02T15:26:53.638+0900][0.986s][info ][gc             ] GC(5) Pause Full (System.gc()) 18M->17M(128M) 30.609ms
[2026-08-02T15:26:53.638+0900][0.986s][info ][gc,cpu         ] GC(5) User=0.03s Sys=0.00s Real=0.03s
[2026-08-02T15:26:53.638+0900][0.986s][info ][safepoint      ] Safepoint "G1CollectFull", Time since last: 3028500 ns, Reaching safepoint: 28200 ns, At safepoint: 30721800 ns, Total: 30750000 ns
[2026-08-02T15:26:53.642+0900][0.989s][info ][gc,start       ] GC(6) Pause Full (System.gc())
[2026-08-02T15:26:53.642+0900][0.989s][debug][gc,heap        ] GC(6) Heap before GC invocations=6 (full 6):
[2026-08-02T15:26:53.642+0900][0.989s][debug][gc,heap        ] GC(6)  garbage-first heap   total 131072K, used 17916K [0x000001dd28000000, 0x0000021428000000)
[2026-08-02T15:26:53.642+0900][0.989s][debug][gc,heap        ] GC(6)   region size 32768K, 1 young (32768K), 0 survivors (0K)
[2026-08-02T15:26:53.642+0900][0.989s][debug][gc,heap        ] GC(6)  Metaspace       used 9468K, committed 9728K, reserved 1114112K
[2026-08-02T15:26:53.642+0900][0.989s][debug][gc,heap        ] GC(6)   class space    used 895K, committed 1024K, reserved 1048576K
[2026-08-02T15:26:53.642+0900][0.989s][info ][gc,task        ] GC(6) Using 1 workers of 18 for full compaction
[2026-08-02T15:26:53.642+0900][0.989s][info ][gc,phases,start] GC(6) Phase 1: Mark live objects
[2026-08-02T15:26:53.656+0900][1.004s][info ][gc,phases      ] GC(6) Phase 1: Mark live objects 14.497ms
[2026-08-02T15:26:53.657+0900][1.004s][info ][gc,phases,start] GC(6) Phase 2: Prepare for compaction
[2026-08-02T15:26:53.659+0900][1.006s][info ][gc,phases      ] GC(6) Phase 2: Prepare for compaction 2.805ms
[2026-08-02T15:26:53.659+0900][1.007s][info ][gc,phases,start] GC(6) Phase 3: Adjust pointers
[2026-08-02T15:26:53.666+0900][1.013s][info ][gc,phases      ] GC(6) Phase 3: Adjust pointers 6.702ms
[2026-08-02T15:26:53.666+0900][1.013s][info ][gc,phases,start] GC(6) Phase 4: Compact heap
[2026-08-02T15:26:53.668+0900][1.015s][info ][gc,phases      ] GC(6) Phase 4: Compact heap 2.236ms
[2026-08-02T15:26:53.670+0900][1.017s][info ][gc,heap        ] GC(6) Eden regions: 1->0(1)
[2026-08-02T15:26:53.670+0900][1.017s][info ][gc,heap        ] GC(6) Survivor regions: 0->0(0)
[2026-08-02T15:26:53.670+0900][1.017s][info ][gc,heap        ] GC(6) Old regions: 1->1
[2026-08-02T15:26:53.670+0900][1.017s][info ][gc,heap        ] GC(6) Archive regions: 0->0
[2026-08-02T15:26:53.670+0900][1.017s][info ][gc,heap        ] GC(6) Humongous regions: 0->0
[2026-08-02T15:26:53.670+0900][1.017s][info ][gc,metaspace   ] GC(6) Metaspace: 9468K(9728K)->9468K(9728K) NonClass: 8573K(8704K)->8573K(8704K) Class: 895K(1024K)->895K(1024K)
[2026-08-02T15:26:53.670+0900][1.017s][debug][gc,heap        ] GC(6) Heap after GC invocations=7 (full 7):
[2026-08-02T15:26:53.670+0900][1.017s][debug][gc,heap        ] GC(6)  garbage-first heap   total 131072K, used 17926K [0x000001dd28000000, 0x0000021428000000)
[2026-08-02T15:26:53.670+0900][1.017s][debug][gc,heap        ] GC(6)   region size 32768K, 0 young (0K), 0 survivors (0K)
[2026-08-02T15:26:53.670+0900][1.017s][debug][gc,heap        ] GC(6)  Metaspace       used 9468K, committed 9728K, reserved 1114112K
[2026-08-02T15:26:53.670+0900][1.017s][debug][gc,heap        ] GC(6)   class space    used 895K, committed 1024K, reserved 1048576K
[2026-08-02T15:26:53.670+0900][1.017s][info ][gc             ] GC(6) Pause Full (System.gc()) 18M->17M(128M) 28.380ms
[2026-08-02T15:26:53.670+0900][1.017s][info ][gc,cpu         ] GC(6) User=0.03s Sys=0.00s Real=0.03s
[2026-08-02T15:26:53.670+0900][1.017s][info ][safepoint      ] Safepoint "G1CollectFull", Time since last: 2790100 ns, Reaching safepoint: 33900 ns, At safepoint: 28507200 ns, Total: 28541100 ns
[2026-08-02T15:26:53.673+0900][1.021s][info ][gc,start       ] GC(7) Pause Full (System.gc())
[2026-08-02T15:26:53.673+0900][1.021s][debug][gc,heap        ] GC(7) Heap before GC invocations=7 (full 7):
[2026-08-02T15:26:53.673+0900][1.021s][debug][gc,heap        ] GC(7)  garbage-first heap   total 131072K, used 17926K [0x000001dd28000000, 0x0000021428000000)
[2026-08-02T15:26:53.673+0900][1.021s][debug][gc,heap        ] GC(7)   region size 32768K, 1 young (32768K), 0 survivors (0K)
[2026-08-02T15:26:53.673+0900][1.021s][debug][gc,heap        ] GC(7)  Metaspace       used 9481K, committed 9792K, reserved 1114112K
[2026-08-02T15:26:53.673+0900][1.021s][debug][gc,heap        ] GC(7)   class space    used 895K, committed 1024K, reserved 1048576K
[2026-08-02T15:26:53.673+0900][1.021s][info ][gc,task        ] GC(7) Using 1 workers of 18 for full compaction
[2026-08-02T15:26:53.673+0900][1.021s][info ][gc,phases,start] GC(7) Phase 1: Mark live objects
[2026-08-02T15:26:53.687+0900][1.034s][info ][gc,phases      ] GC(7) Phase 1: Mark live objects 13.692ms
[2026-08-02T15:26:53.687+0900][1.034s][info ][gc,phases,start] GC(7) Phase 2: Prepare for compaction
[2026-08-02T15:26:53.689+0900][1.037s][info ][gc,phases      ] GC(7) Phase 2: Prepare for compaction 2.498ms
[2026-08-02T15:26:53.689+0900][1.037s][info ][gc,phases,start] GC(7) Phase 3: Adjust pointers
[2026-08-02T15:26:53.695+0900][1.043s][info ][gc,phases      ] GC(7) Phase 3: Adjust pointers 5.866ms
[2026-08-02T15:26:53.695+0900][1.043s][info ][gc,phases,start] GC(7) Phase 4: Compact heap
[2026-08-02T15:26:53.697+0900][1.045s][info ][gc,phases      ] GC(7) Phase 4: Compact heap 2.059ms
[2026-08-02T15:26:53.700+0900][1.047s][info ][gc,heap        ] GC(7) Eden regions: 1->0(1)
[2026-08-02T15:26:53.700+0900][1.047s][info ][gc,heap        ] GC(7) Survivor regions: 0->0(0)
[2026-08-02T15:26:53.700+0900][1.047s][info ][gc,heap        ] GC(7) Old regions: 1->1
[2026-08-02T15:26:53.700+0900][1.047s][info ][gc,heap        ] GC(7) Archive regions: 0->0
[2026-08-02T15:26:53.700+0900][1.047s][info ][gc,heap        ] GC(7) Humongous regions: 0->0
[2026-08-02T15:26:53.700+0900][1.047s][info ][gc,metaspace   ] GC(7) Metaspace: 9481K(9792K)->9481K(9792K) NonClass: 8585K(8768K)->8585K(8768K) Class: 895K(1024K)->895K(1024K)
[2026-08-02T15:26:53.700+0900][1.047s][debug][gc,heap        ] GC(7) Heap after GC invocations=8 (full 8):
[2026-08-02T15:26:53.700+0900][1.047s][debug][gc,heap        ] GC(7)  garbage-first heap   total 131072K, used 17934K [0x000001dd28000000, 0x0000021428000000)
[2026-08-02T15:26:53.700+0900][1.047s][debug][gc,heap        ] GC(7)   region size 32768K, 0 young (0K), 0 survivors (0K)
[2026-08-02T15:26:53.700+0900][1.047s][debug][gc,heap        ] GC(7)  Metaspace       used 9481K, committed 9792K, reserved 1114112K
[2026-08-02T15:26:53.700+0900][1.047s][debug][gc,heap        ] GC(7)   class space    used 895K, committed 1024K, reserved 1048576K
[2026-08-02T15:26:53.700+0900][1.047s][info ][gc             ] GC(7) Pause Full (System.gc()) 18M->17M(128M) 26.117ms
[2026-08-02T15:26:53.700+0900][1.047s][info ][gc,cpu         ] GC(7) User=0.02s Sys=0.02s Real=0.03s
[2026-08-02T15:26:53.700+0900][1.047s][info ][safepoint      ] Safepoint "G1CollectFull", Time since last: 3078500 ns, Reaching safepoint: 27700 ns, At safepoint: 26244400 ns, Total: 26272100 ns
[2026-08-02T15:26:53.702+0900][1.049s][info ][gc,start       ] GC(8) Pause Full (System.gc())
[2026-08-02T15:26:53.702+0900][1.049s][debug][gc,heap        ] GC(8) Heap before GC invocations=8 (full 8):
[2026-08-02T15:26:53.702+0900][1.049s][debug][gc,heap        ] GC(8)  garbage-first heap   total 131072K, used 17934K [0x000001dd28000000, 0x0000021428000000)
[2026-08-02T15:26:53.702+0900][1.049s][debug][gc,heap        ] GC(8)   region size 32768K, 1 young (32768K), 0 survivors (0K)
[2026-08-02T15:26:53.702+0900][1.049s][debug][gc,heap        ] GC(8)  Metaspace       used 9488K, committed 9792K, reserved 1114112K
[2026-08-02T15:26:53.702+0900][1.049s][debug][gc,heap        ] GC(8)   class space    used 895K, committed 1024K, reserved 1048576K
[2026-08-02T15:26:53.702+0900][1.049s][info ][gc,task        ] GC(8) Using 1 workers of 18 for full compaction
[2026-08-02T15:26:53.702+0900][1.049s][info ][gc,phases,start] GC(8) Phase 1: Mark live objects
[2026-08-02T15:26:53.715+0900][1.063s][info ][gc,phases      ] GC(8) Phase 1: Mark live objects 13.627ms
[2026-08-02T15:26:53.715+0900][1.063s][info ][gc,phases,start] GC(8) Phase 2: Prepare for compaction
[2026-08-02T15:26:53.718+0900][1.065s][info ][gc,phases      ] GC(8) Phase 2: Prepare for compaction 2.848ms
[2026-08-02T15:26:53.718+0900][1.065s][info ][gc,phases,start] GC(8) Phase 3: Adjust pointers
[2026-08-02T15:26:53.725+0900][1.072s][info ][gc,phases      ] GC(8) Phase 3: Adjust pointers 6.975ms
[2026-08-02T15:26:53.725+0900][1.072s][info ][gc,phases,start] GC(8) Phase 4: Compact heap
[2026-08-02T15:26:53.728+0900][1.075s][info ][gc,phases      ] GC(8) Phase 4: Compact heap 2.136ms
[2026-08-02T15:26:53.729+0900][1.076s][info ][gc,heap        ] GC(8) Eden regions: 1->0(1)
[2026-08-02T15:26:53.729+0900][1.076s][info ][gc,heap        ] GC(8) Survivor regions: 0->0(0)
[2026-08-02T15:26:53.729+0900][1.076s][info ][gc,heap        ] GC(8) Old regions: 1->1
[2026-08-02T15:26:53.729+0900][1.076s][info ][gc,heap        ] GC(8) Archive regions: 0->0
[2026-08-02T15:26:53.729+0900][1.076s][info ][gc,heap        ] GC(8) Humongous regions: 0->0
[2026-08-02T15:26:53.729+0900][1.076s][info ][gc,metaspace   ] GC(8) Metaspace: 9488K(9792K)->9488K(9792K) NonClass: 8592K(8768K)->8592K(8768K) Class: 895K(1024K)->895K(1024K)
[2026-08-02T15:26:53.729+0900][1.076s][debug][gc,heap        ] GC(8) Heap after GC invocations=9 (full 9):
[2026-08-02T15:26:53.729+0900][1.076s][debug][gc,heap        ] GC(8)  garbage-first heap   total 131072K, used 17943K [0x000001dd28000000, 0x0000021428000000)
[2026-08-02T15:26:53.729+0900][1.076s][debug][gc,heap        ] GC(8)   region size 32768K, 0 young (0K), 0 survivors (0K)
[2026-08-02T15:26:53.729+0900][1.076s][debug][gc,heap        ] GC(8)  Metaspace       used 9488K, committed 9792K, reserved 1114112K
[2026-08-02T15:26:53.729+0900][1.076s][debug][gc,heap        ] GC(8)   class space    used 895K, committed 1024K, reserved 1048576K
[2026-08-02T15:26:53.729+0900][1.076s][info ][gc             ] GC(8) Pause Full (System.gc()) 18M->17M(128M) 27.782ms
[2026-08-02T15:26:53.729+0900][1.076s][info ][gc,cpu         ] GC(8) User=0.02s Sys=0.00s Real=0.03s
[2026-08-02T15:26:53.730+0900][1.077s][info ][safepoint      ] Safepoint "G1CollectFull", Time since last: 1897000 ns, Reaching safepoint: 23400 ns, At safepoint: 27900000 ns, Total: 27923400 ns
[2026-08-02T15:26:53.731+0900][1.079s][info ][gc,start       ] GC(9) Pause Full (System.gc())
[2026-08-02T15:26:53.731+0900][1.079s][debug][gc,heap        ] GC(9) Heap before GC invocations=9 (full 9):
[2026-08-02T15:26:53.731+0900][1.079s][debug][gc,heap        ] GC(9)  garbage-first heap   total 131072K, used 17943K [0x000001dd28000000, 0x0000021428000000)
[2026-08-02T15:26:53.732+0900][1.079s][debug][gc,heap        ] GC(9)   region size 32768K, 1 young (32768K), 0 survivors (0K)
[2026-08-02T15:26:53.732+0900][1.079s][debug][gc,heap        ] GC(9)  Metaspace       used 9507K, committed 9792K, reserved 1114112K
[2026-08-02T15:26:53.732+0900][1.079s][debug][gc,heap        ] GC(9)   class space    used 895K, committed 1024K, reserved 1048576K
[2026-08-02T15:26:53.732+0900][1.079s][info ][gc,task        ] GC(9) Using 1 workers of 18 for full compaction
[2026-08-02T15:26:53.732+0900][1.079s][info ][gc,phases,start] GC(9) Phase 1: Mark live objects
[2026-08-02T15:26:53.744+0900][1.092s][info ][gc,phases      ] GC(9) Phase 1: Mark live objects 13.268ms
[2026-08-02T15:26:53.744+0900][1.092s][info ][gc,phases,start] GC(9) Phase 2: Prepare for compaction
[2026-08-02T15:26:53.748+0900][1.095s][info ][gc,phases      ] GC(9) Phase 2: Prepare for compaction 2.574ms
[2026-08-02T15:26:53.748+0900][1.095s][info ][gc,phases,start] GC(9) Phase 3: Adjust pointers
[2026-08-02T15:26:53.753+0900][1.101s][info ][gc,phases      ] GC(9) Phase 3: Adjust pointers 5.949ms
[2026-08-02T15:26:53.753+0900][1.101s][info ][gc,phases,start] GC(9) Phase 4: Compact heap
[2026-08-02T15:26:53.755+0900][1.103s][info ][gc,phases      ] GC(9) Phase 4: Compact heap 2.186ms
[2026-08-02T15:26:53.757+0900][1.104s][info ][gc,heap        ] GC(9) Eden regions: 1->0(1)
[2026-08-02T15:26:53.757+0900][1.104s][info ][gc,heap        ] GC(9) Survivor regions: 0->0(0)
[2026-08-02T15:26:53.757+0900][1.104s][info ][gc,heap        ] GC(9) Old regions: 1->1
[2026-08-02T15:26:53.757+0900][1.104s][info ][gc,heap        ] GC(9) Archive regions: 0->0
[2026-08-02T15:26:53.757+0900][1.104s][info ][gc,heap        ] GC(9) Humongous regions: 0->0
[2026-08-02T15:26:53.757+0900][1.104s][info ][gc,metaspace   ] GC(9) Metaspace: 9507K(9792K)->9507K(9792K) NonClass: 8611K(8768K)->8611K(8768K) Class: 895K(1024K)->895K(1024K)
[2026-08-02T15:26:53.757+0900][1.104s][debug][gc,heap        ] GC(9) Heap after GC invocations=10 (full 10):
[2026-08-02T15:26:53.757+0900][1.104s][debug][gc,heap        ] GC(9)  garbage-first heap   total 131072K, used 17953K [0x000001dd28000000, 0x0000021428000000)
[2026-08-02T15:26:53.757+0900][1.104s][debug][gc,heap        ] GC(9)   region size 32768K, 0 young (0K), 0 survivors (0K)
[2026-08-02T15:26:53.757+0900][1.104s][debug][gc,heap        ] GC(9)  Metaspace       used 9507K, committed 9792K, reserved 1114112K
[2026-08-02T15:26:53.757+0900][1.104s][debug][gc,heap        ] GC(9)   class space    used 895K, committed 1024K, reserved 1048576K
[2026-08-02T15:26:53.757+0900][1.105s][info ][gc             ] GC(9) Pause Full (System.gc()) 18M->17M(128M) 25.994ms
[2026-08-02T15:26:53.757+0900][1.105s][info ][gc,cpu         ] GC(9) User=0.02s Sys=0.00s Real=0.03s
[2026-08-02T15:26:53.757+0900][1.105s][info ][safepoint      ] Safepoint "G1CollectFull", Time since last: 1911700 ns, Reaching safepoint: 21100 ns, At safepoint: 26084600 ns, Total: 26105700 ns
[2026-08-02T15:26:53.759+0900][1.106s][info ][gc,start       ] GC(10) Pause Full (System.gc())
[2026-08-02T15:26:53.759+0900][1.106s][debug][gc,heap        ] GC(10) Heap before GC invocations=10 (full 10):
[2026-08-02T15:26:53.759+0900][1.106s][debug][gc,heap        ] GC(10)  garbage-first heap   total 131072K, used 17953K [0x000001dd28000000, 0x0000021428000000)
[2026-08-02T15:26:53.759+0900][1.106s][debug][gc,heap        ] GC(10)   region size 32768K, 1 young (32768K), 0 survivors (0K)
[2026-08-02T15:26:53.759+0900][1.106s][debug][gc,heap        ] GC(10)  Metaspace       used 9509K, committed 9792K, reserved 1114112K
[2026-08-02T15:26:53.759+0900][1.107s][debug][gc,heap        ] GC(10)   class space    used 895K, committed 1024K, reserved 1048576K
[2026-08-02T15:26:53.759+0900][1.107s][info ][gc,task        ] GC(10) Using 1 workers of 18 for full compaction
[2026-08-02T15:26:53.759+0900][1.107s][info ][gc,phases,start] GC(10) Phase 1: Mark live objects
[2026-08-02T15:26:53.772+0900][1.120s][info ][gc,phases      ] GC(10) Phase 1: Mark live objects 12.875ms
[2026-08-02T15:26:53.772+0900][1.120s][info ][gc,phases,start] GC(10) Phase 2: Prepare for compaction
[2026-08-02T15:26:53.775+0900][1.123s][info ][gc,phases      ] GC(10) Phase 2: Prepare for compaction 3.172ms
[2026-08-02T15:26:53.775+0900][1.123s][info ][gc,phases,start] GC(10) Phase 3: Adjust pointers
[2026-08-02T15:26:53.782+0900][1.130s][info ][gc,phases      ] GC(10) Phase 3: Adjust pointers 6.833ms
[2026-08-02T15:26:53.782+0900][1.130s][info ][gc,phases,start] GC(10) Phase 4: Compact heap
[2026-08-02T15:26:53.785+0900][1.133s][info ][gc,phases      ] GC(10) Phase 4: Compact heap 3.299ms
[2026-08-02T15:26:53.787+0900][1.135s][info ][gc,heap        ] GC(10) Eden regions: 1->0(1)
[2026-08-02T15:26:53.787+0900][1.135s][info ][gc,heap        ] GC(10) Survivor regions: 0->0(0)
[2026-08-02T15:26:53.788+0900][1.135s][info ][gc,heap        ] GC(10) Old regions: 1->1
[2026-08-02T15:26:53.788+0900][1.135s][info ][gc,heap        ] GC(10) Archive regions: 0->0
[2026-08-02T15:26:53.788+0900][1.135s][info ][gc,heap        ] GC(10) Humongous regions: 0->0
[2026-08-02T15:26:53.788+0900][1.135s][info ][gc,metaspace   ] GC(10) Metaspace: 9509K(9792K)->9509K(9792K) NonClass: 8613K(8768K)->8613K(8768K) Class: 895K(1024K)->895K(1024K)
[2026-08-02T15:26:53.788+0900][1.135s][debug][gc,heap        ] GC(10) Heap after GC invocations=11 (full 11):
[2026-08-02T15:26:53.788+0900][1.135s][debug][gc,heap        ] GC(10)  garbage-first heap   total 131072K, used 17962K [0x000001dd28000000, 0x0000021428000000)
[2026-08-02T15:26:53.788+0900][1.135s][debug][gc,heap        ] GC(10)   region size 32768K, 0 young (0K), 0 survivors (0K)
[2026-08-02T15:26:53.788+0900][1.135s][debug][gc,heap        ] GC(10)  Metaspace       used 9509K, committed 9792K, reserved 1114112K
[2026-08-02T15:26:53.788+0900][1.135s][debug][gc,heap        ] GC(10)   class space    used 895K, committed 1024K, reserved 1048576K
[2026-08-02T15:26:53.788+0900][1.135s][info ][gc             ] GC(10) Pause Full (System.gc()) 18M->17M(128M) 28.530ms
[2026-08-02T15:26:53.788+0900][1.135s][info ][gc,cpu         ] GC(10) User=0.03s Sys=0.00s Real=0.03s
[2026-08-02T15:26:53.788+0900][1.135s][info ][safepoint      ] Safepoint "G1CollectFull", Time since last: 1818100 ns, Reaching safepoint: 26400 ns, At safepoint: 28636800 ns, Total: 28663200 ns
[2026-08-02T15:26:53.790+0900][1.137s][info ][gc,start       ] GC(11) Pause Full (System.gc())
[2026-08-02T15:26:53.790+0900][1.137s][debug][gc,heap        ] GC(11) Heap before GC invocations=11 (full 11):
[2026-08-02T15:26:53.790+0900][1.137s][debug][gc,heap        ] GC(11)  garbage-first heap   total 131072K, used 17962K [0x000001dd28000000, 0x0000021428000000)
[2026-08-02T15:26:53.790+0900][1.137s][debug][gc,heap        ] GC(11)   region size 32768K, 1 young (32768K), 0 survivors (0K)
[2026-08-02T15:26:53.790+0900][1.137s][debug][gc,heap        ] GC(11)  Metaspace       used 9516K, committed 9792K, reserved 1114112K
[2026-08-02T15:26:53.790+0900][1.137s][debug][gc,heap        ] GC(11)   class space    used 895K, committed 1024K, reserved 1048576K
[2026-08-02T15:26:53.790+0900][1.137s][info ][gc,task        ] GC(11) Using 1 workers of 18 for full compaction
[2026-08-02T15:26:53.790+0900][1.137s][info ][gc,phases,start] GC(11) Phase 1: Mark live objects
[2026-08-02T15:26:53.804+0900][1.150s][info ][gc,phases      ] GC(11) Phase 1: Mark live objects 13.093ms
[2026-08-02T15:26:53.804+0900][1.151s][info ][gc,phases,start] GC(11) Phase 2: Prepare for compaction
[2026-08-02T15:26:53.806+0900][1.153s][info ][gc,phases      ] GC(11) Phase 2: Prepare for compaction 2.548ms
[2026-08-02T15:26:53.806+0900][1.153s][info ][gc,phases,start] GC(11) Phase 3: Adjust pointers
[2026-08-02T15:26:53.811+0900][1.159s][info ][gc,phases      ] GC(11) Phase 3: Adjust pointers 5.551ms
[2026-08-02T15:26:53.811+0900][1.159s][info ][gc,phases,start] GC(11) Phase 4: Compact heap
[2026-08-02T15:26:53.813+0900][1.161s][info ][gc,phases      ] GC(11) Phase 4: Compact heap 2.029ms
[2026-08-02T15:26:53.815+0900][1.162s][info ][gc,heap        ] GC(11) Eden regions: 1->0(1)
[2026-08-02T15:26:53.815+0900][1.162s][info ][gc,heap        ] GC(11) Survivor regions: 0->0(0)
[2026-08-02T15:26:53.815+0900][1.162s][info ][gc,heap        ] GC(11) Old regions: 1->1
[2026-08-02T15:26:53.815+0900][1.162s][info ][gc,heap        ] GC(11) Archive regions: 0->0
[2026-08-02T15:26:53.815+0900][1.162s][info ][gc,heap        ] GC(11) Humongous regions: 0->0
[2026-08-02T15:26:53.815+0900][1.162s][info ][gc,metaspace   ] GC(11) Metaspace: 9516K(9792K)->9516K(9792K) NonClass: 8620K(8768K)->8620K(8768K) Class: 895K(1024K)->895K(1024K)
[2026-08-02T15:26:53.815+0900][1.162s][debug][gc,heap        ] GC(11) Heap after GC invocations=12 (full 12):
[2026-08-02T15:26:53.815+0900][1.162s][debug][gc,heap        ] GC(11)  garbage-first heap   total 131072K, used 17971K [0x000001dd28000000, 0x0000021428000000)
[2026-08-02T15:26:53.815+0900][1.162s][debug][gc,heap        ] GC(11)   region size 32768K, 0 young (0K), 0 survivors (0K)
[2026-08-02T15:26:53.815+0900][1.162s][debug][gc,heap        ] GC(11)  Metaspace       used 9516K, committed 9792K, reserved 1114112K
[2026-08-02T15:26:53.815+0900][1.162s][debug][gc,heap        ] GC(11)   class space    used 895K, committed 1024K, reserved 1048576K
[2026-08-02T15:26:53.815+0900][1.162s][info ][gc             ] GC(11) Pause Full (System.gc()) 18M->17M(128M) 25.271ms
[2026-08-02T15:26:53.815+0900][1.162s][info ][gc,cpu         ] GC(11) User=0.03s Sys=0.00s Real=0.03s
[2026-08-02T15:26:53.815+0900][1.163s][info ][safepoint      ] Safepoint "G1CollectFull", Time since last: 2064200 ns, Reaching safepoint: 24600 ns, At safepoint: 25356800 ns, Total: 25381400 ns
[2026-08-02T15:26:53.817+0900][1.165s][info ][gc,start       ] GC(12) Pause Full (System.gc())
[2026-08-02T15:26:53.817+0900][1.165s][debug][gc,heap        ] GC(12) Heap before GC invocations=12 (full 12):
[2026-08-02T15:26:53.817+0900][1.165s][debug][gc,heap        ] GC(12)  garbage-first heap   total 131072K, used 17971K [0x000001dd28000000, 0x0000021428000000)
[2026-08-02T15:26:53.817+0900][1.165s][debug][gc,heap        ] GC(12)   region size 32768K, 1 young (32768K), 0 survivors (0K)
[2026-08-02T15:26:53.817+0900][1.165s][debug][gc,heap        ] GC(12)  Metaspace       used 9519K, committed 9792K, reserved 1114112K
[2026-08-02T15:26:53.817+0900][1.165s][debug][gc,heap        ] GC(12)   class space    used 895K, committed 1024K, reserved 1048576K
[2026-08-02T15:26:53.817+0900][1.165s][info ][gc,task        ] GC(12) Using 1 workers of 18 for full compaction
[2026-08-02T15:26:53.817+0900][1.165s][info ][gc,phases,start] GC(12) Phase 1: Mark live objects
[2026-08-02T15:26:53.830+0900][1.178s][info ][gc,phases      ] GC(12) Phase 1: Mark live objects 12.832ms
[2026-08-02T15:26:53.830+0900][1.178s][info ][gc,phases,start] GC(12) Phase 2: Prepare for compaction
[2026-08-02T15:26:53.833+0900][1.180s][info ][gc,phases      ] GC(12) Phase 2: Prepare for compaction 2.637ms
[2026-08-02T15:26:53.833+0900][1.180s][info ][gc,phases,start] GC(12) Phase 3: Adjust pointers
[2026-08-02T15:26:53.840+0900][1.187s][info ][gc,phases      ] GC(12) Phase 3: Adjust pointers 7.195ms
[2026-08-02T15:26:53.840+0900][1.188s][info ][gc,phases,start] GC(12) Phase 4: Compact heap
[2026-08-02T15:26:53.843+0900][1.190s][info ][gc,phases      ] GC(12) Phase 4: Compact heap 2.646ms
[2026-08-02T15:26:53.845+0900][1.192s][info ][gc,heap        ] GC(12) Eden regions: 1->0(1)
[2026-08-02T15:26:53.845+0900][1.192s][info ][gc,heap        ] GC(12) Survivor regions: 0->0(0)
[2026-08-02T15:26:53.845+0900][1.192s][info ][gc,heap        ] GC(12) Old regions: 1->1
[2026-08-02T15:26:53.845+0900][1.192s][info ][gc,heap        ] GC(12) Archive regions: 0->0
[2026-08-02T15:26:53.845+0900][1.192s][info ][gc,heap        ] GC(12) Humongous regions: 0->0
[2026-08-02T15:26:53.845+0900][1.192s][info ][gc,metaspace   ] GC(12) Metaspace: 9519K(9792K)->9519K(9792K) NonClass: 8623K(8768K)->8623K(8768K) Class: 895K(1024K)->895K(1024K)
[2026-08-02T15:26:53.845+0900][1.192s][debug][gc,heap        ] GC(12) Heap after GC invocations=13 (full 13):
[2026-08-02T15:26:53.845+0900][1.192s][debug][gc,heap        ] GC(12)  garbage-first heap   total 131072K, used 17985K [0x000001dd28000000, 0x0000021428000000)
[2026-08-02T15:26:53.845+0900][1.192s][debug][gc,heap        ] GC(12)   region size 32768K, 0 young (0K), 0 survivors (0K)
[2026-08-02T15:26:53.845+0900][1.192s][debug][gc,heap        ] GC(12)  Metaspace       used 9519K, committed 9792K, reserved 1114112K
[2026-08-02T15:26:53.845+0900][1.192s][debug][gc,heap        ] GC(12)   class space    used 895K, committed 1024K, reserved 1048576K
[2026-08-02T15:26:53.845+0900][1.192s][info ][gc             ] GC(12) Pause Full (System.gc()) 18M->17M(128M) 27.395ms
[2026-08-02T15:26:53.845+0900][1.192s][info ][gc,cpu         ] GC(12) User=0.03s Sys=0.00s Real=0.03s
[2026-08-02T15:26:53.845+0900][1.192s][info ][safepoint      ] Safepoint "G1CollectFull", Time since last: 1925300 ns, Reaching safepoint: 84000 ns, At safepoint: 27492600 ns, Total: 27576600 ns
[2026-08-02T15:26:53.847+0900][1.195s][info ][gc,start       ] GC(13) Pause Full (System.gc())
[2026-08-02T15:26:53.847+0900][1.195s][debug][gc,heap        ] GC(13) Heap before GC invocations=13 (full 13):
[2026-08-02T15:26:53.847+0900][1.195s][debug][gc,heap        ] GC(13)  garbage-first heap   total 131072K, used 17985K [0x000001dd28000000, 0x0000021428000000)
[2026-08-02T15:26:53.847+0900][1.195s][debug][gc,heap        ] GC(13)   region size 32768K, 1 young (32768K), 0 survivors (0K)
[2026-08-02T15:26:53.847+0900][1.195s][debug][gc,heap        ] GC(13)  Metaspace       used 9524K, committed 9792K, reserved 1114112K
[2026-08-02T15:26:53.847+0900][1.195s][debug][gc,heap        ] GC(13)   class space    used 895K, committed 1024K, reserved 1048576K
[2026-08-02T15:26:53.847+0900][1.195s][info ][gc,task        ] GC(13) Using 1 workers of 18 for full compaction
[2026-08-02T15:26:53.847+0900][1.195s][info ][gc,phases,start] GC(13) Phase 1: Mark live objects
[2026-08-02T15:26:53.861+0900][1.209s][info ][gc,phases      ] GC(13) Phase 1: Mark live objects 14.023ms
[2026-08-02T15:26:53.861+0900][1.209s][info ][gc,phases,start] GC(13) Phase 2: Prepare for compaction
[2026-08-02T15:26:53.864+0900][1.212s][info ][gc,phases      ] GC(13) Phase 2: Prepare for compaction 2.980ms
[2026-08-02T15:26:53.864+0900][1.212s][info ][gc,phases,start] GC(13) Phase 3: Adjust pointers
[2026-08-02T15:26:53.870+0900][1.218s][info ][gc,phases      ] GC(13) Phase 3: Adjust pointers 5.823ms
[2026-08-02T15:26:53.870+0900][1.218s][info ][gc,phases,start] GC(13) Phase 4: Compact heap
[2026-08-02T15:26:53.873+0900][1.220s][info ][gc,phases      ] GC(13) Phase 4: Compact heap 2.093ms
[2026-08-02T15:26:53.874+0900][1.221s][info ][gc,heap        ] GC(13) Eden regions: 1->0(1)
[2026-08-02T15:26:53.874+0900][1.221s][info ][gc,heap        ] GC(13) Survivor regions: 0->0(0)
[2026-08-02T15:26:53.874+0900][1.221s][info ][gc,heap        ] GC(13) Old regions: 1->1
[2026-08-02T15:26:53.874+0900][1.221s][info ][gc,heap        ] GC(13) Archive regions: 0->0
[2026-08-02T15:26:53.874+0900][1.221s][info ][gc,heap        ] GC(13) Humongous regions: 0->0
[2026-08-02T15:26:53.874+0900][1.221s][info ][gc,metaspace   ] GC(13) Metaspace: 9524K(9792K)->9524K(9792K) NonClass: 8628K(8768K)->8628K(8768K) Class: 895K(1024K)->895K(1024K)
[2026-08-02T15:26:53.874+0900][1.221s][debug][gc,heap        ] GC(13) Heap after GC invocations=14 (full 14):
[2026-08-02T15:26:53.874+0900][1.221s][debug][gc,heap        ] GC(13)  garbage-first heap   total 131072K, used 18011K [0x000001dd28000000, 0x0000021428000000)
[2026-08-02T15:26:53.874+0900][1.221s][debug][gc,heap        ] GC(13)   region size 32768K, 0 young (0K), 0 survivors (0K)
[2026-08-02T15:26:53.874+0900][1.221s][debug][gc,heap        ] GC(13)  Metaspace       used 9524K, committed 9792K, reserved 1114112K
[2026-08-02T15:26:53.874+0900][1.221s][debug][gc,heap        ] GC(13)   class space    used 895K, committed 1024K, reserved 1048576K
[2026-08-02T15:26:53.874+0900][1.222s][info ][gc             ] GC(13) Pause Full (System.gc()) 18M->17M(128M) 26.970ms
[2026-08-02T15:26:53.874+0900][1.222s][info ][gc,cpu         ] GC(13) User=0.03s Sys=0.00s Real=0.03s
[2026-08-02T15:26:53.874+0900][1.222s][info ][safepoint      ] Safepoint "G1CollectFull", Time since last: 2494400 ns, Reaching safepoint: 24400 ns, At safepoint: 27012500 ns, Total: 27036900 ns
[2026-08-02T15:26:53.876+0900][1.224s][info ][gc,start       ] GC(14) Pause Full (System.gc())
[2026-08-02T15:26:53.876+0900][1.224s][debug][gc,heap        ] GC(14) Heap before GC invocations=14 (full 14):
[2026-08-02T15:26:53.876+0900][1.224s][debug][gc,heap        ] GC(14)  garbage-first heap   total 131072K, used 18011K [0x000001dd28000000, 0x0000021428000000)
[2026-08-02T15:26:53.876+0900][1.224s][debug][gc,heap        ] GC(14)   region size 32768K, 1 young (32768K), 0 survivors (0K)
[2026-08-02T15:26:53.876+0900][1.224s][debug][gc,heap        ] GC(14)  Metaspace       used 9529K, committed 9792K, reserved 1114112K
[2026-08-02T15:26:53.876+0900][1.224s][debug][gc,heap        ] GC(14)   class space    used 895K, committed 1024K, reserved 1048576K
[2026-08-02T15:26:53.876+0900][1.224s][info ][gc,task        ] GC(14) Using 1 workers of 18 for full compaction
[2026-08-02T15:26:53.876+0900][1.224s][info ][gc,phases,start] GC(14) Phase 1: Mark live objects
[2026-08-02T15:26:53.893+0900][1.240s][info ][gc,phases      ] GC(14) Phase 1: Mark live objects 15.371ms
[2026-08-02T15:26:53.893+0900][1.240s][info ][gc,phases,start] GC(14) Phase 2: Prepare for compaction
[2026-08-02T15:26:53.896+0900][1.243s][info ][gc,phases      ] GC(14) Phase 2: Prepare for compaction 3.082ms
[2026-08-02T15:26:53.896+0900][1.243s][info ][gc,phases,start] GC(14) Phase 3: Adjust pointers
[2026-08-02T15:26:53.903+0900][1.250s][info ][gc,phases      ] GC(14) Phase 3: Adjust pointers 7.369ms
[2026-08-02T15:26:53.903+0900][1.250s][info ][gc,phases,start] GC(14) Phase 4: Compact heap
[2026-08-02T15:26:53.905+0900][1.253s][info ][gc,phases      ] GC(14) Phase 4: Compact heap 2.725ms
[2026-08-02T15:26:53.907+0900][1.255s][info ][gc,heap        ] GC(14) Eden regions: 1->0(1)
[2026-08-02T15:26:53.907+0900][1.255s][info ][gc,heap        ] GC(14) Survivor regions: 0->0(0)
[2026-08-02T15:26:53.907+0900][1.255s][info ][gc,heap        ] GC(14) Old regions: 1->1
[2026-08-02T15:26:53.907+0900][1.255s][info ][gc,heap        ] GC(14) Archive regions: 0->0
[2026-08-02T15:26:53.907+0900][1.255s][info ][gc,heap        ] GC(14) Humongous regions: 0->0
[2026-08-02T15:26:53.907+0900][1.255s][info ][gc,metaspace   ] GC(14) Metaspace: 9529K(9792K)->9529K(9792K) NonClass: 8633K(8768K)->8633K(8768K) Class: 895K(1024K)->895K(1024K)
[2026-08-02T15:26:53.907+0900][1.255s][debug][gc,heap        ] GC(14) Heap after GC invocations=15 (full 15):
[2026-08-02T15:26:53.907+0900][1.255s][debug][gc,heap        ] GC(14)  garbage-first heap   total 131072K, used 18026K [0x000001dd28000000, 0x0000021428000000)
[2026-08-02T15:26:53.907+0900][1.255s][debug][gc,heap        ] GC(14)   region size 32768K, 0 young (0K), 0 survivors (0K)
[2026-08-02T15:26:53.907+0900][1.255s][debug][gc,heap        ] GC(14)  Metaspace       used 9529K, committed 9792K, reserved 1114112K
[2026-08-02T15:26:53.907+0900][1.255s][debug][gc,heap        ] GC(14)   class space    used 895K, committed 1024K, reserved 1048576K
[2026-08-02T15:26:53.907+0900][1.255s][info ][gc             ] GC(14) Pause Full (System.gc()) 18M->17M(128M) 30.723ms
[2026-08-02T15:26:53.907+0900][1.255s][info ][gc,cpu         ] GC(14) User=0.03s Sys=0.00s Real=0.03s
[2026-08-02T15:26:53.907+0900][1.255s][info ][safepoint      ] Safepoint "G1CollectFull", Time since last: 2412700 ns, Reaching safepoint: 21100 ns, At safepoint: 30830000 ns, Total: 30851100 ns
[2026-08-02T15:26:53.909+0900][1.257s][info ][gc,start       ] GC(15) Pause Full (System.gc())
[2026-08-02T15:26:53.910+0900][1.257s][debug][gc,heap        ] GC(15) Heap before GC invocations=15 (full 15):
[2026-08-02T15:26:53.910+0900][1.257s][debug][gc,heap        ] GC(15)  garbage-first heap   total 131072K, used 18026K [0x000001dd28000000, 0x0000021428000000)
[2026-08-02T15:26:53.910+0900][1.257s][debug][gc,heap        ] GC(15)   region size 32768K, 1 young (32768K), 0 survivors (0K)
[2026-08-02T15:26:53.910+0900][1.257s][debug][gc,heap        ] GC(15)  Metaspace       used 9540K, committed 9792K, reserved 1114112K
[2026-08-02T15:26:53.910+0900][1.257s][debug][gc,heap        ] GC(15)   class space    used 895K, committed 1024K, reserved 1048576K
[2026-08-02T15:26:53.910+0900][1.257s][info ][gc,task        ] GC(15) Using 1 workers of 18 for full compaction
[2026-08-02T15:26:53.910+0900][1.258s][info ][gc,phases,start] GC(15) Phase 1: Mark live objects
[2026-08-02T15:26:53.924+0900][1.272s][info ][gc,phases      ] GC(15) Phase 1: Mark live objects 14.044ms
[2026-08-02T15:26:53.924+0900][1.272s][info ][gc,phases,start] GC(15) Phase 2: Prepare for compaction
[2026-08-02T15:26:53.927+0900][1.274s][info ][gc,phases      ] GC(15) Phase 2: Prepare for compaction 2.651ms
[2026-08-02T15:26:53.927+0900][1.274s][info ][gc,phases,start] GC(15) Phase 3: Adjust pointers
[2026-08-02T15:26:53.932+0900][1.280s][info ][gc,phases      ] GC(15) Phase 3: Adjust pointers 5.714ms
[2026-08-02T15:26:53.932+0900][1.280s][info ][gc,phases,start] GC(15) Phase 4: Compact heap
[2026-08-02T15:26:53.935+0900][1.282s][info ][gc,phases      ] GC(15) Phase 4: Compact heap 2.064ms
[2026-08-02T15:26:53.937+0900][1.284s][info ][gc,heap        ] GC(15) Eden regions: 1->0(1)
[2026-08-02T15:26:53.937+0900][1.284s][info ][gc,heap        ] GC(15) Survivor regions: 0->0(0)
[2026-08-02T15:26:53.937+0900][1.284s][info ][gc,heap        ] GC(15) Old regions: 1->1
[2026-08-02T15:26:53.937+0900][1.284s][info ][gc,heap        ] GC(15) Archive regions: 0->0
[2026-08-02T15:26:53.937+0900][1.284s][info ][gc,heap        ] GC(15) Humongous regions: 0->0
[2026-08-02T15:26:53.937+0900][1.284s][info ][gc,metaspace   ] GC(15) Metaspace: 9540K(9792K)->9540K(9792K) NonClass: 8644K(8768K)->8644K(8768K) Class: 895K(1024K)->895K(1024K)
[2026-08-02T15:26:53.937+0900][1.284s][debug][gc,heap        ] GC(15) Heap after GC invocations=16 (full 16):
[2026-08-02T15:26:53.937+0900][1.284s][debug][gc,heap        ] GC(15)  garbage-first heap   total 131072K, used 18039K [0x000001dd28000000, 0x0000021428000000)
[2026-08-02T15:26:53.937+0900][1.284s][debug][gc,heap        ] GC(15)   region size 32768K, 0 young (0K), 0 survivors (0K)
[2026-08-02T15:26:53.937+0900][1.284s][debug][gc,heap        ] GC(15)  Metaspace       used 9540K, committed 9792K, reserved 1114112K
[2026-08-02T15:26:53.937+0900][1.284s][debug][gc,heap        ] GC(15)   class space    used 895K, committed 1024K, reserved 1048576K
[2026-08-02T15:26:53.937+0900][1.284s][info ][gc             ] GC(15) Pause Full (System.gc()) 18M->17M(128M) 26.521ms
[2026-08-02T15:26:53.937+0900][1.284s][info ][gc,cpu         ] GC(15) User=0.03s Sys=0.00s Real=0.03s
[2026-08-02T15:26:53.937+0900][1.284s][info ][safepoint      ] Safepoint "G1CollectFull", Time since last: 2486700 ns, Reaching safepoint: 20900 ns, At safepoint: 26631900 ns, Total: 26652800 ns
[2026-08-02T15:26:53.939+0900][1.286s][info ][gc,start       ] GC(16) Pause Full (System.gc())
[2026-08-02T15:26:53.939+0900][1.286s][debug][gc,heap        ] GC(16) Heap before GC invocations=16 (full 16):
[2026-08-02T15:26:53.939+0900][1.286s][debug][gc,heap        ] GC(16)  garbage-first heap   total 131072K, used 18039K [0x000001dd28000000, 0x0000021428000000)
[2026-08-02T15:26:53.939+0900][1.286s][debug][gc,heap        ] GC(16)   region size 32768K, 1 young (32768K), 0 survivors (0K)
[2026-08-02T15:26:53.939+0900][1.286s][debug][gc,heap        ] GC(16)  Metaspace       used 9544K, committed 9792K, reserved 1114112K
[2026-08-02T15:26:53.939+0900][1.286s][debug][gc,heap        ] GC(16)   class space    used 895K, committed 1024K, reserved 1048576K
[2026-08-02T15:26:53.939+0900][1.286s][info ][gc,task        ] GC(16) Using 1 workers of 18 for full compaction
[2026-08-02T15:26:53.939+0900][1.286s][info ][gc,phases,start] GC(16) Phase 1: Mark live objects
[2026-08-02T15:26:53.954+0900][1.301s][info ][gc,phases      ] GC(16) Phase 1: Mark live objects 14.915ms
[2026-08-02T15:26:53.954+0900][1.301s][info ][gc,phases,start] GC(16) Phase 2: Prepare for compaction
[2026-08-02T15:26:53.957+0900][1.305s][info ][gc,phases      ] GC(16) Phase 2: Prepare for compaction 3.126ms
[2026-08-02T15:26:53.957+0900][1.305s][info ][gc,phases,start] GC(16) Phase 3: Adjust pointers
[2026-08-02T15:26:53.964+0900][1.311s][info ][gc,phases      ] GC(16) Phase 3: Adjust pointers 6.651ms
[2026-08-02T15:26:53.964+0900][1.311s][info ][gc,phases,start] GC(16) Phase 4: Compact heap
[2026-08-02T15:26:53.966+0900][1.313s][info ][gc,phases      ] GC(16) Phase 4: Compact heap 2.270ms
[2026-08-02T15:26:53.968+0900][1.315s][info ][gc,heap        ] GC(16) Eden regions: 1->0(1)
[2026-08-02T15:26:53.968+0900][1.315s][info ][gc,heap        ] GC(16) Survivor regions: 0->0(0)
[2026-08-02T15:26:53.968+0900][1.315s][info ][gc,heap        ] GC(16) Old regions: 1->1
[2026-08-02T15:26:53.968+0900][1.315s][info ][gc,heap        ] GC(16) Archive regions: 0->0
[2026-08-02T15:26:53.968+0900][1.315s][info ][gc,heap        ] GC(16) Humongous regions: 0->0
[2026-08-02T15:26:53.968+0900][1.315s][info ][gc,metaspace   ] GC(16) Metaspace: 9544K(9792K)->9544K(9792K) NonClass: 8648K(8768K)->8648K(8768K) Class: 895K(1024K)->895K(1024K)
[2026-08-02T15:26:53.968+0900][1.315s][debug][gc,heap        ] GC(16) Heap after GC invocations=17 (full 17):
[2026-08-02T15:26:53.968+0900][1.315s][debug][gc,heap        ] GC(16)  garbage-first heap   total 131072K, used 18053K [0x000001dd28000000, 0x0000021428000000)
[2026-08-02T15:26:53.968+0900][1.315s][debug][gc,heap        ] GC(16)   region size 32768K, 0 young (0K), 0 survivors (0K)
[2026-08-02T15:26:53.968+0900][1.315s][debug][gc,heap        ] GC(16)  Metaspace       used 9544K, committed 9792K, reserved 1114112K
[2026-08-02T15:26:53.968+0900][1.315s][debug][gc,heap        ] GC(16)   class space    used 895K, committed 1024K, reserved 1048576K
[2026-08-02T15:26:53.968+0900][1.315s][info ][gc             ] GC(16) Pause Full (System.gc()) 18M->17M(128M) 29.174ms
[2026-08-02T15:26:53.968+0900][1.315s][info ][gc,cpu         ] GC(16) User=0.03s Sys=0.00s Real=0.03s
[2026-08-02T15:26:53.968+0900][1.315s][info ][safepoint      ] Safepoint "G1CollectFull", Time since last: 2201500 ns, Reaching safepoint: 22200 ns, At safepoint: 29295600 ns, Total: 29317800 ns
[2026-08-02T15:26:53.971+0900][1.318s][info ][gc,start       ] GC(17) Pause Full (System.gc())
[2026-08-02T15:26:53.971+0900][1.318s][debug][gc,heap        ] GC(17) Heap before GC invocations=17 (full 17):
[2026-08-02T15:26:53.971+0900][1.318s][debug][gc,heap        ] GC(17)  garbage-first heap   total 131072K, used 18053K [0x000001dd28000000, 0x0000021428000000)
[2026-08-02T15:26:53.971+0900][1.318s][debug][gc,heap        ] GC(17)   region size 32768K, 1 young (32768K), 0 survivors (0K)
[2026-08-02T15:26:53.971+0900][1.318s][debug][gc,heap        ] GC(17)  Metaspace       used 9567K, committed 9792K, reserved 1114112K
[2026-08-02T15:26:53.971+0900][1.318s][debug][gc,heap        ] GC(17)   class space    used 896K, committed 1024K, reserved 1048576K
[2026-08-02T15:26:53.971+0900][1.318s][info ][gc,task        ] GC(17) Using 1 workers of 18 for full compaction
[2026-08-02T15:26:53.971+0900][1.319s][info ][gc,phases,start] GC(17) Phase 1: Mark live objects
[2026-08-02T15:26:53.987+0900][1.334s][info ][gc,phases      ] GC(17) Phase 1: Mark live objects 15.815ms
[2026-08-02T15:26:53.987+0900][1.334s][info ][gc,phases,start] GC(17) Phase 2: Prepare for compaction
[2026-08-02T15:26:53.990+0900][1.337s][info ][gc,phases      ] GC(17) Phase 2: Prepare for compaction 3.010ms
[2026-08-02T15:26:53.990+0900][1.338s][info ][gc,phases,start] GC(17) Phase 3: Adjust pointers
[2026-08-02T15:26:53.997+0900][1.344s][info ][gc,phases      ] GC(17) Phase 3: Adjust pointers 6.791ms
[2026-08-02T15:26:53.997+0900][1.344s][info ][gc,phases,start] GC(17) Phase 4: Compact heap
[2026-08-02T15:26:54.000+0900][1.347s][info ][gc,phases      ] GC(17) Phase 4: Compact heap 2.377ms
[2026-08-02T15:26:54.001+0900][1.349s][info ][gc,heap        ] GC(17) Eden regions: 1->0(1)
[2026-08-02T15:26:54.001+0900][1.349s][info ][gc,heap        ] GC(17) Survivor regions: 0->0(0)
[2026-08-02T15:26:54.001+0900][1.349s][info ][gc,heap        ] GC(17) Old regions: 1->1
[2026-08-02T15:26:54.001+0900][1.349s][info ][gc,heap        ] GC(17) Archive regions: 0->0
[2026-08-02T15:26:54.001+0900][1.349s][info ][gc,heap        ] GC(17) Humongous regions: 0->0
[2026-08-02T15:26:54.001+0900][1.349s][info ][gc,metaspace   ] GC(17) Metaspace: 9567K(9792K)->9567K(9792K) NonClass: 8671K(8768K)->8671K(8768K) Class: 896K(1024K)->896K(1024K)
[2026-08-02T15:26:54.001+0900][1.349s][debug][gc,heap        ] GC(17) Heap after GC invocations=18 (full 18):
[2026-08-02T15:26:54.001+0900][1.349s][debug][gc,heap        ] GC(17)  garbage-first heap   total 131072K, used 18066K [0x000001dd28000000, 0x0000021428000000)
[2026-08-02T15:26:54.001+0900][1.349s][debug][gc,heap        ] GC(17)   region size 32768K, 0 young (0K), 0 survivors (0K)
[2026-08-02T15:26:54.001+0900][1.349s][debug][gc,heap        ] GC(17)  Metaspace       used 9567K, committed 9792K, reserved 1114112K
[2026-08-02T15:26:54.001+0900][1.349s][debug][gc,heap        ] GC(17)   class space    used 896K, committed 1024K, reserved 1048576K
[2026-08-02T15:26:54.001+0900][1.349s][info ][gc             ] GC(17) Pause Full (System.gc()) 18M->17M(128M) 30.279ms
[2026-08-02T15:26:54.001+0900][1.349s][info ][gc,cpu         ] GC(17) User=0.03s Sys=0.03s Real=0.03s
[2026-08-02T15:26:54.001+0900][1.349s][info ][safepoint      ] Safepoint "G1CollectFull", Time since last: 2884700 ns, Reaching safepoint: 21400 ns, At safepoint: 30376000 ns, Total: 30397400 ns
[2026-08-02T15:26:54.003+0900][1.351s][info ][gc,start       ] GC(18) Pause Full (System.gc())
[2026-08-02T15:26:54.003+0900][1.351s][debug][gc,heap        ] GC(18) Heap before GC invocations=18 (full 18):
[2026-08-02T15:26:54.003+0900][1.351s][debug][gc,heap        ] GC(18)  garbage-first heap   total 131072K, used 18066K [0x000001dd28000000, 0x0000021428000000)
[2026-08-02T15:26:54.003+0900][1.351s][debug][gc,heap        ] GC(18)   region size 32768K, 1 young (32768K), 0 survivors (0K)
[2026-08-02T15:26:54.004+0900][1.351s][debug][gc,heap        ] GC(18)  Metaspace       used 9570K, committed 9792K, reserved 1114112K
[2026-08-02T15:26:54.004+0900][1.351s][debug][gc,heap        ] GC(18)   class space    used 896K, committed 1024K, reserved 1048576K
[2026-08-02T15:26:54.004+0900][1.351s][info ][gc,task        ] GC(18) Using 1 workers of 18 for full compaction
[2026-08-02T15:26:54.004+0900][1.351s][info ][gc,phases,start] GC(18) Phase 1: Mark live objects
[2026-08-02T15:26:54.018+0900][1.366s][info ][gc,phases      ] GC(18) Phase 1: Mark live objects 14.846ms
[2026-08-02T15:26:54.019+0900][1.366s][info ][gc,phases,start] GC(18) Phase 2: Prepare for compaction
[2026-08-02T15:26:54.022+0900][1.369s][info ][gc,phases      ] GC(18) Phase 2: Prepare for compaction 2.897ms
[2026-08-02T15:26:54.022+0900][1.369s][info ][gc,phases,start] GC(18) Phase 3: Adjust pointers
[2026-08-02T15:26:54.029+0900][1.377s][info ][gc,phases      ] GC(18) Phase 3: Adjust pointers 7.537ms
[2026-08-02T15:26:54.029+0900][1.377s][info ][gc,phases,start] GC(18) Phase 4: Compact heap
[2026-08-02T15:26:54.032+0900][1.380s][info ][gc,phases      ] GC(18) Phase 4: Compact heap 2.897ms
[2026-08-02T15:26:54.034+0900][1.382s][info ][gc,heap        ] GC(18) Eden regions: 1->0(1)
[2026-08-02T15:26:54.034+0900][1.382s][info ][gc,heap        ] GC(18) Survivor regions: 0->0(0)
[2026-08-02T15:26:54.034+0900][1.382s][info ][gc,heap        ] GC(18) Old regions: 1->1
[2026-08-02T15:26:54.034+0900][1.382s][info ][gc,heap        ] GC(18) Archive regions: 0->0
[2026-08-02T15:26:54.034+0900][1.382s][info ][gc,heap        ] GC(18) Humongous regions: 0->0
[2026-08-02T15:26:54.034+0900][1.382s][info ][gc,metaspace   ] GC(18) Metaspace: 9570K(9792K)->9570K(9792K) NonClass: 8673K(8768K)->8673K(8768K) Class: 896K(1024K)->896K(1024K)
[2026-08-02T15:26:54.034+0900][1.382s][debug][gc,heap        ] GC(18) Heap after GC invocations=19 (full 19):
[2026-08-02T15:26:54.034+0900][1.382s][debug][gc,heap        ] GC(18)  garbage-first heap   total 131072K, used 18082K [0x000001dd28000000, 0x0000021428000000)
[2026-08-02T15:26:54.034+0900][1.382s][debug][gc,heap        ] GC(18)   region size 32768K, 0 young (0K), 0 survivors (0K)
[2026-08-02T15:26:54.034+0900][1.382s][debug][gc,heap        ] GC(18)  Metaspace       used 9570K, committed 9792K, reserved 1114112K
[2026-08-02T15:26:54.034+0900][1.382s][debug][gc,heap        ] GC(18)   class space    used 896K, committed 1024K, reserved 1048576K
[2026-08-02T15:26:54.034+0900][1.382s][info ][gc             ] GC(18) Pause Full (System.gc()) 18M->17M(128M) 30.567ms
[2026-08-02T15:26:54.034+0900][1.382s][info ][gc,cpu         ] GC(18) User=0.03s Sys=0.03s Real=0.03s
[2026-08-02T15:26:54.034+0900][1.382s][info ][safepoint      ] Safepoint "G1CollectFull", Time since last: 2379500 ns, Reaching safepoint: 30100 ns, At safepoint: 30654000 ns, Total: 30684100 ns
[2026-08-02T15:26:54.037+0900][1.384s][info ][gc,start       ] GC(19) Pause Full (System.gc())
[2026-08-02T15:26:54.037+0900][1.384s][debug][gc,heap        ] GC(19) Heap before GC invocations=19 (full 19):
[2026-08-02T15:26:54.037+0900][1.384s][debug][gc,heap        ] GC(19)  garbage-first heap   total 131072K, used 18082K [0x000001dd28000000, 0x0000021428000000)
[2026-08-02T15:26:54.037+0900][1.384s][debug][gc,heap        ] GC(19)   region size 32768K, 1 young (32768K), 0 survivors (0K)
[2026-08-02T15:26:54.037+0900][1.384s][debug][gc,heap        ] GC(19)  Metaspace       used 9576K, committed 9792K, reserved 1114112K
[2026-08-02T15:26:54.037+0900][1.384s][debug][gc,heap        ] GC(19)   class space    used 896K, committed 1024K, reserved 1048576K
[2026-08-02T15:26:54.037+0900][1.384s][info ][gc,task        ] GC(19) Using 1 workers of 18 for full compaction
[2026-08-02T15:26:54.037+0900][1.384s][info ][gc,phases,start] GC(19) Phase 1: Mark live objects
[2026-08-02T15:26:54.053+0900][1.401s][info ][gc,phases      ] GC(19) Phase 1: Mark live objects 16.314ms
[2026-08-02T15:26:54.053+0900][1.401s][info ][gc,phases,start] GC(19) Phase 2: Prepare for compaction
[2026-08-02T15:26:54.056+0900][1.404s][info ][gc,phases      ] GC(19) Phase 2: Prepare for compaction 3.002ms
[2026-08-02T15:26:54.056+0900][1.404s][info ][gc,phases,start] GC(19) Phase 3: Adjust pointers
[2026-08-02T15:26:54.064+0900][1.411s][info ][gc,phases      ] GC(19) Phase 3: Adjust pointers 7.119ms
[2026-08-02T15:26:54.064+0900][1.411s][info ][gc,phases,start] GC(19) Phase 4: Compact heap
[2026-08-02T15:26:54.066+0900][1.414s][info ][gc,phases      ] GC(19) Phase 4: Compact heap 2.774ms
[2026-08-02T15:26:54.068+0900][1.416s][info ][gc,heap        ] GC(19) Eden regions: 1->0(1)
[2026-08-02T15:26:54.068+0900][1.416s][info ][gc,heap        ] GC(19) Survivor regions: 0->0(0)
[2026-08-02T15:26:54.068+0900][1.416s][info ][gc,heap        ] GC(19) Old regions: 1->1
[2026-08-02T15:26:54.068+0900][1.416s][info ][gc,heap        ] GC(19) Archive regions: 0->0
[2026-08-02T15:26:54.068+0900][1.416s][info ][gc,heap        ] GC(19) Humongous regions: 0->0
[2026-08-02T15:26:54.068+0900][1.416s][info ][gc,metaspace   ] GC(19) Metaspace: 9576K(9792K)->9576K(9792K) NonClass: 8680K(8768K)->8680K(8768K) Class: 896K(1024K)->896K(1024K)
[2026-08-02T15:26:54.068+0900][1.416s][debug][gc,heap        ] GC(19) Heap after GC invocations=20 (full 20):
[2026-08-02T15:26:54.068+0900][1.416s][debug][gc,heap        ] GC(19)  garbage-first heap   total 131072K, used 18095K [0x000001dd28000000, 0x0000021428000000)
[2026-08-02T15:26:54.068+0900][1.416s][debug][gc,heap        ] GC(19)   region size 32768K, 0 young (0K), 0 survivors (0K)
[2026-08-02T15:26:54.068+0900][1.416s][debug][gc,heap        ] GC(19)  Metaspace       used 9576K, committed 9792K, reserved 1114112K
[2026-08-02T15:26:54.068+0900][1.416s][debug][gc,heap        ] GC(19)   class space    used 896K, committed 1024K, reserved 1048576K
[2026-08-02T15:26:54.068+0900][1.416s][info ][gc             ] GC(19) Pause Full (System.gc()) 18M->17M(128M) 31.557ms
[2026-08-02T15:26:54.068+0900][1.416s][info ][gc,cpu         ] GC(19) User=0.03s Sys=0.02s Real=0.03s
[2026-08-02T15:26:54.068+0900][1.416s][info ][safepoint      ] Safepoint "G1CollectFull", Time since last: 2369800 ns, Reaching safepoint: 90600 ns, At safepoint: 31669000 ns, Total: 31759600 ns
[2026-08-02T15:26:54.071+0900][1.418s][info ][gc,start       ] GC(20) Pause Full (System.gc())
[2026-08-02T15:26:54.071+0900][1.418s][debug][gc,heap        ] GC(20) Heap before GC invocations=20 (full 20):
[2026-08-02T15:26:54.071+0900][1.418s][debug][gc,heap        ] GC(20)  garbage-first heap   total 131072K, used 18095K [0x000001dd28000000, 0x0000021428000000)
[2026-08-02T15:26:54.071+0900][1.418s][debug][gc,heap        ] GC(20)   region size 32768K, 1 young (32768K), 0 survivors (0K)
[2026-08-02T15:26:54.071+0900][1.418s][debug][gc,heap        ] GC(20)  Metaspace       used 9581K, committed 9856K, reserved 1114112K
[2026-08-02T15:26:54.071+0900][1.418s][debug][gc,heap        ] GC(20)   class space    used 896K, committed 1024K, reserved 1048576K
[2026-08-02T15:26:54.071+0900][1.418s][info ][gc,task        ] GC(20) Using 1 workers of 18 for full compaction
[2026-08-02T15:26:54.071+0900][1.418s][info ][gc,phases,start] GC(20) Phase 1: Mark live objects
[2026-08-02T15:26:54.086+0900][1.433s][info ][gc,phases      ] GC(20) Phase 1: Mark live objects 14.994ms
[2026-08-02T15:26:54.086+0900][1.433s][info ][gc,phases,start] GC(20) Phase 2: Prepare for compaction
[2026-08-02T15:26:54.089+0900][1.437s][info ][gc,phases      ] GC(20) Phase 2: Prepare for compaction 3.068ms
[2026-08-02T15:26:54.089+0900][1.437s][info ][gc,phases,start] GC(20) Phase 3: Adjust pointers
[2026-08-02T15:26:54.097+0900][1.444s][info ][gc,phases      ] GC(20) Phase 3: Adjust pointers 7.442ms
[2026-08-02T15:26:54.097+0900][1.444s][info ][gc,phases,start] GC(20) Phase 4: Compact heap
[2026-08-02T15:26:54.099+0900][1.447s][info ][gc,phases      ] GC(20) Phase 4: Compact heap 2.812ms
[2026-08-02T15:26:54.102+0900][1.449s][info ][gc,heap        ] GC(20) Eden regions: 1->0(1)
[2026-08-02T15:26:54.102+0900][1.449s][info ][gc,heap        ] GC(20) Survivor regions: 0->0(0)
[2026-08-02T15:26:54.102+0900][1.449s][info ][gc,heap        ] GC(20) Old regions: 1->1
[2026-08-02T15:26:54.102+0900][1.449s][info ][gc,heap        ] GC(20) Archive regions: 0->0
[2026-08-02T15:26:54.102+0900][1.449s][info ][gc,heap        ] GC(20) Humongous regions: 0->0
[2026-08-02T15:26:54.102+0900][1.449s][info ][gc,metaspace   ] GC(20) Metaspace: 9581K(9856K)->9581K(9856K) NonClass: 8685K(8832K)->8685K(8832K) Class: 896K(1024K)->896K(1024K)
[2026-08-02T15:26:54.102+0900][1.449s][debug][gc,heap        ] GC(20) Heap after GC invocations=21 (full 21):
[2026-08-02T15:26:54.102+0900][1.449s][debug][gc,heap        ] GC(20)  garbage-first heap   total 131072K, used 18109K [0x000001dd28000000, 0x0000021428000000)
[2026-08-02T15:26:54.102+0900][1.449s][debug][gc,heap        ] GC(20)   region size 32768K, 0 young (0K), 0 survivors (0K)
[2026-08-02T15:26:54.102+0900][1.449s][debug][gc,heap        ] GC(20)  Metaspace       used 9581K, committed 9856K, reserved 1114112K
[2026-08-02T15:26:54.102+0900][1.449s][debug][gc,heap        ] GC(20)   class space    used 896K, committed 1024K, reserved 1048576K
[2026-08-02T15:26:54.102+0900][1.449s][info ][gc             ] GC(20) Pause Full (System.gc()) 18M->17M(128M) 30.660ms
[2026-08-02T15:26:54.102+0900][1.449s][info ][gc,cpu         ] GC(20) User=0.05s Sys=0.02s Real=0.03s
[2026-08-02T15:26:54.102+0900][1.449s][info ][safepoint      ] Safepoint "G1CollectFull", Time since last: 2222400 ns, Reaching safepoint: 21900 ns, At safepoint: 30783500 ns, Total: 30805400 ns
[2026-08-02T15:26:54.104+0900][1.451s][info ][gc,start       ] GC(21) Pause Full (System.gc())
[2026-08-02T15:26:54.104+0900][1.451s][debug][gc,heap        ] GC(21) Heap before GC invocations=21 (full 21):
[2026-08-02T15:26:54.104+0900][1.451s][debug][gc,heap        ] GC(21)  garbage-first heap   total 131072K, used 18109K [0x000001dd28000000, 0x0000021428000000)
[2026-08-02T15:26:54.104+0900][1.451s][debug][gc,heap        ] GC(21)   region size 32768K, 1 young (32768K), 0 survivors (0K)
[2026-08-02T15:26:54.104+0900][1.451s][debug][gc,heap        ] GC(21)  Metaspace       used 9584K, committed 9856K, reserved 1114112K
[2026-08-02T15:26:54.104+0900][1.451s][debug][gc,heap        ] GC(21)   class space    used 896K, committed 1024K, reserved 1048576K
[2026-08-02T15:26:54.104+0900][1.451s][info ][gc,task        ] GC(21) Using 1 workers of 18 for full compaction
[2026-08-02T15:26:54.104+0900][1.452s][info ][gc,phases,start] GC(21) Phase 1: Mark live objects
[2026-08-02T15:26:54.119+0900][1.467s][info ][gc,phases      ] GC(21) Phase 1: Mark live objects 15.005ms
[2026-08-02T15:26:54.119+0900][1.467s][info ][gc,phases,start] GC(21) Phase 2: Prepare for compaction
[2026-08-02T15:26:54.122+0900][1.470s][info ][gc,phases      ] GC(21) Phase 2: Prepare for compaction 2.965ms
[2026-08-02T15:26:54.122+0900][1.470s][info ][gc,phases,start] GC(21) Phase 3: Adjust pointers
[2026-08-02T15:26:54.130+0900][1.477s][info ][gc,phases      ] GC(21) Phase 3: Adjust pointers 7.081ms
[2026-08-02T15:26:54.130+0900][1.477s][info ][gc,phases,start] GC(21) Phase 4: Compact heap
[2026-08-02T15:26:54.132+0900][1.479s][info ][gc,phases      ] GC(21) Phase 4: Compact heap 2.297ms
[2026-08-02T15:26:54.134+0900][1.481s][info ][gc,heap        ] GC(21) Eden regions: 1->0(1)
[2026-08-02T15:26:54.134+0900][1.481s][info ][gc,heap        ] GC(21) Survivor regions: 0->0(0)
[2026-08-02T15:26:54.134+0900][1.481s][info ][gc,heap        ] GC(21) Old regions: 1->1
[2026-08-02T15:26:54.134+0900][1.481s][info ][gc,heap        ] GC(21) Archive regions: 0->0
[2026-08-02T15:26:54.134+0900][1.481s][info ][gc,heap        ] GC(21) Humongous regions: 0->0
[2026-08-02T15:26:54.134+0900][1.481s][info ][gc,metaspace   ] GC(21) Metaspace: 9584K(9856K)->9584K(9856K) NonClass: 8688K(8832K)->8688K(8832K) Class: 896K(1024K)->896K(1024K)
[2026-08-02T15:26:54.134+0900][1.481s][debug][gc,heap        ] GC(21) Heap after GC invocations=22 (full 22):
[2026-08-02T15:26:54.134+0900][1.481s][debug][gc,heap        ] GC(21)  garbage-first heap   total 131072K, used 18122K [0x000001dd28000000, 0x0000021428000000)
[2026-08-02T15:26:54.134+0900][1.481s][debug][gc,heap        ] GC(21)   region size 32768K, 0 young (0K), 0 survivors (0K)
[2026-08-02T15:26:54.134+0900][1.481s][debug][gc,heap        ] GC(21)  Metaspace       used 9584K, committed 9856K, reserved 1114112K
[2026-08-02T15:26:54.134+0900][1.481s][debug][gc,heap        ] GC(21)   class space    used 896K, committed 1024K, reserved 1048576K
[2026-08-02T15:26:54.134+0900][1.481s][info ][gc             ] GC(21) Pause Full (System.gc()) 18M->17M(128M) 29.612ms
[2026-08-02T15:26:54.134+0900][1.481s][info ][gc,cpu         ] GC(21) User=0.05s Sys=0.03s Real=0.03s
[2026-08-02T15:26:54.134+0900][1.481s][info ][safepoint      ] Safepoint "G1CollectFull", Time since last: 2343600 ns, Reaching safepoint: 29400 ns, At safepoint: 29712500 ns, Total: 29741900 ns
[2026-08-02T15:26:54.136+0900][1.483s][info ][gc,start       ] GC(22) Pause Full (System.gc())
[2026-08-02T15:26:54.136+0900][1.483s][debug][gc,heap        ] GC(22) Heap before GC invocations=22 (full 22):
[2026-08-02T15:26:54.136+0900][1.483s][debug][gc,heap        ] GC(22)  garbage-first heap   total 131072K, used 18122K [0x000001dd28000000, 0x0000021428000000)
[2026-08-02T15:26:54.136+0900][1.483s][debug][gc,heap        ] GC(22)   region size 32768K, 1 young (32768K), 0 survivors (0K)
[2026-08-02T15:26:54.136+0900][1.483s][debug][gc,heap        ] GC(22)  Metaspace       used 9592K, committed 9920K, reserved 1114112K
[2026-08-02T15:26:54.136+0900][1.483s][debug][gc,heap        ] GC(22)   class space    used 896K, committed 1024K, reserved 1048576K
[2026-08-02T15:26:54.136+0900][1.483s][info ][gc,task        ] GC(22) Using 1 workers of 18 for full compaction
[2026-08-02T15:26:54.136+0900][1.483s][info ][gc,phases,start] GC(22) Phase 1: Mark live objects
[2026-08-02T15:26:54.152+0900][1.500s][info ][gc,phases      ] GC(22) Phase 1: Mark live objects 16.398ms
[2026-08-02T15:26:54.152+0900][1.500s][info ][gc,phases,start] GC(22) Phase 2: Prepare for compaction
[2026-08-02T15:26:54.156+0900][1.504s][info ][gc,phases      ] GC(22) Phase 2: Prepare for compaction 3.834ms
[2026-08-02T15:26:54.156+0900][1.504s][info ][gc,phases,start] GC(22) Phase 3: Adjust pointers
[2026-08-02T15:26:54.164+0900][1.512s][info ][gc,phases      ] GC(22) Phase 3: Adjust pointers 8.126ms
[2026-08-02T15:26:54.164+0900][1.512s][info ][gc,phases,start] GC(22) Phase 4: Compact heap
[2026-08-02T15:26:54.166+0900][1.514s][info ][gc,phases      ] GC(22) Phase 4: Compact heap 2.511ms
[2026-08-02T15:26:54.169+0900][1.516s][info ][gc,heap        ] GC(22) Eden regions: 1->0(1)
[2026-08-02T15:26:54.169+0900][1.516s][info ][gc,heap        ] GC(22) Survivor regions: 0->0(0)
[2026-08-02T15:26:54.169+0900][1.516s][info ][gc,heap        ] GC(22) Old regions: 1->1
[2026-08-02T15:26:54.169+0900][1.516s][info ][gc,heap        ] GC(22) Archive regions: 0->0
[2026-08-02T15:26:54.169+0900][1.516s][info ][gc,heap        ] GC(22) Humongous regions: 0->0
[2026-08-02T15:26:54.169+0900][1.516s][info ][gc,metaspace   ] GC(22) Metaspace: 9592K(9920K)->9592K(9920K) NonClass: 8695K(8896K)->8695K(8896K) Class: 896K(1024K)->896K(1024K)
[2026-08-02T15:26:54.169+0900][1.516s][debug][gc,heap        ] GC(22) Heap after GC invocations=23 (full 23):
[2026-08-02T15:26:54.169+0900][1.516s][debug][gc,heap        ] GC(22)  garbage-first heap   total 131072K, used 18136K [0x000001dd28000000, 0x0000021428000000)
[2026-08-02T15:26:54.169+0900][1.516s][debug][gc,heap        ] GC(22)   region size 32768K, 0 young (0K), 0 survivors (0K)
[2026-08-02T15:26:54.169+0900][1.516s][debug][gc,heap        ] GC(22)  Metaspace       used 9592K, committed 9920K, reserved 1114112K
[2026-08-02T15:26:54.169+0900][1.516s][debug][gc,heap        ] GC(22)   class space    used 896K, committed 1024K, reserved 1048576K
[2026-08-02T15:26:54.169+0900][1.516s][info ][gc             ] GC(22) Pause Full (System.gc()) 18M->17M(128M) 33.244ms
[2026-08-02T15:26:54.169+0900][1.516s][info ][gc,cpu         ] GC(22) User=0.05s Sys=0.03s Real=0.03s
[2026-08-02T15:26:54.169+0900][1.516s][info ][safepoint      ] Safepoint "G1CollectFull", Time since last: 2034500 ns, Reaching safepoint: 38600 ns, At safepoint: 33337700 ns, Total: 33376300 ns
[2026-08-02T15:26:54.171+0900][1.519s][info ][gc,start       ] GC(23) Pause Full (System.gc())
[2026-08-02T15:26:54.171+0900][1.519s][debug][gc,heap        ] GC(23) Heap before GC invocations=23 (full 23):
[2026-08-02T15:26:54.171+0900][1.519s][debug][gc,heap        ] GC(23)  garbage-first heap   total 131072K, used 18136K [0x000001dd28000000, 0x0000021428000000)
[2026-08-02T15:26:54.171+0900][1.519s][debug][gc,heap        ] GC(23)   region size 32768K, 1 young (32768K), 0 survivors (0K)
[2026-08-02T15:26:54.171+0900][1.519s][debug][gc,heap        ] GC(23)  Metaspace       used 9598K, committed 9920K, reserved 1114112K
[2026-08-02T15:26:54.172+0900][1.519s][debug][gc,heap        ] GC(23)   class space    used 896K, committed 1024K, reserved 1048576K
[2026-08-02T15:26:54.172+0900][1.519s][info ][gc,task        ] GC(23) Using 1 workers of 18 for full compaction
[2026-08-02T15:26:54.172+0900][1.519s][info ][gc,phases,start] GC(23) Phase 1: Mark live objects
[2026-08-02T15:26:54.189+0900][1.536s][info ][gc,phases      ] GC(23) Phase 1: Mark live objects 17.107ms
[2026-08-02T15:26:54.189+0900][1.536s][info ][gc,phases,start] GC(23) Phase 2: Prepare for compaction
[2026-08-02T15:26:54.192+0900][1.539s][info ][gc,phases      ] GC(23) Phase 2: Prepare for compaction 3.106ms
[2026-08-02T15:26:54.192+0900][1.539s][info ][gc,phases,start] GC(23) Phase 3: Adjust pointers
[2026-08-02T15:26:54.200+0900][1.547s][info ][gc,phases      ] GC(23) Phase 3: Adjust pointers 7.826ms
[2026-08-02T15:26:54.200+0900][1.547s][info ][gc,phases,start] GC(23) Phase 4: Compact heap
[2026-08-02T15:26:54.203+0900][1.550s][info ][gc,phases      ] GC(23) Phase 4: Compact heap 2.448ms
[2026-08-02T15:26:54.204+0900][1.551s][info ][gc,heap        ] GC(23) Eden regions: 1->0(1)
[2026-08-02T15:26:54.204+0900][1.551s][info ][gc,heap        ] GC(23) Survivor regions: 0->0(0)
[2026-08-02T15:26:54.204+0900][1.551s][info ][gc,heap        ] GC(23) Old regions: 1->1
[2026-08-02T15:26:54.204+0900][1.551s][info ][gc,heap        ] GC(23) Archive regions: 0->0
[2026-08-02T15:26:54.204+0900][1.552s][info ][gc,heap        ] GC(23) Humongous regions: 0->0
[2026-08-02T15:26:54.204+0900][1.552s][info ][gc,metaspace   ] GC(23) Metaspace: 9598K(9920K)->9598K(9920K) NonClass: 8702K(8896K)->8702K(8896K) Class: 896K(1024K)->896K(1024K)
[2026-08-02T15:26:54.204+0900][1.552s][debug][gc,heap        ] GC(23) Heap after GC invocations=24 (full 24):
[2026-08-02T15:26:54.204+0900][1.552s][debug][gc,heap        ] GC(23)  garbage-first heap   total 131072K, used 18149K [0x000001dd28000000, 0x0000021428000000)
[2026-08-02T15:26:54.204+0900][1.552s][debug][gc,heap        ] GC(23)   region size 32768K, 0 young (0K), 0 survivors (0K)
[2026-08-02T15:26:54.204+0900][1.552s][debug][gc,heap        ] GC(23)  Metaspace       used 9598K, committed 9920K, reserved 1114112K
[2026-08-02T15:26:54.204+0900][1.552s][debug][gc,heap        ] GC(23)   class space    used 896K, committed 1024K, reserved 1048576K
[2026-08-02T15:26:54.204+0900][1.552s][info ][gc             ] GC(23) Pause Full (System.gc()) 18M->17M(128M) 32.801ms
[2026-08-02T15:26:54.204+0900][1.552s][info ][gc,cpu         ] GC(23) User=0.02s Sys=0.02s Real=0.03s
[2026-08-02T15:26:54.204+0900][1.552s][info ][safepoint      ] Safepoint "G1CollectFull", Time since last: 2290800 ns, Reaching safepoint: 23900 ns, At safepoint: 32909300 ns, Total: 32933200 ns
[2026-08-02T15:26:54.207+0900][1.554s][info ][gc,start       ] GC(24) Pause Full (System.gc())
[2026-08-02T15:26:54.207+0900][1.554s][debug][gc,heap        ] GC(24) Heap before GC invocations=24 (full 24):
[2026-08-02T15:26:54.207+0900][1.554s][debug][gc,heap        ] GC(24)  garbage-first heap   total 131072K, used 18149K [0x000001dd28000000, 0x0000021428000000)
[2026-08-02T15:26:54.207+0900][1.554s][debug][gc,heap        ] GC(24)   region size 32768K, 1 young (32768K), 0 survivors (0K)
[2026-08-02T15:26:54.207+0900][1.554s][debug][gc,heap        ] GC(24)  Metaspace       used 9598K, committed 9920K, reserved 1114112K
[2026-08-02T15:26:54.207+0900][1.554s][debug][gc,heap        ] GC(24)   class space    used 896K, committed 1024K, reserved 1048576K
[2026-08-02T15:26:54.207+0900][1.554s][info ][gc,task        ] GC(24) Using 1 workers of 18 for full compaction
[2026-08-02T15:26:54.207+0900][1.554s][info ][gc,phases,start] GC(24) Phase 1: Mark live objects
[2026-08-02T15:26:54.223+0900][1.570s][info ][gc,phases      ] GC(24) Phase 1: Mark live objects 16.446ms
[2026-08-02T15:26:54.223+0900][1.570s][info ][gc,phases,start] GC(24) Phase 2: Prepare for compaction
[2026-08-02T15:26:54.226+0900][1.574s][info ][gc,phases      ] GC(24) Phase 2: Prepare for compaction 3.432ms
[2026-08-02T15:26:54.226+0900][1.574s][info ][gc,phases,start] GC(24) Phase 3: Adjust pointers
[2026-08-02T15:26:54.234+0900][1.581s][info ][gc,phases      ] GC(24) Phase 3: Adjust pointers 7.182ms
[2026-08-02T15:26:54.234+0900][1.581s][info ][gc,phases,start] GC(24) Phase 4: Compact heap
[2026-08-02T15:26:54.236+0900][1.583s][info ][gc,phases      ] GC(24) Phase 4: Compact heap 2.394ms
[2026-08-02T15:26:54.238+0900][1.585s][info ][gc,heap        ] GC(24) Eden regions: 1->0(1)
[2026-08-02T15:26:54.238+0900][1.585s][info ][gc,heap        ] GC(24) Survivor regions: 0->0(0)
[2026-08-02T15:26:54.238+0900][1.585s][info ][gc,heap        ] GC(24) Old regions: 1->1
[2026-08-02T15:26:54.238+0900][1.585s][info ][gc,heap        ] GC(24) Archive regions: 0->0
[2026-08-02T15:26:54.238+0900][1.585s][info ][gc,heap        ] GC(24) Humongous regions: 0->0
[2026-08-02T15:26:54.238+0900][1.585s][info ][gc,metaspace   ] GC(24) Metaspace: 9598K(9920K)->9598K(9920K) NonClass: 8702K(8896K)->8702K(8896K) Class: 896K(1024K)->896K(1024K)
[2026-08-02T15:26:54.238+0900][1.585s][debug][gc,heap        ] GC(24) Heap after GC invocations=25 (full 25):
[2026-08-02T15:26:54.238+0900][1.585s][debug][gc,heap        ] GC(24)  garbage-first heap   total 131072K, used 18162K [0x000001dd28000000, 0x0000021428000000)
[2026-08-02T15:26:54.238+0900][1.585s][debug][gc,heap        ] GC(24)   region size 32768K, 0 young (0K), 0 survivors (0K)
[2026-08-02T15:26:54.238+0900][1.585s][debug][gc,heap        ] GC(24)  Metaspace       used 9598K, committed 9920K, reserved 1114112K
[2026-08-02T15:26:54.238+0900][1.585s][debug][gc,heap        ] GC(24)   class space    used 896K, committed 1024K, reserved 1048576K
[2026-08-02T15:26:54.238+0900][1.585s][info ][gc             ] GC(24) Pause Full (System.gc()) 18M->17M(128M) 31.818ms
[2026-08-02T15:26:54.238+0900][1.585s][info ][gc,cpu         ] GC(24) User=0.03s Sys=0.03s Real=0.03s
[2026-08-02T15:26:54.238+0900][1.586s][info ][safepoint      ] Safepoint "G1CollectFull", Time since last: 1861700 ns, Reaching safepoint: 27500 ns, At safepoint: 31922400 ns, Total: 31949900 ns
[2026-08-02T15:26:54.240+0900][1.588s][info ][gc,start       ] GC(25) Pause Full (System.gc())
[2026-08-02T15:26:54.240+0900][1.588s][debug][gc,heap        ] GC(25) Heap before GC invocations=25 (full 25):
[2026-08-02T15:26:54.240+0900][1.588s][debug][gc,heap        ] GC(25)  garbage-first heap   total 131072K, used 18162K [0x000001dd28000000, 0x0000021428000000)
[2026-08-02T15:26:54.240+0900][1.588s][debug][gc,heap        ] GC(25)   region size 32768K, 1 young (32768K), 0 survivors (0K)
[2026-08-02T15:26:54.240+0900][1.588s][debug][gc,heap        ] GC(25)  Metaspace       used 9600K, committed 9920K, reserved 1114112K
[2026-08-02T15:26:54.240+0900][1.588s][debug][gc,heap        ] GC(25)   class space    used 896K, committed 1024K, reserved 1048576K
[2026-08-02T15:26:54.240+0900][1.588s][info ][gc,task        ] GC(25) Using 1 workers of 18 for full compaction
[2026-08-02T15:26:54.240+0900][1.588s][info ][gc,phases,start] GC(25) Phase 1: Mark live objects
[2026-08-02T15:26:54.255+0900][1.603s][info ][gc,phases      ] GC(25) Phase 1: Mark live objects 15.318ms
[2026-08-02T15:26:54.255+0900][1.603s][info ][gc,phases,start] GC(25) Phase 2: Prepare for compaction
[2026-08-02T15:26:54.259+0900][1.606s][info ][gc,phases      ] GC(25) Phase 2: Prepare for compaction 2.812ms
[2026-08-02T15:26:54.259+0900][1.606s][info ][gc,phases,start] GC(25) Phase 3: Adjust pointers
[2026-08-02T15:26:54.265+0900][1.613s][info ][gc,phases      ] GC(25) Phase 3: Adjust pointers 6.644ms
[2026-08-02T15:26:54.265+0900][1.613s][info ][gc,phases,start] GC(25) Phase 4: Compact heap
[2026-08-02T15:26:54.267+0900][1.615s][info ][gc,phases      ] GC(25) Phase 4: Compact heap 2.205ms
[2026-08-02T15:26:54.269+0900][1.617s][info ][gc,heap        ] GC(25) Eden regions: 1->0(1)
[2026-08-02T15:26:54.269+0900][1.617s][info ][gc,heap        ] GC(25) Survivor regions: 0->0(0)
[2026-08-02T15:26:54.269+0900][1.617s][info ][gc,heap        ] GC(25) Old regions: 1->1
[2026-08-02T15:26:54.269+0900][1.617s][info ][gc,heap        ] GC(25) Archive regions: 0->0
[2026-08-02T15:26:54.269+0900][1.617s][info ][gc,heap        ] GC(25) Humongous regions: 0->0
[2026-08-02T15:26:54.270+0900][1.617s][info ][gc,metaspace   ] GC(25) Metaspace: 9600K(9920K)->9600K(9920K) NonClass: 8704K(8896K)->8704K(8896K) Class: 896K(1024K)->896K(1024K)
[2026-08-02T15:26:54.270+0900][1.617s][debug][gc,heap        ] GC(25) Heap after GC invocations=26 (full 26):
[2026-08-02T15:26:54.270+0900][1.617s][debug][gc,heap        ] GC(25)  garbage-first heap   total 131072K, used 18176K [0x000001dd28000000, 0x0000021428000000)
[2026-08-02T15:26:54.270+0900][1.617s][debug][gc,heap        ] GC(25)   region size 32768K, 0 young (0K), 0 survivors (0K)
[2026-08-02T15:26:54.270+0900][1.617s][debug][gc,heap        ] GC(25)  Metaspace       used 9600K, committed 9920K, reserved 1114112K
[2026-08-02T15:26:54.270+0900][1.617s][debug][gc,heap        ] GC(25)   class space    used 896K, committed 1024K, reserved 1048576K
[2026-08-02T15:26:54.270+0900][1.617s][info ][gc             ] GC(25) Pause Full (System.gc()) 18M->17M(128M) 29.181ms
[2026-08-02T15:26:54.270+0900][1.617s][info ][gc,cpu         ] GC(25) User=0.03s Sys=0.03s Real=0.03s
[2026-08-02T15:26:54.270+0900][1.617s][info ][safepoint      ] Safepoint "G1CollectFull", Time since last: 1977200 ns, Reaching safepoint: 22300 ns, At safepoint: 29234400 ns, Total: 29256700 ns
[2026-08-02T15:26:54.272+0900][1.619s][info ][gc,start       ] GC(26) Pause Full (System.gc())
[2026-08-02T15:26:54.272+0900][1.619s][debug][gc,heap        ] GC(26) Heap before GC invocations=26 (full 26):
[2026-08-02T15:26:54.272+0900][1.619s][debug][gc,heap        ] GC(26)  garbage-first heap   total 131072K, used 18176K [0x000001dd28000000, 0x0000021428000000)
[2026-08-02T15:26:54.272+0900][1.619s][debug][gc,heap        ] GC(26)   region size 32768K, 1 young (32768K), 0 survivors (0K)
[2026-08-02T15:26:54.272+0900][1.619s][debug][gc,heap        ] GC(26)  Metaspace       used 9602K, committed 9920K, reserved 1114112K
[2026-08-02T15:26:54.272+0900][1.619s][debug][gc,heap        ] GC(26)   class space    used 896K, committed 1024K, reserved 1048576K
[2026-08-02T15:26:54.272+0900][1.619s][info ][gc,task        ] GC(26) Using 1 workers of 18 for full compaction
[2026-08-02T15:26:54.272+0900][1.619s][info ][gc,phases,start] GC(26) Phase 1: Mark live objects
[2026-08-02T15:26:54.288+0900][1.635s][info ][gc,phases      ] GC(26) Phase 1: Mark live objects 16.106ms
[2026-08-02T15:26:54.288+0900][1.635s][info ][gc,phases,start] GC(26) Phase 2: Prepare for compaction
[2026-08-02T15:26:54.291+0900][1.638s][info ][gc,phases      ] GC(26) Phase 2: Prepare for compaction 3.027ms
[2026-08-02T15:26:54.291+0900][1.638s][info ][gc,phases,start] GC(26) Phase 3: Adjust pointers
[2026-08-02T15:26:54.299+0900][1.646s][info ][gc,phases      ] GC(26) Phase 3: Adjust pointers 7.154ms
[2026-08-02T15:26:54.299+0900][1.646s][info ][gc,phases,start] GC(26) Phase 4: Compact heap
[2026-08-02T15:26:54.301+0900][1.648s][info ][gc,phases      ] GC(26) Phase 4: Compact heap 2.443ms
[2026-08-02T15:26:54.302+0900][1.650s][info ][gc,heap        ] GC(26) Eden regions: 1->0(1)
[2026-08-02T15:26:54.302+0900][1.650s][info ][gc,heap        ] GC(26) Survivor regions: 0->0(0)
[2026-08-02T15:26:54.302+0900][1.650s][info ][gc,heap        ] GC(26) Old regions: 1->1
[2026-08-02T15:26:54.302+0900][1.650s][info ][gc,heap        ] GC(26) Archive regions: 0->0
[2026-08-02T15:26:54.302+0900][1.650s][info ][gc,heap        ] GC(26) Humongous regions: 0->0
[2026-08-02T15:26:54.302+0900][1.650s][info ][gc,metaspace   ] GC(26) Metaspace: 9602K(9920K)->9602K(9920K) NonClass: 8706K(8896K)->8706K(8896K) Class: 896K(1024K)->896K(1024K)
[2026-08-02T15:26:54.302+0900][1.650s][debug][gc,heap        ] GC(26) Heap after GC invocations=27 (full 27):
[2026-08-02T15:26:54.302+0900][1.650s][debug][gc,heap        ] GC(26)  garbage-first heap   total 131072K, used 18189K [0x000001dd28000000, 0x0000021428000000)
[2026-08-02T15:26:54.302+0900][1.650s][debug][gc,heap        ] GC(26)   region size 32768K, 0 young (0K), 0 survivors (0K)
[2026-08-02T15:26:54.302+0900][1.650s][debug][gc,heap        ] GC(26)  Metaspace       used 9602K, committed 9920K, reserved 1114112K
[2026-08-02T15:26:54.302+0900][1.650s][debug][gc,heap        ] GC(26)   class space    used 896K, committed 1024K, reserved 1048576K
[2026-08-02T15:26:54.302+0900][1.650s][info ][gc             ] GC(26) Pause Full (System.gc()) 18M->17M(128M) 30.928ms
[2026-08-02T15:26:54.302+0900][1.650s][info ][gc,cpu         ] GC(26) User=0.03s Sys=0.03s Real=0.03s
[2026-08-02T15:26:54.303+0900][1.650s][info ][safepoint      ] Safepoint "G1CollectFull", Time since last: 2199600 ns, Reaching safepoint: 25100 ns, At safepoint: 31030200 ns, Total: 31055300 ns
[2026-08-02T15:26:54.305+0900][1.652s][info ][gc,start       ] GC(27) Pause Full (System.gc())
[2026-08-02T15:26:54.305+0900][1.652s][debug][gc,heap        ] GC(27) Heap before GC invocations=27 (full 27):
[2026-08-02T15:26:54.305+0900][1.652s][debug][gc,heap        ] GC(27)  garbage-first heap   total 131072K, used 18189K [0x000001dd28000000, 0x0000021428000000)
[2026-08-02T15:26:54.305+0900][1.652s][debug][gc,heap        ] GC(27)   region size 32768K, 1 young (32768K), 0 survivors (0K)
[2026-08-02T15:26:54.305+0900][1.652s][debug][gc,heap        ] GC(27)  Metaspace       used 9613K, committed 9920K, reserved 1114112K
[2026-08-02T15:26:54.305+0900][1.652s][debug][gc,heap        ] GC(27)   class space    used 898K, committed 1024K, reserved 1048576K
[2026-08-02T15:26:54.305+0900][1.652s][info ][gc,task        ] GC(27) Using 1 workers of 18 for full compaction
[2026-08-02T15:26:54.305+0900][1.652s][info ][gc,phases,start] GC(27) Phase 1: Mark live objects
[2026-08-02T15:26:54.320+0900][1.668s][info ][gc,phases      ] GC(27) Phase 1: Mark live objects 15.316ms
[2026-08-02T15:26:54.320+0900][1.668s][info ][gc,phases,start] GC(27) Phase 2: Prepare for compaction
[2026-08-02T15:26:54.323+0900][1.670s][info ][gc,phases      ] GC(27) Phase 2: Prepare for compaction 2.852ms
[2026-08-02T15:26:54.323+0900][1.670s][info ][gc,phases,start] GC(27) Phase 3: Adjust pointers
[2026-08-02T15:26:54.330+0900][1.678s][info ][gc,phases      ] GC(27) Phase 3: Adjust pointers 7.110ms
[2026-08-02T15:26:54.330+0900][1.678s][info ][gc,phases,start] GC(27) Phase 4: Compact heap
[2026-08-02T15:26:54.333+0900][1.680s][info ][gc,phases      ] GC(27) Phase 4: Compact heap 2.422ms
[2026-08-02T15:26:54.334+0900][1.682s][info ][gc,heap        ] GC(27) Eden regions: 1->0(1)
[2026-08-02T15:26:54.334+0900][1.682s][info ][gc,heap        ] GC(27) Survivor regions: 0->0(0)
[2026-08-02T15:26:54.334+0900][1.682s][info ][gc,heap        ] GC(27) Old regions: 1->1
[2026-08-02T15:26:54.334+0900][1.682s][info ][gc,heap        ] GC(27) Archive regions: 0->0
[2026-08-02T15:26:54.334+0900][1.682s][info ][gc,heap        ] GC(27) Humongous regions: 0->0
[2026-08-02T15:26:54.334+0900][1.682s][info ][gc,metaspace   ] GC(27) Metaspace: 9613K(9920K)->9613K(9920K) NonClass: 8714K(8896K)->8714K(8896K) Class: 898K(1024K)->898K(1024K)
[2026-08-02T15:26:54.334+0900][1.682s][debug][gc,heap        ] GC(27) Heap after GC invocations=28 (full 28):
[2026-08-02T15:26:54.334+0900][1.682s][debug][gc,heap        ] GC(27)  garbage-first heap   total 131072K, used 18207K [0x000001dd28000000, 0x0000021428000000)
[2026-08-02T15:26:54.334+0900][1.682s][debug][gc,heap        ] GC(27)   region size 32768K, 0 young (0K), 0 survivors (0K)
[2026-08-02T15:26:54.334+0900][1.682s][debug][gc,heap        ] GC(27)  Metaspace       used 9613K, committed 9920K, reserved 1114112K
[2026-08-02T15:26:54.334+0900][1.682s][debug][gc,heap        ] GC(27)   class space    used 898K, committed 1024K, reserved 1048576K
[2026-08-02T15:26:54.334+0900][1.682s][info ][gc             ] GC(27) Pause Full (System.gc()) 18M->17M(128M) 30.046ms
[2026-08-02T15:26:54.334+0900][1.682s][info ][gc,cpu         ] GC(27) User=0.06s Sys=0.00s Real=0.03s
[2026-08-02T15:26:54.334+0900][1.682s][info ][safepoint      ] Safepoint "G1CollectFull", Time since last: 1963000 ns, Reaching safepoint: 20500 ns, At safepoint: 30096700 ns, Total: 30117200 ns
[2026-08-02T15:26:54.350+0900][1.697s][info ][gc,start       ] GC(28) Pause Full (System.gc())
[2026-08-02T15:26:54.350+0900][1.697s][debug][gc,heap        ] GC(28) Heap before GC invocations=28 (full 28):
[2026-08-02T15:26:54.350+0900][1.697s][debug][gc,heap        ] GC(28)  garbage-first heap   total 131072K, used 18207K [0x000001dd28000000, 0x0000021428000000)
[2026-08-02T15:26:54.350+0900][1.697s][debug][gc,heap        ] GC(28)   region size 32768K, 1 young (32768K), 0 survivors (0K)
[2026-08-02T15:26:54.350+0900][1.697s][debug][gc,heap        ] GC(28)  Metaspace       used 9640K, committed 9920K, reserved 1114112K
[2026-08-02T15:26:54.350+0900][1.697s][debug][gc,heap        ] GC(28)   class space    used 900K, committed 1024K, reserved 1048576K
[2026-08-02T15:26:54.350+0900][1.697s][info ][gc,task        ] GC(28) Using 1 workers of 18 for full compaction
[2026-08-02T15:26:54.350+0900][1.697s][info ][gc,phases,start] GC(28) Phase 1: Mark live objects
[2026-08-02T15:26:54.370+0900][1.718s][info ][gc,phases      ] GC(28) Phase 1: Mark live objects 20.385ms
[2026-08-02T15:26:54.371+0900][1.718s][info ][gc,phases,start] GC(28) Phase 2: Prepare for compaction
[2026-08-02T15:26:54.374+0900][1.721s][info ][gc,phases      ] GC(28) Phase 2: Prepare for compaction 3.572ms
[2026-08-02T15:26:54.374+0900][1.721s][info ][gc,phases,start] GC(28) Phase 3: Adjust pointers
[2026-08-02T15:26:54.384+0900][1.731s][info ][gc,phases      ] GC(28) Phase 3: Adjust pointers 9.643ms
[2026-08-02T15:26:54.384+0900][1.731s][info ][gc,phases,start] GC(28) Phase 4: Compact heap
[2026-08-02T15:26:54.387+0900][1.735s][info ][gc,phases      ] GC(28) Phase 4: Compact heap 3.941ms
[2026-08-02T15:26:54.390+0900][1.737s][info ][gc,heap        ] GC(28) Eden regions: 1->0(1)
[2026-08-02T15:26:54.390+0900][1.737s][info ][gc,heap        ] GC(28) Survivor regions: 0->0(0)
[2026-08-02T15:26:54.390+0900][1.737s][info ][gc,heap        ] GC(28) Old regions: 1->1
[2026-08-02T15:26:54.390+0900][1.737s][info ][gc,heap        ] GC(28) Archive regions: 0->0
[2026-08-02T15:26:54.390+0900][1.737s][info ][gc,heap        ] GC(28) Humongous regions: 0->0
[2026-08-02T15:26:54.390+0900][1.737s][info ][gc,metaspace   ] GC(28) Metaspace: 9640K(9920K)->9640K(9920K) NonClass: 8740K(8896K)->8740K(8896K) Class: 900K(1024K)->900K(1024K)
[2026-08-02T15:26:54.390+0900][1.737s][debug][gc,heap        ] GC(28) Heap after GC invocations=29 (full 29):
[2026-08-02T15:26:54.390+0900][1.737s][debug][gc,heap        ] GC(28)  garbage-first heap   total 131072K, used 20822K [0x000001dd28000000, 0x0000021428000000)
[2026-08-02T15:26:54.390+0900][1.737s][debug][gc,heap        ] GC(28)   region size 32768K, 0 young (0K), 0 survivors (0K)
[2026-08-02T15:26:54.390+0900][1.737s][debug][gc,heap        ] GC(28)  Metaspace       used 9640K, committed 9920K, reserved 1114112K
[2026-08-02T15:26:54.390+0900][1.737s][debug][gc,heap        ] GC(28)   class space    used 900K, committed 1024K, reserved 1048576K
[2026-08-02T15:26:54.390+0900][1.737s][info ][gc             ] GC(28) Pause Full (System.gc()) 23M->20M(128M) 40.171ms
[2026-08-02T15:26:54.390+0900][1.737s][info ][gc,cpu         ] GC(28) User=0.03s Sys=0.05s Real=0.04s
[2026-08-02T15:26:54.390+0900][1.737s][info ][safepoint      ] Safepoint "G1CollectFull", Time since last: 14853200 ns, Reaching safepoint: 21300 ns, At safepoint: 40277400 ns, Total: 40298700 ns
[2026-08-02T15:26:54.456+0900][1.804s][info ][gc,start       ] GC(29) Pause Young (Normal) (G1 Evacuation Pause)
[2026-08-02T15:26:54.456+0900][1.804s][debug][gc,heap        ] GC(29) Heap before GC invocations=29 (full 29):
[2026-08-02T15:26:54.456+0900][1.804s][debug][gc,heap        ] GC(29)  garbage-first heap   total 131072K, used 53590K [0x000001dd28000000, 0x0000021428000000)
[2026-08-02T15:26:54.456+0900][1.804s][debug][gc,heap        ] GC(29)   region size 32768K, 1 young (32768K), 0 survivors (0K)
[2026-08-02T15:26:54.456+0900][1.804s][debug][gc,heap        ] GC(29)  Metaspace       used 9653K, committed 9920K, reserved 1114112K
[2026-08-02T15:26:54.456+0900][1.804s][debug][gc,heap        ] GC(29)   class space    used 901K, committed 1024K, reserved 1048576K
[2026-08-02T15:26:54.456+0900][1.804s][info ][gc,task        ] GC(29) Using 3 workers of 18 for evacuation
[2026-08-02T15:26:54.469+0900][1.816s][info ][gc,phases      ] GC(29)   Pre Evacuate Collection Set: 0.0ms
[2026-08-02T15:26:54.469+0900][1.816s][info ][gc,phases      ] GC(29)   Merge Heap Roots: 0.3ms
[2026-08-02T15:26:54.469+0900][1.816s][info ][gc,phases      ] GC(29)   Evacuate Collection Set: 11.7ms
[2026-08-02T15:26:54.469+0900][1.816s][info ][gc,phases      ] GC(29)   Post Evacuate Collection Set: 0.2ms
[2026-08-02T15:26:54.469+0900][1.816s][info ][gc,phases      ] GC(29)   Other: 0.1ms
[2026-08-02T15:26:54.469+0900][1.816s][info ][gc,heap        ] GC(29) Eden regions: 1->0(1)
[2026-08-02T15:26:54.469+0900][1.816s][info ][gc,heap        ] GC(29) Survivor regions: 0->1(1)
[2026-08-02T15:26:54.469+0900][1.816s][info ][gc,heap        ] GC(29) Old regions: 1->1
[2026-08-02T15:26:54.469+0900][1.816s][info ][gc,heap        ] GC(29) Archive regions: 0->0
[2026-08-02T15:26:54.469+0900][1.816s][info ][gc,heap        ] GC(29) Humongous regions: 0->0
[2026-08-02T15:26:54.469+0900][1.816s][info ][gc,metaspace   ] GC(29) Metaspace: 9653K(9920K)->9653K(9920K) NonClass: 8751K(8896K)->8751K(8896K) Class: 901K(1024K)->901K(1024K)
[2026-08-02T15:26:54.469+0900][1.816s][debug][gc,heap        ] GC(29) Heap after GC invocations=30 (full 29):
[2026-08-02T15:26:54.469+0900][1.816s][debug][gc,heap        ] GC(29)  garbage-first heap   total 131072K, used 37156K [0x000001dd28000000, 0x0000021428000000)
[2026-08-02T15:26:54.469+0900][1.816s][debug][gc,heap        ] GC(29)   region size 32768K, 1 young (32768K), 1 survivors (32768K)
[2026-08-02T15:26:54.469+0900][1.816s][debug][gc,heap        ] GC(29)  Metaspace       used 9653K, committed 9920K, reserved 1114112K
[2026-08-02T15:26:54.469+0900][1.816s][debug][gc,heap        ] GC(29)   class space    used 901K, committed 1024K, reserved 1048576K
[2026-08-02T15:26:54.469+0900][1.816s][info ][gc             ] GC(29) Pause Young (Normal) (G1 Evacuation Pause) 52M->36M(128M) 12.730ms
[2026-08-02T15:26:54.469+0900][1.816s][info ][gc,cpu         ] GC(29) User=0.06s Sys=0.00s Real=0.01s
[2026-08-02T15:26:54.469+0900][1.816s][info ][safepoint      ] Safepoint "G1CollectForAllocation", Time since last: 66368300 ns, Reaching safepoint: 39200 ns, At safepoint: 12800000 ns, Total: 12839200 ns
[2026-08-02T15:26:54.521+0900][1.868s][info ][gc,start       ] GC(30) Pause Young (Normal) (G1 Evacuation Pause)
[2026-08-02T15:26:54.521+0900][1.868s][debug][gc,heap        ] GC(30) Heap before GC invocations=30 (full 29):
[2026-08-02T15:26:54.521+0900][1.868s][debug][gc,heap        ] GC(30)  garbage-first heap   total 131072K, used 69924K [0x000001dd28000000, 0x0000021428000000)
[2026-08-02T15:26:54.521+0900][1.868s][debug][gc,heap        ] GC(30)   region size 32768K, 2 young (65536K), 1 survivors (32768K)
[2026-08-02T15:26:54.521+0900][1.868s][debug][gc,heap        ] GC(30)  Metaspace       used 9653K, committed 9920K, reserved 1114112K
[2026-08-02T15:26:54.521+0900][1.868s][debug][gc,heap        ] GC(30)   class space    used 901K, committed 1024K, reserved 1048576K
[2026-08-02T15:26:54.521+0900][1.868s][info ][gc,task        ] GC(30) Using 3 workers of 18 for evacuation
[2026-08-02T15:26:54.539+0900][1.887s][info ][gc,phases      ] GC(30)   Pre Evacuate Collection Set: 0.0ms
[2026-08-02T15:26:54.539+0900][1.887s][info ][gc,phases      ] GC(30)   Merge Heap Roots: 0.1ms
[2026-08-02T15:26:54.539+0900][1.887s][info ][gc,phases      ] GC(30)   Evacuate Collection Set: 18.4ms
[2026-08-02T15:26:54.539+0900][1.887s][info ][gc,phases      ] GC(30)   Post Evacuate Collection Set: 0.2ms
[2026-08-02T15:26:54.539+0900][1.887s][info ][gc,phases      ] GC(30)   Other: 0.1ms
[2026-08-02T15:26:54.539+0900][1.887s][info ][gc,heap        ] GC(30) Eden regions: 1->0(1)
[2026-08-02T15:26:54.539+0900][1.887s][info ][gc,heap        ] GC(30) Survivor regions: 1->1(1)
[2026-08-02T15:26:54.539+0900][1.887s][info ][gc,heap        ] GC(30) Old regions: 1->1
[2026-08-02T15:26:54.539+0900][1.887s][info ][gc,heap        ] GC(30) Archive regions: 0->0
[2026-08-02T15:26:54.539+0900][1.887s][info ][gc,heap        ] GC(30) Humongous regions: 0->0
[2026-08-02T15:26:54.539+0900][1.887s][info ][gc,metaspace   ] GC(30) Metaspace: 9653K(9920K)->9653K(9920K) NonClass: 8751K(8896K)->8751K(8896K) Class: 901K(1024K)->901K(1024K)
[2026-08-02T15:26:54.539+0900][1.887s][debug][gc,heap        ] GC(30) Heap after GC invocations=31 (full 29):
[2026-08-02T15:26:54.539+0900][1.887s][debug][gc,heap        ] GC(30)  garbage-first heap   total 131072K, used 52273K [0x000001dd28000000, 0x0000021428000000)
[2026-08-02T15:26:54.539+0900][1.887s][debug][gc,heap        ] GC(30)   region size 32768K, 1 young (32768K), 1 survivors (32768K)
[2026-08-02T15:26:54.539+0900][1.887s][debug][gc,heap        ] GC(30)  Metaspace       used 9653K, committed 9920K, reserved 1114112K
[2026-08-02T15:26:54.539+0900][1.887s][debug][gc,heap        ] GC(30)   class space    used 901K, committed 1024K, reserved 1048576K
[2026-08-02T15:26:54.539+0900][1.887s][info ][gc             ] GC(30) Pause Young (Normal) (G1 Evacuation Pause) 68M->51M(128M) 19.178ms
[2026-08-02T15:26:54.539+0900][1.887s][info ][gc,cpu         ] GC(30) User=0.06s Sys=0.00s Real=0.02s
[2026-08-02T15:26:54.539+0900][1.887s][info ][safepoint      ] Safepoint "G1CollectForAllocation", Time since last: 51496400 ns, Reaching safepoint: 105600 ns, At safepoint: 19238500 ns, Total: 19344100 ns
[2026-08-02T15:26:54.563+0900][1.910s][info ][gc,start       ] GC(31) Pause Young (Normal) (G1 Evacuation Pause)
[2026-08-02T15:26:54.563+0900][1.910s][debug][gc,heap        ] GC(31) Heap before GC invocations=31 (full 29):
[2026-08-02T15:26:54.563+0900][1.910s][debug][gc,heap        ] GC(31)  garbage-first heap   total 131072K, used 85041K [0x000001dd28000000, 0x0000021428000000)
[2026-08-02T15:26:54.563+0900][1.910s][debug][gc,heap        ] GC(31)   region size 32768K, 2 young (65536K), 1 survivors (32768K)
[2026-08-02T15:26:54.563+0900][1.910s][debug][gc,heap        ] GC(31)  Metaspace       used 9655K, committed 9920K, reserved 1114112K
[2026-08-02T15:26:54.563+0900][1.910s][debug][gc,heap        ] GC(31)   class space    used 901K, committed 1024K, reserved 1048576K
[2026-08-02T15:26:54.563+0900][1.910s][info ][gc,task        ] GC(31) Using 3 workers of 18 for evacuation
[2026-08-02T15:26:54.589+0900][1.937s][info ][gc,phases      ] GC(31)   Pre Evacuate Collection Set: 0.0ms
[2026-08-02T15:26:54.589+0900][1.937s][info ][gc,phases      ] GC(31)   Merge Heap Roots: 0.1ms
[2026-08-02T15:26:54.590+0900][1.937s][info ][gc,phases      ] GC(31)   Evacuate Collection Set: 26.2ms
[2026-08-02T15:26:54.590+0900][1.937s][info ][gc,phases      ] GC(31)   Post Evacuate Collection Set: 0.2ms
[2026-08-02T15:26:54.590+0900][1.937s][info ][gc,phases      ] GC(31)   Other: 0.1ms
[2026-08-02T15:26:54.590+0900][1.937s][info ][gc,heap        ] GC(31) Eden regions: 1->0(1)
[2026-08-02T15:26:54.590+0900][1.937s][info ][gc,heap        ] GC(31) Survivor regions: 1->1(1)
[2026-08-02T15:26:54.590+0900][1.937s][info ][gc,heap        ] GC(31) Old regions: 1->2
[2026-08-02T15:26:54.590+0900][1.937s][info ][gc,heap        ] GC(31) Archive regions: 0->0
[2026-08-02T15:26:54.590+0900][1.937s][info ][gc,heap        ] GC(31) Humongous regions: 0->0
[2026-08-02T15:26:54.590+0900][1.937s][info ][gc,metaspace   ] GC(31) Metaspace: 9655K(9920K)->9655K(9920K) NonClass: 8754K(8896K)->8754K(8896K) Class: 901K(1024K)->901K(1024K)
[2026-08-02T15:26:54.590+0900][1.937s][debug][gc,heap        ] GC(31) Heap after GC invocations=32 (full 29):
[2026-08-02T15:26:54.590+0900][1.937s][debug][gc,heap        ] GC(31)  garbage-first heap   total 163840K, used 69970K [0x000001dd28000000, 0x0000021428000000)
[2026-08-02T15:26:54.590+0900][1.937s][debug][gc,heap        ] GC(31)   region size 32768K, 1 young (32768K), 1 survivors (32768K)
[2026-08-02T15:26:54.590+0900][1.937s][debug][gc,heap        ] GC(31)  Metaspace       used 9655K, committed 9920K, reserved 1114112K
[2026-08-02T15:26:54.590+0900][1.937s][debug][gc,heap        ] GC(31)   class space    used 901K, committed 1024K, reserved 1048576K
[2026-08-02T15:26:54.590+0900][1.937s][info ][gc             ] GC(31) Pause Young (Normal) (G1 Evacuation Pause) 83M->68M(160M) 27.030ms
[2026-08-02T15:26:54.590+0900][1.937s][info ][gc,cpu         ] GC(31) User=0.06s Sys=0.02s Real=0.03s
[2026-08-02T15:26:54.590+0900][1.937s][info ][safepoint      ] Safepoint "G1CollectForAllocation", Time since last: 22394100 ns, Reaching safepoint: 97900 ns, At safepoint: 27104800 ns, Total: 27202700 ns
[2026-08-02T15:26:54.638+0900][1.986s][info ][gc,start       ] GC(32) Pause Young (Normal) (G1 Evacuation Pause)
[2026-08-02T15:26:54.639+0900][1.986s][debug][gc,heap        ] GC(32) Heap before GC invocations=32 (full 29):
[2026-08-02T15:26:54.639+0900][1.986s][debug][gc,heap        ] GC(32)  garbage-first heap   total 163840K, used 102738K [0x000001dd28000000, 0x0000021428000000)
[2026-08-02T15:26:54.639+0900][1.986s][debug][gc,heap        ] GC(32)   region size 32768K, 2 young (65536K), 1 survivors (32768K)
[2026-08-02T15:26:54.639+0900][1.987s][debug][gc,heap        ] GC(32)  Metaspace       used 9678K, committed 9984K, reserved 1114112K
[2026-08-02T15:26:54.639+0900][1.987s][debug][gc,heap        ] GC(32)   class space    used 901K, committed 1024K, reserved 1048576K
[2026-08-02T15:26:54.639+0900][1.987s][info ][gc,task        ] GC(32) Using 3 workers of 18 for evacuation
[2026-08-02T15:26:54.668+0900][2.015s][info ][gc,phases      ] GC(32)   Pre Evacuate Collection Set: 0.1ms
[2026-08-02T15:26:54.668+0900][2.015s][info ][gc,phases      ] GC(32)   Merge Heap Roots: 0.1ms
[2026-08-02T15:26:54.668+0900][2.015s][info ][gc,phases      ] GC(32)   Evacuate Collection Set: 26.1ms
[2026-08-02T15:26:54.668+0900][2.015s][info ][gc,phases      ] GC(32)   Post Evacuate Collection Set: 2.0ms
[2026-08-02T15:26:54.668+0900][2.015s][info ][gc,phases      ] GC(32)   Other: 0.1ms
[2026-08-02T15:26:54.668+0900][2.015s][info ][gc,heap        ] GC(32) Eden regions: 1->0(1)
[2026-08-02T15:26:54.668+0900][2.015s][info ][gc,heap        ] GC(32) Survivor regions: 1->1(1)
[2026-08-02T15:26:54.668+0900][2.015s][info ][gc,heap        ] GC(32) Old regions: 2->3
[2026-08-02T15:26:54.668+0900][2.015s][info ][gc,heap        ] GC(32) Archive regions: 0->0
[2026-08-02T15:26:54.668+0900][2.015s][info ][gc,heap        ] GC(32) Humongous regions: 0->0
[2026-08-02T15:26:54.668+0900][2.015s][info ][gc,metaspace   ] GC(32) Metaspace: 9678K(9984K)->9678K(9984K) NonClass: 8776K(8960K)->8776K(8960K) Class: 901K(1024K)->901K(1024K)
[2026-08-02T15:26:54.668+0900][2.015s][debug][gc,heap        ] GC(32) Heap after GC invocations=33 (full 29):
[2026-08-02T15:26:54.668+0900][2.015s][debug][gc,heap        ] GC(32)  garbage-first heap   total 1146880K, used 87926K [0x000001dd28000000, 0x0000021428000000)
[2026-08-02T15:26:54.668+0900][2.015s][debug][gc,heap        ] GC(32)   region size 32768K, 1 young (32768K), 1 survivors (32768K)
[2026-08-02T15:26:54.668+0900][2.015s][debug][gc,heap        ] GC(32)  Metaspace       used 9678K, committed 9984K, reserved 1114112K
[2026-08-02T15:26:54.668+0900][2.015s][debug][gc,heap        ] GC(32)   class space    used 901K, committed 1024K, reserved 1048576K
[2026-08-02T15:26:54.668+0900][2.015s][info ][gc             ] GC(32) Pause Young (Normal) (G1 Evacuation Pause) 100M->85M(1120M) 28.811ms
[2026-08-02T15:26:54.668+0900][2.015s][info ][gc,cpu         ] GC(32) User=0.09s Sys=0.00s Real=0.03s
[2026-08-02T15:26:54.668+0900][2.015s][info ][safepoint      ] Safepoint "G1CollectForAllocation", Time since last: 49384800 ns, Reaching safepoint: 98500 ns, At safepoint: 28954100 ns, Total: 29052600 ns
[2026-08-02T15:26:54.672+0900][2.019s][info ][gc,start       ] GC(33) Pause Full (System.gc())
[2026-08-02T15:26:54.672+0900][2.019s][debug][gc,heap        ] GC(33) Heap before GC invocations=33 (full 29):
[2026-08-02T15:26:54.672+0900][2.019s][debug][gc,heap        ] GC(33)  garbage-first heap   total 1146880K, used 87926K [0x000001dd28000000, 0x0000021428000000)
[2026-08-02T15:26:54.672+0900][2.019s][debug][gc,heap        ] GC(33)   region size 32768K, 2 young (65536K), 1 survivors (32768K)
[2026-08-02T15:26:54.672+0900][2.019s][debug][gc,heap        ] GC(33)  Metaspace       used 9678K, committed 9984K, reserved 1114112K
[2026-08-02T15:26:54.672+0900][2.019s][debug][gc,heap        ] GC(33)   class space    used 901K, committed 1024K, reserved 1048576K
[2026-08-02T15:26:54.672+0900][2.019s][info ][gc,task        ] GC(33) Using 2 workers of 18 for full compaction
[2026-08-02T15:26:54.672+0900][2.019s][info ][gc,phases,start] GC(33) Phase 1: Mark live objects
[2026-08-02T15:26:54.712+0900][2.059s][info ][gc,phases      ] GC(33) Phase 1: Mark live objects 39.992ms
[2026-08-02T15:26:54.712+0900][2.059s][info ][gc,phases,start] GC(33) Phase 2: Prepare for compaction
[2026-08-02T15:26:54.720+0900][2.067s][info ][gc,phases      ] GC(33) Phase 2: Prepare for compaction 7.630ms
[2026-08-02T15:26:54.720+0900][2.067s][info ][gc,phases,start] GC(33) Phase 3: Adjust pointers
[2026-08-02T15:26:54.737+0900][2.084s][info ][gc,phases      ] GC(33) Phase 3: Adjust pointers 17.340ms
[2026-08-02T15:26:54.737+0900][2.084s][info ][gc,phases,start] GC(33) Phase 4: Compact heap
[2026-08-02T15:26:54.747+0900][2.094s][info ][gc,phases      ] GC(33) Phase 4: Compact heap 9.614ms
[2026-08-02T15:26:54.751+0900][2.098s][debug][gc,heap        ] GC(33) Uncommittable regions after shrink: 21
[2026-08-02T15:26:54.752+0900][2.099s][info ][gc,heap        ] GC(33) Eden regions: 1->0(1)
[2026-08-02T15:26:54.752+0900][2.099s][info ][gc,heap        ] GC(33) Survivor regions: 1->0(1)
[2026-08-02T15:26:54.752+0900][2.099s][info ][gc,heap        ] GC(33) Old regions: 3->4
[2026-08-02T15:26:54.752+0900][2.099s][info ][gc,heap        ] GC(33) Archive regions: 0->0
[2026-08-02T15:26:54.752+0900][2.099s][info ][gc,heap        ] GC(33) Humongous regions: 0->0
[2026-08-02T15:26:54.752+0900][2.099s][info ][gc,metaspace   ] GC(33) Metaspace: 9678K(9984K)->9678K(9984K) NonClass: 8777K(8960K)->8777K(8960K) Class: 901K(1024K)->901K(1024K)
[2026-08-02T15:26:54.752+0900][2.099s][debug][gc,heap        ] GC(33) Heap after GC invocations=34 (full 30):
[2026-08-02T15:26:54.752+0900][2.099s][debug][gc,heap        ] GC(33)  garbage-first heap   total 458752K, used 86165K [0x000001dd28000000, 0x0000021428000000)
[2026-08-02T15:26:54.752+0900][2.099s][debug][gc,heap        ] GC(33)   region size 32768K, 0 young (0K), 0 survivors (0K)
[2026-08-02T15:26:54.752+0900][2.099s][debug][gc,heap        ] GC(33)  Metaspace       used 9678K, committed 9984K, reserved 1114112K
[2026-08-02T15:26:54.752+0900][2.099s][debug][gc,heap        ] GC(33)   class space    used 901K, committed 1024K, reserved 1048576K
[2026-08-02T15:26:54.752+0900][2.099s][info ][gc             ] GC(33) Pause Full (System.gc()) 87M->84M(448M) 80.251ms
[2026-08-02T15:26:54.752+0900][2.099s][info ][gc,cpu         ] GC(33) User=0.12s Sys=0.02s Real=0.08s
[2026-08-02T15:26:54.752+0900][2.099s][info ][safepoint      ] Safepoint "G1CollectFull", Time since last: 3677200 ns, Reaching safepoint: 29500 ns, At safepoint: 80385900 ns, Total: 80415400 ns
[2026-08-02T15:26:54.786+0900][2.134s][info ][gc,start       ] GC(34) Pause Young (Normal) (G1 Evacuation Pause)
[2026-08-02T15:26:54.786+0900][2.134s][debug][gc,heap        ] GC(34) Heap before GC invocations=34 (full 30):
[2026-08-02T15:26:54.786+0900][2.134s][debug][gc,heap        ] GC(34)  garbage-first heap   total 458752K, used 118933K [0x000001dd28000000, 0x0000021428000000)
[2026-08-02T15:26:54.786+0900][2.134s][debug][gc,heap        ] GC(34)   region size 32768K, 1 young (32768K), 0 survivors (0K)
[2026-08-02T15:26:54.786+0900][2.134s][debug][gc,heap        ] GC(34)  Metaspace       used 9679K, committed 9984K, reserved 1114112K
[2026-08-02T15:26:54.786+0900][2.134s][debug][gc,heap        ] GC(34)   class space    used 901K, committed 1024K, reserved 1048576K
[2026-08-02T15:26:54.786+0900][2.134s][info ][gc,task        ] GC(34) Using 10 workers of 18 for evacuation
[2026-08-02T15:26:54.792+0900][2.139s][info ][gc,phases      ] GC(34)   Pre Evacuate Collection Set: 0.1ms
[2026-08-02T15:26:54.792+0900][2.139s][info ][gc,phases      ] GC(34)   Merge Heap Roots: 0.2ms
[2026-08-02T15:26:54.792+0900][2.139s][info ][gc,phases      ] GC(34)   Evacuate Collection Set: 4.5ms
[2026-08-02T15:26:54.792+0900][2.139s][info ][gc,phases      ] GC(34)   Post Evacuate Collection Set: 0.2ms
[2026-08-02T15:26:54.792+0900][2.139s][info ][gc,phases      ] GC(34)   Other: 0.1ms
[2026-08-02T15:26:54.792+0900][2.139s][info ][gc,heap        ] GC(34) Eden regions: 1->0(1)
[2026-08-02T15:26:54.792+0900][2.139s][info ][gc,heap        ] GC(34) Survivor regions: 0->1(1)
[2026-08-02T15:26:54.792+0900][2.139s][info ][gc,heap        ] GC(34) Old regions: 4->4
[2026-08-02T15:26:54.792+0900][2.139s][info ][gc,heap        ] GC(34) Archive regions: 0->0
[2026-08-02T15:26:54.792+0900][2.139s][info ][gc,heap        ] GC(34) Humongous regions: 0->0
[2026-08-02T15:26:54.792+0900][2.139s][info ][gc,metaspace   ] GC(34) Metaspace: 9679K(9984K)->9679K(9984K) NonClass: 8778K(8960K)->8778K(8960K) Class: 901K(1024K)->901K(1024K)
[2026-08-02T15:26:54.792+0900][2.139s][debug][gc,heap        ] GC(34) Heap after GC invocations=35 (full 30):
[2026-08-02T15:26:54.792+0900][2.139s][debug][gc,heap        ] GC(34)  garbage-first heap   total 458752K, used 103908K [0x000001dd28000000, 0x0000021428000000)
[2026-08-02T15:26:54.792+0900][2.139s][debug][gc,heap        ] GC(34)   region size 32768K, 1 young (32768K), 1 survivors (32768K)
[2026-08-02T15:26:54.792+0900][2.139s][debug][gc,heap        ] GC(34)  Metaspace       used 9679K, committed 9984K, reserved 1114112K
[2026-08-02T15:26:54.792+0900][2.139s][debug][gc,heap        ] GC(34)   class space    used 901K, committed 1024K, reserved 1048576K
[2026-08-02T15:26:54.792+0900][2.139s][info ][gc             ] GC(34) Pause Young (Normal) (G1 Evacuation Pause) 116M->101M(448M) 5.435ms
[2026-08-02T15:26:54.792+0900][2.139s][info ][gc,cpu         ] GC(34) User=0.00s Sys=0.00s Real=0.01s
[2026-08-02T15:26:54.792+0900][2.139s][info ][safepoint      ] Safepoint "G1CollectForAllocation", Time since last: 34266600 ns, Reaching safepoint: 22800 ns, At safepoint: 5485100 ns, Total: 5507900 ns
[2026-08-02T15:26:54.844+0900][2.191s][info ][gc,start       ] GC(35) Pause Young (Normal) (G1 Evacuation Pause)
[2026-08-02T15:26:54.844+0900][2.191s][debug][gc,heap        ] GC(35) Heap before GC invocations=35 (full 30):
[2026-08-02T15:26:54.844+0900][2.191s][debug][gc,heap        ] GC(35)  garbage-first heap   total 458752K, used 136676K [0x000001dd28000000, 0x0000021428000000)
[2026-08-02T15:26:54.844+0900][2.191s][debug][gc,heap        ] GC(35)   region size 32768K, 2 young (65536K), 1 survivors (32768K)
[2026-08-02T15:26:54.844+0900][2.191s][debug][gc,heap        ] GC(35)  Metaspace       used 9790K, committed 10048K, reserved 1114112K
[2026-08-02T15:26:54.844+0900][2.191s][debug][gc,heap        ] GC(35)   class space    used 914K, committed 1024K, reserved 1048576K
[2026-08-02T15:26:54.844+0900][2.191s][info ][gc,task        ] GC(35) Using 10 workers of 18 for evacuation
[2026-08-02T15:26:54.851+0900][2.198s][info ][gc,phases      ] GC(35)   Pre Evacuate Collection Set: 0.1ms
[2026-08-02T15:26:54.851+0900][2.198s][info ][gc,phases      ] GC(35)   Merge Heap Roots: 0.1ms
[2026-08-02T15:26:54.851+0900][2.198s][info ][gc,phases      ] GC(35)   Evacuate Collection Set: 6.7ms
[2026-08-02T15:26:54.851+0900][2.198s][info ][gc,phases      ] GC(35)   Post Evacuate Collection Set: 0.2ms
[2026-08-02T15:26:54.851+0900][2.199s][info ][gc,phases      ] GC(35)   Other: 0.1ms
[2026-08-02T15:26:54.851+0900][2.199s][info ][gc,heap        ] GC(35) Eden regions: 1->0(1)
[2026-08-02T15:26:54.851+0900][2.199s][info ][gc,heap        ] GC(35) Survivor regions: 1->1(1)
[2026-08-02T15:26:54.851+0900][2.199s][info ][gc,heap        ] GC(35) Old regions: 4->4
[2026-08-02T15:26:54.851+0900][2.199s][info ][gc,heap        ] GC(35) Archive regions: 0->0
[2026-08-02T15:26:54.851+0900][2.199s][info ][gc,heap        ] GC(35) Humongous regions: 0->0
[2026-08-02T15:26:54.851+0900][2.199s][info ][gc,metaspace   ] GC(35) Metaspace: 9790K(10048K)->9790K(10048K) NonClass: 8876K(9024K)->8876K(9024K) Class: 914K(1024K)->914K(1024K)
[2026-08-02T15:26:54.851+0900][2.199s][debug][gc,heap        ] GC(35) Heap after GC invocations=36 (full 30):
[2026-08-02T15:26:54.851+0900][2.199s][debug][gc,heap        ] GC(35)  garbage-first heap   total 458752K, used 116894K [0x000001dd28000000, 0x0000021428000000)
[2026-08-02T15:26:54.851+0900][2.199s][debug][gc,heap        ] GC(35)   region size 32768K, 1 young (32768K), 1 survivors (32768K)
[2026-08-02T15:26:54.851+0900][2.199s][debug][gc,heap        ] GC(35)  Metaspace       used 9790K, committed 10048K, reserved 1114112K
[2026-08-02T15:26:54.851+0900][2.199s][debug][gc,heap        ] GC(35)   class space    used 914K, committed 1024K, reserved 1048576K
[2026-08-02T15:26:54.851+0900][2.199s][info ][gc             ] GC(35) Pause Young (Normal) (G1 Evacuation Pause) 133M->114M(448M) 7.516ms
[2026-08-02T15:26:54.851+0900][2.199s][info ][gc,cpu         ] GC(35) User=0.00s Sys=0.00s Real=0.01s
[2026-08-02T15:26:54.851+0900][2.199s][info ][safepoint      ] Safepoint "G1CollectForAllocation", Time since last: 51843700 ns, Reaching safepoint: 88000 ns, At safepoint: 7576400 ns, Total: 7664400 ns
[2026-08-02T15:26:54.929+0900][2.276s][debug][gc,heap        ] Concurrent Uncommit Summary: 672M, 21 regions, 7.984ms
[2026-08-02T15:26:54.961+0900][2.308s][info ][gc,start       ] GC(36) Pause Young (Normal) (G1 Evacuation Pause)
[2026-08-02T15:26:54.961+0900][2.308s][debug][gc,heap        ] GC(36) Heap before GC invocations=36 (full 30):
[2026-08-02T15:26:54.961+0900][2.308s][debug][gc,heap        ] GC(36)  garbage-first heap   total 458752K, used 149662K [0x000001dd28000000, 0x0000021428000000)
[2026-08-02T15:26:54.961+0900][2.308s][debug][gc,heap        ] GC(36)   region size 32768K, 2 young (65536K), 1 survivors (32768K)
[2026-08-02T15:26:54.961+0900][2.308s][debug][gc,heap        ] GC(36)  Metaspace       used 10387K, committed 10752K, reserved 1114112K
[2026-08-02T15:26:54.961+0900][2.308s][debug][gc,heap        ] GC(36)   class space    used 959K, committed 1152K, reserved 1048576K
[2026-08-02T15:26:54.961+0900][2.308s][info ][gc,task        ] GC(36) Using 10 workers of 18 for evacuation
[2026-08-02T15:26:54.966+0900][2.314s][info ][gc,phases      ] GC(36)   Pre Evacuate Collection Set: 0.1ms
[2026-08-02T15:26:54.966+0900][2.314s][info ][gc,phases      ] GC(36)   Merge Heap Roots: 0.1ms
[2026-08-02T15:26:54.966+0900][2.314s][info ][gc,phases      ] GC(36)   Evacuate Collection Set: 5.3ms
[2026-08-02T15:26:54.966+0900][2.314s][info ][gc,phases      ] GC(36)   Post Evacuate Collection Set: 0.4ms
[2026-08-02T15:26:54.966+0900][2.314s][info ][gc,phases      ] GC(36)   Other: 0.1ms
[2026-08-02T15:26:54.966+0900][2.314s][info ][gc,heap        ] GC(36) Eden regions: 1->0(1)
[2026-08-02T15:26:54.966+0900][2.314s][info ][gc,heap        ] GC(36) Survivor regions: 1->1(1)
[2026-08-02T15:26:54.966+0900][2.314s][info ][gc,heap        ] GC(36) Old regions: 4->5
[2026-08-02T15:26:54.966+0900][2.314s][info ][gc,heap        ] GC(36) Archive regions: 0->0
[2026-08-02T15:26:54.966+0900][2.314s][info ][gc,heap        ] GC(36) Humongous regions: 0->0
[2026-08-02T15:26:54.966+0900][2.314s][info ][gc,metaspace   ] GC(36) Metaspace: 10387K(10752K)->10387K(10752K) NonClass: 9428K(9600K)->9428K(9600K) Class: 959K(1152K)->959K(1152K)
[2026-08-02T15:26:54.966+0900][2.314s][debug][gc,heap        ] GC(36) Heap after GC invocations=37 (full 30):
[2026-08-02T15:26:54.966+0900][2.314s][debug][gc,heap        ] GC(36)  garbage-first heap   total 458752K, used 124863K [0x000001dd28000000, 0x0000021428000000)
[2026-08-02T15:26:54.966+0900][2.314s][debug][gc,heap        ] GC(36)   region size 32768K, 1 young (32768K), 1 survivors (32768K)
[2026-08-02T15:26:54.966+0900][2.314s][debug][gc,heap        ] GC(36)  Metaspace       used 10387K, committed 10752K, reserved 1114112K
[2026-08-02T15:26:54.966+0900][2.314s][debug][gc,heap        ] GC(36)   class space    used 959K, committed 1152K, reserved 1048576K
[2026-08-02T15:26:54.966+0900][2.314s][info ][gc             ] GC(36) Pause Young (Normal) (G1 Evacuation Pause) 146M->121M(448M) 6.273ms
[2026-08-02T15:26:54.966+0900][2.314s][info ][gc,cpu         ] GC(36) User=0.12s Sys=0.03s Real=0.01s
[2026-08-02T15:26:54.966+0900][2.314s][info ][safepoint      ] Safepoint "G1CollectForAllocation", Time since last: 108940900 ns, Reaching safepoint: 80200 ns, At safepoint: 6328600 ns, Total: 6408800 ns
[2026-08-02T15:26:55.008+0900][2.355s][info ][gc,start       ] GC(37) Pause Young (Normal) (G1 Evacuation Pause)
[2026-08-02T15:26:55.008+0900][2.355s][debug][gc,heap        ] GC(37) Heap before GC invocations=37 (full 30):
[2026-08-02T15:26:55.008+0900][2.355s][debug][gc,heap        ] GC(37)  garbage-first heap   total 458752K, used 157631K [0x000001dd28000000, 0x0000021428000000)
[2026-08-02T15:26:55.008+0900][2.355s][debug][gc,heap        ] GC(37)   region size 32768K, 2 young (65536K), 1 survivors (32768K)
[2026-08-02T15:26:55.008+0900][2.355s][debug][gc,heap        ] GC(37)  Metaspace       used 10394K, committed 10752K, reserved 1114112K
[2026-08-02T15:26:55.008+0900][2.355s][debug][gc,heap        ] GC(37)   class space    used 959K, committed 1152K, reserved 1048576K
[2026-08-02T15:26:55.008+0900][2.355s][info ][gc,task        ] GC(37) Using 10 workers of 18 for evacuation
[2026-08-02T15:26:55.016+0900][2.363s][info ][gc,phases      ] GC(37)   Pre Evacuate Collection Set: 0.1ms
[2026-08-02T15:26:55.016+0900][2.363s][info ][gc,phases      ] GC(37)   Merge Heap Roots: 0.2ms
[2026-08-02T15:26:55.016+0900][2.363s][info ][gc,phases      ] GC(37)   Evacuate Collection Set: 5.7ms
[2026-08-02T15:26:55.016+0900][2.363s][info ][gc,phases      ] GC(37)   Post Evacuate Collection Set: 1.8ms
[2026-08-02T15:26:55.016+0900][2.363s][info ][gc,phases      ] GC(37)   Other: 0.1ms
[2026-08-02T15:26:55.016+0900][2.363s][info ][gc,heap        ] GC(37) Eden regions: 1->0(4)
[2026-08-02T15:26:55.016+0900][2.363s][info ][gc,heap        ] GC(37) Survivor regions: 1->1(1)
[2026-08-02T15:26:55.016+0900][2.363s][info ][gc,heap        ] GC(37) Old regions: 5->5
[2026-08-02T15:26:55.016+0900][2.363s][info ][gc,heap        ] GC(37) Archive regions: 0->0
[2026-08-02T15:26:55.016+0900][2.363s][info ][gc,heap        ] GC(37) Humongous regions: 0->0
[2026-08-02T15:26:55.016+0900][2.363s][info ][gc,metaspace   ] GC(37) Metaspace: 10394K(10752K)->10394K(10752K) NonClass: 9435K(9600K)->9435K(9600K) Class: 959K(1152K)->959K(1152K)
[2026-08-02T15:26:55.016+0900][2.363s][debug][gc,heap        ] GC(37) Heap after GC invocations=38 (full 30):
[2026-08-02T15:26:55.016+0900][2.363s][debug][gc,heap        ] GC(37)  garbage-first heap   total 1277952K, used 140064K [0x000001dd28000000, 0x0000021428000000)
[2026-08-02T15:26:55.016+0900][2.363s][debug][gc,heap        ] GC(37)   region size 32768K, 1 young (32768K), 1 survivors (32768K)
[2026-08-02T15:26:55.016+0900][2.363s][debug][gc,heap        ] GC(37)  Metaspace       used 10394K, committed 10752K, reserved 1114112K
[2026-08-02T15:26:55.016+0900][2.363s][debug][gc,heap        ] GC(37)   class space    used 959K, committed 1152K, reserved 1048576K
[2026-08-02T15:26:55.016+0900][2.363s][info ][gc             ] GC(37) Pause Young (Normal) (G1 Evacuation Pause) 153M->136M(1248M) 8.200ms
[2026-08-02T15:26:55.016+0900][2.363s][info ][gc,cpu         ] GC(37) User=0.16s Sys=0.02s Real=0.01s
[2026-08-02T15:26:55.016+0900][2.363s][info ][safepoint      ] Safepoint "G1CollectForAllocation", Time since last: 40835400 ns, Reaching safepoint: 107600 ns, At safepoint: 8272400 ns, Total: 8380000 ns
[2026-08-02T15:26:55.137+0900][2.484s][info ][gc,start       ] GC(38) Pause Full (System.gc())
[2026-08-02T15:26:55.137+0900][2.484s][debug][gc,heap        ] GC(38) Heap before GC invocations=38 (full 30):
[2026-08-02T15:26:55.137+0900][2.484s][debug][gc,heap        ] GC(38)  garbage-first heap   total 1277952K, used 172832K [0x000001dd28000000, 0x0000021428000000)
[2026-08-02T15:26:55.137+0900][2.484s][debug][gc,heap        ] GC(38)   region size 32768K, 3 young (98304K), 1 survivors (32768K)
[2026-08-02T15:26:55.137+0900][2.484s][debug][gc,heap        ] GC(38)  Metaspace       used 10449K, committed 10816K, reserved 1114112K
[2026-08-02T15:26:55.137+0900][2.484s][debug][gc,heap        ] GC(38)   class space    used 963K, committed 1152K, reserved 1048576K
[2026-08-02T15:26:55.137+0900][2.484s][info ][gc,task        ] GC(38) Using 2 workers of 18 for full compaction
[2026-08-02T15:26:55.137+0900][2.484s][info ][gc,phases,start] GC(38) Phase 1: Mark live objects
[2026-08-02T15:26:55.181+0900][2.529s][info ][gc,phases      ] GC(38) Phase 1: Mark live objects 44.298ms
[2026-08-02T15:26:55.181+0900][2.529s][info ][gc,phases,start] GC(38) Phase 2: Prepare for compaction
[2026-08-02T15:26:55.189+0900][2.536s][info ][gc,phases      ] GC(38) Phase 2: Prepare for compaction 7.145ms
[2026-08-02T15:26:55.189+0900][2.536s][info ][gc,phases,start] GC(38) Phase 3: Adjust pointers
[2026-08-02T15:26:55.210+0900][2.557s][info ][gc,phases      ] GC(38) Phase 3: Adjust pointers 21.357ms
[2026-08-02T15:26:55.210+0900][2.557s][info ][gc,phases,start] GC(38) Phase 4: Compact heap
[2026-08-02T15:26:55.217+0900][2.564s][info ][gc,phases      ] GC(38) Phase 4: Compact heap 6.844ms
[2026-08-02T15:26:55.221+0900][2.569s][debug][gc,heap        ] GC(38) Uncommittable regions after shrink: 29
[2026-08-02T15:26:55.223+0900][2.570s][info ][gc,heap        ] GC(38) Eden regions: 2->0(2)
[2026-08-02T15:26:55.223+0900][2.570s][info ][gc,heap        ] GC(38) Survivor regions: 1->0(1)
[2026-08-02T15:26:55.223+0900][2.570s][info ][gc,heap        ] GC(38) Old regions: 5->3
[2026-08-02T15:26:55.223+0900][2.570s][info ][gc,heap        ] GC(38) Archive regions: 0->0
[2026-08-02T15:26:55.223+0900][2.570s][info ][gc,heap        ] GC(38) Humongous regions: 0->0
[2026-08-02T15:26:55.223+0900][2.571s][info ][gc,metaspace   ] GC(38) Metaspace: 10449K(10816K)->10449K(10816K) NonClass: 9485K(9664K)->9485K(9664K) Class: 963K(1152K)->963K(1152K)
[2026-08-02T15:26:55.223+0900][2.571s][debug][gc,heap        ] GC(38) Heap after GC invocations=39 (full 31):
[2026-08-02T15:26:55.223+0900][2.571s][debug][gc,heap        ] GC(38)  garbage-first heap   total 327680K, used 88854K [0x000001dd28000000, 0x0000021428000000)
[2026-08-02T15:26:55.223+0900][2.571s][debug][gc,heap        ] GC(38)   region size 32768K, 0 young (0K), 0 survivors (0K)
[2026-08-02T15:26:55.223+0900][2.571s][debug][gc,heap        ] GC(38)  Metaspace       used 10449K, committed 10816K, reserved 1114112K
[2026-08-02T15:26:55.223+0900][2.571s][debug][gc,heap        ] GC(38)   class space    used 963K, committed 1152K, reserved 1048576K
[2026-08-02T15:26:55.223+0900][2.571s][info ][gc             ] GC(38) Pause Full (System.gc()) 197M->86M(320M) 86.587ms
[2026-08-02T15:26:55.223+0900][2.571s][info ][gc,cpu         ] GC(38) User=0.16s Sys=0.00s Real=0.09s
[2026-08-02T15:26:55.223+0900][2.571s][info ][safepoint      ] Safepoint "G1CollectFull", Time since last: 120669600 ns, Reaching safepoint: 76200 ns, At safepoint: 86657400 ns, Total: 86733600 ns
[2026-08-02T15:26:55.251+0900][2.598s][info ][gc,start       ] GC(39) Pause Full (System.gc())
[2026-08-02T15:26:55.251+0900][2.598s][debug][gc,heap        ] GC(39) Heap before GC invocations=39 (full 31):
[2026-08-02T15:26:55.251+0900][2.599s][debug][gc,heap        ] GC(39)  garbage-first heap   total 327680K, used 88854K [0x000001dd28000000, 0x0000021428000000)
[2026-08-02T15:26:55.251+0900][2.599s][debug][gc,heap        ] GC(39)   region size 32768K, 1 young (32768K), 0 survivors (0K)
[2026-08-02T15:26:55.251+0900][2.599s][debug][gc,heap        ] GC(39)  Metaspace       used 10449K, committed 10816K, reserved 1114112K
[2026-08-02T15:26:55.251+0900][2.599s][debug][gc,heap        ] GC(39)   class space    used 963K, committed 1152K, reserved 1048576K
[2026-08-02T15:26:55.251+0900][2.599s][info ][gc,task        ] GC(39) Using 1 workers of 18 for full compaction
[2026-08-02T15:26:55.251+0900][2.599s][info ][gc,phases,start] GC(39) Phase 1: Mark live objects
[2026-08-02T15:26:55.304+0900][2.652s][info ][gc,phases      ] GC(39) Phase 1: Mark live objects 53.573ms
[2026-08-02T15:26:55.305+0900][2.652s][info ][gc,phases,start] GC(39) Phase 2: Prepare for compaction
[2026-08-02T15:26:55.318+0900][2.665s][info ][gc,phases      ] GC(39) Phase 2: Prepare for compaction 13.115ms
[2026-08-02T15:26:55.318+0900][2.665s][info ][gc,phases,start] GC(39) Phase 3: Adjust pointers
[2026-08-02T15:26:55.345+0900][2.692s][info ][gc,phases      ] GC(39) Phase 3: Adjust pointers 27.065ms
[2026-08-02T15:26:55.345+0900][2.693s][info ][gc,phases,start] GC(39) Phase 4: Compact heap
[2026-08-02T15:26:55.358+0900][2.705s][info ][gc,phases      ] GC(39) Phase 4: Compact heap 12.492ms
[2026-08-02T15:26:55.359+0900][2.707s][debug][gc,heap        ] GC(39) Uncommittable regions after shrink: 3
[2026-08-02T15:26:55.361+0900][2.708s][info ][gc,heap        ] GC(39) Eden regions: 1->0(1)
[2026-08-02T15:26:55.361+0900][2.708s][info ][gc,heap        ] GC(39) Survivor regions: 0->0(1)
[2026-08-02T15:26:55.361+0900][2.708s][info ][gc,heap        ] GC(39) Old regions: 3->2
[2026-08-02T15:26:55.361+0900][2.708s][info ][gc,heap        ] GC(39) Archive regions: 0->0
[2026-08-02T15:26:55.361+0900][2.708s][info ][gc,heap        ] GC(39) Humongous regions: 0->0
[2026-08-02T15:26:55.361+0900][2.708s][info ][gc,metaspace   ] GC(39) Metaspace: 10449K(10816K)->10449K(10816K) NonClass: 9485K(9664K)->9485K(9664K) Class: 963K(1152K)->963K(1152K)
[2026-08-02T15:26:55.361+0900][2.708s][debug][gc,heap        ] GC(39) Heap after GC invocations=40 (full 32):
[2026-08-02T15:26:55.361+0900][2.708s][debug][gc,heap        ] GC(39)  garbage-first heap   total 229376K, used 51292K [0x000001dd28000000, 0x0000021428000000)
[2026-08-02T15:26:55.362+0900][2.708s][debug][gc,heap        ] GC(39)   region size 32768K, 0 young (0K), 0 survivors (0K)
[2026-08-02T15:26:55.362+0900][2.709s][debug][gc,heap        ] GC(39)  Metaspace       used 10449K, committed 10816K, reserved 1114112K
[2026-08-02T15:26:55.362+0900][2.709s][debug][gc,heap        ] GC(39)   class space    used 963K, committed 1152K, reserved 1048576K
[2026-08-02T15:26:55.362+0900][2.709s][info ][gc             ] GC(39) Pause Full (System.gc()) 100M->50M(224M) 110.120ms
[2026-08-02T15:26:55.362+0900][2.709s][info ][gc,cpu         ] GC(39) User=0.11s Sys=0.00s Real=0.11s
[2026-08-02T15:26:55.362+0900][2.709s][info ][safepoint      ] Safepoint "G1CollectFull", Time since last: 27735000 ns, Reaching safepoint: 30400 ns, At safepoint: 110242000 ns, Total: 110272400 ns
[2026-08-02T15:26:55.410+0900][2.758s][info ][gc,start       ] GC(40) Pause Young (Normal) (G1 Evacuation Pause)
[2026-08-02T15:26:55.410+0900][2.758s][debug][gc,heap        ] GC(40) Heap before GC invocations=40 (full 32):
[2026-08-02T15:26:55.411+0900][2.758s][debug][gc,heap        ] GC(40)  garbage-first heap   total 229376K, used 84060K [0x000001dd28000000, 0x0000021428000000)
[2026-08-02T15:26:55.411+0900][2.758s][debug][gc,heap        ] GC(40)   region size 32768K, 1 young (32768K), 0 survivors (0K)
[2026-08-02T15:26:55.411+0900][2.758s][debug][gc,heap        ] GC(40)  Metaspace       used 10632K, committed 10944K, reserved 1114112K
[2026-08-02T15:26:55.411+0900][2.758s][debug][gc,heap        ] GC(40)   class space    used 988K, committed 1152K, reserved 1048576K
[2026-08-02T15:26:55.411+0900][2.758s][info ][gc,task        ] GC(40) Using 5 workers of 18 for evacuation
[2026-08-02T15:26:55.419+0900][2.767s][info ][gc,phases      ] GC(40)   Pre Evacuate Collection Set: 0.1ms
[2026-08-02T15:26:55.419+0900][2.767s][info ][gc,phases      ] GC(40)   Merge Heap Roots: 0.2ms
[2026-08-02T15:26:55.419+0900][2.767s][info ][gc,phases      ] GC(40)   Evacuate Collection Set: 7.7ms
[2026-08-02T15:26:55.419+0900][2.767s][info ][gc,phases      ] GC(40)   Post Evacuate Collection Set: 0.2ms
[2026-08-02T15:26:55.419+0900][2.767s][info ][gc,phases      ] GC(40)   Other: 0.1ms
[2026-08-02T15:26:55.419+0900][2.767s][info ][gc,heap        ] GC(40) Eden regions: 1->0(1)
[2026-08-02T15:26:55.419+0900][2.767s][info ][gc,heap        ] GC(40) Survivor regions: 0->1(1)
[2026-08-02T15:26:55.419+0900][2.767s][info ][gc,heap        ] GC(40) Old regions: 2->2
[2026-08-02T15:26:55.419+0900][2.767s][info ][gc,heap        ] GC(40) Archive regions: 0->0
[2026-08-02T15:26:55.419+0900][2.767s][info ][gc,heap        ] GC(40) Humongous regions: 0->0
[2026-08-02T15:26:55.419+0900][2.767s][info ][gc,metaspace   ] GC(40) Metaspace: 10632K(10944K)->10632K(10944K) NonClass: 9643K(9792K)->9643K(9792K) Class: 988K(1152K)->988K(1152K)
[2026-08-02T15:26:55.419+0900][2.767s][debug][gc,heap        ] GC(40) Heap after GC invocations=41 (full 32):
[2026-08-02T15:26:55.419+0900][2.767s][debug][gc,heap        ] GC(40)  garbage-first heap   total 229376K, used 66925K [0x000001dd28000000, 0x0000021428000000)
[2026-08-02T15:26:55.419+0900][2.767s][debug][gc,heap        ] GC(40)   region size 32768K, 1 young (32768K), 1 survivors (32768K)
[2026-08-02T15:26:55.419+0900][2.767s][debug][gc,heap        ] GC(40)  Metaspace       used 10632K, committed 10944K, reserved 1114112K
[2026-08-02T15:26:55.419+0900][2.767s][debug][gc,heap        ] GC(40)   class space    used 988K, committed 1152K, reserved 1048576K
[2026-08-02T15:26:55.419+0900][2.767s][info ][gc             ] GC(40) Pause Young (Normal) (G1 Evacuation Pause) 82M->65M(224M) 8.646ms
[2026-08-02T15:26:55.420+0900][2.767s][info ][gc,cpu         ] GC(40) User=0.08s Sys=0.00s Real=0.01s
[2026-08-02T15:26:55.420+0900][2.767s][info ][safepoint      ] Safepoint "G1CollectForAllocation", Time since last: 49479200 ns, Reaching safepoint: 36700 ns, At safepoint: 8693200 ns, Total: 8729900 ns
[2026-08-02T15:26:55.457+0900][2.804s][info ][gc,start       ] GC(41) Pause Young (Normal) (G1 Evacuation Pause)
[2026-08-02T15:26:55.457+0900][2.804s][debug][gc,heap        ] GC(41) Heap before GC invocations=41 (full 32):
[2026-08-02T15:26:55.457+0900][2.804s][debug][gc,heap        ] GC(41)  garbage-first heap   total 229376K, used 99693K [0x000001dd28000000, 0x0000021428000000)
[2026-08-02T15:26:55.457+0900][2.804s][debug][gc,heap        ] GC(41)   region size 32768K, 2 young (65536K), 1 survivors (32768K)
[2026-08-02T15:26:55.457+0900][2.804s][debug][gc,heap        ] GC(41)  Metaspace       used 10632K, committed 10944K, reserved 1114112K
[2026-08-02T15:26:55.457+0900][2.804s][debug][gc,heap        ] GC(41)   class space    used 988K, committed 1152K, reserved 1048576K
[2026-08-02T15:26:55.457+0900][2.804s][info ][gc,task        ] GC(41) Using 5 workers of 18 for evacuation
[2026-08-02T15:26:55.470+0900][2.817s][info ][gc,phases      ] GC(41)   Pre Evacuate Collection Set: 0.1ms
[2026-08-02T15:26:55.470+0900][2.817s][info ][gc,phases      ] GC(41)   Merge Heap Roots: 0.2ms
[2026-08-02T15:26:55.470+0900][2.817s][info ][gc,phases      ] GC(41)   Evacuate Collection Set: 12.8ms
[2026-08-02T15:26:55.470+0900][2.817s][info ][gc,phases      ] GC(41)   Post Evacuate Collection Set: 0.3ms
[2026-08-02T15:26:55.470+0900][2.817s][info ][gc,phases      ] GC(41)   Other: 0.1ms
[2026-08-02T15:26:55.470+0900][2.817s][info ][gc,heap        ] GC(41) Eden regions: 1->0(1)
[2026-08-02T15:26:55.470+0900][2.817s][info ][gc,heap        ] GC(41) Survivor regions: 1->1(1)
[2026-08-02T15:26:55.470+0900][2.817s][info ][gc,heap        ] GC(41) Old regions: 2->2
[2026-08-02T15:26:55.470+0900][2.817s][info ][gc,heap        ] GC(41) Archive regions: 0->0
[2026-08-02T15:26:55.470+0900][2.817s][info ][gc,heap        ] GC(41) Humongous regions: 0->0
[2026-08-02T15:26:55.470+0900][2.817s][info ][gc,metaspace   ] GC(41) Metaspace: 10632K(10944K)->10632K(10944K) NonClass: 9643K(9792K)->9643K(9792K) Class: 988K(1152K)->988K(1152K)
[2026-08-02T15:26:55.470+0900][2.817s][debug][gc,heap        ] GC(41) Heap after GC invocations=42 (full 32):
[2026-08-02T15:26:55.470+0900][2.817s][debug][gc,heap        ] GC(41)  garbage-first heap   total 229376K, used 81240K [0x000001dd28000000, 0x0000021428000000)
[2026-08-02T15:26:55.470+0900][2.817s][debug][gc,heap        ] GC(41)   region size 32768K, 1 young (32768K), 1 survivors (32768K)
[2026-08-02T15:26:55.470+0900][2.817s][debug][gc,heap        ] GC(41)  Metaspace       used 10632K, committed 10944K, reserved 1114112K
[2026-08-02T15:26:55.470+0900][2.817s][debug][gc,heap        ] GC(41)   class space    used 988K, committed 1152K, reserved 1048576K
[2026-08-02T15:26:55.470+0900][2.817s][info ][gc             ] GC(41) Pause Young (Normal) (G1 Evacuation Pause) 97M->79M(224M) 13.861ms
[2026-08-02T15:26:55.470+0900][2.817s][info ][gc,cpu         ] GC(41) User=0.06s Sys=0.02s Real=0.01s
[2026-08-02T15:26:55.470+0900][2.817s][info ][safepoint      ] Safepoint "G1CollectForAllocation", Time since last: 35705200 ns, Reaching safepoint: 981700 ns, At safepoint: 13923100 ns, Total: 14904800 ns
[2026-08-02T15:26:55.478+0900][2.825s][debug][gc,heap        ] Concurrent Uncommit Summary: 1024M, 32 regions, 20.539ms
[2026-08-02T15:26:55.492+0900][2.840s][info ][gc,start       ] GC(42) Pause Young (Normal) (G1 Evacuation Pause)
[2026-08-02T15:26:55.492+0900][2.840s][debug][gc,heap        ] GC(42) Heap before GC invocations=42 (full 32):
[2026-08-02T15:26:55.492+0900][2.840s][debug][gc,heap        ] GC(42)  garbage-first heap   total 229376K, used 114008K [0x000001dd28000000, 0x0000021428000000)
[2026-08-02T15:26:55.492+0900][2.840s][debug][gc,heap        ] GC(42)   region size 32768K, 2 young (65536K), 1 survivors (32768K)
[2026-08-02T15:26:55.492+0900][2.840s][debug][gc,heap        ] GC(42)  Metaspace       used 10632K, committed 10944K, reserved 1114112K
[2026-08-02T15:26:55.492+0900][2.840s][debug][gc,heap        ] GC(42)   class space    used 988K, committed 1152K, reserved 1048576K
[2026-08-02T15:26:55.492+0900][2.840s][info ][gc,task        ] GC(42) Using 5 workers of 18 for evacuation
[2026-08-02T15:26:55.510+0900][2.858s][info ][gc,phases      ] GC(42)   Pre Evacuate Collection Set: 0.1ms
[2026-08-02T15:26:55.510+0900][2.858s][info ][gc,phases      ] GC(42)   Merge Heap Roots: 0.2ms
[2026-08-02T15:26:55.510+0900][2.858s][info ][gc,phases      ] GC(42)   Evacuate Collection Set: 17.2ms
[2026-08-02T15:26:55.510+0900][2.858s][info ][gc,phases      ] GC(42)   Post Evacuate Collection Set: 0.3ms
[2026-08-02T15:26:55.510+0900][2.858s][info ][gc,phases      ] GC(42)   Other: 0.1ms
[2026-08-02T15:26:55.510+0900][2.858s][info ][gc,heap        ] GC(42) Eden regions: 1->0(1)
[2026-08-02T15:26:55.510+0900][2.858s][info ][gc,heap        ] GC(42) Survivor regions: 1->1(1)
[2026-08-02T15:26:55.510+0900][2.858s][info ][gc,heap        ] GC(42) Old regions: 2->3
[2026-08-02T15:26:55.510+0900][2.858s][info ][gc,heap        ] GC(42) Archive regions: 0->0
[2026-08-02T15:26:55.510+0900][2.858s][info ][gc,heap        ] GC(42) Humongous regions: 0->0
[2026-08-02T15:26:55.510+0900][2.858s][info ][gc,metaspace   ] GC(42) Metaspace: 10632K(10944K)->10632K(10944K) NonClass: 9643K(9792K)->9643K(9792K) Class: 988K(1152K)->988K(1152K)
[2026-08-02T15:26:55.510+0900][2.858s][debug][gc,heap        ] GC(42) Heap after GC invocations=43 (full 32):
[2026-08-02T15:26:55.510+0900][2.858s][debug][gc,heap        ] GC(42)  garbage-first heap   total 229376K, used 98976K [0x000001dd28000000, 0x0000021428000000)
[2026-08-02T15:26:55.510+0900][2.858s][debug][gc,heap        ] GC(42)   region size 32768K, 1 young (32768K), 1 survivors (32768K)
[2026-08-02T15:26:55.510+0900][2.858s][debug][gc,heap        ] GC(42)  Metaspace       used 10632K, committed 10944K, reserved 1114112K
[2026-08-02T15:26:55.510+0900][2.858s][debug][gc,heap        ] GC(42)   class space    used 988K, committed 1152K, reserved 1048576K
[2026-08-02T15:26:55.510+0900][2.858s][info ][gc             ] GC(42) Pause Young (Normal) (G1 Evacuation Pause) 111M->96M(224M) 18.251ms
[2026-08-02T15:26:55.510+0900][2.858s][info ][gc,cpu         ] GC(42) User=0.09s Sys=0.00s Real=0.02s
[2026-08-02T15:26:55.510+0900][2.858s][info ][safepoint      ] Safepoint "G1CollectForAllocation", Time since last: 21958900 ns, Reaching safepoint: 88700 ns, At safepoint: 18317600 ns, Total: 18406300 ns
[2026-08-02T15:26:55.549+0900][2.896s][info ][gc,start       ] GC(43) Pause Young (Normal) (G1 Evacuation Pause)
[2026-08-02T15:26:55.549+0900][2.896s][debug][gc,heap        ] GC(43) Heap before GC invocations=43 (full 32):
[2026-08-02T15:26:55.549+0900][2.896s][debug][gc,heap        ] GC(43)  garbage-first heap   total 229376K, used 131744K [0x000001dd28000000, 0x0000021428000000)
[2026-08-02T15:26:55.549+0900][2.896s][debug][gc,heap        ] GC(43)   region size 32768K, 2 young (65536K), 1 survivors (32768K)
[2026-08-02T15:26:55.549+0900][2.896s][debug][gc,heap        ] GC(43)  Metaspace       used 10701K, committed 11072K, reserved 1114112K
[2026-08-02T15:26:55.549+0900][2.896s][debug][gc,heap        ] GC(43)   class space    used 992K, committed 1152K, reserved 1048576K
[2026-08-02T15:26:55.549+0900][2.896s][info ][gc,task        ] GC(43) Using 5 workers of 18 for evacuation
[2026-08-02T15:26:55.566+0900][2.914s][info ][gc,phases      ] GC(43)   Pre Evacuate Collection Set: 0.1ms
[2026-08-02T15:26:55.567+0900][2.914s][info ][gc,phases      ] GC(43)   Merge Heap Roots: 0.2ms
[2026-08-02T15:26:55.567+0900][2.914s][info ][gc,phases      ] GC(43)   Evacuate Collection Set: 15.2ms
[2026-08-02T15:26:55.567+0900][2.914s][info ][gc,phases      ] GC(43)   Post Evacuate Collection Set: 2.3ms
[2026-08-02T15:26:55.567+0900][2.914s][info ][gc,phases      ] GC(43)   Other: 0.1ms
[2026-08-02T15:26:55.567+0900][2.914s][info ][gc,heap        ] GC(43) Eden regions: 1->0(6)
[2026-08-02T15:26:55.567+0900][2.914s][info ][gc,heap        ] GC(43) Survivor regions: 1->1(1)
[2026-08-02T15:26:55.567+0900][2.914s][info ][gc,heap        ] GC(43) Old regions: 3->4
[2026-08-02T15:26:55.567+0900][2.914s][info ][gc,heap        ] GC(43) Archive regions: 0->0
[2026-08-02T15:26:55.567+0900][2.914s][info ][gc,heap        ] GC(43) Humongous regions: 0->0
[2026-08-02T15:26:55.567+0900][2.914s][info ][gc,metaspace   ] GC(43) Metaspace: 10701K(11072K)->10701K(11072K) NonClass: 9708K(9920K)->9708K(9920K) Class: 992K(1152K)->992K(1152K)
[2026-08-02T15:26:55.567+0900][2.914s][debug][gc,heap        ] GC(43) Heap after GC invocations=44 (full 32):
[2026-08-02T15:26:55.567+0900][2.914s][debug][gc,heap        ] GC(43)  garbage-first heap   total 1179648K, used 114820K [0x000001dd28000000, 0x0000021428000000)
[2026-08-02T15:26:55.567+0900][2.914s][debug][gc,heap        ] GC(43)   region size 32768K, 1 young (32768K), 1 survivors (32768K)
[2026-08-02T15:26:55.567+0900][2.914s][debug][gc,heap        ] GC(43)  Metaspace       used 10701K, committed 11072K, reserved 1114112K
[2026-08-02T15:26:55.567+0900][2.914s][debug][gc,heap        ] GC(43)   class space    used 992K, committed 1152K, reserved 1048576K
[2026-08-02T15:26:55.567+0900][2.914s][info ][gc             ] GC(43) Pause Young (Normal) (G1 Evacuation Pause) 128M->112M(1152M) 18.106ms
[2026-08-02T15:26:55.567+0900][2.914s][info ][gc,cpu         ] GC(43) User=0.08s Sys=0.00s Real=0.02s
[2026-08-02T15:26:55.567+0900][2.914s][info ][safepoint      ] Safepoint "G1CollectForAllocation", Time since last: 38219800 ns, Reaching safepoint: 58100 ns, At safepoint: 18236600 ns, Total: 18294700 ns
[2026-08-02T15:26:55.841+0900][3.188s][info ][gc,start       ] GC(44) Pause Young (Normal) (G1 Evacuation Pause)
[2026-08-02T15:26:55.841+0900][3.188s][debug][gc,heap        ] GC(44) Heap before GC invocations=44 (full 32):
[2026-08-02T15:26:55.841+0900][3.188s][debug][gc,heap        ] GC(44)  garbage-first heap   total 1179648K, used 311428K [0x000001dd28000000, 0x0000021428000000)
[2026-08-02T15:26:55.841+0900][3.188s][debug][gc,heap        ] GC(44)   region size 32768K, 7 young (229376K), 1 survivors (32768K)
[2026-08-02T15:26:55.841+0900][3.188s][debug][gc,heap        ] GC(44)  Metaspace       used 11480K, committed 11904K, reserved 1114112K
[2026-08-02T15:26:55.841+0900][3.188s][debug][gc,heap        ] GC(44)   class space    used 1058K, committed 1280K, reserved 1048576K
[2026-08-02T15:26:55.841+0900][3.188s][info ][gc,task        ] GC(44) Using 18 workers of 18 for evacuation
[2026-08-02T15:26:55.848+0900][3.196s][info ][gc,phases      ] GC(44)   Pre Evacuate Collection Set: 0.1ms
[2026-08-02T15:26:55.849+0900][3.196s][info ][gc,phases      ] GC(44)   Merge Heap Roots: 0.3ms
[2026-08-02T15:26:55.849+0900][3.196s][info ][gc,phases      ] GC(44)   Evacuate Collection Set: 6.2ms
[2026-08-02T15:26:55.849+0900][3.196s][info ][gc,phases      ] GC(44)   Post Evacuate Collection Set: 0.3ms
[2026-08-02T15:26:55.849+0900][3.196s][info ][gc,phases      ] GC(44)   Other: 0.3ms
[2026-08-02T15:26:55.849+0900][3.196s][info ][gc,heap        ] GC(44) Eden regions: 6->0(6)
[2026-08-02T15:26:55.849+0900][3.196s][info ][gc,heap        ] GC(44) Survivor regions: 1->1(1)
[2026-08-02T15:26:55.849+0900][3.196s][info ][gc,heap        ] GC(44) Old regions: 4->4
[2026-08-02T15:26:55.849+0900][3.196s][info ][gc,heap        ] GC(44) Archive regions: 0->0
[2026-08-02T15:26:55.849+0900][3.196s][info ][gc,heap        ] GC(44) Humongous regions: 0->0
[2026-08-02T15:26:55.849+0900][3.196s][info ][gc,metaspace   ] GC(44) Metaspace: 11480K(11904K)->11480K(11904K) NonClass: 10422K(10624K)->10422K(10624K) Class: 1058K(1280K)->1058K(1280K)
[2026-08-02T15:26:55.849+0900][3.196s][debug][gc,heap        ] GC(44) Heap after GC invocations=45 (full 32):
[2026-08-02T15:26:55.849+0900][3.196s][debug][gc,heap        ] GC(44)  garbage-first heap   total 1179648K, used 125219K [0x000001dd28000000, 0x0000021428000000)
[2026-08-02T15:26:55.849+0900][3.196s][debug][gc,heap        ] GC(44)   region size 32768K, 1 young (32768K), 1 survivors (32768K)
[2026-08-02T15:26:55.849+0900][3.196s][debug][gc,heap        ] GC(44)  Metaspace       used 11480K, committed 11904K, reserved 1114112K
[2026-08-02T15:26:55.849+0900][3.196s][debug][gc,heap        ] GC(44)   class space    used 1058K, committed 1280K, reserved 1048576K
[2026-08-02T15:26:55.849+0900][3.196s][info ][gc             ] GC(44) Pause Young (Normal) (G1 Evacuation Pause) 304M->122M(1152M) 7.554ms
[2026-08-02T15:26:55.849+0900][3.196s][info ][gc,cpu         ] GC(44) User=0.00s Sys=0.00s Real=0.01s
[2026-08-02T15:26:55.849+0900][3.196s][info ][safepoint      ] Safepoint "G1CollectForAllocation", Time since last: 273717400 ns, Reaching safepoint: 71900 ns, At safepoint: 7616000 ns, Total: 7687900 ns
[2026-08-02T15:26:56.051+0900][3.399s][info ][gc,start       ] GC(45) Pause Young (Normal) (G1 Evacuation Pause)
[2026-08-02T15:26:56.051+0900][3.399s][debug][gc,heap        ] GC(45) Heap before GC invocations=45 (full 32):
[2026-08-02T15:26:56.051+0900][3.399s][debug][gc,heap        ] GC(45)  garbage-first heap   total 1179648K, used 321827K [0x000001dd28000000, 0x0000021428000000)
[2026-08-02T15:26:56.051+0900][3.399s][debug][gc,heap        ] GC(45)   region size 32768K, 7 young (229376K), 1 survivors (32768K)
[2026-08-02T15:26:56.051+0900][3.399s][debug][gc,heap        ] GC(45)  Metaspace       used 11829K, committed 12352K, reserved 1114112K
[2026-08-02T15:26:56.051+0900][3.399s][debug][gc,heap        ] GC(45)   class space    used 1092K, committed 1344K, reserved 1048576K
[2026-08-02T15:26:56.051+0900][3.399s][info ][gc,task        ] GC(45) Using 18 workers of 18 for evacuation
[2026-08-02T15:26:56.063+0900][3.411s][info ][gc,phases      ] GC(45)   Pre Evacuate Collection Set: 0.1ms
[2026-08-02T15:26:56.063+0900][3.411s][info ][gc,phases      ] GC(45)   Merge Heap Roots: 0.3ms
[2026-08-02T15:26:56.064+0900][3.411s][info ][gc,phases      ] GC(45)   Evacuate Collection Set: 11.5ms
[2026-08-02T15:26:56.064+0900][3.411s][info ][gc,phases      ] GC(45)   Post Evacuate Collection Set: 0.3ms
[2026-08-02T15:26:56.064+0900][3.411s][info ][gc,phases      ] GC(45)   Other: 0.1ms
[2026-08-02T15:26:56.064+0900][3.411s][info ][gc,heap        ] GC(45) Eden regions: 6->0(6)
[2026-08-02T15:26:56.064+0900][3.411s][info ][gc,heap        ] GC(45) Survivor regions: 1->1(1)
[2026-08-02T15:26:56.064+0900][3.411s][info ][gc,heap        ] GC(45) Old regions: 4->5
[2026-08-02T15:26:56.064+0900][3.411s][info ][gc,heap        ] GC(45) Archive regions: 0->0
[2026-08-02T15:26:56.064+0900][3.411s][info ][gc,heap        ] GC(45) Humongous regions: 0->0
[2026-08-02T15:26:56.064+0900][3.411s][info ][gc,metaspace   ] GC(45) Metaspace: 11829K(12352K)->11829K(12352K) NonClass: 10736K(11008K)->10736K(11008K) Class: 1092K(1344K)->1092K(1344K)
[2026-08-02T15:26:56.064+0900][3.412s][debug][gc,heap        ] GC(45) Heap after GC invocations=46 (full 32):
[2026-08-02T15:26:56.064+0900][3.412s][debug][gc,heap        ] GC(45)  garbage-first heap   total 1179648K, used 176695K [0x000001dd28000000, 0x0000021428000000)
[2026-08-02T15:26:56.064+0900][3.412s][debug][gc,heap        ] GC(45)   region size 32768K, 1 young (32768K), 1 survivors (32768K)
[2026-08-02T15:26:56.064+0900][3.412s][debug][gc,heap        ] GC(45)  Metaspace       used 11829K, committed 12352K, reserved 1114112K
[2026-08-02T15:26:56.064+0900][3.412s][debug][gc,heap        ] GC(45)   class space    used 1092K, committed 1344K, reserved 1048576K
[2026-08-02T15:26:56.064+0900][3.412s][info ][gc             ] GC(45) Pause Young (Normal) (G1 Evacuation Pause) 314M->172M(1152M) 12.675ms
[2026-08-02T15:26:56.064+0900][3.412s][info ][gc,cpu         ] GC(45) User=0.28s Sys=0.05s Real=0.01s
[2026-08-02T15:26:56.064+0900][3.412s][info ][safepoint      ] Safepoint "G1CollectForAllocation", Time since last: 203009700 ns, Reaching safepoint: 103900 ns, At safepoint: 12743500 ns, Total: 12847400 ns
[2026-08-02T15:26:56.247+0900][3.595s][info ][gc,start       ] GC(46) Pause Young (Normal) (G1 Evacuation Pause)
[2026-08-02T15:26:56.247+0900][3.595s][debug][gc,heap        ] GC(46) Heap before GC invocations=46 (full 32):
[2026-08-02T15:26:56.248+0900][3.595s][debug][gc,heap        ] GC(46)  garbage-first heap   total 1179648K, used 373303K [0x000001dd28000000, 0x0000021428000000)
[2026-08-02T15:26:56.248+0900][3.595s][debug][gc,heap        ] GC(46)   region size 32768K, 7 young (229376K), 1 survivors (32768K)
[2026-08-02T15:26:56.248+0900][3.595s][debug][gc,heap        ] GC(46)  Metaspace       used 11868K, committed 12352K, reserved 1114112K
[2026-08-02T15:26:56.248+0900][3.595s][debug][gc,heap        ] GC(46)   class space    used 1092K, committed 1344K, reserved 1048576K
[2026-08-02T15:26:56.248+0900][3.595s][info ][gc,task        ] GC(46) Using 18 workers of 18 for evacuation
[2026-08-02T15:26:56.260+0900][3.607s][info ][gc,phases      ] GC(46)   Pre Evacuate Collection Set: 0.1ms
[2026-08-02T15:26:56.260+0900][3.607s][info ][gc,phases      ] GC(46)   Merge Heap Roots: 0.2ms
[2026-08-02T15:26:56.260+0900][3.607s][info ][gc,phases      ] GC(46)   Evacuate Collection Set: 11.2ms
[2026-08-02T15:26:56.260+0900][3.607s][info ][gc,phases      ] GC(46)   Post Evacuate Collection Set: 0.3ms
[2026-08-02T15:26:56.260+0900][3.607s][info ][gc,phases      ] GC(46)   Other: 0.1ms
[2026-08-02T15:26:56.260+0900][3.607s][info ][gc,heap        ] GC(46) Eden regions: 6->0(6)
[2026-08-02T15:26:56.260+0900][3.607s][info ][gc,heap        ] GC(46) Survivor regions: 1->1(1)
[2026-08-02T15:26:56.260+0900][3.607s][info ][gc,heap        ] GC(46) Old regions: 5->7
[2026-08-02T15:26:56.260+0900][3.607s][info ][gc,heap        ] GC(46) Archive regions: 0->0
[2026-08-02T15:26:56.260+0900][3.607s][info ][gc,heap        ] GC(46) Humongous regions: 0->0
[2026-08-02T15:26:56.260+0900][3.607s][info ][gc,metaspace   ] GC(46) Metaspace: 11868K(12352K)->11868K(12352K) NonClass: 10776K(11008K)->10776K(11008K) Class: 1092K(1344K)->1092K(1344K)
[2026-08-02T15:26:56.260+0900][3.607s][debug][gc,heap        ] GC(46) Heap after GC invocations=47 (full 32):
[2026-08-02T15:26:56.260+0900][3.607s][debug][gc,heap        ] GC(46)  garbage-first heap   total 1179648K, used 227602K [0x000001dd28000000, 0x0000021428000000)
[2026-08-02T15:26:56.260+0900][3.607s][debug][gc,heap        ] GC(46)   region size 32768K, 1 young (32768K), 1 survivors (32768K)
[2026-08-02T15:26:56.260+0900][3.607s][debug][gc,heap        ] GC(46)  Metaspace       used 11868K, committed 12352K, reserved 1114112K
[2026-08-02T15:26:56.260+0900][3.607s][debug][gc,heap        ] GC(46)   class space    used 1092K, committed 1344K, reserved 1048576K
[2026-08-02T15:26:56.260+0900][3.607s][info ][gc             ] GC(46) Pause Young (Normal) (G1 Evacuation Pause) 364M->222M(1152M) 12.229ms
[2026-08-02T15:26:56.260+0900][3.607s][info ][gc,cpu         ] GC(46) User=0.00s Sys=0.00s Real=0.01s
[2026-08-02T15:26:56.260+0900][3.607s][info ][safepoint      ] Safepoint "G1CollectForAllocation", Time since last: 183136300 ns, Reaching safepoint: 110900 ns, At safepoint: 12286300 ns, Total: 12397200 ns
[2026-08-02T15:26:56.387+0900][3.734s][info ][gc,start       ] GC(47) Pause Young (Normal) (G1 Evacuation Pause)
[2026-08-02T15:26:56.387+0900][3.734s][debug][gc,heap        ] GC(47) Heap before GC invocations=47 (full 32):
[2026-08-02T15:26:56.387+0900][3.734s][debug][gc,heap        ] GC(47)  garbage-first heap   total 1179648K, used 424210K [0x000001dd28000000, 0x0000021428000000)
[2026-08-02T15:26:56.387+0900][3.734s][debug][gc,heap        ] GC(47)   region size 32768K, 7 young (229376K), 1 survivors (32768K)
[2026-08-02T15:26:56.387+0900][3.734s][debug][gc,heap        ] GC(47)  Metaspace       used 11875K, committed 12352K, reserved 1114112K
[2026-08-02T15:26:56.387+0900][3.734s][debug][gc,heap        ] GC(47)   class space    used 1092K, committed 1344K, reserved 1048576K
[2026-08-02T15:26:56.387+0900][3.734s][info ][gc,task        ] GC(47) Using 18 workers of 18 for evacuation
[2026-08-02T15:26:56.400+0900][3.747s][info ][gc,phases      ] GC(47)   Pre Evacuate Collection Set: 0.1ms
[2026-08-02T15:26:56.400+0900][3.747s][info ][gc,phases      ] GC(47)   Merge Heap Roots: 0.2ms
[2026-08-02T15:26:56.400+0900][3.747s][info ][gc,phases      ] GC(47)   Evacuate Collection Set: 9.4ms
[2026-08-02T15:26:56.400+0900][3.747s][info ][gc,phases      ] GC(47)   Post Evacuate Collection Set: 2.8ms
[2026-08-02T15:26:56.400+0900][3.747s][info ][gc,phases      ] GC(47)   Other: 0.1ms
[2026-08-02T15:26:56.400+0900][3.747s][info ][gc,heap        ] GC(47) Eden regions: 6->0(13)
[2026-08-02T15:26:56.400+0900][3.747s][info ][gc,heap        ] GC(47) Survivor regions: 1->1(1)
[2026-08-02T15:26:56.400+0900][3.747s][info ][gc,heap        ] GC(47) Old regions: 7->8
[2026-08-02T15:26:56.400+0900][3.747s][info ][gc,heap        ] GC(47) Archive regions: 0->0
[2026-08-02T15:26:56.400+0900][3.747s][info ][gc,heap        ] GC(47) Humongous regions: 0->0
[2026-08-02T15:26:56.400+0900][3.747s][info ][gc,metaspace   ] GC(47) Metaspace: 11875K(12352K)->11875K(12352K) NonClass: 10782K(11008K)->10782K(11008K) Class: 1092K(1344K)->1092K(1344K)
[2026-08-02T15:26:56.400+0900][3.747s][debug][gc,heap        ] GC(47) Heap after GC invocations=48 (full 32):
[2026-08-02T15:26:56.400+0900][3.747s][debug][gc,heap        ] GC(47)  garbage-first heap   total 2359296K, used 257820K [0x000001dd28000000, 0x0000021428000000)
[2026-08-02T15:26:56.400+0900][3.747s][debug][gc,heap        ] GC(47)   region size 32768K, 1 young (32768K), 1 survivors (32768K)
[2026-08-02T15:26:56.400+0900][3.747s][debug][gc,heap        ] GC(47)  Metaspace       used 11875K, committed 12352K, reserved 1114112K
[2026-08-02T15:26:56.400+0900][3.747s][debug][gc,heap        ] GC(47)   class space    used 1092K, committed 1344K, reserved 1048576K
[2026-08-02T15:26:56.400+0900][3.747s][info ][gc             ] GC(47) Pause Young (Normal) (G1 Evacuation Pause) 414M->251M(2304M) 13.031ms
[2026-08-02T15:26:56.400+0900][3.747s][info ][gc,cpu         ] GC(47) User=0.03s Sys=0.00s Real=0.01s
[2026-08-02T15:26:56.400+0900][3.747s][info ][safepoint      ] Safepoint "G1CollectForAllocation", Time since last: 126866300 ns, Reaching safepoint: 117300 ns, At safepoint: 13107000 ns, Total: 13224300 ns
[2026-08-02T15:26:56.689+0900][4.037s][info ][gc,start       ] GC(48) Pause Young (Normal) (G1 Evacuation Pause)
[2026-08-02T15:26:56.689+0900][4.037s][debug][gc,heap        ] GC(48) Heap before GC invocations=48 (full 32):
[2026-08-02T15:26:56.689+0900][4.037s][debug][gc,heap        ] GC(48)  garbage-first heap   total 2359296K, used 683804K [0x000001dd28000000, 0x0000021428000000)
[2026-08-02T15:26:56.689+0900][4.037s][debug][gc,heap        ] GC(48)   region size 32768K, 14 young (458752K), 1 survivors (32768K)
[2026-08-02T15:26:56.689+0900][4.037s][debug][gc,heap        ] GC(48)  Metaspace       used 11875K, committed 12352K, reserved 1114112K
[2026-08-02T15:26:56.689+0900][4.037s][debug][gc,heap        ] GC(48)   class space    used 1092K, committed 1344K, reserved 1048576K
[2026-08-02T15:26:56.689+0900][4.037s][info ][gc,task        ] GC(48) Using 18 workers of 18 for evacuation
[2026-08-02T15:26:56.716+0900][4.063s][info ][gc,phases      ] GC(48)   Pre Evacuate Collection Set: 0.1ms
[2026-08-02T15:26:56.717+0900][4.063s][info ][gc,phases      ] GC(48)   Merge Heap Roots: 0.3ms
[2026-08-02T15:26:56.717+0900][4.063s][info ][gc,phases      ] GC(48)   Evacuate Collection Set: 25.1ms
[2026-08-02T15:26:56.717+0900][4.063s][info ][gc,phases      ] GC(48)   Post Evacuate Collection Set: 0.4ms
[2026-08-02T15:26:56.717+0900][4.063s][info ][gc,phases      ] GC(48)   Other: 0.1ms
[2026-08-02T15:26:56.717+0900][4.064s][info ][gc,heap        ] GC(48) Eden regions: 13->0(12)
[2026-08-02T15:26:56.717+0900][4.064s][info ][gc,heap        ] GC(48) Survivor regions: 1->2(2)
[2026-08-02T15:26:56.717+0900][4.064s][info ][gc,heap        ] GC(48) Old regions: 8->10
[2026-08-02T15:26:56.717+0900][4.064s][info ][gc,heap        ] GC(48) Archive regions: 0->0
[2026-08-02T15:26:56.717+0900][4.064s][info ][gc,heap        ] GC(48) Humongous regions: 0->0
[2026-08-02T15:26:56.717+0900][4.064s][info ][gc,metaspace   ] GC(48) Metaspace: 11875K(12352K)->11875K(12352K) NonClass: 10782K(11008K)->10782K(11008K) Class: 1092K(1344K)->1092K(1344K)
[2026-08-02T15:26:56.717+0900][4.064s][debug][gc,heap        ] GC(48) Heap after GC invocations=49 (full 32):
[2026-08-02T15:26:56.717+0900][4.064s][debug][gc,heap        ] GC(48)  garbage-first heap   total 2359296K, used 366229K [0x000001dd28000000, 0x0000021428000000)
[2026-08-02T15:26:56.717+0900][4.064s][debug][gc,heap        ] GC(48)   region size 32768K, 2 young (65536K), 2 survivors (65536K)
[2026-08-02T15:26:56.717+0900][4.064s][debug][gc,heap        ] GC(48)  Metaspace       used 11875K, committed 12352K, reserved 1114112K
[2026-08-02T15:26:56.717+0900][4.064s][debug][gc,heap        ] GC(48)   class space    used 1092K, committed 1344K, reserved 1048576K
[2026-08-02T15:26:56.717+0900][4.064s][info ][gc             ] GC(48) Pause Young (Normal) (G1 Evacuation Pause) 667M->357M(2304M) 26.313ms
[2026-08-02T15:26:56.717+0900][4.064s][info ][gc,cpu         ] GC(48) User=0.47s Sys=0.09s Real=0.03s
[2026-08-02T15:26:56.717+0900][4.064s][info ][safepoint      ] Safepoint "G1CollectForAllocation", Time since last: 289940700 ns, Reaching safepoint: 105500 ns, At safepoint: 26371000 ns, Total: 26476500 ns
[2026-08-02T15:26:56.899+0900][4.246s][info ][gc,start       ] GC(49) Pause Young (Normal) (G1 Evacuation Pause)
[2026-08-02T15:26:56.899+0900][4.246s][debug][gc,heap        ] GC(49) Heap before GC invocations=49 (full 32):
[2026-08-02T15:26:56.899+0900][4.246s][debug][gc,heap        ] GC(49)  garbage-first heap   total 2359296K, used 759445K [0x000001dd28000000, 0x0000021428000000)
[2026-08-02T15:26:56.899+0900][4.246s][debug][gc,heap        ] GC(49)   region size 32768K, 14 young (458752K), 2 survivors (65536K)
[2026-08-02T15:26:56.899+0900][4.246s][debug][gc,heap        ] GC(49)  Metaspace       used 11875K, committed 12352K, reserved 1114112K
[2026-08-02T15:26:56.899+0900][4.246s][debug][gc,heap        ] GC(49)   class space    used 1092K, committed 1344K, reserved 1048576K
[2026-08-02T15:26:56.899+0900][4.246s][info ][gc,task        ] GC(49) Using 18 workers of 18 for evacuation
[2026-08-02T15:26:56.927+0900][4.275s][info ][gc,phases      ] GC(49)   Pre Evacuate Collection Set: 0.1ms
[2026-08-02T15:26:56.927+0900][4.275s][info ][gc,phases      ] GC(49)   Merge Heap Roots: 0.8ms
[2026-08-02T15:26:56.927+0900][4.275s][info ][gc,phases      ] GC(49)   Evacuate Collection Set: 27.3ms
[2026-08-02T15:26:56.927+0900][4.275s][info ][gc,phases      ] GC(49)   Post Evacuate Collection Set: 0.3ms
[2026-08-02T15:26:56.927+0900][4.275s][info ][gc,phases      ] GC(49)   Other: 0.1ms
[2026-08-02T15:26:56.927+0900][4.275s][info ][gc,heap        ] GC(49) Eden regions: 12->0(12)
[2026-08-02T15:26:56.927+0900][4.275s][info ][gc,heap        ] GC(49) Survivor regions: 2->2(2)
[2026-08-02T15:26:56.927+0900][4.275s][info ][gc,heap        ] GC(49) Old regions: 10->13
[2026-08-02T15:26:56.927+0900][4.275s][info ][gc,heap        ] GC(49) Archive regions: 0->0
[2026-08-02T15:26:56.927+0900][4.275s][info ][gc,heap        ] GC(49) Humongous regions: 0->0
[2026-08-02T15:26:56.927+0900][4.275s][info ][gc,metaspace   ] GC(49) Metaspace: 11875K(12352K)->11875K(12352K) NonClass: 10782K(11008K)->10782K(11008K) Class: 1092K(1344K)->1092K(1344K)
[2026-08-02T15:26:56.927+0900][4.275s][debug][gc,heap        ] GC(49) Heap after GC invocations=50 (full 32):
[2026-08-02T15:26:56.927+0900][4.275s][debug][gc,heap        ] GC(49)  garbage-first heap   total 2359296K, used 468775K [0x000001dd28000000, 0x0000021428000000)
[2026-08-02T15:26:56.927+0900][4.275s][debug][gc,heap        ] GC(49)   region size 32768K, 2 young (65536K), 2 survivors (65536K)
[2026-08-02T15:26:56.927+0900][4.275s][debug][gc,heap        ] GC(49)  Metaspace       used 11875K, committed 12352K, reserved 1114112K
[2026-08-02T15:26:56.927+0900][4.275s][debug][gc,heap        ] GC(49)   class space    used 1092K, committed 1344K, reserved 1048576K
[2026-08-02T15:26:56.927+0900][4.275s][info ][gc             ] GC(49) Pause Young (Normal) (G1 Evacuation Pause) 741M->457M(2304M) 28.929ms
[2026-08-02T15:26:56.927+0900][4.275s][info ][gc,cpu         ] GC(49) User=0.52s Sys=0.05s Real=0.03s
[2026-08-02T15:26:56.927+0900][4.275s][info ][safepoint      ] Safepoint "G1CollectForAllocation", Time since last: 182444800 ns, Reaching safepoint: 103000 ns, At safepoint: 28993000 ns, Total: 29096000 ns
[2026-08-02T15:26:57.103+0900][4.450s][info ][gc,start       ] GC(50) Pause Young (Normal) (G1 Evacuation Pause)
[2026-08-02T15:26:57.103+0900][4.450s][debug][gc,heap        ] GC(50) Heap before GC invocations=50 (full 32):
[2026-08-02T15:26:57.103+0900][4.450s][debug][gc,heap        ] GC(50)  garbage-first heap   total 2359296K, used 861991K [0x000001dd28000000, 0x0000021428000000)
[2026-08-02T15:26:57.103+0900][4.450s][debug][gc,heap        ] GC(50)   region size 32768K, 14 young (458752K), 2 survivors (65536K)
[2026-08-02T15:26:57.103+0900][4.450s][debug][gc,heap        ] GC(50)  Metaspace       used 11875K, committed 12352K, reserved 1114112K
[2026-08-02T15:26:57.103+0900][4.450s][debug][gc,heap        ] GC(50)   class space    used 1092K, committed 1344K, reserved 1048576K
[2026-08-02T15:26:57.103+0900][4.450s][info ][gc,task        ] GC(50) Using 18 workers of 18 for evacuation
[2026-08-02T15:26:57.127+0900][4.475s][info ][gc,phases      ] GC(50)   Pre Evacuate Collection Set: 0.1ms
[2026-08-02T15:26:57.127+0900][4.475s][info ][gc,phases      ] GC(50)   Merge Heap Roots: 0.5ms
[2026-08-02T15:26:57.128+0900][4.475s][info ][gc,phases      ] GC(50)   Evacuate Collection Set: 23.9ms
[2026-08-02T15:26:57.128+0900][4.475s][info ][gc,phases      ] GC(50)   Post Evacuate Collection Set: 0.3ms
[2026-08-02T15:26:57.128+0900][4.475s][info ][gc,phases      ] GC(50)   Other: 0.1ms
[2026-08-02T15:26:57.128+0900][4.475s][info ][gc,heap        ] GC(50) Eden regions: 12->0(12)
[2026-08-02T15:26:57.128+0900][4.475s][info ][gc,heap        ] GC(50) Survivor regions: 2->2(2)
[2026-08-02T15:26:57.128+0900][4.475s][info ][gc,heap        ] GC(50) Old regions: 13->16
[2026-08-02T15:26:57.128+0900][4.475s][info ][gc,heap        ] GC(50) Archive regions: 0->0
[2026-08-02T15:26:57.128+0900][4.475s][info ][gc,heap        ] GC(50) Humongous regions: 0->0
[2026-08-02T15:26:57.128+0900][4.475s][info ][gc,metaspace   ] GC(50) Metaspace: 11875K(12352K)->11875K(12352K) NonClass: 10782K(11008K)->10782K(11008K) Class: 1092K(1344K)->1092K(1344K)
[2026-08-02T15:26:57.128+0900][4.475s][debug][gc,heap        ] GC(50) Heap after GC invocations=51 (full 32):
[2026-08-02T15:26:57.128+0900][4.475s][debug][gc,heap        ] GC(50)  garbage-first heap   total 2359296K, used 569050K [0x000001dd28000000, 0x0000021428000000)
[2026-08-02T15:26:57.128+0900][4.475s][debug][gc,heap        ] GC(50)   region size 32768K, 2 young (65536K), 2 survivors (65536K)
[2026-08-02T15:26:57.128+0900][4.475s][debug][gc,heap        ] GC(50)  Metaspace       used 11875K, committed 12352K, reserved 1114112K
[2026-08-02T15:26:57.128+0900][4.475s][debug][gc,heap        ] GC(50)   class space    used 1092K, committed 1344K, reserved 1048576K
[2026-08-02T15:26:57.128+0900][4.475s][info ][gc             ] GC(50) Pause Young (Normal) (G1 Evacuation Pause) 841M->555M(2304M) 25.288ms
[2026-08-02T15:26:57.128+0900][4.475s][info ][gc,cpu         ] GC(50) User=0.45s Sys=0.11s Real=0.03s
[2026-08-02T15:26:57.128+0900][4.476s][info ][safepoint      ] Safepoint "G1CollectForAllocation", Time since last: 174863900 ns, Reaching safepoint: 94200 ns, At safepoint: 25345500 ns, Total: 25439700 ns
[2026-08-02T15:26:57.316+0900][4.663s][info ][gc,start       ] GC(51) Pause Young (Normal) (G1 Evacuation Pause)
[2026-08-02T15:26:57.316+0900][4.663s][debug][gc,heap        ] GC(51) Heap before GC invocations=51 (full 32):
[2026-08-02T15:26:57.316+0900][4.663s][debug][gc,heap        ] GC(51)  garbage-first heap   total 2359296K, used 962266K [0x000001dd28000000, 0x0000021428000000)
[2026-08-02T15:26:57.316+0900][4.663s][debug][gc,heap        ] GC(51)   region size 32768K, 14 young (458752K), 2 survivors (65536K)
[2026-08-02T15:26:57.316+0900][4.663s][debug][gc,heap        ] GC(51)  Metaspace       used 11880K, committed 12416K, reserved 1114112K
[2026-08-02T15:26:57.316+0900][4.663s][debug][gc,heap        ] GC(51)   class space    used 1092K, committed 1344K, reserved 1048576K
[2026-08-02T15:26:57.316+0900][4.663s][info ][gc,task        ] GC(51) Using 18 workers of 18 for evacuation
[2026-08-02T15:26:57.344+0900][4.691s][info ][gc,phases      ] GC(51)   Pre Evacuate Collection Set: 0.1ms
[2026-08-02T15:26:57.344+0900][4.691s][info ][gc,phases      ] GC(51)   Merge Heap Roots: 0.4ms
[2026-08-02T15:26:57.344+0900][4.691s][info ][gc,phases      ] GC(51)   Evacuate Collection Set: 22.6ms
[2026-08-02T15:26:57.344+0900][4.691s][info ][gc,phases      ] GC(51)   Post Evacuate Collection Set: 4.7ms
[2026-08-02T15:26:57.344+0900][4.691s][info ][gc,phases      ] GC(51)   Other: 0.1ms
[2026-08-02T15:26:57.344+0900][4.691s][info ][gc,heap        ] GC(51) Eden regions: 12->0(26)
[2026-08-02T15:26:57.344+0900][4.691s][info ][gc,heap        ] GC(51) Survivor regions: 2->2(2)
[2026-08-02T15:26:57.344+0900][4.692s][info ][gc,heap        ] GC(51) Old regions: 16->19
[2026-08-02T15:26:57.344+0900][4.692s][info ][gc,heap        ] GC(51) Archive regions: 0->0
[2026-08-02T15:26:57.344+0900][4.692s][info ][gc,heap        ] GC(51) Humongous regions: 0->0
[2026-08-02T15:26:57.344+0900][4.692s][info ][gc,metaspace   ] GC(51) Metaspace: 11880K(12416K)->11880K(12416K) NonClass: 10787K(11072K)->10787K(11072K) Class: 1092K(1344K)->1092K(1344K)
[2026-08-02T15:26:57.344+0900][4.692s][debug][gc,heap        ] GC(51) Heap after GC invocations=52 (full 32):
[2026-08-02T15:26:57.344+0900][4.692s][debug][gc,heap        ] GC(51)  garbage-first heap   total 4718592K, used 670927K [0x000001dd28000000, 0x0000021428000000)
[2026-08-02T15:26:57.344+0900][4.692s][debug][gc,heap        ] GC(51)   region size 32768K, 2 young (65536K), 2 survivors (65536K)
[2026-08-02T15:26:57.344+0900][4.692s][debug][gc,heap        ] GC(51)  Metaspace       used 11880K, committed 12416K, reserved 1114112K
[2026-08-02T15:26:57.344+0900][4.692s][debug][gc,heap        ] GC(51)   class space    used 1092K, committed 1344K, reserved 1048576K
[2026-08-02T15:26:57.344+0900][4.692s][info ][gc             ] GC(51) Pause Young (Normal) (G1 Evacuation Pause) 939M->655M(4608M) 28.297ms
[2026-08-02T15:26:57.344+0900][4.692s][info ][gc,cpu         ] GC(51) User=0.20s Sys=0.09s Real=0.03s
[2026-08-02T15:26:57.344+0900][4.692s][info ][safepoint      ] Safepoint "G1CollectForAllocation", Time since last: 187695700 ns, Reaching safepoint: 98600 ns, At safepoint: 28358500 ns, Total: 28457100 ns
[2026-08-02T15:26:58.046+0900][5.393s][info ][gc,start       ] GC(52) Pause Young (Normal) (G1 Evacuation Pause)
[2026-08-02T15:26:58.046+0900][5.393s][debug][gc,heap        ] GC(52) Heap before GC invocations=52 (full 32):
[2026-08-02T15:26:58.046+0900][5.393s][debug][gc,heap        ] GC(52)  garbage-first heap   total 4718592K, used 1522895K [0x000001dd28000000, 0x0000021428000000)
[2026-08-02T15:26:58.046+0900][5.393s][debug][gc,heap        ] GC(52)   region size 32768K, 28 young (917504K), 2 survivors (65536K)
[2026-08-02T15:26:58.046+0900][5.393s][debug][gc,heap        ] GC(52)  Metaspace       used 11889K, committed 12416K, reserved 1114112K
[2026-08-02T15:26:58.046+0900][5.393s][debug][gc,heap        ] GC(52)   class space    used 1092K, committed 1344K, reserved 1048576K
[2026-08-02T15:26:58.046+0900][5.393s][info ][gc,task        ] GC(52) Using 18 workers of 18 for evacuation
[2026-08-02T15:26:58.122+0900][5.469s][info ][gc,phases      ] GC(52)   Pre Evacuate Collection Set: 0.1ms
[2026-08-02T15:26:58.122+0900][5.469s][info ][gc,phases      ] GC(52)   Merge Heap Roots: 0.3ms
[2026-08-02T15:26:58.122+0900][5.469s][info ][gc,phases      ] GC(52)   Evacuate Collection Set: 74.7ms
[2026-08-02T15:26:58.122+0900][5.469s][info ][gc,phases      ] GC(52)   Post Evacuate Collection Set: 0.8ms
[2026-08-02T15:26:58.122+0900][5.469s][info ][gc,phases      ] GC(52)   Other: 0.1ms
[2026-08-02T15:26:58.122+0900][5.469s][info ][gc,heap        ] GC(52) Eden regions: 26->0(24)
[2026-08-02T15:26:58.122+0900][5.469s][info ][gc,heap        ] GC(52) Survivor regions: 2->4(4)
[2026-08-02T15:26:58.122+0900][5.469s][info ][gc,heap        ] GC(52) Old regions: 19->28
[2026-08-02T15:26:58.122+0900][5.469s][info ][gc,heap        ] GC(52) Archive regions: 0->0
[2026-08-02T15:26:58.122+0900][5.469s][info ][gc,heap        ] GC(52) Humongous regions: 0->0
[2026-08-02T15:26:58.122+0900][5.469s][info ][gc,metaspace   ] GC(52) Metaspace: 11889K(12416K)->11889K(12416K) NonClass: 10796K(11072K)->10796K(11072K) Class: 1092K(1344K)->1092K(1344K)
[2026-08-02T15:26:58.122+0900][5.469s][debug][gc,heap        ] GC(52) Heap after GC invocations=53 (full 32):
[2026-08-02T15:26:58.122+0900][5.469s][debug][gc,heap        ] GC(52)  garbage-first heap   total 4718592K, used 1010855K [0x000001dd28000000, 0x0000021428000000)
[2026-08-02T15:26:58.122+0900][5.469s][debug][gc,heap        ] GC(52)   region size 32768K, 4 young (131072K), 4 survivors (131072K)
[2026-08-02T15:26:58.122+0900][5.469s][debug][gc,heap        ] GC(52)  Metaspace       used 11889K, committed 12416K, reserved 1114112K
[2026-08-02T15:26:58.122+0900][5.469s][debug][gc,heap        ] GC(52)   class space    used 1092K, committed 1344K, reserved 1048576K
[2026-08-02T15:26:58.122+0900][5.469s][info ][gc             ] GC(52) Pause Young (Normal) (G1 Evacuation Pause) 1487M->987M(4608M) 76.409ms
[2026-08-02T15:26:58.122+0900][5.469s][info ][gc,cpu         ] GC(52) User=1.03s Sys=0.39s Real=0.08s
[2026-08-02T15:26:58.122+0900][5.469s][info ][safepoint      ] Safepoint "G1CollectForAllocation", Time since last: 701252500 ns, Reaching safepoint: 102500 ns, At safepoint: 76468000 ns, Total: 76570500 ns
[2026-08-02T15:26:58.489+0900][5.836s][info ][gc,start       ] GC(53) Pause Young (Normal) (G1 Evacuation Pause)
[2026-08-02T15:26:58.489+0900][5.837s][debug][gc,heap        ] GC(53) Heap before GC invocations=53 (full 32):
[2026-08-02T15:26:58.489+0900][5.837s][debug][gc,heap        ] GC(53)  garbage-first heap   total 4718592K, used 1535143K [0x000001dd28000000, 0x0000021428000000)
[2026-08-02T15:26:58.489+0900][5.837s][debug][gc,heap        ] GC(53)   region size 32768K, 20 young (655360K), 4 survivors (131072K)
[2026-08-02T15:26:58.489+0900][5.837s][debug][gc,heap        ] GC(53)  Metaspace       used 11889K, committed 12416K, reserved 1114112K
[2026-08-02T15:26:58.489+0900][5.837s][debug][gc,heap        ] GC(53)   class space    used 1092K, committed 1344K, reserved 1048576K
[2026-08-02T15:26:58.489+0900][5.837s][info ][gc,task        ] GC(53) Using 18 workers of 18 for evacuation
[2026-08-02T15:26:58.550+0900][5.898s][info ][gc,phases      ] GC(53)   Pre Evacuate Collection Set: 0.1ms
[2026-08-02T15:26:58.550+0900][5.898s][info ][gc,phases      ] GC(53)   Merge Heap Roots: 2.0ms
[2026-08-02T15:26:58.550+0900][5.898s][info ][gc,phases      ] GC(53)   Evacuate Collection Set: 58.4ms
[2026-08-02T15:26:58.550+0900][5.898s][info ][gc,phases      ] GC(53)   Post Evacuate Collection Set: 0.6ms
[2026-08-02T15:26:58.550+0900][5.898s][info ][gc,phases      ] GC(53)   Other: 0.1ms
[2026-08-02T15:26:58.550+0900][5.898s][info ][gc,heap        ] GC(53) Eden regions: 16->0(25)
[2026-08-02T15:26:58.550+0900][5.898s][info ][gc,heap        ] GC(53) Survivor regions: 4->3(3)
[2026-08-02T15:26:58.550+0900][5.898s][info ][gc,heap        ] GC(53) Old regions: 28->36
[2026-08-02T15:26:58.550+0900][5.898s][info ][gc,heap        ] GC(53) Archive regions: 0->0
[2026-08-02T15:26:58.550+0900][5.898s][info ][gc,heap        ] GC(53) Humongous regions: 0->0
[2026-08-02T15:26:58.550+0900][5.898s][info ][gc,metaspace   ] GC(53) Metaspace: 11889K(12416K)->11889K(12416K) NonClass: 10796K(11072K)->10796K(11072K) Class: 1092K(1344K)->1092K(1344K)
[2026-08-02T15:26:58.550+0900][5.898s][debug][gc,heap        ] GC(53) Heap after GC invocations=54 (full 32):
[2026-08-02T15:26:58.550+0900][5.898s][debug][gc,heap        ] GC(53)  garbage-first heap   total 4718592K, used 1253075K [0x000001dd28000000, 0x0000021428000000)
[2026-08-02T15:26:58.550+0900][5.898s][debug][gc,heap        ] GC(53)   region size 32768K, 3 young (98304K), 3 survivors (98304K)
[2026-08-02T15:26:58.550+0900][5.898s][debug][gc,heap        ] GC(53)  Metaspace       used 11889K, committed 12416K, reserved 1114112K
[2026-08-02T15:26:58.550+0900][5.898s][debug][gc,heap        ] GC(53)   class space    used 1092K, committed 1344K, reserved 1048576K
[2026-08-02T15:26:58.551+0900][5.898s][info ][gc             ] GC(53) Pause Young (Normal) (G1 Evacuation Pause) 1499M->1223M(4608M) 61.594ms
[2026-08-02T15:26:58.551+0900][5.898s][info ][gc,cpu         ] GC(53) User=1.12s Sys=0.00s Real=0.06s
[2026-08-02T15:26:58.551+0900][5.898s][info ][safepoint      ] Safepoint "G1CollectForAllocation", Time since last: 366817500 ns, Reaching safepoint: 102000 ns, At safepoint: 61656900 ns, Total: 61758900 ns
[2026-08-02T15:26:59.515+0900][6.863s][info ][gc,start       ] GC(54) Pause Young (Normal) (G1 Evacuation Pause)
[2026-08-02T15:26:59.515+0900][6.863s][debug][gc,heap        ] GC(54) Heap before GC invocations=54 (full 32):
[2026-08-02T15:26:59.515+0900][6.863s][debug][gc,heap        ] GC(54)  garbage-first heap   total 4718592K, used 1973971K [0x000001dd28000000, 0x0000021428000000)
[2026-08-02T15:26:59.515+0900][6.863s][debug][gc,heap        ] GC(54)   region size 32768K, 25 young (819200K), 3 survivors (98304K)
[2026-08-02T15:26:59.515+0900][6.863s][debug][gc,heap        ] GC(54)  Metaspace       used 11889K, committed 12416K, reserved 1114112K
[2026-08-02T15:26:59.515+0900][6.863s][debug][gc,heap        ] GC(54)   class space    used 1092K, committed 1344K, reserved 1048576K
[2026-08-02T15:26:59.515+0900][6.863s][info ][gc,task        ] GC(54) Using 18 workers of 18 for evacuation
[2026-08-02T15:26:59.586+0900][6.933s][info ][gc,phases      ] GC(54)   Pre Evacuate Collection Set: 0.1ms
[2026-08-02T15:26:59.586+0900][6.933s][info ][gc,phases      ] GC(54)   Merge Heap Roots: 1.4ms
[2026-08-02T15:26:59.586+0900][6.933s][info ][gc,phases      ] GC(54)   Evacuate Collection Set: 68.4ms
[2026-08-02T15:26:59.586+0900][6.933s][info ][gc,phases      ] GC(54)   Post Evacuate Collection Set: 0.6ms
[2026-08-02T15:26:59.586+0900][6.933s][info ][gc,phases      ] GC(54)   Other: 0.1ms
[2026-08-02T15:26:59.586+0900][6.933s][info ][gc,heap        ] GC(54) Eden regions: 22->0(24)
[2026-08-02T15:26:59.586+0900][6.933s][info ][gc,heap        ] GC(54) Survivor regions: 3->4(4)
[2026-08-02T15:26:59.586+0900][6.933s][info ][gc,heap        ] GC(54) Old regions: 36->45
[2026-08-02T15:26:59.586+0900][6.933s][info ][gc,heap        ] GC(54) Archive regions: 0->0
[2026-08-02T15:26:59.586+0900][6.933s][info ][gc,heap        ] GC(54) Humongous regions: 0->0
[2026-08-02T15:26:59.586+0900][6.933s][info ][gc,metaspace   ] GC(54) Metaspace: 11889K(12416K)->11889K(12416K) NonClass: 10796K(11072K)->10796K(11072K) Class: 1092K(1344K)->1092K(1344K)
[2026-08-02T15:26:59.586+0900][6.933s][debug][gc,heap        ] GC(54) Heap after GC invocations=55 (full 32):
[2026-08-02T15:26:59.586+0900][6.933s][debug][gc,heap        ] GC(54)  garbage-first heap   total 4718592K, used 1580303K [0x000001dd28000000, 0x0000021428000000)
[2026-08-02T15:26:59.586+0900][6.933s][debug][gc,heap        ] GC(54)   region size 32768K, 4 young (131072K), 4 survivors (131072K)
[2026-08-02T15:26:59.586+0900][6.934s][debug][gc,heap        ] GC(54)  Metaspace       used 11889K, committed 12416K, reserved 1114112K
[2026-08-02T15:26:59.586+0900][6.934s][debug][gc,heap        ] GC(54)   class space    used 1092K, committed 1344K, reserved 1048576K
[2026-08-02T15:26:59.586+0900][6.934s][info ][gc             ] GC(54) Pause Young (Normal) (G1 Evacuation Pause) 1927M->1543M(4608M) 70.927ms
[2026-08-02T15:26:59.586+0900][6.934s][info ][gc,cpu         ] GC(54) User=0.98s Sys=0.14s Real=0.07s
[2026-08-02T15:26:59.586+0900][6.934s][info ][safepoint      ] Safepoint "G1CollectForAllocation", Time since last: 964476800 ns, Reaching safepoint: 61100 ns, At safepoint: 70986400 ns, Total: 71047500 ns
[2026-08-02T15:27:01.602+0900][8.949s][info ][safepoint      ] Safepoint "Cleanup", Time since last: 2015424500 ns, Reaching safepoint: 90700 ns, At safepoint: 10200 ns, Total: 100900 ns
[2026-08-02T15:27:03.631+0900][10.978s][info ][safepoint      ] Safepoint "Cleanup", Time since last: 2028685300 ns, Reaching safepoint: 68000 ns, At safepoint: 20600 ns, Total: 88600 ns
[2026-08-02T15:27:05.157+0900][12.504s][info ][gc,start       ] GC(55) Pause Young (Normal) (G1 Evacuation Pause)
[2026-08-02T15:27:05.157+0900][12.504s][debug][gc,heap        ] GC(55) Heap before GC invocations=55 (full 32):
[2026-08-02T15:27:05.157+0900][12.504s][debug][gc,heap        ] GC(55)  garbage-first heap   total 4718592K, used 2366735K [0x000001dd28000000, 0x0000021428000000)
[2026-08-02T15:27:05.157+0900][12.504s][debug][gc,heap        ] GC(55)   region size 32768K, 28 young (917504K), 4 survivors (131072K)
[2026-08-02T15:27:05.157+0900][12.504s][debug][gc,heap        ] GC(55)  Metaspace       used 11899K, committed 12416K, reserved 1114112K
[2026-08-02T15:27:05.157+0900][12.504s][debug][gc,heap        ] GC(55)   class space    used 1092K, committed 1344K, reserved 1048576K
[2026-08-02T15:27:05.157+0900][12.504s][info ][gc,task        ] GC(55) Using 18 workers of 18 for evacuation
[2026-08-02T15:27:05.256+0900][12.604s][info ][gc,phases      ] GC(55)   Pre Evacuate Collection Set: 0.1ms
[2026-08-02T15:27:05.256+0900][12.604s][info ][gc,phases      ] GC(55)   Merge Heap Roots: 1.2ms
[2026-08-02T15:27:05.256+0900][12.604s][info ][gc,phases      ] GC(55)   Evacuate Collection Set: 88.7ms
[2026-08-02T15:27:05.256+0900][12.604s][info ][gc,phases      ] GC(55)   Post Evacuate Collection Set: 9.5ms
[2026-08-02T15:27:05.256+0900][12.604s][info ][gc,phases      ] GC(55)   Other: 0.1ms
[2026-08-02T15:27:05.256+0900][12.604s][info ][gc,heap        ] GC(55) Eden regions: 24->0(33)
[2026-08-02T15:27:05.256+0900][12.604s][info ][gc,heap        ] GC(55) Survivor regions: 4->4(4)
[2026-08-02T15:27:05.256+0900][12.604s][info ][gc,heap        ] GC(55) Old regions: 45->58
[2026-08-02T15:27:05.256+0900][12.604s][info ][gc,heap        ] GC(55) Archive regions: 0->0
[2026-08-02T15:27:05.256+0900][12.604s][info ][gc,heap        ] GC(55) Humongous regions: 0->0
[2026-08-02T15:27:05.256+0900][12.604s][info ][gc,metaspace   ] GC(55) Metaspace: 11899K(12416K)->11899K(12416K) NonClass: 10806K(11072K)->10806K(11072K) Class: 1092K(1344K)->1092K(1344K)
[2026-08-02T15:27:05.256+0900][12.604s][debug][gc,heap        ] GC(55) Heap after GC invocations=56 (full 32):
[2026-08-02T15:27:05.256+0900][12.604s][debug][gc,heap        ] GC(55)  garbage-first heap   total 9437184K, used 1987541K [0x000001dd28000000, 0x0000021428000000)
[2026-08-02T15:27:05.256+0900][12.604s][debug][gc,heap        ] GC(55)   region size 32768K, 4 young (131072K), 4 survivors (131072K)
[2026-08-02T15:27:05.256+0900][12.604s][debug][gc,heap        ] GC(55)  Metaspace       used 11899K, committed 12416K, reserved 1114112K
[2026-08-02T15:27:05.256+0900][12.604s][debug][gc,heap        ] GC(55)   class space    used 1092K, committed 1344K, reserved 1048576K
[2026-08-02T15:27:05.256+0900][12.604s][info ][gc             ] GC(55) Pause Young (Normal) (G1 Evacuation Pause) 2311M->1940M(9216M) 99.842ms
[2026-08-02T15:27:05.256+0900][12.604s][info ][gc,cpu         ] GC(55) User=1.36s Sys=0.33s Real=0.10s
[2026-08-02T15:27:05.256+0900][12.604s][info ][safepoint      ] Safepoint "G1CollectForAllocation", Time since last: 1526284200 ns, Reaching safepoint: 98000 ns, At safepoint: 99910900 ns, Total: 100008900 ns
[2026-08-02T15:27:08.302+0900][15.649s][info ][safepoint      ] Safepoint "Cleanup", Time since last: 3044936900 ns, Reaching safepoint: 137500 ns, At safepoint: 10800 ns, Total: 148300 ns
[2026-08-02T15:27:08.947+0900][16.294s][info ][gc,start       ] GC(56) Pause Young (Normal) (G1 Evacuation Pause)
[2026-08-02T15:27:08.947+0900][16.294s][debug][gc,heap        ] GC(56) Heap before GC invocations=56 (full 32):
[2026-08-02T15:27:08.947+0900][16.294s][debug][gc,heap        ] GC(56)  garbage-first heap   total 9437184K, used 2741205K [0x000001dd28000000, 0x0000021428000000)
[2026-08-02T15:27:08.947+0900][16.294s][debug][gc,heap        ] GC(56)   region size 32768K, 27 young (884736K), 4 survivors (131072K)
[2026-08-02T15:27:08.947+0900][16.294s][debug][gc,heap        ] GC(56)  Metaspace       used 11920K, committed 12416K, reserved 1114112K
[2026-08-02T15:27:08.947+0900][16.294s][debug][gc,heap        ] GC(56)   class space    used 1092K, committed 1344K, reserved 1048576K
[2026-08-02T15:27:08.947+0900][16.294s][info ][gc,task        ] GC(56) Using 18 workers of 18 for evacuation
[2026-08-02T15:27:09.028+0900][16.376s][info ][gc,phases      ] GC(56)   Pre Evacuate Collection Set: 0.1ms
[2026-08-02T15:27:09.028+0900][16.376s][info ][gc,phases      ] GC(56)   Merge Heap Roots: 0.9ms
[2026-08-02T15:27:09.028+0900][16.376s][info ][gc,phases      ] GC(56)   Evacuate Collection Set: 79.7ms
[2026-08-02T15:27:09.028+0900][16.376s][info ][gc,phases      ] GC(56)   Post Evacuate Collection Set: 0.7ms
[2026-08-02T15:27:09.028+0900][16.376s][info ][gc,phases      ] GC(56)   Other: 0.1ms
[2026-08-02T15:27:09.028+0900][16.376s][info ][gc,heap        ] GC(56) Eden regions: 23->0(40)
[2026-08-02T15:27:09.028+0900][16.376s][info ][gc,heap        ] GC(56) Survivor regions: 4->4(4)
[2026-08-02T15:27:09.028+0900][16.376s][info ][gc,heap        ] GC(56) Old regions: 58->72
[2026-08-02T15:27:09.028+0900][16.376s][info ][gc,heap        ] GC(56) Archive regions: 0->0
[2026-08-02T15:27:09.029+0900][16.376s][info ][gc,heap        ] GC(56) Humongous regions: 0->0
[2026-08-02T15:27:09.029+0900][16.376s][info ][gc,metaspace   ] GC(56) Metaspace: 11920K(12416K)->11920K(12416K) NonClass: 10827K(11072K)->10827K(11072K) Class: 1092K(1344K)->1092K(1344K)
[2026-08-02T15:27:09.029+0900][16.376s][debug][gc,heap        ] GC(56) Heap after GC invocations=57 (full 32):
[2026-08-02T15:27:09.029+0900][16.376s][debug][gc,heap        ] GC(56)  garbage-first heap   total 9437184K, used 2470686K [0x000001dd28000000, 0x0000021428000000)
[2026-08-02T15:27:09.029+0900][16.376s][debug][gc,heap        ] GC(56)   region size 32768K, 4 young (131072K), 4 survivors (131072K)
[2026-08-02T15:27:09.029+0900][16.376s][debug][gc,heap        ] GC(56)  Metaspace       used 11920K, committed 12416K, reserved 1114112K
[2026-08-02T15:27:09.029+0900][16.376s][debug][gc,heap        ] GC(56)   class space    used 1092K, committed 1344K, reserved 1048576K
[2026-08-02T15:27:09.029+0900][16.376s][info ][gc             ] GC(56) Pause Young (Normal) (G1 Evacuation Pause) 2676M->2412M(9216M) 81.839ms
[2026-08-02T15:27:09.029+0900][16.376s][info ][gc,cpu         ] GC(56) User=1.55s Sys=0.14s Real=0.08s
[2026-08-02T15:27:09.029+0900][16.376s][info ][safepoint      ] Safepoint "G1CollectForAllocation", Time since last: 644840200 ns, Reaching safepoint: 97200 ns, At safepoint: 81899300 ns, Total: 81996500 ns
[2026-08-02T15:27:10.033+0900][17.380s][info ][safepoint      ] Safepoint "Cleanup", Time since last: 1003486600 ns, Reaching safepoint: 102600 ns, At safepoint: 14000 ns, Total: 116600 ns
[2026-08-02T15:27:10.152+0900][17.500s][info ][gc,start       ] GC(57) Pause Young (Normal) (G1 Evacuation Pause)
[2026-08-02T15:27:10.152+0900][17.500s][debug][gc,heap        ] GC(57) Heap before GC invocations=57 (full 32):
[2026-08-02T15:27:10.152+0900][17.500s][debug][gc,heap        ] GC(57)  garbage-first heap   total 9437184K, used 3388190K [0x000001dd28000000, 0x0000021428000000)
[2026-08-02T15:27:10.152+0900][17.500s][debug][gc,heap        ] GC(57)   region size 32768K, 32 young (1048576K), 4 survivors (131072K)
[2026-08-02T15:27:10.152+0900][17.500s][debug][gc,heap        ] GC(57)  Metaspace       used 11928K, committed 12416K, reserved 1114112K
[2026-08-02T15:27:10.152+0900][17.500s][debug][gc,heap        ] GC(57)   class space    used 1092K, committed 1344K, reserved 1048576K
[2026-08-02T15:27:10.153+0900][17.500s][info ][gc,task        ] GC(57) Using 18 workers of 18 for evacuation
[2026-08-02T15:27:10.251+0900][17.598s][info ][gc,phases      ] GC(57)   Pre Evacuate Collection Set: 0.1ms
[2026-08-02T15:27:10.251+0900][17.598s][info ][gc,phases      ] GC(57)   Merge Heap Roots: 1.6ms
[2026-08-02T15:27:10.251+0900][17.598s][info ][gc,phases      ] GC(57)   Evacuate Collection Set: 95.5ms
[2026-08-02T15:27:10.251+0900][17.598s][info ][gc,phases      ] GC(57)   Post Evacuate Collection Set: 0.6ms
[2026-08-02T15:27:10.251+0900][17.598s][info ][gc,phases      ] GC(57)   Other: 0.1ms
[2026-08-02T15:27:10.251+0900][17.598s][info ][gc,heap        ] GC(57) Eden regions: 28->0(31)
[2026-08-02T15:27:10.251+0900][17.598s][info ][gc,heap        ] GC(57) Survivor regions: 4->4(4)
[2026-08-02T15:27:10.251+0900][17.598s][info ][gc,heap        ] GC(57) Old regions: 72->86
[2026-08-02T15:27:10.251+0900][17.598s][info ][gc,heap        ] GC(57) Archive regions: 0->0
[2026-08-02T15:27:10.251+0900][17.598s][info ][gc,heap        ] GC(57) Humongous regions: 0->0
[2026-08-02T15:27:10.251+0900][17.598s][info ][gc,metaspace   ] GC(57) Metaspace: 11928K(12416K)->11928K(12416K) NonClass: 10835K(11072K)->10835K(11072K) Class: 1092K(1344K)->1092K(1344K)
[2026-08-02T15:27:10.251+0900][17.598s][debug][gc,heap        ] GC(57) Heap after GC invocations=58 (full 32):
[2026-08-02T15:27:10.251+0900][17.598s][debug][gc,heap        ] GC(57)  garbage-first heap   total 9437184K, used 2916263K [0x000001dd28000000, 0x0000021428000000)
[2026-08-02T15:27:10.251+0900][17.598s][debug][gc,heap        ] GC(57)   region size 32768K, 4 young (131072K), 4 survivors (131072K)
[2026-08-02T15:27:10.251+0900][17.598s][debug][gc,heap        ] GC(57)  Metaspace       used 11928K, committed 12416K, reserved 1114112K
[2026-08-02T15:27:10.251+0900][17.598s][debug][gc,heap        ] GC(57)   class space    used 1092K, committed 1344K, reserved 1048576K
[2026-08-02T15:27:10.251+0900][17.598s][info ][gc             ] GC(57) Pause Young (Normal) (G1 Evacuation Pause) 3308M->2847M(9216M) 98.216ms
[2026-08-02T15:27:10.251+0900][17.598s][info ][gc,cpu         ] GC(57) User=1.06s Sys=0.64s Real=0.10s
[2026-08-02T15:27:10.251+0900][17.598s][info ][safepoint      ] Safepoint "G1CollectForAllocation", Time since last: 120276300 ns, Reaching safepoint: 102200 ns, At safepoint: 98355900 ns, Total: 98458100 ns
[2026-08-02T15:27:11.266+0900][18.613s][info ][safepoint      ] Safepoint "Cleanup", Time since last: 1014475300 ns, Reaching safepoint: 115900 ns, At safepoint: 18000 ns, Total: 133900 ns
[2026-08-02T15:27:11.346+0900][18.693s][info ][gc,start       ] GC(58) Pause Young (Normal) (G1 Evacuation Pause)
[2026-08-02T15:27:11.346+0900][18.693s][debug][gc,heap        ] GC(58) Heap before GC invocations=58 (full 32):
[2026-08-02T15:27:11.346+0900][18.693s][debug][gc,heap        ] GC(58)  garbage-first heap   total 9437184K, used 3932071K [0x000001dd28000000, 0x0000021428000000)
[2026-08-02T15:27:11.346+0900][18.693s][debug][gc,heap        ] GC(58)   region size 32768K, 35 young (1146880K), 4 survivors (131072K)
[2026-08-02T15:27:11.346+0900][18.693s][debug][gc,heap        ] GC(58)  Metaspace       used 11928K, committed 12416K, reserved 1114112K
[2026-08-02T15:27:11.346+0900][18.693s][debug][gc,heap        ] GC(58)   class space    used 1092K, committed 1344K, reserved 1048576K
[2026-08-02T15:27:11.346+0900][18.693s][info ][gc,task        ] GC(58) Using 18 workers of 18 for evacuation
[2026-08-02T15:27:11.444+0900][18.791s][info ][gc,phases      ] GC(58)   Pre Evacuate Collection Set: 0.1ms
[2026-08-02T15:27:11.444+0900][18.791s][info ][gc,phases      ] GC(58)   Merge Heap Roots: 1.2ms
[2026-08-02T15:27:11.444+0900][18.791s][info ][gc,phases      ] GC(58)   Evacuate Collection Set: 96.5ms
[2026-08-02T15:27:11.444+0900][18.792s][info ][gc,phases      ] GC(58)   Post Evacuate Collection Set: 0.5ms
[2026-08-02T15:27:11.444+0900][18.792s][info ][gc,phases      ] GC(58)   Other: 0.1ms
[2026-08-02T15:27:11.444+0900][18.792s][info ][gc,heap        ] GC(58) Eden regions: 31->0(52)
[2026-08-02T15:27:11.444+0900][18.792s][info ][gc,heap        ] GC(58) Survivor regions: 4->5(5)
[2026-08-02T15:27:11.444+0900][18.792s][info ][gc,heap        ] GC(58) Old regions: 86->101
[2026-08-02T15:27:11.444+0900][18.792s][info ][gc,heap        ] GC(58) Archive regions: 0->0
[2026-08-02T15:27:11.444+0900][18.792s][info ][gc,heap        ] GC(58) Humongous regions: 0->0
[2026-08-02T15:27:11.444+0900][18.792s][info ][gc,metaspace   ] GC(58) Metaspace: 11928K(12416K)->11928K(12416K) NonClass: 10835K(11072K)->10835K(11072K) Class: 1092K(1344K)->1092K(1344K)
[2026-08-02T15:27:11.444+0900][18.792s][debug][gc,heap        ] GC(58) Heap after GC invocations=59 (full 32):
[2026-08-02T15:27:11.444+0900][18.792s][debug][gc,heap        ] GC(58)  garbage-first heap   total 9437184K, used 3430858K [0x000001dd28000000, 0x0000021428000000)
[2026-08-02T15:27:11.444+0900][18.792s][debug][gc,heap        ] GC(58)   region size 32768K, 5 young (163840K), 5 survivors (163840K)
[2026-08-02T15:27:11.444+0900][18.792s][debug][gc,heap        ] GC(58)  Metaspace       used 11928K, committed 12416K, reserved 1114112K
[2026-08-02T15:27:11.444+0900][18.792s][debug][gc,heap        ] GC(58)   class space    used 1092K, committed 1344K, reserved 1048576K
[2026-08-02T15:27:11.445+0900][18.792s][info ][gc             ] GC(58) Pause Young (Normal) (G1 Evacuation Pause) 3839M->3350M(9216M) 98.884ms
[2026-08-02T15:27:11.445+0900][18.792s][info ][gc,cpu         ] GC(58) User=1.42s Sys=0.27s Real=0.10s
[2026-08-02T15:27:11.445+0900][18.792s][info ][safepoint      ] Safepoint "G1CollectForAllocation", Time since last: 79594600 ns, Reaching safepoint: 103400 ns, At safepoint: 98949700 ns, Total: 99053100 ns
[2026-08-02T15:27:12.453+0900][19.800s][info ][safepoint      ] Safepoint "Cleanup", Time since last: 1008094000 ns, Reaching safepoint: 69500 ns, At safepoint: 11700 ns, Total: 81200 ns
[2026-08-02T15:27:13.362+0900][20.709s][info ][gc,start       ] GC(59) Pause Young (Normal) (G1 Evacuation Pause)
[2026-08-02T15:27:13.362+0900][20.709s][debug][gc,heap        ] GC(59) Heap before GC invocations=59 (full 32):
[2026-08-02T15:27:13.362+0900][20.709s][debug][gc,heap        ] GC(59)  garbage-first heap   total 9437184K, used 5134794K [0x000001dd28000000, 0x0000021428000000)
[2026-08-02T15:27:13.362+0900][20.709s][debug][gc,heap        ] GC(59)   region size 32768K, 57 young (1867776K), 5 survivors (163840K)
[2026-08-02T15:27:13.362+0900][20.709s][debug][gc,heap        ] GC(59)  Metaspace       used 12057K, committed 12608K, reserved 1114112K
[2026-08-02T15:27:13.362+0900][20.710s][debug][gc,heap        ] GC(59)   class space    used 1106K, committed 1408K, reserved 1048576K
[2026-08-02T15:27:13.362+0900][20.710s][info ][gc,task        ] GC(59) Using 18 workers of 18 for evacuation
[2026-08-02T15:27:13.508+0900][20.856s][info ][gc,phases      ] GC(59)   Pre Evacuate Collection Set: 0.1ms
[2026-08-02T15:27:13.508+0900][20.856s][info ][gc,phases      ] GC(59)   Merge Heap Roots: 0.7ms
[2026-08-02T15:27:13.508+0900][20.856s][info ][gc,phases      ] GC(59)   Evacuate Collection Set: 135.3ms
[2026-08-02T15:27:13.508+0900][20.856s][info ][gc,phases      ] GC(59)   Post Evacuate Collection Set: 10.0ms
[2026-08-02T15:27:13.508+0900][20.856s][info ][gc,phases      ] GC(59)   Other: 0.1ms
[2026-08-02T15:27:13.508+0900][20.856s][info ][gc,heap        ] GC(59) Eden regions: 52->0(35)
[2026-08-02T15:27:13.508+0900][20.856s][info ][gc,heap        ] GC(59) Survivor regions: 5->8(8)
[2026-08-02T15:27:13.508+0900][20.856s][info ][gc,heap        ] GC(59) Old regions: 101->122
[2026-08-02T15:27:13.508+0900][20.856s][info ][gc,heap        ] GC(59) Archive regions: 0->0
[2026-08-02T15:27:13.508+0900][20.856s][info ][gc,heap        ] GC(59) Humongous regions: 0->0
[2026-08-02T15:27:13.508+0900][20.856s][info ][gc,metaspace   ] GC(59) Metaspace: 12057K(12608K)->12057K(12608K) NonClass: 10950K(11200K)->10950K(11200K) Class: 1106K(1408K)->1106K(1408K)
[2026-08-02T15:27:13.508+0900][20.856s][debug][gc,heap        ] GC(59) Heap after GC invocations=60 (full 32):
[2026-08-02T15:27:13.508+0900][20.856s][debug][gc,heap        ] GC(59)  garbage-first heap   total 14417920K, used 4236744K [0x000001dd28000000, 0x0000021428000000)
[2026-08-02T15:27:13.508+0900][20.856s][debug][gc,heap        ] GC(59)   region size 32768K, 8 young (262144K), 8 survivors (262144K)
[2026-08-02T15:27:13.508+0900][20.856s][debug][gc,heap        ] GC(59)  Metaspace       used 12057K, committed 12608K, reserved 1114112K
[2026-08-02T15:27:13.508+0900][20.856s][debug][gc,heap        ] GC(59)   class space    used 1106K, committed 1408K, reserved 1048576K
[2026-08-02T15:27:13.508+0900][20.856s][info ][gc             ] GC(59) Pause Young (Normal) (G1 Evacuation Pause) 5014M->4137M(14080M) 146.572ms
[2026-08-02T15:27:13.508+0900][20.856s][info ][gc,cpu         ] GC(59) User=2.30s Sys=0.23s Real=0.15s
[2026-08-02T15:27:13.508+0900][20.856s][info ][safepoint      ] Safepoint "G1CollectForAllocation", Time since last: 909401900 ns, Reaching safepoint: 101900 ns, At safepoint: 146630100 ns, Total: 146732000 ns
[2026-08-02T15:27:15.096+0900][22.444s][info ][gc,start       ] GC(60) Pause Full (System.gc())
[2026-08-02T15:27:15.096+0900][22.444s][debug][gc,heap        ] GC(60) Heap before GC invocations=60 (full 32):
[2026-08-02T15:27:15.096+0900][22.444s][debug][gc,heap        ] GC(60)  garbage-first heap   total 14417920K, used 5252552K [0x000001dd28000000, 0x0000021428000000)
[2026-08-02T15:27:15.096+0900][22.444s][debug][gc,heap        ] GC(60)   region size 32768K, 40 young (1310720K), 8 survivors (262144K)
[2026-08-02T15:27:15.096+0900][22.444s][debug][gc,heap        ] GC(60)  Metaspace       used 12083K, committed 12608K, reserved 1114112K
[2026-08-02T15:27:15.096+0900][22.444s][debug][gc,heap        ] GC(60)   class space    used 1107K, committed 1408K, reserved 1048576K
[2026-08-02T15:27:15.096+0900][22.444s][info ][gc,task        ] GC(60) Using 18 workers of 18 for full compaction
[2026-08-02T15:27:15.097+0900][22.444s][info ][gc,phases,start] GC(60) Phase 1: Mark live objects
[2026-08-02T15:27:15.210+0900][22.557s][info ][gc,phases      ] GC(60) Phase 1: Mark live objects 112.661ms
[2026-08-02T15:27:15.210+0900][22.557s][info ][gc,phases,start] GC(60) Phase 2: Prepare for compaction
[2026-08-02T15:27:15.252+0900][22.599s][info ][gc,phases      ] GC(60) Phase 2: Prepare for compaction 42.000ms
[2026-08-02T15:27:15.252+0900][22.599s][info ][gc,phases,start] GC(60) Phase 3: Adjust pointers
[2026-08-02T15:27:15.320+0900][22.668s][info ][gc,phases      ] GC(60) Phase 3: Adjust pointers 68.641ms
[2026-08-02T15:27:15.320+0900][22.668s][info ][gc,phases,start] GC(60) Phase 4: Compact heap
[2026-08-02T15:27:15.367+0900][22.715s][info ][gc,phases      ] GC(60) Phase 4: Compact heap 46.705ms
[2026-08-02T15:27:15.398+0900][22.746s][debug][gc,heap        ] GC(60) Uncommittable regions after shrink: 286
[2026-08-02T15:27:15.401+0900][22.748s][info ][gc,heap        ] GC(60) Eden regions: 32->0(30)
[2026-08-02T15:27:15.401+0900][22.748s][info ][gc,heap        ] GC(60) Survivor regions: 8->0(8)
[2026-08-02T15:27:15.401+0900][22.748s][info ][gc,heap        ] GC(60) Old regions: 122->46
[2026-08-02T15:27:15.401+0900][22.748s][info ][gc,heap        ] GC(60) Archive regions: 0->0
[2026-08-02T15:27:15.401+0900][22.748s][info ][gc,heap        ] GC(60) Humongous regions: 0->0
[2026-08-02T15:27:15.401+0900][22.748s][info ][gc,metaspace   ] GC(60) Metaspace: 12083K(12608K)->12083K(12608K) NonClass: 10976K(11200K)->10976K(11200K) Class: 1107K(1408K)->1107K(1408K)
[2026-08-02T15:27:15.401+0900][22.748s][debug][gc,heap        ] GC(60) Heap after GC invocations=61 (full 33):
[2026-08-02T15:27:15.401+0900][22.748s][debug][gc,heap        ] GC(60)  garbage-first heap   total 5046272K, used 1169856K [0x000001dd28000000, 0x0000021428000000)
[2026-08-02T15:27:15.401+0900][22.748s][debug][gc,heap        ] GC(60)   region size 32768K, 0 young (0K), 0 survivors (0K)
[2026-08-02T15:27:15.401+0900][22.748s][debug][gc,heap        ] GC(60)  Metaspace       used 12083K, committed 12608K, reserved 1114112K
[2026-08-02T15:27:15.401+0900][22.748s][debug][gc,heap        ] GC(60)   class space    used 1107K, committed 1408K, reserved 1048576K
[2026-08-02T15:27:15.401+0900][22.748s][info ][gc             ] GC(60) Pause Full (System.gc()) 5145M->1142M(4928M) 304.325ms
[2026-08-02T15:27:15.401+0900][22.748s][info ][gc,cpu         ] GC(60) User=4.22s Sys=0.78s Real=0.31s
[2026-08-02T15:27:15.401+0900][22.748s][info ][safepoint      ] Safepoint "G1CollectFull", Time since last: 1587765400 ns, Reaching safepoint: 106100 ns, At safepoint: 304384800 ns, Total: 304490900 ns
[2026-08-02T15:27:16.305+0900][23.653s][info ][gc,start       ] GC(61) Pause Young (Normal) (G1 Evacuation Pause)
[2026-08-02T15:27:16.305+0900][23.653s][debug][gc,heap        ] GC(61) Heap before GC invocations=61 (full 33):
[2026-08-02T15:27:16.305+0900][23.653s][debug][gc,heap        ] GC(61)  garbage-first heap   total 5046272K, used 2152896K [0x000001dd28000000, 0x0000021428000000)
[2026-08-02T15:27:16.305+0900][23.653s][debug][gc,heap        ] GC(61)   region size 32768K, 30 young (983040K), 0 survivors (0K)
[2026-08-02T15:27:16.305+0900][23.653s][debug][gc,heap        ] GC(61)  Metaspace       used 12092K, committed 12608K, reserved 1114112K
[2026-08-02T15:27:16.305+0900][23.653s][debug][gc,heap        ] GC(61)   class space    used 1107K, committed 1408K, reserved 1048576K
[2026-08-02T15:27:16.305+0900][23.653s][info ][gc,task        ] GC(61) Using 18 workers of 18 for evacuation
[2026-08-02T15:27:16.386+0900][23.733s][info ][gc,phases      ] GC(61)   Pre Evacuate Collection Set: 0.1ms
[2026-08-02T15:27:16.386+0900][23.733s][info ][gc,phases      ] GC(61)   Merge Heap Roots: 0.3ms
[2026-08-02T15:27:16.386+0900][23.734s][info ][gc,phases      ] GC(61)   Evacuate Collection Set: 79.7ms
[2026-08-02T15:27:16.386+0900][23.734s][info ][gc,phases      ] GC(61)   Post Evacuate Collection Set: 0.6ms
[2026-08-02T15:27:16.386+0900][23.734s][info ][gc,phases      ] GC(61)   Other: 0.1ms
[2026-08-02T15:27:16.386+0900][23.734s][info ][gc,heap        ] GC(61) Eden regions: 30->0(26)
[2026-08-02T15:27:16.386+0900][23.734s][info ][gc,heap        ] GC(61) Survivor regions: 0->4(4)
[2026-08-02T15:27:16.386+0900][23.734s][info ][gc,heap        ] GC(61) Old regions: 46->60
[2026-08-02T15:27:16.386+0900][23.734s][info ][gc,heap        ] GC(61) Archive regions: 0->0
[2026-08-02T15:27:16.386+0900][23.734s][info ][gc,heap        ] GC(61) Humongous regions: 0->0
[2026-08-02T15:27:16.386+0900][23.734s][info ][gc,metaspace   ] GC(61) Metaspace: 12092K(12608K)->12092K(12608K) NonClass: 10985K(11200K)->10985K(11200K) Class: 1107K(1408K)->1107K(1408K)
[2026-08-02T15:27:16.386+0900][23.734s][debug][gc,heap        ] GC(61) Heap after GC invocations=62 (full 33):
[2026-08-02T15:27:16.386+0900][23.734s][debug][gc,heap        ] GC(61)  garbage-first heap   total 5046272K, used 1733599K [0x000001dd28000000, 0x0000021428000000)
[2026-08-02T15:27:16.386+0900][23.734s][debug][gc,heap        ] GC(61)   region size 32768K, 4 young (131072K), 4 survivors (131072K)
[2026-08-02T15:27:16.386+0900][23.734s][debug][gc,heap        ] GC(61)  Metaspace       used 12092K, committed 12608K, reserved 1114112K
[2026-08-02T15:27:16.386+0900][23.734s][debug][gc,heap        ] GC(61)   class space    used 1107K, committed 1408K, reserved 1048576K
[2026-08-02T15:27:16.386+0900][23.734s][info ][gc             ] GC(61) Pause Young (Normal) (G1 Evacuation Pause) 2102M->1692M(4928M) 81.121ms
[2026-08-02T15:27:16.386+0900][23.734s][info ][gc,cpu         ] GC(61) User=1.41s Sys=0.00s Real=0.08s
[2026-08-02T15:27:16.386+0900][23.734s][info ][safepoint      ] Safepoint "G1CollectForAllocation", Time since last: 904163800 ns, Reaching safepoint: 106400 ns, At safepoint: 81183700 ns, Total: 81290100 ns
[2026-08-02T15:27:17.045+0900][24.392s][debug][gc,heap        ] Concurrent Uncommit Summary: 9152M, 286 regions, 220.747ms
[2026-08-02T15:27:17.188+0900][24.535s][info ][gc,start       ] GC(62) Pause Young (Normal) (G1 Evacuation Pause)
[2026-08-02T15:27:17.189+0900][24.536s][debug][gc,heap        ] GC(62) Heap before GC invocations=62 (full 33):
[2026-08-02T15:27:17.189+0900][24.536s][debug][gc,heap        ] GC(62)  garbage-first heap   total 5046272K, used 2585567K [0x000001dd28000000, 0x0000021428000000)
[2026-08-02T15:27:17.189+0900][24.536s][debug][gc,heap        ] GC(62)   region size 32768K, 30 young (983040K), 4 survivors (131072K)
[2026-08-02T15:27:17.189+0900][24.536s][debug][gc,heap        ] GC(62)  Metaspace       used 12094K, committed 12608K, reserved 1114112K
[2026-08-02T15:27:17.189+0900][24.536s][debug][gc,heap        ] GC(62)   class space    used 1107K, committed 1408K, reserved 1048576K
[2026-08-02T15:27:17.189+0900][24.536s][info ][gc,task        ] GC(62) Using 18 workers of 18 for evacuation
[2026-08-02T15:27:17.285+0900][24.633s][info ][gc,phases      ] GC(62)   Pre Evacuate Collection Set: 0.1ms
[2026-08-02T15:27:17.285+0900][24.633s][info ][gc,phases      ] GC(62)   Merge Heap Roots: 1.9ms
[2026-08-02T15:27:17.285+0900][24.633s][info ][gc,phases      ] GC(62)   Evacuate Collection Set: 94.3ms
[2026-08-02T15:27:17.285+0900][24.633s][info ][gc,phases      ] GC(62)   Post Evacuate Collection Set: 0.9ms
[2026-08-02T15:27:17.285+0900][24.633s][info ][gc,phases      ] GC(62)   Other: 0.1ms
[2026-08-02T15:27:17.285+0900][24.633s][info ][gc,heap        ] GC(62) Eden regions: 26->0(23)
[2026-08-02T15:27:17.285+0900][24.633s][info ][gc,heap        ] GC(62) Survivor regions: 4->4(4)
[2026-08-02T15:27:17.285+0900][24.633s][info ][gc,heap        ] GC(62) Old regions: 60->77
[2026-08-02T15:27:17.285+0900][24.633s][info ][gc,heap        ] GC(62) Archive regions: 0->0
[2026-08-02T15:27:17.285+0900][24.633s][info ][gc,heap        ] GC(62) Humongous regions: 0->0
[2026-08-02T15:27:17.285+0900][24.633s][info ][gc,metaspace   ] GC(62) Metaspace: 12094K(12608K)->12094K(12608K) NonClass: 10987K(11200K)->10987K(11200K) Class: 1107K(1408K)->1107K(1408K)
[2026-08-02T15:27:17.285+0900][24.633s][debug][gc,heap        ] GC(62) Heap after GC invocations=63 (full 33):
[2026-08-02T15:27:17.285+0900][24.633s][debug][gc,heap        ] GC(62)  garbage-first heap   total 5046272K, used 2316736K [0x000001dd28000000, 0x0000021428000000)
[2026-08-02T15:27:17.285+0900][24.633s][debug][gc,heap        ] GC(62)   region size 32768K, 4 young (131072K), 4 survivors (131072K)
[2026-08-02T15:27:17.285+0900][24.633s][debug][gc,heap        ] GC(62)  Metaspace       used 12094K, committed 12608K, reserved 1114112K
[2026-08-02T15:27:17.285+0900][24.633s][debug][gc,heap        ] GC(62)   class space    used 1107K, committed 1408K, reserved 1048576K
[2026-08-02T15:27:17.285+0900][24.633s][info ][gc             ] GC(62) Pause Young (Normal) (G1 Evacuation Pause) 2524M->2262M(4928M) 97.575ms
[2026-08-02T15:27:17.285+0900][24.633s][info ][gc,cpu         ] GC(62) User=1.69s Sys=0.00s Real=0.10s
[2026-08-02T15:27:17.285+0900][24.633s][info ][safepoint      ] Safepoint "G1CollectForAllocation", Time since last: 801651900 ns, Reaching safepoint: 100700 ns, At safepoint: 97634100 ns, Total: 97734800 ns
[2026-08-02T15:27:18.666+0900][26.014s][info ][gc,start       ] GC(63) Pause Young (Concurrent Start) (G1 Evacuation Pause)
[2026-08-02T15:27:18.666+0900][26.014s][debug][gc,heap        ] GC(63) Heap before GC invocations=63 (full 33):
[2026-08-02T15:27:18.666+0900][26.014s][debug][gc,heap        ] GC(63)  garbage-first heap   total 5046272K, used 3070400K [0x000001dd28000000, 0x0000021428000000)
[2026-08-02T15:27:18.666+0900][26.014s][debug][gc,heap        ] GC(63)   region size 32768K, 27 young (884736K), 4 survivors (131072K)
[2026-08-02T15:27:18.666+0900][26.014s][debug][gc,heap        ] GC(63)  Metaspace       used 12164K, committed 12736K, reserved 1114112K
[2026-08-02T15:27:18.666+0900][26.014s][debug][gc,heap        ] GC(63)   class space    used 1114K, committed 1408K, reserved 1048576K
[2026-08-02T15:27:18.666+0900][26.014s][info ][gc,task        ] GC(63) Using 18 workers of 18 for evacuation
[2026-08-02T15:27:18.731+0900][26.079s][info ][gc,phases      ] GC(63)   Pre Evacuate Collection Set: 0.3ms
[2026-08-02T15:27:18.731+0900][26.079s][info ][gc,phases      ] GC(63)   Merge Heap Roots: 2.1ms
[2026-08-02T15:27:18.731+0900][26.079s][info ][gc,phases      ] GC(63)   Evacuate Collection Set: 61.8ms
[2026-08-02T15:27:18.731+0900][26.079s][info ][gc,phases      ] GC(63)   Post Evacuate Collection Set: 0.6ms
[2026-08-02T15:27:18.731+0900][26.079s][info ][gc,phases      ] GC(63)   Other: 0.1ms
[2026-08-02T15:27:18.731+0900][26.079s][info ][gc,heap        ] GC(63) Eden regions: 23->0(20)
[2026-08-02T15:27:18.731+0900][26.079s][info ][gc,heap        ] GC(63) Survivor regions: 4->4(4)
[2026-08-02T15:27:18.731+0900][26.079s][info ][gc,heap        ] GC(63) Old regions: 77->86
[2026-08-02T15:27:18.731+0900][26.079s][info ][gc,heap        ] GC(63) Archive regions: 0->0
[2026-08-02T15:27:18.731+0900][26.079s][info ][gc,heap        ] GC(63) Humongous regions: 0->0
[2026-08-02T15:27:18.731+0900][26.079s][info ][gc,metaspace   ] GC(63) Metaspace: 12164K(12736K)->12164K(12736K) NonClass: 11050K(11328K)->11050K(11328K) Class: 1114K(1408K)->1114K(1408K)
[2026-08-02T15:27:18.731+0900][26.079s][debug][gc,heap        ] GC(63) Heap after GC invocations=64 (full 33):
[2026-08-02T15:27:18.731+0900][26.079s][debug][gc,heap        ] GC(63)  garbage-first heap   total 5046272K, used 2595725K [0x000001dd28000000, 0x0000021428000000)
[2026-08-02T15:27:18.731+0900][26.079s][debug][gc,heap        ] GC(63)   region size 32768K, 4 young (131072K), 4 survivors (131072K)
[2026-08-02T15:27:18.731+0900][26.079s][debug][gc,heap        ] GC(63)  Metaspace       used 12164K, committed 12736K, reserved 1114112K
[2026-08-02T15:27:18.731+0900][26.079s][debug][gc,heap        ] GC(63)   class space    used 1114K, committed 1408K, reserved 1048576K
[2026-08-02T15:27:18.731+0900][26.079s][info ][gc             ] GC(63) Pause Young (Concurrent Start) (G1 Evacuation Pause) 2998M->2534M(4928M) 65.175ms
[2026-08-02T15:27:18.731+0900][26.079s][info ][gc             ] GC(64) Concurrent Mark Cycle
[2026-08-02T15:27:18.731+0900][26.079s][info ][gc,cpu         ] GC(63) User=1.16s Sys=0.00s Real=0.07s
[2026-08-02T15:27:18.731+0900][26.079s][info ][gc,marking     ] GC(64) Concurrent Clear Claimed Marks
[2026-08-02T15:27:18.731+0900][26.079s][info ][safepoint      ] Safepoint "G1CollectForAllocation", Time since last: 1380326800 ns, Reaching safepoint: 110100 ns, At safepoint: 65310400 ns, Total: 65420500 ns
[2026-08-02T15:27:18.731+0900][26.079s][info ][gc,marking     ] GC(64) Concurrent Clear Claimed Marks 0.061ms
[2026-08-02T15:27:18.731+0900][26.079s][info ][gc,marking     ] GC(64) Concurrent Scan Root Regions
[2026-08-02T15:27:18.806+0900][26.154s][info ][gc,marking     ] GC(64) Concurrent Scan Root Regions 75.065ms
[2026-08-02T15:27:18.806+0900][26.154s][info ][gc,marking     ] GC(64) Concurrent Mark
[2026-08-02T15:27:18.806+0900][26.154s][info ][gc,marking     ] GC(64) Concurrent Mark From Roots
[2026-08-02T15:27:18.806+0900][26.154s][info ][gc,task        ] GC(64) Using 5 workers of 5 for marking
[2026-08-02T15:27:19.236+0900][26.583s][info ][gc,marking     ] GC(64) Concurrent Mark From Roots 428.963ms
[2026-08-02T15:27:19.236+0900][26.583s][info ][gc,marking     ] GC(64) Concurrent Preclean
[2026-08-02T15:27:19.236+0900][26.583s][info ][gc,marking     ] GC(64) Concurrent Preclean 0.025ms
[2026-08-02T15:27:19.236+0900][26.583s][info ][gc,start       ] GC(64) Pause Remark
[2026-08-02T15:27:19.239+0900][26.586s][info ][gc             ] GC(64) Pause Remark 2788M->2788M(5248M) 2.394ms
[2026-08-02T15:27:19.239+0900][26.586s][info ][gc,cpu         ] GC(64) User=0.00s Sys=0.00s Real=0.00s
[2026-08-02T15:27:19.239+0900][26.586s][info ][safepoint      ] Safepoint "G1Concurrent", Time since last: 504233800 ns, Reaching safepoint: 105400 ns, At safepoint: 2458100 ns, Total: 2563500 ns
[2026-08-02T15:27:19.239+0900][26.586s][info ][gc,marking     ] GC(64) Concurrent Mark 431.661ms
[2026-08-02T15:27:19.239+0900][26.586s][info ][gc,marking     ] GC(64) Concurrent Rebuild Remembered Sets
[2026-08-02T15:27:19.588+0900][26.936s][info ][gc,marking     ] GC(64) Concurrent Rebuild Remembered Sets 349.923ms
[2026-08-02T15:27:19.588+0900][26.936s][info ][gc,start       ] GC(64) Pause Cleanup
[2026-08-02T15:27:19.588+0900][26.936s][debug][gc,ergo,cset   ] GC(64) Pruned 22 regions out of 39, leaving 260947752 bytes waste (allowed 275146342)
[2026-08-02T15:27:19.588+0900][26.936s][info ][gc             ] GC(64) Pause Cleanup 2965M->2965M(5248M) 0.222ms
[2026-08-02T15:27:19.588+0900][26.936s][info ][gc,cpu         ] GC(64) User=0.00s Sys=0.00s Real=0.00s
[2026-08-02T15:27:19.588+0900][26.936s][info ][safepoint      ] Safepoint "G1Concurrent", Time since last: 350084600 ns, Reaching safepoint: 116600 ns, At safepoint: 269600 ns, Total: 386200 ns
[2026-08-02T15:27:19.588+0900][26.936s][info ][gc,marking     ] GC(64) Concurrent Cleanup for Next Mark
[2026-08-02T15:27:19.595+0900][26.942s][info ][gc,marking     ] GC(64) Concurrent Cleanup for Next Mark 5.770ms
[2026-08-02T15:27:19.595+0900][26.942s][info ][gc             ] GC(64) Concurrent Mark Cycle 863.237ms
[2026-08-02T15:27:20.091+0900][27.438s][info ][gc,start       ] GC(65) Pause Young (Prepare Mixed) (G1 Evacuation Pause)
[2026-08-02T15:27:20.091+0900][27.438s][debug][gc,heap        ] GC(65) Heap before GC invocations=65 (full 33):
[2026-08-02T15:27:20.091+0900][27.438s][debug][gc,heap        ] GC(65)  garbage-first heap   total 5373952K, used 3251085K [0x000001dd28000000, 0x0000021428000000)
[2026-08-02T15:27:20.091+0900][27.438s][debug][gc,heap        ] GC(65)   region size 32768K, 24 young (786432K), 4 survivors (131072K)
[2026-08-02T15:27:20.091+0900][27.438s][debug][gc,heap        ] GC(65)  Metaspace       used 12174K, committed 12736K, reserved 1114112K
[2026-08-02T15:27:20.091+0900][27.438s][debug][gc,heap        ] GC(65)   class space    used 1114K, committed 1408K, reserved 1048576K
[2026-08-02T15:27:20.092+0900][27.438s][info ][gc,task        ] GC(65) Using 18 workers of 18 for evacuation
[2026-08-02T15:27:20.119+0900][27.467s][info ][gc,phases      ] GC(65)   Pre Evacuate Collection Set: 0.1ms
[2026-08-02T15:27:20.119+0900][27.467s][info ][gc,phases      ] GC(65)   Merge Heap Roots: 0.6ms
[2026-08-02T15:27:20.119+0900][27.467s][info ][gc,phases      ] GC(65)   Evacuate Collection Set: 27.3ms
[2026-08-02T15:27:20.119+0900][27.467s][info ][gc,phases      ] GC(65)   Post Evacuate Collection Set: 0.4ms
[2026-08-02T15:27:20.119+0900][27.467s][info ][gc,phases      ] GC(65)   Other: 0.1ms
[2026-08-02T15:27:20.119+0900][27.467s][info ][gc,heap        ] GC(65) Eden regions: 20->0(5)
[2026-08-02T15:27:20.119+0900][27.467s][info ][gc,heap        ] GC(65) Survivor regions: 4->3(3)
[2026-08-02T15:27:20.119+0900][27.467s][info ][gc,heap        ] GC(65) Old regions: 86->91
[2026-08-02T15:27:20.119+0900][27.467s][info ][gc,heap        ] GC(65) Archive regions: 0->0
[2026-08-02T15:27:20.119+0900][27.467s][info ][gc,heap        ] GC(65) Humongous regions: 0->0
[2026-08-02T15:27:20.119+0900][27.467s][info ][gc,metaspace   ] GC(65) Metaspace: 12174K(12736K)->12174K(12736K) NonClass: 11060K(11328K)->11060K(11328K) Class: 1114K(1408K)->1114K(1408K)
[2026-08-02T15:27:20.119+0900][27.467s][debug][gc,heap        ] GC(65) Heap after GC invocations=66 (full 33):
[2026-08-02T15:27:20.119+0900][27.467s][debug][gc,heap        ] GC(65)  garbage-first heap   total 5373952K, used 2717098K [0x000001dd28000000, 0x0000021428000000)
[2026-08-02T15:27:20.119+0900][27.467s][debug][gc,heap        ] GC(65)   region size 32768K, 3 young (98304K), 3 survivors (98304K)
[2026-08-02T15:27:20.119+0900][27.467s][debug][gc,heap        ] GC(65)  Metaspace       used 12174K, committed 12736K, reserved 1114112K
[2026-08-02T15:27:20.119+0900][27.467s][debug][gc,heap        ] GC(65)   class space    used 1114K, committed 1408K, reserved 1048576K
[2026-08-02T15:27:20.119+0900][27.467s][info ][gc             ] GC(65) Pause Young (Prepare Mixed) (G1 Evacuation Pause) 3174M->2653M(5248M) 28.803ms
[2026-08-02T15:27:20.119+0900][27.467s][info ][gc,cpu         ] GC(65) User=0.28s Sys=0.00s Real=0.03s
[2026-08-02T15:27:20.119+0900][27.467s][info ][safepoint      ] Safepoint "G1CollectForAllocation", Time since last: 502105500 ns, Reaching safepoint: 103900 ns, At safepoint: 28868200 ns, Total: 28972100 ns
[2026-08-02T15:27:20.414+0900][27.762s][info ][gc,start       ] GC(66) Pause Young (Mixed) (G1 Evacuation Pause)
[2026-08-02T15:27:20.414+0900][27.762s][debug][gc,heap        ] GC(66) Heap before GC invocations=66 (full 33):
[2026-08-02T15:27:20.414+0900][27.762s][debug][gc,heap        ] GC(66)  garbage-first heap   total 5373952K, used 2880938K [0x000001dd28000000, 0x0000021428000000)
[2026-08-02T15:27:20.414+0900][27.762s][debug][gc,heap        ] GC(66)   region size 32768K, 8 young (262144K), 3 survivors (98304K)
[2026-08-02T15:27:20.414+0900][27.762s][debug][gc,heap        ] GC(66)  Metaspace       used 12226K, committed 12800K, reserved 1114112K
[2026-08-02T15:27:20.414+0900][27.762s][debug][gc,heap        ] GC(66)   class space    used 1123K, committed 1408K, reserved 1048576K
[2026-08-02T15:27:20.414+0900][27.762s][info ][gc,task        ] GC(66) Using 18 workers of 18 for evacuation
[2026-08-02T15:27:20.414+0900][27.762s][debug][gc,ergo,cset   ] GC(66) Start adding old regions to collection set. Min 3 regions, max 17 regions, time remaining 160.53ms, optional threshold 32.11ms
[2026-08-02T15:27:20.414+0900][27.762s][debug][gc,ergo,cset   ] GC(66) Old candidate collection set empty.
[2026-08-02T15:27:20.415+0900][27.762s][debug][gc,ergo,cset   ] GC(66) Finish choosing collection set old regions. Initial: 17, optional: 0, predicted old time: 0.00ms, predicted optional time: 0.00ms, time remaining: 122.63
[2026-08-02T15:27:20.461+0900][27.809s][info ][gc,phases      ] GC(66)   Pre Evacuate Collection Set: 0.1ms
[2026-08-02T15:27:20.461+0900][27.809s][info ][gc,phases      ] GC(66)   Merge Heap Roots: 0.3ms
[2026-08-02T15:27:20.461+0900][27.809s][info ][gc,phases      ] GC(66)   Evacuate Collection Set: 35.8ms
[2026-08-02T15:27:20.461+0900][27.809s][info ][gc,phases      ] GC(66)   Post Evacuate Collection Set: 10.3ms
[2026-08-02T15:27:20.461+0900][27.809s][info ][gc,phases      ] GC(66)   Other: 0.1ms
[2026-08-02T15:27:20.461+0900][27.809s][info ][gc,heap        ] GC(66) Eden regions: 5->0(64)
[2026-08-02T15:27:20.461+0900][27.809s][info ][gc,heap        ] GC(66) Survivor regions: 3->1(1)
[2026-08-02T15:27:20.461+0900][27.809s][info ][gc,heap        ] GC(66) Old regions: 91->82
[2026-08-02T15:27:20.461+0900][27.809s][info ][gc,heap        ] GC(66) Archive regions: 0->0
[2026-08-02T15:27:20.461+0900][27.809s][info ][gc,heap        ] GC(66) Humongous regions: 0->0
[2026-08-02T15:27:20.461+0900][27.809s][info ][gc,metaspace   ] GC(66) Metaspace: 12226K(12800K)->12226K(12800K) NonClass: 11103K(11392K)->11103K(11392K) Class: 1123K(1408K)->1123K(1408K)
[2026-08-02T15:27:20.461+0900][27.809s][debug][gc,heap        ] GC(66) Heap after GC invocations=67 (full 33):
[2026-08-02T15:27:20.461+0900][27.809s][debug][gc,heap        ] GC(66)  garbage-first heap   total 10747904K, used 2647973K [0x000001dd28000000, 0x0000021428000000)
[2026-08-02T15:27:20.461+0900][27.809s][debug][gc,heap        ] GC(66)   region size 32768K, 1 young (32768K), 1 survivors (32768K)
[2026-08-02T15:27:20.461+0900][27.809s][debug][gc,heap        ] GC(66)  Metaspace       used 12226K, committed 12800K, reserved 1114112K
[2026-08-02T15:27:20.461+0900][27.809s][debug][gc,heap        ] GC(66)   class space    used 1123K, committed 1408K, reserved 1048576K
[2026-08-02T15:27:20.461+0900][27.809s][info ][gc             ] GC(66) Pause Young (Mixed) (G1 Evacuation Pause) 2813M->2585M(10496M) 47.065ms
[2026-08-02T15:27:20.461+0900][27.809s][info ][gc,cpu         ] GC(66) User=0.84s Sys=0.00s Real=0.05s
[2026-08-02T15:27:20.461+0900][27.809s][info ][safepoint      ] Safepoint "G1CollectForAllocation", Time since last: 294813400 ns, Reaching safepoint: 131500 ns, At safepoint: 47202900 ns, Total: 47334400 ns
[2026-08-02T15:27:21.024+0900][28.372s][info ][gc,start       ] GC(67) Pause Young (Normal) (G1 Evacuation Pause)
[2026-08-02T15:27:21.025+0900][28.372s][debug][gc,heap        ] GC(67) Heap before GC invocations=67 (full 33):
[2026-08-02T15:27:21.025+0900][28.372s][debug][gc,heap        ] GC(67)  garbage-first heap   total 10747904K, used 4745125K [0x000001dd28000000, 0x0000021428000000)
[2026-08-02T15:27:21.025+0900][28.372s][debug][gc,heap        ] GC(67)   region size 32768K, 65 young (2129920K), 1 survivors (32768K)
[2026-08-02T15:27:21.025+0900][28.372s][debug][gc,heap        ] GC(67)  Metaspace       used 12243K, committed 12800K, reserved 1114112K
[2026-08-02T15:27:21.025+0900][28.372s][debug][gc,heap        ] GC(67)   class space    used 1123K, committed 1408K, reserved 1048576K
[2026-08-02T15:27:21.025+0900][28.372s][info ][gc,task        ] GC(67) Using 18 workers of 18 for evacuation
[2026-08-02T15:27:21.034+0900][28.381s][info ][gc,phases      ] GC(67)   Pre Evacuate Collection Set: 0.1ms
[2026-08-02T15:27:21.034+0900][28.381s][info ][gc,phases      ] GC(67)   Merge Heap Roots: 0.5ms
[2026-08-02T15:27:21.034+0900][28.381s][info ][gc,phases      ] GC(67)   Evacuate Collection Set: 8.6ms
[2026-08-02T15:27:21.034+0900][28.382s][info ][gc,phases      ] GC(67)   Post Evacuate Collection Set: 0.4ms
[2026-08-02T15:27:21.034+0900][28.382s][info ][gc,phases      ] GC(67)   Other: 0.1ms
[2026-08-02T15:27:21.034+0900][28.382s][info ][gc,heap        ] GC(67) Eden regions: 64->0(63)
[2026-08-02T15:27:21.034+0900][28.382s][info ][gc,heap        ] GC(67) Survivor regions: 1->2(9)
[2026-08-02T15:27:21.034+0900][28.382s][info ][gc,heap        ] GC(67) Old regions: 82->82
[2026-08-02T15:27:21.034+0900][28.382s][info ][gc,heap        ] GC(67) Archive regions: 0->0
[2026-08-02T15:27:21.034+0900][28.382s][info ][gc,heap        ] GC(67) Humongous regions: 0->0
[2026-08-02T15:27:21.034+0900][28.382s][info ][gc,metaspace   ] GC(67) Metaspace: 12243K(12800K)->12243K(12800K) NonClass: 11120K(11392K)->11120K(11392K) Class: 1123K(1408K)->1123K(1408K)
[2026-08-02T15:27:21.034+0900][28.382s][debug][gc,heap        ] GC(67) Heap after GC invocations=68 (full 33):
[2026-08-02T15:27:21.035+0900][28.382s][debug][gc,heap        ] GC(67)  garbage-first heap   total 10747904K, used 2658405K [0x000001dd28000000, 0x0000021428000000)
[2026-08-02T15:27:21.035+0900][28.382s][debug][gc,heap        ] GC(67)   region size 32768K, 2 young (65536K), 2 survivors (65536K)
[2026-08-02T15:27:21.035+0900][28.382s][debug][gc,heap        ] GC(67)  Metaspace       used 12243K, committed 12800K, reserved 1114112K
[2026-08-02T15:27:21.035+0900][28.382s][debug][gc,heap        ] GC(67)   class space    used 1123K, committed 1408K, reserved 1048576K
[2026-08-02T15:27:21.035+0900][28.382s][info ][gc             ] GC(67) Pause Young (Normal) (G1 Evacuation Pause) 4633M->2596M(10496M) 10.149ms
[2026-08-02T15:27:21.035+0900][28.382s][info ][gc,cpu         ] GC(67) User=0.16s Sys=0.12s Real=0.01s
[2026-08-02T15:27:21.035+0900][28.382s][info ][safepoint      ] Safepoint "G1CollectForAllocation", Time since last: 562073700 ns, Reaching safepoint: 80000 ns, At safepoint: 10249500 ns, Total: 10329500 ns
[2026-08-02T15:27:21.772+0900][29.120s][info ][gc,start       ] GC(68) Pause Young (Normal) (G1 Evacuation Pause)
[2026-08-02T15:27:21.772+0900][29.120s][debug][gc,heap        ] GC(68) Heap before GC invocations=68 (full 33):
[2026-08-02T15:27:21.772+0900][29.120s][debug][gc,heap        ] GC(68)  garbage-first heap   total 10747904K, used 4722789K [0x000001dd28000000, 0x0000021428000000)
[2026-08-02T15:27:21.773+0900][29.120s][debug][gc,heap        ] GC(68)   region size 32768K, 65 young (2129920K), 2 survivors (65536K)
[2026-08-02T15:27:21.773+0900][29.120s][debug][gc,heap        ] GC(68)  Metaspace       used 12247K, committed 12800K, reserved 1114112K
[2026-08-02T15:27:21.773+0900][29.120s][debug][gc,heap        ] GC(68)   class space    used 1123K, committed 1408K, reserved 1048576K
[2026-08-02T15:27:21.773+0900][29.120s][info ][gc,task        ] GC(68) Using 18 workers of 18 for evacuation
[2026-08-02T15:27:21.781+0900][29.129s][info ][gc,phases      ] GC(68)   Pre Evacuate Collection Set: 0.1ms
[2026-08-02T15:27:21.781+0900][29.129s][info ][gc,phases      ] GC(68)   Merge Heap Roots: 0.5ms
[2026-08-02T15:27:21.781+0900][29.129s][info ][gc,phases      ] GC(68)   Evacuate Collection Set: 7.8ms
[2026-08-02T15:27:21.781+0900][29.129s][info ][gc,phases      ] GC(68)   Post Evacuate Collection Set: 0.4ms
[2026-08-02T15:27:21.781+0900][29.129s][info ][gc,phases      ] GC(68)   Other: 0.1ms
[2026-08-02T15:27:21.781+0900][29.129s][info ][gc,heap        ] GC(68) Eden regions: 63->0(63)
[2026-08-02T15:27:21.781+0900][29.129s][info ][gc,heap        ] GC(68) Survivor regions: 2->2(9)
[2026-08-02T15:27:21.781+0900][29.129s][info ][gc,heap        ] GC(68) Old regions: 82->82
[2026-08-02T15:27:21.781+0900][29.129s][info ][gc,heap        ] GC(68) Archive regions: 0->0
[2026-08-02T15:27:21.781+0900][29.129s][info ][gc,heap        ] GC(68) Humongous regions: 0->0
[2026-08-02T15:27:21.781+0900][29.129s][info ][gc,metaspace   ] GC(68) Metaspace: 12247K(12800K)->12247K(12800K) NonClass: 11124K(11392K)->11124K(11392K) Class: 1123K(1408K)->1123K(1408K)
[2026-08-02T15:27:21.781+0900][29.129s][debug][gc,heap        ] GC(68) Heap after GC invocations=69 (full 33):
[2026-08-02T15:27:21.781+0900][29.129s][debug][gc,heap        ] GC(68)  garbage-first heap   total 10747904K, used 2655827K [0x000001dd28000000, 0x0000021428000000)
[2026-08-02T15:27:21.781+0900][29.129s][debug][gc,heap        ] GC(68)   region size 32768K, 2 young (65536K), 2 survivors (65536K)
[2026-08-02T15:27:21.781+0900][29.129s][debug][gc,heap        ] GC(68)  Metaspace       used 12247K, committed 12800K, reserved 1114112K
[2026-08-02T15:27:21.781+0900][29.129s][debug][gc,heap        ] GC(68)   class space    used 1123K, committed 1408K, reserved 1048576K
[2026-08-02T15:27:21.781+0900][29.129s][info ][gc             ] GC(68) Pause Young (Normal) (G1 Evacuation Pause) 4612M->2593M(10496M) 9.271ms
[2026-08-02T15:27:21.781+0900][29.129s][info ][gc,cpu         ] GC(68) User=0.22s Sys=0.06s Real=0.01s
[2026-08-02T15:27:21.781+0900][29.129s][info ][safepoint      ] Safepoint "G1CollectForAllocation", Time since last: 737957800 ns, Reaching safepoint: 35200 ns, At safepoint: 9322000 ns, Total: 9357200 ns
[2026-08-02T15:27:22.796+0900][30.143s][info ][safepoint      ] Safepoint "Cleanup", Time since last: 1014063400 ns, Reaching safepoint: 200200 ns, At safepoint: 9400 ns, Total: 209600 ns
[2026-08-02T15:27:23.353+0900][30.700s][info ][gc,start       ] GC(69) Pause Young (Normal) (G1 Evacuation Pause)
[2026-08-02T15:27:23.353+0900][30.700s][debug][gc,heap        ] GC(69) Heap before GC invocations=69 (full 33):
[2026-08-02T15:27:23.353+0900][30.700s][debug][gc,heap        ] GC(69)  garbage-first heap   total 10747904K, used 4720211K [0x000001dd28000000, 0x0000021428000000)
[2026-08-02T15:27:23.353+0900][30.700s][debug][gc,heap        ] GC(69)   region size 32768K, 65 young (2129920K), 2 survivors (65536K)
[2026-08-02T15:27:23.353+0900][30.700s][debug][gc,heap        ] GC(69)  Metaspace       used 12255K, committed 12800K, reserved 1114112K
[2026-08-02T15:27:23.353+0900][30.700s][debug][gc,heap        ] GC(69)   class space    used 1123K, committed 1408K, reserved 1048576K
[2026-08-02T15:27:23.353+0900][30.700s][info ][gc,task        ] GC(69) Using 18 workers of 18 for evacuation
[2026-08-02T15:27:23.490+0900][30.838s][info ][gc,phases      ] GC(69)   Pre Evacuate Collection Set: 0.1ms
[2026-08-02T15:27:23.490+0900][30.838s][info ][gc,phases      ] GC(69)   Merge Heap Roots: 0.5ms
[2026-08-02T15:27:23.490+0900][30.838s][info ][gc,phases      ] GC(69)   Evacuate Collection Set: 135.5ms
[2026-08-02T15:27:23.490+0900][30.838s][info ][gc,phases      ] GC(69)   Post Evacuate Collection Set: 1.4ms
[2026-08-02T15:27:23.491+0900][30.838s][info ][gc,phases      ] GC(69)   Other: 0.1ms
[2026-08-02T15:27:23.491+0900][30.838s][info ][gc,heap        ] GC(69) Eden regions: 63->0(56)
[2026-08-02T15:27:23.491+0900][30.838s][info ][gc,heap        ] GC(69) Survivor regions: 2->9(9)
[2026-08-02T15:27:23.491+0900][30.838s][info ][gc,heap        ] GC(69) Old regions: 82->98
[2026-08-02T15:27:23.491+0900][30.838s][info ][gc,heap        ] GC(69) Archive regions: 0->0
[2026-08-02T15:27:23.491+0900][30.838s][info ][gc,heap        ] GC(69) Humongous regions: 0->0
[2026-08-02T15:27:23.491+0900][30.838s][info ][gc,metaspace   ] GC(69) Metaspace: 12255K(12800K)->12255K(12800K) NonClass: 11132K(11392K)->11132K(11392K) Class: 1123K(1408K)->1123K(1408K)
[2026-08-02T15:27:23.491+0900][30.838s][debug][gc,heap        ] GC(69) Heap after GC invocations=70 (full 33):
[2026-08-02T15:27:23.491+0900][30.838s][debug][gc,heap        ] GC(69)  garbage-first heap   total 10747904K, used 3411673K [0x000001dd28000000, 0x0000021428000000)
[2026-08-02T15:27:23.491+0900][30.838s][debug][gc,heap        ] GC(69)   region size 32768K, 9 young (294912K), 9 survivors (294912K)
[2026-08-02T15:27:23.491+0900][30.838s][debug][gc,heap        ] GC(69)  Metaspace       used 12255K, committed 12800K, reserved 1114112K
[2026-08-02T15:27:23.491+0900][30.838s][debug][gc,heap        ] GC(69)   class space    used 1123K, committed 1408K, reserved 1048576K
[2026-08-02T15:27:23.491+0900][30.838s][info ][gc             ] GC(69) Pause Young (Normal) (G1 Evacuation Pause) 4609M->3331M(10496M) 137.978ms
[2026-08-02T15:27:23.491+0900][30.838s][info ][gc,cpu         ] GC(69) User=2.31s Sys=0.22s Real=0.14s
[2026-08-02T15:27:23.491+0900][30.838s][info ][safepoint      ] Safepoint "G1CollectForAllocation", Time since last: 556654400 ns, Reaching safepoint: 100800 ns, At safepoint: 138038700 ns, Total: 138139500 ns
[2026-08-02T15:27:24.506+0900][31.853s][info ][safepoint      ] Safepoint "Cleanup", Time since last: 1014610300 ns, Reaching safepoint: 82500 ns, At safepoint: 10300 ns, Total: 92800 ns
[2026-08-02T15:27:25.517+0900][32.864s][info ][safepoint      ] Safepoint "Cleanup", Time since last: 1010704200 ns, Reaching safepoint: 177900 ns, At safepoint: 13800 ns, Total: 191700 ns
[2026-08-02T15:27:28.546+0900][35.893s][info ][safepoint      ] Safepoint "Cleanup", Time since last: 3028849800 ns, Reaching safepoint: 135700 ns, At safepoint: 13000 ns, Total: 148700 ns
[2026-08-02T15:27:52.969+0900][60.317s][info ][safepoint      ] Safepoint "PrintThreads", Time since last: 24423248000 ns, Reaching safepoint: 87300 ns, At safepoint: 510300 ns, Total: 597600 ns
[2026-08-02T15:27:52.969+0900][60.317s][info ][safepoint      ] Safepoint "FindDeadlocks", Time since last: 78400 ns, Reaching safepoint: 49500 ns, At safepoint: 18100 ns, Total: 67600 ns
[2026-08-02T15:28:28.193+0900][95.540s][info ][safepoint      ] Safepoint "Cleanup", Time since last: 35223231300 ns, Reaching safepoint: 104000 ns, At safepoint: 18100 ns, Total: 122100 ns
[2026-08-02T15:28:52.978+0900][120.325s][info ][safepoint      ] Safepoint "PrintThreads", Time since last: 24784596500 ns, Reaching safepoint: 102300 ns, At safepoint: 536200 ns, Total: 638500 ns
[2026-08-02T15:28:52.978+0900][120.325s][info ][safepoint      ] Safepoint "FindDeadlocks", Time since last: 76700 ns, Reaching safepoint: 45700 ns, At safepoint: 12400 ns, Total: 58100 ns
[2026-08-02T15:29:42.352+0900][169.699s][info ][safepoint      ] Safepoint "Cleanup", Time since last: 49373579100 ns, Reaching safepoint: 138500 ns, At safepoint: 9600 ns, Total: 148100 ns
[2026-08-02T15:29:52.979+0900][180.327s][info ][safepoint      ] Safepoint "PrintThreads", Time since last: 10627021100 ns, Reaching safepoint: 115900 ns, At safepoint: 528500 ns, Total: 644400 ns
[2026-08-02T15:29:52.979+0900][180.327s][info ][safepoint      ] Safepoint "FindDeadlocks", Time since last: 76500 ns, Reaching safepoint: 51900 ns, At safepoint: 12300 ns, Total: 64200 ns
[2026-08-02T15:30:52.989+0900][240.337s][info ][safepoint      ] Safepoint "PrintThreads", Time since last: 60008943200 ns, Reaching safepoint: 140100 ns, At safepoint: 509400 ns, Total: 649500 ns
[2026-08-02T15:30:52.989+0900][240.337s][info ][safepoint      ] Safepoint "FindDeadlocks", Time since last: 71700 ns, Reaching safepoint: 50600 ns, At safepoint: 10100 ns, Total: 60700 ns
[2026-08-02T15:31:52.990+0900][300.338s][info ][safepoint      ] Safepoint "PrintThreads", Time since last: 60000178900 ns, Reaching safepoint: 126700 ns, At safepoint: 513700 ns, Total: 640400 ns
[2026-08-02T15:31:52.990+0900][300.338s][info ][safepoint      ] Safepoint "FindDeadlocks", Time since last: 69400 ns, Reaching safepoint: 51300 ns, At safepoint: 10500 ns, Total: 61800 ns
[2026-08-02T15:32:52.998+0900][360.345s][info ][safepoint      ] Safepoint "PrintThreads", Time since last: 60006701300 ns, Reaching safepoint: 122700 ns, At safepoint: 575800 ns, Total: 698500 ns
[2026-08-02T15:32:52.998+0900][360.345s][info ][safepoint      ] Safepoint "FindDeadlocks", Time since last: 78700 ns, Reaching safepoint: 52100 ns, At safepoint: 16000 ns, Total: 68100 ns
[2026-08-02T15:33:53.006+0900][420.353s][info ][safepoint      ] Safepoint "PrintThreads", Time since last: 60007646400 ns, Reaching safepoint: 74400 ns, At safepoint: 514700 ns, Total: 589100 ns
[2026-08-02T15:33:53.006+0900][420.354s][info ][safepoint      ] Safepoint "FindDeadlocks", Time since last: 82600 ns, Reaching safepoint: 45900 ns, At safepoint: 11500 ns, Total: 57400 ns
[2026-08-02T15:34:53.012+0900][480.359s][info ][safepoint      ] Safepoint "PrintThreads", Time since last: 60005250200 ns, Reaching safepoint: 102000 ns, At safepoint: 510400 ns, Total: 612400 ns
[2026-08-02T15:34:53.012+0900][480.360s][info ][safepoint      ] Safepoint "FindDeadlocks", Time since last: 68400 ns, Reaching safepoint: 47700 ns, At safepoint: 11500 ns, Total: 59200 ns
[2026-08-02T15:35:53.012+0900][540.360s][info ][safepoint      ] Safepoint "PrintThreads", Time since last: 59999666000 ns, Reaching safepoint: 113200 ns, At safepoint: 505700 ns, Total: 618900 ns
[2026-08-02T15:35:53.012+0900][540.360s][info ][safepoint      ] Safepoint "FindDeadlocks", Time since last: 76900 ns, Reaching safepoint: 46700 ns, At safepoint: 9800 ns, Total: 56500 ns
[2026-08-02T15:36:53.026+0900][600.373s][info ][safepoint      ] Safepoint "PrintThreads", Time since last: 60012661100 ns, Reaching safepoint: 102000 ns, At safepoint: 501600 ns, Total: 603600 ns
[2026-08-02T15:36:53.026+0900][600.373s][info ][safepoint      ] Safepoint "FindDeadlocks", Time since last: 83200 ns, Reaching safepoint: 49600 ns, At safepoint: 11800 ns, Total: 61400 ns
[2026-08-02T15:37:53.038+0900][660.386s][info ][safepoint      ] Safepoint "PrintThreads", Time since last: 60011573100 ns, Reaching safepoint: 88300 ns, At safepoint: 526700 ns, Total: 615000 ns
[2026-08-02T15:37:53.038+0900][660.386s][info ][safepoint      ] Safepoint "FindDeadlocks", Time since last: 72800 ns, Reaching safepoint: 47200 ns, At safepoint: 12500 ns, Total: 59700 ns
[2026-08-02T15:38:53.039+0900][720.386s][info ][safepoint      ] Safepoint "PrintThreads", Time since last: 60000101600 ns, Reaching safepoint: 119900 ns, At safepoint: 517700 ns, Total: 637600 ns
[2026-08-02T15:38:53.039+0900][720.387s][info ][safepoint      ] Safepoint "FindDeadlocks", Time since last: 75500 ns, Reaching safepoint: 46700 ns, At safepoint: 11300 ns, Total: 58000 ns
[2026-08-02T15:39:53.046+0900][780.394s][info ][safepoint      ] Safepoint "PrintThreads", Time since last: 60006349700 ns, Reaching safepoint: 95700 ns, At safepoint: 507300 ns, Total: 603000 ns
[2026-08-02T15:39:53.046+0900][780.394s][info ][safepoint      ] Safepoint "FindDeadlocks", Time since last: 78000 ns, Reaching safepoint: 48800 ns, At safepoint: 13500 ns, Total: 62300 ns
[2026-08-02T15:40:53.058+0900][840.405s][info ][safepoint      ] Safepoint "PrintThreads", Time since last: 60010974600 ns, Reaching safepoint: 103000 ns, At safepoint: 502200 ns, Total: 605200 ns
[2026-08-02T15:40:53.058+0900][840.405s][info ][safepoint      ] Safepoint "FindDeadlocks", Time since last: 70700 ns, Reaching safepoint: 48200 ns, At safepoint: 13000 ns, Total: 61200 ns
[2026-08-02T15:41:53.061+0900][900.409s][info ][safepoint      ] Safepoint "PrintThreads", Time since last: 60002722400 ns, Reaching safepoint: 96100 ns, At safepoint: 519100 ns, Total: 615200 ns
[2026-08-02T15:41:53.061+0900][900.409s][info ][safepoint      ] Safepoint "FindDeadlocks", Time since last: 79300 ns, Reaching safepoint: 51300 ns, At safepoint: 11500 ns, Total: 62800 ns
[2026-08-02T15:42:53.063+0900][960.411s][info ][safepoint      ] Safepoint "PrintThreads", Time since last: 60001647800 ns, Reaching safepoint: 103900 ns, At safepoint: 504200 ns, Total: 608100 ns
[2026-08-02T15:42:53.063+0900][960.411s][info ][safepoint      ] Safepoint "FindDeadlocks", Time since last: 76900 ns, Reaching safepoint: 45900 ns, At safepoint: 10700 ns, Total: 56600 ns
[2026-08-02T15:43:53.074+0900][1020.422s][info ][safepoint      ] Safepoint "PrintThreads", Time since last: 60010178200 ns, Reaching safepoint: 109200 ns, At safepoint: 508300 ns, Total: 617500 ns
[2026-08-02T15:43:53.074+0900][1020.422s][info ][safepoint      ] Safepoint "FindDeadlocks", Time since last: 78800 ns, Reaching safepoint: 45000 ns, At safepoint: 11700 ns, Total: 56700 ns
[2026-08-02T15:44:53.090+0900][1080.437s][info ][safepoint      ] Safepoint "PrintThreads", Time since last: 60013910600 ns, Reaching safepoint: 91600 ns, At safepoint: 518700 ns, Total: 610300 ns
[2026-08-02T15:44:53.090+0900][1080.437s][info ][safepoint      ] Safepoint "FindDeadlocks", Time since last: 74500 ns, Reaching safepoint: 48800 ns, At safepoint: 11100 ns, Total: 59900 ns
[2026-08-02T15:45:53.099+0900][1140.447s][info ][safepoint      ] Safepoint "PrintThreads", Time since last: 60009169600 ns, Reaching safepoint: 113500 ns, At safepoint: 509700 ns, Total: 623200 ns
[2026-08-02T15:45:53.099+0900][1140.447s][info ][safepoint      ] Safepoint "FindDeadlocks", Time since last: 73200 ns, Reaching safepoint: 52100 ns, At safepoint: 13200 ns, Total: 65300 ns
[2026-08-02T15:46:53.099+0900][1200.447s][info ][safepoint      ] Safepoint "PrintThreads", Time since last: 59999584200 ns, Reaching safepoint: 116900 ns, At safepoint: 511700 ns, Total: 628600 ns
[2026-08-02T15:46:53.099+0900][1200.447s][info ][safepoint      ] Safepoint "FindDeadlocks", Time since last: 71800 ns, Reaching safepoint: 49100 ns, At safepoint: 12600 ns, Total: 61700 ns
[2026-08-02T15:47:53.106+0900][1260.454s][info ][safepoint      ] Safepoint "PrintThreads", Time since last: 60006242600 ns, Reaching safepoint: 130200 ns, At safepoint: 506000 ns, Total: 636200 ns
[2026-08-02T15:47:53.106+0900][1260.454s][info ][safepoint      ] Safepoint "FindDeadlocks", Time since last: 84800 ns, Reaching safepoint: 49300 ns, At safepoint: 12300 ns, Total: 61600 ns
[2026-08-02T15:48:20.270+0900][1287.617s][info ][safepoint      ] Safepoint "Cleanup", Time since last: 27162526800 ns, Reaching safepoint: 168000 ns, At safepoint: 11200 ns, Total: 179200 ns
[2026-08-02T15:48:53.107+0900][1320.454s][info ][safepoint      ] Safepoint "PrintThreads", Time since last: 32836153900 ns, Reaching safepoint: 81400 ns, At safepoint: 704000 ns, Total: 785400 ns
[2026-08-02T15:48:53.107+0900][1320.454s][info ][safepoint      ] Safepoint "FindDeadlocks", Time since last: 95300 ns, Reaching safepoint: 45100 ns, At safepoint: 14100 ns, Total: 59200 ns
[2026-08-02T15:49:16.272+0900][1343.620s][info ][safepoint      ] Safepoint "Cleanup", Time since last: 23165399900 ns, Reaching safepoint: 145300 ns, At safepoint: 9900 ns, Total: 155200 ns
[2026-08-02T15:49:16.647+0900][1343.995s][info ][gc,start       ] GC(70) Pause Young (Normal) (G1 Evacuation Pause)
[2026-08-02T15:49:16.647+0900][1343.995s][debug][gc,heap        ] GC(70) Heap before GC invocations=70 (full 33):
[2026-08-02T15:49:16.647+0900][1343.995s][debug][gc,heap        ] GC(70)  garbage-first heap   total 10747904K, used 5246681K [0x000001dd28000000, 0x0000021428000000)
[2026-08-02T15:49:16.647+0900][1343.995s][debug][gc,heap        ] GC(70)   region size 32768K, 65 young (2129920K), 9 survivors (294912K)
[2026-08-02T15:49:16.647+0900][1343.995s][debug][gc,heap        ] GC(70)  Metaspace       used 12277K, committed 12864K, reserved 1114112K
[2026-08-02T15:49:16.647+0900][1343.995s][debug][gc,heap        ] GC(70)   class space    used 1123K, committed 1408K, reserved 1048576K
[2026-08-02T15:49:16.647+0900][1343.995s][info ][gc,task        ] GC(70) Using 18 workers of 18 for evacuation
[2026-08-02T15:49:16.765+0900][1344.112s][info ][gc,phases      ] GC(70)   Pre Evacuate Collection Set: 0.1ms
[2026-08-02T15:49:16.765+0900][1344.112s][info ][gc,phases      ] GC(70)   Merge Heap Roots: 1.7ms
[2026-08-02T15:49:16.765+0900][1344.112s][info ][gc,phases      ] GC(70)   Evacuate Collection Set: 101.3ms
[2026-08-02T15:49:16.765+0900][1344.112s][info ][gc,phases      ] GC(70)   Post Evacuate Collection Set: 14.3ms
[2026-08-02T15:49:16.765+0900][1344.112s][info ][gc,phases      ] GC(70)   Other: 0.1ms
[2026-08-02T15:49:16.765+0900][1344.112s][info ][gc,heap        ] GC(70) Eden regions: 56->0(72)
[2026-08-02T15:49:16.765+0900][1344.112s][info ][gc,heap        ] GC(70) Survivor regions: 9->9(9)
[2026-08-02T15:49:16.765+0900][1344.112s][info ][gc,heap        ] GC(70) Old regions: 98->106
[2026-08-02T15:49:16.765+0900][1344.112s][info ][gc,heap        ] GC(70) Archive regions: 0->0
[2026-08-02T15:49:16.765+0900][1344.112s][info ][gc,heap        ] GC(70) Humongous regions: 0->0
[2026-08-02T15:49:16.765+0900][1344.112s][info ][gc,metaspace   ] GC(70) Metaspace: 12277K(12864K)->12277K(12864K) NonClass: 11154K(11456K)->11154K(11456K) Class: 1123K(1408K)->1123K(1408K)
[2026-08-02T15:49:16.765+0900][1344.112s][debug][gc,heap        ] GC(70) Heap after GC invocations=71 (full 33):
[2026-08-02T15:49:16.765+0900][1344.112s][debug][gc,heap        ] GC(70)  garbage-first heap   total 17956864K, used 3688474K [0x000001dd28000000, 0x0000021428000000)
[2026-08-02T15:49:16.765+0900][1344.112s][debug][gc,heap        ] GC(70)   region size 32768K, 9 young (294912K), 9 survivors (294912K)
[2026-08-02T15:49:16.765+0900][1344.112s][debug][gc,heap        ] GC(70)  Metaspace       used 12277K, committed 12864K, reserved 1114112K
[2026-08-02T15:49:16.765+0900][1344.112s][debug][gc,heap        ] GC(70)   class space    used 1123K, committed 1408K, reserved 1048576K
[2026-08-02T15:49:16.765+0900][1344.113s][info ][gc             ] GC(70) Pause Young (Normal) (G1 Evacuation Pause) 5123M->3602M(17536M) 117.947ms
[2026-08-02T15:49:16.765+0900][1344.113s][info ][gc,cpu         ] GC(70) User=1.97s Sys=0.02s Real=0.12s
[2026-08-02T15:49:16.765+0900][1344.113s][info ][safepoint      ] Safepoint "G1CollectForAllocation", Time since last: 374936600 ns, Reaching safepoint: 114200 ns, At safepoint: 118027000 ns, Total: 118141200 ns
[2026-08-02T15:49:17.775+0900][1345.122s][info ][safepoint      ] Safepoint "Cleanup", Time since last: 1009091800 ns, Reaching safepoint: 105600 ns, At safepoint: 14200 ns, Total: 119800 ns
[2026-08-02T15:49:18.946+0900][1346.293s][info ][safepoint      ] Safepoint "Cleanup", Time since last: 1170786800 ns, Reaching safepoint: 111000 ns, At safepoint: 16300 ns, Total: 127300 ns
[2026-08-02T15:49:53.117+0900][1380.464s][info ][safepoint      ] Safepoint "PrintThreads", Time since last: 34170948400 ns, Reaching safepoint: 186900 ns, At safepoint: 459200 ns, Total: 646100 ns
[2026-08-02T15:49:53.117+0900][1380.464s][info ][safepoint      ] Safepoint "FindDeadlocks", Time since last: 76800 ns, Reaching safepoint: 47300 ns, At safepoint: 10700 ns, Total: 58000 ns
[2026-08-02T15:50:53.128+0900][1440.475s][info ][safepoint      ] Safepoint "PrintThreads", Time since last: 60010197100 ns, Reaching safepoint: 104800 ns, At safepoint: 454400 ns, Total: 559200 ns
[2026-08-02T15:50:53.128+0900][1440.475s][info ][safepoint      ] Safepoint "FindDeadlocks", Time since last: 75600 ns, Reaching safepoint: 56400 ns, At safepoint: 11600 ns, Total: 68000 ns
[2026-08-02T15:51:53.130+0900][1500.477s][info ][safepoint      ] Safepoint "PrintThreads", Time since last: 60000714800 ns, Reaching safepoint: 116400 ns, At safepoint: 446400 ns, Total: 562800 ns
[2026-08-02T15:51:53.130+0900][1500.477s][info ][safepoint      ] Safepoint "FindDeadlocks", Time since last: 70100 ns, Reaching safepoint: 57100 ns, At safepoint: 11400 ns, Total: 68500 ns
[2026-08-02T15:52:26.365+0900][1533.712s][info ][safepoint      ] Safepoint "Cleanup", Time since last: 33235389200 ns, Reaching safepoint: 154500 ns, At safepoint: 8300 ns, Total: 162800 ns
[2026-08-02T15:52:53.139+0900][1560.487s][info ][safepoint      ] Safepoint "PrintThreads", Time since last: 26773838100 ns, Reaching safepoint: 57500 ns, At safepoint: 424100 ns, Total: 481600 ns
[2026-08-02T15:52:53.139+0900][1560.487s][info ][safepoint      ] Safepoint "FindDeadlocks", Time since last: 78500 ns, Reaching safepoint: 42800 ns, At safepoint: 12700 ns, Total: 55500 ns
[2026-08-02T15:53:34.594+0900][1601.941s][info ][safepoint      ] Safepoint "Cleanup", Time since last: 41454231400 ns, Reaching safepoint: 150400 ns, At safepoint: 15800 ns, Total: 166200 ns
[2026-08-02T15:53:35.842+0900][1603.189s][info ][gc,start       ] GC(71) Pause Young (Normal) (G1 Evacuation Pause)
[2026-08-02T15:53:35.842+0900][1603.189s][debug][gc,heap        ] GC(71) Heap before GC invocations=71 (full 33):
[2026-08-02T15:53:35.842+0900][1603.189s][debug][gc,heap        ] GC(71)  garbage-first heap   total 17956864K, used 6080538K [0x000001dd28000000, 0x0000021428000000)
[2026-08-02T15:53:35.842+0900][1603.189s][debug][gc,heap        ] GC(71)   region size 32768K, 81 young (2654208K), 9 survivors (294912K)
[2026-08-02T15:53:35.842+0900][1603.189s][debug][gc,heap        ] GC(71)  Metaspace       used 13278K, committed 13888K, reserved 1114112K
[2026-08-02T15:53:35.842+0900][1603.189s][debug][gc,heap        ] GC(71)   class space    used 1219K, committed 1536K, reserved 1048576K
[2026-08-02T15:53:35.842+0900][1603.189s][info ][gc,task        ] GC(71) Using 18 workers of 18 for evacuation
[2026-08-02T15:53:35.928+0900][1603.275s][info ][gc,phases      ] GC(71)   Pre Evacuate Collection Set: 0.1ms
[2026-08-02T15:53:35.928+0900][1603.275s][info ][gc,phases      ] GC(71)   Merge Heap Roots: 1.7ms
[2026-08-02T15:53:35.928+0900][1603.275s][info ][gc,phases      ] GC(71)   Evacuate Collection Set: 83.3ms
[2026-08-02T15:53:35.928+0900][1603.275s][info ][gc,phases      ] GC(71)   Post Evacuate Collection Set: 0.5ms
[2026-08-02T15:53:35.928+0900][1603.275s][info ][gc,phases      ] GC(71)   Other: 0.1ms
[2026-08-02T15:53:35.928+0900][1603.275s][info ][gc,heap        ] GC(71) Eden regions: 72->0(70)
[2026-08-02T15:53:35.928+0900][1603.275s][info ][gc,heap        ] GC(71) Survivor regions: 9->9(11)
[2026-08-02T15:53:35.928+0900][1603.275s][info ][gc,heap        ] GC(71) Old regions: 106->116
[2026-08-02T15:53:35.928+0900][1603.275s][info ][gc,heap        ] GC(71) Archive regions: 0->0
[2026-08-02T15:53:35.928+0900][1603.275s][info ][gc,heap        ] GC(71) Humongous regions: 1->1
[2026-08-02T15:53:35.928+0900][1603.275s][info ][gc,metaspace   ] GC(71) Metaspace: 13278K(13888K)->13278K(13888K) NonClass: 12059K(12352K)->12059K(12352K) Class: 1219K(1536K)->1219K(1536K)
[2026-08-02T15:53:35.928+0900][1603.275s][debug][gc,heap        ] GC(71) Heap after GC invocations=72 (full 33):
[2026-08-02T15:53:35.928+0900][1603.275s][debug][gc,heap        ] GC(71)  garbage-first heap   total 17956864K, used 4025612K [0x000001dd28000000, 0x0000021428000000)
[2026-08-02T15:53:35.928+0900][1603.275s][debug][gc,heap        ] GC(71)   region size 32768K, 9 young (294912K), 9 survivors (294912K)
[2026-08-02T15:53:35.928+0900][1603.275s][debug][gc,heap        ] GC(71)  Metaspace       used 13278K, committed 13888K, reserved 1114112K
[2026-08-02T15:53:35.928+0900][1603.275s][debug][gc,heap        ] GC(71)   class space    used 1219K, committed 1536K, reserved 1048576K
[2026-08-02T15:53:35.928+0900][1603.275s][info ][gc             ] GC(71) Pause Young (Normal) (G1 Evacuation Pause) 5938M->3931M(17536M) 86.123ms
[2026-08-02T15:53:35.928+0900][1603.275s][info ][gc,cpu         ] GC(71) User=1.27s Sys=0.12s Real=0.09s
[2026-08-02T15:53:35.928+0900][1603.275s][info ][safepoint      ] Safepoint "G1CollectForAllocation", Time since last: 1248030800 ns, Reaching safepoint: 101700 ns, At safepoint: 86184700 ns, Total: 86286400 ns
[2026-08-02T15:53:42.444+0900][1609.792s][info ][safepoint      ] Safepoint "ClassLoaderStatsOperation", Time since last: 6516302600 ns, Reaching safepoint: 47300 ns, At safepoint: 553900 ns, Total: 601200 ns
[2026-08-02T15:53:42.449+0900][1609.797s][info ][safepoint      ] Safepoint "JFRCheckpoint", Time since last: 2654500 ns, Reaching safepoint: 102100 ns, At safepoint: 1740200 ns, Total: 1842300 ns
[2026-08-02T15:53:42.453+0900][1609.801s][info ][safepoint      ] Safepoint "JFROldObject", Time since last: 3621500 ns, Reaching safepoint: 103000 ns, At safepoint: 78400 ns, Total: 181400 ns
[2026-08-02T15:53:42.523+0900][1609.870s][info ][gc,heap,exit   ] Heap
[2026-08-02T15:53:42.523+0900][1609.870s][info ][gc,heap,exit   ]  garbage-first heap   total 17956864K, used 4376852K [0x000001dd28000000, 0x0000021428000000)
[2026-08-02T15:53:42.523+0900][1609.870s][info ][gc,heap,exit   ]   region size 32768K, 20 young (655360K), 9 survivors (294912K)
[2026-08-02T15:53:42.523+0900][1609.870s][info ][gc,heap,exit   ]  Metaspace       used 13412K, committed 14080K, reserved 1114112K
[2026-08-02T15:53:42.523+0900][1609.870s][info ][gc,heap,exit   ]   class space    used 1244K, committed 1536K, reserved 1048576K
