[2026-08-02T15:53:44.204+0900][0.006s][info][gc,init] CardTable entry size: 512
[2026-08-02T15:53:44.204+0900][0.006s][debug][gc,heap] Minimum heap 33554432  Initial heap 2147483648  Maximum heap 236223201280
[2026-08-02T15:53:44.204+0900][0.006s][info ][gc     ] Using G1
[2026-08-02T15:53:44.211+0900][0.013s][info ][gc,init] Version: 18.0.1.1+2-6 (release)
[2026-08-02T15:53:44.211+0900][0.013s][info ][gc,init] CPUs: 24 total, 24 available
[2026-08-02T15:53:44.211+0900][0.013s][info ][gc,init] Memory: 255G
[2026-08-02T15:53:44.211+0900][0.013s][info ][gc,init] Large Page Support: Disabled
[2026-08-02T15:53:44.211+0900][0.013s][info ][gc,init] NUMA Support: Disabled
[2026-08-02T15:53:44.211+0900][0.014s][info ][gc,init] Compressed Oops: Disabled
[2026-08-02T15:53:44.211+0900][0.014s][info ][gc,init] Heap Region Size: 32M
[2026-08-02T15:53:44.211+0900][0.014s][info ][gc,init] Heap Min Capacity: 32M
[2026-08-02T15:53:44.211+0900][0.014s][info ][gc,init] Heap Initial Capacity: 2G
[2026-08-02T15:53:44.211+0900][0.014s][info ][gc,init] Heap Max Capacity: 220G
[2026-08-02T15:53:44.211+0900][0.014s][info ][gc,init] Pre-touch: Disabled
[2026-08-02T15:53:44.211+0900][0.014s][info ][gc,init] Parallel Workers: 18
[2026-08-02T15:53:44.211+0900][0.014s][info ][gc,init] Concurrent Workers: 5
[2026-08-02T15:53:44.211+0900][0.014s][info ][gc,init] Concurrent Refinement Workers: 18
[2026-08-02T15:53:44.211+0900][0.014s][info ][gc,init] Periodic GC: Disabled
[2026-08-02T15:53:44.212+0900][0.014s][info ][gc,metaspace] CDS archive(s) mapped at: [0x0000000800000000-0x0000000800ba0000-0x0000000800ba0000), size 12189696, SharedBaseAddress: 0x0000000800000000, ArchiveRelocationMode: 0.
[2026-08-02T15:53:44.212+0900][0.014s][info ][gc,metaspace] Compressed class space mapped at: 0x0000000800c00000-0x0000000840c00000, reserved size: 1073741824
[2026-08-02T15:53:44.212+0900][0.014s][info ][gc,metaspace] Narrow klass base: 0x0000000800000000, Narrow klass shift: 0, Narrow klass range: 0x100000000
[2026-08-02T15:53:44.443+0900][0.246s][info ][safepoint   ] Safepoint "ICBufferFull", Time since last: 226867600 ns, Reaching safepoint: 101400 ns, At safepoint: 10000 ns, Total: 111400 ns
[2026-08-02T15:53:44.487+0900][0.290s][info ][safepoint   ] Safepoint "RedefineClasses", Time since last: 38792500 ns, Reaching safepoint: 88900 ns, At safepoint: 4812500 ns, Total: 4901400 ns
[2026-08-02T15:53:44.529+0900][0.331s][info ][safepoint   ] Safepoint "ICBufferFull", Time since last: 41391100 ns, Reaching safepoint: 124900 ns, At safepoint: 11600 ns, Total: 136500 ns
[2026-08-02T15:53:44.539+0900][0.342s][info ][safepoint   ] Safepoint "JFRCheckpoint", Time since last: 10136100 ns, Reaching safepoint: 28200 ns, At safepoint: 15900 ns, Total: 44100 ns
[2026-08-02T15:53:44.544+0900][0.346s][info ][safepoint   ] Safepoint "JFROldObject", Time since last: 4799100 ns, Reaching safepoint: 32300 ns, At safepoint: 16300 ns, Total: 48600 ns
[2026-08-02T15:53:44.549+0900][0.352s][info ][safepoint   ] Safepoint "ClassLoaderStatsOperation", Time since last: 4824700 ns, Reaching safepoint: 19500 ns, At safepoint: 332400 ns, Total: 351900 ns
[2026-08-02T15:53:44.578+0900][0.381s][info ][gc,start    ] GC(0) Pause Full (System.gc())
[2026-08-02T15:53:44.578+0900][0.381s][debug][gc,heap     ] GC(0) Heap before GC invocations=0 (full 0):
[2026-08-02T15:53:44.578+0900][0.381s][debug][gc,heap     ] GC(0)  garbage-first heap   total 2097152K, used 32768K [0x000001e7b4000000, 0x0000021eb4000000)
[2026-08-02T15:53:44.578+0900][0.381s][debug][gc,heap     ] GC(0)   region size 32768K, 2 young (65536K), 0 survivors (0K)
[2026-08-02T15:53:44.578+0900][0.381s][debug][gc,heap     ] GC(0)  Metaspace       used 3803K, committed 3904K, reserved 1114112K
[2026-08-02T15:53:44.578+0900][0.381s][debug][gc,heap     ] GC(0)   class space    used 339K, committed 384K, reserved 1048576K
[2026-08-02T15:53:44.578+0900][0.381s][info ][gc,task     ] GC(0) Using 2 workers of 18 for full compaction
[2026-08-02T15:53:44.578+0900][0.381s][info ][gc,phases,start] GC(0) Phase 1: Mark live objects
[2026-08-02T15:53:44.582+0900][0.385s][info ][gc,phases      ] GC(0) Phase 1: Mark live objects 3.530ms
[2026-08-02T15:53:44.582+0900][0.385s][info ][gc,phases,start] GC(0) Phase 2: Prepare for compaction
[2026-08-02T15:53:44.585+0900][0.387s][info ][gc,phases      ] GC(0) Phase 2: Prepare for compaction 2.720ms
[2026-08-02T15:53:44.585+0900][0.387s][info ][gc,phases,start] GC(0) Phase 3: Adjust pointers
[2026-08-02T15:53:44.587+0900][0.389s][info ][gc,phases      ] GC(0) Phase 3: Adjust pointers 1.935ms
[2026-08-02T15:53:44.587+0900][0.389s][info ][gc,phases,start] GC(0) Phase 4: Compact heap
[2026-08-02T15:53:44.590+0900][0.393s][info ][gc,phases      ] GC(0) Phase 4: Compact heap 3.581ms
[2026-08-02T15:53:44.599+0900][0.401s][debug][gc,heap        ] GC(0) Uncommittable regions after shrink: 57
[2026-08-02T15:53:44.600+0900][0.403s][info ][gc,heap        ] GC(0) Eden regions: 2->0(1)
[2026-08-02T15:53:44.600+0900][0.403s][info ][gc,heap        ] GC(0) Survivor regions: 0->0(0)
[2026-08-02T15:53:44.600+0900][0.403s][info ][gc,heap        ] GC(0) Old regions: 0->2
[2026-08-02T15:53:44.600+0900][0.403s][info ][gc,heap        ] GC(0) Archive regions: 0->0
[2026-08-02T15:53:44.600+0900][0.403s][info ][gc,heap        ] GC(0) Humongous regions: 0->0
[2026-08-02T15:53:44.600+0900][0.403s][info ][gc,metaspace   ] GC(0) Metaspace: 3803K(3904K)->3803K(3904K) NonClass: 3464K(3520K)->3464K(3520K) Class: 339K(384K)->339K(384K)
[2026-08-02T15:53:44.600+0900][0.403s][debug][gc,heap        ] GC(0) Heap after GC invocations=1 (full 1):
[2026-08-02T15:53:44.600+0900][0.403s][debug][gc,heap        ] GC(0)  garbage-first heap   total 229376K, used 8471K [0x000001e7b4000000, 0x0000021eb4000000)
[2026-08-02T15:53:44.600+0900][0.403s][debug][gc,heap        ] GC(0)   region size 32768K, 0 young (0K), 0 survivors (0K)
[2026-08-02T15:53:44.600+0900][0.403s][debug][gc,heap        ] GC(0)  Metaspace       used 3803K, committed 3904K, reserved 1114112K
[2026-08-02T15:53:44.600+0900][0.403s][debug][gc,heap        ] GC(0)   class space    used 339K, committed 384K, reserved 1048576K
[2026-08-02T15:53:44.600+0900][0.403s][info ][gc             ] GC(0) Pause Full (System.gc()) 43M->8M(224M) 22.411ms
[2026-08-02T15:53:44.600+0900][0.403s][info ][gc,cpu         ] GC(0) User=0.02s Sys=0.00s Real=0.02s
[2026-08-02T15:53:44.600+0900][0.403s][info ][safepoint      ] Safepoint "G1CollectFull", Time since last: 29096300 ns, Reaching safepoint: 24700 ns, At safepoint: 22558600 ns, Total: 22583300 ns
[2026-08-02T15:53:44.821+0900][0.624s][debug][gc,heap        ] Concurrent Uncommit Summary: 1824M, 57 regions, 17.397ms
[2026-08-02T15:53:44.881+0900][0.684s][info ][gc,start       ] GC(1) Pause Full (System.gc())
[2026-08-02T15:53:44.881+0900][0.684s][debug][gc,heap        ] GC(1) Heap before GC invocations=1 (full 1):
[2026-08-02T15:53:44.881+0900][0.684s][debug][gc,heap        ] GC(1)  garbage-first heap   total 229376K, used 8471K [0x000001e7b4000000, 0x0000021eb4000000)
[2026-08-02T15:53:44.881+0900][0.684s][debug][gc,heap        ] GC(1)   region size 32768K, 1 young (32768K), 0 survivors (0K)
[2026-08-02T15:53:44.881+0900][0.684s][debug][gc,heap        ] GC(1)  Metaspace       used 8890K, committed 9152K, reserved 1114112K
[2026-08-02T15:53:44.881+0900][0.684s][debug][gc,heap        ] GC(1)   class space    used 830K, committed 960K, reserved 1048576K
[2026-08-02T15:53:44.881+0900][0.684s][info ][gc,task        ] GC(1) Using 1 workers of 18 for full compaction
[2026-08-02T15:53:44.881+0900][0.684s][info ][gc,phases,start] GC(1) Phase 1: Mark live objects
[2026-08-02T15:53:44.892+0900][0.694s][info ][gc,phases      ] GC(1) Phase 1: Mark live objects 10.560ms
[2026-08-02T15:53:44.892+0900][0.695s][info ][gc,phases,start] GC(1) Phase 2: Prepare for compaction
[2026-08-02T15:53:44.894+0900][0.697s][info ][gc,phases      ] GC(1) Phase 2: Prepare for compaction 2.313ms
[2026-08-02T15:53:44.894+0900][0.697s][info ][gc,phases,start] GC(1) Phase 3: Adjust pointers
[2026-08-02T15:53:44.899+0900][0.702s][info ][gc,phases      ] GC(1) Phase 3: Adjust pointers 4.672ms
[2026-08-02T15:53:44.899+0900][0.702s][info ][gc,phases,start] GC(1) Phase 4: Compact heap
[2026-08-02T15:53:44.903+0900][0.705s][info ][gc,phases      ] GC(1) Phase 4: Compact heap 3.316ms
[2026-08-02T15:53:44.904+0900][0.706s][debug][gc,heap        ] GC(1) Uncommittable regions after shrink: 3
[2026-08-02T15:53:44.905+0900][0.707s][info ][gc,heap        ] GC(1) Eden regions: 1->0(1)
[2026-08-02T15:53:44.905+0900][0.707s][info ][gc,heap        ] GC(1) Survivor regions: 0->0(0)
[2026-08-02T15:53:44.905+0900][0.707s][info ][gc,heap        ] GC(1) Old regions: 2->1
[2026-08-02T15:53:44.905+0900][0.707s][info ][gc,heap        ] GC(1) Archive regions: 0->0
[2026-08-02T15:53:44.905+0900][0.707s][info ][gc,heap        ] GC(1) Humongous regions: 0->0
[2026-08-02T15:53:44.905+0900][0.707s][info ][gc,metaspace   ] GC(1) Metaspace: 8890K(9152K)->8890K(9152K) NonClass: 8059K(8192K)->8059K(8192K) Class: 830K(960K)->830K(960K)
[2026-08-02T15:53:44.905+0900][0.707s][debug][gc,heap        ] GC(1) Heap after GC invocations=2 (full 2):
[2026-08-02T15:53:44.905+0900][0.707s][debug][gc,heap        ] GC(1)  garbage-first heap   total 131072K, used 11700K [0x000001e7b4000000, 0x0000021eb4000000)
[2026-08-02T15:53:44.905+0900][0.707s][debug][gc,heap        ] GC(1)   region size 32768K, 0 young (0K), 0 survivors (0K)
[2026-08-02T15:53:44.905+0900][0.707s][debug][gc,heap        ] GC(1)  Metaspace       used 8890K, committed 9152K, reserved 1114112K
[2026-08-02T15:53:44.905+0900][0.707s][debug][gc,heap        ] GC(1)   class space    used 830K, committed 960K, reserved 1048576K
[2026-08-02T15:53:44.905+0900][0.707s][info ][gc             ] GC(1) Pause Full (System.gc()) 26M->11M(128M) 23.568ms
[2026-08-02T15:53:44.905+0900][0.707s][info ][gc,cpu         ] GC(1) User=0.03s Sys=0.00s Real=0.02s
[2026-08-02T15:53:44.905+0900][0.707s][info ][safepoint      ] Safepoint "G1CollectFull", Time since last: 280358000 ns, Reaching safepoint: 108500 ns, At safepoint: 23690700 ns, Total: 23799200 ns
[2026-08-02T15:53:44.985+0900][0.788s][info ][gc,start       ] GC(2) Pause Full (System.gc())
[2026-08-02T15:53:44.986+0900][0.788s][debug][gc,heap        ] GC(2) Heap before GC invocations=2 (full 2):
[2026-08-02T15:53:44.986+0900][0.788s][debug][gc,heap        ] GC(2)  garbage-first heap   total 131072K, used 11700K [0x000001e7b4000000, 0x0000021eb4000000)
[2026-08-02T15:53:44.986+0900][0.788s][debug][gc,heap        ] GC(2)   region size 32768K, 1 young (32768K), 0 survivors (0K)
[2026-08-02T15:53:44.986+0900][0.788s][debug][gc,heap        ] GC(2)  Metaspace       used 9255K, committed 9536K, reserved 1114112K
[2026-08-02T15:53:44.986+0900][0.788s][debug][gc,heap        ] GC(2)   class space    used 875K, committed 1024K, reserved 1048576K
[2026-08-02T15:53:44.986+0900][0.788s][info ][gc,task        ] GC(2) Using 1 workers of 18 for full compaction
[2026-08-02T15:53:44.986+0900][0.789s][info ][gc,phases,start] GC(2) Phase 1: Mark live objects
[2026-08-02T15:53:45.006+0900][0.808s][info ][gc,phases      ] GC(2) Phase 1: Mark live objects 19.342ms
[2026-08-02T15:53:45.006+0900][0.808s][info ][gc,phases,start] GC(2) Phase 2: Prepare for compaction
[2026-08-02T15:53:45.010+0900][0.813s][info ][gc,phases      ] GC(2) Phase 2: Prepare for compaction 4.642ms
[2026-08-02T15:53:45.010+0900][0.813s][info ][gc,phases,start] GC(2) Phase 3: Adjust pointers
[2026-08-02T15:53:45.019+0900][0.822s][info ][gc,phases      ] GC(2) Phase 3: Adjust pointers 8.877ms
[2026-08-02T15:53:45.019+0900][0.822s][info ][gc,phases,start] GC(2) Phase 4: Compact heap
[2026-08-02T15:53:45.024+0900][0.826s][info ][gc,phases      ] GC(2) Phase 4: Compact heap 4.873ms
[2026-08-02T15:53:45.026+0900][0.828s][info ][gc,heap        ] GC(2) Eden regions: 1->0(1)
[2026-08-02T15:53:45.026+0900][0.828s][info ][gc,heap        ] GC(2) Survivor regions: 0->0(0)
[2026-08-02T15:53:45.026+0900][0.828s][info ][gc,heap        ] GC(2) Old regions: 1->1
[2026-08-02T15:53:45.026+0900][0.828s][info ][gc,heap        ] GC(2) Archive regions: 0->0
[2026-08-02T15:53:45.026+0900][0.828s][info ][gc,heap        ] GC(2) Humongous regions: 0->0
[2026-08-02T15:53:45.026+0900][0.828s][info ][gc,metaspace   ] GC(2) Metaspace: 9255K(9536K)->9255K(9536K) NonClass: 8379K(8512K)->8379K(8512K) Class: 875K(1024K)->875K(1024K)
[2026-08-02T15:53:45.026+0900][0.828s][debug][gc,heap        ] GC(2) Heap after GC invocations=3 (full 3):
[2026-08-02T15:53:45.026+0900][0.828s][debug][gc,heap        ] GC(2)  garbage-first heap   total 131072K, used 17839K [0x000001e7b4000000, 0x0000021eb4000000)
[2026-08-02T15:53:45.026+0900][0.828s][debug][gc,heap        ] GC(2)   region size 32768K, 0 young (0K), 0 survivors (0K)
[2026-08-02T15:53:45.026+0900][0.828s][debug][gc,heap        ] GC(2)  Metaspace       used 9255K, committed 9536K, reserved 1114112K
[2026-08-02T15:53:45.026+0900][0.828s][debug][gc,heap        ] GC(2)   class space    used 875K, committed 1024K, reserved 1048576K
[2026-08-02T15:53:45.026+0900][0.828s][info ][gc             ] GC(2) Pause Full (System.gc()) 30M->17M(128M) 40.076ms
[2026-08-02T15:53:45.026+0900][0.828s][info ][gc,cpu         ] GC(2) User=0.03s Sys=0.00s Real=0.04s
[2026-08-02T15:53:45.026+0900][0.829s][info ][safepoint      ] Safepoint "G1CollectFull", Time since last: 80909600 ns, Reaching safepoint: 64300 ns, At safepoint: 40261800 ns, Total: 40326100 ns
[2026-08-02T15:53:45.028+0900][0.830s][debug][gc,heap        ] Concurrent Uncommit Summary: 98304K, 3 regions, 1.778ms
[2026-08-02T15:53:45.044+0900][0.847s][info ][gc,start       ] GC(3) Pause Full (System.gc())
[2026-08-02T15:53:45.044+0900][0.847s][debug][gc,heap        ] GC(3) Heap before GC invocations=3 (full 3):
[2026-08-02T15:53:45.044+0900][0.847s][debug][gc,heap        ] GC(3)  garbage-first heap   total 131072K, used 17839K [0x000001e7b4000000, 0x0000021eb4000000)
[2026-08-02T15:53:45.044+0900][0.847s][debug][gc,heap        ] GC(3)   region size 32768K, 1 young (32768K), 0 survivors (0K)
[2026-08-02T15:53:45.044+0900][0.847s][debug][gc,heap        ] GC(3)  Metaspace       used 9428K, committed 9728K, reserved 1114112K
[2026-08-02T15:53:45.044+0900][0.847s][debug][gc,heap        ] GC(3)   class space    used 895K, committed 1024K, reserved 1048576K
[2026-08-02T15:53:45.044+0900][0.847s][info ][gc,task        ] GC(3) Using 1 workers of 18 for full compaction
[2026-08-02T15:53:45.044+0900][0.847s][info ][gc,phases,start] GC(3) Phase 1: Mark live objects
[2026-08-02T15:53:45.061+0900][0.864s][info ][gc,phases      ] GC(3) Phase 1: Mark live objects 16.676ms
[2026-08-02T15:53:45.061+0900][0.864s][info ][gc,phases,start] GC(3) Phase 2: Prepare for compaction
[2026-08-02T15:53:45.064+0900][0.867s][info ][gc,phases      ] GC(3) Phase 2: Prepare for compaction 2.976ms
[2026-08-02T15:53:45.064+0900][0.867s][info ][gc,phases,start] GC(3) Phase 3: Adjust pointers
[2026-08-02T15:53:45.071+0900][0.874s][info ][gc,phases      ] GC(3) Phase 3: Adjust pointers 7.116ms
[2026-08-02T15:53:45.071+0900][0.874s][info ][gc,phases,start] GC(3) Phase 4: Compact heap
[2026-08-02T15:53:45.074+0900][0.877s][info ][gc,phases      ] GC(3) Phase 4: Compact heap 2.516ms
[2026-08-02T15:53:45.076+0900][0.879s][info ][gc,heap        ] GC(3) Eden regions: 1->0(1)
[2026-08-02T15:53:45.076+0900][0.879s][info ][gc,heap        ] GC(3) Survivor regions: 0->0(0)
[2026-08-02T15:53:45.076+0900][0.879s][info ][gc,heap        ] GC(3) Old regions: 1->1
[2026-08-02T15:53:45.076+0900][0.879s][info ][gc,heap        ] GC(3) Archive regions: 0->0
[2026-08-02T15:53:45.076+0900][0.879s][info ][gc,heap        ] GC(3) Humongous regions: 0->0
[2026-08-02T15:53:45.076+0900][0.879s][info ][gc,metaspace   ] GC(3) Metaspace: 9428K(9728K)->9428K(9728K) NonClass: 8532K(8704K)->8532K(8704K) Class: 895K(1024K)->895K(1024K)
[2026-08-02T15:53:45.076+0900][0.879s][debug][gc,heap        ] GC(3) Heap after GC invocations=4 (full 4):
[2026-08-02T15:53:45.076+0900][0.879s][debug][gc,heap        ] GC(3)  garbage-first heap   total 131072K, used 17900K [0x000001e7b4000000, 0x0000021eb4000000)
[2026-08-02T15:53:45.076+0900][0.879s][debug][gc,heap        ] GC(3)   region size 32768K, 0 young (0K), 0 survivors (0K)
[2026-08-02T15:53:45.076+0900][0.879s][debug][gc,heap        ] GC(3)  Metaspace       used 9428K, committed 9728K, reserved 1114112K
[2026-08-02T15:53:45.076+0900][0.879s][debug][gc,heap        ] GC(3)   class space    used 895K, committed 1024K, reserved 1048576K
[2026-08-02T15:53:45.076+0900][0.879s][info ][gc             ] GC(3) Pause Full (System.gc()) 19M->17M(128M) 31.545ms
[2026-08-02T15:53:45.076+0900][0.879s][info ][gc,cpu         ] GC(3) User=0.05s Sys=0.02s Real=0.03s
[2026-08-02T15:53:45.077+0900][0.879s][info ][safepoint      ] Safepoint "G1CollectFull", Time since last: 18615400 ns, Reaching safepoint: 50500 ns, At safepoint: 31698400 ns, Total: 31748900 ns
[2026-08-02T15:53:45.080+0900][0.883s][info ][gc,start       ] GC(4) Pause Full (System.gc())
[2026-08-02T15:53:45.080+0900][0.883s][debug][gc,heap        ] GC(4) Heap before GC invocations=4 (full 4):
[2026-08-02T15:53:45.080+0900][0.883s][debug][gc,heap        ] GC(4)  garbage-first heap   total 131072K, used 17900K [0x000001e7b4000000, 0x0000021eb4000000)
[2026-08-02T15:53:45.080+0900][0.883s][debug][gc,heap        ] GC(4)   region size 32768K, 1 young (32768K), 0 survivors (0K)
[2026-08-02T15:53:45.080+0900][0.883s][debug][gc,heap        ] GC(4)  Metaspace       used 9442K, committed 9728K, reserved 1114112K
[2026-08-02T15:53:45.080+0900][0.883s][debug][gc,heap        ] GC(4)   class space    used 895K, committed 1024K, reserved 1048576K
[2026-08-02T15:53:45.080+0900][0.883s][info ][gc,task        ] GC(4) Using 1 workers of 18 for full compaction
[2026-08-02T15:53:45.080+0900][0.883s][info ][gc,phases,start] GC(4) Phase 1: Mark live objects
[2026-08-02T15:53:45.097+0900][0.900s][info ][gc,phases      ] GC(4) Phase 1: Mark live objects 16.852ms
[2026-08-02T15:53:45.097+0900][0.900s][info ][gc,phases,start] GC(4) Phase 2: Prepare for compaction
[2026-08-02T15:53:45.099+0900][0.903s][info ][gc,phases      ] GC(4) Phase 2: Prepare for compaction 2.915ms
[2026-08-02T15:53:45.100+0900][0.903s][info ][gc,phases,start] GC(4) Phase 3: Adjust pointers
[2026-08-02T15:53:45.106+0900][0.909s][info ][gc,phases      ] GC(4) Phase 3: Adjust pointers 6.583ms
[2026-08-02T15:53:45.106+0900][0.909s][info ][gc,phases,start] GC(4) Phase 4: Compact heap
[2026-08-02T15:53:45.109+0900][0.911s][info ][gc,phases      ] GC(4) Phase 4: Compact heap 2.232ms
[2026-08-02T15:53:45.110+0900][0.913s][info ][gc,heap        ] GC(4) Eden regions: 1->0(1)
[2026-08-02T15:53:45.110+0900][0.913s][info ][gc,heap        ] GC(4) Survivor regions: 0->0(0)
[2026-08-02T15:53:45.110+0900][0.913s][info ][gc,heap        ] GC(4) Old regions: 1->1
[2026-08-02T15:53:45.110+0900][0.913s][info ][gc,heap        ] GC(4) Archive regions: 0->0
[2026-08-02T15:53:45.110+0900][0.913s][info ][gc,heap        ] GC(4) Humongous regions: 0->0
[2026-08-02T15:53:45.110+0900][0.913s][info ][gc,metaspace   ] GC(4) Metaspace: 9442K(9728K)->9442K(9728K) NonClass: 8547K(8704K)->8547K(8704K) Class: 895K(1024K)->895K(1024K)
[2026-08-02T15:53:45.110+0900][0.913s][debug][gc,heap        ] GC(4) Heap after GC invocations=5 (full 5):
[2026-08-02T15:53:45.111+0900][0.913s][debug][gc,heap        ] GC(4)  garbage-first heap   total 131072K, used 17908K [0x000001e7b4000000, 0x0000021eb4000000)
[2026-08-02T15:53:45.111+0900][0.913s][debug][gc,heap        ] GC(4)   region size 32768K, 0 young (0K), 0 survivors (0K)
[2026-08-02T15:53:45.111+0900][0.913s][debug][gc,heap        ] GC(4)  Metaspace       used 9442K, committed 9728K, reserved 1114112K
[2026-08-02T15:53:45.111+0900][0.913s][debug][gc,heap        ] GC(4)   class space    used 895K, committed 1024K, reserved 1048576K
[2026-08-02T15:53:45.111+0900][0.913s][info ][gc             ] GC(4) Pause Full (System.gc()) 18M->17M(128M) 30.678ms
[2026-08-02T15:53:45.111+0900][0.913s][info ][gc,cpu         ] GC(4) User=0.03s Sys=0.00s Real=0.03s
[2026-08-02T15:53:45.111+0900][0.913s][info ][safepoint      ] Safepoint "G1CollectFull", Time since last: 3517200 ns, Reaching safepoint: 33100 ns, At safepoint: 30794700 ns, Total: 30827800 ns
[2026-08-02T15:53:45.114+0900][0.916s][info ][gc,start       ] GC(5) Pause Full (System.gc())
[2026-08-02T15:53:45.114+0900][0.916s][debug][gc,heap        ] GC(5) Heap before GC invocations=5 (full 5):
[2026-08-02T15:53:45.114+0900][0.916s][debug][gc,heap        ] GC(5)  garbage-first heap   total 131072K, used 17908K [0x000001e7b4000000, 0x0000021eb4000000)
[2026-08-02T15:53:45.114+0900][0.916s][debug][gc,heap        ] GC(5)   region size 32768K, 1 young (32768K), 0 survivors (0K)
[2026-08-02T15:53:45.114+0900][0.916s][debug][gc,heap        ] GC(5)  Metaspace       used 9454K, committed 9728K, reserved 1114112K
[2026-08-02T15:53:45.114+0900][0.916s][debug][gc,heap        ] GC(5)   class space    used 895K, committed 1024K, reserved 1048576K
[2026-08-02T15:53:45.114+0900][0.916s][info ][gc,task        ] GC(5) Using 1 workers of 18 for full compaction
[2026-08-02T15:53:45.114+0900][0.917s][info ][gc,phases,start] GC(5) Phase 1: Mark live objects
[2026-08-02T15:53:45.128+0900][0.930s][info ][gc,phases      ] GC(5) Phase 1: Mark live objects 13.890ms
[2026-08-02T15:53:45.128+0900][0.931s][info ][gc,phases,start] GC(5) Phase 2: Prepare for compaction
[2026-08-02T15:53:45.131+0900][0.933s][info ][gc,phases      ] GC(5) Phase 2: Prepare for compaction 2.685ms
[2026-08-02T15:53:45.131+0900][0.933s][info ][gc,phases,start] GC(5) Phase 3: Adjust pointers
[2026-08-02T15:53:45.137+0900][0.939s][info ][gc,phases      ] GC(5) Phase 3: Adjust pointers 6.025ms
[2026-08-02T15:53:45.137+0900][0.939s][info ][gc,phases,start] GC(5) Phase 4: Compact heap
[2026-08-02T15:53:45.139+0900][0.941s][info ][gc,phases      ] GC(5) Phase 4: Compact heap 2.118ms
[2026-08-02T15:53:45.140+0900][0.943s][info ][gc,heap        ] GC(5) Eden regions: 1->0(1)
[2026-08-02T15:53:45.140+0900][0.943s][info ][gc,heap        ] GC(5) Survivor regions: 0->0(0)
[2026-08-02T15:53:45.140+0900][0.943s][info ][gc,heap        ] GC(5) Old regions: 1->1
[2026-08-02T15:53:45.140+0900][0.943s][info ][gc,heap        ] GC(5) Archive regions: 0->0
[2026-08-02T15:53:45.140+0900][0.943s][info ][gc,heap        ] GC(5) Humongous regions: 0->0
[2026-08-02T15:53:45.140+0900][0.943s][info ][gc,metaspace   ] GC(5) Metaspace: 9454K(9728K)->9454K(9728K) NonClass: 8558K(8704K)->8558K(8704K) Class: 895K(1024K)->895K(1024K)
[2026-08-02T15:53:45.140+0900][0.943s][debug][gc,heap        ] GC(5) Heap after GC invocations=6 (full 6):
[2026-08-02T15:53:45.140+0900][0.943s][debug][gc,heap        ] GC(5)  garbage-first heap   total 131072K, used 17917K [0x000001e7b4000000, 0x0000021eb4000000)
[2026-08-02T15:53:45.140+0900][0.943s][debug][gc,heap        ] GC(5)   region size 32768K, 0 young (0K), 0 survivors (0K)
[2026-08-02T15:53:45.140+0900][0.943s][debug][gc,heap        ] GC(5)  Metaspace       used 9454K, committed 9728K, reserved 1114112K
[2026-08-02T15:53:45.140+0900][0.943s][debug][gc,heap        ] GC(5)   class space    used 895K, committed 1024K, reserved 1048576K
[2026-08-02T15:53:45.140+0900][0.943s][info ][gc             ] GC(5) Pause Full (System.gc()) 18M->17M(128M) 26.732ms
[2026-08-02T15:53:45.140+0900][0.943s][info ][gc,cpu         ] GC(5) User=0.03s Sys=0.00s Real=0.03s
[2026-08-02T15:53:45.140+0900][0.943s][info ][safepoint      ] Safepoint "G1CollectFull", Time since last: 3042000 ns, Reaching safepoint: 27400 ns, At safepoint: 26851600 ns, Total: 26879000 ns
[2026-08-02T15:53:45.144+0900][0.946s][info ][gc,start       ] GC(6) Pause Full (System.gc())
[2026-08-02T15:53:45.144+0900][0.946s][debug][gc,heap        ] GC(6) Heap before GC invocations=6 (full 6):
[2026-08-02T15:53:45.144+0900][0.946s][debug][gc,heap        ] GC(6)  garbage-first heap   total 131072K, used 17917K [0x000001e7b4000000, 0x0000021eb4000000)
[2026-08-02T15:53:45.144+0900][0.946s][debug][gc,heap        ] GC(6)   region size 32768K, 1 young (32768K), 0 survivors (0K)
[2026-08-02T15:53:45.144+0900][0.946s][debug][gc,heap        ] GC(6)  Metaspace       used 9475K, committed 9792K, reserved 1114112K
[2026-08-02T15:53:45.144+0900][0.946s][debug][gc,heap        ] GC(6)   class space    used 895K, committed 1024K, reserved 1048576K
[2026-08-02T15:53:45.144+0900][0.946s][info ][gc,task        ] GC(6) Using 1 workers of 18 for full compaction
[2026-08-02T15:53:45.144+0900][0.946s][info ][gc,phases,start] GC(6) Phase 1: Mark live objects
[2026-08-02T15:53:45.158+0900][0.961s][info ][gc,phases      ] GC(6) Phase 1: Mark live objects 14.513ms
[2026-08-02T15:53:45.158+0900][0.961s][info ][gc,phases,start] GC(6) Phase 2: Prepare for compaction
[2026-08-02T15:53:45.162+0900][0.964s][info ][gc,phases      ] GC(6) Phase 2: Prepare for compaction 2.873ms
[2026-08-02T15:53:45.162+0900][0.964s][info ][gc,phases,start] GC(6) Phase 3: Adjust pointers
[2026-08-02T15:53:45.168+0900][0.970s][info ][gc,phases      ] GC(6) Phase 3: Adjust pointers 6.372ms
[2026-08-02T15:53:45.168+0900][0.970s][info ][gc,phases,start] GC(6) Phase 4: Compact heap
[2026-08-02T15:53:45.170+0900][0.973s][info ][gc,phases      ] GC(6) Phase 4: Compact heap 2.198ms
[2026-08-02T15:53:45.171+0900][0.974s][info ][gc,heap        ] GC(6) Eden regions: 1->0(1)
[2026-08-02T15:53:45.171+0900][0.974s][info ][gc,heap        ] GC(6) Survivor regions: 0->0(0)
[2026-08-02T15:53:45.171+0900][0.974s][info ][gc,heap        ] GC(6) Old regions: 1->1
[2026-08-02T15:53:45.171+0900][0.974s][info ][gc,heap        ] GC(6) Archive regions: 0->0
[2026-08-02T15:53:45.171+0900][0.974s][info ][gc,heap        ] GC(6) Humongous regions: 0->0
[2026-08-02T15:53:45.171+0900][0.974s][info ][gc,metaspace   ] GC(6) Metaspace: 9475K(9792K)->9475K(9792K) NonClass: 8579K(8768K)->8579K(8768K) Class: 895K(1024K)->895K(1024K)
[2026-08-02T15:53:45.171+0900][0.974s][debug][gc,heap        ] GC(6) Heap after GC invocations=7 (full 7):
[2026-08-02T15:53:45.171+0900][0.974s][debug][gc,heap        ] GC(6)  garbage-first heap   total 131072K, used 17927K [0x000001e7b4000000, 0x0000021eb4000000)
[2026-08-02T15:53:45.171+0900][0.974s][debug][gc,heap        ] GC(6)   region size 32768K, 0 young (0K), 0 survivors (0K)
[2026-08-02T15:53:45.171+0900][0.974s][debug][gc,heap        ] GC(6)  Metaspace       used 9475K, committed 9792K, reserved 1114112K
[2026-08-02T15:53:45.171+0900][0.974s][debug][gc,heap        ] GC(6)   class space    used 895K, committed 1024K, reserved 1048576K
[2026-08-02T15:53:45.171+0900][0.974s][info ][gc             ] GC(6) Pause Full (System.gc()) 19M->17M(128M) 27.965ms
[2026-08-02T15:53:45.171+0900][0.974s][info ][gc,cpu         ] GC(6) User=0.03s Sys=0.00s Real=0.03s
[2026-08-02T15:53:45.171+0900][0.974s][info ][safepoint      ] Safepoint "G1CollectFull", Time since last: 2960100 ns, Reaching safepoint: 51500 ns, At safepoint: 28088100 ns, Total: 28139600 ns
[2026-08-02T15:53:45.174+0900][0.977s][info ][gc,start       ] GC(7) Pause Full (System.gc())
[2026-08-02T15:53:45.174+0900][0.977s][debug][gc,heap        ] GC(7) Heap before GC invocations=7 (full 7):
[2026-08-02T15:53:45.174+0900][0.977s][debug][gc,heap        ] GC(7)  garbage-first heap   total 131072K, used 17927K [0x000001e7b4000000, 0x0000021eb4000000)
[2026-08-02T15:53:45.174+0900][0.977s][debug][gc,heap        ] GC(7)   region size 32768K, 1 young (32768K), 0 survivors (0K)
[2026-08-02T15:53:45.174+0900][0.977s][debug][gc,heap        ] GC(7)  Metaspace       used 9487K, committed 9792K, reserved 1114112K
[2026-08-02T15:53:45.174+0900][0.977s][debug][gc,heap        ] GC(7)   class space    used 895K, committed 1024K, reserved 1048576K
[2026-08-02T15:53:45.174+0900][0.977s][info ][gc,task        ] GC(7) Using 1 workers of 18 for full compaction
[2026-08-02T15:53:45.174+0900][0.978s][info ][gc,phases,start] GC(7) Phase 1: Mark live objects
[2026-08-02T15:53:45.189+0900][0.991s][info ][gc,phases      ] GC(7) Phase 1: Mark live objects 13.815ms
[2026-08-02T15:53:45.189+0900][0.991s][info ][gc,phases,start] GC(7) Phase 2: Prepare for compaction
[2026-08-02T15:53:45.192+0900][0.994s][info ][gc,phases      ] GC(7) Phase 2: Prepare for compaction 2.595ms
[2026-08-02T15:53:45.192+0900][0.994s][info ][gc,phases,start] GC(7) Phase 3: Adjust pointers
[2026-08-02T15:53:45.198+0900][1.000s][info ][gc,phases      ] GC(7) Phase 3: Adjust pointers 6.137ms
[2026-08-02T15:53:45.198+0900][1.000s][info ][gc,phases,start] GC(7) Phase 4: Compact heap
[2026-08-02T15:53:45.199+0900][1.002s][info ][gc,phases      ] GC(7) Phase 4: Compact heap 2.079ms
[2026-08-02T15:53:45.201+0900][1.004s][info ][gc,heap        ] GC(7) Eden regions: 1->0(1)
[2026-08-02T15:53:45.202+0900][1.004s][info ][gc,heap        ] GC(7) Survivor regions: 0->0(0)
[2026-08-02T15:53:45.202+0900][1.004s][info ][gc,heap        ] GC(7) Old regions: 1->1
[2026-08-02T15:53:45.202+0900][1.004s][info ][gc,heap        ] GC(7) Archive regions: 0->0
[2026-08-02T15:53:45.202+0900][1.004s][info ][gc,heap        ] GC(7) Humongous regions: 0->0
[2026-08-02T15:53:45.202+0900][1.004s][info ][gc,metaspace   ] GC(7) Metaspace: 9487K(9792K)->9487K(9792K) NonClass: 8591K(8768K)->8591K(8768K) Class: 895K(1024K)->895K(1024K)
[2026-08-02T15:53:45.202+0900][1.004s][debug][gc,heap        ] GC(7) Heap after GC invocations=8 (full 8):
[2026-08-02T15:53:45.202+0900][1.004s][debug][gc,heap        ] GC(7)  garbage-first heap   total 131072K, used 17935K [0x000001e7b4000000, 0x0000021eb4000000)
[2026-08-02T15:53:45.202+0900][1.004s][debug][gc,heap        ] GC(7)   region size 32768K, 0 young (0K), 0 survivors (0K)
[2026-08-02T15:53:45.202+0900][1.004s][debug][gc,heap        ] GC(7)  Metaspace       used 9487K, committed 9792K, reserved 1114112K
[2026-08-02T15:53:45.202+0900][1.004s][debug][gc,heap        ] GC(7)   class space    used 895K, committed 1024K, reserved 1048576K
[2026-08-02T15:53:45.202+0900][1.004s][info ][gc             ] GC(7) Pause Full (System.gc()) 18M->17M(128M) 26.700ms
[2026-08-02T15:53:45.202+0900][1.004s][info ][gc,cpu         ] GC(7) User=0.03s Sys=0.00s Real=0.03s
[2026-08-02T15:53:45.202+0900][1.004s][info ][safepoint      ] Safepoint "G1CollectFull", Time since last: 2945300 ns, Reaching safepoint: 32700 ns, At safepoint: 26817500 ns, Total: 26850200 ns
[2026-08-02T15:53:45.204+0900][1.006s][info ][gc,start       ] GC(8) Pause Full (System.gc())
[2026-08-02T15:53:45.204+0900][1.007s][debug][gc,heap        ] GC(8) Heap before GC invocations=8 (full 8):
[2026-08-02T15:53:45.204+0900][1.007s][debug][gc,heap        ] GC(8)  garbage-first heap   total 131072K, used 17935K [0x000001e7b4000000, 0x0000021eb4000000)
[2026-08-02T15:53:45.204+0900][1.007s][debug][gc,heap        ] GC(8)   region size 32768K, 1 young (32768K), 0 survivors (0K)
[2026-08-02T15:53:45.204+0900][1.007s][debug][gc,heap        ] GC(8)  Metaspace       used 9499K, committed 9792K, reserved 1114112K
[2026-08-02T15:53:45.204+0900][1.007s][debug][gc,heap        ] GC(8)   class space    used 895K, committed 1024K, reserved 1048576K
[2026-08-02T15:53:45.204+0900][1.007s][info ][gc,task        ] GC(8) Using 1 workers of 18 for full compaction
[2026-08-02T15:53:45.204+0900][1.007s][info ][gc,phases,start] GC(8) Phase 1: Mark live objects
[2026-08-02T15:53:45.218+0900][1.021s][info ][gc,phases      ] GC(8) Phase 1: Mark live objects 13.894ms
[2026-08-02T15:53:45.218+0900][1.021s][info ][gc,phases,start] GC(8) Phase 2: Prepare for compaction
[2026-08-02T15:53:45.221+0900][1.023s][info ][gc,phases      ] GC(8) Phase 2: Prepare for compaction 2.756ms
[2026-08-02T15:53:45.221+0900][1.023s][info ][gc,phases,start] GC(8) Phase 3: Adjust pointers
[2026-08-02T15:53:45.227+0900][1.030s][info ][gc,phases      ] GC(8) Phase 3: Adjust pointers 6.208ms
[2026-08-02T15:53:45.227+0900][1.030s][info ][gc,phases,start] GC(8) Phase 4: Compact heap
[2026-08-02T15:53:45.229+0900][1.032s][info ][gc,phases      ] GC(8) Phase 4: Compact heap 2.115ms
[2026-08-02T15:53:45.230+0900][1.033s][info ][gc,heap        ] GC(8) Eden regions: 1->0(1)
[2026-08-02T15:53:45.230+0900][1.033s][info ][gc,heap        ] GC(8) Survivor regions: 0->0(0)
[2026-08-02T15:53:45.230+0900][1.033s][info ][gc,heap        ] GC(8) Old regions: 1->1
[2026-08-02T15:53:45.230+0900][1.033s][info ][gc,heap        ] GC(8) Archive regions: 0->0
[2026-08-02T15:53:45.230+0900][1.033s][info ][gc,heap        ] GC(8) Humongous regions: 0->0
[2026-08-02T15:53:45.231+0900][1.034s][info ][gc,metaspace   ] GC(8) Metaspace: 9499K(9792K)->9499K(9792K) NonClass: 8604K(8768K)->8604K(8768K) Class: 895K(1024K)->895K(1024K)
[2026-08-02T15:53:45.231+0900][1.034s][debug][gc,heap        ] GC(8) Heap after GC invocations=9 (full 9):
[2026-08-02T15:53:45.231+0900][1.034s][debug][gc,heap        ] GC(8)  garbage-first heap   total 131072K, used 17944K [0x000001e7b4000000, 0x0000021eb4000000)
[2026-08-02T15:53:45.231+0900][1.034s][debug][gc,heap        ] GC(8)   region size 32768K, 0 young (0K), 0 survivors (0K)
[2026-08-02T15:53:45.231+0900][1.034s][debug][gc,heap        ] GC(8)  Metaspace       used 9499K, committed 9792K, reserved 1114112K
[2026-08-02T15:53:45.231+0900][1.034s][debug][gc,heap        ] GC(8)   class space    used 895K, committed 1024K, reserved 1048576K
[2026-08-02T15:53:45.231+0900][1.034s][info ][gc             ] GC(8) Pause Full (System.gc()) 18M->17M(128M) 27.135ms
[2026-08-02T15:53:45.231+0900][1.034s][info ][gc,cpu         ] GC(8) User=0.02s Sys=0.02s Real=0.03s
[2026-08-02T15:53:45.231+0900][1.034s][info ][safepoint      ] Safepoint "G1CollectFull", Time since last: 2320500 ns, Reaching safepoint: 23200 ns, At safepoint: 27247900 ns, Total: 27271100 ns
[2026-08-02T15:53:45.233+0900][1.036s][info ][gc,start       ] GC(9) Pause Full (System.gc())
[2026-08-02T15:53:45.233+0900][1.036s][debug][gc,heap        ] GC(9) Heap before GC invocations=9 (full 9):
[2026-08-02T15:53:45.233+0900][1.036s][debug][gc,heap        ] GC(9)  garbage-first heap   total 131072K, used 17944K [0x000001e7b4000000, 0x0000021eb4000000)
[2026-08-02T15:53:45.233+0900][1.036s][debug][gc,heap        ] GC(9)   region size 32768K, 1 young (32768K), 0 survivors (0K)
[2026-08-02T15:53:45.233+0900][1.036s][debug][gc,heap        ] GC(9)  Metaspace       used 9516K, committed 9792K, reserved 1114112K
[2026-08-02T15:53:45.233+0900][1.036s][debug][gc,heap        ] GC(9)   class space    used 895K, committed 1024K, reserved 1048576K
[2026-08-02T15:53:45.233+0900][1.036s][info ][gc,task        ] GC(9) Using 1 workers of 18 for full compaction
[2026-08-02T15:53:45.234+0900][1.036s][info ][gc,phases,start] GC(9) Phase 1: Mark live objects
[2026-08-02T15:53:45.249+0900][1.051s][info ][gc,phases      ] GC(9) Phase 1: Mark live objects 15.153ms
[2026-08-02T15:53:45.249+0900][1.051s][info ][gc,phases,start] GC(9) Phase 2: Prepare for compaction
[2026-08-02T15:53:45.251+0900][1.054s][info ][gc,phases      ] GC(9) Phase 2: Prepare for compaction 2.702ms
[2026-08-02T15:53:45.251+0900][1.054s][info ][gc,phases,start] GC(9) Phase 3: Adjust pointers
[2026-08-02T15:53:45.258+0900][1.061s][info ][gc,phases      ] GC(9) Phase 3: Adjust pointers 6.300ms
[2026-08-02T15:53:45.258+0900][1.061s][info ][gc,phases,start] GC(9) Phase 4: Compact heap
[2026-08-02T15:53:45.260+0900][1.063s][info ][gc,phases      ] GC(9) Phase 4: Compact heap 2.216ms
[2026-08-02T15:53:45.262+0900][1.064s][info ][gc,heap        ] GC(9) Eden regions: 1->0(1)
[2026-08-02T15:53:45.262+0900][1.064s][info ][gc,heap        ] GC(9) Survivor regions: 0->0(0)
[2026-08-02T15:53:45.262+0900][1.064s][info ][gc,heap        ] GC(9) Old regions: 1->1
[2026-08-02T15:53:45.262+0900][1.064s][info ][gc,heap        ] GC(9) Archive regions: 0->0
[2026-08-02T15:53:45.262+0900][1.065s][info ][gc,heap        ] GC(9) Humongous regions: 0->0
[2026-08-02T15:53:45.262+0900][1.065s][info ][gc,metaspace   ] GC(9) Metaspace: 9516K(9792K)->9516K(9792K) NonClass: 8620K(8768K)->8620K(8768K) Class: 895K(1024K)->895K(1024K)
[2026-08-02T15:53:45.262+0900][1.065s][debug][gc,heap        ] GC(9) Heap after GC invocations=10 (full 10):
[2026-08-02T15:53:45.262+0900][1.065s][debug][gc,heap        ] GC(9)  garbage-first heap   total 131072K, used 17954K [0x000001e7b4000000, 0x0000021eb4000000)
[2026-08-02T15:53:45.262+0900][1.065s][debug][gc,heap        ] GC(9)   region size 32768K, 0 young (0K), 0 survivors (0K)
[2026-08-02T15:53:45.262+0900][1.065s][debug][gc,heap        ] GC(9)  Metaspace       used 9516K, committed 9792K, reserved 1114112K
[2026-08-02T15:53:45.262+0900][1.065s][debug][gc,heap        ] GC(9)   class space    used 895K, committed 1024K, reserved 1048576K
[2026-08-02T15:53:45.262+0900][1.065s][info ][gc             ] GC(9) Pause Full (System.gc()) 18M->17M(128M) 28.584ms
[2026-08-02T15:53:45.262+0900][1.065s][info ][gc,cpu         ] GC(9) User=0.02s Sys=0.00s Real=0.03s
[2026-08-02T15:53:45.262+0900][1.065s][info ][safepoint      ] Safepoint "G1CollectFull", Time since last: 2306000 ns, Reaching safepoint: 21400 ns, At safepoint: 28701600 ns, Total: 28723000 ns
[2026-08-02T15:53:45.264+0900][1.067s][info ][gc,start       ] GC(10) Pause Full (System.gc())
[2026-08-02T15:53:45.264+0900][1.067s][debug][gc,heap        ] GC(10) Heap before GC invocations=10 (full 10):
[2026-08-02T15:53:45.264+0900][1.067s][debug][gc,heap        ] GC(10)  garbage-first heap   total 131072K, used 17954K [0x000001e7b4000000, 0x0000021eb4000000)
[2026-08-02T15:53:45.264+0900][1.067s][debug][gc,heap        ] GC(10)   region size 32768K, 1 young (32768K), 0 survivors (0K)
[2026-08-02T15:53:45.264+0900][1.067s][debug][gc,heap        ] GC(10)  Metaspace       used 9518K, committed 9792K, reserved 1114112K
[2026-08-02T15:53:45.264+0900][1.067s][debug][gc,heap        ] GC(10)   class space    used 895K, committed 1024K, reserved 1048576K
[2026-08-02T15:53:45.264+0900][1.067s][info ][gc,task        ] GC(10) Using 1 workers of 18 for full compaction
[2026-08-02T15:53:45.264+0900][1.067s][info ][gc,phases,start] GC(10) Phase 1: Mark live objects
[2026-08-02T15:53:45.281+0900][1.083s][info ][gc,phases      ] GC(10) Phase 1: Mark live objects 16.204ms
[2026-08-02T15:53:45.281+0900][1.083s][info ][gc,phases,start] GC(10) Phase 2: Prepare for compaction
[2026-08-02T15:53:45.284+0900][1.087s][info ][gc,phases      ] GC(10) Phase 2: Prepare for compaction 3.129ms
[2026-08-02T15:53:45.284+0900][1.087s][info ][gc,phases,start] GC(10) Phase 3: Adjust pointers
[2026-08-02T15:53:45.291+0900][1.093s][info ][gc,phases      ] GC(10) Phase 3: Adjust pointers 6.887ms
[2026-08-02T15:53:45.291+0900][1.093s][info ][gc,phases,start] GC(10) Phase 4: Compact heap
[2026-08-02T15:53:45.294+0900][1.096s][info ][gc,phases      ] GC(10) Phase 4: Compact heap 2.364ms
[2026-08-02T15:53:45.295+0900][1.098s][info ][gc,heap        ] GC(10) Eden regions: 1->0(1)
[2026-08-02T15:53:45.295+0900][1.098s][info ][gc,heap        ] GC(10) Survivor regions: 0->0(0)
[2026-08-02T15:53:45.295+0900][1.098s][info ][gc,heap        ] GC(10) Old regions: 1->1
[2026-08-02T15:53:45.295+0900][1.098s][info ][gc,heap        ] GC(10) Archive regions: 0->0
[2026-08-02T15:53:45.295+0900][1.098s][info ][gc,heap        ] GC(10) Humongous regions: 0->0
[2026-08-02T15:53:45.295+0900][1.098s][info ][gc,metaspace   ] GC(10) Metaspace: 9518K(9792K)->9518K(9792K) NonClass: 8622K(8768K)->8622K(8768K) Class: 895K(1024K)->895K(1024K)
[2026-08-02T15:53:45.295+0900][1.098s][debug][gc,heap        ] GC(10) Heap after GC invocations=11 (full 11):
[2026-08-02T15:53:45.295+0900][1.098s][debug][gc,heap        ] GC(10)  garbage-first heap   total 131072K, used 17963K [0x000001e7b4000000, 0x0000021eb4000000)
[2026-08-02T15:53:45.295+0900][1.098s][debug][gc,heap        ] GC(10)   region size 32768K, 0 young (0K), 0 survivors (0K)
[2026-08-02T15:53:45.295+0900][1.098s][debug][gc,heap        ] GC(10)  Metaspace       used 9518K, committed 9792K, reserved 1114112K
[2026-08-02T15:53:45.295+0900][1.098s][debug][gc,heap        ] GC(10)   class space    used 895K, committed 1024K, reserved 1048576K
[2026-08-02T15:53:45.295+0900][1.098s][info ][gc             ] GC(10) Pause Full (System.gc()) 18M->17M(128M) 30.699ms
[2026-08-02T15:53:45.295+0900][1.098s][info ][gc,cpu         ] GC(10) User=0.03s Sys=0.00s Real=0.03s
[2026-08-02T15:53:45.296+0900][1.098s][info ][safepoint      ] Safepoint "G1CollectFull", Time since last: 2132400 ns, Reaching safepoint: 45800 ns, At safepoint: 30836400 ns, Total: 30882200 ns
[2026-08-02T15:53:45.298+0900][1.100s][info ][gc,start       ] GC(11) Pause Full (System.gc())
[2026-08-02T15:53:45.298+0900][1.100s][debug][gc,heap        ] GC(11) Heap before GC invocations=11 (full 11):
[2026-08-02T15:53:45.298+0900][1.100s][debug][gc,heap        ] GC(11)  garbage-first heap   total 131072K, used 17963K [0x000001e7b4000000, 0x0000021eb4000000)
[2026-08-02T15:53:45.298+0900][1.100s][debug][gc,heap        ] GC(11)   region size 32768K, 1 young (32768K), 0 survivors (0K)
[2026-08-02T15:53:45.298+0900][1.100s][debug][gc,heap        ] GC(11)  Metaspace       used 9524K, committed 9792K, reserved 1114112K
[2026-08-02T15:53:45.298+0900][1.100s][debug][gc,heap        ] GC(11)   class space    used 895K, committed 1024K, reserved 1048576K
[2026-08-02T15:53:45.298+0900][1.100s][info ][gc,task        ] GC(11) Using 1 workers of 18 for full compaction
[2026-08-02T15:53:45.298+0900][1.100s][info ][gc,phases,start] GC(11) Phase 1: Mark live objects
[2026-08-02T15:53:45.312+0900][1.115s][info ][gc,phases      ] GC(11) Phase 1: Mark live objects 14.524ms
[2026-08-02T15:53:45.313+0900][1.115s][info ][gc,phases,start] GC(11) Phase 2: Prepare for compaction
[2026-08-02T15:53:45.315+0900][1.118s][info ][gc,phases      ] GC(11) Phase 2: Prepare for compaction 2.761ms
[2026-08-02T15:53:45.315+0900][1.118s][info ][gc,phases,start] GC(11) Phase 3: Adjust pointers
[2026-08-02T15:53:45.322+0900][1.124s][info ][gc,phases      ] GC(11) Phase 3: Adjust pointers 6.765ms
[2026-08-02T15:53:45.322+0900][1.124s][info ][gc,phases,start] GC(11) Phase 4: Compact heap
[2026-08-02T15:53:45.324+0900][1.127s][info ][gc,phases      ] GC(11) Phase 4: Compact heap 2.225ms
[2026-08-02T15:53:45.325+0900][1.128s][info ][gc,heap        ] GC(11) Eden regions: 1->0(1)
[2026-08-02T15:53:45.325+0900][1.128s][info ][gc,heap        ] GC(11) Survivor regions: 0->0(0)
[2026-08-02T15:53:45.325+0900][1.128s][info ][gc,heap        ] GC(11) Old regions: 1->1
[2026-08-02T15:53:45.325+0900][1.128s][info ][gc,heap        ] GC(11) Archive regions: 0->0
[2026-08-02T15:53:45.325+0900][1.128s][info ][gc,heap        ] GC(11) Humongous regions: 0->0
[2026-08-02T15:53:45.325+0900][1.128s][info ][gc,metaspace   ] GC(11) Metaspace: 9524K(9792K)->9524K(9792K) NonClass: 8629K(8768K)->8629K(8768K) Class: 895K(1024K)->895K(1024K)
[2026-08-02T15:53:45.325+0900][1.128s][debug][gc,heap        ] GC(11) Heap after GC invocations=12 (full 12):
[2026-08-02T15:53:45.325+0900][1.128s][debug][gc,heap        ] GC(11)  garbage-first heap   total 131072K, used 17972K [0x000001e7b4000000, 0x0000021eb4000000)
[2026-08-02T15:53:45.325+0900][1.128s][debug][gc,heap        ] GC(11)   region size 32768K, 0 young (0K), 0 survivors (0K)
[2026-08-02T15:53:45.326+0900][1.128s][debug][gc,heap        ] GC(11)  Metaspace       used 9524K, committed 9792K, reserved 1114112K
[2026-08-02T15:53:45.326+0900][1.128s][debug][gc,heap        ] GC(11)   class space    used 895K, committed 1024K, reserved 1048576K
[2026-08-02T15:53:45.326+0900][1.128s][info ][gc             ] GC(11) Pause Full (System.gc()) 18M->17M(128M) 28.381ms
[2026-08-02T15:53:45.326+0900][1.128s][info ][gc,cpu         ] GC(11) User=0.03s Sys=0.00s Real=0.03s
[2026-08-02T15:53:45.326+0900][1.129s][info ][safepoint      ] Safepoint "G1CollectFull", Time since last: 2225400 ns, Reaching safepoint: 16500 ns, At safepoint: 28488400 ns, Total: 28504900 ns
[2026-08-02T15:53:45.328+0900][1.131s][info ][gc,start       ] GC(12) Pause Full (System.gc())
[2026-08-02T15:53:45.328+0900][1.131s][debug][gc,heap        ] GC(12) Heap before GC invocations=12 (full 12):
[2026-08-02T15:53:45.328+0900][1.131s][debug][gc,heap        ] GC(12)  garbage-first heap   total 131072K, used 17972K [0x000001e7b4000000, 0x0000021eb4000000)
[2026-08-02T15:53:45.328+0900][1.131s][debug][gc,heap        ] GC(12)   region size 32768K, 1 young (32768K), 0 survivors (0K)
[2026-08-02T15:53:45.328+0900][1.131s][debug][gc,heap        ] GC(12)  Metaspace       used 9527K, committed 9792K, reserved 1114112K
[2026-08-02T15:53:45.328+0900][1.131s][debug][gc,heap        ] GC(12)   class space    used 895K, committed 1024K, reserved 1048576K
[2026-08-02T15:53:45.328+0900][1.131s][info ][gc,task        ] GC(12) Using 1 workers of 18 for full compaction
[2026-08-02T15:53:45.328+0900][1.131s][info ][gc,phases,start] GC(12) Phase 1: Mark live objects
[2026-08-02T15:53:45.345+0900][1.147s][info ][gc,phases      ] GC(12) Phase 1: Mark live objects 16.684ms
[2026-08-02T15:53:45.345+0900][1.147s][info ][gc,phases,start] GC(12) Phase 2: Prepare for compaction
[2026-08-02T15:53:45.347+0900][1.150s][info ][gc,phases      ] GC(12) Phase 2: Prepare for compaction 2.867ms
[2026-08-02T15:53:45.347+0900][1.150s][info ][gc,phases,start] GC(12) Phase 3: Adjust pointers
[2026-08-02T15:53:45.355+0900][1.157s][info ][gc,phases      ] GC(12) Phase 3: Adjust pointers 6.796ms
[2026-08-02T15:53:45.355+0900][1.157s][info ][gc,phases,start] GC(12) Phase 4: Compact heap
[2026-08-02T15:53:45.357+0900][1.160s][info ][gc,phases      ] GC(12) Phase 4: Compact heap 2.435ms
[2026-08-02T15:53:45.358+0900][1.161s][info ][gc,heap        ] GC(12) Eden regions: 1->0(1)
[2026-08-02T15:53:45.358+0900][1.161s][info ][gc,heap        ] GC(12) Survivor regions: 0->0(0)
[2026-08-02T15:53:45.358+0900][1.161s][info ][gc,heap        ] GC(12) Old regions: 1->1
[2026-08-02T15:53:45.358+0900][1.161s][info ][gc,heap        ] GC(12) Archive regions: 0->0
[2026-08-02T15:53:45.358+0900][1.161s][info ][gc,heap        ] GC(12) Humongous regions: 0->0
[2026-08-02T15:53:45.358+0900][1.161s][info ][gc,metaspace   ] GC(12) Metaspace: 9527K(9792K)->9527K(9792K) NonClass: 8631K(8768K)->8631K(8768K) Class: 895K(1024K)->895K(1024K)
[2026-08-02T15:53:45.358+0900][1.161s][debug][gc,heap        ] GC(12) Heap after GC invocations=13 (full 13):
[2026-08-02T15:53:45.358+0900][1.161s][debug][gc,heap        ] GC(12)  garbage-first heap   total 131072K, used 17986K [0x000001e7b4000000, 0x0000021eb4000000)
[2026-08-02T15:53:45.358+0900][1.161s][debug][gc,heap        ] GC(12)   region size 32768K, 0 young (0K), 0 survivors (0K)
[2026-08-02T15:53:45.358+0900][1.161s][debug][gc,heap        ] GC(12)  Metaspace       used 9527K, committed 9792K, reserved 1114112K
[2026-08-02T15:53:45.358+0900][1.161s][debug][gc,heap        ] GC(12)   class space    used 895K, committed 1024K, reserved 1048576K
[2026-08-02T15:53:45.358+0900][1.161s][info ][gc             ] GC(12) Pause Full (System.gc()) 18M->17M(128M) 30.832ms
[2026-08-02T15:53:45.358+0900][1.161s][info ][gc,cpu         ] GC(12) User=0.03s Sys=0.00s Real=0.03s
[2026-08-02T15:53:45.358+0900][1.161s][info ][safepoint      ] Safepoint "G1CollectFull", Time since last: 1984500 ns, Reaching safepoint: 20300 ns, At safepoint: 30916300 ns, Total: 30936600 ns
[2026-08-02T15:53:45.361+0900][1.164s][info ][gc,start       ] GC(13) Pause Full (System.gc())
[2026-08-02T15:53:45.361+0900][1.164s][debug][gc,heap        ] GC(13) Heap before GC invocations=13 (full 13):
[2026-08-02T15:53:45.361+0900][1.164s][debug][gc,heap        ] GC(13)  garbage-first heap   total 131072K, used 17986K [0x000001e7b4000000, 0x0000021eb4000000)
[2026-08-02T15:53:45.361+0900][1.164s][debug][gc,heap        ] GC(13)   region size 32768K, 1 young (32768K), 0 survivors (0K)
[2026-08-02T15:53:45.361+0900][1.164s][debug][gc,heap        ] GC(13)  Metaspace       used 9534K, committed 9792K, reserved 1114112K
[2026-08-02T15:53:45.361+0900][1.164s][debug][gc,heap        ] GC(13)   class space    used 895K, committed 1024K, reserved 1048576K
[2026-08-02T15:53:45.361+0900][1.164s][info ][gc,task        ] GC(13) Using 1 workers of 18 for full compaction
[2026-08-02T15:53:45.361+0900][1.164s][info ][gc,phases,start] GC(13) Phase 1: Mark live objects
[2026-08-02T15:53:45.377+0900][1.180s][info ][gc,phases      ] GC(13) Phase 1: Mark live objects 15.789ms
[2026-08-02T15:53:45.377+0900][1.180s][info ][gc,phases,start] GC(13) Phase 2: Prepare for compaction
[2026-08-02T15:53:45.380+0900][1.183s][info ][gc,phases      ] GC(13) Phase 2: Prepare for compaction 2.811ms
[2026-08-02T15:53:45.380+0900][1.183s][info ][gc,phases,start] GC(13) Phase 3: Adjust pointers
[2026-08-02T15:53:45.386+0900][1.189s][info ][gc,phases      ] GC(13) Phase 3: Adjust pointers 6.254ms
[2026-08-02T15:53:45.386+0900][1.189s][info ][gc,phases,start] GC(13) Phase 4: Compact heap
[2026-08-02T15:53:45.388+0900][1.191s][info ][gc,phases      ] GC(13) Phase 4: Compact heap 2.198ms
[2026-08-02T15:53:45.390+0900][1.193s][info ][gc,heap        ] GC(13) Eden regions: 1->0(1)
[2026-08-02T15:53:45.390+0900][1.193s][info ][gc,heap        ] GC(13) Survivor regions: 0->0(0)
[2026-08-02T15:53:45.390+0900][1.193s][info ][gc,heap        ] GC(13) Old regions: 1->1
[2026-08-02T15:53:45.390+0900][1.193s][info ][gc,heap        ] GC(13) Archive regions: 0->0
[2026-08-02T15:53:45.390+0900][1.193s][info ][gc,heap        ] GC(13) Humongous regions: 0->0
[2026-08-02T15:53:45.390+0900][1.193s][info ][gc,metaspace   ] GC(13) Metaspace: 9534K(9792K)->9534K(9792K) NonClass: 8638K(8768K)->8638K(8768K) Class: 895K(1024K)->895K(1024K)
[2026-08-02T15:53:45.390+0900][1.193s][debug][gc,heap        ] GC(13) Heap after GC invocations=14 (full 14):
[2026-08-02T15:53:45.390+0900][1.193s][debug][gc,heap        ] GC(13)  garbage-first heap   total 131072K, used 18012K [0x000001e7b4000000, 0x0000021eb4000000)
[2026-08-02T15:53:45.390+0900][1.193s][debug][gc,heap        ] GC(13)   region size 32768K, 0 young (0K), 0 survivors (0K)
[2026-08-02T15:53:45.390+0900][1.193s][debug][gc,heap        ] GC(13)  Metaspace       used 9534K, committed 9792K, reserved 1114112K
[2026-08-02T15:53:45.390+0900][1.193s][debug][gc,heap        ] GC(13)   class space    used 895K, committed 1024K, reserved 1048576K
[2026-08-02T15:53:45.390+0900][1.193s][info ][gc             ] GC(13) Pause Full (System.gc()) 18M->17M(128M) 29.194ms
[2026-08-02T15:53:45.390+0900][1.193s][info ][gc,cpu         ] GC(13) User=0.03s Sys=0.00s Real=0.03s
[2026-08-02T15:53:45.390+0900][1.193s][info ][safepoint      ] Safepoint "G1CollectFull", Time since last: 2270900 ns, Reaching safepoint: 49500 ns, At safepoint: 29309600 ns, Total: 29359100 ns
[2026-08-02T15:53:45.393+0900][1.195s][info ][gc,start       ] GC(14) Pause Full (System.gc())
[2026-08-02T15:53:45.393+0900][1.195s][debug][gc,heap        ] GC(14) Heap before GC invocations=14 (full 14):
[2026-08-02T15:53:45.393+0900][1.195s][debug][gc,heap        ] GC(14)  garbage-first heap   total 131072K, used 18012K [0x000001e7b4000000, 0x0000021eb4000000)
[2026-08-02T15:53:45.393+0900][1.195s][debug][gc,heap        ] GC(14)   region size 32768K, 1 young (32768K), 0 survivors (0K)
[2026-08-02T15:53:45.393+0900][1.195s][debug][gc,heap        ] GC(14)  Metaspace       used 9538K, committed 9792K, reserved 1114112K
[2026-08-02T15:53:45.393+0900][1.195s][debug][gc,heap        ] GC(14)   class space    used 895K, committed 1024K, reserved 1048576K
[2026-08-02T15:53:45.393+0900][1.195s][info ][gc,task        ] GC(14) Using 1 workers of 18 for full compaction
[2026-08-02T15:53:45.393+0900][1.196s][info ][gc,phases,start] GC(14) Phase 1: Mark live objects
[2026-08-02T15:53:45.409+0900][1.212s][info ][gc,phases      ] GC(14) Phase 1: Mark live objects 15.965ms
[2026-08-02T15:53:45.409+0900][1.212s][info ][gc,phases,start] GC(14) Phase 2: Prepare for compaction
[2026-08-02T15:53:45.412+0900][1.215s][info ][gc,phases      ] GC(14) Phase 2: Prepare for compaction 2.939ms
[2026-08-02T15:53:45.412+0900][1.215s][info ][gc,phases,start] GC(14) Phase 3: Adjust pointers
[2026-08-02T15:53:45.419+0900][1.221s][info ][gc,phases      ] GC(14) Phase 3: Adjust pointers 6.711ms
[2026-08-02T15:53:45.419+0900][1.221s][info ][gc,phases,start] GC(14) Phase 4: Compact heap
[2026-08-02T15:53:45.422+0900][1.224s][info ][gc,phases      ] GC(14) Phase 4: Compact heap 2.668ms
[2026-08-02T15:53:45.423+0900][1.226s][info ][gc,heap        ] GC(14) Eden regions: 1->0(1)
[2026-08-02T15:53:45.423+0900][1.226s][info ][gc,heap        ] GC(14) Survivor regions: 0->0(0)
[2026-08-02T15:53:45.423+0900][1.226s][info ][gc,heap        ] GC(14) Old regions: 1->1
[2026-08-02T15:53:45.423+0900][1.226s][info ][gc,heap        ] GC(14) Archive regions: 0->0
[2026-08-02T15:53:45.423+0900][1.226s][info ][gc,heap        ] GC(14) Humongous regions: 0->0
[2026-08-02T15:53:45.423+0900][1.226s][info ][gc,metaspace   ] GC(14) Metaspace: 9538K(9792K)->9538K(9792K) NonClass: 8642K(8768K)->8642K(8768K) Class: 895K(1024K)->895K(1024K)
[2026-08-02T15:53:45.423+0900][1.226s][debug][gc,heap        ] GC(14) Heap after GC invocations=15 (full 15):
[2026-08-02T15:53:45.423+0900][1.226s][debug][gc,heap        ] GC(14)  garbage-first heap   total 131072K, used 18027K [0x000001e7b4000000, 0x0000021eb4000000)
[2026-08-02T15:53:45.423+0900][1.226s][debug][gc,heap        ] GC(14)   region size 32768K, 0 young (0K), 0 survivors (0K)
[2026-08-02T15:53:45.423+0900][1.226s][debug][gc,heap        ] GC(14)  Metaspace       used 9538K, committed 9792K, reserved 1114112K
[2026-08-02T15:53:45.423+0900][1.226s][debug][gc,heap        ] GC(14)   class space    used 895K, committed 1024K, reserved 1048576K
[2026-08-02T15:53:45.423+0900][1.226s][info ][gc             ] GC(14) Pause Full (System.gc()) 18M->17M(128M) 30.416ms
[2026-08-02T15:53:45.424+0900][1.226s][info ][gc,cpu         ] GC(14) User=0.03s Sys=0.00s Real=0.03s
[2026-08-02T15:53:45.424+0900][1.226s][info ][safepoint      ] Safepoint "G1CollectFull", Time since last: 2311700 ns, Reaching safepoint: 26400 ns, At safepoint: 30509600 ns, Total: 30536000 ns
[2026-08-02T15:53:45.426+0900][1.228s][info ][gc,start       ] GC(15) Pause Full (System.gc())
[2026-08-02T15:53:45.426+0900][1.228s][debug][gc,heap        ] GC(15) Heap before GC invocations=15 (full 15):
[2026-08-02T15:53:45.426+0900][1.228s][debug][gc,heap        ] GC(15)  garbage-first heap   total 131072K, used 18027K [0x000001e7b4000000, 0x0000021eb4000000)
[2026-08-02T15:53:45.426+0900][1.228s][debug][gc,heap        ] GC(15)   region size 32768K, 1 young (32768K), 0 survivors (0K)
[2026-08-02T15:53:45.426+0900][1.228s][debug][gc,heap        ] GC(15)  Metaspace       used 9549K, committed 9792K, reserved 1114112K
[2026-08-02T15:53:45.426+0900][1.228s][debug][gc,heap        ] GC(15)   class space    used 895K, committed 1024K, reserved 1048576K
[2026-08-02T15:53:45.426+0900][1.228s][info ][gc,task        ] GC(15) Using 1 workers of 18 for full compaction
[2026-08-02T15:53:45.426+0900][1.229s][info ][gc,phases,start] GC(15) Phase 1: Mark live objects
[2026-08-02T15:53:45.440+0900][1.243s][info ][gc,phases      ] GC(15) Phase 1: Mark live objects 14.358ms
[2026-08-02T15:53:45.440+0900][1.243s][info ][gc,phases,start] GC(15) Phase 2: Prepare for compaction
[2026-08-02T15:53:45.443+0900][1.246s][info ][gc,phases      ] GC(15) Phase 2: Prepare for compaction 2.601ms
[2026-08-02T15:53:45.443+0900][1.246s][info ][gc,phases,start] GC(15) Phase 3: Adjust pointers
[2026-08-02T15:53:45.449+0900][1.252s][info ][gc,phases      ] GC(15) Phase 3: Adjust pointers 6.082ms
[2026-08-02T15:53:45.449+0900][1.252s][info ][gc,phases,start] GC(15) Phase 4: Compact heap
[2026-08-02T15:53:45.451+0900][1.254s][info ][gc,phases      ] GC(15) Phase 4: Compact heap 2.142ms
[2026-08-02T15:53:45.453+0900][1.255s][info ][gc,heap        ] GC(15) Eden regions: 1->0(1)
[2026-08-02T15:53:45.453+0900][1.256s][info ][gc,heap        ] GC(15) Survivor regions: 0->0(0)
[2026-08-02T15:53:45.453+0900][1.256s][info ][gc,heap        ] GC(15) Old regions: 1->1
[2026-08-02T15:53:45.453+0900][1.256s][info ][gc,heap        ] GC(15) Archive regions: 0->0
[2026-08-02T15:53:45.453+0900][1.256s][info ][gc,heap        ] GC(15) Humongous regions: 0->0
[2026-08-02T15:53:45.453+0900][1.256s][info ][gc,metaspace   ] GC(15) Metaspace: 9549K(9792K)->9549K(9792K) NonClass: 8654K(8768K)->8654K(8768K) Class: 895K(1024K)->895K(1024K)
[2026-08-02T15:53:45.453+0900][1.256s][debug][gc,heap        ] GC(15) Heap after GC invocations=16 (full 16):
[2026-08-02T15:53:45.453+0900][1.256s][debug][gc,heap        ] GC(15)  garbage-first heap   total 131072K, used 18040K [0x000001e7b4000000, 0x0000021eb4000000)
[2026-08-02T15:53:45.453+0900][1.256s][debug][gc,heap        ] GC(15)   region size 32768K, 0 young (0K), 0 survivors (0K)
[2026-08-02T15:53:45.453+0900][1.256s][debug][gc,heap        ] GC(15)  Metaspace       used 9549K, committed 9792K, reserved 1114112K
[2026-08-02T15:53:45.453+0900][1.256s][debug][gc,heap        ] GC(15)   class space    used 895K, committed 1024K, reserved 1048576K
[2026-08-02T15:53:45.453+0900][1.256s][info ][gc             ] GC(15) Pause Full (System.gc()) 18M->17M(128M) 27.284ms
[2026-08-02T15:53:45.453+0900][1.256s][info ][gc,cpu         ] GC(15) User=0.03s Sys=0.00s Real=0.03s
[2026-08-02T15:53:45.453+0900][1.256s][info ][safepoint      ] Safepoint "G1CollectFull", Time since last: 2393000 ns, Reaching safepoint: 34000 ns, At safepoint: 27411000 ns, Total: 27445000 ns
[2026-08-02T15:53:45.455+0900][1.258s][info ][gc,start       ] GC(16) Pause Full (System.gc())
[2026-08-02T15:53:45.455+0900][1.258s][debug][gc,heap        ] GC(16) Heap before GC invocations=16 (full 16):
[2026-08-02T15:53:45.455+0900][1.258s][debug][gc,heap        ] GC(16)  garbage-first heap   total 131072K, used 18040K [0x000001e7b4000000, 0x0000021eb4000000)
[2026-08-02T15:53:45.455+0900][1.258s][debug][gc,heap        ] GC(16)   region size 32768K, 1 young (32768K), 0 survivors (0K)
[2026-08-02T15:53:45.455+0900][1.258s][debug][gc,heap        ] GC(16)  Metaspace       used 9553K, committed 9792K, reserved 1114112K
[2026-08-02T15:53:45.455+0900][1.258s][debug][gc,heap        ] GC(16)   class space    used 895K, committed 1024K, reserved 1048576K
[2026-08-02T15:53:45.455+0900][1.258s][info ][gc,task        ] GC(16) Using 1 workers of 18 for full compaction
[2026-08-02T15:53:45.455+0900][1.258s][info ][gc,phases,start] GC(16) Phase 1: Mark live objects
[2026-08-02T15:53:45.471+0900][1.274s][info ][gc,phases      ] GC(16) Phase 1: Mark live objects 15.408ms
[2026-08-02T15:53:45.471+0900][1.274s][info ][gc,phases,start] GC(16) Phase 2: Prepare for compaction
[2026-08-02T15:53:45.474+0900][1.277s][info ][gc,phases      ] GC(16) Phase 2: Prepare for compaction 2.809ms
[2026-08-02T15:53:45.474+0900][1.277s][info ][gc,phases,start] GC(16) Phase 3: Adjust pointers
[2026-08-02T15:53:45.481+0900][1.283s][info ][gc,phases      ] GC(16) Phase 3: Adjust pointers 6.206ms
[2026-08-02T15:53:45.481+0900][1.283s][info ][gc,phases,start] GC(16) Phase 4: Compact heap
[2026-08-02T15:53:45.483+0900][1.285s][info ][gc,phases      ] GC(16) Phase 4: Compact heap 2.548ms
[2026-08-02T15:53:45.485+0900][1.287s][info ][gc,heap        ] GC(16) Eden regions: 1->0(1)
[2026-08-02T15:53:45.485+0900][1.287s][info ][gc,heap        ] GC(16) Survivor regions: 0->0(0)
[2026-08-02T15:53:45.485+0900][1.287s][info ][gc,heap        ] GC(16) Old regions: 1->1
[2026-08-02T15:53:45.485+0900][1.287s][info ][gc,heap        ] GC(16) Archive regions: 0->0
[2026-08-02T15:53:45.485+0900][1.287s][info ][gc,heap        ] GC(16) Humongous regions: 0->0
[2026-08-02T15:53:45.485+0900][1.287s][info ][gc,metaspace   ] GC(16) Metaspace: 9553K(9792K)->9553K(9792K) NonClass: 8657K(8768K)->8657K(8768K) Class: 895K(1024K)->895K(1024K)
[2026-08-02T15:53:45.485+0900][1.287s][debug][gc,heap        ] GC(16) Heap after GC invocations=17 (full 17):
[2026-08-02T15:53:45.485+0900][1.287s][debug][gc,heap        ] GC(16)  garbage-first heap   total 131072K, used 18054K [0x000001e7b4000000, 0x0000021eb4000000)
[2026-08-02T15:53:45.485+0900][1.287s][debug][gc,heap        ] GC(16)   region size 32768K, 0 young (0K), 0 survivors (0K)
[2026-08-02T15:53:45.485+0900][1.287s][debug][gc,heap        ] GC(16)  Metaspace       used 9553K, committed 9792K, reserved 1114112K
[2026-08-02T15:53:45.485+0900][1.287s][debug][gc,heap        ] GC(16)   class space    used 895K, committed 1024K, reserved 1048576K
[2026-08-02T15:53:45.485+0900][1.287s][info ][gc             ] GC(16) Pause Full (System.gc()) 18M->17M(128M) 29.044ms
[2026-08-02T15:53:45.485+0900][1.287s][info ][gc,cpu         ] GC(16) User=0.02s Sys=0.00s Real=0.03s
[2026-08-02T15:53:45.485+0900][1.287s][info ][safepoint      ] Safepoint "G1CollectFull", Time since last: 2282800 ns, Reaching safepoint: 30100 ns, At safepoint: 29160600 ns, Total: 29190700 ns
[2026-08-02T15:53:45.488+0900][1.290s][info ][gc,start       ] GC(17) Pause Full (System.gc())
[2026-08-02T15:53:45.488+0900][1.290s][debug][gc,heap        ] GC(17) Heap before GC invocations=17 (full 17):
[2026-08-02T15:53:45.488+0900][1.290s][debug][gc,heap        ] GC(17)  garbage-first heap   total 131072K, used 18054K [0x000001e7b4000000, 0x0000021eb4000000)
[2026-08-02T15:53:45.488+0900][1.290s][debug][gc,heap        ] GC(17)   region size 32768K, 1 young (32768K), 0 survivors (0K)
[2026-08-02T15:53:45.488+0900][1.290s][debug][gc,heap        ] GC(17)  Metaspace       used 9576K, committed 9856K, reserved 1114112K
[2026-08-02T15:53:45.488+0900][1.290s][debug][gc,heap        ] GC(17)   class space    used 896K, committed 1024K, reserved 1048576K
[2026-08-02T15:53:45.488+0900][1.290s][info ][gc,task        ] GC(17) Using 1 workers of 18 for full compaction
[2026-08-02T15:53:45.488+0900][1.290s][info ][gc,phases,start] GC(17) Phase 1: Mark live objects
[2026-08-02T15:53:45.502+0900][1.305s][info ][gc,phases      ] GC(17) Phase 1: Mark live objects 14.179ms
[2026-08-02T15:53:45.502+0900][1.305s][info ][gc,phases,start] GC(17) Phase 2: Prepare for compaction
[2026-08-02T15:53:45.505+0900][1.308s][info ][gc,phases      ] GC(17) Phase 2: Prepare for compaction 3.093ms
[2026-08-02T15:53:45.505+0900][1.308s][info ][gc,phases,start] GC(17) Phase 3: Adjust pointers
[2026-08-02T15:53:45.511+0900][1.314s][info ][gc,phases      ] GC(17) Phase 3: Adjust pointers 6.258ms
[2026-08-02T15:53:45.511+0900][1.314s][info ][gc,phases,start] GC(17) Phase 4: Compact heap
[2026-08-02T15:53:45.514+0900][1.317s][info ][gc,phases      ] GC(17) Phase 4: Compact heap 2.426ms
[2026-08-02T15:53:45.516+0900][1.318s][info ][gc,heap        ] GC(17) Eden regions: 1->0(1)
[2026-08-02T15:53:45.516+0900][1.318s][info ][gc,heap        ] GC(17) Survivor regions: 0->0(0)
[2026-08-02T15:53:45.516+0900][1.318s][info ][gc,heap        ] GC(17) Old regions: 1->1
[2026-08-02T15:53:45.516+0900][1.318s][info ][gc,heap        ] GC(17) Archive regions: 0->0
[2026-08-02T15:53:45.516+0900][1.318s][info ][gc,heap        ] GC(17) Humongous regions: 0->0
[2026-08-02T15:53:45.516+0900][1.318s][info ][gc,metaspace   ] GC(17) Metaspace: 9576K(9856K)->9576K(9856K) NonClass: 8680K(8832K)->8680K(8832K) Class: 896K(1024K)->896K(1024K)
[2026-08-02T15:53:45.516+0900][1.318s][debug][gc,heap        ] GC(17) Heap after GC invocations=18 (full 18):
[2026-08-02T15:53:45.516+0900][1.318s][debug][gc,heap        ] GC(17)  garbage-first heap   total 131072K, used 18067K [0x000001e7b4000000, 0x0000021eb4000000)
[2026-08-02T15:53:45.516+0900][1.318s][debug][gc,heap        ] GC(17)   region size 32768K, 0 young (0K), 0 survivors (0K)
[2026-08-02T15:53:45.516+0900][1.318s][debug][gc,heap        ] GC(17)  Metaspace       used 9576K, committed 9856K, reserved 1114112K
[2026-08-02T15:53:45.516+0900][1.318s][debug][gc,heap        ] GC(17)   class space    used 896K, committed 1024K, reserved 1048576K
[2026-08-02T15:53:45.516+0900][1.318s][info ][gc             ] GC(17) Pause Full (System.gc()) 18M->17M(128M) 28.109ms
[2026-08-02T15:53:45.516+0900][1.318s][info ][gc,cpu         ] GC(17) User=0.03s Sys=0.00s Real=0.03s
[2026-08-02T15:53:45.516+0900][1.318s][info ][safepoint      ] Safepoint "G1CollectFull", Time since last: 2987100 ns, Reaching safepoint: 24900 ns, At safepoint: 28220200 ns, Total: 28245100 ns
[2026-08-02T15:53:45.518+0900][1.321s][info ][gc,start       ] GC(18) Pause Full (System.gc())
[2026-08-02T15:53:45.518+0900][1.321s][debug][gc,heap        ] GC(18) Heap before GC invocations=18 (full 18):
[2026-08-02T15:53:45.518+0900][1.321s][debug][gc,heap        ] GC(18)  garbage-first heap   total 131072K, used 18067K [0x000001e7b4000000, 0x0000021eb4000000)
[2026-08-02T15:53:45.518+0900][1.321s][debug][gc,heap        ] GC(18)   region size 32768K, 1 young (32768K), 0 survivors (0K)
[2026-08-02T15:53:45.518+0900][1.321s][debug][gc,heap        ] GC(18)  Metaspace       used 9579K, committed 9856K, reserved 1114112K
[2026-08-02T15:53:45.518+0900][1.321s][debug][gc,heap        ] GC(18)   class space    used 896K, committed 1024K, reserved 1048576K
[2026-08-02T15:53:45.518+0900][1.321s][info ][gc,task        ] GC(18) Using 1 workers of 18 for full compaction
[2026-08-02T15:53:45.518+0900][1.321s][info ][gc,phases,start] GC(18) Phase 1: Mark live objects
[2026-08-02T15:53:45.534+0900][1.336s][info ][gc,phases      ] GC(18) Phase 1: Mark live objects 15.132ms
[2026-08-02T15:53:45.534+0900][1.336s][info ][gc,phases,start] GC(18) Phase 2: Prepare for compaction
[2026-08-02T15:53:45.537+0900][1.339s][info ][gc,phases      ] GC(18) Phase 2: Prepare for compaction 2.812ms
[2026-08-02T15:53:45.537+0900][1.339s][info ][gc,phases,start] GC(18) Phase 3: Adjust pointers
[2026-08-02T15:53:45.544+0900][1.346s][info ][gc,phases      ] GC(18) Phase 3: Adjust pointers 6.750ms
[2026-08-02T15:53:45.544+0900][1.346s][info ][gc,phases,start] GC(18) Phase 4: Compact heap
[2026-08-02T15:53:45.546+0900][1.349s][info ][gc,phases      ] GC(18) Phase 4: Compact heap 2.719ms
[2026-08-02T15:53:45.548+0900][1.350s][info ][gc,heap        ] GC(18) Eden regions: 1->0(1)
[2026-08-02T15:53:45.548+0900][1.350s][info ][gc,heap        ] GC(18) Survivor regions: 0->0(0)
[2026-08-02T15:53:45.548+0900][1.350s][info ][gc,heap        ] GC(18) Old regions: 1->1
[2026-08-02T15:53:45.548+0900][1.350s][info ][gc,heap        ] GC(18) Archive regions: 0->0
[2026-08-02T15:53:45.548+0900][1.350s][info ][gc,heap        ] GC(18) Humongous regions: 0->0
[2026-08-02T15:53:45.548+0900][1.350s][info ][gc,metaspace   ] GC(18) Metaspace: 9579K(9856K)->9579K(9856K) NonClass: 8683K(8832K)->8683K(8832K) Class: 896K(1024K)->896K(1024K)
[2026-08-02T15:53:45.548+0900][1.350s][debug][gc,heap        ] GC(18) Heap after GC invocations=19 (full 19):
[2026-08-02T15:53:45.548+0900][1.350s][debug][gc,heap        ] GC(18)  garbage-first heap   total 131072K, used 18083K [0x000001e7b4000000, 0x0000021eb4000000)
[2026-08-02T15:53:45.548+0900][1.350s][debug][gc,heap        ] GC(18)   region size 32768K, 0 young (0K), 0 survivors (0K)
[2026-08-02T15:53:45.548+0900][1.350s][debug][gc,heap        ] GC(18)  Metaspace       used 9579K, committed 9856K, reserved 1114112K
[2026-08-02T15:53:45.548+0900][1.351s][debug][gc,heap        ] GC(18)   class space    used 896K, committed 1024K, reserved 1048576K
[2026-08-02T15:53:45.548+0900][1.351s][info ][gc             ] GC(18) Pause Full (System.gc()) 18M->17M(128M) 29.645ms
[2026-08-02T15:53:45.548+0900][1.351s][info ][gc,cpu         ] GC(18) User=0.03s Sys=0.03s Real=0.03s
[2026-08-02T15:53:45.548+0900][1.351s][info ][safepoint      ] Safepoint "G1CollectFull", Time since last: 2410100 ns, Reaching safepoint: 33200 ns, At safepoint: 29692700 ns, Total: 29725900 ns
[2026-08-02T15:53:45.551+0900][1.353s][info ][gc,start       ] GC(19) Pause Full (System.gc())
[2026-08-02T15:53:45.551+0900][1.353s][debug][gc,heap        ] GC(19) Heap before GC invocations=19 (full 19):
[2026-08-02T15:53:45.551+0900][1.353s][debug][gc,heap        ] GC(19)  garbage-first heap   total 131072K, used 18083K [0x000001e7b4000000, 0x0000021eb4000000)
[2026-08-02T15:53:45.551+0900][1.353s][debug][gc,heap        ] GC(19)   region size 32768K, 1 young (32768K), 0 survivors (0K)
[2026-08-02T15:53:45.551+0900][1.353s][debug][gc,heap        ] GC(19)  Metaspace       used 9586K, committed 9856K, reserved 1114112K
[2026-08-02T15:53:45.551+0900][1.353s][debug][gc,heap        ] GC(19)   class space    used 896K, committed 1024K, reserved 1048576K
[2026-08-02T15:53:45.551+0900][1.353s][info ][gc,task        ] GC(19) Using 1 workers of 18 for full compaction
[2026-08-02T15:53:45.551+0900][1.353s][info ][gc,phases,start] GC(19) Phase 1: Mark live objects
[2026-08-02T15:53:45.565+0900][1.368s][info ][gc,phases      ] GC(19) Phase 1: Mark live objects 14.435ms
[2026-08-02T15:53:45.565+0900][1.368s][info ][gc,phases,start] GC(19) Phase 2: Prepare for compaction
[2026-08-02T15:53:45.568+0900][1.371s][info ][gc,phases      ] GC(19) Phase 2: Prepare for compaction 2.811ms
[2026-08-02T15:53:45.568+0900][1.371s][info ][gc,phases,start] GC(19) Phase 3: Adjust pointers
[2026-08-02T15:53:45.575+0900][1.378s][info ][gc,phases      ] GC(19) Phase 3: Adjust pointers 7.213ms
[2026-08-02T15:53:45.575+0900][1.378s][info ][gc,phases,start] GC(19) Phase 4: Compact heap
[2026-08-02T15:53:45.577+0900][1.380s][info ][gc,phases      ] GC(19) Phase 4: Compact heap 2.241ms
[2026-08-02T15:53:45.579+0900][1.382s][info ][gc,heap        ] GC(19) Eden regions: 1->0(1)
[2026-08-02T15:53:45.579+0900][1.382s][info ][gc,heap        ] GC(19) Survivor regions: 0->0(0)
[2026-08-02T15:53:45.579+0900][1.382s][info ][gc,heap        ] GC(19) Old regions: 1->1
[2026-08-02T15:53:45.579+0900][1.382s][info ][gc,heap        ] GC(19) Archive regions: 0->0
[2026-08-02T15:53:45.579+0900][1.382s][info ][gc,heap        ] GC(19) Humongous regions: 0->0
[2026-08-02T15:53:45.579+0900][1.382s][info ][gc,metaspace   ] GC(19) Metaspace: 9586K(9856K)->9586K(9856K) NonClass: 8690K(8832K)->8690K(8832K) Class: 896K(1024K)->896K(1024K)
[2026-08-02T15:53:45.579+0900][1.382s][debug][gc,heap        ] GC(19) Heap after GC invocations=20 (full 20):
[2026-08-02T15:53:45.579+0900][1.382s][debug][gc,heap        ] GC(19)  garbage-first heap   total 131072K, used 18096K [0x000001e7b4000000, 0x0000021eb4000000)
[2026-08-02T15:53:45.579+0900][1.382s][debug][gc,heap        ] GC(19)   region size 32768K, 0 young (0K), 0 survivors (0K)
[2026-08-02T15:53:45.579+0900][1.382s][debug][gc,heap        ] GC(19)  Metaspace       used 9586K, committed 9856K, reserved 1114112K
[2026-08-02T15:53:45.579+0900][1.382s][debug][gc,heap        ] GC(19)   class space    used 896K, committed 1024K, reserved 1048576K
[2026-08-02T15:53:45.579+0900][1.382s][info ][gc             ] GC(19) Pause Full (System.gc()) 18M->17M(128M) 28.953ms
[2026-08-02T15:53:45.579+0900][1.382s][info ][gc,cpu         ] GC(19) User=0.03s Sys=0.03s Real=0.03s
[2026-08-02T15:53:45.579+0900][1.382s][info ][safepoint      ] Safepoint "G1CollectFull", Time since last: 2436800 ns, Reaching safepoint: 21300 ns, At safepoint: 29066000 ns, Total: 29087300 ns
[2026-08-02T15:53:45.581+0900][1.384s][info ][gc,start       ] GC(20) Pause Full (System.gc())
[2026-08-02T15:53:45.581+0900][1.384s][debug][gc,heap        ] GC(20) Heap before GC invocations=20 (full 20):
[2026-08-02T15:53:45.581+0900][1.384s][debug][gc,heap        ] GC(20)  garbage-first heap   total 131072K, used 18096K [0x000001e7b4000000, 0x0000021eb4000000)
[2026-08-02T15:53:45.581+0900][1.384s][debug][gc,heap        ] GC(20)   region size 32768K, 1 young (32768K), 0 survivors (0K)
[2026-08-02T15:53:45.581+0900][1.384s][debug][gc,heap        ] GC(20)  Metaspace       used 9590K, committed 9856K, reserved 1114112K
[2026-08-02T15:53:45.581+0900][1.384s][debug][gc,heap        ] GC(20)   class space    used 896K, committed 1024K, reserved 1048576K
[2026-08-02T15:53:45.581+0900][1.384s][info ][gc,task        ] GC(20) Using 1 workers of 18 for full compaction
[2026-08-02T15:53:45.581+0900][1.384s][info ][gc,phases,start] GC(20) Phase 1: Mark live objects
[2026-08-02T15:53:45.600+0900][1.403s][info ][gc,phases      ] GC(20) Phase 1: Mark live objects 18.168ms
[2026-08-02T15:53:45.600+0900][1.403s][info ][gc,phases,start] GC(20) Phase 2: Prepare for compaction
[2026-08-02T15:53:45.603+0900][1.406s][info ][gc,phases      ] GC(20) Phase 2: Prepare for compaction 3.114ms
[2026-08-02T15:53:45.603+0900][1.406s][info ][gc,phases,start] GC(20) Phase 3: Adjust pointers
[2026-08-02T15:53:45.611+0900][1.414s][info ][gc,phases      ] GC(20) Phase 3: Adjust pointers 7.767ms
[2026-08-02T15:53:45.611+0900][1.414s][info ][gc,phases,start] GC(20) Phase 4: Compact heap
[2026-08-02T15:53:45.613+0900][1.416s][info ][gc,phases      ] GC(20) Phase 4: Compact heap 2.522ms
[2026-08-02T15:53:45.615+0900][1.418s][info ][gc,heap        ] GC(20) Eden regions: 1->0(1)
[2026-08-02T15:53:45.615+0900][1.418s][info ][gc,heap        ] GC(20) Survivor regions: 0->0(0)
[2026-08-02T15:53:45.615+0900][1.418s][info ][gc,heap        ] GC(20) Old regions: 1->1
[2026-08-02T15:53:45.615+0900][1.418s][info ][gc,heap        ] GC(20) Archive regions: 0->0
[2026-08-02T15:53:45.615+0900][1.418s][info ][gc,heap        ] GC(20) Humongous regions: 0->0
[2026-08-02T15:53:45.615+0900][1.418s][info ][gc,metaspace   ] GC(20) Metaspace: 9590K(9856K)->9590K(9856K) NonClass: 8694K(8832K)->8694K(8832K) Class: 896K(1024K)->896K(1024K)
[2026-08-02T15:53:45.615+0900][1.418s][debug][gc,heap        ] GC(20) Heap after GC invocations=21 (full 21):
[2026-08-02T15:53:45.615+0900][1.418s][debug][gc,heap        ] GC(20)  garbage-first heap   total 131072K, used 18110K [0x000001e7b4000000, 0x0000021eb4000000)
[2026-08-02T15:53:45.615+0900][1.418s][debug][gc,heap        ] GC(20)   region size 32768K, 0 young (0K), 0 survivors (0K)
[2026-08-02T15:53:45.615+0900][1.418s][debug][gc,heap        ] GC(20)  Metaspace       used 9590K, committed 9856K, reserved 1114112K
[2026-08-02T15:53:45.615+0900][1.418s][debug][gc,heap        ] GC(20)   class space    used 896K, committed 1024K, reserved 1048576K
[2026-08-02T15:53:45.615+0900][1.418s][info ][gc             ] GC(20) Pause Full (System.gc()) 18M->17M(128M) 33.787ms
[2026-08-02T15:53:45.615+0900][1.418s][info ][gc,cpu         ] GC(20) User=0.03s Sys=0.03s Real=0.03s
[2026-08-02T15:53:45.615+0900][1.418s][info ][safepoint      ] Safepoint "G1CollectFull", Time since last: 2102200 ns, Reaching safepoint: 26300 ns, At safepoint: 33885400 ns, Total: 33911700 ns
[2026-08-02T15:53:45.618+0900][1.421s][info ][gc,start       ] GC(21) Pause Full (System.gc())
[2026-08-02T15:53:45.618+0900][1.421s][debug][gc,heap        ] GC(21) Heap before GC invocations=21 (full 21):
[2026-08-02T15:53:45.618+0900][1.421s][debug][gc,heap        ] GC(21)  garbage-first heap   total 131072K, used 18110K [0x000001e7b4000000, 0x0000021eb4000000)
[2026-08-02T15:53:45.618+0900][1.421s][debug][gc,heap        ] GC(21)   region size 32768K, 1 young (32768K), 0 survivors (0K)
[2026-08-02T15:53:45.618+0900][1.421s][debug][gc,heap        ] GC(21)  Metaspace       used 9594K, committed 9920K, reserved 1114112K
[2026-08-02T15:53:45.618+0900][1.421s][debug][gc,heap        ] GC(21)   class space    used 896K, committed 1024K, reserved 1048576K
[2026-08-02T15:53:45.618+0900][1.421s][info ][gc,task        ] GC(21) Using 1 workers of 18 for full compaction
[2026-08-02T15:53:45.618+0900][1.421s][info ][gc,phases,start] GC(21) Phase 1: Mark live objects
[2026-08-02T15:53:45.633+0900][1.436s][info ][gc,phases      ] GC(21) Phase 1: Mark live objects 15.306ms
[2026-08-02T15:53:45.633+0900][1.436s][info ][gc,phases,start] GC(21) Phase 2: Prepare for compaction
[2026-08-02T15:53:45.636+0900][1.439s][info ][gc,phases      ] GC(21) Phase 2: Prepare for compaction 2.835ms
[2026-08-02T15:53:45.636+0900][1.439s][info ][gc,phases,start] GC(21) Phase 3: Adjust pointers
[2026-08-02T15:53:45.643+0900][1.446s][info ][gc,phases      ] GC(21) Phase 3: Adjust pointers 6.710ms
[2026-08-02T15:53:45.643+0900][1.446s][info ][gc,phases,start] GC(21) Phase 4: Compact heap
[2026-08-02T15:53:45.645+0900][1.448s][info ][gc,phases      ] GC(21) Phase 4: Compact heap 2.327ms
[2026-08-02T15:53:45.647+0900][1.450s][info ][gc,heap        ] GC(21) Eden regions: 1->0(1)
[2026-08-02T15:53:45.647+0900][1.450s][info ][gc,heap        ] GC(21) Survivor regions: 0->0(0)
[2026-08-02T15:53:45.647+0900][1.450s][info ][gc,heap        ] GC(21) Old regions: 1->1
[2026-08-02T15:53:45.647+0900][1.450s][info ][gc,heap        ] GC(21) Archive regions: 0->0
[2026-08-02T15:53:45.647+0900][1.450s][info ][gc,heap        ] GC(21) Humongous regions: 0->0
[2026-08-02T15:53:45.647+0900][1.450s][info ][gc,metaspace   ] GC(21) Metaspace: 9594K(9920K)->9594K(9920K) NonClass: 8697K(8896K)->8697K(8896K) Class: 896K(1024K)->896K(1024K)
[2026-08-02T15:53:45.647+0900][1.450s][debug][gc,heap        ] GC(21) Heap after GC invocations=22 (full 22):
[2026-08-02T15:53:45.647+0900][1.450s][debug][gc,heap        ] GC(21)  garbage-first heap   total 131072K, used 18123K [0x000001e7b4000000, 0x0000021eb4000000)
[2026-08-02T15:53:45.647+0900][1.450s][debug][gc,heap        ] GC(21)   region size 32768K, 0 young (0K), 0 survivors (0K)
[2026-08-02T15:53:45.647+0900][1.450s][debug][gc,heap        ] GC(21)  Metaspace       used 9594K, committed 9920K, reserved 1114112K
[2026-08-02T15:53:45.647+0900][1.450s][debug][gc,heap        ] GC(21)   class space    used 896K, committed 1024K, reserved 1048576K
[2026-08-02T15:53:45.647+0900][1.450s][info ][gc             ] GC(21) Pause Full (System.gc()) 18M->17M(128M) 29.351ms
[2026-08-02T15:53:45.647+0900][1.450s][info ][gc,cpu         ] GC(21) User=0.05s Sys=0.02s Real=0.03s
[2026-08-02T15:53:45.647+0900][1.450s][info ][safepoint      ] Safepoint "G1CollectFull", Time since last: 2355300 ns, Reaching safepoint: 23500 ns, At safepoint: 29451700 ns, Total: 29475200 ns
[2026-08-02T15:53:45.650+0900][1.452s][info ][gc,start       ] GC(22) Pause Full (System.gc())
[2026-08-02T15:53:45.650+0900][1.452s][debug][gc,heap        ] GC(22) Heap before GC invocations=22 (full 22):
[2026-08-02T15:53:45.650+0900][1.452s][debug][gc,heap        ] GC(22)  garbage-first heap   total 131072K, used 18123K [0x000001e7b4000000, 0x0000021eb4000000)
[2026-08-02T15:53:45.650+0900][1.452s][debug][gc,heap        ] GC(22)   region size 32768K, 1 young (32768K), 0 survivors (0K)
[2026-08-02T15:53:45.650+0900][1.452s][debug][gc,heap        ] GC(22)  Metaspace       used 9601K, committed 9920K, reserved 1114112K
[2026-08-02T15:53:45.650+0900][1.452s][debug][gc,heap        ] GC(22)   class space    used 896K, committed 1024K, reserved 1048576K
[2026-08-02T15:53:45.650+0900][1.452s][info ][gc,task        ] GC(22) Using 1 workers of 18 for full compaction
[2026-08-02T15:53:45.650+0900][1.452s][info ][gc,phases,start] GC(22) Phase 1: Mark live objects
[2026-08-02T15:53:45.666+0900][1.469s][info ][gc,phases      ] GC(22) Phase 1: Mark live objects 16.200ms
[2026-08-02T15:53:45.666+0900][1.469s][info ][gc,phases,start] GC(22) Phase 2: Prepare for compaction
[2026-08-02T15:53:45.670+0900][1.472s][info ][gc,phases      ] GC(22) Phase 2: Prepare for compaction 3.184ms
[2026-08-02T15:53:45.670+0900][1.472s][info ][gc,phases,start] GC(22) Phase 3: Adjust pointers
[2026-08-02T15:53:45.677+0900][1.480s][info ][gc,phases      ] GC(22) Phase 3: Adjust pointers 7.781ms
[2026-08-02T15:53:45.677+0900][1.480s][info ][gc,phases,start] GC(22) Phase 4: Compact heap
[2026-08-02T15:53:45.680+0900][1.482s][info ][gc,phases      ] GC(22) Phase 4: Compact heap 2.374ms
[2026-08-02T15:53:45.682+0900][1.484s][info ][gc,heap        ] GC(22) Eden regions: 1->0(1)
[2026-08-02T15:53:45.682+0900][1.484s][info ][gc,heap        ] GC(22) Survivor regions: 0->0(0)
[2026-08-02T15:53:45.682+0900][1.484s][info ][gc,heap        ] GC(22) Old regions: 1->1
[2026-08-02T15:53:45.682+0900][1.484s][info ][gc,heap        ] GC(22) Archive regions: 0->0
[2026-08-02T15:53:45.682+0900][1.484s][info ][gc,heap        ] GC(22) Humongous regions: 0->0
[2026-08-02T15:53:45.682+0900][1.484s][info ][gc,metaspace   ] GC(22) Metaspace: 9601K(9920K)->9601K(9920K) NonClass: 8705K(8896K)->8705K(8896K) Class: 896K(1024K)->896K(1024K)
[2026-08-02T15:53:45.682+0900][1.484s][debug][gc,heap        ] GC(22) Heap after GC invocations=23 (full 23):
[2026-08-02T15:53:45.682+0900][1.484s][debug][gc,heap        ] GC(22)  garbage-first heap   total 131072K, used 18137K [0x000001e7b4000000, 0x0000021eb4000000)
[2026-08-02T15:53:45.682+0900][1.484s][debug][gc,heap        ] GC(22)   region size 32768K, 0 young (0K), 0 survivors (0K)
[2026-08-02T15:53:45.682+0900][1.484s][debug][gc,heap        ] GC(22)  Metaspace       used 9601K, committed 9920K, reserved 1114112K
[2026-08-02T15:53:45.682+0900][1.484s][debug][gc,heap        ] GC(22)   class space    used 896K, committed 1024K, reserved 1048576K
[2026-08-02T15:53:45.682+0900][1.484s][info ][gc             ] GC(22) Pause Full (System.gc()) 18M->17M(128M) 31.752ms
[2026-08-02T15:53:45.682+0900][1.484s][info ][gc,cpu         ] GC(22) User=0.03s Sys=0.03s Real=0.03s
[2026-08-02T15:53:45.682+0900][1.484s][info ][safepoint      ] Safepoint "G1CollectFull", Time since last: 2273100 ns, Reaching safepoint: 19800 ns, At safepoint: 31793800 ns, Total: 31813600 ns
[2026-08-02T15:53:45.684+0900][1.486s][info ][gc,start       ] GC(23) Pause Full (System.gc())
[2026-08-02T15:53:45.684+0900][1.487s][debug][gc,heap        ] GC(23) Heap before GC invocations=23 (full 23):
[2026-08-02T15:53:45.684+0900][1.487s][debug][gc,heap        ] GC(23)  garbage-first heap   total 131072K, used 18137K [0x000001e7b4000000, 0x0000021eb4000000)
[2026-08-02T15:53:45.684+0900][1.487s][debug][gc,heap        ] GC(23)   region size 32768K, 1 young (32768K), 0 survivors (0K)
[2026-08-02T15:53:45.684+0900][1.487s][debug][gc,heap        ] GC(23)  Metaspace       used 9608K, committed 9920K, reserved 1114112K
[2026-08-02T15:53:45.684+0900][1.487s][debug][gc,heap        ] GC(23)   class space    used 896K, committed 1024K, reserved 1048576K
[2026-08-02T15:53:45.684+0900][1.487s][info ][gc,task        ] GC(23) Using 1 workers of 18 for full compaction
[2026-08-02T15:53:45.684+0900][1.487s][info ][gc,phases,start] GC(23) Phase 1: Mark live objects
[2026-08-02T15:53:45.698+0900][1.501s][info ][gc,phases      ] GC(23) Phase 1: Mark live objects 14.561ms
[2026-08-02T15:53:45.698+0900][1.501s][info ][gc,phases,start] GC(23) Phase 2: Prepare for compaction
[2026-08-02T15:53:45.702+0900][1.505s][info ][gc,phases      ] GC(23) Phase 2: Prepare for compaction 3.376ms
[2026-08-02T15:53:45.702+0900][1.505s][info ][gc,phases,start] GC(23) Phase 3: Adjust pointers
[2026-08-02T15:53:45.709+0900][1.512s][info ][gc,phases      ] GC(23) Phase 3: Adjust pointers 7.238ms
[2026-08-02T15:53:45.709+0900][1.512s][info ][gc,phases,start] GC(23) Phase 4: Compact heap
[2026-08-02T15:53:45.712+0900][1.514s][info ][gc,phases      ] GC(23) Phase 4: Compact heap 2.417ms
[2026-08-02T15:53:45.714+0900][1.516s][info ][gc,heap        ] GC(23) Eden regions: 1->0(1)
[2026-08-02T15:53:45.714+0900][1.516s][info ][gc,heap        ] GC(23) Survivor regions: 0->0(0)
[2026-08-02T15:53:45.714+0900][1.516s][info ][gc,heap        ] GC(23) Old regions: 1->1
[2026-08-02T15:53:45.714+0900][1.516s][info ][gc,heap        ] GC(23) Archive regions: 0->0
[2026-08-02T15:53:45.714+0900][1.516s][info ][gc,heap        ] GC(23) Humongous regions: 0->0
[2026-08-02T15:53:45.714+0900][1.516s][info ][gc,metaspace   ] GC(23) Metaspace: 9608K(9920K)->9608K(9920K) NonClass: 8712K(8896K)->8712K(8896K) Class: 896K(1024K)->896K(1024K)
[2026-08-02T15:53:45.714+0900][1.516s][debug][gc,heap        ] GC(23) Heap after GC invocations=24 (full 24):
[2026-08-02T15:53:45.714+0900][1.516s][debug][gc,heap        ] GC(23)  garbage-first heap   total 131072K, used 18150K [0x000001e7b4000000, 0x0000021eb4000000)
[2026-08-02T15:53:45.714+0900][1.516s][debug][gc,heap        ] GC(23)   region size 32768K, 0 young (0K), 0 survivors (0K)
[2026-08-02T15:53:45.714+0900][1.516s][debug][gc,heap        ] GC(23)  Metaspace       used 9608K, committed 9920K, reserved 1114112K
[2026-08-02T15:53:45.714+0900][1.516s][debug][gc,heap        ] GC(23)   class space    used 896K, committed 1024K, reserved 1048576K
[2026-08-02T15:53:45.714+0900][1.516s][info ][gc             ] GC(23) Pause Full (System.gc()) 18M->17M(128M) 29.888ms
[2026-08-02T15:53:45.714+0900][1.516s][info ][gc,cpu         ] GC(23) User=0.02s Sys=0.02s Real=0.03s
[2026-08-02T15:53:45.714+0900][1.516s][info ][safepoint      ] Safepoint "G1CollectFull", Time since last: 2416000 ns, Reaching safepoint: 23800 ns, At safepoint: 29978800 ns, Total: 30002600 ns
[2026-08-02T15:53:45.716+0900][1.519s][info ][gc,start       ] GC(24) Pause Full (System.gc())
[2026-08-02T15:53:45.716+0900][1.519s][debug][gc,heap        ] GC(24) Heap before GC invocations=24 (full 24):
[2026-08-02T15:53:45.716+0900][1.519s][debug][gc,heap        ] GC(24)  garbage-first heap   total 131072K, used 18150K [0x000001e7b4000000, 0x0000021eb4000000)
[2026-08-02T15:53:45.716+0900][1.519s][debug][gc,heap        ] GC(24)   region size 32768K, 1 young (32768K), 0 survivors (0K)
[2026-08-02T15:53:45.716+0900][1.519s][debug][gc,heap        ] GC(24)  Metaspace       used 9608K, committed 9920K, reserved 1114112K
[2026-08-02T15:53:45.716+0900][1.519s][debug][gc,heap        ] GC(24)   class space    used 896K, committed 1024K, reserved 1048576K
[2026-08-02T15:53:45.716+0900][1.519s][info ][gc,task        ] GC(24) Using 1 workers of 18 for full compaction
[2026-08-02T15:53:45.716+0900][1.519s][info ][gc,phases,start] GC(24) Phase 1: Mark live objects
[2026-08-02T15:53:45.732+0900][1.535s][info ][gc,phases      ] GC(24) Phase 1: Mark live objects 16.076ms
[2026-08-02T15:53:45.732+0900][1.535s][info ][gc,phases,start] GC(24) Phase 2: Prepare for compaction
[2026-08-02T15:53:45.735+0900][1.538s][info ][gc,phases      ] GC(24) Phase 2: Prepare for compaction 2.865ms
[2026-08-02T15:53:45.735+0900][1.538s][info ][gc,phases,start] GC(24) Phase 3: Adjust pointers
[2026-08-02T15:53:45.742+0900][1.544s][info ][gc,phases      ] GC(24) Phase 3: Adjust pointers 6.550ms
[2026-08-02T15:53:45.742+0900][1.544s][info ][gc,phases,start] GC(24) Phase 4: Compact heap
[2026-08-02T15:53:45.744+0900][1.547s][info ][gc,phases      ] GC(24) Phase 4: Compact heap 2.512ms
[2026-08-02T15:53:45.746+0900][1.549s][info ][gc,heap        ] GC(24) Eden regions: 1->0(1)
[2026-08-02T15:53:45.746+0900][1.549s][info ][gc,heap        ] GC(24) Survivor regions: 0->0(0)
[2026-08-02T15:53:45.746+0900][1.549s][info ][gc,heap        ] GC(24) Old regions: 1->1
[2026-08-02T15:53:45.746+0900][1.549s][info ][gc,heap        ] GC(24) Archive regions: 0->0
[2026-08-02T15:53:45.746+0900][1.549s][info ][gc,heap        ] GC(24) Humongous regions: 0->0
[2026-08-02T15:53:45.746+0900][1.549s][info ][gc,metaspace   ] GC(24) Metaspace: 9608K(9920K)->9608K(9920K) NonClass: 8712K(8896K)->8712K(8896K) Class: 896K(1024K)->896K(1024K)
[2026-08-02T15:53:45.746+0900][1.549s][debug][gc,heap        ] GC(24) Heap after GC invocations=25 (full 25):
[2026-08-02T15:53:45.746+0900][1.549s][debug][gc,heap        ] GC(24)  garbage-first heap   total 131072K, used 18163K [0x000001e7b4000000, 0x0000021eb4000000)
[2026-08-02T15:53:45.746+0900][1.549s][debug][gc,heap        ] GC(24)   region size 32768K, 0 young (0K), 0 survivors (0K)
[2026-08-02T15:53:45.746+0900][1.549s][debug][gc,heap        ] GC(24)  Metaspace       used 9608K, committed 9920K, reserved 1114112K
[2026-08-02T15:53:45.746+0900][1.549s][debug][gc,heap        ] GC(24)   class space    used 896K, committed 1024K, reserved 1048576K
[2026-08-02T15:53:45.746+0900][1.549s][info ][gc             ] GC(24) Pause Full (System.gc()) 18M->17M(128M) 30.301ms
[2026-08-02T15:53:45.746+0900][1.549s][info ][gc,cpu         ] GC(24) User=0.03s Sys=0.00s Real=0.03s
[2026-08-02T15:53:45.746+0900][1.549s][info ][safepoint      ] Safepoint "G1CollectFull", Time since last: 2195100 ns, Reaching safepoint: 25200 ns, At safepoint: 30345900 ns, Total: 30371100 ns
[2026-08-02T15:53:45.748+0900][1.551s][info ][gc,start       ] GC(25) Pause Full (System.gc())
[2026-08-02T15:53:45.749+0900][1.551s][debug][gc,heap        ] GC(25) Heap before GC invocations=25 (full 25):
[2026-08-02T15:53:45.749+0900][1.551s][debug][gc,heap        ] GC(25)  garbage-first heap   total 131072K, used 18163K [0x000001e7b4000000, 0x0000021eb4000000)
[2026-08-02T15:53:45.749+0900][1.551s][debug][gc,heap        ] GC(25)   region size 32768K, 1 young (32768K), 0 survivors (0K)
[2026-08-02T15:53:45.749+0900][1.551s][debug][gc,heap        ] GC(25)  Metaspace       used 9610K, committed 9920K, reserved 1114112K
[2026-08-02T15:53:45.749+0900][1.551s][debug][gc,heap        ] GC(25)   class space    used 896K, committed 1024K, reserved 1048576K
[2026-08-02T15:53:45.749+0900][1.551s][info ][gc,task        ] GC(25) Using 1 workers of 18 for full compaction
[2026-08-02T15:53:45.749+0900][1.551s][info ][gc,phases,start] GC(25) Phase 1: Mark live objects
[2026-08-02T15:53:45.764+0900][1.567s][info ][gc,phases      ] GC(25) Phase 1: Mark live objects 15.252ms
[2026-08-02T15:53:45.764+0900][1.567s][info ][gc,phases,start] GC(25) Phase 2: Prepare for compaction
[2026-08-02T15:53:45.767+0900][1.570s][info ][gc,phases      ] GC(25) Phase 2: Prepare for compaction 2.907ms
[2026-08-02T15:53:45.767+0900][1.570s][info ][gc,phases,start] GC(25) Phase 3: Adjust pointers
[2026-08-02T15:53:45.775+0900][1.577s][info ][gc,phases      ] GC(25) Phase 3: Adjust pointers 7.402ms
[2026-08-02T15:53:45.775+0900][1.577s][info ][gc,phases,start] GC(25) Phase 4: Compact heap
[2026-08-02T15:53:45.777+0900][1.580s][info ][gc,phases      ] GC(25) Phase 4: Compact heap 2.564ms
[2026-08-02T15:53:45.779+0900][1.582s][info ][gc,heap        ] GC(25) Eden regions: 1->0(1)
[2026-08-02T15:53:45.779+0900][1.582s][info ][gc,heap        ] GC(25) Survivor regions: 0->0(0)
[2026-08-02T15:53:45.779+0900][1.582s][info ][gc,heap        ] GC(25) Old regions: 1->1
[2026-08-02T15:53:45.779+0900][1.582s][info ][gc,heap        ] GC(25) Archive regions: 0->0
[2026-08-02T15:53:45.779+0900][1.582s][info ][gc,heap        ] GC(25) Humongous regions: 0->0
[2026-08-02T15:53:45.779+0900][1.582s][info ][gc,metaspace   ] GC(25) Metaspace: 9610K(9920K)->9610K(9920K) NonClass: 8713K(8896K)->8713K(8896K) Class: 896K(1024K)->896K(1024K)
[2026-08-02T15:53:45.779+0900][1.582s][debug][gc,heap        ] GC(25) Heap after GC invocations=26 (full 26):
[2026-08-02T15:53:45.779+0900][1.582s][debug][gc,heap        ] GC(25)  garbage-first heap   total 131072K, used 18177K [0x000001e7b4000000, 0x0000021eb4000000)
[2026-08-02T15:53:45.779+0900][1.582s][debug][gc,heap        ] GC(25)   region size 32768K, 0 young (0K), 0 survivors (0K)
[2026-08-02T15:53:45.779+0900][1.582s][debug][gc,heap        ] GC(25)  Metaspace       used 9610K, committed 9920K, reserved 1114112K
[2026-08-02T15:53:45.779+0900][1.582s][debug][gc,heap        ] GC(25)   class space    used 896K, committed 1024K, reserved 1048576K
[2026-08-02T15:53:45.779+0900][1.582s][info ][gc             ] GC(25) Pause Full (System.gc()) 18M->17M(128M) 30.585ms
[2026-08-02T15:53:45.779+0900][1.582s][info ][gc,cpu         ] GC(25) User=0.06s Sys=0.00s Real=0.03s
[2026-08-02T15:53:45.779+0900][1.582s][info ][safepoint      ] Safepoint "G1CollectFull", Time since last: 2196800 ns, Reaching safepoint: 21300 ns, At safepoint: 30679400 ns, Total: 30700700 ns
[2026-08-02T15:53:45.781+0900][1.584s][info ][gc,start       ] GC(26) Pause Full (System.gc())
[2026-08-02T15:53:45.781+0900][1.584s][debug][gc,heap        ] GC(26) Heap before GC invocations=26 (full 26):
[2026-08-02T15:53:45.781+0900][1.584s][debug][gc,heap        ] GC(26)  garbage-first heap   total 131072K, used 18177K [0x000001e7b4000000, 0x0000021eb4000000)
[2026-08-02T15:53:45.781+0900][1.584s][debug][gc,heap        ] GC(26)   region size 32768K, 1 young (32768K), 0 survivors (0K)
[2026-08-02T15:53:45.781+0900][1.584s][debug][gc,heap        ] GC(26)  Metaspace       used 9612K, committed 9920K, reserved 1114112K
[2026-08-02T15:53:45.781+0900][1.584s][debug][gc,heap        ] GC(26)   class space    used 896K, committed 1024K, reserved 1048576K
[2026-08-02T15:53:45.781+0900][1.584s][info ][gc,task        ] GC(26) Using 1 workers of 18 for full compaction
[2026-08-02T15:53:45.781+0900][1.584s][info ][gc,phases,start] GC(26) Phase 1: Mark live objects
[2026-08-02T15:53:45.796+0900][1.599s][info ][gc,phases      ] GC(26) Phase 1: Mark live objects 15.158ms
[2026-08-02T15:53:45.796+0900][1.599s][info ][gc,phases,start] GC(26) Phase 2: Prepare for compaction
[2026-08-02T15:53:45.800+0900][1.602s][info ][gc,phases      ] GC(26) Phase 2: Prepare for compaction 2.852ms
[2026-08-02T15:53:45.800+0900][1.602s][info ][gc,phases,start] GC(26) Phase 3: Adjust pointers
[2026-08-02T15:53:45.807+0900][1.610s][info ][gc,phases      ] GC(26) Phase 3: Adjust pointers 7.862ms
[2026-08-02T15:53:45.807+0900][1.610s][info ][gc,phases,start] GC(26) Phase 4: Compact heap
[2026-08-02T15:53:45.809+0900][1.612s][info ][gc,phases      ] GC(26) Phase 4: Compact heap 2.353ms
[2026-08-02T15:53:45.812+0900][1.614s][info ][gc,heap        ] GC(26) Eden regions: 1->0(1)
[2026-08-02T15:53:45.812+0900][1.614s][info ][gc,heap        ] GC(26) Survivor regions: 0->0(0)
[2026-08-02T15:53:45.812+0900][1.614s][info ][gc,heap        ] GC(26) Old regions: 1->1
[2026-08-02T15:53:45.812+0900][1.614s][info ][gc,heap        ] GC(26) Archive regions: 0->0
[2026-08-02T15:53:45.812+0900][1.614s][info ][gc,heap        ] GC(26) Humongous regions: 0->0
[2026-08-02T15:53:45.812+0900][1.614s][info ][gc,metaspace   ] GC(26) Metaspace: 9612K(9920K)->9612K(9920K) NonClass: 8715K(8896K)->8715K(8896K) Class: 896K(1024K)->896K(1024K)
[2026-08-02T15:53:45.812+0900][1.614s][debug][gc,heap        ] GC(26) Heap after GC invocations=27 (full 27):
[2026-08-02T15:53:45.812+0900][1.614s][debug][gc,heap        ] GC(26)  garbage-first heap   total 131072K, used 18190K [0x000001e7b4000000, 0x0000021eb4000000)
[2026-08-02T15:53:45.812+0900][1.614s][debug][gc,heap        ] GC(26)   region size 32768K, 0 young (0K), 0 survivors (0K)
[2026-08-02T15:53:45.812+0900][1.614s][debug][gc,heap        ] GC(26)  Metaspace       used 9612K, committed 9920K, reserved 1114112K
[2026-08-02T15:53:45.812+0900][1.614s][debug][gc,heap        ] GC(26)   class space    used 896K, committed 1024K, reserved 1048576K
[2026-08-02T15:53:45.812+0900][1.614s][info ][gc             ] GC(26) Pause Full (System.gc()) 18M->17M(128M) 30.497ms
[2026-08-02T15:53:45.812+0900][1.614s][info ][gc,cpu         ] GC(26) User=0.03s Sys=0.03s Real=0.03s
[2026-08-02T15:53:45.812+0900][1.614s][info ][safepoint      ] Safepoint "G1CollectFull", Time since last: 1861800 ns, Reaching safepoint: 21500 ns, At safepoint: 30621800 ns, Total: 30643300 ns
[2026-08-02T15:53:45.814+0900][1.616s][info ][gc,start       ] GC(27) Pause Full (System.gc())
[2026-08-02T15:53:45.814+0900][1.616s][debug][gc,heap        ] GC(27) Heap before GC invocations=27 (full 27):
[2026-08-02T15:53:45.814+0900][1.616s][debug][gc,heap        ] GC(27)  garbage-first heap   total 131072K, used 18190K [0x000001e7b4000000, 0x0000021eb4000000)
[2026-08-02T15:53:45.814+0900][1.616s][debug][gc,heap        ] GC(27)   region size 32768K, 1 young (32768K), 0 survivors (0K)
[2026-08-02T15:53:45.814+0900][1.616s][debug][gc,heap        ] GC(27)  Metaspace       used 9622K, committed 9920K, reserved 1114112K
[2026-08-02T15:53:45.814+0900][1.616s][debug][gc,heap        ] GC(27)   class space    used 898K, committed 1024K, reserved 1048576K
[2026-08-02T15:53:45.814+0900][1.616s][info ][gc,task        ] GC(27) Using 1 workers of 18 for full compaction
[2026-08-02T15:53:45.814+0900][1.617s][info ][gc,phases,start] GC(27) Phase 1: Mark live objects
[2026-08-02T15:53:45.829+0900][1.632s][info ][gc,phases      ] GC(27) Phase 1: Mark live objects 15.431ms
[2026-08-02T15:53:45.829+0900][1.632s][info ][gc,phases,start] GC(27) Phase 2: Prepare for compaction
[2026-08-02T15:53:45.832+0900][1.635s][info ][gc,phases      ] GC(27) Phase 2: Prepare for compaction 2.839ms
[2026-08-02T15:53:45.832+0900][1.635s][info ][gc,phases,start] GC(27) Phase 3: Adjust pointers
[2026-08-02T15:53:45.840+0900][1.643s][info ][gc,phases      ] GC(27) Phase 3: Adjust pointers 7.963ms
[2026-08-02T15:53:45.840+0900][1.643s][info ][gc,phases,start] GC(27) Phase 4: Compact heap
[2026-08-02T15:53:45.844+0900][1.646s][info ][gc,phases      ] GC(27) Phase 4: Compact heap 2.970ms
[2026-08-02T15:53:45.846+0900][1.648s][info ][gc,heap        ] GC(27) Eden regions: 1->0(1)
[2026-08-02T15:53:45.846+0900][1.648s][info ][gc,heap        ] GC(27) Survivor regions: 0->0(0)
[2026-08-02T15:53:45.846+0900][1.648s][info ][gc,heap        ] GC(27) Old regions: 1->1
[2026-08-02T15:53:45.846+0900][1.648s][info ][gc,heap        ] GC(27) Archive regions: 0->0
[2026-08-02T15:53:45.846+0900][1.648s][info ][gc,heap        ] GC(27) Humongous regions: 0->0
[2026-08-02T15:53:45.846+0900][1.648s][info ][gc,metaspace   ] GC(27) Metaspace: 9622K(9920K)->9622K(9920K) NonClass: 8724K(8896K)->8724K(8896K) Class: 898K(1024K)->898K(1024K)
[2026-08-02T15:53:45.846+0900][1.648s][debug][gc,heap        ] GC(27) Heap after GC invocations=28 (full 28):
[2026-08-02T15:53:45.846+0900][1.648s][debug][gc,heap        ] GC(27)  garbage-first heap   total 131072K, used 18208K [0x000001e7b4000000, 0x0000021eb4000000)
[2026-08-02T15:53:45.846+0900][1.648s][debug][gc,heap        ] GC(27)   region size 32768K, 0 young (0K), 0 survivors (0K)
[2026-08-02T15:53:45.846+0900][1.649s][debug][gc,heap        ] GC(27)  Metaspace       used 9622K, committed 9920K, reserved 1114112K
[2026-08-02T15:53:45.846+0900][1.649s][debug][gc,heap        ] GC(27)   class space    used 898K, committed 1024K, reserved 1048576K
[2026-08-02T15:53:45.846+0900][1.649s][info ][gc             ] GC(27) Pause Full (System.gc()) 18M->17M(128M) 32.155ms
[2026-08-02T15:53:45.846+0900][1.649s][info ][gc,cpu         ] GC(27) User=0.06s Sys=0.00s Real=0.03s
[2026-08-02T15:53:45.846+0900][1.649s][info ][safepoint      ] Safepoint "G1CollectFull", Time since last: 1966500 ns, Reaching safepoint: 19300 ns, At safepoint: 32218200 ns, Total: 32237500 ns
[2026-08-02T15:53:45.865+0900][1.667s][info ][gc,start       ] GC(28) Pause Full (System.gc())
[2026-08-02T15:53:45.865+0900][1.667s][debug][gc,heap        ] GC(28) Heap before GC invocations=28 (full 28):
[2026-08-02T15:53:45.865+0900][1.667s][debug][gc,heap        ] GC(28)  garbage-first heap   total 131072K, used 18208K [0x000001e7b4000000, 0x0000021eb4000000)
[2026-08-02T15:53:45.865+0900][1.667s][debug][gc,heap        ] GC(28)   region size 32768K, 1 young (32768K), 0 survivors (0K)
[2026-08-02T15:53:45.865+0900][1.667s][debug][gc,heap        ] GC(28)  Metaspace       used 9650K, committed 9920K, reserved 1114112K
[2026-08-02T15:53:45.865+0900][1.667s][debug][gc,heap        ] GC(28)   class space    used 900K, committed 1024K, reserved 1048576K
[2026-08-02T15:53:45.865+0900][1.667s][info ][gc,task        ] GC(28) Using 1 workers of 18 for full compaction
[2026-08-02T15:53:45.865+0900][1.668s][info ][gc,phases,start] GC(28) Phase 1: Mark live objects
[2026-08-02T15:53:45.897+0900][1.699s][info ][gc,phases      ] GC(28) Phase 1: Mark live objects 31.669ms
[2026-08-02T15:53:45.897+0900][1.699s][info ][gc,phases,start] GC(28) Phase 2: Prepare for compaction
[2026-08-02T15:53:45.902+0900][1.704s][info ][gc,phases      ] GC(28) Phase 2: Prepare for compaction 4.992ms
[2026-08-02T15:53:45.902+0900][1.704s][info ][gc,phases,start] GC(28) Phase 3: Adjust pointers
[2026-08-02T15:53:45.913+0900][1.716s][info ][gc,phases      ] GC(28) Phase 3: Adjust pointers 11.608ms
[2026-08-02T15:53:45.913+0900][1.716s][info ][gc,phases,start] GC(28) Phase 4: Compact heap
[2026-08-02T15:53:45.917+0900][1.720s][info ][gc,phases      ] GC(28) Phase 4: Compact heap 3.552ms
[2026-08-02T15:53:45.919+0900][1.721s][info ][gc,heap        ] GC(28) Eden regions: 1->0(1)
[2026-08-02T15:53:45.919+0900][1.722s][info ][gc,heap        ] GC(28) Survivor regions: 0->0(0)
[2026-08-02T15:53:45.919+0900][1.722s][info ][gc,heap        ] GC(28) Old regions: 1->1
[2026-08-02T15:53:45.919+0900][1.722s][info ][gc,heap        ] GC(28) Archive regions: 0->0
[2026-08-02T15:53:45.919+0900][1.722s][info ][gc,heap        ] GC(28) Humongous regions: 0->0
[2026-08-02T15:53:45.919+0900][1.722s][info ][gc,metaspace   ] GC(28) Metaspace: 9650K(9920K)->9650K(9920K) NonClass: 8749K(8896K)->8749K(8896K) Class: 900K(1024K)->900K(1024K)
[2026-08-02T15:53:45.919+0900][1.722s][debug][gc,heap        ] GC(28) Heap after GC invocations=29 (full 29):
[2026-08-02T15:53:45.919+0900][1.722s][debug][gc,heap        ] GC(28)  garbage-first heap   total 131072K, used 20823K [0x000001e7b4000000, 0x0000021eb4000000)
[2026-08-02T15:53:45.919+0900][1.722s][debug][gc,heap        ] GC(28)   region size 32768K, 0 young (0K), 0 survivors (0K)
[2026-08-02T15:53:45.919+0900][1.722s][debug][gc,heap        ] GC(28)  Metaspace       used 9650K, committed 9920K, reserved 1114112K
[2026-08-02T15:53:45.919+0900][1.722s][debug][gc,heap        ] GC(28)   class space    used 900K, committed 1024K, reserved 1048576K
[2026-08-02T15:53:45.919+0900][1.722s][info ][gc             ] GC(28) Pause Full (System.gc()) 23M->20M(128M) 54.312ms
[2026-08-02T15:53:45.919+0900][1.722s][info ][gc,cpu         ] GC(28) User=0.06s Sys=0.03s Real=0.05s
[2026-08-02T15:53:45.919+0900][1.722s][info ][safepoint      ] Safepoint "G1CollectFull", Time since last: 18676200 ns, Reaching safepoint: 32700 ns, At safepoint: 54366800 ns, Total: 54399500 ns
[2026-08-02T15:53:46.016+0900][1.818s][info ][gc,start       ] GC(29) Pause Young (Normal) (G1 Evacuation Pause)
[2026-08-02T15:53:46.016+0900][1.818s][debug][gc,heap        ] GC(29) Heap before GC invocations=29 (full 29):
[2026-08-02T15:53:46.016+0900][1.818s][debug][gc,heap        ] GC(29)  garbage-first heap   total 131072K, used 53591K [0x000001e7b4000000, 0x0000021eb4000000)
[2026-08-02T15:53:46.016+0900][1.818s][debug][gc,heap        ] GC(29)   region size 32768K, 1 young (32768K), 0 survivors (0K)
[2026-08-02T15:53:46.016+0900][1.818s][debug][gc,heap        ] GC(29)  Metaspace       used 9662K, committed 9920K, reserved 1114112K
[2026-08-02T15:53:46.016+0900][1.818s][debug][gc,heap        ] GC(29)   class space    used 901K, committed 1024K, reserved 1048576K
[2026-08-02T15:53:46.016+0900][1.818s][info ][gc,task        ] GC(29) Using 3 workers of 18 for evacuation
[2026-08-02T15:53:46.028+0900][1.830s][info ][gc,phases      ] GC(29)   Pre Evacuate Collection Set: 0.1ms
[2026-08-02T15:53:46.028+0900][1.830s][info ][gc,phases      ] GC(29)   Merge Heap Roots: 0.4ms
[2026-08-02T15:53:46.028+0900][1.830s][info ][gc,phases      ] GC(29)   Evacuate Collection Set: 11.3ms
[2026-08-02T15:53:46.028+0900][1.830s][info ][gc,phases      ] GC(29)   Post Evacuate Collection Set: 0.2ms
[2026-08-02T15:53:46.028+0900][1.830s][info ][gc,phases      ] GC(29)   Other: 0.1ms
[2026-08-02T15:53:46.028+0900][1.830s][info ][gc,heap        ] GC(29) Eden regions: 1->0(1)
[2026-08-02T15:53:46.028+0900][1.830s][info ][gc,heap        ] GC(29) Survivor regions: 0->1(1)
[2026-08-02T15:53:46.028+0900][1.830s][info ][gc,heap        ] GC(29) Old regions: 1->1
[2026-08-02T15:53:46.028+0900][1.830s][info ][gc,heap        ] GC(29) Archive regions: 0->0
[2026-08-02T15:53:46.028+0900][1.830s][info ][gc,heap        ] GC(29) Humongous regions: 0->0
[2026-08-02T15:53:46.028+0900][1.830s][info ][gc,metaspace   ] GC(29) Metaspace: 9662K(9920K)->9662K(9920K) NonClass: 8760K(8896K)->8760K(8896K) Class: 901K(1024K)->901K(1024K)
[2026-08-02T15:53:46.028+0900][1.830s][debug][gc,heap        ] GC(29) Heap after GC invocations=30 (full 29):
[2026-08-02T15:53:46.028+0900][1.830s][debug][gc,heap        ] GC(29)  garbage-first heap   total 131072K, used 37061K [0x000001e7b4000000, 0x0000021eb4000000)
[2026-08-02T15:53:46.028+0900][1.830s][debug][gc,heap        ] GC(29)   region size 32768K, 1 young (32768K), 1 survivors (32768K)
[2026-08-02T15:53:46.028+0900][1.830s][debug][gc,heap        ] GC(29)  Metaspace       used 9662K, committed 9920K, reserved 1114112K
[2026-08-02T15:53:46.028+0900][1.830s][debug][gc,heap        ] GC(29)   class space    used 901K, committed 1024K, reserved 1048576K
[2026-08-02T15:53:46.028+0900][1.831s][info ][gc             ] GC(29) Pause Young (Normal) (G1 Evacuation Pause) 52M->36M(128M) 12.342ms
[2026-08-02T15:53:46.028+0900][1.831s][info ][gc,cpu         ] GC(29) User=0.05s Sys=0.00s Real=0.01s
[2026-08-02T15:53:46.028+0900][1.831s][info ][safepoint      ] Safepoint "G1CollectForAllocation", Time since last: 96409700 ns, Reaching safepoint: 48600 ns, At safepoint: 12403900 ns, Total: 12452500 ns
[2026-08-02T15:53:46.079+0900][1.882s][info ][gc,start       ] GC(30) Pause Young (Normal) (G1 Evacuation Pause)
[2026-08-02T15:53:46.079+0900][1.882s][debug][gc,heap        ] GC(30) Heap before GC invocations=30 (full 29):
[2026-08-02T15:53:46.079+0900][1.882s][debug][gc,heap        ] GC(30)  garbage-first heap   total 131072K, used 69829K [0x000001e7b4000000, 0x0000021eb4000000)
[2026-08-02T15:53:46.079+0900][1.882s][debug][gc,heap        ] GC(30)   region size 32768K, 2 young (65536K), 1 survivors (32768K)
[2026-08-02T15:53:46.079+0900][1.882s][debug][gc,heap        ] GC(30)  Metaspace       used 9662K, committed 9920K, reserved 1114112K
[2026-08-02T15:53:46.079+0900][1.882s][debug][gc,heap        ] GC(30)   class space    used 901K, committed 1024K, reserved 1048576K
[2026-08-02T15:53:46.079+0900][1.882s][info ][gc,task        ] GC(30) Using 3 workers of 18 for evacuation
[2026-08-02T15:53:46.098+0900][1.901s][info ][gc,phases      ] GC(30)   Pre Evacuate Collection Set: 0.0ms
[2026-08-02T15:53:46.098+0900][1.901s][info ][gc,phases      ] GC(30)   Merge Heap Roots: 0.1ms
[2026-08-02T15:53:46.098+0900][1.901s][info ][gc,phases      ] GC(30)   Evacuate Collection Set: 18.3ms
[2026-08-02T15:53:46.098+0900][1.901s][info ][gc,phases      ] GC(30)   Post Evacuate Collection Set: 0.2ms
[2026-08-02T15:53:46.098+0900][1.901s][info ][gc,phases      ] GC(30)   Other: 0.1ms
[2026-08-02T15:53:46.098+0900][1.901s][info ][gc,heap        ] GC(30) Eden regions: 1->0(1)
[2026-08-02T15:53:46.098+0900][1.901s][info ][gc,heap        ] GC(30) Survivor regions: 1->1(1)
[2026-08-02T15:53:46.098+0900][1.901s][info ][gc,heap        ] GC(30) Old regions: 1->1
[2026-08-02T15:53:46.098+0900][1.901s][info ][gc,heap        ] GC(30) Archive regions: 0->0
[2026-08-02T15:53:46.098+0900][1.901s][info ][gc,heap        ] GC(30) Humongous regions: 0->0
[2026-08-02T15:53:46.098+0900][1.901s][info ][gc,metaspace   ] GC(30) Metaspace: 9662K(9920K)->9662K(9920K) NonClass: 8760K(8896K)->8760K(8896K) Class: 901K(1024K)->901K(1024K)
[2026-08-02T15:53:46.098+0900][1.901s][debug][gc,heap        ] GC(30) Heap after GC invocations=31 (full 29):
[2026-08-02T15:53:46.099+0900][1.901s][debug][gc,heap        ] GC(30)  garbage-first heap   total 131072K, used 53043K [0x000001e7b4000000, 0x0000021eb4000000)
[2026-08-02T15:53:46.099+0900][1.901s][debug][gc,heap        ] GC(30)   region size 32768K, 1 young (32768K), 1 survivors (32768K)
[2026-08-02T15:53:46.099+0900][1.901s][debug][gc,heap        ] GC(30)  Metaspace       used 9662K, committed 9920K, reserved 1114112K
[2026-08-02T15:53:46.099+0900][1.901s][debug][gc,heap        ] GC(30)   class space    used 901K, committed 1024K, reserved 1048576K
[2026-08-02T15:53:46.099+0900][1.901s][info ][gc             ] GC(30) Pause Young (Normal) (G1 Evacuation Pause) 68M->51M(128M) 19.020ms
[2026-08-02T15:53:46.099+0900][1.901s][info ][gc,cpu         ] GC(30) User=0.06s Sys=0.00s Real=0.02s
[2026-08-02T15:53:46.099+0900][1.901s][info ][safepoint      ] Safepoint "G1CollectForAllocation", Time since last: 51208700 ns, Reaching safepoint: 35600 ns, At safepoint: 19083600 ns, Total: 19119200 ns
[2026-08-02T15:53:46.122+0900][1.925s][info ][gc,start       ] GC(31) Pause Young (Normal) (G1 Evacuation Pause)
[2026-08-02T15:53:46.122+0900][1.925s][debug][gc,heap        ] GC(31) Heap before GC invocations=31 (full 29):
[2026-08-02T15:53:46.122+0900][1.925s][debug][gc,heap        ] GC(31)  garbage-first heap   total 131072K, used 85811K [0x000001e7b4000000, 0x0000021eb4000000)
[2026-08-02T15:53:46.122+0900][1.925s][debug][gc,heap        ] GC(31)   region size 32768K, 2 young (65536K), 1 survivors (32768K)
[2026-08-02T15:53:46.122+0900][1.925s][debug][gc,heap        ] GC(31)  Metaspace       used 9664K, committed 9920K, reserved 1114112K
[2026-08-02T15:53:46.122+0900][1.925s][debug][gc,heap        ] GC(31)   class space    used 901K, committed 1024K, reserved 1048576K
[2026-08-02T15:53:46.122+0900][1.925s][info ][gc,task        ] GC(31) Using 3 workers of 18 for evacuation
[2026-08-02T15:53:46.149+0900][1.952s][info ][gc,phases      ] GC(31)   Pre Evacuate Collection Set: 0.0ms
[2026-08-02T15:53:46.149+0900][1.952s][info ][gc,phases      ] GC(31)   Merge Heap Roots: 0.1ms
[2026-08-02T15:53:46.149+0900][1.952s][info ][gc,phases      ] GC(31)   Evacuate Collection Set: 26.9ms
[2026-08-02T15:53:46.149+0900][1.952s][info ][gc,phases      ] GC(31)   Post Evacuate Collection Set: 0.2ms
[2026-08-02T15:53:46.149+0900][1.952s][info ][gc,phases      ] GC(31)   Other: 0.1ms
[2026-08-02T15:53:46.149+0900][1.952s][info ][gc,heap        ] GC(31) Eden regions: 1->0(1)
[2026-08-02T15:53:46.149+0900][1.952s][info ][gc,heap        ] GC(31) Survivor regions: 1->1(1)
[2026-08-02T15:53:46.149+0900][1.952s][info ][gc,heap        ] GC(31) Old regions: 1->2
[2026-08-02T15:53:46.150+0900][1.952s][info ][gc,heap        ] GC(31) Archive regions: 0->0
[2026-08-02T15:53:46.150+0900][1.952s][info ][gc,heap        ] GC(31) Humongous regions: 0->0
[2026-08-02T15:53:46.150+0900][1.952s][info ][gc,metaspace   ] GC(31) Metaspace: 9664K(9920K)->9664K(9920K) NonClass: 8763K(8896K)->8763K(8896K) Class: 901K(1024K)->901K(1024K)
[2026-08-02T15:53:46.150+0900][1.952s][debug][gc,heap        ] GC(31) Heap after GC invocations=32 (full 29):
[2026-08-02T15:53:46.150+0900][1.952s][debug][gc,heap        ] GC(31)  garbage-first heap   total 163840K, used 69983K [0x000001e7b4000000, 0x0000021eb4000000)
[2026-08-02T15:53:46.150+0900][1.952s][debug][gc,heap        ] GC(31)   region size 32768K, 1 young (32768K), 1 survivors (32768K)
[2026-08-02T15:53:46.150+0900][1.952s][debug][gc,heap        ] GC(31)  Metaspace       used 9664K, committed 9920K, reserved 1114112K
[2026-08-02T15:53:46.150+0900][1.952s][debug][gc,heap        ] GC(31)   class space    used 901K, committed 1024K, reserved 1048576K
[2026-08-02T15:53:46.150+0900][1.952s][info ][gc             ] GC(31) Pause Young (Normal) (G1 Evacuation Pause) 83M->68M(160M) 27.695ms
[2026-08-02T15:53:46.150+0900][1.952s][info ][gc,cpu         ] GC(31) User=0.06s Sys=0.02s Real=0.03s
[2026-08-02T15:53:46.150+0900][1.952s][info ][safepoint      ] Safepoint "G1CollectForAllocation", Time since last: 23624300 ns, Reaching safepoint: 79700 ns, At safepoint: 27758100 ns, Total: 27837800 ns
[2026-08-02T15:53:46.200+0900][2.003s][info ][gc,start       ] GC(32) Pause Young (Normal) (G1 Evacuation Pause)
[2026-08-02T15:53:46.200+0900][2.003s][debug][gc,heap        ] GC(32) Heap before GC invocations=32 (full 29):
[2026-08-02T15:53:46.200+0900][2.003s][debug][gc,heap        ] GC(32)  garbage-first heap   total 163840K, used 102751K [0x000001e7b4000000, 0x0000021eb4000000)
[2026-08-02T15:53:46.200+0900][2.003s][debug][gc,heap        ] GC(32)   region size 32768K, 2 young (65536K), 1 survivors (32768K)
[2026-08-02T15:53:46.200+0900][2.003s][debug][gc,heap        ] GC(32)  Metaspace       used 9687K, committed 9984K, reserved 1114112K
[2026-08-02T15:53:46.200+0900][2.003s][debug][gc,heap        ] GC(32)   class space    used 901K, committed 1024K, reserved 1048576K
[2026-08-02T15:53:46.200+0900][2.003s][info ][gc,task        ] GC(32) Using 3 workers of 18 for evacuation
[2026-08-02T15:53:46.232+0900][2.035s][info ][gc,phases      ] GC(32)   Pre Evacuate Collection Set: 0.1ms
[2026-08-02T15:53:46.232+0900][2.035s][info ][gc,phases      ] GC(32)   Merge Heap Roots: 0.1ms
[2026-08-02T15:53:46.232+0900][2.035s][info ][gc,phases      ] GC(32)   Evacuate Collection Set: 30.2ms
[2026-08-02T15:53:46.232+0900][2.035s][info ][gc,phases      ] GC(32)   Post Evacuate Collection Set: 2.1ms
[2026-08-02T15:53:46.232+0900][2.035s][info ][gc,phases      ] GC(32)   Other: 0.1ms
[2026-08-02T15:53:46.232+0900][2.035s][info ][gc,heap        ] GC(32) Eden regions: 1->0(1)
[2026-08-02T15:53:46.232+0900][2.035s][info ][gc,heap        ] GC(32) Survivor regions: 1->1(1)
[2026-08-02T15:53:46.232+0900][2.035s][info ][gc,heap        ] GC(32) Old regions: 2->3
[2026-08-02T15:53:46.232+0900][2.035s][info ][gc,heap        ] GC(32) Archive regions: 0->0
[2026-08-02T15:53:46.232+0900][2.035s][info ][gc,heap        ] GC(32) Humongous regions: 0->0
[2026-08-02T15:53:46.232+0900][2.035s][info ][gc,metaspace   ] GC(32) Metaspace: 9687K(9984K)->9687K(9984K) NonClass: 8785K(8960K)->8785K(8960K) Class: 901K(1024K)->901K(1024K)
[2026-08-02T15:53:46.232+0900][2.035s][debug][gc,heap        ] GC(32) Heap after GC invocations=33 (full 29):
[2026-08-02T15:53:46.232+0900][2.035s][debug][gc,heap        ] GC(32)  garbage-first heap   total 1146880K, used 88887K [0x000001e7b4000000, 0x0000021eb4000000)
[2026-08-02T15:53:46.232+0900][2.035s][debug][gc,heap        ] GC(32)   region size 32768K, 1 young (32768K), 1 survivors (32768K)
[2026-08-02T15:53:46.232+0900][2.035s][debug][gc,heap        ] GC(32)  Metaspace       used 9687K, committed 9984K, reserved 1114112K
[2026-08-02T15:53:46.232+0900][2.035s][debug][gc,heap        ] GC(32)   class space    used 901K, committed 1024K, reserved 1048576K
[2026-08-02T15:53:46.233+0900][2.035s][info ][gc             ] GC(32) Pause Young (Normal) (G1 Evacuation Pause) 100M->86M(1120M) 32.858ms
[2026-08-02T15:53:46.233+0900][2.035s][info ][gc,cpu         ] GC(32) User=0.06s Sys=0.00s Real=0.03s
[2026-08-02T15:53:46.233+0900][2.036s][info ][safepoint      ] Safepoint "G1CollectForAllocation", Time since last: 50019200 ns, Reaching safepoint: 134800 ns, At safepoint: 32995400 ns, Total: 33130200 ns
[2026-08-02T15:53:46.236+0900][2.039s][info ][gc,start       ] GC(33) Pause Full (System.gc())
[2026-08-02T15:53:46.236+0900][2.039s][debug][gc,heap        ] GC(33) Heap before GC invocations=33 (full 29):
[2026-08-02T15:53:46.236+0900][2.039s][debug][gc,heap        ] GC(33)  garbage-first heap   total 1146880K, used 88887K [0x000001e7b4000000, 0x0000021eb4000000)
[2026-08-02T15:53:46.236+0900][2.039s][debug][gc,heap        ] GC(33)   region size 32768K, 2 young (65536K), 1 survivors (32768K)
[2026-08-02T15:53:46.236+0900][2.039s][debug][gc,heap        ] GC(33)  Metaspace       used 9687K, committed 9984K, reserved 1114112K
[2026-08-02T15:53:46.236+0900][2.039s][debug][gc,heap        ] GC(33)   class space    used 901K, committed 1024K, reserved 1048576K
[2026-08-02T15:53:46.236+0900][2.039s][info ][gc,task        ] GC(33) Using 2 workers of 18 for full compaction
[2026-08-02T15:53:46.236+0900][2.039s][info ][gc,phases,start] GC(33) Phase 1: Mark live objects
[2026-08-02T15:53:46.308+0900][2.111s][info ][gc,phases      ] GC(33) Phase 1: Mark live objects 71.592ms
[2026-08-02T15:53:46.308+0900][2.111s][info ][gc,phases,start] GC(33) Phase 2: Prepare for compaction
[2026-08-02T15:53:46.315+0900][2.118s][info ][gc,phases      ] GC(33) Phase 2: Prepare for compaction 7.484ms
[2026-08-02T15:53:46.315+0900][2.118s][info ][gc,phases,start] GC(33) Phase 3: Adjust pointers
[2026-08-02T15:53:46.334+0900][2.137s][info ][gc,phases      ] GC(33) Phase 3: Adjust pointers 18.455ms
[2026-08-02T15:53:46.335+0900][2.137s][info ][gc,phases,start] GC(33) Phase 4: Compact heap
[2026-08-02T15:53:46.341+0900][2.144s][info ][gc,phases      ] GC(33) Phase 4: Compact heap 7.253ms
[2026-08-02T15:53:46.345+0900][2.148s][debug][gc,heap        ] GC(33) Uncommittable regions after shrink: 25
[2026-08-02T15:53:46.346+0900][2.149s][info ][gc,heap        ] GC(33) Eden regions: 1->0(1)
[2026-08-02T15:53:46.346+0900][2.149s][info ][gc,heap        ] GC(33) Survivor regions: 1->0(1)
[2026-08-02T15:53:46.346+0900][2.149s][info ][gc,heap        ] GC(33) Old regions: 3->3
[2026-08-02T15:53:46.346+0900][2.149s][info ][gc,heap        ] GC(33) Archive regions: 0->0
[2026-08-02T15:53:46.346+0900][2.149s][info ][gc,heap        ] GC(33) Humongous regions: 0->0
[2026-08-02T15:53:46.346+0900][2.149s][info ][gc,metaspace   ] GC(33) Metaspace: 9687K(9984K)->9687K(9984K) NonClass: 8785K(8960K)->8785K(8960K) Class: 901K(1024K)->901K(1024K)
[2026-08-02T15:53:46.346+0900][2.149s][debug][gc,heap        ] GC(33) Heap after GC invocations=34 (full 30):
[2026-08-02T15:53:46.347+0900][2.149s][debug][gc,heap        ] GC(33)  garbage-first heap   total 327680K, used 86163K [0x000001e7b4000000, 0x0000021eb4000000)
[2026-08-02T15:53:46.347+0900][2.149s][debug][gc,heap        ] GC(33)   region size 32768K, 0 young (0K), 0 survivors (0K)
[2026-08-02T15:53:46.347+0900][2.149s][debug][gc,heap        ] GC(33)  Metaspace       used 9687K, committed 9984K, reserved 1114112K
[2026-08-02T15:53:46.347+0900][2.149s][debug][gc,heap        ] GC(33)   class space    used 901K, committed 1024K, reserved 1048576K
[2026-08-02T15:53:46.347+0900][2.149s][info ][gc             ] GC(33) Pause Full (System.gc()) 88M->84M(320M) 110.568ms
[2026-08-02T15:53:46.347+0900][2.149s][info ][gc,cpu         ] GC(33) User=0.20s Sys=0.00s Real=0.11s
[2026-08-02T15:53:46.347+0900][2.149s][info ][safepoint      ] Safepoint "G1CollectFull", Time since last: 3270400 ns, Reaching safepoint: 36800 ns, At safepoint: 110680600 ns, Total: 110717400 ns
[2026-08-02T15:53:46.380+0900][2.182s][info ][gc,start       ] GC(34) Pause Young (Normal) (G1 Evacuation Pause)
[2026-08-02T15:53:46.380+0900][2.182s][debug][gc,heap        ] GC(34) Heap before GC invocations=34 (full 30):
[2026-08-02T15:53:46.380+0900][2.182s][debug][gc,heap        ] GC(34)  garbage-first heap   total 327680K, used 118931K [0x000001e7b4000000, 0x0000021eb4000000)
[2026-08-02T15:53:46.380+0900][2.182s][debug][gc,heap        ] GC(34)   region size 32768K, 1 young (32768K), 0 survivors (0K)
[2026-08-02T15:53:46.380+0900][2.182s][debug][gc,heap        ] GC(34)  Metaspace       used 9689K, committed 9984K, reserved 1114112K
[2026-08-02T15:53:46.380+0900][2.182s][debug][gc,heap        ] GC(34)   class space    used 901K, committed 1024K, reserved 1048576K
[2026-08-02T15:53:46.380+0900][2.182s][info ][gc,task        ] GC(34) Using 7 workers of 18 for evacuation
[2026-08-02T15:53:46.386+0900][2.188s][info ][gc,phases      ] GC(34)   Pre Evacuate Collection Set: 0.1ms
[2026-08-02T15:53:46.386+0900][2.189s][info ][gc,phases      ] GC(34)   Merge Heap Roots: 0.2ms
[2026-08-02T15:53:46.386+0900][2.189s][info ][gc,phases      ] GC(34)   Evacuate Collection Set: 5.7ms
[2026-08-02T15:53:46.386+0900][2.189s][info ][gc,phases      ] GC(34)   Post Evacuate Collection Set: 0.2ms
[2026-08-02T15:53:46.386+0900][2.189s][info ][gc,phases      ] GC(34)   Other: 0.1ms
[2026-08-02T15:53:46.386+0900][2.189s][info ][gc,heap        ] GC(34) Eden regions: 1->0(1)
[2026-08-02T15:53:46.386+0900][2.189s][info ][gc,heap        ] GC(34) Survivor regions: 0->1(1)
[2026-08-02T15:53:46.386+0900][2.189s][info ][gc,heap        ] GC(34) Old regions: 3->3
[2026-08-02T15:53:46.386+0900][2.189s][info ][gc,heap        ] GC(34) Archive regions: 0->0
[2026-08-02T15:53:46.386+0900][2.189s][info ][gc,heap        ] GC(34) Humongous regions: 0->0
[2026-08-02T15:53:46.386+0900][2.189s][info ][gc,metaspace   ] GC(34) Metaspace: 9689K(9984K)->9689K(9984K) NonClass: 8787K(8960K)->8787K(8960K) Class: 901K(1024K)->901K(1024K)
[2026-08-02T15:53:46.386+0900][2.189s][debug][gc,heap        ] GC(34) Heap after GC invocations=35 (full 30):
[2026-08-02T15:53:46.386+0900][2.189s][debug][gc,heap        ] GC(34)  garbage-first heap   total 327680K, used 104624K [0x000001e7b4000000, 0x0000021eb4000000)
[2026-08-02T15:53:46.386+0900][2.189s][debug][gc,heap        ] GC(34)   region size 32768K, 1 young (32768K), 1 survivors (32768K)
[2026-08-02T15:53:46.386+0900][2.189s][debug][gc,heap        ] GC(34)  Metaspace       used 9689K, committed 9984K, reserved 1114112K
[2026-08-02T15:53:46.386+0900][2.189s][debug][gc,heap        ] GC(34)   class space    used 901K, committed 1024K, reserved 1048576K
[2026-08-02T15:53:46.386+0900][2.189s][info ][gc             ] GC(34) Pause Young (Normal) (G1 Evacuation Pause) 116M->102M(320M) 6.561ms
[2026-08-02T15:53:46.386+0900][2.189s][info ][gc,cpu         ] GC(34) User=0.00s Sys=0.00s Real=0.01s
[2026-08-02T15:53:46.386+0900][2.189s][info ][safepoint      ] Safepoint "G1CollectForAllocation", Time since last: 32494400 ns, Reaching safepoint: 112200 ns, At safepoint: 6613200 ns, Total: 6725400 ns
[2026-08-02T15:53:46.437+0900][2.239s][info ][gc,start       ] GC(35) Pause Young (Normal) (G1 Evacuation Pause)
[2026-08-02T15:53:46.437+0900][2.239s][debug][gc,heap        ] GC(35) Heap before GC invocations=35 (full 30):
[2026-08-02T15:53:46.437+0900][2.239s][debug][gc,heap        ] GC(35)  garbage-first heap   total 327680K, used 137392K [0x000001e7b4000000, 0x0000021eb4000000)
[2026-08-02T15:53:46.437+0900][2.239s][debug][gc,heap        ] GC(35)   region size 32768K, 2 young (65536K), 1 survivors (32768K)
[2026-08-02T15:53:46.437+0900][2.239s][debug][gc,heap        ] GC(35)  Metaspace       used 9799K, committed 10048K, reserved 1114112K
[2026-08-02T15:53:46.437+0900][2.239s][debug][gc,heap        ] GC(35)   class space    used 914K, committed 1024K, reserved 1048576K
[2026-08-02T15:53:46.437+0900][2.239s][info ][gc,task        ] GC(35) Using 7 workers of 18 for evacuation
[2026-08-02T15:53:46.446+0900][2.248s][info ][gc,phases      ] GC(35)   Pre Evacuate Collection Set: 0.1ms
[2026-08-02T15:53:46.446+0900][2.248s][info ][gc,phases      ] GC(35)   Merge Heap Roots: 0.1ms
[2026-08-02T15:53:46.446+0900][2.248s][info ][gc,phases      ] GC(35)   Evacuate Collection Set: 8.8ms
[2026-08-02T15:53:46.446+0900][2.248s][info ][gc,phases      ] GC(35)   Post Evacuate Collection Set: 0.2ms
[2026-08-02T15:53:46.446+0900][2.248s][info ][gc,phases      ] GC(35)   Other: 0.1ms
[2026-08-02T15:53:46.446+0900][2.249s][info ][gc,heap        ] GC(35) Eden regions: 1->0(1)
[2026-08-02T15:53:46.446+0900][2.249s][info ][gc,heap        ] GC(35) Survivor regions: 1->1(1)
[2026-08-02T15:53:46.446+0900][2.249s][info ][gc,heap        ] GC(35) Old regions: 3->3
[2026-08-02T15:53:46.446+0900][2.249s][info ][gc,heap        ] GC(35) Archive regions: 0->0
[2026-08-02T15:53:46.446+0900][2.249s][info ][gc,heap        ] GC(35) Humongous regions: 0->0
[2026-08-02T15:53:46.446+0900][2.249s][info ][gc,metaspace   ] GC(35) Metaspace: 9799K(10048K)->9799K(10048K) NonClass: 8885K(9024K)->8885K(9024K) Class: 914K(1024K)->914K(1024K)
[2026-08-02T15:53:46.446+0900][2.249s][debug][gc,heap        ] GC(35) Heap after GC invocations=36 (full 30):
[2026-08-02T15:53:46.446+0900][2.249s][debug][gc,heap        ] GC(35)  garbage-first heap   total 327680K, used 116711K [0x000001e7b4000000, 0x0000021eb4000000)
[2026-08-02T15:53:46.446+0900][2.249s][debug][gc,heap        ] GC(35)   region size 32768K, 1 young (32768K), 1 survivors (32768K)
[2026-08-02T15:53:46.446+0900][2.249s][debug][gc,heap        ] GC(35)  Metaspace       used 9799K, committed 10048K, reserved 1114112K
[2026-08-02T15:53:46.446+0900][2.249s][debug][gc,heap        ] GC(35)   class space    used 914K, committed 1024K, reserved 1048576K
[2026-08-02T15:53:46.446+0900][2.249s][info ][gc             ] GC(35) Pause Young (Normal) (G1 Evacuation Pause) 134M->113M(320M) 9.594ms
[2026-08-02T15:53:46.446+0900][2.249s][info ][gc,cpu         ] GC(35) User=0.00s Sys=0.00s Real=0.01s
[2026-08-02T15:53:46.446+0900][2.249s][info ][safepoint      ] Safepoint "G1CollectForAllocation", Time since last: 50208800 ns, Reaching safepoint: 103000 ns, At safepoint: 9655900 ns, Total: 9758900 ns
[2026-08-02T15:53:46.536+0900][2.339s][debug][gc,heap        ] Concurrent Uncommit Summary: 800M, 25 regions, 8.280ms
[2026-08-02T15:53:46.562+0900][2.365s][info ][gc,start       ] GC(36) Pause Young (Normal) (G1 Evacuation Pause)
[2026-08-02T15:53:46.562+0900][2.365s][debug][gc,heap        ] GC(36) Heap before GC invocations=36 (full 30):
[2026-08-02T15:53:46.562+0900][2.365s][debug][gc,heap        ] GC(36)  garbage-first heap   total 327680K, used 149479K [0x000001e7b4000000, 0x0000021eb4000000)
[2026-08-02T15:53:46.562+0900][2.365s][debug][gc,heap        ] GC(36)   region size 32768K, 2 young (65536K), 1 survivors (32768K)
[2026-08-02T15:53:46.562+0900][2.365s][debug][gc,heap        ] GC(36)  Metaspace       used 10399K, committed 10752K, reserved 1114112K
[2026-08-02T15:53:46.562+0900][2.365s][debug][gc,heap        ] GC(36)   class space    used 959K, committed 1152K, reserved 1048576K
[2026-08-02T15:53:46.562+0900][2.365s][info ][gc,task        ] GC(36) Using 7 workers of 18 for evacuation
[2026-08-02T15:53:46.571+0900][2.373s][info ][gc,phases      ] GC(36)   Pre Evacuate Collection Set: 0.1ms
[2026-08-02T15:53:46.571+0900][2.373s][info ][gc,phases      ] GC(36)   Merge Heap Roots: 0.1ms
[2026-08-02T15:53:46.571+0900][2.373s][info ][gc,phases      ] GC(36)   Evacuate Collection Set: 7.6ms
[2026-08-02T15:53:46.571+0900][2.373s][info ][gc,phases      ] GC(36)   Post Evacuate Collection Set: 0.4ms
[2026-08-02T15:53:46.571+0900][2.373s][info ][gc,phases      ] GC(36)   Other: 0.1ms
[2026-08-02T15:53:46.571+0900][2.373s][info ][gc,heap        ] GC(36) Eden regions: 1->0(1)
[2026-08-02T15:53:46.571+0900][2.373s][info ][gc,heap        ] GC(36) Survivor regions: 1->1(1)
[2026-08-02T15:53:46.571+0900][2.373s][info ][gc,heap        ] GC(36) Old regions: 3->4
[2026-08-02T15:53:46.571+0900][2.373s][info ][gc,heap        ] GC(36) Archive regions: 0->0
[2026-08-02T15:53:46.571+0900][2.373s][info ][gc,heap        ] GC(36) Humongous regions: 0->0
[2026-08-02T15:53:46.571+0900][2.373s][info ][gc,metaspace   ] GC(36) Metaspace: 10399K(10752K)->10399K(10752K) NonClass: 9440K(9600K)->9440K(9600K) Class: 959K(1152K)->959K(1152K)
[2026-08-02T15:53:46.571+0900][2.373s][debug][gc,heap        ] GC(36) Heap after GC invocations=37 (full 30):
[2026-08-02T15:53:46.571+0900][2.373s][debug][gc,heap        ] GC(36)  garbage-first heap   total 327680K, used 124643K [0x000001e7b4000000, 0x0000021eb4000000)
[2026-08-02T15:53:46.571+0900][2.373s][debug][gc,heap        ] GC(36)   region size 32768K, 1 young (32768K), 1 survivors (32768K)
[2026-08-02T15:53:46.571+0900][2.373s][debug][gc,heap        ] GC(36)  Metaspace       used 10399K, committed 10752K, reserved 1114112K
[2026-08-02T15:53:46.571+0900][2.373s][debug][gc,heap        ] GC(36)   class space    used 959K, committed 1152K, reserved 1048576K
[2026-08-02T15:53:46.571+0900][2.373s][info ][gc             ] GC(36) Pause Young (Normal) (G1 Evacuation Pause) 145M->121M(320M) 8.554ms
[2026-08-02T15:53:46.571+0900][2.373s][info ][gc,cpu         ] GC(36) User=0.00s Sys=0.00s Real=0.01s
[2026-08-02T15:53:46.571+0900][2.373s][info ][safepoint      ] Safepoint "G1CollectForAllocation", Time since last: 116011300 ns, Reaching safepoint: 105100 ns, At safepoint: 8617400 ns, Total: 8722500 ns
[2026-08-02T15:53:46.614+0900][2.417s][info ][gc,start       ] GC(37) Pause Young (Normal) (G1 Evacuation Pause)
[2026-08-02T15:53:46.614+0900][2.417s][debug][gc,heap        ] GC(37) Heap before GC invocations=37 (full 30):
[2026-08-02T15:53:46.614+0900][2.417s][debug][gc,heap        ] GC(37)  garbage-first heap   total 327680K, used 157411K [0x000001e7b4000000, 0x0000021eb4000000)
[2026-08-02T15:53:46.615+0900][2.417s][debug][gc,heap        ] GC(37)   region size 32768K, 2 young (65536K), 1 survivors (32768K)
[2026-08-02T15:53:46.615+0900][2.417s][debug][gc,heap        ] GC(37)  Metaspace       used 10407K, committed 10752K, reserved 1114112K
[2026-08-02T15:53:46.615+0900][2.417s][debug][gc,heap        ] GC(37)   class space    used 959K, committed 1152K, reserved 1048576K
[2026-08-02T15:53:46.615+0900][2.417s][info ][gc,task        ] GC(37) Using 7 workers of 18 for evacuation
[2026-08-02T15:53:46.626+0900][2.428s][info ][gc,phases      ] GC(37)   Pre Evacuate Collection Set: 0.1ms
[2026-08-02T15:53:46.626+0900][2.428s][info ][gc,phases      ] GC(37)   Merge Heap Roots: 0.2ms
[2026-08-02T15:53:46.626+0900][2.428s][info ][gc,phases      ] GC(37)   Evacuate Collection Set: 8.5ms
[2026-08-02T15:53:46.626+0900][2.428s][info ][gc,phases      ] GC(37)   Post Evacuate Collection Set: 1.9ms
[2026-08-02T15:53:46.626+0900][2.428s][info ][gc,phases      ] GC(37)   Other: 0.1ms
[2026-08-02T15:53:46.626+0900][2.428s][info ][gc,heap        ] GC(37) Eden regions: 1->0(4)
[2026-08-02T15:53:46.626+0900][2.428s][info ][gc,heap        ] GC(37) Survivor regions: 1->1(1)
[2026-08-02T15:53:46.626+0900][2.428s][info ][gc,heap        ] GC(37) Old regions: 4->4
[2026-08-02T15:53:46.626+0900][2.428s][info ][gc,heap        ] GC(37) Archive regions: 0->0
[2026-08-02T15:53:46.626+0900][2.428s][info ][gc,heap        ] GC(37) Humongous regions: 0->0
[2026-08-02T15:53:46.626+0900][2.428s][info ][gc,metaspace   ] GC(37) Metaspace: 10407K(10752K)->10407K(10752K) NonClass: 9447K(9600K)->9447K(9600K) Class: 959K(1152K)->959K(1152K)
[2026-08-02T15:53:46.626+0900][2.428s][debug][gc,heap        ] GC(37) Heap after GC invocations=38 (full 30):
[2026-08-02T15:53:46.626+0900][2.428s][debug][gc,heap        ] GC(37)  garbage-first heap   total 1212416K, used 139724K [0x000001e7b4000000, 0x0000021eb4000000)
[2026-08-02T15:53:46.626+0900][2.428s][debug][gc,heap        ] GC(37)   region size 32768K, 1 young (32768K), 1 survivors (32768K)
[2026-08-02T15:53:46.626+0900][2.428s][debug][gc,heap        ] GC(37)  Metaspace       used 10407K, committed 10752K, reserved 1114112K
[2026-08-02T15:53:46.626+0900][2.428s][debug][gc,heap        ] GC(37)   class space    used 959K, committed 1152K, reserved 1048576K
[2026-08-02T15:53:46.626+0900][2.428s][info ][gc             ] GC(37) Pause Young (Normal) (G1 Evacuation Pause) 153M->136M(1184M) 11.095ms
[2026-08-02T15:53:46.626+0900][2.428s][info ][gc,cpu         ] GC(37) User=0.11s Sys=0.00s Real=0.01s
[2026-08-02T15:53:46.626+0900][2.428s][info ][safepoint      ] Safepoint "G1CollectForAllocation", Time since last: 43696700 ns, Reaching safepoint: 84300 ns, At safepoint: 11229500 ns, Total: 11313800 ns
[2026-08-02T15:53:46.740+0900][2.543s][info ][gc,start       ] GC(38) Pause Full (System.gc())
[2026-08-02T15:53:46.740+0900][2.543s][debug][gc,heap        ] GC(38) Heap before GC invocations=38 (full 30):
[2026-08-02T15:53:46.740+0900][2.543s][debug][gc,heap        ] GC(38)  garbage-first heap   total 1212416K, used 172492K [0x000001e7b4000000, 0x0000021eb4000000)
[2026-08-02T15:53:46.740+0900][2.543s][debug][gc,heap        ] GC(38)   region size 32768K, 3 young (98304K), 1 survivors (32768K)
[2026-08-02T15:53:46.740+0900][2.543s][debug][gc,heap        ] GC(38)  Metaspace       used 10461K, committed 10816K, reserved 1114112K
[2026-08-02T15:53:46.740+0900][2.543s][debug][gc,heap        ] GC(38)   class space    used 963K, committed 1152K, reserved 1048576K
[2026-08-02T15:53:46.740+0900][2.543s][info ][gc,task        ] GC(38) Using 2 workers of 18 for full compaction
[2026-08-02T15:53:46.740+0900][2.543s][info ][gc,phases,start] GC(38) Phase 1: Mark live objects
[2026-08-02T15:53:46.799+0900][2.602s][info ][gc,phases      ] GC(38) Phase 1: Mark live objects 59.144ms
[2026-08-02T15:53:46.799+0900][2.602s][info ][gc,phases,start] GC(38) Phase 2: Prepare for compaction
[2026-08-02T15:53:46.817+0900][2.620s][info ][gc,phases      ] GC(38) Phase 2: Prepare for compaction 17.727ms
[2026-08-02T15:53:46.817+0900][2.620s][info ][gc,phases,start] GC(38) Phase 3: Adjust pointers
[2026-08-02T15:53:46.840+0900][2.643s][info ][gc,phases      ] GC(38) Phase 3: Adjust pointers 23.222ms
[2026-08-02T15:53:46.840+0900][2.644s][info ][gc,phases,start] GC(38) Phase 4: Compact heap
[2026-08-02T15:53:46.848+0900][2.651s][info ][gc,phases      ] GC(38) Phase 4: Compact heap 7.068ms
[2026-08-02T15:53:46.852+0900][2.655s][debug][gc,heap        ] GC(38) Uncommittable regions after shrink: 27
[2026-08-02T15:53:46.854+0900][2.657s][info ][gc,heap        ] GC(38) Eden regions: 2->0(2)
[2026-08-02T15:53:46.854+0900][2.657s][info ][gc,heap        ] GC(38) Survivor regions: 1->0(1)
[2026-08-02T15:53:46.854+0900][2.657s][info ][gc,heap        ] GC(38) Old regions: 4->3
[2026-08-02T15:53:46.855+0900][2.657s][info ][gc,heap        ] GC(38) Archive regions: 0->0
[2026-08-02T15:53:46.855+0900][2.657s][info ][gc,heap        ] GC(38) Humongous regions: 0->0
[2026-08-02T15:53:46.855+0900][2.657s][info ][gc,metaspace   ] GC(38) Metaspace: 10461K(10816K)->10461K(10816K) NonClass: 9497K(9664K)->9497K(9664K) Class: 963K(1152K)->963K(1152K)
[2026-08-02T15:53:46.855+0900][2.657s][debug][gc,heap        ] GC(38) Heap after GC invocations=39 (full 31):
[2026-08-02T15:53:46.855+0900][2.657s][debug][gc,heap        ] GC(38)  garbage-first heap   total 327680K, used 88688K [0x000001e7b4000000, 0x0000021eb4000000)
[2026-08-02T15:53:46.855+0900][2.657s][debug][gc,heap        ] GC(38)   region size 32768K, 0 young (0K), 0 survivors (0K)
[2026-08-02T15:53:46.855+0900][2.657s][debug][gc,heap        ] GC(38)  Metaspace       used 10461K, committed 10816K, reserved 1114112K
[2026-08-02T15:53:46.855+0900][2.657s][debug][gc,heap        ] GC(38)   class space    used 963K, committed 1152K, reserved 1048576K
[2026-08-02T15:53:46.855+0900][2.657s][info ][gc             ] GC(38) Pause Full (System.gc()) 195M->86M(320M) 114.258ms
[2026-08-02T15:53:46.855+0900][2.657s][info ][gc,cpu         ] GC(38) User=0.20s Sys=0.00s Real=0.12s
[2026-08-02T15:53:46.855+0900][2.657s][info ][safepoint      ] Safepoint "G1CollectFull", Time since last: 114428800 ns, Reaching safepoint: 75500 ns, At safepoint: 114390900 ns, Total: 114466400 ns
[2026-08-02T15:53:46.878+0900][2.680s][info ][gc,start       ] GC(39) Pause Full (System.gc())
[2026-08-02T15:53:46.878+0900][2.680s][debug][gc,heap        ] GC(39) Heap before GC invocations=39 (full 31):
[2026-08-02T15:53:46.878+0900][2.680s][debug][gc,heap        ] GC(39)  garbage-first heap   total 327680K, used 88688K [0x000001e7b4000000, 0x0000021eb4000000)
[2026-08-02T15:53:46.878+0900][2.680s][debug][gc,heap        ] GC(39)   region size 32768K, 1 young (32768K), 0 survivors (0K)
[2026-08-02T15:53:46.878+0900][2.680s][debug][gc,heap        ] GC(39)  Metaspace       used 10461K, committed 10816K, reserved 1114112K
[2026-08-02T15:53:46.878+0900][2.680s][debug][gc,heap        ] GC(39)   class space    used 963K, committed 1152K, reserved 1048576K
[2026-08-02T15:53:46.878+0900][2.680s][info ][gc,task        ] GC(39) Using 1 workers of 18 for full compaction
[2026-08-02T15:53:46.878+0900][2.681s][info ][gc,phases,start] GC(39) Phase 1: Mark live objects
[2026-08-02T15:53:46.930+0900][2.733s][info ][gc,phases      ] GC(39) Phase 1: Mark live objects 52.743ms
[2026-08-02T15:53:46.931+0900][2.733s][info ][gc,phases,start] GC(39) Phase 2: Prepare for compaction
[2026-08-02T15:53:46.946+0900][2.748s][info ][gc,phases      ] GC(39) Phase 2: Prepare for compaction 14.745ms
[2026-08-02T15:53:46.946+0900][2.748s][info ][gc,phases,start] GC(39) Phase 3: Adjust pointers
[2026-08-02T15:53:46.973+0900][2.775s][info ][gc,phases      ] GC(39) Phase 3: Adjust pointers 27.155ms
[2026-08-02T15:53:46.973+0900][2.775s][info ][gc,phases,start] GC(39) Phase 4: Compact heap
[2026-08-02T15:53:46.986+0900][2.789s][info ][gc,phases      ] GC(39) Phase 4: Compact heap 13.360ms
[2026-08-02T15:53:46.988+0900][2.790s][debug][gc,heap        ] GC(39) Uncommittable regions after shrink: 3
[2026-08-02T15:53:46.990+0900][2.792s][info ][gc,heap        ] GC(39) Eden regions: 1->0(1)
[2026-08-02T15:53:46.990+0900][2.792s][info ][gc,heap        ] GC(39) Survivor regions: 0->0(1)
[2026-08-02T15:53:46.990+0900][2.792s][info ][gc,heap        ] GC(39) Old regions: 3->2
[2026-08-02T15:53:46.990+0900][2.792s][info ][gc,heap        ] GC(39) Archive regions: 0->0
[2026-08-02T15:53:46.990+0900][2.792s][info ][gc,heap        ] GC(39) Humongous regions: 0->0
[2026-08-02T15:53:46.990+0900][2.792s][info ][gc,metaspace   ] GC(39) Metaspace: 10461K(10816K)->10461K(10816K) NonClass: 9497K(9664K)->9497K(9664K) Class: 963K(1152K)->963K(1152K)
[2026-08-02T15:53:46.990+0900][2.792s][debug][gc,heap        ] GC(39) Heap after GC invocations=40 (full 32):
[2026-08-02T15:53:46.990+0900][2.792s][debug][gc,heap        ] GC(39)  garbage-first heap   total 229376K, used 51292K [0x000001e7b4000000, 0x0000021eb4000000)
[2026-08-02T15:53:46.990+0900][2.792s][debug][gc,heap        ] GC(39)   region size 32768K, 0 young (0K), 0 survivors (0K)
[2026-08-02T15:53:46.990+0900][2.792s][debug][gc,heap        ] GC(39)  Metaspace       used 10461K, committed 10816K, reserved 1114112K
[2026-08-02T15:53:46.990+0900][2.792s][debug][gc,heap        ] GC(39)   class space    used 963K, committed 1152K, reserved 1048576K
[2026-08-02T15:53:46.990+0900][2.792s][info ][gc             ] GC(39) Pause Full (System.gc()) 100M->50M(224M) 112.044ms
[2026-08-02T15:53:46.990+0900][2.792s][info ][gc,cpu         ] GC(39) User=0.11s Sys=0.00s Real=0.11s
[2026-08-02T15:53:46.990+0900][2.792s][info ][safepoint      ] Safepoint "G1CollectFull", Time since last: 22844900 ns, Reaching safepoint: 81200 ns, At safepoint: 112182700 ns, Total: 112263900 ns
[2026-08-02T15:53:47.022+0900][2.825s][info ][gc,start       ] GC(40) Pause Full (System.gc())
[2026-08-02T15:53:47.022+0900][2.825s][debug][gc,heap        ] GC(40) Heap before GC invocations=40 (full 32):
[2026-08-02T15:53:47.022+0900][2.825s][debug][gc,heap        ] GC(40)  garbage-first heap   total 229376K, used 51292K [0x000001e7b4000000, 0x0000021eb4000000)
[2026-08-02T15:53:47.022+0900][2.825s][debug][gc,heap        ] GC(40)   region size 32768K, 1 young (32768K), 0 survivors (0K)
[2026-08-02T15:53:47.022+0900][2.825s][debug][gc,heap        ] GC(40)  Metaspace       used 10555K, committed 10880K, reserved 1114112K
[2026-08-02T15:53:47.022+0900][2.825s][debug][gc,heap        ] GC(40)   class space    used 971K, committed 1152K, reserved 1048576K
[2026-08-02T15:53:47.022+0900][2.825s][info ][gc,task        ] GC(40) Using 1 workers of 18 for full compaction
[2026-08-02T15:53:47.022+0900][2.825s][info ][gc,phases,start] GC(40) Phase 1: Mark live objects
[2026-08-02T15:53:47.083+0900][2.886s][info ][gc,phases      ] GC(40) Phase 1: Mark live objects 61.331ms
[2026-08-02T15:53:47.083+0900][2.886s][info ][gc,phases,start] GC(40) Phase 2: Prepare for compaction
[2026-08-02T15:53:47.091+0900][2.893s][info ][gc,phases      ] GC(40) Phase 2: Prepare for compaction 7.111ms
[2026-08-02T15:53:47.091+0900][2.893s][info ][gc,phases,start] GC(40) Phase 3: Adjust pointers
[2026-08-02T15:53:47.114+0900][2.917s][info ][gc,phases      ] GC(40) Phase 3: Adjust pointers 23.337ms
[2026-08-02T15:53:47.114+0900][2.917s][info ][gc,phases,start] GC(40) Phase 4: Compact heap
[2026-08-02T15:53:47.121+0900][2.923s][info ][gc,phases      ] GC(40) Phase 4: Compact heap 6.201ms
[2026-08-02T15:53:47.124+0900][2.926s][info ][gc,heap        ] GC(40) Eden regions: 1->0(1)
[2026-08-02T15:53:47.124+0900][2.926s][info ][gc,heap        ] GC(40) Survivor regions: 0->0(1)
[2026-08-02T15:53:47.124+0900][2.926s][info ][gc,heap        ] GC(40) Old regions: 2->2
[2026-08-02T15:53:47.124+0900][2.926s][info ][gc,heap        ] GC(40) Archive regions: 0->0
[2026-08-02T15:53:47.124+0900][2.926s][info ][gc,heap        ] GC(40) Humongous regions: 0->0
[2026-08-02T15:53:47.124+0900][2.926s][info ][gc,metaspace   ] GC(40) Metaspace: 10555K(10880K)->10555K(10880K) NonClass: 9584K(9728K)->9584K(9728K) Class: 971K(1152K)->971K(1152K)
[2026-08-02T15:53:47.124+0900][2.926s][debug][gc,heap        ] GC(40) Heap after GC invocations=41 (full 33):
[2026-08-02T15:53:47.124+0900][2.926s][debug][gc,heap        ] GC(40)  garbage-first heap   total 229376K, used 58105K [0x000001e7b4000000, 0x0000021eb4000000)
[2026-08-02T15:53:47.124+0900][2.926s][debug][gc,heap        ] GC(40)   region size 32768K, 0 young (0K), 0 survivors (0K)
[2026-08-02T15:53:47.124+0900][2.926s][debug][gc,heap        ] GC(40)  Metaspace       used 10555K, committed 10880K, reserved 1114112K
[2026-08-02T15:53:47.124+0900][2.926s][debug][gc,heap        ] GC(40)   class space    used 971K, committed 1152K, reserved 1048576K
[2026-08-02T15:53:47.124+0900][2.926s][info ][gc             ] GC(40) Pause Full (System.gc()) 71M->56M(224M) 101.702ms
[2026-08-02T15:53:47.124+0900][2.926s][info ][gc,cpu         ] GC(40) User=0.16s Sys=0.00s Real=0.10s
[2026-08-02T15:53:47.124+0900][2.926s][info ][safepoint      ] Safepoint "G1CollectFull", Time since last: 32128400 ns, Reaching safepoint: 32800 ns, At safepoint: 101868400 ns, Total: 101901200 ns
[2026-08-02T15:53:47.156+0900][2.958s][info ][gc,start       ] GC(41) Pause Young (Normal) (G1 Evacuation Pause)
[2026-08-02T15:53:47.156+0900][2.958s][debug][gc,heap        ] GC(41) Heap before GC invocations=41 (full 33):
[2026-08-02T15:53:47.156+0900][2.958s][debug][gc,heap        ] GC(41)  garbage-first heap   total 229376K, used 90873K [0x000001e7b4000000, 0x0000021eb4000000)
[2026-08-02T15:53:47.156+0900][2.958s][debug][gc,heap        ] GC(41)   region size 32768K, 1 young (32768K), 0 survivors (0K)
[2026-08-02T15:53:47.156+0900][2.958s][debug][gc,heap        ] GC(41)  Metaspace       used 10578K, committed 10880K, reserved 1114112K
[2026-08-02T15:53:47.156+0900][2.958s][debug][gc,heap        ] GC(41)   class space    used 975K, committed 1152K, reserved 1048576K
[2026-08-02T15:53:47.156+0900][2.958s][info ][gc,task        ] GC(41) Using 5 workers of 18 for evacuation
[2026-08-02T15:53:47.163+0900][2.966s][info ][gc,phases      ] GC(41)   Pre Evacuate Collection Set: 0.1ms
[2026-08-02T15:53:47.163+0900][2.966s][info ][gc,phases      ] GC(41)   Merge Heap Roots: 0.1ms
[2026-08-02T15:53:47.163+0900][2.966s][info ][gc,phases      ] GC(41)   Evacuate Collection Set: 6.8ms
[2026-08-02T15:53:47.163+0900][2.966s][info ][gc,phases      ] GC(41)   Post Evacuate Collection Set: 0.3ms
[2026-08-02T15:53:47.163+0900][2.966s][info ][gc,phases      ] GC(41)   Other: 0.1ms
[2026-08-02T15:53:47.163+0900][2.966s][info ][gc,heap        ] GC(41) Eden regions: 1->0(1)
[2026-08-02T15:53:47.163+0900][2.966s][info ][gc,heap        ] GC(41) Survivor regions: 0->1(1)
[2026-08-02T15:53:47.163+0900][2.966s][info ][gc,heap        ] GC(41) Old regions: 2->2
[2026-08-02T15:53:47.163+0900][2.966s][info ][gc,heap        ] GC(41) Archive regions: 0->0
[2026-08-02T15:53:47.164+0900][2.966s][info ][gc,heap        ] GC(41) Humongous regions: 0->0
[2026-08-02T15:53:47.164+0900][2.966s][info ][gc,metaspace   ] GC(41) Metaspace: 10578K(10880K)->10578K(10880K) NonClass: 9602K(9728K)->9602K(9728K) Class: 975K(1152K)->975K(1152K)
[2026-08-02T15:53:47.164+0900][2.966s][debug][gc,heap        ] GC(41) Heap after GC invocations=42 (full 33):
[2026-08-02T15:53:47.164+0900][2.966s][debug][gc,heap        ] GC(41)  garbage-first heap   total 229376K, used 72593K [0x000001e7b4000000, 0x0000021eb4000000)
[2026-08-02T15:53:47.164+0900][2.966s][debug][gc,heap        ] GC(41)   region size 32768K, 1 young (32768K), 1 survivors (32768K)
[2026-08-02T15:53:47.164+0900][2.966s][debug][gc,heap        ] GC(41)  Metaspace       used 10578K, committed 10880K, reserved 1114112K
[2026-08-02T15:53:47.164+0900][2.966s][debug][gc,heap        ] GC(41)   class space    used 975K, committed 1152K, reserved 1048576K
[2026-08-02T15:53:47.164+0900][2.966s][info ][gc             ] GC(41) Pause Young (Normal) (G1 Evacuation Pause) 88M->70M(224M) 7.728ms
[2026-08-02T15:53:47.164+0900][2.966s][info ][gc,cpu         ] GC(41) User=0.00s Sys=0.00s Real=0.01s
[2026-08-02T15:53:47.164+0900][2.966s][info ][safepoint      ] Safepoint "G1CollectForAllocation", Time since last: 31727200 ns, Reaching safepoint: 26400 ns, At safepoint: 7802500 ns, Total: 7828900 ns
[2026-08-02T15:53:47.209+0900][3.011s][info ][gc,start       ] GC(42) Pause Young (Normal) (G1 Evacuation Pause)
[2026-08-02T15:53:47.209+0900][3.011s][debug][gc,heap        ] GC(42) Heap before GC invocations=42 (full 33):
[2026-08-02T15:53:47.209+0900][3.011s][debug][gc,heap        ] GC(42)  garbage-first heap   total 229376K, used 105361K [0x000001e7b4000000, 0x0000021eb4000000)
[2026-08-02T15:53:47.209+0900][3.011s][debug][gc,heap        ] GC(42)   region size 32768K, 2 young (65536K), 1 survivors (32768K)
[2026-08-02T15:53:47.209+0900][3.011s][debug][gc,heap        ] GC(42)  Metaspace       used 10662K, committed 11008K, reserved 1114112K
[2026-08-02T15:53:47.209+0900][3.011s][debug][gc,heap        ] GC(42)   class space    used 989K, committed 1152K, reserved 1048576K
[2026-08-02T15:53:47.209+0900][3.011s][info ][gc,task        ] GC(42) Using 5 workers of 18 for evacuation
[2026-08-02T15:53:47.221+0900][3.024s][info ][gc,phases      ] GC(42)   Pre Evacuate Collection Set: 0.1ms
[2026-08-02T15:53:47.221+0900][3.024s][info ][gc,phases      ] GC(42)   Merge Heap Roots: 0.2ms
[2026-08-02T15:53:47.221+0900][3.024s][info ][gc,phases      ] GC(42)   Evacuate Collection Set: 11.7ms
[2026-08-02T15:53:47.221+0900][3.024s][info ][gc,phases      ] GC(42)   Post Evacuate Collection Set: 0.2ms
[2026-08-02T15:53:47.221+0900][3.024s][info ][gc,phases      ] GC(42)   Other: 0.1ms
[2026-08-02T15:53:47.221+0900][3.024s][info ][gc,heap        ] GC(42) Eden regions: 1->0(1)
[2026-08-02T15:53:47.221+0900][3.024s][info ][gc,heap        ] GC(42) Survivor regions: 1->1(1)
[2026-08-02T15:53:47.221+0900][3.024s][info ][gc,heap        ] GC(42) Old regions: 2->2
[2026-08-02T15:53:47.221+0900][3.024s][info ][gc,heap        ] GC(42) Archive regions: 0->0
[2026-08-02T15:53:47.221+0900][3.024s][info ][gc,heap        ] GC(42) Humongous regions: 0->0
[2026-08-02T15:53:47.221+0900][3.024s][info ][gc,metaspace   ] GC(42) Metaspace: 10662K(11008K)->10662K(11008K) NonClass: 9672K(9856K)->9672K(9856K) Class: 989K(1152K)->989K(1152K)
[2026-08-02T15:53:47.221+0900][3.024s][debug][gc,heap        ] GC(42) Heap after GC invocations=43 (full 33):
[2026-08-02T15:53:47.221+0900][3.024s][debug][gc,heap        ] GC(42)  garbage-first heap   total 229376K, used 86467K [0x000001e7b4000000, 0x0000021eb4000000)
[2026-08-02T15:53:47.222+0900][3.024s][debug][gc,heap        ] GC(42)   region size 32768K, 1 young (32768K), 1 survivors (32768K)
[2026-08-02T15:53:47.222+0900][3.024s][debug][gc,heap        ] GC(42)  Metaspace       used 10662K, committed 11008K, reserved 1114112K
[2026-08-02T15:53:47.222+0900][3.024s][debug][gc,heap        ] GC(42)   class space    used 989K, committed 1152K, reserved 1048576K
[2026-08-02T15:53:47.222+0900][3.024s][info ][gc             ] GC(42) Pause Young (Normal) (G1 Evacuation Pause) 102M->84M(224M) 12.766ms
[2026-08-02T15:53:47.222+0900][3.024s][info ][gc,cpu         ] GC(42) User=0.06s Sys=0.02s Real=0.01s
[2026-08-02T15:53:47.222+0900][3.024s][info ][safepoint      ] Safepoint "G1CollectForAllocation", Time since last: 45043500 ns, Reaching safepoint: 106900 ns, At safepoint: 12824900 ns, Total: 12931800 ns
[2026-08-02T15:53:47.226+0900][3.028s][debug][gc,heap        ] Concurrent Uncommit Summary: 960M, 30 regions, 16.308ms
[2026-08-02T15:53:47.238+0900][3.041s][info ][gc,start       ] GC(43) Pause Young (Normal) (G1 Evacuation Pause)
[2026-08-02T15:53:47.238+0900][3.041s][debug][gc,heap        ] GC(43) Heap before GC invocations=43 (full 33):
[2026-08-02T15:53:47.238+0900][3.041s][debug][gc,heap        ] GC(43)  garbage-first heap   total 229376K, used 119235K [0x000001e7b4000000, 0x0000021eb4000000)
[2026-08-02T15:53:47.238+0900][3.041s][debug][gc,heap        ] GC(43)   region size 32768K, 2 young (65536K), 1 survivors (32768K)
[2026-08-02T15:53:47.238+0900][3.041s][debug][gc,heap        ] GC(43)  Metaspace       used 10662K, committed 11008K, reserved 1114112K
[2026-08-02T15:53:47.238+0900][3.042s][debug][gc,heap        ] GC(43)   class space    used 989K, committed 1152K, reserved 1048576K
[2026-08-02T15:53:47.238+0900][3.042s][info ][gc,task        ] GC(43) Using 5 workers of 18 for evacuation
[2026-08-02T15:53:47.254+0900][3.057s][info ][gc,phases      ] GC(43)   Pre Evacuate Collection Set: 0.1ms
[2026-08-02T15:53:47.254+0900][3.057s][info ][gc,phases      ] GC(43)   Merge Heap Roots: 0.2ms
[2026-08-02T15:53:47.254+0900][3.057s][info ][gc,phases      ] GC(43)   Evacuate Collection Set: 14.6ms
[2026-08-02T15:53:47.254+0900][3.057s][info ][gc,phases      ] GC(43)   Post Evacuate Collection Set: 0.3ms
[2026-08-02T15:53:47.254+0900][3.057s][info ][gc,phases      ] GC(43)   Other: 0.1ms
[2026-08-02T15:53:47.254+0900][3.057s][info ][gc,heap        ] GC(43) Eden regions: 1->0(1)
[2026-08-02T15:53:47.254+0900][3.057s][info ][gc,heap        ] GC(43) Survivor regions: 1->1(1)
[2026-08-02T15:53:47.254+0900][3.057s][info ][gc,heap        ] GC(43) Old regions: 2->3
[2026-08-02T15:53:47.254+0900][3.057s][info ][gc,heap        ] GC(43) Archive regions: 0->0
[2026-08-02T15:53:47.254+0900][3.057s][info ][gc,heap        ] GC(43) Humongous regions: 0->0
[2026-08-02T15:53:47.254+0900][3.057s][info ][gc,metaspace   ] GC(43) Metaspace: 10662K(11008K)->10662K(11008K) NonClass: 9672K(9856K)->9672K(9856K) Class: 989K(1152K)->989K(1152K)
[2026-08-02T15:53:47.254+0900][3.057s][debug][gc,heap        ] GC(43) Heap after GC invocations=44 (full 33):
[2026-08-02T15:53:47.254+0900][3.057s][debug][gc,heap        ] GC(43)  garbage-first heap   total 229376K, used 104299K [0x000001e7b4000000, 0x0000021eb4000000)
[2026-08-02T15:53:47.254+0900][3.057s][debug][gc,heap        ] GC(43)   region size 32768K, 1 young (32768K), 1 survivors (32768K)
[2026-08-02T15:53:47.254+0900][3.057s][debug][gc,heap        ] GC(43)  Metaspace       used 10662K, committed 11008K, reserved 1114112K
[2026-08-02T15:53:47.254+0900][3.057s][debug][gc,heap        ] GC(43)   class space    used 989K, committed 1152K, reserved 1048576K
[2026-08-02T15:53:47.254+0900][3.057s][info ][gc             ] GC(43) Pause Young (Normal) (G1 Evacuation Pause) 116M->101M(224M) 15.596ms
[2026-08-02T15:53:47.254+0900][3.057s][info ][gc,cpu         ] GC(43) User=0.08s Sys=0.00s Real=0.02s
[2026-08-02T15:53:47.254+0900][3.057s][info ][safepoint      ] Safepoint "G1CollectForAllocation", Time since last: 17288800 ns, Reaching safepoint: 101500 ns, At safepoint: 15664300 ns, Total: 15765800 ns
[2026-08-02T15:53:47.291+0900][3.093s][info ][gc,start       ] GC(44) Pause Young (Normal) (G1 Evacuation Pause)
[2026-08-02T15:53:47.291+0900][3.093s][debug][gc,heap        ] GC(44) Heap before GC invocations=44 (full 33):
[2026-08-02T15:53:47.291+0900][3.093s][debug][gc,heap        ] GC(44)  garbage-first heap   total 229376K, used 137067K [0x000001e7b4000000, 0x0000021eb4000000)
[2026-08-02T15:53:47.291+0900][3.093s][debug][gc,heap        ] GC(44)   region size 32768K, 2 young (65536K), 1 survivors (32768K)
[2026-08-02T15:53:47.291+0900][3.093s][debug][gc,heap        ] GC(44)  Metaspace       used 10730K, committed 11072K, reserved 1114112K
[2026-08-02T15:53:47.291+0900][3.093s][debug][gc,heap        ] GC(44)   class space    used 993K, committed 1152K, reserved 1048576K
[2026-08-02T15:53:47.291+0900][3.093s][info ][gc,task        ] GC(44) Using 5 workers of 18 for evacuation
[2026-08-02T15:53:47.308+0900][3.111s][info ][gc,phases      ] GC(44)   Pre Evacuate Collection Set: 0.1ms
[2026-08-02T15:53:47.308+0900][3.111s][info ][gc,phases      ] GC(44)   Merge Heap Roots: 0.2ms
[2026-08-02T15:53:47.308+0900][3.111s][info ][gc,phases      ] GC(44)   Evacuate Collection Set: 15.4ms
[2026-08-02T15:53:47.308+0900][3.111s][info ][gc,phases      ] GC(44)   Post Evacuate Collection Set: 2.1ms
[2026-08-02T15:53:47.308+0900][3.111s][info ][gc,phases      ] GC(44)   Other: 0.1ms
[2026-08-02T15:53:47.308+0900][3.111s][info ][gc,heap        ] GC(44) Eden regions: 1->0(6)
[2026-08-02T15:53:47.308+0900][3.111s][info ][gc,heap        ] GC(44) Survivor regions: 1->1(1)
[2026-08-02T15:53:47.308+0900][3.111s][info ][gc,heap        ] GC(44) Old regions: 3->4
[2026-08-02T15:53:47.308+0900][3.111s][info ][gc,heap        ] GC(44) Archive regions: 0->0
[2026-08-02T15:53:47.308+0900][3.111s][info ][gc,heap        ] GC(44) Humongous regions: 0->0
[2026-08-02T15:53:47.308+0900][3.111s][info ][gc,metaspace   ] GC(44) Metaspace: 10730K(11072K)->10730K(11072K) NonClass: 9736K(9920K)->9736K(9920K) Class: 993K(1152K)->993K(1152K)
[2026-08-02T15:53:47.308+0900][3.111s][debug][gc,heap        ] GC(44) Heap after GC invocations=45 (full 33):
[2026-08-02T15:53:47.308+0900][3.111s][debug][gc,heap        ] GC(44)  garbage-first heap   total 1179648K, used 123012K [0x000001e7b4000000, 0x0000021eb4000000)
[2026-08-02T15:53:47.308+0900][3.111s][debug][gc,heap        ] GC(44)   region size 32768K, 1 young (32768K), 1 survivors (32768K)
[2026-08-02T15:53:47.308+0900][3.111s][debug][gc,heap        ] GC(44)  Metaspace       used 10730K, committed 11072K, reserved 1114112K
[2026-08-02T15:53:47.308+0900][3.111s][debug][gc,heap        ] GC(44)   class space    used 993K, committed 1152K, reserved 1048576K
[2026-08-02T15:53:47.308+0900][3.111s][info ][gc             ] GC(44) Pause Young (Normal) (G1 Evacuation Pause) 133M->120M(1152M) 18.110ms
[2026-08-02T15:53:47.308+0900][3.111s][info ][gc,cpu         ] GC(44) User=0.08s Sys=0.00s Real=0.02s
[2026-08-02T15:53:47.308+0900][3.111s][info ][safepoint      ] Safepoint "G1CollectForAllocation", Time since last: 35885700 ns, Reaching safepoint: 87100 ns, At safepoint: 18251900 ns, Total: 18339000 ns
[2026-08-02T15:53:47.537+0900][3.339s][info ][gc,start       ] GC(45) Pause Young (Normal) (G1 Evacuation Pause)
[2026-08-02T15:53:47.537+0900][3.339s][debug][gc,heap        ] GC(45) Heap before GC invocations=45 (full 33):
[2026-08-02T15:53:47.537+0900][3.339s][debug][gc,heap        ] GC(45)  garbage-first heap   total 1179648K, used 319620K [0x000001e7b4000000, 0x0000021eb4000000)
[2026-08-02T15:53:47.537+0900][3.339s][debug][gc,heap        ] GC(45)   region size 32768K, 7 young (229376K), 1 survivors (32768K)
[2026-08-02T15:53:47.537+0900][3.339s][debug][gc,heap        ] GC(45)  Metaspace       used 10955K, committed 11264K, reserved 1114112K
[2026-08-02T15:53:47.537+0900][3.339s][debug][gc,heap        ] GC(45)   class space    used 996K, committed 1152K, reserved 1048576K
[2026-08-02T15:53:47.537+0900][3.339s][info ][gc,task        ] GC(45) Using 18 workers of 18 for evacuation
[2026-08-02T15:53:47.551+0900][3.354s][info ][gc,phases      ] GC(45)   Pre Evacuate Collection Set: 0.1ms
[2026-08-02T15:53:47.551+0900][3.355s][info ][gc,phases      ] GC(45)   Merge Heap Roots: 0.3ms
[2026-08-02T15:53:47.551+0900][3.355s][info ][gc,phases      ] GC(45)   Evacuate Collection Set: 14.1ms
[2026-08-02T15:53:47.551+0900][3.355s][info ][gc,phases      ] GC(45)   Post Evacuate Collection Set: 0.4ms
[2026-08-02T15:53:47.551+0900][3.355s][info ][gc,phases      ] GC(45)   Other: 0.3ms
[2026-08-02T15:53:47.551+0900][3.355s][info ][gc,heap        ] GC(45) Eden regions: 6->0(6)
[2026-08-02T15:53:47.551+0900][3.355s][info ][gc,heap        ] GC(45) Survivor regions: 1->1(1)
[2026-08-02T15:53:47.551+0900][3.355s][info ][gc,heap        ] GC(45) Old regions: 4->5
[2026-08-02T15:53:47.551+0900][3.355s][info ][gc,heap        ] GC(45) Archive regions: 0->0
[2026-08-02T15:53:47.551+0900][3.355s][info ][gc,heap        ] GC(45) Humongous regions: 0->0
[2026-08-02T15:53:47.551+0900][3.355s][info ][gc,metaspace   ] GC(45) Metaspace: 10955K(11264K)->10955K(11264K) NonClass: 9959K(10112K)->9959K(10112K) Class: 996K(1152K)->996K(1152K)
[2026-08-02T15:53:47.551+0900][3.355s][debug][gc,heap        ] GC(45) Heap after GC invocations=46 (full 33):
[2026-08-02T15:53:47.551+0900][3.355s][debug][gc,heap        ] GC(45)  garbage-first heap   total 1179648K, used 184697K [0x000001e7b4000000, 0x0000021eb4000000)
[2026-08-02T15:53:47.551+0900][3.355s][debug][gc,heap        ] GC(45)   region size 32768K, 1 young (32768K), 1 survivors (32768K)
[2026-08-02T15:53:47.551+0900][3.355s][debug][gc,heap        ] GC(45)  Metaspace       used 10955K, committed 11264K, reserved 1114112K
[2026-08-02T15:53:47.551+0900][3.355s][debug][gc,heap        ] GC(45)   class space    used 996K, committed 1152K, reserved 1048576K
[2026-08-02T15:53:47.552+0900][3.355s][info ][gc             ] GC(45) Pause Young (Normal) (G1 Evacuation Pause) 312M->180M(1152M) 15.590ms
[2026-08-02T15:53:47.552+0900][3.355s][info ][gc,cpu         ] GC(45) User=0.25s Sys=0.05s Real=0.02s
[2026-08-02T15:53:47.552+0900][3.355s][info ][safepoint      ] Safepoint "G1CollectForAllocation", Time since last: 227710000 ns, Reaching safepoint: 105300 ns, At safepoint: 15648000 ns, Total: 15753300 ns
[2026-08-02T15:53:47.794+0900][3.597s][info ][gc,start       ] GC(46) Pause Young (Normal) (G1 Evacuation Pause)
[2026-08-02T15:53:47.794+0900][3.597s][debug][gc,heap        ] GC(46) Heap before GC invocations=46 (full 33):
[2026-08-02T15:53:47.794+0900][3.597s][debug][gc,heap        ] GC(46)  garbage-first heap   total 1179648K, used 381305K [0x000001e7b4000000, 0x0000021eb4000000)
[2026-08-02T15:53:47.794+0900][3.597s][debug][gc,heap        ] GC(46)   region size 32768K, 7 young (229376K), 1 survivors (32768K)
[2026-08-02T15:53:47.794+0900][3.597s][debug][gc,heap        ] GC(46)  Metaspace       used 10986K, committed 11328K, reserved 1114112K
[2026-08-02T15:53:47.794+0900][3.597s][debug][gc,heap        ] GC(46)   class space    used 997K, committed 1152K, reserved 1048576K
[2026-08-02T15:53:47.794+0900][3.597s][info ][gc,task        ] GC(46) Using 18 workers of 18 for evacuation
[2026-08-02T15:53:47.814+0900][3.617s][info ][gc,phases      ] GC(46)   Pre Evacuate Collection Set: 0.1ms
[2026-08-02T15:53:47.814+0900][3.617s][info ][gc,phases      ] GC(46)   Merge Heap Roots: 0.6ms
[2026-08-02T15:53:47.814+0900][3.617s][info ][gc,phases      ] GC(46)   Evacuate Collection Set: 18.9ms
[2026-08-02T15:53:47.814+0900][3.617s][info ][gc,phases      ] GC(46)   Post Evacuate Collection Set: 0.4ms
[2026-08-02T15:53:47.814+0900][3.617s][info ][gc,phases      ] GC(46)   Other: 0.1ms
[2026-08-02T15:53:47.814+0900][3.617s][info ][gc,heap        ] GC(46) Eden regions: 6->0(6)
[2026-08-02T15:53:47.814+0900][3.617s][info ][gc,heap        ] GC(46) Survivor regions: 1->1(1)
[2026-08-02T15:53:47.814+0900][3.617s][info ][gc,heap        ] GC(46) Old regions: 5->8
[2026-08-02T15:53:47.814+0900][3.617s][info ][gc,heap        ] GC(46) Archive regions: 0->0
[2026-08-02T15:53:47.814+0900][3.617s][info ][gc,heap        ] GC(46) Humongous regions: 0->0
[2026-08-02T15:53:47.814+0900][3.617s][info ][gc,metaspace   ] GC(46) Metaspace: 10986K(11328K)->10986K(11328K) NonClass: 9988K(10176K)->9988K(10176K) Class: 997K(1152K)->997K(1152K)
[2026-08-02T15:53:47.814+0900][3.617s][debug][gc,heap        ] GC(46) Heap after GC invocations=47 (full 33):
[2026-08-02T15:53:47.814+0900][3.617s][debug][gc,heap        ] GC(46)  garbage-first heap   total 1179648K, used 259652K [0x000001e7b4000000, 0x0000021eb4000000)
[2026-08-02T15:53:47.814+0900][3.617s][debug][gc,heap        ] GC(46)   region size 32768K, 1 young (32768K), 1 survivors (32768K)
[2026-08-02T15:53:47.814+0900][3.617s][debug][gc,heap        ] GC(46)  Metaspace       used 10986K, committed 11328K, reserved 1114112K
[2026-08-02T15:53:47.814+0900][3.617s][debug][gc,heap        ] GC(46)   class space    used 997K, committed 1152K, reserved 1048576K
[2026-08-02T15:53:47.814+0900][3.617s][info ][gc             ] GC(46) Pause Young (Normal) (G1 Evacuation Pause) 372M->253M(1152M) 20.430ms
[2026-08-02T15:53:47.814+0900][3.617s][info ][gc,cpu         ] GC(46) User=0.27s Sys=0.02s Real=0.02s
[2026-08-02T15:53:47.814+0900][3.617s][info ][safepoint      ] Safepoint "G1CollectForAllocation", Time since last: 242123200 ns, Reaching safepoint: 116800 ns, At safepoint: 20491700 ns, Total: 20608500 ns
[2026-08-02T15:53:47.933+0900][3.736s][info ][gc,start       ] GC(47) Pause Young (Normal) (G1 Evacuation Pause)
[2026-08-02T15:53:47.933+0900][3.736s][debug][gc,heap        ] GC(47) Heap before GC invocations=47 (full 33):
[2026-08-02T15:53:47.933+0900][3.736s][debug][gc,heap        ] GC(47)  garbage-first heap   total 1179648K, used 423492K [0x000001e7b4000000, 0x0000021eb4000000)
[2026-08-02T15:53:47.933+0900][3.736s][debug][gc,heap        ] GC(47)   region size 32768K, 7 young (229376K), 1 survivors (32768K)
[2026-08-02T15:53:47.933+0900][3.736s][debug][gc,heap        ] GC(47)  Metaspace       used 11005K, committed 11328K, reserved 1114112K
[2026-08-02T15:53:47.933+0900][3.736s][debug][gc,heap        ] GC(47)   class space    used 998K, committed 1152K, reserved 1048576K
[2026-08-02T15:53:47.933+0900][3.736s][info ][gc,task        ] GC(47) Using 18 workers of 18 for evacuation
[2026-08-02T15:53:47.962+0900][3.764s][info ][gc,phases      ] GC(47)   Pre Evacuate Collection Set: 0.1ms
[2026-08-02T15:53:47.962+0900][3.764s][info ][gc,phases      ] GC(47)   Merge Heap Roots: 0.4ms
[2026-08-02T15:53:47.962+0900][3.764s][info ][gc,phases      ] GC(47)   Evacuate Collection Set: 27.1ms
[2026-08-02T15:53:47.962+0900][3.764s][info ][gc,phases      ] GC(47)   Post Evacuate Collection Set: 0.3ms
[2026-08-02T15:53:47.962+0900][3.764s][info ][gc,phases      ] GC(47)   Other: 0.1ms
[2026-08-02T15:53:47.962+0900][3.764s][info ][gc,heap        ] GC(47) Eden regions: 6->0(6)
[2026-08-02T15:53:47.962+0900][3.764s][info ][gc,heap        ] GC(47) Survivor regions: 1->1(1)
[2026-08-02T15:53:47.962+0900][3.764s][info ][gc,heap        ] GC(47) Old regions: 8->11
[2026-08-02T15:53:47.962+0900][3.764s][info ][gc,heap        ] GC(47) Archive regions: 0->0
[2026-08-02T15:53:47.962+0900][3.764s][info ][gc,heap        ] GC(47) Humongous regions: 0->0
[2026-08-02T15:53:47.962+0900][3.764s][info ][gc,metaspace   ] GC(47) Metaspace: 11005K(11328K)->11005K(11328K) NonClass: 10007K(10176K)->10007K(10176K) Class: 998K(1152K)->998K(1152K)
[2026-08-02T15:53:47.962+0900][3.764s][debug][gc,heap        ] GC(47) Heap after GC invocations=48 (full 33):
[2026-08-02T15:53:47.962+0900][3.764s][debug][gc,heap        ] GC(47)  garbage-first heap   total 1179648K, used 385785K [0x000001e7b4000000, 0x0000021eb4000000)
[2026-08-02T15:53:47.962+0900][3.764s][debug][gc,heap        ] GC(47)   region size 32768K, 1 young (32768K), 1 survivors (32768K)
[2026-08-02T15:53:47.962+0900][3.764s][debug][gc,heap        ] GC(47)  Metaspace       used 11005K, committed 11328K, reserved 1114112K
[2026-08-02T15:53:47.962+0900][3.764s][debug][gc,heap        ] GC(47)   class space    used 998K, committed 1152K, reserved 1048576K
[2026-08-02T15:53:47.962+0900][3.764s][info ][gc             ] GC(47) Pause Young (Normal) (G1 Evacuation Pause) 445M->376M(1152M) 28.383ms
[2026-08-02T15:53:47.962+0900][3.764s][info ][gc,cpu         ] GC(47) User=0.47s Sys=0.09s Real=0.03s
[2026-08-02T15:53:47.962+0900][3.764s][info ][safepoint      ] Safepoint "G1CollectForAllocation", Time since last: 118231500 ns, Reaching safepoint: 96100 ns, At safepoint: 28450500 ns, Total: 28546600 ns
[2026-08-02T15:53:48.093+0900][3.896s][info ][gc,start       ] GC(48) Pause Full (System.gc())
[2026-08-02T15:53:48.093+0900][3.896s][debug][gc,heap        ] GC(48) Heap before GC invocations=48 (full 33):
[2026-08-02T15:53:48.093+0900][3.896s][debug][gc,heap        ] GC(48)  garbage-first heap   total 1179648K, used 516857K [0x000001e7b4000000, 0x0000021eb4000000)
[2026-08-02T15:53:48.093+0900][3.896s][debug][gc,heap        ] GC(48)   region size 32768K, 6 young (196608K), 1 survivors (32768K)
[2026-08-02T15:53:48.093+0900][3.896s][debug][gc,heap        ] GC(48)  Metaspace       used 11048K, committed 11392K, reserved 1114112K
[2026-08-02T15:53:48.093+0900][3.896s][debug][gc,heap        ] GC(48)   class space    used 1002K, committed 1216K, reserved 1048576K
[2026-08-02T15:53:48.093+0900][3.896s][info ][gc,task        ] GC(48) Using 2 workers of 18 for full compaction
[2026-08-02T15:53:48.094+0900][3.897s][info ][gc,phases,start] GC(48) Phase 1: Mark live objects
[2026-08-02T15:53:48.358+0900][4.161s][info ][gc,phases      ] GC(48) Phase 1: Mark live objects 264.149ms
[2026-08-02T15:53:48.358+0900][4.161s][info ][gc,phases,start] GC(48) Phase 2: Prepare for compaction
[2026-08-02T15:53:48.386+0900][4.189s][info ][gc,phases      ] GC(48) Phase 2: Prepare for compaction 28.483ms
[2026-08-02T15:53:48.386+0900][4.189s][info ][gc,phases,start] GC(48) Phase 3: Adjust pointers
[2026-08-02T15:53:48.467+0900][4.270s][info ][gc,phases      ] GC(48) Phase 3: Adjust pointers 80.561ms
[2026-08-02T15:53:48.467+0900][4.270s][info ][gc,phases,start] GC(48) Phase 4: Compact heap
[2026-08-02T15:53:48.496+0900][4.299s][info ][gc,phases      ] GC(48) Phase 4: Compact heap 28.858ms
[2026-08-02T15:53:48.502+0900][4.304s][debug][gc,heap        ] GC(48) Uncommittable regions after shrink: 2
[2026-08-02T15:53:48.503+0900][4.306s][info ][gc,heap        ] GC(48) Eden regions: 5->0(6)
[2026-08-02T15:53:48.503+0900][4.306s][info ][gc,heap        ] GC(48) Survivor regions: 1->0(1)
[2026-08-02T15:53:48.503+0900][4.306s][info ][gc,heap        ] GC(48) Old regions: 11->10
[2026-08-02T15:53:48.503+0900][4.306s][info ][gc,heap        ] GC(48) Archive regions: 0->0
[2026-08-02T15:53:48.503+0900][4.306s][info ][gc,heap        ] GC(48) Humongous regions: 0->0
[2026-08-02T15:53:48.503+0900][4.306s][info ][gc,metaspace   ] GC(48) Metaspace: 11048K(11392K)->11048K(11392K) NonClass: 10046K(10176K)->10046K(10176K) Class: 1002K(1216K)->1002K(1216K)
[2026-08-02T15:53:48.503+0900][4.306s][debug][gc,heap        ] GC(48) Heap after GC invocations=49 (full 34):
[2026-08-02T15:53:48.503+0900][4.306s][debug][gc,heap        ] GC(48)  garbage-first heap   total 1114112K, used 291562K [0x000001e7b4000000, 0x0000021eb4000000)
[2026-08-02T15:53:48.503+0900][4.306s][debug][gc,heap        ] GC(48)   region size 32768K, 0 young (0K), 0 survivors (0K)
[2026-08-02T15:53:48.503+0900][4.306s][debug][gc,heap        ] GC(48)  Metaspace       used 11048K, committed 11392K, reserved 1114112K
[2026-08-02T15:53:48.503+0900][4.306s][debug][gc,heap        ] GC(48)   class space    used 1002K, committed 1216K, reserved 1048576K
[2026-08-02T15:53:48.503+0900][4.306s][info ][gc             ] GC(48) Pause Full (System.gc()) 519M->284M(1088M) 409.591ms
[2026-08-02T15:53:48.503+0900][4.306s][info ][gc,cpu         ] GC(48) User=0.77s Sys=0.00s Real=0.41s
[2026-08-02T15:53:48.503+0900][4.306s][info ][safepoint      ] Safepoint "G1CollectFull", Time since last: 131973100 ns, Reaching safepoint: 118800 ns, At safepoint: 409656000 ns, Total: 409774800 ns
[2026-08-02T15:53:48.611+0900][4.414s][debug][gc,heap        ] Concurrent Uncommit Summary: 65536K, 2 regions, 3.833ms
[2026-08-02T15:53:48.834+0900][4.637s][info ][gc,start       ] GC(49) Pause Young (Normal) (G1 Evacuation Pause)
[2026-08-02T15:53:48.834+0900][4.637s][debug][gc,heap        ] GC(49) Heap before GC invocations=49 (full 34):
[2026-08-02T15:53:48.834+0900][4.637s][debug][gc,heap        ] GC(49)  garbage-first heap   total 1114112K, used 488170K [0x000001e7b4000000, 0x0000021eb4000000)
[2026-08-02T15:53:48.834+0900][4.637s][debug][gc,heap        ] GC(49)   region size 32768K, 6 young (196608K), 0 survivors (0K)
[2026-08-02T15:53:48.834+0900][4.637s][debug][gc,heap        ] GC(49)  Metaspace       used 11048K, committed 11392K, reserved 1114112K
[2026-08-02T15:53:48.834+0900][4.637s][debug][gc,heap        ] GC(49)   class space    used 1002K, committed 1216K, reserved 1048576K
[2026-08-02T15:53:48.834+0900][4.637s][info ][gc,task        ] GC(49) Using 18 workers of 18 for evacuation
[2026-08-02T15:53:48.892+0900][4.695s][info ][gc,phases      ] GC(49)   Pre Evacuate Collection Set: 0.1ms
[2026-08-02T15:53:48.892+0900][4.695s][info ][gc,phases      ] GC(49)   Merge Heap Roots: 0.1ms
[2026-08-02T15:53:48.892+0900][4.695s][info ][gc,phases      ] GC(49)   Evacuate Collection Set: 52.6ms
[2026-08-02T15:53:48.892+0900][4.695s][info ][gc,phases      ] GC(49)   Post Evacuate Collection Set: 4.8ms
[2026-08-02T15:53:48.892+0900][4.695s][info ][gc,phases      ] GC(49)   Other: 0.1ms
[2026-08-02T15:53:48.892+0900][4.695s][info ][gc,heap        ] GC(49) Eden regions: 6->0(16)
[2026-08-02T15:53:48.892+0900][4.695s][info ][gc,heap        ] GC(49) Survivor regions: 0->1(1)
[2026-08-02T15:53:48.892+0900][4.695s][info ][gc,heap        ] GC(49) Old regions: 10->13
[2026-08-02T15:53:48.892+0900][4.695s][info ][gc,heap        ] GC(49) Archive regions: 0->0
[2026-08-02T15:53:48.892+0900][4.695s][info ][gc,heap        ] GC(49) Humongous regions: 0->0
[2026-08-02T15:53:48.892+0900][4.695s][info ][gc,metaspace   ] GC(49) Metaspace: 11048K(11392K)->11048K(11392K) NonClass: 10046K(10176K)->10046K(10176K) Class: 1002K(1216K)->1002K(1216K)
[2026-08-02T15:53:48.892+0900][4.695s][debug][gc,heap        ] GC(49) Heap after GC invocations=50 (full 34):
[2026-08-02T15:53:48.892+0900][4.695s][debug][gc,heap        ] GC(49)  garbage-first heap   total 3342336K, used 407469K [0x000001e7b4000000, 0x0000021eb4000000)
[2026-08-02T15:53:48.892+0900][4.695s][debug][gc,heap        ] GC(49)   region size 32768K, 1 young (32768K), 1 survivors (32768K)
[2026-08-02T15:53:48.892+0900][4.695s][debug][gc,heap        ] GC(49)  Metaspace       used 11048K, committed 11392K, reserved 1114112K
[2026-08-02T15:53:48.892+0900][4.695s][debug][gc,heap        ] GC(49)   class space    used 1002K, committed 1216K, reserved 1048576K
[2026-08-02T15:53:48.892+0900][4.695s][info ][gc             ] GC(49) Pause Young (Normal) (G1 Evacuation Pause) 476M->397M(3264M) 58.023ms
[2026-08-02T15:53:48.892+0900][4.695s][info ][gc,cpu         ] GC(49) User=0.36s Sys=0.02s Real=0.06s
[2026-08-02T15:53:48.892+0900][4.695s][info ][safepoint      ] Safepoint "G1CollectForAllocation", Time since last: 330863100 ns, Reaching safepoint: 73700 ns, At safepoint: 58143900 ns, Total: 58217600 ns
[2026-08-02T15:53:49.897+0900][5.700s][info ][safepoint      ] Safepoint "Cleanup", Time since last: 1004571600 ns, Reaching safepoint: 110100 ns, At safepoint: 14000 ns, Total: 124100 ns
[2026-08-02T15:53:49.943+0900][5.746s][info ][gc,start       ] GC(50) Pause Young (Normal) (G1 Evacuation Pause)
[2026-08-02T15:53:49.943+0900][5.746s][debug][gc,heap        ] GC(50) Heap before GC invocations=50 (full 34):
[2026-08-02T15:53:49.943+0900][5.746s][debug][gc,heap        ] GC(50)  garbage-first heap   total 3342336K, used 931757K [0x000001e7b4000000, 0x0000021eb4000000)
[2026-08-02T15:53:49.943+0900][5.746s][debug][gc,heap        ] GC(50)   region size 32768K, 17 young (557056K), 1 survivors (32768K)
[2026-08-02T15:53:49.943+0900][5.746s][debug][gc,heap        ] GC(50)  Metaspace       used 11055K, committed 11392K, reserved 1114112K
[2026-08-02T15:53:49.943+0900][5.746s][debug][gc,heap        ] GC(50)   class space    used 1002K, committed 1216K, reserved 1048576K
[2026-08-02T15:53:49.943+0900][5.746s][info ][gc,task        ] GC(50) Using 18 workers of 18 for evacuation
[2026-08-02T15:53:50.091+0900][5.894s][info ][gc,phases      ] GC(50)   Pre Evacuate Collection Set: 0.1ms
[2026-08-02T15:53:50.091+0900][5.894s][info ][gc,phases      ] GC(50)   Merge Heap Roots: 0.4ms
[2026-08-02T15:53:50.091+0900][5.894s][info ][gc,phases      ] GC(50)   Evacuate Collection Set: 147.2ms
[2026-08-02T15:53:50.091+0900][5.894s][info ][gc,phases      ] GC(50)   Post Evacuate Collection Set: 0.3ms
[2026-08-02T15:53:50.091+0900][5.894s][info ][gc,phases      ] GC(50)   Other: 0.1ms
[2026-08-02T15:53:50.091+0900][5.894s][info ][gc,heap        ] GC(50) Eden regions: 16->0(12)
[2026-08-02T15:53:50.091+0900][5.894s][info ][gc,heap        ] GC(50) Survivor regions: 1->3(3)
[2026-08-02T15:53:50.091+0900][5.894s][info ][gc,heap        ] GC(50) Old regions: 13->19
[2026-08-02T15:53:50.091+0900][5.894s][info ][gc,heap        ] GC(50) Archive regions: 0->0
[2026-08-02T15:53:50.091+0900][5.894s][info ][gc,heap        ] GC(50) Humongous regions: 1->1
[2026-08-02T15:53:50.092+0900][5.894s][info ][gc,metaspace   ] GC(50) Metaspace: 11055K(11392K)->11055K(11392K) NonClass: 10053K(10176K)->10053K(10176K) Class: 1002K(1216K)->1002K(1216K)
[2026-08-02T15:53:50.092+0900][5.894s][debug][gc,heap        ] GC(50) Heap after GC invocations=51 (full 34):
[2026-08-02T15:53:50.092+0900][5.894s][debug][gc,heap        ] GC(50)  garbage-first heap   total 3342336K, used 712886K [0x000001e7b4000000, 0x0000021eb4000000)
[2026-08-02T15:53:50.092+0900][5.894s][debug][gc,heap        ] GC(50)   region size 32768K, 3 young (98304K), 3 survivors (98304K)
[2026-08-02T15:53:50.092+0900][5.894s][debug][gc,heap        ] GC(50)  Metaspace       used 11055K, committed 11392K, reserved 1114112K
[2026-08-02T15:53:50.092+0900][5.894s][debug][gc,heap        ] GC(50)   class space    used 1002K, committed 1216K, reserved 1048576K
[2026-08-02T15:53:50.092+0900][5.894s][info ][gc             ] GC(50) Pause Young (Normal) (G1 Evacuation Pause) 941M->696M(3264M) 148.465ms
[2026-08-02T15:53:50.092+0900][5.894s][info ][gc,cpu         ] GC(50) User=0.89s Sys=0.19s Real=0.15s
[2026-08-02T15:53:50.092+0900][5.894s][info ][safepoint      ] Safepoint "G1CollectForAllocation", Time since last: 45852900 ns, Reaching safepoint: 111400 ns, At safepoint: 148519400 ns, Total: 148630800 ns
[2026-08-02T15:53:50.456+0900][6.259s][info ][gc,start       ] GC(51) Pause Young (Normal) (G1 Evacuation Pause)
[2026-08-02T15:53:50.456+0900][6.259s][debug][gc,heap        ] GC(51) Heap before GC invocations=51 (full 34):
[2026-08-02T15:53:50.456+0900][6.259s][debug][gc,heap        ] GC(51)  garbage-first heap   total 3342336K, used 1106102K [0x000001e7b4000000, 0x0000021eb4000000)
[2026-08-02T15:53:50.456+0900][6.259s][debug][gc,heap        ] GC(51)   region size 32768K, 15 young (491520K), 3 survivors (98304K)
[2026-08-02T15:53:50.456+0900][6.259s][debug][gc,heap        ] GC(51)  Metaspace       used 11055K, committed 11392K, reserved 1114112K
[2026-08-02T15:53:50.456+0900][6.259s][debug][gc,heap        ] GC(51)   class space    used 1002K, committed 1216K, reserved 1048576K
[2026-08-02T15:53:50.456+0900][6.259s][info ][gc,task        ] GC(51) Using 18 workers of 18 for evacuation
[2026-08-02T15:53:50.498+0900][6.301s][info ][gc,phases      ] GC(51)   Pre Evacuate Collection Set: 0.1ms
[2026-08-02T15:53:50.498+0900][6.301s][info ][gc,phases      ] GC(51)   Merge Heap Roots: 0.4ms
[2026-08-02T15:53:50.498+0900][6.301s][info ][gc,phases      ] GC(51)   Evacuate Collection Set: 41.2ms
[2026-08-02T15:53:50.498+0900][6.301s][info ][gc,phases      ] GC(51)   Post Evacuate Collection Set: 0.4ms
[2026-08-02T15:53:50.498+0900][6.301s][info ][gc,phases      ] GC(51)   Other: 0.1ms
[2026-08-02T15:53:50.498+0900][6.301s][info ][gc,heap        ] GC(51) Eden regions: 12->0(14)
[2026-08-02T15:53:50.498+0900][6.301s][info ][gc,heap        ] GC(51) Survivor regions: 3->2(2)
[2026-08-02T15:53:50.498+0900][6.301s][info ][gc,heap        ] GC(51) Old regions: 19->27
[2026-08-02T15:53:50.498+0900][6.301s][info ][gc,heap        ] GC(51) Archive regions: 0->0
[2026-08-02T15:53:50.498+0900][6.301s][info ][gc,heap        ] GC(51) Humongous regions: 1->1
[2026-08-02T15:53:50.498+0900][6.301s][info ][gc,metaspace   ] GC(51) Metaspace: 11055K(11392K)->11055K(11392K) NonClass: 10053K(10176K)->10053K(10176K) Class: 1002K(1216K)->1002K(1216K)
[2026-08-02T15:53:50.498+0900][6.301s][debug][gc,heap        ] GC(51) Heap after GC invocations=52 (full 34):
[2026-08-02T15:53:50.498+0900][6.301s][debug][gc,heap        ] GC(51)  garbage-first heap   total 3342336K, used 921546K [0x000001e7b4000000, 0x0000021eb4000000)
[2026-08-02T15:53:50.498+0900][6.301s][debug][gc,heap        ] GC(51)   region size 32768K, 2 young (65536K), 2 survivors (65536K)
[2026-08-02T15:53:50.498+0900][6.301s][debug][gc,heap        ] GC(51)  Metaspace       used 11055K, committed 11392K, reserved 1114112K
[2026-08-02T15:53:50.498+0900][6.301s][debug][gc,heap        ] GC(51)   class space    used 1002K, committed 1216K, reserved 1048576K
[2026-08-02T15:53:50.498+0900][6.301s][info ][gc             ] GC(51) Pause Young (Normal) (G1 Evacuation Pause) 1080M->899M(3264M) 42.541ms
[2026-08-02T15:53:50.498+0900][6.301s][info ][gc,cpu         ] GC(51) User=0.59s Sys=0.25s Real=0.04s
[2026-08-02T15:53:50.498+0900][6.301s][info ][safepoint      ] Safepoint "G1CollectForAllocation", Time since last: 364550200 ns, Reaching safepoint: 45500 ns, At safepoint: 42596600 ns, Total: 42642100 ns
[2026-08-02T15:53:50.810+0900][6.613s][info ][gc,start       ] GC(52) Pause Young (Normal) (G1 Evacuation Pause)
[2026-08-02T15:53:50.810+0900][6.613s][debug][gc,heap        ] GC(52) Heap before GC invocations=52 (full 34):
[2026-08-02T15:53:50.810+0900][6.613s][debug][gc,heap        ] GC(52)  garbage-first heap   total 3342336K, used 1347530K [0x000001e7b4000000, 0x0000021eb4000000)
[2026-08-02T15:53:50.810+0900][6.613s][debug][gc,heap        ] GC(52)   region size 32768K, 16 young (524288K), 2 survivors (65536K)
[2026-08-02T15:53:50.810+0900][6.613s][debug][gc,heap        ] GC(52)  Metaspace       used 11058K, committed 11392K, reserved 1114112K
[2026-08-02T15:53:50.810+0900][6.613s][debug][gc,heap        ] GC(52)   class space    used 1002K, committed 1216K, reserved 1048576K
[2026-08-02T15:53:50.810+0900][6.613s][info ][gc,task        ] GC(52) Using 18 workers of 18 for evacuation
[2026-08-02T15:53:50.865+0900][6.667s][info ][gc,phases      ] GC(52)   Pre Evacuate Collection Set: 0.1ms
[2026-08-02T15:53:50.865+0900][6.667s][info ][gc,phases      ] GC(52)   Merge Heap Roots: 1.1ms
[2026-08-02T15:53:50.865+0900][6.667s][info ][gc,phases      ] GC(52)   Evacuate Collection Set: 52.5ms
[2026-08-02T15:53:50.865+0900][6.667s][info ][gc,phases      ] GC(52)   Post Evacuate Collection Set: 0.5ms
[2026-08-02T15:53:50.865+0900][6.667s][info ][gc,phases      ] GC(52)   Other: 0.1ms
[2026-08-02T15:53:50.865+0900][6.667s][info ][gc,heap        ] GC(52) Eden regions: 14->0(17)
[2026-08-02T15:53:50.865+0900][6.667s][info ][gc,heap        ] GC(52) Survivor regions: 2->2(2)
[2026-08-02T15:53:50.865+0900][6.667s][info ][gc,heap        ] GC(52) Old regions: 27->36
[2026-08-02T15:53:50.865+0900][6.667s][info ][gc,heap        ] GC(52) Archive regions: 0->0
[2026-08-02T15:53:50.865+0900][6.667s][info ][gc,heap        ] GC(52) Humongous regions: 1->1
[2026-08-02T15:53:50.865+0900][6.667s][info ][gc,metaspace   ] GC(52) Metaspace: 11058K(11392K)->11058K(11392K) NonClass: 10056K(10176K)->10056K(10176K) Class: 1002K(1216K)->1002K(1216K)
[2026-08-02T15:53:50.865+0900][6.667s][debug][gc,heap        ] GC(52) Heap after GC invocations=53 (full 34):
[2026-08-02T15:53:50.865+0900][6.667s][debug][gc,heap        ] GC(52)  garbage-first heap   total 3342336K, used 1211406K [0x000001e7b4000000, 0x0000021eb4000000)
[2026-08-02T15:53:50.865+0900][6.667s][debug][gc,heap        ] GC(52)   region size 32768K, 2 young (65536K), 2 survivors (65536K)
[2026-08-02T15:53:50.865+0900][6.667s][debug][gc,heap        ] GC(52)  Metaspace       used 11058K, committed 11392K, reserved 1114112K
[2026-08-02T15:53:50.865+0900][6.667s][debug][gc,heap        ] GC(52)   class space    used 1002K, committed 1216K, reserved 1048576K
[2026-08-02T15:53:50.865+0900][6.667s][info ][gc             ] GC(52) Pause Young (Normal) (G1 Evacuation Pause) 1347M->1183M(3264M) 54.624ms
[2026-08-02T15:53:50.865+0900][6.667s][info ][gc,cpu         ] GC(52) User=0.83s Sys=0.02s Real=0.06s
[2026-08-02T15:53:50.865+0900][6.667s][info ][safepoint      ] Safepoint "G1CollectForAllocation", Time since last: 310998000 ns, Reaching safepoint: 104900 ns, At safepoint: 54685300 ns, Total: 54790200 ns
[2026-08-02T15:53:51.182+0900][6.984s][info ][gc,start       ] GC(53) Pause Young (Normal) (G1 Evacuation Pause)
[2026-08-02T15:53:51.182+0900][6.985s][debug][gc,heap        ] GC(53) Heap before GC invocations=53 (full 34):
[2026-08-02T15:53:51.182+0900][6.985s][debug][gc,heap        ] GC(53)  garbage-first heap   total 3342336K, used 1670158K [0x000001e7b4000000, 0x0000021eb4000000)
[2026-08-02T15:53:51.182+0900][6.985s][debug][gc,heap        ] GC(53)   region size 32768K, 15 young (491520K), 2 survivors (65536K)
[2026-08-02T15:53:51.182+0900][6.985s][debug][gc,heap        ] GC(53)  Metaspace       used 11058K, committed 11392K, reserved 1114112K
[2026-08-02T15:53:51.182+0900][6.985s][debug][gc,heap        ] GC(53)   class space    used 1002K, committed 1216K, reserved 1048576K
[2026-08-02T15:53:51.182+0900][6.985s][info ][gc,task        ] GC(53) Using 18 workers of 18 for evacuation
[2026-08-02T15:53:51.250+0900][7.052s][info ][gc,phases      ] GC(53)   Pre Evacuate Collection Set: 0.2ms
[2026-08-02T15:53:51.250+0900][7.053s][info ][gc,phases      ] GC(53)   Merge Heap Roots: 1.7ms
[2026-08-02T15:53:51.250+0900][7.053s][info ][gc,phases      ] GC(53)   Evacuate Collection Set: 58.7ms
[2026-08-02T15:53:51.250+0900][7.053s][info ][gc,phases      ] GC(53)   Post Evacuate Collection Set: 7.0ms
[2026-08-02T15:53:51.250+0900][7.053s][info ][gc,phases      ] GC(53)   Other: 0.1ms
[2026-08-02T15:53:51.250+0900][7.053s][info ][gc,heap        ] GC(53) Eden regions: 13->0(17)
[2026-08-02T15:53:51.250+0900][7.053s][info ][gc,heap        ] GC(53) Survivor regions: 2->2(2)
[2026-08-02T15:53:51.250+0900][7.053s][info ][gc,heap        ] GC(53) Old regions: 36->44
[2026-08-02T15:53:51.250+0900][7.053s][info ][gc,heap        ] GC(53) Archive regions: 0->0
[2026-08-02T15:53:51.250+0900][7.053s][info ][gc,heap        ] GC(53) Humongous regions: 2->2
[2026-08-02T15:53:51.250+0900][7.053s][info ][gc,metaspace   ] GC(53) Metaspace: 11058K(11392K)->11058K(11392K) NonClass: 10056K(10176K)->10056K(10176K) Class: 1002K(1216K)->1002K(1216K)
[2026-08-02T15:53:51.250+0900][7.053s][debug][gc,heap        ] GC(53) Heap after GC invocations=54 (full 34):
[2026-08-02T15:53:51.250+0900][7.053s][debug][gc,heap        ] GC(53)  garbage-first heap   total 6815744K, used 1509442K [0x000001e7b4000000, 0x0000021eb4000000)
[2026-08-02T15:53:51.250+0900][7.053s][debug][gc,heap        ] GC(53)   region size 32768K, 2 young (65536K), 2 survivors (65536K)
[2026-08-02T15:53:51.250+0900][7.053s][debug][gc,heap        ] GC(53)  Metaspace       used 11058K, committed 11392K, reserved 1114112K
[2026-08-02T15:53:51.250+0900][7.053s][debug][gc,heap        ] GC(53)   class space    used 1002K, committed 1216K, reserved 1048576K
[2026-08-02T15:53:51.250+0900][7.053s][info ][gc             ] GC(53) Pause Young (Normal) (G1 Evacuation Pause) 1631M->1474M(6656M) 68.194ms
[2026-08-02T15:53:51.250+0900][7.053s][info ][gc,cpu         ] GC(53) User=0.55s Sys=0.31s Real=0.07s
[2026-08-02T15:53:51.250+0900][7.053s][info ][safepoint      ] Safepoint "G1CollectForAllocation", Time since last: 317124800 ns, Reaching safepoint: 123500 ns, At safepoint: 68304900 ns, Total: 68428400 ns
[2026-08-02T15:53:51.573+0900][7.375s][info ][gc,start       ] GC(54) Pause Young (Normal) (G1 Evacuation Pause)
[2026-08-02T15:53:51.573+0900][7.375s][debug][gc,heap        ] GC(54) Heap before GC invocations=54 (full 34):
[2026-08-02T15:53:51.573+0900][7.375s][debug][gc,heap        ] GC(54)  garbage-first heap   total 6815744K, used 1869890K [0x000001e7b4000000, 0x0000021eb4000000)
[2026-08-02T15:53:51.573+0900][7.375s][debug][gc,heap        ] GC(54)   region size 32768K, 13 young (425984K), 2 survivors (65536K)
[2026-08-02T15:53:51.573+0900][7.375s][debug][gc,heap        ] GC(54)  Metaspace       used 11058K, committed 11392K, reserved 1114112K
[2026-08-02T15:53:51.573+0900][7.375s][debug][gc,heap        ] GC(54)   class space    used 1002K, committed 1216K, reserved 1048576K
[2026-08-02T15:53:51.573+0900][7.375s][info ][gc,task        ] GC(54) Using 18 workers of 18 for evacuation
[2026-08-02T15:53:51.632+0900][7.435s][info ][gc,phases      ] GC(54)   Pre Evacuate Collection Set: 0.1ms
[2026-08-02T15:53:51.632+0900][7.435s][info ][gc,phases      ] GC(54)   Merge Heap Roots: 2.4ms
[2026-08-02T15:53:51.632+0900][7.435s][info ][gc,phases      ] GC(54)   Evacuate Collection Set: 55.9ms
[2026-08-02T15:53:51.632+0900][7.435s][info ][gc,phases      ] GC(54)   Post Evacuate Collection Set: 0.8ms
[2026-08-02T15:53:51.632+0900][7.435s][info ][gc,phases      ] GC(54)   Other: 0.1ms
[2026-08-02T15:53:51.632+0900][7.435s][info ][gc,heap        ] GC(54) Eden regions: 11->0(21)
[2026-08-02T15:53:51.632+0900][7.435s][info ][gc,heap        ] GC(54) Survivor regions: 2->2(2)
[2026-08-02T15:53:51.632+0900][7.435s][info ][gc,heap        ] GC(54) Old regions: 44->51
[2026-08-02T15:53:51.632+0900][7.435s][info ][gc,heap        ] GC(54) Archive regions: 0->0
[2026-08-02T15:53:51.632+0900][7.435s][info ][gc,heap        ] GC(54) Humongous regions: 2->2
[2026-08-02T15:53:51.632+0900][7.435s][info ][gc,metaspace   ] GC(54) Metaspace: 11058K(11392K)->11058K(11392K) NonClass: 10056K(10176K)->10056K(10176K) Class: 1002K(1216K)->1002K(1216K)
[2026-08-02T15:53:51.632+0900][7.435s][debug][gc,heap        ] GC(54) Heap after GC invocations=55 (full 34):
[2026-08-02T15:53:51.632+0900][7.435s][debug][gc,heap        ] GC(54)  garbage-first heap   total 6815744K, used 1743970K [0x000001e7b4000000, 0x0000021eb4000000)
[2026-08-02T15:53:51.632+0900][7.435s][debug][gc,heap        ] GC(54)   region size 32768K, 2 young (65536K), 2 survivors (65536K)
[2026-08-02T15:53:51.632+0900][7.435s][debug][gc,heap        ] GC(54)  Metaspace       used 11058K, committed 11392K, reserved 1114112K
[2026-08-02T15:53:51.632+0900][7.435s][debug][gc,heap        ] GC(54)   class space    used 1002K, committed 1216K, reserved 1048576K
[2026-08-02T15:53:51.632+0900][7.435s][info ][gc             ] GC(54) Pause Young (Normal) (G1 Evacuation Pause) 1826M->1703M(6656M) 59.551ms
[2026-08-02T15:53:51.632+0900][7.435s][info ][gc,cpu         ] GC(54) User=0.78s Sys=0.08s Real=0.06s
[2026-08-02T15:53:51.632+0900][7.435s][info ][safepoint      ] Safepoint "G1CollectForAllocation", Time since last: 322344600 ns, Reaching safepoint: 108700 ns, At safepoint: 59621900 ns, Total: 59730600 ns
[2026-08-02T15:53:52.054+0900][7.856s][info ][gc,start       ] GC(55) Pause Young (Normal) (G1 Evacuation Pause)
[2026-08-02T15:53:52.054+0900][7.856s][debug][gc,heap        ] GC(55) Heap before GC invocations=55 (full 34):
[2026-08-02T15:53:52.054+0900][7.856s][debug][gc,heap        ] GC(55)  garbage-first heap   total 6815744K, used 2202722K [0x000001e7b4000000, 0x0000021eb4000000)
[2026-08-02T15:53:52.054+0900][7.856s][debug][gc,heap        ] GC(55)   region size 32768K, 16 young (524288K), 2 survivors (65536K)
[2026-08-02T15:53:52.054+0900][7.856s][debug][gc,heap        ] GC(55)  Metaspace       used 11117K, committed 11520K, reserved 1114112K
[2026-08-02T15:53:52.054+0900][7.856s][debug][gc,heap        ] GC(55)   class space    used 1003K, committed 1216K, reserved 1048576K
[2026-08-02T15:53:52.054+0900][7.856s][info ][gc,task        ] GC(55) Using 18 workers of 18 for evacuation
[2026-08-02T15:53:52.120+0900][7.923s][info ][gc,phases      ] GC(55)   Pre Evacuate Collection Set: 0.1ms
[2026-08-02T15:53:52.120+0900][7.923s][info ][gc,phases      ] GC(55)   Merge Heap Roots: 2.0ms
[2026-08-02T15:53:52.120+0900][7.923s][info ][gc,phases      ] GC(55)   Evacuate Collection Set: 63.8ms
[2026-08-02T15:53:52.120+0900][7.923s][info ][gc,phases      ] GC(55)   Post Evacuate Collection Set: 0.6ms
[2026-08-02T15:53:52.120+0900][7.923s][info ][gc,phases      ] GC(55)   Other: 0.1ms
[2026-08-02T15:53:52.120+0900][7.923s][info ][gc,heap        ] GC(55) Eden regions: 14->0(24)
[2026-08-02T15:53:52.120+0900][7.923s][info ][gc,heap        ] GC(55) Survivor regions: 2->2(2)
[2026-08-02T15:53:52.120+0900][7.923s][info ][gc,heap        ] GC(55) Old regions: 51->59
[2026-08-02T15:53:52.120+0900][7.923s][info ][gc,heap        ] GC(55) Archive regions: 0->0
[2026-08-02T15:53:52.120+0900][7.923s][info ][gc,heap        ] GC(55) Humongous regions: 2->2
[2026-08-02T15:53:52.120+0900][7.923s][info ][gc,metaspace   ] GC(55) Metaspace: 11117K(11520K)->11117K(11520K) NonClass: 10114K(10304K)->10114K(10304K) Class: 1003K(1216K)->1003K(1216K)
[2026-08-02T15:53:52.120+0900][7.923s][debug][gc,heap        ] GC(55) Heap after GC invocations=56 (full 34):
[2026-08-02T15:53:52.120+0900][7.923s][debug][gc,heap        ] GC(55)  garbage-first heap   total 6815744K, used 2012039K [0x000001e7b4000000, 0x0000021eb4000000)
[2026-08-02T15:53:52.120+0900][7.923s][debug][gc,heap        ] GC(55)   region size 32768K, 2 young (65536K), 2 survivors (65536K)
[2026-08-02T15:53:52.120+0900][7.923s][debug][gc,heap        ] GC(55)  Metaspace       used 11117K, committed 11520K, reserved 1114112K
[2026-08-02T15:53:52.120+0900][7.923s][debug][gc,heap        ] GC(55)   class space    used 1003K, committed 1216K, reserved 1048576K
[2026-08-02T15:53:52.120+0900][7.923s][info ][gc             ] GC(55) Pause Young (Normal) (G1 Evacuation Pause) 2151M->1964M(6656M) 66.983ms
[2026-08-02T15:53:52.120+0900][7.923s][info ][gc,cpu         ] GC(55) User=0.97s Sys=0.16s Real=0.07s
[2026-08-02T15:53:52.120+0900][7.923s][info ][safepoint      ] Safepoint "G1CollectForAllocation", Time since last: 421224000 ns, Reaching safepoint: 108700 ns, At safepoint: 67046800 ns, Total: 67155500 ns
[2026-08-02T15:53:52.629+0900][8.432s][info ][gc,start       ] GC(56) Pause Young (Normal) (G1 Evacuation Pause)
[2026-08-02T15:53:52.629+0900][8.432s][debug][gc,heap        ] GC(56) Heap before GC invocations=56 (full 34):
[2026-08-02T15:53:52.629+0900][8.432s][debug][gc,heap        ] GC(56)  garbage-first heap   total 6815744K, used 2339719K [0x000001e7b4000000, 0x0000021eb4000000)
[2026-08-02T15:53:52.629+0900][8.432s][debug][gc,heap        ] GC(56)   region size 32768K, 12 young (393216K), 2 survivors (65536K)
[2026-08-02T15:53:52.629+0900][8.432s][debug][gc,heap        ] GC(56)  Metaspace       used 11117K, committed 11520K, reserved 1114112K
[2026-08-02T15:53:52.629+0900][8.432s][debug][gc,heap        ] GC(56)   class space    used 1003K, committed 1216K, reserved 1048576K
[2026-08-02T15:53:52.629+0900][8.432s][info ][gc,task        ] GC(56) Using 18 workers of 18 for evacuation
[2026-08-02T15:53:52.680+0900][8.483s][info ][gc,phases      ] GC(56)   Pre Evacuate Collection Set: 0.1ms
[2026-08-02T15:53:52.680+0900][8.483s][info ][gc,phases      ] GC(56)   Merge Heap Roots: 2.5ms
[2026-08-02T15:53:52.680+0900][8.483s][info ][gc,phases      ] GC(56)   Evacuate Collection Set: 46.7ms
[2026-08-02T15:53:52.680+0900][8.483s][info ][gc,phases      ] GC(56)   Post Evacuate Collection Set: 0.9ms
[2026-08-02T15:53:52.680+0900][8.483s][info ][gc,phases      ] GC(56)   Other: 0.1ms
[2026-08-02T15:53:52.680+0900][8.483s][info ][gc,heap        ] GC(56) Eden regions: 10->0(23)
[2026-08-02T15:53:52.680+0900][8.483s][info ][gc,heap        ] GC(56) Survivor regions: 2->2(2)
[2026-08-02T15:53:52.680+0900][8.483s][info ][gc,heap        ] GC(56) Old regions: 59->62
[2026-08-02T15:53:52.680+0900][8.483s][info ][gc,heap        ] GC(56) Archive regions: 0->0
[2026-08-02T15:53:52.680+0900][8.483s][info ][gc,heap        ] GC(56) Humongous regions: 2->2
[2026-08-02T15:53:52.680+0900][8.483s][info ][gc,metaspace   ] GC(56) Metaspace: 11117K(11520K)->11117K(11520K) NonClass: 10114K(10304K)->10114K(10304K) Class: 1003K(1216K)->1003K(1216K)
[2026-08-02T15:53:52.680+0900][8.483s][debug][gc,heap        ] GC(56) Heap after GC invocations=57 (full 34):
[2026-08-02T15:53:52.680+0900][8.483s][debug][gc,heap        ] GC(56)  garbage-first heap   total 6815744K, used 2086770K [0x000001e7b4000000, 0x0000021eb4000000)
[2026-08-02T15:53:52.680+0900][8.483s][debug][gc,heap        ] GC(56)   region size 32768K, 2 young (65536K), 2 survivors (65536K)
[2026-08-02T15:53:52.680+0900][8.483s][debug][gc,heap        ] GC(56)  Metaspace       used 11117K, committed 11520K, reserved 1114112K
[2026-08-02T15:53:52.680+0900][8.483s][debug][gc,heap        ] GC(56)   class space    used 1003K, committed 1216K, reserved 1048576K
[2026-08-02T15:53:52.680+0900][8.483s][info ][gc             ] GC(56) Pause Young (Normal) (G1 Evacuation Pause) 2284M->2037M(6656M) 50.675ms
[2026-08-02T15:53:52.680+0900][8.483s][info ][gc,cpu         ] GC(56) User=0.80s Sys=0.05s Real=0.05s
[2026-08-02T15:53:52.680+0900][8.483s][info ][safepoint      ] Safepoint "G1CollectForAllocation", Time since last: 508705700 ns, Reaching safepoint: 112500 ns, At safepoint: 50731900 ns, Total: 50844400 ns
[2026-08-02T15:53:53.692+0900][9.494s][info ][safepoint      ] Safepoint "Cleanup", Time since last: 1011017500 ns, Reaching safepoint: 138000 ns, At safepoint: 15500 ns, Total: 153500 ns
[2026-08-02T15:53:54.694+0900][10.497s][info ][safepoint      ] Safepoint "Cleanup", Time since last: 1002609400 ns, Reaching safepoint: 110000 ns, At safepoint: 15900 ns, Total: 125900 ns
[2026-08-02T15:53:55.420+0900][11.222s][info ][gc,start       ] GC(57) Pause Young (Normal) (G1 Evacuation Pause)
[2026-08-02T15:53:55.420+0900][11.222s][debug][gc,heap        ] GC(57) Heap before GC invocations=57 (full 34):
[2026-08-02T15:53:55.420+0900][11.222s][debug][gc,heap        ] GC(57)  garbage-first heap   total 6815744K, used 2840434K [0x000001e7b4000000, 0x0000021eb4000000)
[2026-08-02T15:53:55.420+0900][11.222s][debug][gc,heap        ] GC(57)   region size 32768K, 25 young (819200K), 2 survivors (65536K)
[2026-08-02T15:53:55.420+0900][11.222s][debug][gc,heap        ] GC(57)  Metaspace       used 11142K, committed 11520K, reserved 1114112K
[2026-08-02T15:53:55.420+0900][11.222s][debug][gc,heap        ] GC(57)   class space    used 1003K, committed 1216K, reserved 1048576K
[2026-08-02T15:53:55.420+0900][11.222s][info ][gc,task        ] GC(57) Using 18 workers of 18 for evacuation
[2026-08-02T15:53:55.467+0900][11.270s][info ][gc,phases      ] GC(57)   Pre Evacuate Collection Set: 0.1ms
[2026-08-02T15:53:55.467+0900][11.270s][info ][gc,phases      ] GC(57)   Merge Heap Roots: 2.2ms
[2026-08-02T15:53:55.467+0900][11.270s][info ][gc,phases      ] GC(57)   Evacuate Collection Set: 31.2ms
[2026-08-02T15:53:55.467+0900][11.270s][info ][gc,phases      ] GC(57)   Post Evacuate Collection Set: 14.3ms
[2026-08-02T15:53:55.467+0900][11.270s][info ][gc,phases      ] GC(57)   Other: 0.1ms
[2026-08-02T15:53:55.467+0900][11.270s][info ][gc,heap        ] GC(57) Eden regions: 23->0(84)
[2026-08-02T15:53:55.467+0900][11.270s][info ][gc,heap        ] GC(57) Survivor regions: 2->3(4)
[2026-08-02T15:53:55.467+0900][11.270s][info ][gc,heap        ] GC(57) Old regions: 62->62
[2026-08-02T15:53:55.467+0900][11.270s][info ][gc,heap        ] GC(57) Archive regions: 0->0
[2026-08-02T15:53:55.467+0900][11.270s][info ][gc,heap        ] GC(57) Humongous regions: 2->2
[2026-08-02T15:53:55.467+0900][11.270s][info ][gc,metaspace   ] GC(57) Metaspace: 11142K(11520K)->11142K(11520K) NonClass: 10139K(10304K)->10139K(10304K) Class: 1003K(1216K)->1003K(1216K)
[2026-08-02T15:53:55.467+0900][11.270s][debug][gc,heap        ] GC(57) Heap after GC invocations=58 (full 34):
[2026-08-02T15:53:55.467+0900][11.270s][debug][gc,heap        ] GC(57)  garbage-first heap   total 14254080K, used 2127496K [0x000001e7b4000000, 0x0000021eb4000000)
[2026-08-02T15:53:55.467+0900][11.270s][debug][gc,heap        ] GC(57)   region size 32768K, 3 young (98304K), 3 survivors (98304K)
[2026-08-02T15:53:55.467+0900][11.270s][debug][gc,heap        ] GC(57)  Metaspace       used 11142K, committed 11520K, reserved 1114112K
[2026-08-02T15:53:55.467+0900][11.270s][debug][gc,heap        ] GC(57)   class space    used 1003K, committed 1216K, reserved 1048576K
[2026-08-02T15:53:55.467+0900][11.270s][info ][gc             ] GC(57) Pause Young (Normal) (G1 Evacuation Pause) 2773M->2077M(13920M) 48.258ms
[2026-08-02T15:53:55.467+0900][11.270s][info ][gc,cpu         ] GC(57) User=0.53s Sys=0.05s Real=0.05s
[2026-08-02T15:53:55.467+0900][11.270s][info ][safepoint      ] Safepoint "G1CollectForAllocation", Time since last: 725231800 ns, Reaching safepoint: 94200 ns, At safepoint: 48320200 ns, Total: 48414400 ns
[2026-08-02T15:54:17.675+0900][33.477s][info ][safepoint      ] Safepoint "Cleanup", Time since last: 22206677500 ns, Reaching safepoint: 168700 ns, At safepoint: 8300 ns, Total: 177000 ns
[2026-08-02T15:54:19.702+0900][35.505s][info ][safepoint      ] Safepoint "Cleanup", Time since last: 2027486600 ns, Reaching safepoint: 93000 ns, At safepoint: 20600 ns, Total: 113600 ns
[2026-08-02T15:54:44.500+0900][60.302s][info ][safepoint      ] Safepoint "PrintThreads", Time since last: 24796972100 ns, Reaching safepoint: 87500 ns, At safepoint: 477900 ns, Total: 565400 ns
[2026-08-02T15:54:44.500+0900][60.302s][info ][safepoint      ] Safepoint "FindDeadlocks", Time since last: 77700 ns, Reaching safepoint: 59600 ns, At safepoint: 18100 ns, Total: 77700 ns
[2026-08-02T15:55:44.499+0900][120.302s][info ][safepoint      ] Safepoint "PrintThreads", Time since last: 59999026700 ns, Reaching safepoint: 141800 ns, At safepoint: 471600 ns, Total: 613400 ns
[2026-08-02T15:55:44.499+0900][120.302s][info ][safepoint      ] Safepoint "FindDeadlocks", Time since last: 68500 ns, Reaching safepoint: 56400 ns, At safepoint: 10800 ns, Total: 67200 ns
[2026-08-02T15:56:34.022+0900][169.825s][info ][safepoint      ] Safepoint "Cleanup", Time since last: 49522506900 ns, Reaching safepoint: 133200 ns, At safepoint: 10400 ns, Total: 143600 ns
[2026-08-02T15:56:44.514+0900][180.317s][info ][safepoint      ] Safepoint "PrintThreads", Time since last: 10491713700 ns, Reaching safepoint: 108200 ns, At safepoint: 470300 ns, Total: 578500 ns
[2026-08-02T15:56:44.514+0900][180.317s][info ][safepoint      ] Safepoint "FindDeadlocks", Time since last: 71800 ns, Reaching safepoint: 66500 ns, At safepoint: 16600 ns, Total: 83100 ns
[2026-08-02T15:56:54.613+0900][190.415s][info ][safepoint      ] Safepoint "Cleanup", Time since last: 10097728800 ns, Reaching safepoint: 146600 ns, At safepoint: 9600 ns, Total: 156200 ns
[2026-08-02T15:56:59.593+0900][195.396s][info ][gc,start       ] GC(58) Pause Young (Normal) (G1 Evacuation Pause)
[2026-08-02T15:56:59.593+0900][195.396s][debug][gc,heap        ] GC(58) Heap before GC invocations=58 (full 34):
[2026-08-02T15:56:59.593+0900][195.396s][debug][gc,heap        ] GC(58)  garbage-first heap   total 14254080K, used 4880008K [0x000001e7b4000000, 0x0000021eb4000000)
[2026-08-02T15:56:59.593+0900][195.396s][debug][gc,heap        ] GC(58)   region size 32768K, 87 young (2850816K), 3 survivors (98304K)
[2026-08-02T15:56:59.593+0900][195.396s][debug][gc,heap        ] GC(58)  Metaspace       used 11169K, committed 11520K, reserved 1114112K
[2026-08-02T15:56:59.593+0900][195.396s][debug][gc,heap        ] GC(58)   class space    used 1003K, committed 1216K, reserved 1048576K
[2026-08-02T15:56:59.593+0900][195.396s][info ][gc,task        ] GC(58) Using 18 workers of 18 for evacuation
[2026-08-02T15:56:59.729+0900][195.532s][info ][gc,phases      ] GC(58)   Pre Evacuate Collection Set: 0.1ms
[2026-08-02T15:56:59.729+0900][195.532s][info ][gc,phases      ] GC(58)   Merge Heap Roots: 2.0ms
[2026-08-02T15:56:59.729+0900][195.532s][info ][gc,phases      ] GC(58)   Evacuate Collection Set: 132.4ms
[2026-08-02T15:56:59.729+0900][195.532s][info ][gc,phases      ] GC(58)   Post Evacuate Collection Set: 1.0ms
[2026-08-02T15:56:59.729+0900][195.532s][info ][gc,phases      ] GC(58)   Other: 0.1ms
[2026-08-02T15:56:59.729+0900][195.532s][info ][gc,heap        ] GC(58) Eden regions: 84->0(26)
[2026-08-02T15:56:59.729+0900][195.532s][info ][gc,heap        ] GC(58) Survivor regions: 3->11(11)
[2026-08-02T15:56:59.729+0900][195.532s][info ][gc,heap        ] GC(58) Old regions: 62->73
[2026-08-02T15:56:59.729+0900][195.532s][info ][gc,heap        ] GC(58) Archive regions: 0->0
[2026-08-02T15:56:59.729+0900][195.532s][info ][gc,heap        ] GC(58) Humongous regions: 2->2
[2026-08-02T15:56:59.729+0900][195.532s][info ][gc,metaspace   ] GC(58) Metaspace: 11169K(11520K)->11169K(11520K) NonClass: 10166K(10304K)->10166K(10304K) Class: 1003K(1216K)->1003K(1216K)
[2026-08-02T15:56:59.729+0900][195.532s][debug][gc,heap        ] GC(58) Heap after GC invocations=59 (full 34):
[2026-08-02T15:56:59.729+0900][195.532s][debug][gc,heap        ] GC(58)  garbage-first heap   total 14254080K, used 2780414K [0x000001e7b4000000, 0x0000021eb4000000)
[2026-08-02T15:56:59.729+0900][195.532s][debug][gc,heap        ] GC(58)   region size 32768K, 11 young (360448K), 11 survivors (360448K)
[2026-08-02T15:56:59.729+0900][195.532s][debug][gc,heap        ] GC(58)  Metaspace       used 11169K, committed 11520K, reserved 1114112K
[2026-08-02T15:56:59.729+0900][195.532s][debug][gc,heap        ] GC(58)   class space    used 1003K, committed 1216K, reserved 1048576K
[2026-08-02T15:56:59.729+0900][195.532s][info ][gc             ] GC(58) Pause Young (Normal) (G1 Evacuation Pause) 4765M->2715M(13920M) 136.001ms
[2026-08-02T15:56:59.729+0900][195.532s][info ][gc,cpu         ] GC(58) User=1.80s Sys=0.45s Real=0.14s
[2026-08-02T15:56:59.729+0900][195.532s][info ][safepoint      ] Safepoint "G1CollectForAllocation", Time since last: 4980603000 ns, Reaching safepoint: 109100 ns, At safepoint: 136067100 ns, Total: 136176200 ns
[2026-08-02T15:57:02.749+0900][198.552s][info ][safepoint      ] Safepoint "Cleanup", Time since last: 3019436200 ns, Reaching safepoint: 114100 ns, At safepoint: 12500 ns, Total: 126600 ns
[2026-08-02T15:57:18.139+0900][213.941s][info ][gc,start       ] GC(59) Pause Young (Normal) (G1 Evacuation Pause)
[2026-08-02T15:57:18.139+0900][213.941s][debug][gc,heap        ] GC(59) Heap before GC invocations=59 (full 34):
[2026-08-02T15:57:18.139+0900][213.942s][debug][gc,heap        ] GC(59)  garbage-first heap   total 14254080K, used 3173630K [0x000001e7b4000000, 0x0000021eb4000000)
[2026-08-02T15:57:18.139+0900][213.942s][debug][gc,heap        ] GC(59)   region size 32768K, 23 young (753664K), 11 survivors (360448K)
[2026-08-02T15:57:18.139+0900][213.942s][debug][gc,heap        ] GC(59)  Metaspace       used 11173K, committed 11584K, reserved 1114112K
[2026-08-02T15:57:18.139+0900][213.942s][debug][gc,heap        ] GC(59)   class space    used 1003K, committed 1216K, reserved 1048576K
[2026-08-02T15:57:18.139+0900][213.942s][info ][gc,task        ] GC(59) Using 18 workers of 18 for evacuation
[2026-08-02T15:57:18.214+0900][214.017s][info ][gc,phases      ] GC(59)   Pre Evacuate Collection Set: 0.1ms
[2026-08-02T15:57:18.214+0900][214.017s][info ][gc,phases      ] GC(59)   Merge Heap Roots: 2.3ms
[2026-08-02T15:57:18.214+0900][214.017s][info ][gc,phases      ] GC(59)   Evacuate Collection Set: 71.7ms
[2026-08-02T15:57:18.214+0900][214.017s][info ][gc,phases      ] GC(59)   Post Evacuate Collection Set: 1.0ms
[2026-08-02T15:57:18.214+0900][214.017s][info ][gc,phases      ] GC(59)   Other: 0.1ms
[2026-08-02T15:57:18.214+0900][214.017s][info ][gc,heap        ] GC(59) Eden regions: 12->0(27)
[2026-08-02T15:57:18.214+0900][214.017s][info ][gc,heap        ] GC(59) Survivor regions: 11->3(3)
[2026-08-02T15:57:18.214+0900][214.017s][info ][gc,heap        ] GC(59) Old regions: 73->85
[2026-08-02T15:57:18.214+0900][214.017s][info ][gc,heap        ] GC(59) Archive regions: 0->0
[2026-08-02T15:57:18.214+0900][214.017s][info ][gc,heap        ] GC(59) Humongous regions: 2->2
[2026-08-02T15:57:18.214+0900][214.017s][info ][gc,metaspace   ] GC(59) Metaspace: 11173K(11584K)->11173K(11584K) NonClass: 10170K(10368K)->10170K(10368K) Class: 1003K(1216K)->1003K(1216K)
[2026-08-02T15:57:18.214+0900][214.017s][debug][gc,heap        ] GC(59) Heap after GC invocations=60 (full 34):
[2026-08-02T15:57:18.214+0900][214.017s][debug][gc,heap        ] GC(59)  garbage-first heap   total 14254080K, used 2909469K [0x000001e7b4000000, 0x0000021eb4000000)
[2026-08-02T15:57:18.214+0900][214.017s][debug][gc,heap        ] GC(59)   region size 32768K, 3 young (98304K), 3 survivors (98304K)
[2026-08-02T15:57:18.214+0900][214.017s][debug][gc,heap        ] GC(59)  Metaspace       used 11173K, committed 11584K, reserved 1114112K
[2026-08-02T15:57:18.214+0900][214.017s][debug][gc,heap        ] GC(59)   class space    used 1003K, committed 1216K, reserved 1048576K
[2026-08-02T15:57:18.214+0900][214.017s][info ][gc             ] GC(59) Pause Young (Normal) (G1 Evacuation Pause) 3099M->2841M(13920M) 75.610ms
[2026-08-02T15:57:18.214+0900][214.017s][info ][gc,cpu         ] GC(59) User=0.97s Sys=0.16s Real=0.08s
[2026-08-02T15:57:18.214+0900][214.017s][info ][safepoint      ] Safepoint "G1CollectForAllocation", Time since last: 15389721900 ns, Reaching safepoint: 91600 ns, At safepoint: 75673700 ns, Total: 75765300 ns
[2026-08-02T15:57:24.284+0900][220.087s][info ][safepoint      ] Safepoint "Cleanup", Time since last: 6069560300 ns, Reaching safepoint: 184800 ns, At safepoint: 10300 ns, Total: 195100 ns
[2026-08-02T15:57:24.701+0900][220.503s][info ][gc,start       ] GC(60) Pause Full (System.gc())
[2026-08-02T15:57:24.701+0900][220.503s][debug][gc,heap        ] GC(60) Heap before GC invocations=60 (full 34):
[2026-08-02T15:57:24.701+0900][220.503s][debug][gc,heap        ] GC(60)  garbage-first heap   total 14254080K, used 3302685K [0x000001e7b4000000, 0x0000021eb4000000)
[2026-08-02T15:57:24.701+0900][220.503s][debug][gc,heap        ] GC(60)   region size 32768K, 16 young (524288K), 3 survivors (98304K)
[2026-08-02T15:57:24.701+0900][220.503s][debug][gc,heap        ] GC(60)  Metaspace       used 11252K, committed 11648K, reserved 1114112K
[2026-08-02T15:57:24.701+0900][220.503s][debug][gc,heap        ] GC(60)   class space    used 1015K, committed 1216K, reserved 1048576K
[2026-08-02T15:57:24.701+0900][220.503s][info ][gc,task        ] GC(60) Using 18 workers of 18 for full compaction
[2026-08-02T15:57:24.701+0900][220.504s][info ][gc,phases,start] GC(60) Phase 1: Mark live objects
[2026-08-02T15:57:24.941+0900][220.743s][info ][gc,phases      ] GC(60) Phase 1: Mark live objects 239.744ms
[2026-08-02T15:57:24.941+0900][220.743s][info ][gc,phases,start] GC(60) Phase 2: Prepare for compaction
[2026-08-02T15:57:24.982+0900][220.785s][info ][gc,phases      ] GC(60) Phase 2: Prepare for compaction 41.178ms
[2026-08-02T15:57:24.982+0900][220.785s][info ][gc,phases,start] GC(60) Phase 3: Adjust pointers
[2026-08-02T15:57:25.087+0900][220.890s][info ][gc,phases      ] GC(60) Phase 3: Adjust pointers 105.145ms
[2026-08-02T15:57:25.087+0900][220.890s][info ][gc,phases,start] GC(60) Phase 4: Compact heap
[2026-08-02T15:57:25.145+0900][220.947s][info ][gc,phases      ] GC(60) Phase 4: Compact heap 57.505ms
[2026-08-02T15:57:25.181+0900][220.984s][debug][gc,heap        ] GC(60) Uncommittable regions after shrink: 145
[2026-08-02T15:57:25.183+0900][220.986s][info ][gc,heap        ] GC(60) Eden regions: 13->0(33)
[2026-08-02T15:57:25.183+0900][220.986s][info ][gc,heap        ] GC(60) Survivor regions: 3->0(3)
[2026-08-02T15:57:25.183+0900][220.986s][info ][gc,heap        ] GC(60) Old regions: 85->85
[2026-08-02T15:57:25.183+0900][220.986s][info ][gc,heap        ] GC(60) Archive regions: 0->0
[2026-08-02T15:57:25.183+0900][220.986s][info ][gc,heap        ] GC(60) Humongous regions: 2->2
[2026-08-02T15:57:25.183+0900][220.986s][info ][gc,metaspace   ] GC(60) Metaspace: 11252K(11648K)->11252K(11648K) NonClass: 10236K(10432K)->10236K(10432K) Class: 1015K(1216K)->1015K(1216K)
[2026-08-02T15:57:25.183+0900][220.986s][debug][gc,heap        ] GC(60) Heap after GC invocations=61 (full 35):
[2026-08-02T15:57:25.183+0900][220.986s][debug][gc,heap        ] GC(60)  garbage-first heap   total 9502720K, used 2555137K [0x000001e7b4000000, 0x0000021eb4000000)
[2026-08-02T15:57:25.183+0900][220.986s][debug][gc,heap        ] GC(60)   region size 32768K, 0 young (0K), 0 survivors (0K)
[2026-08-02T15:57:25.183+0900][220.986s][debug][gc,heap        ] GC(60)  Metaspace       used 11252K, committed 11648K, reserved 1114112K
[2026-08-02T15:57:25.183+0900][220.986s][debug][gc,heap        ] GC(60)   class space    used 1015K, committed 1216K, reserved 1048576K
[2026-08-02T15:57:25.183+0900][220.986s][info ][gc             ] GC(60) Pause Full (System.gc()) 3257M->2495M(9280M) 482.930ms
[2026-08-02T15:57:25.183+0900][220.986s][info ][gc,cpu         ] GC(60) User=7.16s Sys=0.47s Real=0.48s
[2026-08-02T15:57:25.183+0900][220.986s][info ][safepoint      ] Safepoint "G1CollectFull", Time since last: 415990100 ns, Reaching safepoint: 95600 ns, At safepoint: 482989300 ns, Total: 483084900 ns
[2026-08-02T15:57:26.191+0900][221.994s][info ][safepoint      ] Safepoint "Cleanup", Time since last: 1001553400 ns, Reaching safepoint: 6879800 ns, At safepoint: 13200 ns, Total: 6893000 ns
[2026-08-02T15:57:26.218+0900][222.020s][debug][gc,heap        ] Concurrent Uncommit Summary: 4640M, 145 regions, 185.918ms
[2026-08-02T15:57:26.525+0900][222.328s][info ][gc,start       ] GC(61) Pause Young (Normal) (G1 Evacuation Pause)
[2026-08-02T15:57:26.525+0900][222.328s][debug][gc,heap        ] GC(61) Heap before GC invocations=61 (full 35):
[2026-08-02T15:57:26.525+0900][222.328s][debug][gc,heap        ] GC(61)  garbage-first heap   total 9502720K, used 3636481K [0x000001e7b4000000, 0x0000021eb4000000)
[2026-08-02T15:57:26.525+0900][222.328s][debug][gc,heap        ] GC(61)   region size 32768K, 33 young (1081344K), 0 survivors (0K)
[2026-08-02T15:57:26.525+0900][222.328s][debug][gc,heap        ] GC(61)  Metaspace       used 11254K, committed 11648K, reserved 1114112K
[2026-08-02T15:57:26.525+0900][222.328s][debug][gc,heap        ] GC(61)   class space    used 1015K, committed 1216K, reserved 1048576K
[2026-08-02T15:57:26.525+0900][222.328s][info ][gc,task        ] GC(61) Using 18 workers of 18 for evacuation
[2026-08-02T15:57:26.621+0900][222.423s][info ][gc,phases      ] GC(61)   Pre Evacuate Collection Set: 0.1ms
[2026-08-02T15:57:26.621+0900][222.423s][info ][gc,phases      ] GC(61)   Merge Heap Roots: 0.8ms
[2026-08-02T15:57:26.621+0900][222.423s][info ][gc,phases      ] GC(61)   Evacuate Collection Set: 93.0ms
[2026-08-02T15:57:26.621+0900][222.424s][info ][gc,phases      ] GC(61)   Post Evacuate Collection Set: 1.0ms
[2026-08-02T15:57:26.621+0900][222.424s][info ][gc,phases      ] GC(61)   Other: 0.1ms
[2026-08-02T15:57:26.621+0900][222.424s][info ][gc,heap        ] GC(61) Eden regions: 33->0(38)
[2026-08-02T15:57:26.621+0900][222.424s][info ][gc,heap        ] GC(61) Survivor regions: 0->5(5)
[2026-08-02T15:57:26.621+0900][222.424s][info ][gc,heap        ] GC(61) Old regions: 85->98
[2026-08-02T15:57:26.621+0900][222.424s][info ][gc,heap        ] GC(61) Archive regions: 0->0
[2026-08-02T15:57:26.621+0900][222.424s][info ][gc,heap        ] GC(61) Humongous regions: 2->2
[2026-08-02T15:57:26.621+0900][222.424s][info ][gc,metaspace   ] GC(61) Metaspace: 11254K(11648K)->11254K(11648K) NonClass: 10238K(10432K)->10238K(10432K) Class: 1015K(1216K)->1015K(1216K)
[2026-08-02T15:57:26.621+0900][222.424s][debug][gc,heap        ] GC(61) Heap after GC invocations=62 (full 35):
[2026-08-02T15:57:26.621+0900][222.424s][debug][gc,heap        ] GC(61)  garbage-first heap   total 9502720K, used 3115923K [0x000001e7b4000000, 0x0000021eb4000000)
[2026-08-02T15:57:26.621+0900][222.424s][debug][gc,heap        ] GC(61)   region size 32768K, 5 young (163840K), 5 survivors (163840K)
[2026-08-02T15:57:26.621+0900][222.424s][debug][gc,heap        ] GC(61)  Metaspace       used 11254K, committed 11648K, reserved 1114112K
[2026-08-02T15:57:26.621+0900][222.424s][debug][gc,heap        ] GC(61)   class space    used 1015K, committed 1216K, reserved 1048576K
[2026-08-02T15:57:26.621+0900][222.424s][info ][gc             ] GC(61) Pause Young (Normal) (G1 Evacuation Pause) 3551M->3042M(9280M) 95.362ms
[2026-08-02T15:57:26.621+0900][222.424s][info ][gc,cpu         ] GC(61) User=1.56s Sys=0.12s Real=0.10s
[2026-08-02T15:57:26.621+0900][222.424s][info ][safepoint      ] Safepoint "G1CollectForAllocation", Time since last: 333808100 ns, Reaching safepoint: 124300 ns, At safepoint: 95433800 ns, Total: 95558100 ns
[2026-08-02T15:57:27.585+0900][223.387s][info ][gc,start       ] GC(62) Pause Young (Normal) (G1 Evacuation Pause)
[2026-08-02T15:57:27.585+0900][223.387s][debug][gc,heap        ] GC(62) Heap before GC invocations=62 (full 35):
[2026-08-02T15:57:27.585+0900][223.387s][debug][gc,heap        ] GC(62)  garbage-first heap   total 9502720K, used 3935123K [0x000001e7b4000000, 0x0000021eb4000000)
[2026-08-02T15:57:27.585+0900][223.387s][debug][gc,heap        ] GC(62)   region size 32768K, 28 young (917504K), 5 survivors (163840K)
[2026-08-02T15:57:27.585+0900][223.387s][debug][gc,heap        ] GC(62)  Metaspace       used 11301K, committed 11712K, reserved 1114112K
[2026-08-02T15:57:27.585+0900][223.387s][debug][gc,heap        ] GC(62)   class space    used 1021K, committed 1216K, reserved 1048576K
[2026-08-02T15:57:27.585+0900][223.387s][info ][gc,task        ] GC(62) Using 18 workers of 18 for evacuation
[2026-08-02T15:57:27.698+0900][223.500s][info ][gc,phases      ] GC(62)   Pre Evacuate Collection Set: 0.1ms
[2026-08-02T15:57:27.698+0900][223.500s][info ][gc,phases      ] GC(62)   Merge Heap Roots: 3.6ms
[2026-08-02T15:57:27.698+0900][223.500s][info ][gc,phases      ] GC(62)   Evacuate Collection Set: 107.8ms
[2026-08-02T15:57:27.698+0900][223.500s][info ][gc,phases      ] GC(62)   Post Evacuate Collection Set: 1.0ms
[2026-08-02T15:57:27.698+0900][223.500s][info ][gc,phases      ] GC(62)   Other: 0.1ms
[2026-08-02T15:57:27.698+0900][223.500s][info ][gc,heap        ] GC(62) Eden regions: 23->0(31)
[2026-08-02T15:57:27.698+0900][223.500s][info ][gc,heap        ] GC(62) Survivor regions: 5->4(4)
[2026-08-02T15:57:27.698+0900][223.500s][info ][gc,heap        ] GC(62) Old regions: 98->112
[2026-08-02T15:57:27.698+0900][223.500s][info ][gc,heap        ] GC(62) Archive regions: 0->0
[2026-08-02T15:57:27.698+0900][223.500s][info ][gc,heap        ] GC(62) Humongous regions: 4->4
[2026-08-02T15:57:27.698+0900][223.500s][info ][gc,metaspace   ] GC(62) Metaspace: 11301K(11712K)->11301K(11712K) NonClass: 10279K(10496K)->10279K(10496K) Class: 1021K(1216K)->1021K(1216K)
[2026-08-02T15:57:27.698+0900][223.500s][debug][gc,heap        ] GC(62) Heap after GC invocations=63 (full 35):
[2026-08-02T15:57:27.698+0900][223.500s][debug][gc,heap        ] GC(62)  garbage-first heap   total 9502720K, used 3615600K [0x000001e7b4000000, 0x0000021eb4000000)
[2026-08-02T15:57:27.698+0900][223.500s][debug][gc,heap        ] GC(62)   region size 32768K, 4 young (131072K), 4 survivors (131072K)
[2026-08-02T15:57:27.698+0900][223.500s][debug][gc,heap        ] GC(62)  Metaspace       used 11301K, committed 11712K, reserved 1114112K
[2026-08-02T15:57:27.698+0900][223.500s][debug][gc,heap        ] GC(62)   class space    used 1021K, committed 1216K, reserved 1048576K
[2026-08-02T15:57:27.698+0900][223.500s][info ][gc             ] GC(62) Pause Young (Normal) (G1 Evacuation Pause) 3842M->3530M(9280M) 112.967ms
[2026-08-02T15:57:27.698+0900][223.500s][info ][gc,cpu         ] GC(62) User=1.86s Sys=0.11s Real=0.11s
[2026-08-02T15:57:27.698+0900][223.500s][info ][safepoint      ] Safepoint "G1CollectForAllocation", Time since last: 963339800 ns, Reaching safepoint: 105400 ns, At safepoint: 113032500 ns, Total: 113137900 ns
[2026-08-02T15:57:28.709+0900][224.512s][info ][safepoint      ] Safepoint "Cleanup", Time since last: 1011591900 ns, Reaching safepoint: 120200 ns, At safepoint: 13300 ns, Total: 133500 ns
[2026-08-02T15:57:29.197+0900][225.000s][info ][gc,start       ] GC(63) Pause Young (Normal) (G1 Evacuation Pause)
[2026-08-02T15:57:29.197+0900][225.000s][debug][gc,heap        ] GC(63) Heap before GC invocations=63 (full 35):
[2026-08-02T15:57:29.197+0900][225.000s][debug][gc,heap        ] GC(63)  garbage-first heap   total 9502720K, used 4631408K [0x000001e7b4000000, 0x0000021eb4000000)
[2026-08-02T15:57:29.197+0900][225.000s][debug][gc,heap        ] GC(63)   region size 32768K, 35 young (1146880K), 4 survivors (131072K)
[2026-08-02T15:57:29.197+0900][225.000s][debug][gc,heap        ] GC(63)  Metaspace       used 11323K, committed 11712K, reserved 1114112K
[2026-08-02T15:57:29.197+0900][225.000s][debug][gc,heap        ] GC(63)   class space    used 1022K, committed 1216K, reserved 1048576K
[2026-08-02T15:57:29.197+0900][225.000s][info ][gc,task        ] GC(63) Using 18 workers of 18 for evacuation
[2026-08-02T15:57:29.263+0900][225.065s][info ][gc,phases      ] GC(63)   Pre Evacuate Collection Set: 0.1ms
[2026-08-02T15:57:29.263+0900][225.065s][info ][gc,phases      ] GC(63)   Merge Heap Roots: 3.0ms
[2026-08-02T15:57:29.263+0900][225.065s][info ][gc,phases      ] GC(63)   Evacuate Collection Set: 49.0ms
[2026-08-02T15:57:29.263+0900][225.065s][info ][gc,phases      ] GC(63)   Post Evacuate Collection Set: 12.7ms
[2026-08-02T15:57:29.263+0900][225.065s][info ][gc,phases      ] GC(63)   Other: 0.1ms
[2026-08-02T15:57:29.263+0900][225.065s][info ][gc,heap        ] GC(63) Eden regions: 31->0(42)
[2026-08-02T15:57:29.263+0900][225.065s][info ][gc,heap        ] GC(63) Survivor regions: 4->4(5)
[2026-08-02T15:57:29.263+0900][225.065s][info ][gc,heap        ] GC(63) Old regions: 112->116
[2026-08-02T15:57:29.263+0900][225.065s][info ][gc,heap        ] GC(63) Archive regions: 0->0
[2026-08-02T15:57:29.263+0900][225.065s][info ][gc,heap        ] GC(63) Humongous regions: 4->4
[2026-08-02T15:57:29.263+0900][225.065s][info ][gc,metaspace   ] GC(63) Metaspace: 11323K(11712K)->11323K(11712K) NonClass: 10300K(10496K)->10300K(10496K) Class: 1022K(1216K)->1022K(1216K)
[2026-08-02T15:57:29.263+0900][225.065s][debug][gc,heap        ] GC(63) Heap after GC invocations=64 (full 35):
[2026-08-02T15:57:29.263+0900][225.065s][debug][gc,heap        ] GC(63)  garbage-first heap   total 16220160K, used 3754152K [0x000001e7b4000000, 0x0000021eb4000000)
[2026-08-02T15:57:29.263+0900][225.065s][debug][gc,heap        ] GC(63)   region size 32768K, 4 young (131072K), 4 survivors (131072K)
[2026-08-02T15:57:29.263+0900][225.065s][debug][gc,heap        ] GC(63)  Metaspace       used 11323K, committed 11712K, reserved 1114112K
[2026-08-02T15:57:29.263+0900][225.066s][debug][gc,heap        ] GC(63)   class space    used 1022K, committed 1216K, reserved 1048576K
[2026-08-02T15:57:29.263+0900][225.066s][info ][gc             ] GC(63) Pause Young (Normal) (G1 Evacuation Pause) 4522M->3666M(15840M) 65.267ms
[2026-08-02T15:57:29.263+0900][225.066s][info ][gc,cpu         ] GC(63) User=0.83s Sys=0.06s Real=0.07s
[2026-08-02T15:57:29.263+0900][225.066s][info ][safepoint      ] Safepoint "G1CollectForAllocation", Time since last: 488220000 ns, Reaching safepoint: 102700 ns, At safepoint: 65398200 ns, Total: 65500900 ns
[2026-08-02T15:57:30.268+0900][226.070s][info ][safepoint      ] Safepoint "Cleanup", Time since last: 1004483500 ns, Reaching safepoint: 108000 ns, At safepoint: 16500 ns, Total: 124500 ns
[2026-08-02T15:57:30.919+0900][226.722s][info ][gc,start       ] GC(64) Pause Young (Normal) (G1 Evacuation Pause)
[2026-08-02T15:57:30.919+0900][226.722s][debug][gc,heap        ] GC(64) Heap before GC invocations=64 (full 35):
[2026-08-02T15:57:30.919+0900][226.722s][debug][gc,heap        ] GC(64)  garbage-first heap   total 16220160K, used 5130408K [0x000001e7b4000000, 0x0000021eb4000000)
[2026-08-02T15:57:30.919+0900][226.722s][debug][gc,heap        ] GC(64)   region size 32768K, 46 young (1507328K), 4 survivors (131072K)
[2026-08-02T15:57:30.919+0900][226.722s][debug][gc,heap        ] GC(64)  Metaspace       used 11395K, committed 11840K, reserved 1114112K
[2026-08-02T15:57:30.919+0900][226.722s][debug][gc,heap        ] GC(64)   class space    used 1031K, committed 1280K, reserved 1048576K
[2026-08-02T15:57:30.919+0900][226.722s][info ][gc,task        ] GC(64) Using 18 workers of 18 for evacuation
[2026-08-02T15:57:30.965+0900][226.768s][info ][gc,phases      ] GC(64)   Pre Evacuate Collection Set: 0.1ms
[2026-08-02T15:57:30.966+0900][226.768s][info ][gc,phases      ] GC(64)   Merge Heap Roots: 0.3ms
[2026-08-02T15:57:30.966+0900][226.768s][info ][gc,phases      ] GC(64)   Evacuate Collection Set: 44.7ms
[2026-08-02T15:57:30.966+0900][226.768s][info ][gc,phases      ] GC(64)   Post Evacuate Collection Set: 0.4ms
[2026-08-02T15:57:30.966+0900][226.768s][info ][gc,phases      ] GC(64)   Other: 0.1ms
[2026-08-02T15:57:30.966+0900][226.768s][info ][gc,heap        ] GC(64) Eden regions: 42->0(54)
[2026-08-02T15:57:30.966+0900][226.768s][info ][gc,heap        ] GC(64) Survivor regions: 4->6(6)
[2026-08-02T15:57:30.966+0900][226.768s][info ][gc,heap        ] GC(64) Old regions: 116->119
[2026-08-02T15:57:30.966+0900][226.768s][info ][gc,heap        ] GC(64) Archive regions: 0->0
[2026-08-02T15:57:30.966+0900][226.768s][info ][gc,heap        ] GC(64) Humongous regions: 4->4
[2026-08-02T15:57:30.966+0900][226.768s][info ][gc,metaspace   ] GC(64) Metaspace: 11395K(11840K)->11395K(11840K) NonClass: 10363K(10560K)->10363K(10560K) Class: 1031K(1280K)->1031K(1280K)
[2026-08-02T15:57:30.966+0900][226.768s][debug][gc,heap        ] GC(64) Heap after GC invocations=65 (full 35):
[2026-08-02T15:57:30.966+0900][226.768s][debug][gc,heap        ] GC(64)  garbage-first heap   total 16220160K, used 3910920K [0x000001e7b4000000, 0x0000021eb4000000)
[2026-08-02T15:57:30.966+0900][226.768s][debug][gc,heap        ] GC(64)   region size 32768K, 6 young (196608K), 6 survivors (196608K)
[2026-08-02T15:57:30.966+0900][226.768s][debug][gc,heap        ] GC(64)  Metaspace       used 11395K, committed 11840K, reserved 1114112K
[2026-08-02T15:57:30.966+0900][226.768s][debug][gc,heap        ] GC(64)   class space    used 1031K, committed 1280K, reserved 1048576K
[2026-08-02T15:57:30.966+0900][226.768s][info ][gc             ] GC(64) Pause Young (Normal) (G1 Evacuation Pause) 5010M->3819M(15840M) 46.033ms
[2026-08-02T15:57:30.966+0900][226.768s][info ][gc,cpu         ] GC(64) User=0.53s Sys=0.11s Real=0.05s
[2026-08-02T15:57:30.966+0900][226.768s][info ][safepoint      ] Safepoint "G1CollectForAllocation", Time since last: 651534100 ns, Reaching safepoint: 79000 ns, At safepoint: 46151600 ns, Total: 46230600 ns
[2026-08-02T15:57:31.658+0900][227.460s][info ][gc,start       ] GC(65) Pause Young (Normal) (G1 Evacuation Pause)
[2026-08-02T15:57:31.658+0900][227.460s][debug][gc,heap        ] GC(65) Heap before GC invocations=65 (full 35):
[2026-08-02T15:57:31.658+0900][227.460s][debug][gc,heap        ] GC(65)  garbage-first heap   total 16220160K, used 5680392K [0x000001e7b4000000, 0x0000021eb4000000)
[2026-08-02T15:57:31.658+0900][227.460s][debug][gc,heap        ] GC(65)   region size 32768K, 60 young (1966080K), 6 survivors (196608K)
[2026-08-02T15:57:31.658+0900][227.460s][debug][gc,heap        ] GC(65)  Metaspace       used 11397K, committed 11840K, reserved 1114112K
[2026-08-02T15:57:31.658+0900][227.460s][debug][gc,heap        ] GC(65)   class space    used 1031K, committed 1280K, reserved 1048576K
[2026-08-02T15:57:31.658+0900][227.460s][info ][gc,task        ] GC(65) Using 18 workers of 18 for evacuation
[2026-08-02T15:57:31.684+0900][227.487s][info ][gc,phases      ] GC(65)   Pre Evacuate Collection Set: 0.1ms
[2026-08-02T15:57:31.684+0900][227.487s][info ][gc,phases      ] GC(65)   Merge Heap Roots: 0.1ms
[2026-08-02T15:57:31.684+0900][227.487s][info ][gc,phases      ] GC(65)   Evacuate Collection Set: 25.9ms
[2026-08-02T15:57:31.684+0900][227.487s][info ][gc,phases      ] GC(65)   Post Evacuate Collection Set: 0.4ms
[2026-08-02T15:57:31.685+0900][227.487s][info ][gc,phases      ] GC(65)   Other: 0.1ms
[2026-08-02T15:57:31.685+0900][227.487s][info ][gc,heap        ] GC(65) Eden regions: 54->0(93)
[2026-08-02T15:57:31.685+0900][227.487s][info ][gc,heap        ] GC(65) Survivor regions: 6->1(8)
[2026-08-02T15:57:31.685+0900][227.487s][info ][gc,heap        ] GC(65) Old regions: 119->125
[2026-08-02T15:57:31.685+0900][227.487s][info ][gc,heap        ] GC(65) Archive regions: 0->0
[2026-08-02T15:57:31.685+0900][227.487s][info ][gc,heap        ] GC(65) Humongous regions: 4->4
[2026-08-02T15:57:31.685+0900][227.487s][info ][gc,metaspace   ] GC(65) Metaspace: 11397K(11840K)->11397K(11840K) NonClass: 10365K(10560K)->10365K(10560K) Class: 1031K(1280K)->1031K(1280K)
[2026-08-02T15:57:31.685+0900][227.487s][debug][gc,heap        ] GC(65) Heap after GC invocations=66 (full 35):
[2026-08-02T15:57:31.685+0900][227.487s][debug][gc,heap        ] GC(65)  garbage-first heap   total 16220160K, used 3946650K [0x000001e7b4000000, 0x0000021eb4000000)
[2026-08-02T15:57:31.685+0900][227.487s][debug][gc,heap        ] GC(65)   region size 32768K, 1 young (32768K), 1 survivors (32768K)
[2026-08-02T15:57:31.685+0900][227.487s][debug][gc,heap        ] GC(65)  Metaspace       used 11397K, committed 11840K, reserved 1114112K
[2026-08-02T15:57:31.685+0900][227.487s][debug][gc,heap        ] GC(65)   class space    used 1031K, committed 1280K, reserved 1048576K
[2026-08-02T15:57:31.685+0900][227.487s][info ][gc             ] GC(65) Pause Young (Normal) (G1 Evacuation Pause) 5547M->3854M(15840M) 27.028ms
[2026-08-02T15:57:31.685+0900][227.487s][info ][gc,cpu         ] GC(65) User=0.44s Sys=0.12s Real=0.03s
[2026-08-02T15:57:31.685+0900][227.487s][info ][safepoint      ] Safepoint "G1CollectForAllocation", Time since last: 692063300 ns, Reaching safepoint: 143300 ns, At safepoint: 27113600 ns, Total: 27256900 ns
[2026-08-02T15:57:32.686+0900][228.488s][info ][safepoint      ] Safepoint "Cleanup", Time since last: 1000546300 ns, Reaching safepoint: 189500 ns, At safepoint: 41000 ns, Total: 230500 ns
[2026-08-02T15:57:34.505+0900][230.308s][info ][gc,start       ] GC(66) Pause Young (Normal) (G1 Evacuation Pause)
[2026-08-02T15:57:34.505+0900][230.308s][debug][gc,heap        ] GC(66) Heap before GC invocations=66 (full 35):
[2026-08-02T15:57:34.505+0900][230.308s][debug][gc,heap        ] GC(66)  garbage-first heap   total 16220160K, used 6994074K [0x000001e7b4000000, 0x0000021eb4000000)
[2026-08-02T15:57:34.505+0900][230.308s][debug][gc,heap        ] GC(66)   region size 32768K, 94 young (3080192K), 1 survivors (32768K)
[2026-08-02T15:57:34.505+0900][230.308s][debug][gc,heap        ] GC(66)  Metaspace       used 11431K, committed 11904K, reserved 1114112K
[2026-08-02T15:57:34.505+0900][230.308s][debug][gc,heap        ] GC(66)   class space    used 1031K, committed 1280K, reserved 1048576K
[2026-08-02T15:57:34.505+0900][230.308s][info ][gc,task        ] GC(66) Using 18 workers of 18 for evacuation
[2026-08-02T15:57:34.537+0900][230.339s][info ][gc,phases      ] GC(66)   Pre Evacuate Collection Set: 0.1ms
[2026-08-02T15:57:34.537+0900][230.339s][info ][gc,phases      ] GC(66)   Merge Heap Roots: 0.8ms
[2026-08-02T15:57:34.537+0900][230.339s][info ][gc,phases      ] GC(66)   Evacuate Collection Set: 29.7ms
[2026-08-02T15:57:34.537+0900][230.339s][info ][gc,phases      ] GC(66)   Post Evacuate Collection Set: 0.6ms
[2026-08-02T15:57:34.537+0900][230.339s][info ][gc,phases      ] GC(66)   Other: 0.1ms
[2026-08-02T15:57:34.537+0900][230.339s][info ][gc,heap        ] GC(66) Eden regions: 93->0(95)
[2026-08-02T15:57:34.537+0900][230.339s][info ][gc,heap        ] GC(66) Survivor regions: 1->4(12)
[2026-08-02T15:57:34.537+0900][230.339s][info ][gc,heap        ] GC(66) Old regions: 125->125
[2026-08-02T15:57:34.537+0900][230.339s][info ][gc,heap        ] GC(66) Archive regions: 0->0
[2026-08-02T15:57:34.537+0900][230.339s][info ][gc,heap        ] GC(66) Humongous regions: 4->4
[2026-08-02T15:57:34.537+0900][230.339s][info ][gc,metaspace   ] GC(66) Metaspace: 11431K(11904K)->11431K(11904K) NonClass: 10399K(10624K)->10399K(10624K) Class: 1031K(1280K)->1031K(1280K)
[2026-08-02T15:57:34.537+0900][230.339s][debug][gc,heap        ] GC(66) Heap after GC invocations=67 (full 35):
[2026-08-02T15:57:34.537+0900][230.339s][debug][gc,heap        ] GC(66)  garbage-first heap   total 16220160K, used 4038209K [0x000001e7b4000000, 0x0000021eb4000000)
[2026-08-02T15:57:34.537+0900][230.339s][debug][gc,heap        ] GC(66)   region size 32768K, 4 young (131072K), 4 survivors (131072K)
[2026-08-02T15:57:34.537+0900][230.339s][debug][gc,heap        ] GC(66)  Metaspace       used 11431K, committed 11904K, reserved 1114112K
[2026-08-02T15:57:34.537+0900][230.339s][debug][gc,heap        ] GC(66)   class space    used 1031K, committed 1280K, reserved 1048576K
[2026-08-02T15:57:34.537+0900][230.339s][info ][gc             ] GC(66) Pause Young (Normal) (G1 Evacuation Pause) 6830M->3943M(15840M) 31.733ms
[2026-08-02T15:57:34.537+0900][230.339s][info ][gc,cpu         ] GC(66) User=0.47s Sys=0.09s Real=0.03s
[2026-08-02T15:57:34.537+0900][230.339s][info ][safepoint      ] Safepoint "G1CollectForAllocation", Time since last: 1819463900 ns, Reaching safepoint: 93100 ns, At safepoint: 31791900 ns, Total: 31885000 ns
[2026-08-02T15:57:35.543+0900][231.345s][info ][safepoint      ] Safepoint "Cleanup", Time since last: 1005657700 ns, Reaching safepoint: 144100 ns, At safepoint: 9500 ns, Total: 153600 ns
[2026-08-02T15:57:36.557+0900][232.359s][info ][safepoint      ] Safepoint "Cleanup", Time since last: 1013959600 ns, Reaching safepoint: 143000 ns, At safepoint: 12000 ns, Total: 155000 ns
[2026-08-02T15:57:38.569+0900][234.371s][info ][safepoint      ] Safepoint "Cleanup", Time since last: 2011495800 ns, Reaching safepoint: 117300 ns, At safepoint: 15200 ns, Total: 132500 ns
[2026-08-02T15:57:44.514+0900][240.317s][info ][safepoint      ] Safepoint "PrintThreads", Time since last: 5945404500 ns, Reaching safepoint: 125900 ns, At safepoint: 469400 ns, Total: 595300 ns
[2026-08-02T15:57:44.514+0900][240.317s][info ][safepoint      ] Safepoint "FindDeadlocks", Time since last: 66800 ns, Reaching safepoint: 47600 ns, At safepoint: 12000 ns, Total: 59600 ns
[2026-08-02T15:58:44.516+0900][300.318s][info ][safepoint      ] Safepoint "PrintThreads", Time since last: 60000582200 ns, Reaching safepoint: 120400 ns, At safepoint: 482300 ns, Total: 602700 ns
[2026-08-02T15:58:44.516+0900][300.318s][info ][safepoint      ] Safepoint "FindDeadlocks", Time since last: 75800 ns, Reaching safepoint: 46300 ns, At safepoint: 12700 ns, Total: 59000 ns
[2026-08-02T15:59:04.716+0900][320.518s][info ][safepoint      ] Safepoint "Cleanup", Time since last: 20199740800 ns, Reaching safepoint: 120800 ns, At safepoint: 13300 ns, Total: 134100 ns
[2026-08-02T15:59:44.526+0900][360.329s][info ][safepoint      ] Safepoint "PrintThreads", Time since last: 39810100700 ns, Reaching safepoint: 155600 ns, At safepoint: 486900 ns, Total: 642500 ns
[2026-08-02T15:59:44.526+0900][360.329s][info ][safepoint      ] Safepoint "FindDeadlocks", Time since last: 77000 ns, Reaching safepoint: 44400 ns, At safepoint: 12400 ns, Total: 56800 ns
[2026-08-02T16:00:44.532+0900][420.335s][info ][safepoint      ] Safepoint "PrintThreads", Time since last: 60005547100 ns, Reaching safepoint: 110200 ns, At safepoint: 504800 ns, Total: 615000 ns
[2026-08-02T16:00:44.532+0900][420.336s][info ][safepoint      ] Safepoint "FindDeadlocks", Time since last: 75400 ns, Reaching safepoint: 47300 ns, At safepoint: 11800 ns, Total: 59100 ns
[2026-08-02T16:01:44.541+0900][480.344s][info ][safepoint      ] Safepoint "PrintThreads", Time since last: 60008114300 ns, Reaching safepoint: 160900 ns, At safepoint: 502000 ns, Total: 662900 ns
[2026-08-02T16:01:44.541+0900][480.344s][info ][safepoint      ] Safepoint "FindDeadlocks", Time since last: 73900 ns, Reaching safepoint: 48200 ns, At safepoint: 11100 ns, Total: 59300 ns
[2026-08-02T16:02:44.542+0900][540.345s][info ][safepoint      ] Safepoint "PrintThreads", Time since last: 60000115400 ns, Reaching safepoint: 109800 ns, At safepoint: 483400 ns, Total: 593200 ns
[2026-08-02T16:02:44.542+0900][540.345s][info ][safepoint      ] Safepoint "FindDeadlocks", Time since last: 76600 ns, Reaching safepoint: 37200 ns, At safepoint: 11800 ns, Total: 49000 ns
[2026-08-02T16:03:44.552+0900][600.355s][info ][safepoint      ] Safepoint "PrintThreads", Time since last: 60009280600 ns, Reaching safepoint: 95900 ns, At safepoint: 503900 ns, Total: 599800 ns
[2026-08-02T16:03:44.552+0900][600.355s][info ][safepoint      ] Safepoint "FindDeadlocks", Time since last: 85000 ns, Reaching safepoint: 49600 ns, At safepoint: 12800 ns, Total: 62400 ns
[2026-08-02T16:04:44.557+0900][660.360s][info ][safepoint      ] Safepoint "PrintThreads", Time since last: 60003908600 ns, Reaching safepoint: 133400 ns, At safepoint: 490700 ns, Total: 624100 ns
[2026-08-02T16:04:44.557+0900][660.360s][info ][safepoint      ] Safepoint "FindDeadlocks", Time since last: 74100 ns, Reaching safepoint: 236900 ns, At safepoint: 17200 ns, Total: 254100 ns
[2026-08-02T16:05:44.568+0900][720.371s][info ][safepoint      ] Safepoint "PrintThreads", Time since last: 60010359800 ns, Reaching safepoint: 90000 ns, At safepoint: 554200 ns, Total: 644200 ns
[2026-08-02T16:05:44.568+0900][720.371s][info ][safepoint      ] Safepoint "FindDeadlocks", Time since last: 80500 ns, Reaching safepoint: 48600 ns, At safepoint: 13800 ns, Total: 62400 ns
[2026-08-02T16:06:44.578+0900][780.380s][info ][safepoint      ] Safepoint "PrintThreads", Time since last: 60008620700 ns, Reaching safepoint: 86600 ns, At safepoint: 488900 ns, Total: 575500 ns
[2026-08-02T16:06:44.578+0900][780.381s][info ][safepoint      ] Safepoint "FindDeadlocks", Time since last: 70300 ns, Reaching safepoint: 47900 ns, At safepoint: 11400 ns, Total: 59300 ns
[2026-08-02T16:07:44.578+0900][840.381s][info ][safepoint      ] Safepoint "PrintThreads", Time since last: 59999630200 ns, Reaching safepoint: 126800 ns, At safepoint: 496600 ns, Total: 623400 ns
[2026-08-02T16:07:44.578+0900][840.381s][info ][safepoint      ] Safepoint "FindDeadlocks", Time since last: 80000 ns, Reaching safepoint: 47700 ns, At safepoint: 12800 ns, Total: 60500 ns
[2026-08-02T16:08:44.582+0900][900.384s][info ][safepoint      ] Safepoint "PrintThreads", Time since last: 60002882200 ns, Reaching safepoint: 107100 ns, At safepoint: 497500 ns, Total: 604600 ns
[2026-08-02T16:08:44.582+0900][900.385s][info ][safepoint      ] Safepoint "FindDeadlocks", Time since last: 69400 ns, Reaching safepoint: 48000 ns, At safepoint: 12800 ns, Total: 60800 ns
[2026-08-02T16:09:44.594+0900][960.397s][info ][safepoint      ] Safepoint "PrintThreads", Time since last: 60011927500 ns, Reaching safepoint: 88500 ns, At safepoint: 497200 ns, Total: 585700 ns
[2026-08-02T16:09:44.594+0900][960.397s][info ][safepoint      ] Safepoint "FindDeadlocks", Time since last: 64100 ns, Reaching safepoint: 48600 ns, At safepoint: 12600 ns, Total: 61200 ns
[2026-08-02T16:10:44.605+0900][1020.408s][info ][safepoint      ] Safepoint "PrintThreads", Time since last: 60010089600 ns, Reaching safepoint: 93900 ns, At safepoint: 474200 ns, Total: 568100 ns
[2026-08-02T16:10:44.605+0900][1020.408s][info ][safepoint      ] Safepoint "FindDeadlocks", Time since last: 77800 ns, Reaching safepoint: 46400 ns, At safepoint: 11300 ns, Total: 57700 ns
[2026-08-02T16:11:44.607+0900][1080.409s][info ][safepoint      ] Safepoint "PrintThreads", Time since last: 60000544300 ns, Reaching safepoint: 143800 ns, At safepoint: 487900 ns, Total: 631700 ns
[2026-08-02T16:11:44.607+0900][1080.409s][info ][safepoint      ] Safepoint "FindDeadlocks", Time since last: 72200 ns, Reaching safepoint: 48800 ns, At safepoint: 11200 ns, Total: 60000 ns
[2026-08-02T16:12:44.607+0900][1140.410s][info ][safepoint      ] Safepoint "PrintThreads", Time since last: 59999508400 ns, Reaching safepoint: 296200 ns, At safepoint: 493700 ns, Total: 789900 ns
[2026-08-02T16:12:44.608+0900][1140.410s][info ][safepoint      ] Safepoint "FindDeadlocks", Time since last: 144200 ns, Reaching safepoint: 47000 ns, At safepoint: 11600 ns, Total: 58600 ns
[2026-08-02T16:13:44.615+0900][1200.418s][info ][safepoint      ] Safepoint "PrintThreads", Time since last: 60007144300 ns, Reaching safepoint: 110400 ns, At safepoint: 493900 ns, Total: 604300 ns
[2026-08-02T16:13:44.615+0900][1200.418s][info ][safepoint      ] Safepoint "FindDeadlocks", Time since last: 80900 ns, Reaching safepoint: 45500 ns, At safepoint: 11400 ns, Total: 56900 ns
[2026-08-02T16:14:44.615+0900][1260.418s][info ][safepoint      ] Safepoint "PrintThreads", Time since last: 59999981000 ns, Reaching safepoint: 113000 ns, At safepoint: 503400 ns, Total: 616400 ns
[2026-08-02T16:14:44.615+0900][1260.418s][info ][safepoint      ] Safepoint "FindDeadlocks", Time since last: 71300 ns, Reaching safepoint: 49400 ns, At safepoint: 11400 ns, Total: 60800 ns
[2026-08-02T16:15:11.817+0900][1287.620s][info ][safepoint      ] Safepoint "Cleanup", Time since last: 27201247100 ns, Reaching safepoint: 126900 ns, At safepoint: 14900 ns, Total: 141800 ns
[2026-08-02T16:15:44.616+0900][1320.419s][info ][safepoint      ] Safepoint "PrintThreads", Time since last: 32798180000 ns, Reaching safepoint: 76000 ns, At safepoint: 564700 ns, Total: 640700 ns
[2026-08-02T16:15:44.616+0900][1320.419s][info ][safepoint      ] Safepoint "FindDeadlocks", Time since last: 83900 ns, Reaching safepoint: 47000 ns, At safepoint: 12900 ns, Total: 59900 ns
[2026-08-02T16:16:44.631+0900][1380.434s][info ][safepoint      ] Safepoint "PrintThreads", Time since last: 60014303000 ns, Reaching safepoint: 103500 ns, At safepoint: 493700 ns, Total: 597200 ns
[2026-08-02T16:16:44.631+0900][1380.434s][info ][safepoint      ] Safepoint "FindDeadlocks", Time since last: 76300 ns, Reaching safepoint: 48500 ns, At safepoint: 12800 ns, Total: 61300 ns
[2026-08-02T16:17:44.645+0900][1440.448s][info ][safepoint      ] Safepoint "PrintThreads", Time since last: 60013239300 ns, Reaching safepoint: 110100 ns, At safepoint: 472400 ns, Total: 582500 ns
[2026-08-02T16:17:44.645+0900][1440.448s][info ][safepoint      ] Safepoint "FindDeadlocks", Time since last: 73500 ns, Reaching safepoint: 45300 ns, At safepoint: 10700 ns, Total: 56000 ns
[2026-08-02T16:18:44.655+0900][1500.458s][info ][safepoint      ] Safepoint "PrintThreads", Time since last: 60009762400 ns, Reaching safepoint: 94500 ns, At safepoint: 482900 ns, Total: 577400 ns
[2026-08-02T16:18:44.655+0900][1500.458s][info ][safepoint      ] Safepoint "FindDeadlocks", Time since last: 77300 ns, Reaching safepoint: 133900 ns, At safepoint: 11600 ns, Total: 145500 ns
[2026-08-02T16:19:44.661+0900][1560.464s][info ][safepoint      ] Safepoint "PrintThreads", Time since last: 60004609800 ns, Reaching safepoint: 136400 ns, At safepoint: 502400 ns, Total: 638800 ns
[2026-08-02T16:19:44.661+0900][1560.464s][info ][safepoint      ] Safepoint "FindDeadlocks", Time since last: 75100 ns, Reaching safepoint: 46300 ns, At safepoint: 12100 ns, Total: 58400 ns
[2026-08-02T16:20:44.662+0900][1620.464s][info ][safepoint      ] Safepoint "PrintThreads", Time since last: 59999914900 ns, Reaching safepoint: 117900 ns, At safepoint: 497400 ns, Total: 615300 ns
[2026-08-02T16:20:44.662+0900][1620.464s][info ][safepoint      ] Safepoint "FindDeadlocks", Time since last: 70200 ns, Reaching safepoint: 50600 ns, At safepoint: 10700 ns, Total: 61300 ns
[2026-08-02T16:21:44.662+0900][1680.465s][info ][safepoint      ] Safepoint "PrintThreads", Time since last: 60000106900 ns, Reaching safepoint: 122600 ns, At safepoint: 552700 ns, Total: 675300 ns
[2026-08-02T16:21:44.663+0900][1680.465s][info ][safepoint      ] Safepoint "FindDeadlocks", Time since last: 82400 ns, Reaching safepoint: 50200 ns, At safepoint: 17900 ns, Total: 68100 ns
[2026-08-02T16:22:44.671+0900][1740.473s][info ][safepoint      ] Safepoint "PrintThreads", Time since last: 60007409800 ns, Reaching safepoint: 137700 ns, At safepoint: 517900 ns, Total: 655600 ns
[2026-08-02T16:22:44.671+0900][1740.474s][info ][safepoint      ] Safepoint "FindDeadlocks", Time since last: 73700 ns, Reaching safepoint: 47800 ns, At safepoint: 11900 ns, Total: 59700 ns
[2026-08-02T16:23:44.672+0900][1800.474s][info ][safepoint      ] Safepoint "PrintThreads", Time since last: 59999845700 ns, Reaching safepoint: 105400 ns, At safepoint: 492900 ns, Total: 598300 ns
[2026-08-02T16:23:44.672+0900][1800.474s][info ][safepoint      ] Safepoint "FindDeadlocks", Time since last: 81600 ns, Reaching safepoint: 45300 ns, At safepoint: 10900 ns, Total: 56200 ns
[2026-08-02T16:24:44.678+0900][1860.481s][info ][safepoint      ] Safepoint "PrintThreads", Time since last: 60006587900 ns, Reaching safepoint: 153200 ns, At safepoint: 495100 ns, Total: 648300 ns
[2026-08-02T16:24:44.678+0900][1860.482s][info ][safepoint      ] Safepoint "FindDeadlocks", Time since last: 74500 ns, Reaching safepoint: 43000 ns, At safepoint: 10800 ns, Total: 53800 ns
[2026-08-02T16:25:44.687+0900][1920.490s][info ][safepoint      ] Safepoint "PrintThreads", Time since last: 60007766100 ns, Reaching safepoint: 107500 ns, At safepoint: 500400 ns, Total: 607900 ns
[2026-08-02T16:25:44.687+0900][1920.490s][info ][safepoint      ] Safepoint "FindDeadlocks", Time since last: 67900 ns, Reaching safepoint: 48400 ns, At safepoint: 12400 ns, Total: 60800 ns
[2026-08-02T16:25:52.736+0900][1928.538s][info ][safepoint      ] Safepoint "Cleanup", Time since last: 8048297200 ns, Reaching safepoint: 125400 ns, At safepoint: 18800 ns, Total: 144200 ns
[2026-08-02T16:26:44.695+0900][1980.498s][info ][safepoint      ] Safepoint "PrintThreads", Time since last: 51959266000 ns, Reaching safepoint: 130900 ns, At safepoint: 559600 ns, Total: 690500 ns
[2026-08-02T16:26:44.695+0900][1980.499s][info ][safepoint      ] Safepoint "FindDeadlocks", Time since last: 85700 ns, Reaching safepoint: 48800 ns, At safepoint: 14400 ns, Total: 63200 ns
[2026-08-02T16:27:44.707+0900][2040.510s][info ][safepoint      ] Safepoint "PrintThreads", Time since last: 60010447500 ns, Reaching safepoint: 71800 ns, At safepoint: 486600 ns, Total: 558400 ns
[2026-08-02T16:27:44.707+0900][2040.510s][info ][safepoint      ] Safepoint "FindDeadlocks", Time since last: 75000 ns, Reaching safepoint: 48000 ns, At safepoint: 13000 ns, Total: 61000 ns
[2026-08-02T16:28:44.707+0900][2100.510s][info ][safepoint      ] Safepoint "PrintThreads", Time since last: 60000082000 ns, Reaching safepoint: 118400 ns, At safepoint: 497800 ns, Total: 616200 ns
[2026-08-02T16:28:44.707+0900][2100.511s][info ][safepoint      ] Safepoint "FindDeadlocks", Time since last: 66300 ns, Reaching safepoint: 52200 ns, At safepoint: 12800 ns, Total: 65000 ns
[2026-08-02T16:29:44.707+0900][2160.509s][info ][safepoint      ] Safepoint "PrintThreads", Time since last: 59998347800 ns, Reaching safepoint: 108700 ns, At safepoint: 488000 ns, Total: 596700 ns
[2026-08-02T16:29:44.707+0900][2160.510s][info ][safepoint      ] Safepoint "FindDeadlocks", Time since last: 75400 ns, Reaching safepoint: 45400 ns, At safepoint: 11100 ns, Total: 56500 ns
[2026-08-02T16:30:35.128+0900][2210.931s][info ][safepoint      ] Safepoint "Cleanup", Time since last: 50421078300 ns, Reaching safepoint: 146800 ns, At safepoint: 18500 ns, Total: 165300 ns
[2026-08-02T16:30:36.088+0900][2211.891s][info ][gc,start       ] GC(67) Pause Young (Normal) (G1 Evacuation Pause)
[2026-08-02T16:30:36.088+0900][2211.891s][debug][gc,heap        ] GC(67) Heap before GC invocations=67 (full 35):
[2026-08-02T16:30:36.088+0900][2211.891s][debug][gc,heap        ] GC(67)  garbage-first heap   total 16220160K, used 7151169K [0x000001e7b4000000, 0x0000021eb4000000)
[2026-08-02T16:30:36.088+0900][2211.891s][debug][gc,heap        ] GC(67)   region size 32768K, 99 young (3244032K), 4 survivors (131072K)
[2026-08-02T16:30:36.088+0900][2211.891s][debug][gc,heap        ] GC(67)  Metaspace       used 11450K, committed 11904K, reserved 1114112K
[2026-08-02T16:30:36.088+0900][2211.891s][debug][gc,heap        ] GC(67)   class space    used 1031K, committed 1280K, reserved 1048576K
[2026-08-02T16:30:36.088+0900][2211.891s][info ][gc,task        ] GC(67) Using 18 workers of 18 for evacuation
[2026-08-02T16:30:36.222+0900][2212.025s][info ][gc,phases      ] GC(67)   Pre Evacuate Collection Set: 0.2ms
[2026-08-02T16:30:36.222+0900][2212.025s][info ][gc,phases      ] GC(67)   Merge Heap Roots: 1.0ms
[2026-08-02T16:30:36.222+0900][2212.025s][info ][gc,phases      ] GC(67)   Evacuate Collection Set: 125.1ms
[2026-08-02T16:30:36.222+0900][2212.025s][info ][gc,phases      ] GC(67)   Post Evacuate Collection Set: 7.8ms
[2026-08-02T16:30:36.222+0900][2212.025s][info ][gc,phases      ] GC(67)   Other: 0.1ms
[2026-08-02T16:30:36.222+0900][2212.025s][info ][gc,heap        ] GC(67) Eden regions: 95->0(96)
[2026-08-02T16:30:36.222+0900][2212.025s][info ][gc,heap        ] GC(67) Survivor regions: 4->13(13)
[2026-08-02T16:30:36.222+0900][2212.025s][info ][gc,heap        ] GC(67) Old regions: 125->132
[2026-08-02T16:30:36.222+0900][2212.025s][info ][gc,heap        ] GC(67) Archive regions: 0->0
[2026-08-02T16:30:36.222+0900][2212.025s][info ][gc,heap        ] GC(67) Humongous regions: 4->4
[2026-08-02T16:30:36.222+0900][2212.025s][info ][gc,metaspace   ] GC(67) Metaspace: 11450K(11904K)->11450K(11904K) NonClass: 10418K(10624K)->10418K(10624K) Class: 1031K(1280K)->1031K(1280K)
[2026-08-02T16:30:36.222+0900][2212.025s][debug][gc,heap        ] GC(67) Heap after GC invocations=68 (full 35):
[2026-08-02T16:30:36.222+0900][2212.025s][debug][gc,heap        ] GC(67)  garbage-first heap   total 20086784K, used 4576048K [0x000001e7b4000000, 0x0000021eb4000000)
[2026-08-02T16:30:36.222+0900][2212.025s][debug][gc,heap        ] GC(67)   region size 32768K, 13 young (425984K), 13 survivors (425984K)
[2026-08-02T16:30:36.222+0900][2212.025s][debug][gc,heap        ] GC(67)  Metaspace       used 11450K, committed 11904K, reserved 1114112K
[2026-08-02T16:30:36.222+0900][2212.025s][debug][gc,heap        ] GC(67)   class space    used 1031K, committed 1280K, reserved 1048576K
[2026-08-02T16:30:36.222+0900][2212.025s][info ][gc             ] GC(67) Pause Young (Normal) (G1 Evacuation Pause) 6983M->4468M(19616M) 134.577ms
[2026-08-02T16:30:36.222+0900][2212.025s][info ][gc,cpu         ] GC(67) User=1.91s Sys=0.36s Real=0.13s
[2026-08-02T16:30:36.222+0900][2212.025s][info ][safepoint      ] Safepoint "G1CollectForAllocation", Time since last: 959561000 ns, Reaching safepoint: 100300 ns, At safepoint: 134642000 ns, Total: 134742300 ns
[2026-08-02T16:30:37.238+0900][2213.040s][info ][safepoint      ] Safepoint "Cleanup", Time since last: 1014678600 ns, Reaching safepoint: 105000 ns, At safepoint: 13500 ns, Total: 118500 ns
[2026-08-02T16:30:38.753+0900][2214.555s][info ][safepoint      ] Safepoint "Cleanup", Time since last: 1515358900 ns, Reaching safepoint: 155600 ns, At safepoint: 8700 ns, Total: 164300 ns
[2026-08-02T16:30:44.715+0900][2220.517s][info ][safepoint      ] Safepoint "PrintThreads", Time since last: 5961154200 ns, Reaching safepoint: 184900 ns, At safepoint: 471400 ns, Total: 656300 ns
[2026-08-02T16:30:44.715+0900][2220.517s][info ][safepoint      ] Safepoint "FindDeadlocks", Time since last: 77400 ns, Reaching safepoint: 62100 ns, At safepoint: 13000 ns, Total: 75100 ns
[2026-08-02T16:31:44.726+0900][2280.529s][info ][safepoint      ] Safepoint "PrintThreads", Time since last: 60010974100 ns, Reaching safepoint: 109700 ns, At safepoint: 492700 ns, Total: 602400 ns
[2026-08-02T16:31:44.726+0900][2280.529s][info ][safepoint      ] Safepoint "FindDeadlocks", Time since last: 72900 ns, Reaching safepoint: 52900 ns, At safepoint: 12100 ns, Total: 65000 ns
[2026-08-02T16:32:44.726+0900][2340.529s][info ][safepoint      ] Safepoint "PrintThreads", Time since last: 59999092300 ns, Reaching safepoint: 139600 ns, At safepoint: 438000 ns, Total: 577600 ns
[2026-08-02T16:32:44.726+0900][2340.529s][info ][safepoint      ] Safepoint "FindDeadlocks", Time since last: 74200 ns, Reaching safepoint: 46700 ns, At safepoint: 10900 ns, Total: 57600 ns
[2026-08-02T16:33:23.037+0900][2378.839s][info ][safepoint      ] Safepoint "Cleanup", Time since last: 38309948700 ns, Reaching safepoint: 129100 ns, At safepoint: 8700 ns, Total: 137800 ns
[2026-08-02T16:33:44.726+0900][2400.529s][info ][safepoint      ] Safepoint "PrintThreads", Time since last: 21689118800 ns, Reaching safepoint: 108700 ns, At safepoint: 406500 ns, Total: 515200 ns
[2026-08-02T16:33:44.726+0900][2400.529s][info ][safepoint      ] Safepoint "FindDeadlocks", Time since last: 65000 ns, Reaching safepoint: 45000 ns, At safepoint: 11700 ns, Total: 56700 ns
[2026-08-02T16:34:24.105+0900][2439.908s][info ][safepoint      ] Safepoint "Cleanup", Time since last: 39378857100 ns, Reaching safepoint: 155300 ns, At safepoint: 17200 ns, Total: 172500 ns
[2026-08-02T16:34:24.480+0900][2440.283s][info ][gc,start       ] GC(68) Pause Young (Normal) (G1 Evacuation Pause)
[2026-08-02T16:34:24.481+0900][2440.283s][debug][gc,heap        ] GC(68) Heap before GC invocations=68 (full 35):
[2026-08-02T16:34:24.481+0900][2440.283s][debug][gc,heap        ] GC(68)  garbage-first heap   total 20086784K, used 7099184K [0x000001e7b4000000, 0x0000021eb4000000)
[2026-08-02T16:34:24.481+0900][2440.283s][debug][gc,heap        ] GC(68)   region size 32768K, 90 young (2949120K), 13 survivors (425984K)
[2026-08-02T16:34:24.481+0900][2440.283s][debug][gc,heap        ] GC(68)  Metaspace       used 12573K, committed 13120K, reserved 1114112K
[2026-08-02T16:34:24.481+0900][2440.283s][debug][gc,heap        ] GC(68)   class space    used 1142K, committed 1408K, reserved 1048576K
[2026-08-02T16:34:24.481+0900][2440.283s][info ][gc,task        ] GC(68) Using 18 workers of 18 for evacuation
[2026-08-02T16:34:24.551+0900][2440.354s][info ][gc,phases      ] GC(68)   Pre Evacuate Collection Set: 0.1ms
[2026-08-02T16:34:24.551+0900][2440.355s][info ][gc,phases      ] GC(68)   Merge Heap Roots: 1.2ms
[2026-08-02T16:34:24.551+0900][2440.355s][info ][gc,phases      ] GC(68)   Evacuate Collection Set: 69.2ms
[2026-08-02T16:34:24.551+0900][2440.355s][info ][gc,phases      ] GC(68)   Post Evacuate Collection Set: 0.6ms
[2026-08-02T16:34:24.551+0900][2440.355s][info ][gc,phases      ] GC(68)   Other: 0.1ms
[2026-08-02T16:34:24.552+0900][2440.355s][info ][gc,heap        ] GC(68) Eden regions: 77->0(112)
[2026-08-02T16:34:24.552+0900][2440.355s][info ][gc,heap        ] GC(68) Survivor regions: 13->10(12)
[2026-08-02T16:34:24.552+0900][2440.355s][info ][gc,heap        ] GC(68) Old regions: 132->133
[2026-08-02T16:34:24.552+0900][2440.355s][info ][gc,heap        ] GC(68) Archive regions: 0->0
[2026-08-02T16:34:24.552+0900][2440.355s][info ][gc,heap        ] GC(68) Humongous regions: 4->4
[2026-08-02T16:34:24.552+0900][2440.355s][info ][gc,metaspace   ] GC(68) Metaspace: 12573K(13120K)->12573K(13120K) NonClass: 11430K(11712K)->11430K(11712K) Class: 1142K(1408K)->1142K(1408K)
[2026-08-02T16:34:24.552+0900][2440.355s][debug][gc,heap        ] GC(68) Heap after GC invocations=69 (full 35):
[2026-08-02T16:34:24.552+0900][2440.355s][debug][gc,heap        ] GC(68)  garbage-first heap   total 20086784K, used 4514816K [0x000001e7b4000000, 0x0000021eb4000000)
[2026-08-02T16:34:24.552+0900][2440.355s][debug][gc,heap        ] GC(68)   region size 32768K, 10 young (327680K), 10 survivors (327680K)
[2026-08-02T16:34:24.552+0900][2440.355s][debug][gc,heap        ] GC(68)  Metaspace       used 12573K, committed 13120K, reserved 1114112K
[2026-08-02T16:34:24.552+0900][2440.355s][debug][gc,heap        ] GC(68)   class space    used 1142K, committed 1408K, reserved 1048576K
[2026-08-02T16:34:24.552+0900][2440.355s][info ][gc             ] GC(68) Pause Young (Normal) (G1 Evacuation Pause) 6932M->4409M(19616M) 71.589ms
[2026-08-02T16:34:24.552+0900][2440.355s][info ][gc,cpu         ] GC(68) User=0.97s Sys=0.17s Real=0.07s
[2026-08-02T16:34:24.552+0900][2440.355s][info ][safepoint      ] Safepoint "G1CollectForAllocation", Time since last: 375136100 ns, Reaching safepoint: 118900 ns, At safepoint: 71648500 ns, Total: 71767400 ns
[2026-08-02T16:34:32.422+0900][2448.225s][info ][safepoint      ] Safepoint "ClassLoaderStatsOperation", Time since last: 7869791900 ns, Reaching safepoint: 102400 ns, At safepoint: 487800 ns, Total: 590200 ns
[2026-08-02T16:34:32.427+0900][2448.230s][info ][safepoint      ] Safepoint "JFRCheckpoint", Time since last: 2839200 ns, Reaching safepoint: 72700 ns, At safepoint: 1660000 ns, Total: 1732700 ns
[2026-08-02T16:34:32.431+0900][2448.234s][info ][safepoint      ] Safepoint "JFROldObject", Time since last: 3696200 ns, Reaching safepoint: 87700 ns, At safepoint: 77900 ns, Total: 165600 ns
[2026-08-02T16:34:32.503+0900][2448.306s][info ][gc,heap,exit   ] Heap
[2026-08-02T16:34:32.503+0900][2448.306s][info ][gc,heap,exit   ]  garbage-first heap   total 20086784K, used 4902766K [0x000001e7b4000000, 0x0000021eb4000000)
[2026-08-02T16:34:32.503+0900][2448.306s][info ][gc,heap,exit   ]   region size 32768K, 22 young (720896K), 10 survivors (327680K)
[2026-08-02T16:34:32.503+0900][2448.306s][info ][gc,heap,exit   ]  Metaspace       used 12707K, committed 13184K, reserved 1114112K
[2026-08-02T16:34:32.503+0900][2448.306s][info ][gc,heap,exit   ]   class space    used 1167K, committed 1408K, reserved 1048576K
