[2026-08-02T09:17:11.004+0900][0.006s][info][gc,init] CardTable entry size: 512
[2026-08-02T09:17:11.004+0900][0.007s][debug][gc,heap] Minimum heap 33554432  Initial heap 2147483648  Maximum heap 236223201280
[2026-08-02T09:17:11.005+0900][0.007s][info ][gc     ] Using G1
[2026-08-02T09:17:11.011+0900][0.013s][info ][gc,init] Version: 18.0.1.1+2-6 (release)
[2026-08-02T09:17:11.011+0900][0.013s][info ][gc,init] CPUs: 24 total, 24 available
[2026-08-02T09:17:11.011+0900][0.013s][info ][gc,init] Memory: 255G
[2026-08-02T09:17:11.011+0900][0.013s][info ][gc,init] Large Page Support: Disabled
[2026-08-02T09:17:11.011+0900][0.014s][info ][gc,init] NUMA Support: Disabled
[2026-08-02T09:17:11.011+0900][0.014s][info ][gc,init] Compressed Oops: Disabled
[2026-08-02T09:17:11.011+0900][0.014s][info ][gc,init] Heap Region Size: 32M
[2026-08-02T09:17:11.011+0900][0.014s][info ][gc,init] Heap Min Capacity: 32M
[2026-08-02T09:17:11.011+0900][0.014s][info ][gc,init] Heap Initial Capacity: 2G
[2026-08-02T09:17:11.011+0900][0.014s][info ][gc,init] Heap Max Capacity: 220G
[2026-08-02T09:17:11.011+0900][0.014s][info ][gc,init] Pre-touch: Disabled
[2026-08-02T09:17:11.011+0900][0.014s][info ][gc,init] Parallel Workers: 18
[2026-08-02T09:17:11.011+0900][0.014s][info ][gc,init] Concurrent Workers: 5
[2026-08-02T09:17:11.011+0900][0.014s][info ][gc,init] Concurrent Refinement Workers: 18
[2026-08-02T09:17:11.011+0900][0.014s][info ][gc,init] Periodic GC: Disabled
[2026-08-02T09:17:11.012+0900][0.015s][info ][gc,metaspace] CDS archive(s) mapped at: [0x0000000800000000-0x0000000800ba0000-0x0000000800ba0000), size 12189696, SharedBaseAddress: 0x0000000800000000, ArchiveRelocationMode: 0.
[2026-08-02T09:17:11.012+0900][0.015s][info ][gc,metaspace] Compressed class space mapped at: 0x0000000800c00000-0x0000000840c00000, reserved size: 1073741824
[2026-08-02T09:17:11.012+0900][0.015s][info ][gc,metaspace] Narrow klass base: 0x0000000800000000, Narrow klass shift: 0, Narrow klass range: 0x100000000
[2026-08-02T09:17:11.358+0900][0.360s][info ][safepoint   ] Safepoint "ICBufferFull", Time since last: 340286300 ns, Reaching safepoint: 115600 ns, At safepoint: 1800 ns, Total: 117400 ns
[2026-08-02T09:17:11.408+0900][0.411s][info ][safepoint   ] Safepoint "RedefineClasses", Time since last: 45517800 ns, Reaching safepoint: 92500 ns, At safepoint: 5259500 ns, Total: 5352000 ns
[2026-08-02T09:17:11.451+0900][0.454s][info ][safepoint   ] Safepoint "ICBufferFull", Time since last: 43026500 ns, Reaching safepoint: 145100 ns, At safepoint: 13900 ns, Total: 159000 ns
[2026-08-02T09:17:11.472+0900][0.474s][info ][safepoint   ] Safepoint "JFRCheckpoint", Time since last: 20015600 ns, Reaching safepoint: 33000 ns, At safepoint: 16500 ns, Total: 49500 ns
[2026-08-02T09:17:11.481+0900][0.483s][info ][safepoint   ] Safepoint "JFROldObject", Time since last: 8679900 ns, Reaching safepoint: 81100 ns, At safepoint: 400300 ns, Total: 481400 ns
[2026-08-02T09:17:11.486+0900][0.489s][info ][safepoint   ] Safepoint "ClassLoaderStatsOperation", Time since last: 5569600 ns, Reaching safepoint: 28300 ns, At safepoint: 265800 ns, Total: 294100 ns
[2026-08-02T09:17:11.506+0900][0.508s][info ][gc,start    ] GC(0) Pause Full (System.gc())
[2026-08-02T09:17:11.506+0900][0.508s][debug][gc,heap     ] GC(0) Heap before GC invocations=0 (full 0):
[2026-08-02T09:17:11.506+0900][0.508s][debug][gc,heap     ] GC(0)  garbage-first heap   total 2097152K, used 32768K [0x000001f47e000000, 0x0000022b7e000000)
[2026-08-02T09:17:11.506+0900][0.508s][debug][gc,heap     ] GC(0)   region size 32768K, 2 young (65536K), 0 survivors (0K)
[2026-08-02T09:17:11.506+0900][0.508s][debug][gc,heap     ] GC(0)  Metaspace       used 3796K, committed 3904K, reserved 1114112K
[2026-08-02T09:17:11.506+0900][0.509s][debug][gc,heap     ] GC(0)   class space    used 339K, committed 384K, reserved 1048576K
[2026-08-02T09:17:11.506+0900][0.509s][info ][gc,task     ] GC(0) Using 2 workers of 18 for full compaction
[2026-08-02T09:17:11.506+0900][0.509s][info ][gc,phases,start] GC(0) Phase 1: Mark live objects
[2026-08-02T09:17:11.510+0900][0.512s][info ][gc,phases      ] GC(0) Phase 1: Mark live objects 3.403ms
[2026-08-02T09:17:11.510+0900][0.512s][info ][gc,phases,start] GC(0) Phase 2: Prepare for compaction
[2026-08-02T09:17:11.512+0900][0.515s][info ][gc,phases      ] GC(0) Phase 2: Prepare for compaction 2.624ms
[2026-08-02T09:17:11.512+0900][0.515s][info ][gc,phases,start] GC(0) Phase 3: Adjust pointers
[2026-08-02T09:17:11.515+0900][0.517s][info ][gc,phases      ] GC(0) Phase 3: Adjust pointers 2.082ms
[2026-08-02T09:17:11.515+0900][0.517s][info ][gc,phases,start] GC(0) Phase 4: Compact heap
[2026-08-02T09:17:11.518+0900][0.520s][info ][gc,phases      ] GC(0) Phase 4: Compact heap 3.481ms
[2026-08-02T09:17:11.522+0900][0.525s][debug][gc,heap        ] GC(0) Uncommittable regions after shrink: 57
[2026-08-02T09:17:11.523+0900][0.526s][info ][gc,heap        ] GC(0) Eden regions: 2->0(1)
[2026-08-02T09:17:11.523+0900][0.526s][info ][gc,heap        ] GC(0) Survivor regions: 0->0(0)
[2026-08-02T09:17:11.523+0900][0.526s][info ][gc,heap        ] GC(0) Old regions: 0->2
[2026-08-02T09:17:11.523+0900][0.526s][info ][gc,heap        ] GC(0) Archive regions: 0->0
[2026-08-02T09:17:11.523+0900][0.526s][info ][gc,heap        ] GC(0) Humongous regions: 0->0
[2026-08-02T09:17:11.523+0900][0.526s][info ][gc,metaspace   ] GC(0) Metaspace: 3796K(3904K)->3796K(3904K) NonClass: 3457K(3520K)->3457K(3520K) Class: 339K(384K)->339K(384K)
[2026-08-02T09:17:11.523+0900][0.526s][debug][gc,heap        ] GC(0) Heap after GC invocations=1 (full 1):
[2026-08-02T09:17:11.523+0900][0.526s][debug][gc,heap        ] GC(0)  garbage-first heap   total 229376K, used 8470K [0x000001f47e000000, 0x0000022b7e000000)
[2026-08-02T09:17:11.523+0900][0.526s][debug][gc,heap        ] GC(0)   region size 32768K, 0 young (0K), 0 survivors (0K)
[2026-08-02T09:17:11.523+0900][0.526s][debug][gc,heap        ] GC(0)  Metaspace       used 3796K, committed 3904K, reserved 1114112K
[2026-08-02T09:17:11.523+0900][0.526s][debug][gc,heap        ] GC(0)   class space    used 339K, committed 384K, reserved 1048576K
[2026-08-02T09:17:11.523+0900][0.526s][info ][gc             ] GC(0) Pause Full (System.gc()) 43M->8M(224M) 18.139ms
[2026-08-02T09:17:11.523+0900][0.526s][info ][gc,cpu         ] GC(0) User=0.02s Sys=0.00s Real=0.02s
[2026-08-02T09:17:11.523+0900][0.526s][info ][safepoint      ] Safepoint "G1CollectFull", Time since last: 19058400 ns, Reaching safepoint: 29600 ns, At safepoint: 18196000 ns, Total: 18225600 ns
[2026-08-02T09:17:11.744+0900][0.746s][debug][gc,heap        ] Concurrent Uncommit Summary: 1824M, 57 regions, 16.100ms
[2026-08-02T09:17:11.853+0900][0.856s][info ][gc,start       ] GC(1) Pause Full (System.gc())
[2026-08-02T09:17:11.853+0900][0.856s][debug][gc,heap        ] GC(1) Heap before GC invocations=1 (full 1):
[2026-08-02T09:17:11.853+0900][0.856s][debug][gc,heap        ] GC(1)  garbage-first heap   total 229376K, used 8470K [0x000001f47e000000, 0x0000022b7e000000)
[2026-08-02T09:17:11.853+0900][0.856s][debug][gc,heap        ] GC(1)   region size 32768K, 1 young (32768K), 0 survivors (0K)
[2026-08-02T09:17:11.853+0900][0.856s][debug][gc,heap        ] GC(1)  Metaspace       used 8882K, committed 9152K, reserved 1114112K
[2026-08-02T09:17:11.853+0900][0.856s][debug][gc,heap        ] GC(1)   class space    used 830K, committed 960K, reserved 1048576K
[2026-08-02T09:17:11.853+0900][0.856s][info ][gc,task        ] GC(1) Using 1 workers of 18 for full compaction
[2026-08-02T09:17:11.853+0900][0.856s][info ][gc,phases,start] GC(1) Phase 1: Mark live objects
[2026-08-02T09:17:11.863+0900][0.866s][info ][gc,phases      ] GC(1) Phase 1: Mark live objects 10.510ms
[2026-08-02T09:17:11.864+0900][0.866s][info ][gc,phases,start] GC(1) Phase 2: Prepare for compaction
[2026-08-02T09:17:11.866+0900][0.869s][info ][gc,phases      ] GC(1) Phase 2: Prepare for compaction 2.380ms
[2026-08-02T09:17:11.866+0900][0.869s][info ][gc,phases,start] GC(1) Phase 3: Adjust pointers
[2026-08-02T09:17:11.871+0900][0.873s][info ][gc,phases      ] GC(1) Phase 3: Adjust pointers 4.718ms
[2026-08-02T09:17:11.871+0900][0.874s][info ][gc,phases,start] GC(1) Phase 4: Compact heap
[2026-08-02T09:17:11.876+0900][0.878s][info ][gc,phases      ] GC(1) Phase 4: Compact heap 4.800ms
[2026-08-02T09:17:11.877+0900][0.879s][debug][gc,heap        ] GC(1) Uncommittable regions after shrink: 3
[2026-08-02T09:17:11.878+0900][0.881s][info ][gc,heap        ] GC(1) Eden regions: 1->0(1)
[2026-08-02T09:17:11.878+0900][0.881s][info ][gc,heap        ] GC(1) Survivor regions: 0->0(0)
[2026-08-02T09:17:11.878+0900][0.881s][info ][gc,heap        ] GC(1) Old regions: 2->1
[2026-08-02T09:17:11.878+0900][0.881s][info ][gc,heap        ] GC(1) Archive regions: 0->0
[2026-08-02T09:17:11.878+0900][0.881s][info ][gc,heap        ] GC(1) Humongous regions: 0->0
[2026-08-02T09:17:11.878+0900][0.881s][info ][gc,metaspace   ] GC(1) Metaspace: 8882K(9152K)->8882K(9152K) NonClass: 8051K(8192K)->8051K(8192K) Class: 830K(960K)->830K(960K)
[2026-08-02T09:17:11.878+0900][0.881s][debug][gc,heap        ] GC(1) Heap after GC invocations=2 (full 2):
[2026-08-02T09:17:11.878+0900][0.881s][debug][gc,heap        ] GC(1)  garbage-first heap   total 131072K, used 11701K [0x000001f47e000000, 0x0000022b7e000000)
[2026-08-02T09:17:11.878+0900][0.881s][debug][gc,heap        ] GC(1)   region size 32768K, 0 young (0K), 0 survivors (0K)
[2026-08-02T09:17:11.878+0900][0.881s][debug][gc,heap        ] GC(1)  Metaspace       used 8882K, committed 9152K, reserved 1114112K
[2026-08-02T09:17:11.878+0900][0.881s][debug][gc,heap        ] GC(1)   class space    used 830K, committed 960K, reserved 1048576K
[2026-08-02T09:17:11.878+0900][0.881s][info ][gc             ] GC(1) Pause Full (System.gc()) 26M->11M(128M) 25.158ms
[2026-08-02T09:17:11.878+0900][0.881s][info ][gc,cpu         ] GC(1) User=0.03s Sys=0.00s Real=0.03s
[2026-08-02T09:17:11.878+0900][0.881s][info ][safepoint      ] Safepoint "G1CollectFull", Time since last: 329100300 ns, Reaching safepoint: 96300 ns, At safepoint: 25284200 ns, Total: 25380500 ns
[2026-08-02T09:17:11.959+0900][0.961s][info ][gc,start       ] GC(2) Pause Full (System.gc())
[2026-08-02T09:17:11.959+0900][0.962s][debug][gc,heap        ] GC(2) Heap before GC invocations=2 (full 2):
[2026-08-02T09:17:11.959+0900][0.962s][debug][gc,heap        ] GC(2)  garbage-first heap   total 131072K, used 11701K [0x000001f47e000000, 0x0000022b7e000000)
[2026-08-02T09:17:11.959+0900][0.962s][debug][gc,heap        ] GC(2)   region size 32768K, 1 young (32768K), 0 survivors (0K)
[2026-08-02T09:17:11.959+0900][0.962s][debug][gc,heap        ] GC(2)  Metaspace       used 9246K, committed 9536K, reserved 1114112K
[2026-08-02T09:17:11.959+0900][0.962s][debug][gc,heap        ] GC(2)   class space    used 875K, committed 1024K, reserved 1048576K
[2026-08-02T09:17:11.959+0900][0.962s][info ][gc,task        ] GC(2) Using 1 workers of 18 for full compaction
[2026-08-02T09:17:11.959+0900][0.962s][info ][gc,phases,start] GC(2) Phase 1: Mark live objects
[2026-08-02T09:17:11.979+0900][0.982s][info ][gc,phases      ] GC(2) Phase 1: Mark live objects 20.150ms
[2026-08-02T09:17:11.979+0900][0.982s][info ][gc,phases,start] GC(2) Phase 2: Prepare for compaction
[2026-08-02T09:17:11.984+0900][0.987s][info ][gc,phases      ] GC(2) Phase 2: Prepare for compaction 4.912ms
[2026-08-02T09:17:11.984+0900][0.987s][info ][gc,phases,start] GC(2) Phase 3: Adjust pointers
[2026-08-02T09:17:11.994+0900][0.997s][info ][gc,phases      ] GC(2) Phase 3: Adjust pointers 9.731ms
[2026-08-02T09:17:11.994+0900][0.997s][info ][gc,phases,start] GC(2) Phase 4: Compact heap
[2026-08-02T09:17:11.999+0900][1.002s][info ][gc,phases      ] GC(2) Phase 4: Compact heap 5.690ms
[2026-08-02T09:17:12.002+0900][1.004s][info ][gc,heap        ] GC(2) Eden regions: 1->0(1)
[2026-08-02T09:17:12.002+0900][1.004s][info ][gc,heap        ] GC(2) Survivor regions: 0->0(0)
[2026-08-02T09:17:12.002+0900][1.004s][info ][gc,heap        ] GC(2) Old regions: 1->1
[2026-08-02T09:17:12.002+0900][1.004s][info ][gc,heap        ] GC(2) Archive regions: 0->0
[2026-08-02T09:17:12.002+0900][1.004s][info ][gc,heap        ] GC(2) Humongous regions: 0->0
[2026-08-02T09:17:12.002+0900][1.004s][info ][gc,metaspace   ] GC(2) Metaspace: 9246K(9536K)->9246K(9536K) NonClass: 8371K(8512K)->8371K(8512K) Class: 875K(1024K)->875K(1024K)
[2026-08-02T09:17:12.002+0900][1.004s][debug][gc,heap        ] GC(2) Heap after GC invocations=3 (full 3):
[2026-08-02T09:17:12.002+0900][1.004s][debug][gc,heap        ] GC(2)  garbage-first heap   total 131072K, used 17840K [0x000001f47e000000, 0x0000022b7e000000)
[2026-08-02T09:17:12.002+0900][1.004s][debug][gc,heap        ] GC(2)   region size 32768K, 0 young (0K), 0 survivors (0K)
[2026-08-02T09:17:12.002+0900][1.004s][debug][gc,heap        ] GC(2)  Metaspace       used 9246K, committed 9536K, reserved 1114112K
[2026-08-02T09:17:12.002+0900][1.004s][debug][gc,heap        ] GC(2)   class space    used 875K, committed 1024K, reserved 1048576K
[2026-08-02T09:17:12.002+0900][1.004s][info ][gc             ] GC(2) Pause Full (System.gc()) 30M->17M(128M) 42.793ms
[2026-08-02T09:17:12.002+0900][1.004s][info ][gc,cpu         ] GC(2) User=0.06s Sys=0.02s Real=0.04s
[2026-08-02T09:17:12.002+0900][1.004s][info ][safepoint      ] Safepoint "G1CollectFull", Time since last: 80605500 ns, Reaching safepoint: 45800 ns, At safepoint: 42920200 ns, Total: 42966000 ns
[2026-08-02T09:17:12.003+0900][1.006s][debug][gc,heap        ] Concurrent Uncommit Summary: 98304K, 3 regions, 1.749ms
[2026-08-02T09:17:12.021+0900][1.024s][info ][gc,start       ] GC(3) Pause Full (System.gc())
[2026-08-02T09:17:12.021+0900][1.024s][debug][gc,heap        ] GC(3) Heap before GC invocations=3 (full 3):
[2026-08-02T09:17:12.021+0900][1.024s][debug][gc,heap        ] GC(3)  garbage-first heap   total 131072K, used 17840K [0x000001f47e000000, 0x0000022b7e000000)
[2026-08-02T09:17:12.021+0900][1.024s][debug][gc,heap        ] GC(3)   region size 32768K, 1 young (32768K), 0 survivors (0K)
[2026-08-02T09:17:12.021+0900][1.024s][debug][gc,heap        ] GC(3)  Metaspace       used 9422K, committed 9728K, reserved 1114112K
[2026-08-02T09:17:12.021+0900][1.024s][debug][gc,heap        ] GC(3)   class space    used 895K, committed 1024K, reserved 1048576K
[2026-08-02T09:17:12.021+0900][1.024s][info ][gc,task        ] GC(3) Using 1 workers of 18 for full compaction
[2026-08-02T09:17:12.021+0900][1.024s][info ][gc,phases,start] GC(3) Phase 1: Mark live objects
[2026-08-02T09:17:12.037+0900][1.040s][info ][gc,phases      ] GC(3) Phase 1: Mark live objects 15.933ms
[2026-08-02T09:17:12.037+0900][1.040s][info ][gc,phases,start] GC(3) Phase 2: Prepare for compaction
[2026-08-02T09:17:12.040+0900][1.043s][info ][gc,phases      ] GC(3) Phase 2: Prepare for compaction 2.837ms
[2026-08-02T09:17:12.040+0900][1.043s][info ][gc,phases,start] GC(3) Phase 3: Adjust pointers
[2026-08-02T09:17:12.047+0900][1.049s][info ][gc,phases      ] GC(3) Phase 3: Adjust pointers 6.355ms
[2026-08-02T09:17:12.047+0900][1.049s][info ][gc,phases,start] GC(3) Phase 4: Compact heap
[2026-08-02T09:17:12.049+0900][1.052s][info ][gc,phases      ] GC(3) Phase 4: Compact heap 2.392ms
[2026-08-02T09:17:12.051+0900][1.053s][info ][gc,heap        ] GC(3) Eden regions: 1->0(1)
[2026-08-02T09:17:12.051+0900][1.053s][info ][gc,heap        ] GC(3) Survivor regions: 0->0(0)
[2026-08-02T09:17:12.051+0900][1.053s][info ][gc,heap        ] GC(3) Old regions: 1->1
[2026-08-02T09:17:12.051+0900][1.053s][info ][gc,heap        ] GC(3) Archive regions: 0->0
[2026-08-02T09:17:12.051+0900][1.053s][info ][gc,heap        ] GC(3) Humongous regions: 0->0
[2026-08-02T09:17:12.051+0900][1.053s][info ][gc,metaspace   ] GC(3) Metaspace: 9422K(9728K)->9422K(9728K) NonClass: 8527K(8704K)->8527K(8704K) Class: 895K(1024K)->895K(1024K)
[2026-08-02T09:17:12.051+0900][1.053s][debug][gc,heap        ] GC(3) Heap after GC invocations=4 (full 4):
[2026-08-02T09:17:12.051+0900][1.053s][debug][gc,heap        ] GC(3)  garbage-first heap   total 131072K, used 17901K [0x000001f47e000000, 0x0000022b7e000000)
[2026-08-02T09:17:12.051+0900][1.053s][debug][gc,heap        ] GC(3)   region size 32768K, 0 young (0K), 0 survivors (0K)
[2026-08-02T09:17:12.051+0900][1.053s][debug][gc,heap        ] GC(3)  Metaspace       used 9422K, committed 9728K, reserved 1114112K
[2026-08-02T09:17:12.051+0900][1.053s][debug][gc,heap        ] GC(3)   class space    used 895K, committed 1024K, reserved 1048576K
[2026-08-02T09:17:12.051+0900][1.053s][info ][gc             ] GC(3) Pause Full (System.gc()) 19M->17M(128M) 29.616ms
[2026-08-02T09:17:12.051+0900][1.053s][info ][gc,cpu         ] GC(3) User=0.03s Sys=0.00s Real=0.03s
[2026-08-02T09:17:12.051+0900][1.054s][info ][safepoint      ] Safepoint "G1CollectFull", Time since last: 19460600 ns, Reaching safepoint: 37100 ns, At safepoint: 29738000 ns, Total: 29775100 ns
[2026-08-02T09:17:12.054+0900][1.057s][info ][gc,start       ] GC(4) Pause Full (System.gc())
[2026-08-02T09:17:12.054+0900][1.057s][debug][gc,heap        ] GC(4) Heap before GC invocations=4 (full 4):
[2026-08-02T09:17:12.054+0900][1.057s][debug][gc,heap        ] GC(4)  garbage-first heap   total 131072K, used 17901K [0x000001f47e000000, 0x0000022b7e000000)
[2026-08-02T09:17:12.054+0900][1.057s][debug][gc,heap        ] GC(4)   region size 32768K, 1 young (32768K), 0 survivors (0K)
[2026-08-02T09:17:12.054+0900][1.057s][debug][gc,heap        ] GC(4)  Metaspace       used 9435K, committed 9728K, reserved 1114112K
[2026-08-02T09:17:12.054+0900][1.057s][debug][gc,heap        ] GC(4)   class space    used 895K, committed 1024K, reserved 1048576K
[2026-08-02T09:17:12.054+0900][1.057s][info ][gc,task        ] GC(4) Using 1 workers of 18 for full compaction
[2026-08-02T09:17:12.054+0900][1.057s][info ][gc,phases,start] GC(4) Phase 1: Mark live objects
[2026-08-02T09:17:12.071+0900][1.073s][info ][gc,phases      ] GC(4) Phase 1: Mark live objects 15.703ms
[2026-08-02T09:17:12.071+0900][1.073s][info ][gc,phases,start] GC(4) Phase 2: Prepare for compaction
[2026-08-02T09:17:12.073+0900][1.076s][info ][gc,phases      ] GC(4) Phase 2: Prepare for compaction 3.011ms
[2026-08-02T09:17:12.073+0900][1.076s][info ][gc,phases,start] GC(4) Phase 3: Adjust pointers
[2026-08-02T09:17:12.081+0900][1.084s][info ][gc,phases      ] GC(4) Phase 3: Adjust pointers 7.385ms
[2026-08-02T09:17:12.081+0900][1.084s][info ][gc,phases,start] GC(4) Phase 4: Compact heap
[2026-08-02T09:17:12.084+0900][1.086s][info ][gc,phases      ] GC(4) Phase 4: Compact heap 2.584ms
[2026-08-02T09:17:12.086+0900][1.088s][info ][gc,heap        ] GC(4) Eden regions: 1->0(1)
[2026-08-02T09:17:12.086+0900][1.088s][info ][gc,heap        ] GC(4) Survivor regions: 0->0(0)
[2026-08-02T09:17:12.086+0900][1.088s][info ][gc,heap        ] GC(4) Old regions: 1->1
[2026-08-02T09:17:12.086+0900][1.088s][info ][gc,heap        ] GC(4) Archive regions: 0->0
[2026-08-02T09:17:12.086+0900][1.088s][info ][gc,heap        ] GC(4) Humongous regions: 0->0
[2026-08-02T09:17:12.086+0900][1.088s][info ][gc,metaspace   ] GC(4) Metaspace: 9435K(9728K)->9435K(9728K) NonClass: 8540K(8704K)->8540K(8704K) Class: 895K(1024K)->895K(1024K)
[2026-08-02T09:17:12.086+0900][1.088s][debug][gc,heap        ] GC(4) Heap after GC invocations=5 (full 5):
[2026-08-02T09:17:12.086+0900][1.088s][debug][gc,heap        ] GC(4)  garbage-first heap   total 131072K, used 17909K [0x000001f47e000000, 0x0000022b7e000000)
[2026-08-02T09:17:12.086+0900][1.088s][debug][gc,heap        ] GC(4)   region size 32768K, 0 young (0K), 0 survivors (0K)
[2026-08-02T09:17:12.086+0900][1.088s][debug][gc,heap        ] GC(4)  Metaspace       used 9435K, committed 9728K, reserved 1114112K
[2026-08-02T09:17:12.086+0900][1.088s][debug][gc,heap        ] GC(4)   class space    used 895K, committed 1024K, reserved 1048576K
[2026-08-02T09:17:12.086+0900][1.088s][info ][gc             ] GC(4) Pause Full (System.gc()) 18M->17M(128M) 30.878ms
[2026-08-02T09:17:12.086+0900][1.088s][info ][gc,cpu         ] GC(4) User=0.03s Sys=0.00s Real=0.03s
[2026-08-02T09:17:12.086+0900][1.088s][info ][safepoint      ] Safepoint "G1CollectFull", Time since last: 3582700 ns, Reaching safepoint: 36400 ns, At safepoint: 31012600 ns, Total: 31049000 ns
[2026-08-02T09:17:12.088+0900][1.091s][info ][gc,start       ] GC(5) Pause Full (System.gc())
[2026-08-02T09:17:12.088+0900][1.091s][debug][gc,heap        ] GC(5) Heap before GC invocations=5 (full 5):
[2026-08-02T09:17:12.088+0900][1.091s][debug][gc,heap        ] GC(5)  garbage-first heap   total 131072K, used 17909K [0x000001f47e000000, 0x0000022b7e000000)
[2026-08-02T09:17:12.088+0900][1.091s][debug][gc,heap        ] GC(5)   region size 32768K, 1 young (32768K), 0 survivors (0K)
[2026-08-02T09:17:12.088+0900][1.091s][debug][gc,heap        ] GC(5)  Metaspace       used 9446K, committed 9728K, reserved 1114112K
[2026-08-02T09:17:12.088+0900][1.091s][debug][gc,heap        ] GC(5)   class space    used 895K, committed 1024K, reserved 1048576K
[2026-08-02T09:17:12.089+0900][1.091s][info ][gc,task        ] GC(5) Using 1 workers of 18 for full compaction
[2026-08-02T09:17:12.089+0900][1.091s][info ][gc,phases,start] GC(5) Phase 1: Mark live objects
[2026-08-02T09:17:12.104+0900][1.106s][info ][gc,phases      ] GC(5) Phase 1: Mark live objects 14.896ms
[2026-08-02T09:17:12.104+0900][1.106s][info ][gc,phases,start] GC(5) Phase 2: Prepare for compaction
[2026-08-02T09:17:12.106+0900][1.109s][info ][gc,phases      ] GC(5) Phase 2: Prepare for compaction 3.022ms
[2026-08-02T09:17:12.106+0900][1.110s][info ][gc,phases,start] GC(5) Phase 3: Adjust pointers
[2026-08-02T09:17:12.115+0900][1.118s][info ][gc,phases      ] GC(5) Phase 3: Adjust pointers 8.188ms
[2026-08-02T09:17:12.115+0900][1.118s][info ][gc,phases,start] GC(5) Phase 4: Compact heap
[2026-08-02T09:17:12.117+0900][1.120s][info ][gc,phases      ] GC(5) Phase 4: Compact heap 2.638ms
[2026-08-02T09:17:12.120+0900][1.122s][info ][gc,heap        ] GC(5) Eden regions: 1->0(1)
[2026-08-02T09:17:12.120+0900][1.122s][info ][gc,heap        ] GC(5) Survivor regions: 0->0(0)
[2026-08-02T09:17:12.120+0900][1.122s][info ][gc,heap        ] GC(5) Old regions: 1->1
[2026-08-02T09:17:12.120+0900][1.122s][info ][gc,heap        ] GC(5) Archive regions: 0->0
[2026-08-02T09:17:12.120+0900][1.122s][info ][gc,heap        ] GC(5) Humongous regions: 0->0
[2026-08-02T09:17:12.120+0900][1.122s][info ][gc,metaspace   ] GC(5) Metaspace: 9446K(9728K)->9446K(9728K) NonClass: 8551K(8704K)->8551K(8704K) Class: 895K(1024K)->895K(1024K)
[2026-08-02T09:17:12.120+0900][1.122s][debug][gc,heap        ] GC(5) Heap after GC invocations=6 (full 6):
[2026-08-02T09:17:12.120+0900][1.122s][debug][gc,heap        ] GC(5)  garbage-first heap   total 131072K, used 17918K [0x000001f47e000000, 0x0000022b7e000000)
[2026-08-02T09:17:12.120+0900][1.122s][debug][gc,heap        ] GC(5)   region size 32768K, 0 young (0K), 0 survivors (0K)
[2026-08-02T09:17:12.120+0900][1.122s][debug][gc,heap        ] GC(5)  Metaspace       used 9446K, committed 9728K, reserved 1114112K
[2026-08-02T09:17:12.120+0900][1.122s][debug][gc,heap        ] GC(5)   class space    used 895K, committed 1024K, reserved 1048576K
[2026-08-02T09:17:12.120+0900][1.122s][info ][gc             ] GC(5) Pause Full (System.gc()) 18M->17M(128M) 31.013ms
[2026-08-02T09:17:12.120+0900][1.122s][info ][gc,cpu         ] GC(5) User=0.03s Sys=0.00s Real=0.03s
[2026-08-02T09:17:12.120+0900][1.122s][info ][safepoint      ] Safepoint "G1CollectFull", Time since last: 3090700 ns, Reaching safepoint: 25800 ns, At safepoint: 31129300 ns, Total: 31155100 ns
[2026-08-02T09:17:12.122+0900][1.125s][info ][gc,start       ] GC(6) Pause Full (System.gc())
[2026-08-02T09:17:12.122+0900][1.125s][debug][gc,heap        ] GC(6) Heap before GC invocations=6 (full 6):
[2026-08-02T09:17:12.122+0900][1.125s][debug][gc,heap        ] GC(6)  garbage-first heap   total 131072K, used 17918K [0x000001f47e000000, 0x0000022b7e000000)
[2026-08-02T09:17:12.122+0900][1.125s][debug][gc,heap        ] GC(6)   region size 32768K, 1 young (32768K), 0 survivors (0K)
[2026-08-02T09:17:12.122+0900][1.125s][debug][gc,heap        ] GC(6)  Metaspace       used 9469K, committed 9792K, reserved 1114112K
[2026-08-02T09:17:12.122+0900][1.125s][debug][gc,heap        ] GC(6)   class space    used 895K, committed 1024K, reserved 1048576K
[2026-08-02T09:17:12.122+0900][1.125s][info ][gc,task        ] GC(6) Using 1 workers of 18 for full compaction
[2026-08-02T09:17:12.122+0900][1.126s][info ][gc,phases,start] GC(6) Phase 1: Mark live objects
[2026-08-02T09:17:12.140+0900][1.142s][info ][gc,phases      ] GC(6) Phase 1: Mark live objects 16.791ms
[2026-08-02T09:17:12.140+0900][1.142s][info ][gc,phases,start] GC(6) Phase 2: Prepare for compaction
[2026-08-02T09:17:12.143+0900][1.145s][info ][gc,phases      ] GC(6) Phase 2: Prepare for compaction 3.103ms
[2026-08-02T09:17:12.143+0900][1.146s][info ][gc,phases,start] GC(6) Phase 3: Adjust pointers
[2026-08-02T09:17:12.152+0900][1.155s][info ][gc,phases      ] GC(6) Phase 3: Adjust pointers 9.034ms
[2026-08-02T09:17:12.152+0900][1.155s][info ][gc,phases,start] GC(6) Phase 4: Compact heap
[2026-08-02T09:17:12.155+0900][1.157s][info ][gc,phases      ] GC(6) Phase 4: Compact heap 2.752ms
[2026-08-02T09:17:12.157+0900][1.159s][info ][gc,heap        ] GC(6) Eden regions: 1->0(1)
[2026-08-02T09:17:12.157+0900][1.159s][info ][gc,heap        ] GC(6) Survivor regions: 0->0(0)
[2026-08-02T09:17:12.157+0900][1.159s][info ][gc,heap        ] GC(6) Old regions: 1->1
[2026-08-02T09:17:12.157+0900][1.159s][info ][gc,heap        ] GC(6) Archive regions: 0->0
[2026-08-02T09:17:12.157+0900][1.159s][info ][gc,heap        ] GC(6) Humongous regions: 0->0
[2026-08-02T09:17:12.157+0900][1.159s][info ][gc,metaspace   ] GC(6) Metaspace: 9469K(9792K)->9469K(9792K) NonClass: 8574K(8768K)->8574K(8768K) Class: 895K(1024K)->895K(1024K)
[2026-08-02T09:17:12.157+0900][1.159s][debug][gc,heap        ] GC(6) Heap after GC invocations=7 (full 7):
[2026-08-02T09:17:12.157+0900][1.159s][debug][gc,heap        ] GC(6)  garbage-first heap   total 131072K, used 17927K [0x000001f47e000000, 0x0000022b7e000000)
[2026-08-02T09:17:12.157+0900][1.159s][debug][gc,heap        ] GC(6)   region size 32768K, 0 young (0K), 0 survivors (0K)
[2026-08-02T09:17:12.157+0900][1.159s][debug][gc,heap        ] GC(6)  Metaspace       used 9469K, committed 9792K, reserved 1114112K
[2026-08-02T09:17:12.157+0900][1.159s][debug][gc,heap        ] GC(6)   class space    used 895K, committed 1024K, reserved 1048576K
[2026-08-02T09:17:12.157+0900][1.159s][info ][gc             ] GC(6) Pause Full (System.gc()) 18M->17M(128M) 33.936ms
[2026-08-02T09:17:12.157+0900][1.159s][info ][gc,cpu         ] GC(6) User=0.03s Sys=0.00s Real=0.04s
[2026-08-02T09:17:12.157+0900][1.159s][info ][safepoint      ] Safepoint "G1CollectFull", Time since last: 2836700 ns, Reaching safepoint: 32300 ns, At safepoint: 34060100 ns, Total: 34092400 ns
[2026-08-02T09:17:12.160+0900][1.162s][info ][gc,start       ] GC(7) Pause Full (System.gc())
[2026-08-02T09:17:12.160+0900][1.163s][debug][gc,heap        ] GC(7) Heap before GC invocations=7 (full 7):
[2026-08-02T09:17:12.160+0900][1.163s][debug][gc,heap        ] GC(7)  garbage-first heap   total 131072K, used 17927K [0x000001f47e000000, 0x0000022b7e000000)
[2026-08-02T09:17:12.160+0900][1.163s][debug][gc,heap        ] GC(7)   region size 32768K, 1 young (32768K), 0 survivors (0K)
[2026-08-02T09:17:12.160+0900][1.163s][debug][gc,heap        ] GC(7)  Metaspace       used 9481K, committed 9792K, reserved 1114112K
[2026-08-02T09:17:12.160+0900][1.163s][debug][gc,heap        ] GC(7)   class space    used 895K, committed 1024K, reserved 1048576K
[2026-08-02T09:17:12.160+0900][1.163s][info ][gc,task        ] GC(7) Using 1 workers of 18 for full compaction
[2026-08-02T09:17:12.160+0900][1.163s][info ][gc,phases,start] GC(7) Phase 1: Mark live objects
[2026-08-02T09:17:12.177+0900][1.179s][info ][gc,phases      ] GC(7) Phase 1: Mark live objects 16.867ms
[2026-08-02T09:17:12.177+0900][1.180s][info ][gc,phases,start] GC(7) Phase 2: Prepare for compaction
[2026-08-02T09:17:12.180+0900][1.183s][info ][gc,phases      ] GC(7) Phase 2: Prepare for compaction 3.164ms
[2026-08-02T09:17:12.180+0900][1.183s][info ][gc,phases,start] GC(7) Phase 3: Adjust pointers
[2026-08-02T09:17:12.188+0900][1.191s][info ][gc,phases      ] GC(7) Phase 3: Adjust pointers 8.169ms
[2026-08-02T09:17:12.188+0900][1.191s][info ][gc,phases,start] GC(7) Phase 4: Compact heap
[2026-08-02T09:17:12.191+0900][1.194s][info ][gc,phases      ] GC(7) Phase 4: Compact heap 2.709ms
[2026-08-02T09:17:12.193+0900][1.196s][info ][gc,heap        ] GC(7) Eden regions: 1->0(1)
[2026-08-02T09:17:12.193+0900][1.196s][info ][gc,heap        ] GC(7) Survivor regions: 0->0(0)
[2026-08-02T09:17:12.193+0900][1.196s][info ][gc,heap        ] GC(7) Old regions: 1->1
[2026-08-02T09:17:12.193+0900][1.196s][info ][gc,heap        ] GC(7) Archive regions: 0->0
[2026-08-02T09:17:12.193+0900][1.196s][info ][gc,heap        ] GC(7) Humongous regions: 0->0
[2026-08-02T09:17:12.193+0900][1.196s][info ][gc,metaspace   ] GC(7) Metaspace: 9481K(9792K)->9481K(9792K) NonClass: 8585K(8768K)->8585K(8768K) Class: 895K(1024K)->895K(1024K)
[2026-08-02T09:17:12.193+0900][1.196s][debug][gc,heap        ] GC(7) Heap after GC invocations=8 (full 8):
[2026-08-02T09:17:12.193+0900][1.196s][debug][gc,heap        ] GC(7)  garbage-first heap   total 131072K, used 17936K [0x000001f47e000000, 0x0000022b7e000000)
[2026-08-02T09:17:12.193+0900][1.196s][debug][gc,heap        ] GC(7)   region size 32768K, 0 young (0K), 0 survivors (0K)
[2026-08-02T09:17:12.193+0900][1.196s][debug][gc,heap        ] GC(7)  Metaspace       used 9481K, committed 9792K, reserved 1114112K
[2026-08-02T09:17:12.193+0900][1.196s][debug][gc,heap        ] GC(7)   class space    used 895K, committed 1024K, reserved 1048576K
[2026-08-02T09:17:12.193+0900][1.196s][info ][gc             ] GC(7) Pause Full (System.gc()) 19M->17M(128M) 33.205ms
[2026-08-02T09:17:12.193+0900][1.196s][info ][gc,cpu         ] GC(7) User=0.03s Sys=0.00s Real=0.03s
[2026-08-02T09:17:12.193+0900][1.196s][info ][safepoint      ] Safepoint "G1CollectFull", Time since last: 3014200 ns, Reaching safepoint: 41700 ns, At safepoint: 33324400 ns, Total: 33366100 ns
[2026-08-02T09:17:12.195+0900][1.198s][info ][gc,start       ] GC(8) Pause Full (System.gc())
[2026-08-02T09:17:12.195+0900][1.198s][debug][gc,heap        ] GC(8) Heap before GC invocations=8 (full 8):
[2026-08-02T09:17:12.195+0900][1.198s][debug][gc,heap        ] GC(8)  garbage-first heap   total 131072K, used 17936K [0x000001f47e000000, 0x0000022b7e000000)
[2026-08-02T09:17:12.195+0900][1.198s][debug][gc,heap        ] GC(8)   region size 32768K, 1 young (32768K), 0 survivors (0K)
[2026-08-02T09:17:12.195+0900][1.198s][debug][gc,heap        ] GC(8)  Metaspace       used 9489K, committed 9792K, reserved 1114112K
[2026-08-02T09:17:12.195+0900][1.198s][debug][gc,heap        ] GC(8)   class space    used 895K, committed 1024K, reserved 1048576K
[2026-08-02T09:17:12.195+0900][1.198s][info ][gc,task        ] GC(8) Using 1 workers of 18 for full compaction
[2026-08-02T09:17:12.195+0900][1.198s][info ][gc,phases,start] GC(8) Phase 1: Mark live objects
[2026-08-02T09:17:12.212+0900][1.215s][info ][gc,phases      ] GC(8) Phase 1: Mark live objects 16.502ms
[2026-08-02T09:17:12.212+0900][1.215s][info ][gc,phases,start] GC(8) Phase 2: Prepare for compaction
[2026-08-02T09:17:12.215+0900][1.218s][info ][gc,phases      ] GC(8) Phase 2: Prepare for compaction 3.062ms
[2026-08-02T09:17:12.215+0900][1.218s][info ][gc,phases,start] GC(8) Phase 3: Adjust pointers
[2026-08-02T09:17:12.223+0900][1.226s][info ][gc,phases      ] GC(8) Phase 3: Adjust pointers 7.960ms
[2026-08-02T09:17:12.224+0900][1.226s][info ][gc,phases,start] GC(8) Phase 4: Compact heap
[2026-08-02T09:17:12.226+0900][1.229s][info ][gc,phases      ] GC(8) Phase 4: Compact heap 2.751ms
[2026-08-02T09:17:12.228+0900][1.231s][info ][gc,heap        ] GC(8) Eden regions: 1->0(1)
[2026-08-02T09:17:12.228+0900][1.231s][info ][gc,heap        ] GC(8) Survivor regions: 0->0(0)
[2026-08-02T09:17:12.228+0900][1.231s][info ][gc,heap        ] GC(8) Old regions: 1->1
[2026-08-02T09:17:12.228+0900][1.231s][info ][gc,heap        ] GC(8) Archive regions: 0->0
[2026-08-02T09:17:12.228+0900][1.231s][info ][gc,heap        ] GC(8) Humongous regions: 0->0
[2026-08-02T09:17:12.228+0900][1.231s][info ][gc,metaspace   ] GC(8) Metaspace: 9489K(9792K)->9489K(9792K) NonClass: 8593K(8768K)->8593K(8768K) Class: 895K(1024K)->895K(1024K)
[2026-08-02T09:17:12.228+0900][1.231s][debug][gc,heap        ] GC(8) Heap after GC invocations=9 (full 9):
[2026-08-02T09:17:12.228+0900][1.231s][debug][gc,heap        ] GC(8)  garbage-first heap   total 131072K, used 17945K [0x000001f47e000000, 0x0000022b7e000000)
[2026-08-02T09:17:12.228+0900][1.231s][debug][gc,heap        ] GC(8)   region size 32768K, 0 young (0K), 0 survivors (0K)
[2026-08-02T09:17:12.228+0900][1.231s][debug][gc,heap        ] GC(8)  Metaspace       used 9489K, committed 9792K, reserved 1114112K
[2026-08-02T09:17:12.228+0900][1.231s][debug][gc,heap        ] GC(8)   class space    used 895K, committed 1024K, reserved 1048576K
[2026-08-02T09:17:12.228+0900][1.231s][info ][gc             ] GC(8) Pause Full (System.gc()) 18M->17M(128M) 32.633ms
[2026-08-02T09:17:12.228+0900][1.231s][info ][gc,cpu         ] GC(8) User=0.03s Sys=0.00s Real=0.03s
[2026-08-02T09:17:12.228+0900][1.231s][info ][safepoint      ] Safepoint "G1CollectFull", Time since last: 2476800 ns, Reaching safepoint: 27600 ns, At safepoint: 32685900 ns, Total: 32713500 ns
[2026-08-02T09:17:12.231+0900][1.233s][info ][gc,start       ] GC(9) Pause Full (System.gc())
[2026-08-02T09:17:12.231+0900][1.233s][debug][gc,heap        ] GC(9) Heap before GC invocations=9 (full 9):
[2026-08-02T09:17:12.231+0900][1.233s][debug][gc,heap        ] GC(9)  garbage-first heap   total 131072K, used 17945K [0x000001f47e000000, 0x0000022b7e000000)
[2026-08-02T09:17:12.231+0900][1.233s][debug][gc,heap        ] GC(9)   region size 32768K, 1 young (32768K), 0 survivors (0K)
[2026-08-02T09:17:12.231+0900][1.233s][debug][gc,heap        ] GC(9)  Metaspace       used 9508K, committed 9792K, reserved 1114112K
[2026-08-02T09:17:12.231+0900][1.233s][debug][gc,heap        ] GC(9)   class space    used 895K, committed 1024K, reserved 1048576K
[2026-08-02T09:17:12.231+0900][1.233s][info ][gc,task        ] GC(9) Using 1 workers of 18 for full compaction
[2026-08-02T09:17:12.231+0900][1.233s][info ][gc,phases,start] GC(9) Phase 1: Mark live objects
[2026-08-02T09:17:12.247+0900][1.249s][info ][gc,phases      ] GC(9) Phase 1: Mark live objects 15.601ms
[2026-08-02T09:17:12.247+0900][1.249s][info ][gc,phases,start] GC(9) Phase 2: Prepare for compaction
[2026-08-02T09:17:12.249+0900][1.252s][info ][gc,phases      ] GC(9) Phase 2: Prepare for compaction 3.060ms
[2026-08-02T09:17:12.249+0900][1.252s][info ][gc,phases,start] GC(9) Phase 3: Adjust pointers
[2026-08-02T09:17:12.257+0900][1.260s][info ][gc,phases      ] GC(9) Phase 3: Adjust pointers 7.553ms
[2026-08-02T09:17:12.257+0900][1.260s][info ][gc,phases,start] GC(9) Phase 4: Compact heap
[2026-08-02T09:17:12.260+0900][1.262s][info ][gc,phases      ] GC(9) Phase 4: Compact heap 2.391ms
[2026-08-02T09:17:12.262+0900][1.264s][info ][gc,heap        ] GC(9) Eden regions: 1->0(1)
[2026-08-02T09:17:12.262+0900][1.264s][info ][gc,heap        ] GC(9) Survivor regions: 0->0(0)
[2026-08-02T09:17:12.262+0900][1.264s][info ][gc,heap        ] GC(9) Old regions: 1->1
[2026-08-02T09:17:12.262+0900][1.264s][info ][gc,heap        ] GC(9) Archive regions: 0->0
[2026-08-02T09:17:12.262+0900][1.264s][info ][gc,heap        ] GC(9) Humongous regions: 0->0
[2026-08-02T09:17:12.262+0900][1.264s][info ][gc,metaspace   ] GC(9) Metaspace: 9508K(9792K)->9508K(9792K) NonClass: 8612K(8768K)->8612K(8768K) Class: 895K(1024K)->895K(1024K)
[2026-08-02T09:17:12.262+0900][1.264s][debug][gc,heap        ] GC(9) Heap after GC invocations=10 (full 10):
[2026-08-02T09:17:12.262+0900][1.264s][debug][gc,heap        ] GC(9)  garbage-first heap   total 131072K, used 17954K [0x000001f47e000000, 0x0000022b7e000000)
[2026-08-02T09:17:12.262+0900][1.264s][debug][gc,heap        ] GC(9)   region size 32768K, 0 young (0K), 0 survivors (0K)
[2026-08-02T09:17:12.262+0900][1.264s][debug][gc,heap        ] GC(9)  Metaspace       used 9508K, committed 9792K, reserved 1114112K
[2026-08-02T09:17:12.262+0900][1.264s][debug][gc,heap        ] GC(9)   class space    used 895K, committed 1024K, reserved 1048576K
[2026-08-02T09:17:12.262+0900][1.264s][info ][gc             ] GC(9) Pause Full (System.gc()) 18M->17M(128M) 30.833ms
[2026-08-02T09:17:12.262+0900][1.264s][info ][gc,cpu         ] GC(9) User=0.02s Sys=0.00s Real=0.03s
[2026-08-02T09:17:12.262+0900][1.264s][info ][safepoint      ] Safepoint "G1CollectFull", Time since last: 2324900 ns, Reaching safepoint: 23100 ns, At safepoint: 30884200 ns, Total: 30907300 ns
[2026-08-02T09:17:12.263+0900][1.266s][info ][gc,start       ] GC(10) Pause Full (System.gc())
[2026-08-02T09:17:12.263+0900][1.266s][debug][gc,heap        ] GC(10) Heap before GC invocations=10 (full 10):
[2026-08-02T09:17:12.263+0900][1.266s][debug][gc,heap        ] GC(10)  garbage-first heap   total 131072K, used 17954K [0x000001f47e000000, 0x0000022b7e000000)
[2026-08-02T09:17:12.263+0900][1.266s][debug][gc,heap        ] GC(10)   region size 32768K, 1 young (32768K), 0 survivors (0K)
[2026-08-02T09:17:12.263+0900][1.266s][debug][gc,heap        ] GC(10)  Metaspace       used 9510K, committed 9792K, reserved 1114112K
[2026-08-02T09:17:12.263+0900][1.266s][debug][gc,heap        ] GC(10)   class space    used 895K, committed 1024K, reserved 1048576K
[2026-08-02T09:17:12.263+0900][1.266s][info ][gc,task        ] GC(10) Using 1 workers of 18 for full compaction
[2026-08-02T09:17:12.263+0900][1.266s][info ][gc,phases,start] GC(10) Phase 1: Mark live objects
[2026-08-02T09:17:12.278+0900][1.281s][info ][gc,phases      ] GC(10) Phase 1: Mark live objects 15.032ms
[2026-08-02T09:17:12.279+0900][1.281s][info ][gc,phases,start] GC(10) Phase 2: Prepare for compaction
[2026-08-02T09:17:12.282+0900][1.284s][info ][gc,phases      ] GC(10) Phase 2: Prepare for compaction 2.938ms
[2026-08-02T09:17:12.282+0900][1.284s][info ][gc,phases,start] GC(10) Phase 3: Adjust pointers
[2026-08-02T09:17:12.289+0900][1.292s][info ][gc,phases      ] GC(10) Phase 3: Adjust pointers 7.984ms
[2026-08-02T09:17:12.289+0900][1.292s][info ][gc,phases,start] GC(10) Phase 4: Compact heap
[2026-08-02T09:17:12.293+0900][1.295s][info ][gc,phases      ] GC(10) Phase 4: Compact heap 2.500ms
[2026-08-02T09:17:12.294+0900][1.297s][info ][gc,heap        ] GC(10) Eden regions: 1->0(1)
[2026-08-02T09:17:12.294+0900][1.297s][info ][gc,heap        ] GC(10) Survivor regions: 0->0(0)
[2026-08-02T09:17:12.294+0900][1.297s][info ][gc,heap        ] GC(10) Old regions: 1->1
[2026-08-02T09:17:12.294+0900][1.297s][info ][gc,heap        ] GC(10) Archive regions: 0->0
[2026-08-02T09:17:12.294+0900][1.297s][info ][gc,heap        ] GC(10) Humongous regions: 0->0
[2026-08-02T09:17:12.294+0900][1.297s][info ][gc,metaspace   ] GC(10) Metaspace: 9510K(9792K)->9510K(9792K) NonClass: 8614K(8768K)->8614K(8768K) Class: 895K(1024K)->895K(1024K)
[2026-08-02T09:17:12.294+0900][1.297s][debug][gc,heap        ] GC(10) Heap after GC invocations=11 (full 11):
[2026-08-02T09:17:12.294+0900][1.297s][debug][gc,heap        ] GC(10)  garbage-first heap   total 131072K, used 17964K [0x000001f47e000000, 0x0000022b7e000000)
[2026-08-02T09:17:12.294+0900][1.297s][debug][gc,heap        ] GC(10)   region size 32768K, 0 young (0K), 0 survivors (0K)
[2026-08-02T09:17:12.294+0900][1.297s][debug][gc,heap        ] GC(10)  Metaspace       used 9510K, committed 9792K, reserved 1114112K
[2026-08-02T09:17:12.294+0900][1.297s][debug][gc,heap        ] GC(10)   class space    used 895K, committed 1024K, reserved 1048576K
[2026-08-02T09:17:12.294+0900][1.297s][info ][gc             ] GC(10) Pause Full (System.gc()) 18M->17M(128M) 30.663ms
[2026-08-02T09:17:12.294+0900][1.297s][info ][gc,cpu         ] GC(10) User=0.03s Sys=0.00s Real=0.03s
[2026-08-02T09:17:12.294+0900][1.297s][info ][safepoint      ] Safepoint "G1CollectFull", Time since last: 1953800 ns, Reaching safepoint: 32800 ns, At safepoint: 30774900 ns, Total: 30807700 ns
[2026-08-02T09:17:12.296+0900][1.299s][info ][gc,start       ] GC(11) Pause Full (System.gc())
[2026-08-02T09:17:12.296+0900][1.299s][debug][gc,heap        ] GC(11) Heap before GC invocations=11 (full 11):
[2026-08-02T09:17:12.296+0900][1.299s][debug][gc,heap        ] GC(11)  garbage-first heap   total 131072K, used 17964K [0x000001f47e000000, 0x0000022b7e000000)
[2026-08-02T09:17:12.296+0900][1.299s][debug][gc,heap        ] GC(11)   region size 32768K, 1 young (32768K), 0 survivors (0K)
[2026-08-02T09:17:12.296+0900][1.299s][debug][gc,heap        ] GC(11)  Metaspace       used 9516K, committed 9792K, reserved 1114112K
[2026-08-02T09:17:12.296+0900][1.299s][debug][gc,heap        ] GC(11)   class space    used 895K, committed 1024K, reserved 1048576K
[2026-08-02T09:17:12.296+0900][1.299s][info ][gc,task        ] GC(11) Using 1 workers of 18 for full compaction
[2026-08-02T09:17:12.296+0900][1.299s][info ][gc,phases,start] GC(11) Phase 1: Mark live objects
[2026-08-02T09:17:12.310+0900][1.313s][info ][gc,phases      ] GC(11) Phase 1: Mark live objects 13.744ms
[2026-08-02T09:17:12.311+0900][1.313s][info ][gc,phases,start] GC(11) Phase 2: Prepare for compaction
[2026-08-02T09:17:12.313+0900][1.316s][info ][gc,phases      ] GC(11) Phase 2: Prepare for compaction 2.790ms
[2026-08-02T09:17:12.313+0900][1.316s][info ][gc,phases,start] GC(11) Phase 3: Adjust pointers
[2026-08-02T09:17:12.319+0900][1.322s][info ][gc,phases      ] GC(11) Phase 3: Adjust pointers 5.911ms
[2026-08-02T09:17:12.319+0900][1.322s][info ][gc,phases,start] GC(11) Phase 4: Compact heap
[2026-08-02T09:17:12.322+0900][1.324s][info ][gc,phases      ] GC(11) Phase 4: Compact heap 2.179ms
[2026-08-02T09:17:12.323+0900][1.325s][info ][gc,heap        ] GC(11) Eden regions: 1->0(1)
[2026-08-02T09:17:12.323+0900][1.325s][info ][gc,heap        ] GC(11) Survivor regions: 0->0(0)
[2026-08-02T09:17:12.323+0900][1.325s][info ][gc,heap        ] GC(11) Old regions: 1->1
[2026-08-02T09:17:12.323+0900][1.326s][info ][gc,heap        ] GC(11) Archive regions: 0->0
[2026-08-02T09:17:12.323+0900][1.326s][info ][gc,heap        ] GC(11) Humongous regions: 0->0
[2026-08-02T09:17:12.323+0900][1.326s][info ][gc,metaspace   ] GC(11) Metaspace: 9516K(9792K)->9516K(9792K) NonClass: 8620K(8768K)->8620K(8768K) Class: 895K(1024K)->895K(1024K)
[2026-08-02T09:17:12.323+0900][1.326s][debug][gc,heap        ] GC(11) Heap after GC invocations=12 (full 12):
[2026-08-02T09:17:12.323+0900][1.326s][debug][gc,heap        ] GC(11)  garbage-first heap   total 131072K, used 17973K [0x000001f47e000000, 0x0000022b7e000000)
[2026-08-02T09:17:12.323+0900][1.326s][debug][gc,heap        ] GC(11)   region size 32768K, 0 young (0K), 0 survivors (0K)
[2026-08-02T09:17:12.323+0900][1.326s][debug][gc,heap        ] GC(11)  Metaspace       used 9516K, committed 9792K, reserved 1114112K
[2026-08-02T09:17:12.323+0900][1.326s][debug][gc,heap        ] GC(11)   class space    used 895K, committed 1024K, reserved 1048576K
[2026-08-02T09:17:12.323+0900][1.326s][info ][gc             ] GC(11) Pause Full (System.gc()) 18M->17M(128M) 26.573ms
[2026-08-02T09:17:12.323+0900][1.326s][info ][gc,cpu         ] GC(11) User=0.02s Sys=0.00s Real=0.03s
[2026-08-02T09:17:12.323+0900][1.326s][info ][safepoint      ] Safepoint "G1CollectFull", Time since last: 1970900 ns, Reaching safepoint: 77900 ns, At safepoint: 26681700 ns, Total: 26759600 ns
[2026-08-02T09:17:12.325+0900][1.328s][info ][gc,start       ] GC(12) Pause Full (System.gc())
[2026-08-02T09:17:12.325+0900][1.328s][debug][gc,heap        ] GC(12) Heap before GC invocations=12 (full 12):
[2026-08-02T09:17:12.325+0900][1.328s][debug][gc,heap        ] GC(12)  garbage-first heap   total 131072K, used 17973K [0x000001f47e000000, 0x0000022b7e000000)
[2026-08-02T09:17:12.325+0900][1.328s][debug][gc,heap        ] GC(12)   region size 32768K, 1 young (32768K), 0 survivors (0K)
[2026-08-02T09:17:12.325+0900][1.328s][debug][gc,heap        ] GC(12)  Metaspace       used 9519K, committed 9792K, reserved 1114112K
[2026-08-02T09:17:12.325+0900][1.328s][debug][gc,heap        ] GC(12)   class space    used 895K, committed 1024K, reserved 1048576K
[2026-08-02T09:17:12.325+0900][1.328s][info ][gc,task        ] GC(12) Using 1 workers of 18 for full compaction
[2026-08-02T09:17:12.325+0900][1.328s][info ][gc,phases,start] GC(12) Phase 1: Mark live objects
[2026-08-02T09:17:12.341+0900][1.344s][info ][gc,phases      ] GC(12) Phase 1: Mark live objects 15.449ms
[2026-08-02T09:17:12.341+0900][1.344s][info ][gc,phases,start] GC(12) Phase 2: Prepare for compaction
[2026-08-02T09:17:12.344+0900][1.346s][info ][gc,phases      ] GC(12) Phase 2: Prepare for compaction 2.860ms
[2026-08-02T09:17:12.344+0900][1.346s][info ][gc,phases,start] GC(12) Phase 3: Adjust pointers
[2026-08-02T09:17:12.351+0900][1.353s][info ][gc,phases      ] GC(12) Phase 3: Adjust pointers 6.986ms
[2026-08-02T09:17:12.351+0900][1.354s][info ][gc,phases,start] GC(12) Phase 4: Compact heap
[2026-08-02T09:17:12.354+0900][1.357s][info ][gc,phases      ] GC(12) Phase 4: Compact heap 3.427ms
[2026-08-02T09:17:12.356+0900][1.359s][info ][gc,heap        ] GC(12) Eden regions: 1->0(1)
[2026-08-02T09:17:12.356+0900][1.359s][info ][gc,heap        ] GC(12) Survivor regions: 0->0(0)
[2026-08-02T09:17:12.356+0900][1.359s][info ][gc,heap        ] GC(12) Old regions: 1->1
[2026-08-02T09:17:12.356+0900][1.359s][info ][gc,heap        ] GC(12) Archive regions: 0->0
[2026-08-02T09:17:12.356+0900][1.359s][info ][gc,heap        ] GC(12) Humongous regions: 0->0
[2026-08-02T09:17:12.356+0900][1.359s][info ][gc,metaspace   ] GC(12) Metaspace: 9519K(9792K)->9519K(9792K) NonClass: 8623K(8768K)->8623K(8768K) Class: 895K(1024K)->895K(1024K)
[2026-08-02T09:17:12.356+0900][1.359s][debug][gc,heap        ] GC(12) Heap after GC invocations=13 (full 13):
[2026-08-02T09:17:12.356+0900][1.359s][debug][gc,heap        ] GC(12)  garbage-first heap   total 131072K, used 17987K [0x000001f47e000000, 0x0000022b7e000000)
[2026-08-02T09:17:12.356+0900][1.359s][debug][gc,heap        ] GC(12)   region size 32768K, 0 young (0K), 0 survivors (0K)
[2026-08-02T09:17:12.356+0900][1.359s][debug][gc,heap        ] GC(12)  Metaspace       used 9519K, committed 9792K, reserved 1114112K
[2026-08-02T09:17:12.356+0900][1.359s][debug][gc,heap        ] GC(12)   class space    used 895K, committed 1024K, reserved 1048576K
[2026-08-02T09:17:12.356+0900][1.359s][info ][gc             ] GC(12) Pause Full (System.gc()) 18M->17M(128M) 30.884ms
[2026-08-02T09:17:12.356+0900][1.359s][info ][gc,cpu         ] GC(12) User=0.03s Sys=0.00s Real=0.03s
[2026-08-02T09:17:12.356+0900][1.359s][info ][safepoint      ] Safepoint "G1CollectFull", Time since last: 2201100 ns, Reaching safepoint: 23600 ns, At safepoint: 30934600 ns, Total: 30958200 ns
[2026-08-02T09:17:12.359+0900][1.361s][info ][gc,start       ] GC(13) Pause Full (System.gc())
[2026-08-02T09:17:12.359+0900][1.361s][debug][gc,heap        ] GC(13) Heap before GC invocations=13 (full 13):
[2026-08-02T09:17:12.359+0900][1.362s][debug][gc,heap        ] GC(13)  garbage-first heap   total 131072K, used 17987K [0x000001f47e000000, 0x0000022b7e000000)
[2026-08-02T09:17:12.359+0900][1.362s][debug][gc,heap        ] GC(13)   region size 32768K, 1 young (32768K), 0 survivors (0K)
[2026-08-02T09:17:12.359+0900][1.362s][debug][gc,heap        ] GC(13)  Metaspace       used 9525K, committed 9792K, reserved 1114112K
[2026-08-02T09:17:12.359+0900][1.362s][debug][gc,heap        ] GC(13)   class space    used 895K, committed 1024K, reserved 1048576K
[2026-08-02T09:17:12.359+0900][1.362s][info ][gc,task        ] GC(13) Using 1 workers of 18 for full compaction
[2026-08-02T09:17:12.359+0900][1.362s][info ][gc,phases,start] GC(13) Phase 1: Mark live objects
[2026-08-02T09:17:12.373+0900][1.376s][info ][gc,phases      ] GC(13) Phase 1: Mark live objects 13.986ms
[2026-08-02T09:17:12.373+0900][1.376s][info ][gc,phases,start] GC(13) Phase 2: Prepare for compaction
[2026-08-02T09:17:12.376+0900][1.378s][info ][gc,phases      ] GC(13) Phase 2: Prepare for compaction 2.604ms
[2026-08-02T09:17:12.376+0900][1.378s][info ][gc,phases,start] GC(13) Phase 3: Adjust pointers
[2026-08-02T09:17:12.382+0900][1.384s][info ][gc,phases      ] GC(13) Phase 3: Adjust pointers 5.736ms
[2026-08-02T09:17:12.382+0900][1.384s][info ][gc,phases,start] GC(13) Phase 4: Compact heap
[2026-08-02T09:17:12.384+0900][1.386s][info ][gc,phases      ] GC(13) Phase 4: Compact heap 2.247ms
[2026-08-02T09:17:12.385+0900][1.388s][info ][gc,heap        ] GC(13) Eden regions: 1->0(1)
[2026-08-02T09:17:12.385+0900][1.388s][info ][gc,heap        ] GC(13) Survivor regions: 0->0(0)
[2026-08-02T09:17:12.385+0900][1.388s][info ][gc,heap        ] GC(13) Old regions: 1->1
[2026-08-02T09:17:12.385+0900][1.388s][info ][gc,heap        ] GC(13) Archive regions: 0->0
[2026-08-02T09:17:12.385+0900][1.388s][info ][gc,heap        ] GC(13) Humongous regions: 0->0
[2026-08-02T09:17:12.385+0900][1.388s][info ][gc,metaspace   ] GC(13) Metaspace: 9525K(9792K)->9525K(9792K) NonClass: 8629K(8768K)->8629K(8768K) Class: 895K(1024K)->895K(1024K)
[2026-08-02T09:17:12.385+0900][1.388s][debug][gc,heap        ] GC(13) Heap after GC invocations=14 (full 14):
[2026-08-02T09:17:12.385+0900][1.388s][debug][gc,heap        ] GC(13)  garbage-first heap   total 131072K, used 18013K [0x000001f47e000000, 0x0000022b7e000000)
[2026-08-02T09:17:12.386+0900][1.388s][debug][gc,heap        ] GC(13)   region size 32768K, 0 young (0K), 0 survivors (0K)
[2026-08-02T09:17:12.386+0900][1.388s][debug][gc,heap        ] GC(13)  Metaspace       used 9525K, committed 9792K, reserved 1114112K
[2026-08-02T09:17:12.386+0900][1.388s][debug][gc,heap        ] GC(13)   class space    used 895K, committed 1024K, reserved 1048576K
[2026-08-02T09:17:12.386+0900][1.388s][info ][gc             ] GC(13) Pause Full (System.gc()) 18M->17M(128M) 26.554ms
[2026-08-02T09:17:12.386+0900][1.388s][info ][gc,cpu         ] GC(13) User=0.02s Sys=0.00s Real=0.03s
[2026-08-02T09:17:12.386+0900][1.388s][info ][safepoint      ] Safepoint "G1CollectFull", Time since last: 2587100 ns, Reaching safepoint: 20600 ns, At safepoint: 26643400 ns, Total: 26664000 ns
[2026-08-02T09:17:12.388+0900][1.391s][info ][gc,start       ] GC(14) Pause Full (System.gc())
[2026-08-02T09:17:12.388+0900][1.391s][debug][gc,heap        ] GC(14) Heap before GC invocations=14 (full 14):
[2026-08-02T09:17:12.388+0900][1.391s][debug][gc,heap        ] GC(14)  garbage-first heap   total 131072K, used 18013K [0x000001f47e000000, 0x0000022b7e000000)
[2026-08-02T09:17:12.388+0900][1.391s][debug][gc,heap        ] GC(14)   region size 32768K, 1 young (32768K), 0 survivors (0K)
[2026-08-02T09:17:12.388+0900][1.391s][debug][gc,heap        ] GC(14)  Metaspace       used 9530K, committed 9792K, reserved 1114112K
[2026-08-02T09:17:12.388+0900][1.391s][debug][gc,heap        ] GC(14)   class space    used 895K, committed 1024K, reserved 1048576K
[2026-08-02T09:17:12.388+0900][1.391s][info ][gc,task        ] GC(14) Using 1 workers of 18 for full compaction
[2026-08-02T09:17:12.388+0900][1.391s][info ][gc,phases,start] GC(14) Phase 1: Mark live objects
[2026-08-02T09:17:12.404+0900][1.406s][info ][gc,phases      ] GC(14) Phase 1: Mark live objects 15.427ms
[2026-08-02T09:17:12.404+0900][1.407s][info ][gc,phases,start] GC(14) Phase 2: Prepare for compaction
[2026-08-02T09:17:12.407+0900][1.409s][info ][gc,phases      ] GC(14) Phase 2: Prepare for compaction 2.727ms
[2026-08-02T09:17:12.407+0900][1.409s][info ][gc,phases,start] GC(14) Phase 3: Adjust pointers
[2026-08-02T09:17:12.413+0900][1.415s][info ][gc,phases      ] GC(14) Phase 3: Adjust pointers 6.173ms
[2026-08-02T09:17:12.413+0900][1.415s][info ][gc,phases,start] GC(14) Phase 4: Compact heap
[2026-08-02T09:17:12.415+0900][1.418s][info ][gc,phases      ] GC(14) Phase 4: Compact heap 2.361ms
[2026-08-02T09:17:12.417+0900][1.420s][info ][gc,heap        ] GC(14) Eden regions: 1->0(1)
[2026-08-02T09:17:12.417+0900][1.420s][info ][gc,heap        ] GC(14) Survivor regions: 0->0(0)
[2026-08-02T09:17:12.417+0900][1.420s][info ][gc,heap        ] GC(14) Old regions: 1->1
[2026-08-02T09:17:12.417+0900][1.420s][info ][gc,heap        ] GC(14) Archive regions: 0->0
[2026-08-02T09:17:12.417+0900][1.420s][info ][gc,heap        ] GC(14) Humongous regions: 0->0
[2026-08-02T09:17:12.417+0900][1.420s][info ][gc,metaspace   ] GC(14) Metaspace: 9530K(9792K)->9530K(9792K) NonClass: 8634K(8768K)->8634K(8768K) Class: 895K(1024K)->895K(1024K)
[2026-08-02T09:17:12.417+0900][1.420s][debug][gc,heap        ] GC(14) Heap after GC invocations=15 (full 15):
[2026-08-02T09:17:12.417+0900][1.420s][debug][gc,heap        ] GC(14)  garbage-first heap   total 131072K, used 18028K [0x000001f47e000000, 0x0000022b7e000000)
[2026-08-02T09:17:12.417+0900][1.420s][debug][gc,heap        ] GC(14)   region size 32768K, 0 young (0K), 0 survivors (0K)
[2026-08-02T09:17:12.417+0900][1.420s][debug][gc,heap        ] GC(14)  Metaspace       used 9530K, committed 9792K, reserved 1114112K
[2026-08-02T09:17:12.417+0900][1.420s][debug][gc,heap        ] GC(14)   class space    used 895K, committed 1024K, reserved 1048576K
[2026-08-02T09:17:12.417+0900][1.420s][info ][gc             ] GC(14) Pause Full (System.gc()) 18M->17M(128M) 28.752ms
[2026-08-02T09:17:12.417+0900][1.420s][info ][gc,cpu         ] GC(14) User=0.02s Sys=0.00s Real=0.03s
[2026-08-02T09:17:12.417+0900][1.420s][info ][safepoint      ] Safepoint "G1CollectFull", Time since last: 2766700 ns, Reaching safepoint: 22100 ns, At safepoint: 28868300 ns, Total: 28890400 ns
[2026-08-02T09:17:12.419+0900][1.422s][info ][gc,start       ] GC(15) Pause Full (System.gc())
[2026-08-02T09:17:12.419+0900][1.422s][debug][gc,heap        ] GC(15) Heap before GC invocations=15 (full 15):
[2026-08-02T09:17:12.419+0900][1.422s][debug][gc,heap        ] GC(15)  garbage-first heap   total 131072K, used 18028K [0x000001f47e000000, 0x0000022b7e000000)
[2026-08-02T09:17:12.419+0900][1.422s][debug][gc,heap        ] GC(15)   region size 32768K, 1 young (32768K), 0 survivors (0K)
[2026-08-02T09:17:12.419+0900][1.422s][debug][gc,heap        ] GC(15)  Metaspace       used 9541K, committed 9792K, reserved 1114112K
[2026-08-02T09:17:12.419+0900][1.422s][debug][gc,heap        ] GC(15)   class space    used 895K, committed 1024K, reserved 1048576K
[2026-08-02T09:17:12.419+0900][1.422s][info ][gc,task        ] GC(15) Using 1 workers of 18 for full compaction
[2026-08-02T09:17:12.419+0900][1.422s][info ][gc,phases,start] GC(15) Phase 1: Mark live objects
[2026-08-02T09:17:12.434+0900][1.437s][info ][gc,phases      ] GC(15) Phase 1: Mark live objects 14.498ms
[2026-08-02T09:17:12.434+0900][1.437s][info ][gc,phases,start] GC(15) Phase 2: Prepare for compaction
[2026-08-02T09:17:12.437+0900][1.440s][info ][gc,phases      ] GC(15) Phase 2: Prepare for compaction 2.809ms
[2026-08-02T09:17:12.437+0900][1.440s][info ][gc,phases,start] GC(15) Phase 3: Adjust pointers
[2026-08-02T09:17:12.444+0900][1.446s][info ][gc,phases      ] GC(15) Phase 3: Adjust pointers 6.425ms
[2026-08-02T09:17:12.444+0900][1.446s][info ][gc,phases,start] GC(15) Phase 4: Compact heap
[2026-08-02T09:17:12.445+0900][1.448s][info ][gc,phases      ] GC(15) Phase 4: Compact heap 2.285ms
[2026-08-02T09:17:12.448+0900][1.450s][info ][gc,heap        ] GC(15) Eden regions: 1->0(1)
[2026-08-02T09:17:12.448+0900][1.450s][info ][gc,heap        ] GC(15) Survivor regions: 0->0(0)
[2026-08-02T09:17:12.448+0900][1.450s][info ][gc,heap        ] GC(15) Old regions: 1->1
[2026-08-02T09:17:12.448+0900][1.450s][info ][gc,heap        ] GC(15) Archive regions: 0->0
[2026-08-02T09:17:12.448+0900][1.450s][info ][gc,heap        ] GC(15) Humongous regions: 0->0
[2026-08-02T09:17:12.448+0900][1.450s][info ][gc,metaspace   ] GC(15) Metaspace: 9541K(9792K)->9541K(9792K) NonClass: 8645K(8768K)->8645K(8768K) Class: 895K(1024K)->895K(1024K)
[2026-08-02T09:17:12.448+0900][1.450s][debug][gc,heap        ] GC(15) Heap after GC invocations=16 (full 16):
[2026-08-02T09:17:12.448+0900][1.450s][debug][gc,heap        ] GC(15)  garbage-first heap   total 131072K, used 18041K [0x000001f47e000000, 0x0000022b7e000000)
[2026-08-02T09:17:12.448+0900][1.450s][debug][gc,heap        ] GC(15)   region size 32768K, 0 young (0K), 0 survivors (0K)
[2026-08-02T09:17:12.448+0900][1.450s][debug][gc,heap        ] GC(15)  Metaspace       used 9541K, committed 9792K, reserved 1114112K
[2026-08-02T09:17:12.448+0900][1.450s][debug][gc,heap        ] GC(15)   class space    used 895K, committed 1024K, reserved 1048576K
[2026-08-02T09:17:12.448+0900][1.450s][info ][gc             ] GC(15) Pause Full (System.gc()) 18M->17M(128M) 28.224ms
[2026-08-02T09:17:12.448+0900][1.450s][info ][gc,cpu         ] GC(15) User=0.02s Sys=0.02s Real=0.03s
[2026-08-02T09:17:12.448+0900][1.451s][info ][safepoint      ] Safepoint "G1CollectFull", Time since last: 2386300 ns, Reaching safepoint: 21700 ns, At safepoint: 28354700 ns, Total: 28376400 ns
[2026-08-02T09:17:12.450+0900][1.453s][info ][gc,start       ] GC(16) Pause Full (System.gc())
[2026-08-02T09:17:12.450+0900][1.453s][debug][gc,heap        ] GC(16) Heap before GC invocations=16 (full 16):
[2026-08-02T09:17:12.450+0900][1.453s][debug][gc,heap        ] GC(16)  garbage-first heap   total 131072K, used 18041K [0x000001f47e000000, 0x0000022b7e000000)
[2026-08-02T09:17:12.450+0900][1.453s][debug][gc,heap        ] GC(16)   region size 32768K, 1 young (32768K), 0 survivors (0K)
[2026-08-02T09:17:12.450+0900][1.453s][debug][gc,heap        ] GC(16)  Metaspace       used 9545K, committed 9792K, reserved 1114112K
[2026-08-02T09:17:12.450+0900][1.453s][debug][gc,heap        ] GC(16)   class space    used 895K, committed 1024K, reserved 1048576K
[2026-08-02T09:17:12.450+0900][1.453s][info ][gc,task        ] GC(16) Using 1 workers of 18 for full compaction
[2026-08-02T09:17:12.450+0900][1.453s][info ][gc,phases,start] GC(16) Phase 1: Mark live objects
[2026-08-02T09:17:12.469+0900][1.471s][info ][gc,phases      ] GC(16) Phase 1: Mark live objects 17.832ms
[2026-08-02T09:17:12.469+0900][1.471s][info ][gc,phases,start] GC(16) Phase 2: Prepare for compaction
[2026-08-02T09:17:12.472+0900][1.474s][info ][gc,phases      ] GC(16) Phase 2: Prepare for compaction 3.297ms
[2026-08-02T09:17:12.472+0900][1.474s][info ][gc,phases,start] GC(16) Phase 3: Adjust pointers
[2026-08-02T09:17:12.480+0900][1.482s][info ][gc,phases      ] GC(16) Phase 3: Adjust pointers 7.413ms
[2026-08-02T09:17:12.480+0900][1.482s][info ][gc,phases,start] GC(16) Phase 4: Compact heap
[2026-08-02T09:17:12.482+0900][1.484s][info ][gc,phases      ] GC(16) Phase 4: Compact heap 2.470ms
[2026-08-02T09:17:12.483+0900][1.486s][info ][gc,heap        ] GC(16) Eden regions: 1->0(1)
[2026-08-02T09:17:12.483+0900][1.486s][info ][gc,heap        ] GC(16) Survivor regions: 0->0(0)
[2026-08-02T09:17:12.483+0900][1.486s][info ][gc,heap        ] GC(16) Old regions: 1->1
[2026-08-02T09:17:12.483+0900][1.486s][info ][gc,heap        ] GC(16) Archive regions: 0->0
[2026-08-02T09:17:12.483+0900][1.486s][info ][gc,heap        ] GC(16) Humongous regions: 0->0
[2026-08-02T09:17:12.483+0900][1.486s][info ][gc,metaspace   ] GC(16) Metaspace: 9545K(9792K)->9545K(9792K) NonClass: 8649K(8768K)->8649K(8768K) Class: 895K(1024K)->895K(1024K)
[2026-08-02T09:17:12.483+0900][1.486s][debug][gc,heap        ] GC(16) Heap after GC invocations=17 (full 17):
[2026-08-02T09:17:12.483+0900][1.486s][debug][gc,heap        ] GC(16)  garbage-first heap   total 131072K, used 18054K [0x000001f47e000000, 0x0000022b7e000000)
[2026-08-02T09:17:12.483+0900][1.486s][debug][gc,heap        ] GC(16)   region size 32768K, 0 young (0K), 0 survivors (0K)
[2026-08-02T09:17:12.483+0900][1.486s][debug][gc,heap        ] GC(16)  Metaspace       used 9545K, committed 9792K, reserved 1114112K
[2026-08-02T09:17:12.483+0900][1.486s][debug][gc,heap        ] GC(16)   class space    used 895K, committed 1024K, reserved 1048576K
[2026-08-02T09:17:12.483+0900][1.486s][info ][gc             ] GC(16) Pause Full (System.gc()) 18M->17M(128M) 33.260ms
[2026-08-02T09:17:12.483+0900][1.486s][info ][gc,cpu         ] GC(16) User=0.05s Sys=0.02s Real=0.03s
[2026-08-02T09:17:12.484+0900][1.486s][info ][safepoint      ] Safepoint "G1CollectFull", Time since last: 2406700 ns, Reaching safepoint: 29400 ns, At safepoint: 33395200 ns, Total: 33424600 ns
[2026-08-02T09:17:12.487+0900][1.489s][info ][gc,start       ] GC(17) Pause Full (System.gc())
[2026-08-02T09:17:12.487+0900][1.489s][debug][gc,heap        ] GC(17) Heap before GC invocations=17 (full 17):
[2026-08-02T09:17:12.487+0900][1.489s][debug][gc,heap        ] GC(17)  garbage-first heap   total 131072K, used 18054K [0x000001f47e000000, 0x0000022b7e000000)
[2026-08-02T09:17:12.487+0900][1.489s][debug][gc,heap        ] GC(17)   region size 32768K, 1 young (32768K), 0 survivors (0K)
[2026-08-02T09:17:12.487+0900][1.489s][debug][gc,heap        ] GC(17)  Metaspace       used 9568K, committed 9792K, reserved 1114112K
[2026-08-02T09:17:12.487+0900][1.490s][debug][gc,heap        ] GC(17)   class space    used 896K, committed 1024K, reserved 1048576K
[2026-08-02T09:17:12.487+0900][1.490s][info ][gc,task        ] GC(17) Using 1 workers of 18 for full compaction
[2026-08-02T09:17:12.487+0900][1.490s][info ][gc,phases,start] GC(17) Phase 1: Mark live objects
[2026-08-02T09:17:12.502+0900][1.505s][info ][gc,phases      ] GC(17) Phase 1: Mark live objects 14.873ms
[2026-08-02T09:17:12.502+0900][1.505s][info ][gc,phases,start] GC(17) Phase 2: Prepare for compaction
[2026-08-02T09:17:12.505+0900][1.507s][info ][gc,phases      ] GC(17) Phase 2: Prepare for compaction 2.810ms
[2026-08-02T09:17:12.505+0900][1.507s][info ][gc,phases,start] GC(17) Phase 3: Adjust pointers
[2026-08-02T09:17:12.511+0900][1.514s][info ][gc,phases      ] GC(17) Phase 3: Adjust pointers 6.668ms
[2026-08-02T09:17:12.511+0900][1.514s][info ][gc,phases,start] GC(17) Phase 4: Compact heap
[2026-08-02T09:17:12.514+0900][1.517s][info ][gc,phases      ] GC(17) Phase 4: Compact heap 2.731ms
[2026-08-02T09:17:12.516+0900][1.519s][info ][gc,heap        ] GC(17) Eden regions: 1->0(1)
[2026-08-02T09:17:12.516+0900][1.519s][info ][gc,heap        ] GC(17) Survivor regions: 0->0(0)
[2026-08-02T09:17:12.516+0900][1.519s][info ][gc,heap        ] GC(17) Old regions: 1->1
[2026-08-02T09:17:12.516+0900][1.519s][info ][gc,heap        ] GC(17) Archive regions: 0->0
[2026-08-02T09:17:12.516+0900][1.519s][info ][gc,heap        ] GC(17) Humongous regions: 0->0
[2026-08-02T09:17:12.516+0900][1.519s][info ][gc,metaspace   ] GC(17) Metaspace: 9568K(9792K)->9568K(9792K) NonClass: 8672K(8768K)->8672K(8768K) Class: 896K(1024K)->896K(1024K)
[2026-08-02T09:17:12.516+0900][1.519s][debug][gc,heap        ] GC(17) Heap after GC invocations=18 (full 18):
[2026-08-02T09:17:12.516+0900][1.519s][debug][gc,heap        ] GC(17)  garbage-first heap   total 131072K, used 18068K [0x000001f47e000000, 0x0000022b7e000000)
[2026-08-02T09:17:12.516+0900][1.519s][debug][gc,heap        ] GC(17)   region size 32768K, 0 young (0K), 0 survivors (0K)
[2026-08-02T09:17:12.516+0900][1.519s][debug][gc,heap        ] GC(17)  Metaspace       used 9568K, committed 9792K, reserved 1114112K
[2026-08-02T09:17:12.516+0900][1.519s][debug][gc,heap        ] GC(17)   class space    used 896K, committed 1024K, reserved 1048576K
[2026-08-02T09:17:12.516+0900][1.519s][info ][gc             ] GC(17) Pause Full (System.gc()) 18M->17M(128M) 29.343ms
[2026-08-02T09:17:12.516+0900][1.519s][info ][gc,cpu         ] GC(17) User=0.03s Sys=0.02s Real=0.03s
[2026-08-02T09:17:12.516+0900][1.519s][info ][safepoint      ] Safepoint "G1CollectFull", Time since last: 3039200 ns, Reaching safepoint: 25700 ns, At safepoint: 29477200 ns, Total: 29502900 ns
[2026-08-02T09:17:12.519+0900][1.522s][info ][gc,start       ] GC(18) Pause Full (System.gc())
[2026-08-02T09:17:12.519+0900][1.522s][debug][gc,heap        ] GC(18) Heap before GC invocations=18 (full 18):
[2026-08-02T09:17:12.519+0900][1.522s][debug][gc,heap        ] GC(18)  garbage-first heap   total 131072K, used 18068K [0x000001f47e000000, 0x0000022b7e000000)
[2026-08-02T09:17:12.519+0900][1.522s][debug][gc,heap        ] GC(18)   region size 32768K, 1 young (32768K), 0 survivors (0K)
[2026-08-02T09:17:12.519+0900][1.522s][debug][gc,heap        ] GC(18)  Metaspace       used 9571K, committed 9792K, reserved 1114112K
[2026-08-02T09:17:12.519+0900][1.522s][debug][gc,heap        ] GC(18)   class space    used 896K, committed 1024K, reserved 1048576K
[2026-08-02T09:17:12.519+0900][1.522s][info ][gc,task        ] GC(18) Using 1 workers of 18 for full compaction
[2026-08-02T09:17:12.520+0900][1.522s][info ][gc,phases,start] GC(18) Phase 1: Mark live objects
[2026-08-02T09:17:12.538+0900][1.540s][info ][gc,phases      ] GC(18) Phase 1: Mark live objects 17.955ms
[2026-08-02T09:17:12.538+0900][1.540s][info ][gc,phases,start] GC(18) Phase 2: Prepare for compaction
[2026-08-02T09:17:12.541+0900][1.543s][info ][gc,phases      ] GC(18) Phase 2: Prepare for compaction 3.295ms
[2026-08-02T09:17:12.541+0900][1.543s][info ][gc,phases,start] GC(18) Phase 3: Adjust pointers
[2026-08-02T09:17:12.548+0900][1.551s][info ][gc,phases      ] GC(18) Phase 3: Adjust pointers 8.031ms
[2026-08-02T09:17:12.548+0900][1.551s][info ][gc,phases,start] GC(18) Phase 4: Compact heap
[2026-08-02T09:17:12.552+0900][1.554s][info ][gc,phases      ] GC(18) Phase 4: Compact heap 2.696ms
[2026-08-02T09:17:12.553+0900][1.556s][info ][gc,heap        ] GC(18) Eden regions: 1->0(1)
[2026-08-02T09:17:12.553+0900][1.556s][info ][gc,heap        ] GC(18) Survivor regions: 0->0(0)
[2026-08-02T09:17:12.553+0900][1.556s][info ][gc,heap        ] GC(18) Old regions: 1->1
[2026-08-02T09:17:12.553+0900][1.556s][info ][gc,heap        ] GC(18) Archive regions: 0->0
[2026-08-02T09:17:12.553+0900][1.556s][info ][gc,heap        ] GC(18) Humongous regions: 0->0
[2026-08-02T09:17:12.553+0900][1.556s][info ][gc,metaspace   ] GC(18) Metaspace: 9571K(9792K)->9571K(9792K) NonClass: 8674K(8768K)->8674K(8768K) Class: 896K(1024K)->896K(1024K)
[2026-08-02T09:17:12.553+0900][1.556s][debug][gc,heap        ] GC(18) Heap after GC invocations=19 (full 19):
[2026-08-02T09:17:12.553+0900][1.556s][debug][gc,heap        ] GC(18)  garbage-first heap   total 131072K, used 18084K [0x000001f47e000000, 0x0000022b7e000000)
[2026-08-02T09:17:12.553+0900][1.556s][debug][gc,heap        ] GC(18)   region size 32768K, 0 young (0K), 0 survivors (0K)
[2026-08-02T09:17:12.553+0900][1.556s][debug][gc,heap        ] GC(18)  Metaspace       used 9571K, committed 9792K, reserved 1114112K
[2026-08-02T09:17:12.553+0900][1.556s][debug][gc,heap        ] GC(18)   class space    used 896K, committed 1024K, reserved 1048576K
[2026-08-02T09:17:12.553+0900][1.556s][info ][gc             ] GC(18) Pause Full (System.gc()) 18M->17M(128M) 34.429ms
[2026-08-02T09:17:12.553+0900][1.556s][info ][gc,cpu         ] GC(18) User=0.03s Sys=0.03s Real=0.03s
[2026-08-02T09:17:12.553+0900][1.556s][info ][safepoint      ] Safepoint "G1CollectFull", Time since last: 2789200 ns, Reaching safepoint: 29500 ns, At safepoint: 34519700 ns, Total: 34549200 ns
[2026-08-02T09:17:12.556+0900][1.559s][info ][gc,start       ] GC(19) Pause Full (System.gc())
[2026-08-02T09:17:12.556+0900][1.559s][debug][gc,heap        ] GC(19) Heap before GC invocations=19 (full 19):
[2026-08-02T09:17:12.556+0900][1.559s][debug][gc,heap        ] GC(19)  garbage-first heap   total 131072K, used 18084K [0x000001f47e000000, 0x0000022b7e000000)
[2026-08-02T09:17:12.556+0900][1.559s][debug][gc,heap        ] GC(19)   region size 32768K, 1 young (32768K), 0 survivors (0K)
[2026-08-02T09:17:12.556+0900][1.559s][debug][gc,heap        ] GC(19)  Metaspace       used 9577K, committed 9856K, reserved 1114112K
[2026-08-02T09:17:12.556+0900][1.559s][debug][gc,heap        ] GC(19)   class space    used 896K, committed 1024K, reserved 1048576K
[2026-08-02T09:17:12.556+0900][1.559s][info ][gc,task        ] GC(19) Using 1 workers of 18 for full compaction
[2026-08-02T09:17:12.556+0900][1.559s][info ][gc,phases,start] GC(19) Phase 1: Mark live objects
[2026-08-02T09:17:12.571+0900][1.574s][info ][gc,phases      ] GC(19) Phase 1: Mark live objects 15.339ms
[2026-08-02T09:17:12.571+0900][1.574s][info ][gc,phases,start] GC(19) Phase 2: Prepare for compaction
[2026-08-02T09:17:12.574+0900][1.577s][info ][gc,phases      ] GC(19) Phase 2: Prepare for compaction 2.807ms
[2026-08-02T09:17:12.574+0900][1.577s][info ][gc,phases,start] GC(19) Phase 3: Adjust pointers
[2026-08-02T09:17:12.582+0900][1.584s][info ][gc,phases      ] GC(19) Phase 3: Adjust pointers 7.168ms
[2026-08-02T09:17:12.582+0900][1.584s][info ][gc,phases,start] GC(19) Phase 4: Compact heap
[2026-08-02T09:17:12.584+0900][1.587s][info ][gc,phases      ] GC(19) Phase 4: Compact heap 2.584ms
[2026-08-02T09:17:12.587+0900][1.589s][info ][gc,heap        ] GC(19) Eden regions: 1->0(1)
[2026-08-02T09:17:12.587+0900][1.589s][info ][gc,heap        ] GC(19) Survivor regions: 0->0(0)
[2026-08-02T09:17:12.587+0900][1.589s][info ][gc,heap        ] GC(19) Old regions: 1->1
[2026-08-02T09:17:12.587+0900][1.589s][info ][gc,heap        ] GC(19) Archive regions: 0->0
[2026-08-02T09:17:12.587+0900][1.589s][info ][gc,heap        ] GC(19) Humongous regions: 0->0
[2026-08-02T09:17:12.587+0900][1.589s][info ][gc,metaspace   ] GC(19) Metaspace: 9577K(9856K)->9577K(9856K) NonClass: 8681K(8832K)->8681K(8832K) Class: 896K(1024K)->896K(1024K)
[2026-08-02T09:17:12.587+0900][1.589s][debug][gc,heap        ] GC(19) Heap after GC invocations=20 (full 20):
[2026-08-02T09:17:12.587+0900][1.589s][debug][gc,heap        ] GC(19)  garbage-first heap   total 131072K, used 18097K [0x000001f47e000000, 0x0000022b7e000000)
[2026-08-02T09:17:12.587+0900][1.589s][debug][gc,heap        ] GC(19)   region size 32768K, 0 young (0K), 0 survivors (0K)
[2026-08-02T09:17:12.587+0900][1.589s][debug][gc,heap        ] GC(19)  Metaspace       used 9577K, committed 9856K, reserved 1114112K
[2026-08-02T09:17:12.587+0900][1.589s][debug][gc,heap        ] GC(19)   class space    used 896K, committed 1024K, reserved 1048576K
[2026-08-02T09:17:12.587+0900][1.589s][info ][gc             ] GC(19) Pause Full (System.gc()) 18M->17M(128M) 30.207ms
[2026-08-02T09:17:12.587+0900][1.589s][info ][gc,cpu         ] GC(19) User=0.03s Sys=0.02s Real=0.03s
[2026-08-02T09:17:12.587+0900][1.589s][info ][safepoint      ] Safepoint "G1CollectFull", Time since last: 2391500 ns, Reaching safepoint: 20500 ns, At safepoint: 30314000 ns, Total: 30334500 ns
[2026-08-02T09:17:12.589+0900][1.591s][info ][gc,start       ] GC(20) Pause Full (System.gc())
[2026-08-02T09:17:12.589+0900][1.591s][debug][gc,heap        ] GC(20) Heap before GC invocations=20 (full 20):
[2026-08-02T09:17:12.589+0900][1.591s][debug][gc,heap        ] GC(20)  garbage-first heap   total 131072K, used 18097K [0x000001f47e000000, 0x0000022b7e000000)
[2026-08-02T09:17:12.589+0900][1.591s][debug][gc,heap        ] GC(20)   region size 32768K, 1 young (32768K), 0 survivors (0K)
[2026-08-02T09:17:12.589+0900][1.591s][debug][gc,heap        ] GC(20)  Metaspace       used 9582K, committed 9856K, reserved 1114112K
[2026-08-02T09:17:12.589+0900][1.591s][debug][gc,heap        ] GC(20)   class space    used 896K, committed 1024K, reserved 1048576K
[2026-08-02T09:17:12.589+0900][1.592s][info ][gc,task        ] GC(20) Using 1 workers of 18 for full compaction
[2026-08-02T09:17:12.589+0900][1.592s][info ][gc,phases,start] GC(20) Phase 1: Mark live objects
[2026-08-02T09:17:12.605+0900][1.608s][info ][gc,phases      ] GC(20) Phase 1: Mark live objects 16.102ms
[2026-08-02T09:17:12.605+0900][1.608s][info ][gc,phases,start] GC(20) Phase 2: Prepare for compaction
[2026-08-02T09:17:12.608+0900][1.611s][info ][gc,phases      ] GC(20) Phase 2: Prepare for compaction 2.990ms
[2026-08-02T09:17:12.608+0900][1.611s][info ][gc,phases,start] GC(20) Phase 3: Adjust pointers
[2026-08-02T09:17:12.616+0900][1.618s][info ][gc,phases      ] GC(20) Phase 3: Adjust pointers 7.231ms
[2026-08-02T09:17:12.616+0900][1.618s][info ][gc,phases,start] GC(20) Phase 4: Compact heap
[2026-08-02T09:17:12.618+0900][1.621s][info ][gc,phases      ] GC(20) Phase 4: Compact heap 2.487ms
[2026-08-02T09:17:12.620+0900][1.622s][info ][gc,heap        ] GC(20) Eden regions: 1->0(1)
[2026-08-02T09:17:12.620+0900][1.622s][info ][gc,heap        ] GC(20) Survivor regions: 0->0(0)
[2026-08-02T09:17:12.620+0900][1.622s][info ][gc,heap        ] GC(20) Old regions: 1->1
[2026-08-02T09:17:12.620+0900][1.622s][info ][gc,heap        ] GC(20) Archive regions: 0->0
[2026-08-02T09:17:12.620+0900][1.622s][info ][gc,heap        ] GC(20) Humongous regions: 0->0
[2026-08-02T09:17:12.620+0900][1.623s][info ][gc,metaspace   ] GC(20) Metaspace: 9582K(9856K)->9582K(9856K) NonClass: 8686K(8832K)->8686K(8832K) Class: 896K(1024K)->896K(1024K)
[2026-08-02T09:17:12.620+0900][1.623s][debug][gc,heap        ] GC(20) Heap after GC invocations=21 (full 21):
[2026-08-02T09:17:12.620+0900][1.623s][debug][gc,heap        ] GC(20)  garbage-first heap   total 131072K, used 18111K [0x000001f47e000000, 0x0000022b7e000000)
[2026-08-02T09:17:12.620+0900][1.623s][debug][gc,heap        ] GC(20)   region size 32768K, 0 young (0K), 0 survivors (0K)
[2026-08-02T09:17:12.620+0900][1.623s][debug][gc,heap        ] GC(20)  Metaspace       used 9582K, committed 9856K, reserved 1114112K
[2026-08-02T09:17:12.620+0900][1.623s][debug][gc,heap        ] GC(20)   class space    used 896K, committed 1024K, reserved 1048576K
[2026-08-02T09:17:12.620+0900][1.623s][info ][gc             ] GC(20) Pause Full (System.gc()) 18M->17M(128M) 31.160ms
[2026-08-02T09:17:12.620+0900][1.623s][info ][gc,cpu         ] GC(20) User=0.02s Sys=0.06s Real=0.03s
[2026-08-02T09:17:12.620+0900][1.623s][info ][safepoint      ] Safepoint "G1CollectFull", Time since last: 2418200 ns, Reaching safepoint: 34700 ns, At safepoint: 31279600 ns, Total: 31314300 ns
[2026-08-02T09:17:12.623+0900][1.625s][info ][gc,start       ] GC(21) Pause Full (System.gc())
[2026-08-02T09:17:12.623+0900][1.625s][debug][gc,heap        ] GC(21) Heap before GC invocations=21 (full 21):
[2026-08-02T09:17:12.623+0900][1.625s][debug][gc,heap        ] GC(21)  garbage-first heap   total 131072K, used 18111K [0x000001f47e000000, 0x0000022b7e000000)
[2026-08-02T09:17:12.623+0900][1.625s][debug][gc,heap        ] GC(21)   region size 32768K, 1 young (32768K), 0 survivors (0K)
[2026-08-02T09:17:12.623+0900][1.625s][debug][gc,heap        ] GC(21)  Metaspace       used 9585K, committed 9856K, reserved 1114112K
[2026-08-02T09:17:12.623+0900][1.625s][debug][gc,heap        ] GC(21)   class space    used 896K, committed 1024K, reserved 1048576K
[2026-08-02T09:17:12.623+0900][1.625s][info ][gc,task        ] GC(21) Using 1 workers of 18 for full compaction
[2026-08-02T09:17:12.623+0900][1.625s][info ][gc,phases,start] GC(21) Phase 1: Mark live objects
[2026-08-02T09:17:12.638+0900][1.640s][info ][gc,phases      ] GC(21) Phase 1: Mark live objects 14.825ms
[2026-08-02T09:17:12.638+0900][1.640s][info ][gc,phases,start] GC(21) Phase 2: Prepare for compaction
[2026-08-02T09:17:12.641+0900][1.644s][info ][gc,phases      ] GC(21) Phase 2: Prepare for compaction 3.357ms
[2026-08-02T09:17:12.641+0900][1.644s][info ][gc,phases,start] GC(21) Phase 3: Adjust pointers
[2026-08-02T09:17:12.648+0900][1.651s][info ][gc,phases      ] GC(21) Phase 3: Adjust pointers 7.309ms
[2026-08-02T09:17:12.648+0900][1.651s][info ][gc,phases,start] GC(21) Phase 4: Compact heap
[2026-08-02T09:17:12.651+0900][1.654s][info ][gc,phases      ] GC(21) Phase 4: Compact heap 2.622ms
[2026-08-02T09:17:12.653+0900][1.655s][info ][gc,heap        ] GC(21) Eden regions: 1->0(1)
[2026-08-02T09:17:12.653+0900][1.655s][info ][gc,heap        ] GC(21) Survivor regions: 0->0(0)
[2026-08-02T09:17:12.653+0900][1.655s][info ][gc,heap        ] GC(21) Old regions: 1->1
[2026-08-02T09:17:12.653+0900][1.655s][info ][gc,heap        ] GC(21) Archive regions: 0->0
[2026-08-02T09:17:12.653+0900][1.655s][info ][gc,heap        ] GC(21) Humongous regions: 0->0
[2026-08-02T09:17:12.653+0900][1.655s][info ][gc,metaspace   ] GC(21) Metaspace: 9585K(9856K)->9585K(9856K) NonClass: 8689K(8832K)->8689K(8832K) Class: 896K(1024K)->896K(1024K)
[2026-08-02T09:17:12.653+0900][1.655s][debug][gc,heap        ] GC(21) Heap after GC invocations=22 (full 22):
[2026-08-02T09:17:12.653+0900][1.655s][debug][gc,heap        ] GC(21)  garbage-first heap   total 131072K, used 18124K [0x000001f47e000000, 0x0000022b7e000000)
[2026-08-02T09:17:12.653+0900][1.655s][debug][gc,heap        ] GC(21)   region size 32768K, 0 young (0K), 0 survivors (0K)
[2026-08-02T09:17:12.653+0900][1.655s][debug][gc,heap        ] GC(21)  Metaspace       used 9585K, committed 9856K, reserved 1114112K
[2026-08-02T09:17:12.653+0900][1.656s][debug][gc,heap        ] GC(21)   class space    used 896K, committed 1024K, reserved 1048576K
[2026-08-02T09:17:12.653+0900][1.656s][info ][gc             ] GC(21) Pause Full (System.gc()) 18M->17M(128M) 30.394ms
[2026-08-02T09:17:12.653+0900][1.656s][info ][gc,cpu         ] GC(21) User=0.03s Sys=0.02s Real=0.03s
[2026-08-02T09:17:12.653+0900][1.656s][info ][safepoint      ] Safepoint "G1CollectFull", Time since last: 2409800 ns, Reaching safepoint: 28000 ns, At safepoint: 30475800 ns, Total: 30503800 ns
[2026-08-02T09:17:12.655+0900][1.658s][info ][gc,start       ] GC(22) Pause Full (System.gc())
[2026-08-02T09:17:12.655+0900][1.658s][debug][gc,heap        ] GC(22) Heap before GC invocations=22 (full 22):
[2026-08-02T09:17:12.655+0900][1.658s][debug][gc,heap        ] GC(22)  garbage-first heap   total 131072K, used 18124K [0x000001f47e000000, 0x0000022b7e000000)
[2026-08-02T09:17:12.655+0900][1.658s][debug][gc,heap        ] GC(22)   region size 32768K, 1 young (32768K), 0 survivors (0K)
[2026-08-02T09:17:12.655+0900][1.658s][debug][gc,heap        ] GC(22)  Metaspace       used 9593K, committed 9920K, reserved 1114112K
[2026-08-02T09:17:12.655+0900][1.658s][debug][gc,heap        ] GC(22)   class space    used 896K, committed 1024K, reserved 1048576K
[2026-08-02T09:17:12.655+0900][1.658s][info ][gc,task        ] GC(22) Using 1 workers of 18 for full compaction
[2026-08-02T09:17:12.655+0900][1.658s][info ][gc,phases,start] GC(22) Phase 1: Mark live objects
[2026-08-02T09:17:12.671+0900][1.674s][info ][gc,phases      ] GC(22) Phase 1: Mark live objects 15.673ms
[2026-08-02T09:17:12.671+0900][1.674s][info ][gc,phases,start] GC(22) Phase 2: Prepare for compaction
[2026-08-02T09:17:12.674+0900][1.677s][info ][gc,phases      ] GC(22) Phase 2: Prepare for compaction 2.963ms
[2026-08-02T09:17:12.674+0900][1.677s][info ][gc,phases,start] GC(22) Phase 3: Adjust pointers
[2026-08-02T09:17:12.681+0900][1.684s][info ][gc,phases      ] GC(22) Phase 3: Adjust pointers 7.036ms
[2026-08-02T09:17:12.681+0900][1.684s][info ][gc,phases,start] GC(22) Phase 4: Compact heap
[2026-08-02T09:17:12.684+0900][1.687s][info ][gc,phases      ] GC(22) Phase 4: Compact heap 2.724ms
[2026-08-02T09:17:12.686+0900][1.689s][info ][gc,heap        ] GC(22) Eden regions: 1->0(1)
[2026-08-02T09:17:12.686+0900][1.689s][info ][gc,heap        ] GC(22) Survivor regions: 0->0(0)
[2026-08-02T09:17:12.686+0900][1.689s][info ][gc,heap        ] GC(22) Old regions: 1->1
[2026-08-02T09:17:12.686+0900][1.689s][info ][gc,heap        ] GC(22) Archive regions: 0->0
[2026-08-02T09:17:12.686+0900][1.689s][info ][gc,heap        ] GC(22) Humongous regions: 0->0
[2026-08-02T09:17:12.686+0900][1.689s][info ][gc,metaspace   ] GC(22) Metaspace: 9593K(9920K)->9593K(9920K) NonClass: 8697K(8896K)->8697K(8896K) Class: 896K(1024K)->896K(1024K)
[2026-08-02T09:17:12.686+0900][1.689s][debug][gc,heap        ] GC(22) Heap after GC invocations=23 (full 23):
[2026-08-02T09:17:12.686+0900][1.689s][debug][gc,heap        ] GC(22)  garbage-first heap   total 131072K, used 18137K [0x000001f47e000000, 0x0000022b7e000000)
[2026-08-02T09:17:12.686+0900][1.689s][debug][gc,heap        ] GC(22)   region size 32768K, 0 young (0K), 0 survivors (0K)
[2026-08-02T09:17:12.686+0900][1.689s][debug][gc,heap        ] GC(22)  Metaspace       used 9593K, committed 9920K, reserved 1114112K
[2026-08-02T09:17:12.686+0900][1.689s][debug][gc,heap        ] GC(22)   class space    used 896K, committed 1024K, reserved 1048576K
[2026-08-02T09:17:12.686+0900][1.689s][info ][gc             ] GC(22) Pause Full (System.gc()) 18M->17M(128M) 30.669ms
[2026-08-02T09:17:12.686+0900][1.689s][info ][gc,cpu         ] GC(22) User=0.03s Sys=0.03s Real=0.03s
[2026-08-02T09:17:12.686+0900][1.689s][info ][safepoint      ] Safepoint "G1CollectFull", Time since last: 2399700 ns, Reaching safepoint: 34400 ns, At safepoint: 30781300 ns, Total: 30815700 ns
[2026-08-02T09:17:12.688+0900][1.691s][info ][gc,start       ] GC(23) Pause Full (System.gc())
[2026-08-02T09:17:12.688+0900][1.691s][debug][gc,heap        ] GC(23) Heap before GC invocations=23 (full 23):
[2026-08-02T09:17:12.688+0900][1.691s][debug][gc,heap        ] GC(23)  garbage-first heap   total 131072K, used 18137K [0x000001f47e000000, 0x0000022b7e000000)
[2026-08-02T09:17:12.688+0900][1.691s][debug][gc,heap        ] GC(23)   region size 32768K, 1 young (32768K), 0 survivors (0K)
[2026-08-02T09:17:12.688+0900][1.691s][debug][gc,heap        ] GC(23)  Metaspace       used 9600K, committed 9920K, reserved 1114112K
[2026-08-02T09:17:12.688+0900][1.691s][debug][gc,heap        ] GC(23)   class space    used 896K, committed 1024K, reserved 1048576K
[2026-08-02T09:17:12.688+0900][1.691s][info ][gc,task        ] GC(23) Using 1 workers of 18 for full compaction
[2026-08-02T09:17:12.688+0900][1.691s][info ][gc,phases,start] GC(23) Phase 1: Mark live objects
[2026-08-02T09:17:12.704+0900][1.706s][info ][gc,phases      ] GC(23) Phase 1: Mark live objects 14.720ms
[2026-08-02T09:17:12.704+0900][1.706s][info ][gc,phases,start] GC(23) Phase 2: Prepare for compaction
[2026-08-02T09:17:12.706+0900][1.709s][info ][gc,phases      ] GC(23) Phase 2: Prepare for compaction 2.825ms
[2026-08-02T09:17:12.706+0900][1.709s][info ][gc,phases,start] GC(23) Phase 3: Adjust pointers
[2026-08-02T09:17:12.715+0900][1.717s][info ][gc,phases      ] GC(23) Phase 3: Adjust pointers 8.163ms
[2026-08-02T09:17:12.715+0900][1.717s][info ][gc,phases,start] GC(23) Phase 4: Compact heap
[2026-08-02T09:17:12.717+0900][1.720s][info ][gc,phases      ] GC(23) Phase 4: Compact heap 2.497ms
[2026-08-02T09:17:12.719+0900][1.722s][info ][gc,heap        ] GC(23) Eden regions: 1->0(1)
[2026-08-02T09:17:12.719+0900][1.722s][info ][gc,heap        ] GC(23) Survivor regions: 0->0(0)
[2026-08-02T09:17:12.720+0900][1.722s][info ][gc,heap        ] GC(23) Old regions: 1->1
[2026-08-02T09:17:12.720+0900][1.722s][info ][gc,heap        ] GC(23) Archive regions: 0->0
[2026-08-02T09:17:12.720+0900][1.722s][info ][gc,heap        ] GC(23) Humongous regions: 0->0
[2026-08-02T09:17:12.720+0900][1.722s][info ][gc,metaspace   ] GC(23) Metaspace: 9600K(9920K)->9600K(9920K) NonClass: 8703K(8896K)->8703K(8896K) Class: 896K(1024K)->896K(1024K)
[2026-08-02T09:17:12.720+0900][1.722s][debug][gc,heap        ] GC(23) Heap after GC invocations=24 (full 24):
[2026-08-02T09:17:12.720+0900][1.722s][debug][gc,heap        ] GC(23)  garbage-first heap   total 131072K, used 18151K [0x000001f47e000000, 0x0000022b7e000000)
[2026-08-02T09:17:12.720+0900][1.722s][debug][gc,heap        ] GC(23)   region size 32768K, 0 young (0K), 0 survivors (0K)
[2026-08-02T09:17:12.720+0900][1.722s][debug][gc,heap        ] GC(23)  Metaspace       used 9600K, committed 9920K, reserved 1114112K
[2026-08-02T09:17:12.720+0900][1.722s][debug][gc,heap        ] GC(23)   class space    used 896K, committed 1024K, reserved 1048576K
[2026-08-02T09:17:12.720+0900][1.722s][info ][gc             ] GC(23) Pause Full (System.gc()) 18M->17M(128M) 30.586ms
[2026-08-02T09:17:12.720+0900][1.722s][info ][gc,cpu         ] GC(23) User=0.05s Sys=0.02s Real=0.03s
[2026-08-02T09:17:12.720+0900][1.722s][info ][safepoint      ] Safepoint "G1CollectFull", Time since last: 2379500 ns, Reaching safepoint: 22800 ns, At safepoint: 30674600 ns, Total: 30697400 ns
[2026-08-02T09:17:12.722+0900][1.724s][info ][gc,start       ] GC(24) Pause Full (System.gc())
[2026-08-02T09:17:12.722+0900][1.724s][debug][gc,heap        ] GC(24) Heap before GC invocations=24 (full 24):
[2026-08-02T09:17:12.722+0900][1.724s][debug][gc,heap        ] GC(24)  garbage-first heap   total 131072K, used 18151K [0x000001f47e000000, 0x0000022b7e000000)
[2026-08-02T09:17:12.722+0900][1.724s][debug][gc,heap        ] GC(24)   region size 32768K, 1 young (32768K), 0 survivors (0K)
[2026-08-02T09:17:12.722+0900][1.724s][debug][gc,heap        ] GC(24)  Metaspace       used 9600K, committed 9920K, reserved 1114112K
[2026-08-02T09:17:12.722+0900][1.724s][debug][gc,heap        ] GC(24)   class space    used 896K, committed 1024K, reserved 1048576K
[2026-08-02T09:17:12.722+0900][1.724s][info ][gc,task        ] GC(24) Using 1 workers of 18 for full compaction
[2026-08-02T09:17:12.722+0900][1.724s][info ][gc,phases,start] GC(24) Phase 1: Mark live objects
[2026-08-02T09:17:12.736+0900][1.739s][info ][gc,phases      ] GC(24) Phase 1: Mark live objects 14.624ms
[2026-08-02T09:17:12.736+0900][1.739s][info ][gc,phases,start] GC(24) Phase 2: Prepare for compaction
[2026-08-02T09:17:12.739+0900][1.741s][info ][gc,phases      ] GC(24) Phase 2: Prepare for compaction 2.773ms
[2026-08-02T09:17:12.739+0900][1.741s][info ][gc,phases,start] GC(24) Phase 3: Adjust pointers
[2026-08-02T09:17:12.746+0900][1.749s][info ][gc,phases      ] GC(24) Phase 3: Adjust pointers 7.355ms
[2026-08-02T09:17:12.746+0900][1.749s][info ][gc,phases,start] GC(24) Phase 4: Compact heap
[2026-08-02T09:17:12.749+0900][1.751s][info ][gc,phases      ] GC(24) Phase 4: Compact heap 2.319ms
[2026-08-02T09:17:12.751+0900][1.753s][info ][gc,heap        ] GC(24) Eden regions: 1->0(1)
[2026-08-02T09:17:12.751+0900][1.753s][info ][gc,heap        ] GC(24) Survivor regions: 0->0(0)
[2026-08-02T09:17:12.751+0900][1.753s][info ][gc,heap        ] GC(24) Old regions: 1->1
[2026-08-02T09:17:12.751+0900][1.753s][info ][gc,heap        ] GC(24) Archive regions: 0->0
[2026-08-02T09:17:12.751+0900][1.753s][info ][gc,heap        ] GC(24) Humongous regions: 0->0
[2026-08-02T09:17:12.751+0900][1.753s][info ][gc,metaspace   ] GC(24) Metaspace: 9600K(9920K)->9600K(9920K) NonClass: 8703K(8896K)->8703K(8896K) Class: 896K(1024K)->896K(1024K)
[2026-08-02T09:17:12.751+0900][1.753s][debug][gc,heap        ] GC(24) Heap after GC invocations=25 (full 25):
[2026-08-02T09:17:12.751+0900][1.753s][debug][gc,heap        ] GC(24)  garbage-first heap   total 131072K, used 18164K [0x000001f47e000000, 0x0000022b7e000000)
[2026-08-02T09:17:12.751+0900][1.753s][debug][gc,heap        ] GC(24)   region size 32768K, 0 young (0K), 0 survivors (0K)
[2026-08-02T09:17:12.751+0900][1.753s][debug][gc,heap        ] GC(24)  Metaspace       used 9600K, committed 9920K, reserved 1114112K
[2026-08-02T09:17:12.751+0900][1.753s][debug][gc,heap        ] GC(24)   class space    used 896K, committed 1024K, reserved 1048576K
[2026-08-02T09:17:12.751+0900][1.753s][info ][gc             ] GC(24) Pause Full (System.gc()) 18M->17M(128M) 29.376ms
[2026-08-02T09:17:12.751+0900][1.753s][info ][gc,cpu         ] GC(24) User=0.03s Sys=0.03s Real=0.03s
[2026-08-02T09:17:12.751+0900][1.753s][info ][safepoint      ] Safepoint "G1CollectFull", Time since last: 1833700 ns, Reaching safepoint: 41700 ns, At safepoint: 29471800 ns, Total: 29513500 ns
[2026-08-02T09:17:12.752+0900][1.755s][info ][gc,start       ] GC(25) Pause Full (System.gc())
[2026-08-02T09:17:12.752+0900][1.755s][debug][gc,heap        ] GC(25) Heap before GC invocations=25 (full 25):
[2026-08-02T09:17:12.752+0900][1.755s][debug][gc,heap        ] GC(25)  garbage-first heap   total 131072K, used 18164K [0x000001f47e000000, 0x0000022b7e000000)
[2026-08-02T09:17:12.752+0900][1.755s][debug][gc,heap        ] GC(25)   region size 32768K, 1 young (32768K), 0 survivors (0K)
[2026-08-02T09:17:12.752+0900][1.755s][debug][gc,heap        ] GC(25)  Metaspace       used 9602K, committed 9920K, reserved 1114112K
[2026-08-02T09:17:12.752+0900][1.755s][debug][gc,heap        ] GC(25)   class space    used 896K, committed 1024K, reserved 1048576K
[2026-08-02T09:17:12.752+0900][1.755s][info ][gc,task        ] GC(25) Using 1 workers of 18 for full compaction
[2026-08-02T09:17:12.753+0900][1.755s][info ][gc,phases,start] GC(25) Phase 1: Mark live objects
[2026-08-02T09:17:12.767+0900][1.770s][info ][gc,phases      ] GC(25) Phase 1: Mark live objects 14.747ms
[2026-08-02T09:17:12.767+0900][1.770s][info ][gc,phases,start] GC(25) Phase 2: Prepare for compaction
[2026-08-02T09:17:12.771+0900][1.773s][info ][gc,phases      ] GC(25) Phase 2: Prepare for compaction 3.263ms
[2026-08-02T09:17:12.771+0900][1.774s][info ][gc,phases,start] GC(25) Phase 3: Adjust pointers
[2026-08-02T09:17:12.778+0900][1.781s][info ][gc,phases      ] GC(25) Phase 3: Adjust pointers 7.464ms
[2026-08-02T09:17:12.778+0900][1.781s][info ][gc,phases,start] GC(25) Phase 4: Compact heap
[2026-08-02T09:17:12.781+0900][1.784s][info ][gc,phases      ] GC(25) Phase 4: Compact heap 2.571ms
[2026-08-02T09:17:12.783+0900][1.785s][info ][gc,heap        ] GC(25) Eden regions: 1->0(1)
[2026-08-02T09:17:12.783+0900][1.785s][info ][gc,heap        ] GC(25) Survivor regions: 0->0(0)
[2026-08-02T09:17:12.783+0900][1.785s][info ][gc,heap        ] GC(25) Old regions: 1->1
[2026-08-02T09:17:12.783+0900][1.785s][info ][gc,heap        ] GC(25) Archive regions: 0->0
[2026-08-02T09:17:12.783+0900][1.786s][info ][gc,heap        ] GC(25) Humongous regions: 0->0
[2026-08-02T09:17:12.783+0900][1.786s][info ][gc,metaspace   ] GC(25) Metaspace: 9602K(9920K)->9602K(9920K) NonClass: 8705K(8896K)->8705K(8896K) Class: 896K(1024K)->896K(1024K)
[2026-08-02T09:17:12.783+0900][1.786s][debug][gc,heap        ] GC(25) Heap after GC invocations=26 (full 26):
[2026-08-02T09:17:12.783+0900][1.786s][debug][gc,heap        ] GC(25)  garbage-first heap   total 131072K, used 18178K [0x000001f47e000000, 0x0000022b7e000000)
[2026-08-02T09:17:12.783+0900][1.786s][debug][gc,heap        ] GC(25)   region size 32768K, 0 young (0K), 0 survivors (0K)
[2026-08-02T09:17:12.783+0900][1.786s][debug][gc,heap        ] GC(25)  Metaspace       used 9602K, committed 9920K, reserved 1114112K
[2026-08-02T09:17:12.783+0900][1.786s][debug][gc,heap        ] GC(25)   class space    used 896K, committed 1024K, reserved 1048576K
[2026-08-02T09:17:12.783+0900][1.786s][info ][gc             ] GC(25) Pause Full (System.gc()) 18M->17M(128M) 30.391ms
[2026-08-02T09:17:12.783+0900][1.786s][info ][gc,cpu         ] GC(25) User=0.06s Sys=0.00s Real=0.03s
[2026-08-02T09:17:12.783+0900][1.786s][info ][safepoint      ] Safepoint "G1CollectFull", Time since last: 1922300 ns, Reaching safepoint: 20400 ns, At safepoint: 30446500 ns, Total: 30466900 ns
[2026-08-02T09:17:12.785+0900][1.788s][info ][gc,start       ] GC(26) Pause Full (System.gc())
[2026-08-02T09:17:12.785+0900][1.788s][debug][gc,heap        ] GC(26) Heap before GC invocations=26 (full 26):
[2026-08-02T09:17:12.785+0900][1.788s][debug][gc,heap        ] GC(26)  garbage-first heap   total 131072K, used 18178K [0x000001f47e000000, 0x0000022b7e000000)
[2026-08-02T09:17:12.785+0900][1.788s][debug][gc,heap        ] GC(26)   region size 32768K, 1 young (32768K), 0 survivors (0K)
[2026-08-02T09:17:12.785+0900][1.788s][debug][gc,heap        ] GC(26)  Metaspace       used 9614K, committed 9920K, reserved 1114112K
[2026-08-02T09:17:12.785+0900][1.788s][debug][gc,heap        ] GC(26)   class space    used 898K, committed 1024K, reserved 1048576K
[2026-08-02T09:17:12.785+0900][1.788s][info ][gc,task        ] GC(26) Using 1 workers of 18 for full compaction
[2026-08-02T09:17:12.785+0900][1.788s][info ][gc,phases,start] GC(26) Phase 1: Mark live objects
[2026-08-02T09:17:12.802+0900][1.805s][info ][gc,phases      ] GC(26) Phase 1: Mark live objects 16.961ms
[2026-08-02T09:17:12.802+0900][1.805s][info ][gc,phases,start] GC(26) Phase 2: Prepare for compaction
[2026-08-02T09:17:12.805+0900][1.808s][info ][gc,phases      ] GC(26) Phase 2: Prepare for compaction 3.084ms
[2026-08-02T09:17:12.805+0900][1.808s][info ][gc,phases,start] GC(26) Phase 3: Adjust pointers
[2026-08-02T09:17:12.813+0900][1.816s][info ][gc,phases      ] GC(26) Phase 3: Adjust pointers 7.867ms
[2026-08-02T09:17:12.813+0900][1.816s][info ][gc,phases,start] GC(26) Phase 4: Compact heap
[2026-08-02T09:17:12.816+0900][1.819s][info ][gc,phases      ] GC(26) Phase 4: Compact heap 3.207ms
[2026-08-02T09:17:12.818+0900][1.821s][info ][gc,heap        ] GC(26) Eden regions: 1->0(1)
[2026-08-02T09:17:12.818+0900][1.821s][info ][gc,heap        ] GC(26) Survivor regions: 0->0(0)
[2026-08-02T09:17:12.818+0900][1.821s][info ][gc,heap        ] GC(26) Old regions: 1->1
[2026-08-02T09:17:12.818+0900][1.821s][info ][gc,heap        ] GC(26) Archive regions: 0->0
[2026-08-02T09:17:12.818+0900][1.821s][info ][gc,heap        ] GC(26) Humongous regions: 0->0
[2026-08-02T09:17:12.818+0900][1.821s][info ][gc,metaspace   ] GC(26) Metaspace: 9614K(9920K)->9614K(9920K) NonClass: 8715K(8896K)->8715K(8896K) Class: 898K(1024K)->898K(1024K)
[2026-08-02T09:17:12.818+0900][1.821s][debug][gc,heap        ] GC(26) Heap after GC invocations=27 (full 27):
[2026-08-02T09:17:12.818+0900][1.821s][debug][gc,heap        ] GC(26)  garbage-first heap   total 131072K, used 18191K [0x000001f47e000000, 0x0000022b7e000000)
[2026-08-02T09:17:12.818+0900][1.821s][debug][gc,heap        ] GC(26)   region size 32768K, 0 young (0K), 0 survivors (0K)
[2026-08-02T09:17:12.818+0900][1.821s][debug][gc,heap        ] GC(26)  Metaspace       used 9614K, committed 9920K, reserved 1114112K
[2026-08-02T09:17:12.818+0900][1.821s][debug][gc,heap        ] GC(26)   class space    used 898K, committed 1024K, reserved 1048576K
[2026-08-02T09:17:12.818+0900][1.821s][info ][gc             ] GC(26) Pause Full (System.gc()) 18M->17M(128M) 33.345ms
[2026-08-02T09:17:12.818+0900][1.821s][info ][gc,cpu         ] GC(26) User=0.03s Sys=0.03s Real=0.03s
[2026-08-02T09:17:12.818+0900][1.821s][info ][safepoint      ] Safepoint "G1CollectFull", Time since last: 1992600 ns, Reaching safepoint: 24100 ns, At safepoint: 33406100 ns, Total: 33430200 ns
[2026-08-02T09:17:12.820+0900][1.823s][info ][gc,start       ] GC(27) Pause Full (System.gc())
[2026-08-02T09:17:12.820+0900][1.823s][debug][gc,heap        ] GC(27) Heap before GC invocations=27 (full 27):
[2026-08-02T09:17:12.820+0900][1.823s][debug][gc,heap        ] GC(27)  garbage-first heap   total 131072K, used 18191K [0x000001f47e000000, 0x0000022b7e000000)
[2026-08-02T09:17:12.820+0900][1.823s][debug][gc,heap        ] GC(27)   region size 32768K, 1 young (32768K), 0 survivors (0K)
[2026-08-02T09:17:12.820+0900][1.823s][debug][gc,heap        ] GC(27)  Metaspace       used 9614K, committed 9920K, reserved 1114112K
[2026-08-02T09:17:12.820+0900][1.823s][debug][gc,heap        ] GC(27)   class space    used 898K, committed 1024K, reserved 1048576K
[2026-08-02T09:17:12.820+0900][1.823s][info ][gc,task        ] GC(27) Using 1 workers of 18 for full compaction
[2026-08-02T09:17:12.820+0900][1.823s][info ][gc,phases,start] GC(27) Phase 1: Mark live objects
[2026-08-02T09:17:12.838+0900][1.840s][info ][gc,phases      ] GC(27) Phase 1: Mark live objects 16.690ms
[2026-08-02T09:17:12.838+0900][1.840s][info ][gc,phases,start] GC(27) Phase 2: Prepare for compaction
[2026-08-02T09:17:12.841+0900][1.843s][info ][gc,phases      ] GC(27) Phase 2: Prepare for compaction 3.042ms
[2026-08-02T09:17:12.841+0900][1.843s][info ][gc,phases,start] GC(27) Phase 3: Adjust pointers
[2026-08-02T09:17:12.848+0900][1.851s][info ][gc,phases      ] GC(27) Phase 3: Adjust pointers 7.630ms
[2026-08-02T09:17:12.848+0900][1.851s][info ][gc,phases,start] GC(27) Phase 4: Compact heap
[2026-08-02T09:17:12.851+0900][1.853s][info ][gc,phases      ] GC(27) Phase 4: Compact heap 2.557ms
[2026-08-02T09:17:12.853+0900][1.855s][info ][gc,heap        ] GC(27) Eden regions: 1->0(1)
[2026-08-02T09:17:12.853+0900][1.855s][info ][gc,heap        ] GC(27) Survivor regions: 0->0(0)
[2026-08-02T09:17:12.853+0900][1.855s][info ][gc,heap        ] GC(27) Old regions: 1->1
[2026-08-02T09:17:12.853+0900][1.855s][info ][gc,heap        ] GC(27) Archive regions: 0->0
[2026-08-02T09:17:12.853+0900][1.855s][info ][gc,heap        ] GC(27) Humongous regions: 0->0
[2026-08-02T09:17:12.853+0900][1.855s][info ][gc,metaspace   ] GC(27) Metaspace: 9614K(9920K)->9614K(9920K) NonClass: 8716K(8896K)->8716K(8896K) Class: 898K(1024K)->898K(1024K)
[2026-08-02T09:17:12.853+0900][1.855s][debug][gc,heap        ] GC(27) Heap after GC invocations=28 (full 28):
[2026-08-02T09:17:12.853+0900][1.855s][debug][gc,heap        ] GC(27)  garbage-first heap   total 131072K, used 18209K [0x000001f47e000000, 0x0000022b7e000000)
[2026-08-02T09:17:12.853+0900][1.855s][debug][gc,heap        ] GC(27)   region size 32768K, 0 young (0K), 0 survivors (0K)
[2026-08-02T09:17:12.853+0900][1.855s][debug][gc,heap        ] GC(27)  Metaspace       used 9614K, committed 9920K, reserved 1114112K
[2026-08-02T09:17:12.853+0900][1.855s][debug][gc,heap        ] GC(27)   class space    used 898K, committed 1024K, reserved 1048576K
[2026-08-02T09:17:12.853+0900][1.855s][info ][gc             ] GC(27) Pause Full (System.gc()) 18M->17M(128M) 32.146ms
[2026-08-02T09:17:12.853+0900][1.855s][info ][gc,cpu         ] GC(27) User=0.03s Sys=0.02s Real=0.03s
[2026-08-02T09:17:12.853+0900][1.855s][info ][safepoint      ] Safepoint "G1CollectFull", Time since last: 1922300 ns, Reaching safepoint: 23300 ns, At safepoint: 32234900 ns, Total: 32258200 ns
[2026-08-02T09:17:12.866+0900][1.869s][info ][gc,start       ] GC(28) Pause Full (System.gc())
[2026-08-02T09:17:12.866+0900][1.869s][debug][gc,heap        ] GC(28) Heap before GC invocations=28 (full 28):
[2026-08-02T09:17:12.866+0900][1.869s][debug][gc,heap        ] GC(28)  garbage-first heap   total 131072K, used 18209K [0x000001f47e000000, 0x0000022b7e000000)
[2026-08-02T09:17:12.866+0900][1.869s][debug][gc,heap        ] GC(28)   region size 32768K, 1 young (32768K), 0 survivors (0K)
[2026-08-02T09:17:12.866+0900][1.869s][debug][gc,heap        ] GC(28)  Metaspace       used 9642K, committed 9920K, reserved 1114112K
[2026-08-02T09:17:12.866+0900][1.869s][debug][gc,heap        ] GC(28)   class space    used 900K, committed 1024K, reserved 1048576K
[2026-08-02T09:17:12.866+0900][1.869s][info ][gc,task        ] GC(28) Using 1 workers of 18 for full compaction
[2026-08-02T09:17:12.866+0900][1.869s][info ][gc,phases,start] GC(28) Phase 1: Mark live objects
[2026-08-02T09:17:12.885+0900][1.887s][info ][gc,phases      ] GC(28) Phase 1: Mark live objects 18.716ms
[2026-08-02T09:17:12.885+0900][1.888s][info ][gc,phases,start] GC(28) Phase 2: Prepare for compaction
[2026-08-02T09:17:12.888+0900][1.891s][info ][gc,phases      ] GC(28) Phase 2: Prepare for compaction 3.249ms
[2026-08-02T09:17:12.888+0900][1.891s][info ][gc,phases,start] GC(28) Phase 3: Adjust pointers
[2026-08-02T09:17:12.896+0900][1.899s][info ][gc,phases      ] GC(28) Phase 3: Adjust pointers 8.072ms
[2026-08-02T09:17:12.896+0900][1.899s][info ][gc,phases,start] GC(28) Phase 4: Compact heap
[2026-08-02T09:17:12.900+0900][1.902s][info ][gc,phases      ] GC(28) Phase 4: Compact heap 3.447ms
[2026-08-02T09:17:12.901+0900][1.904s][info ][gc,heap        ] GC(28) Eden regions: 1->0(1)
[2026-08-02T09:17:12.901+0900][1.904s][info ][gc,heap        ] GC(28) Survivor regions: 0->0(0)
[2026-08-02T09:17:12.901+0900][1.904s][info ][gc,heap        ] GC(28) Old regions: 1->1
[2026-08-02T09:17:12.901+0900][1.904s][info ][gc,heap        ] GC(28) Archive regions: 0->0
[2026-08-02T09:17:12.901+0900][1.904s][info ][gc,heap        ] GC(28) Humongous regions: 0->0
[2026-08-02T09:17:12.901+0900][1.904s][info ][gc,metaspace   ] GC(28) Metaspace: 9642K(9920K)->9642K(9920K) NonClass: 8742K(8896K)->8742K(8896K) Class: 900K(1024K)->900K(1024K)
[2026-08-02T09:17:12.901+0900][1.904s][debug][gc,heap        ] GC(28) Heap after GC invocations=29 (full 29):
[2026-08-02T09:17:12.901+0900][1.904s][debug][gc,heap        ] GC(28)  garbage-first heap   total 131072K, used 20824K [0x000001f47e000000, 0x0000022b7e000000)
[2026-08-02T09:17:12.901+0900][1.904s][debug][gc,heap        ] GC(28)   region size 32768K, 0 young (0K), 0 survivors (0K)
[2026-08-02T09:17:12.901+0900][1.904s][debug][gc,heap        ] GC(28)  Metaspace       used 9642K, committed 9920K, reserved 1114112K
[2026-08-02T09:17:12.901+0900][1.904s][debug][gc,heap        ] GC(28)   class space    used 900K, committed 1024K, reserved 1048576K
[2026-08-02T09:17:12.902+0900][1.904s][info ][gc             ] GC(28) Pause Full (System.gc()) 23M->20M(128M) 35.875ms
[2026-08-02T09:17:12.902+0900][1.904s][info ][gc,cpu         ] GC(28) User=0.03s Sys=0.00s Real=0.04s
[2026-08-02T09:17:12.902+0900][1.905s][info ][safepoint      ] Safepoint "G1CollectFull", Time since last: 13242600 ns, Reaching safepoint: 42200 ns, At safepoint: 35996300 ns, Total: 36038500 ns
[2026-08-02T09:17:12.968+0900][1.970s][info ][gc,start       ] GC(29) Pause Young (Normal) (G1 Evacuation Pause)
[2026-08-02T09:17:12.968+0900][1.970s][debug][gc,heap        ] GC(29) Heap before GC invocations=29 (full 29):
[2026-08-02T09:17:12.968+0900][1.970s][debug][gc,heap        ] GC(29)  garbage-first heap   total 131072K, used 53592K [0x000001f47e000000, 0x0000022b7e000000)
[2026-08-02T09:17:12.968+0900][1.970s][debug][gc,heap        ] GC(29)   region size 32768K, 1 young (32768K), 0 survivors (0K)
[2026-08-02T09:17:12.968+0900][1.970s][debug][gc,heap        ] GC(29)  Metaspace       used 9654K, committed 9920K, reserved 1114112K
[2026-08-02T09:17:12.968+0900][1.970s][debug][gc,heap        ] GC(29)   class space    used 901K, committed 1024K, reserved 1048576K
[2026-08-02T09:17:12.968+0900][1.970s][info ][gc,task        ] GC(29) Using 3 workers of 18 for evacuation
[2026-08-02T09:17:12.981+0900][1.983s][info ][gc,phases      ] GC(29)   Pre Evacuate Collection Set: 0.1ms
[2026-08-02T09:17:12.981+0900][1.983s][info ][gc,phases      ] GC(29)   Merge Heap Roots: 0.3ms
[2026-08-02T09:17:12.981+0900][1.983s][info ][gc,phases      ] GC(29)   Evacuate Collection Set: 12.6ms
[2026-08-02T09:17:12.981+0900][1.983s][info ][gc,phases      ] GC(29)   Post Evacuate Collection Set: 0.2ms
[2026-08-02T09:17:12.981+0900][1.983s][info ][gc,phases      ] GC(29)   Other: 0.1ms
[2026-08-02T09:17:12.981+0900][1.983s][info ][gc,heap        ] GC(29) Eden regions: 1->0(1)
[2026-08-02T09:17:12.981+0900][1.983s][info ][gc,heap        ] GC(29) Survivor regions: 0->1(1)
[2026-08-02T09:17:12.981+0900][1.983s][info ][gc,heap        ] GC(29) Old regions: 1->1
[2026-08-02T09:17:12.981+0900][1.983s][info ][gc,heap        ] GC(29) Archive regions: 0->0
[2026-08-02T09:17:12.981+0900][1.983s][info ][gc,heap        ] GC(29) Humongous regions: 0->0
[2026-08-02T09:17:12.981+0900][1.983s][info ][gc,metaspace   ] GC(29) Metaspace: 9654K(9920K)->9654K(9920K) NonClass: 8752K(8896K)->8752K(8896K) Class: 901K(1024K)->901K(1024K)
[2026-08-02T09:17:12.981+0900][1.983s][debug][gc,heap        ] GC(29) Heap after GC invocations=30 (full 29):
[2026-08-02T09:17:12.981+0900][1.983s][debug][gc,heap        ] GC(29)  garbage-first heap   total 131072K, used 37062K [0x000001f47e000000, 0x0000022b7e000000)
[2026-08-02T09:17:12.981+0900][1.983s][debug][gc,heap        ] GC(29)   region size 32768K, 1 young (32768K), 1 survivors (32768K)
[2026-08-02T09:17:12.981+0900][1.983s][debug][gc,heap        ] GC(29)  Metaspace       used 9654K, committed 9920K, reserved 1114112K
[2026-08-02T09:17:12.981+0900][1.983s][debug][gc,heap        ] GC(29)   class space    used 901K, committed 1024K, reserved 1048576K
[2026-08-02T09:17:12.981+0900][1.983s][info ][gc             ] GC(29) Pause Young (Normal) (G1 Evacuation Pause) 52M->36M(128M) 13.710ms
[2026-08-02T09:17:12.981+0900][1.983s][info ][gc,cpu         ] GC(29) User=0.05s Sys=0.00s Real=0.01s
[2026-08-02T09:17:12.981+0900][1.984s][info ][safepoint      ] Safepoint "G1CollectForAllocation", Time since last: 65193000 ns, Reaching safepoint: 40600 ns, At safepoint: 13774400 ns, Total: 13815000 ns
[2026-08-02T09:17:13.034+0900][2.036s][info ][gc,start       ] GC(30) Pause Young (Normal) (G1 Evacuation Pause)
[2026-08-02T09:17:13.034+0900][2.036s][debug][gc,heap        ] GC(30) Heap before GC invocations=30 (full 29):
[2026-08-02T09:17:13.034+0900][2.036s][debug][gc,heap        ] GC(30)  garbage-first heap   total 131072K, used 69830K [0x000001f47e000000, 0x0000022b7e000000)
[2026-08-02T09:17:13.034+0900][2.036s][debug][gc,heap        ] GC(30)   region size 32768K, 2 young (65536K), 1 survivors (32768K)
[2026-08-02T09:17:13.034+0900][2.036s][debug][gc,heap        ] GC(30)  Metaspace       used 9654K, committed 9920K, reserved 1114112K
[2026-08-02T09:17:13.034+0900][2.036s][debug][gc,heap        ] GC(30)   class space    used 901K, committed 1024K, reserved 1048576K
[2026-08-02T09:17:13.034+0900][2.036s][info ][gc,task        ] GC(30) Using 3 workers of 18 for evacuation
[2026-08-02T09:17:13.051+0900][2.054s][info ][gc,phases      ] GC(30)   Pre Evacuate Collection Set: 0.0ms
[2026-08-02T09:17:13.051+0900][2.054s][info ][gc,phases      ] GC(30)   Merge Heap Roots: 0.1ms
[2026-08-02T09:17:13.051+0900][2.054s][info ][gc,phases      ] GC(30)   Evacuate Collection Set: 17.2ms
[2026-08-02T09:17:13.051+0900][2.054s][info ][gc,phases      ] GC(30)   Post Evacuate Collection Set: 0.2ms
[2026-08-02T09:17:13.051+0900][2.054s][info ][gc,phases      ] GC(30)   Other: 0.1ms
[2026-08-02T09:17:13.051+0900][2.054s][info ][gc,heap        ] GC(30) Eden regions: 1->0(1)
[2026-08-02T09:17:13.051+0900][2.054s][info ][gc,heap        ] GC(30) Survivor regions: 1->1(1)
[2026-08-02T09:17:13.051+0900][2.054s][info ][gc,heap        ] GC(30) Old regions: 1->1
[2026-08-02T09:17:13.051+0900][2.054s][info ][gc,heap        ] GC(30) Archive regions: 0->0
[2026-08-02T09:17:13.051+0900][2.054s][info ][gc,heap        ] GC(30) Humongous regions: 0->0
[2026-08-02T09:17:13.051+0900][2.054s][info ][gc,metaspace   ] GC(30) Metaspace: 9654K(9920K)->9654K(9920K) NonClass: 8752K(8896K)->8752K(8896K) Class: 901K(1024K)->901K(1024K)
[2026-08-02T09:17:13.051+0900][2.054s][debug][gc,heap        ] GC(30) Heap after GC invocations=31 (full 29):
[2026-08-02T09:17:13.051+0900][2.054s][debug][gc,heap        ] GC(30)  garbage-first heap   total 131072K, used 53045K [0x000001f47e000000, 0x0000022b7e000000)
[2026-08-02T09:17:13.051+0900][2.054s][debug][gc,heap        ] GC(30)   region size 32768K, 1 young (32768K), 1 survivors (32768K)
[2026-08-02T09:17:13.051+0900][2.054s][debug][gc,heap        ] GC(30)  Metaspace       used 9654K, committed 9920K, reserved 1114112K
[2026-08-02T09:17:13.051+0900][2.054s][debug][gc,heap        ] GC(30)   class space    used 901K, committed 1024K, reserved 1048576K
[2026-08-02T09:17:13.051+0900][2.054s][info ][gc             ] GC(30) Pause Young (Normal) (G1 Evacuation Pause) 68M->51M(128M) 17.973ms
[2026-08-02T09:17:13.051+0900][2.054s][info ][gc,cpu         ] GC(30) User=0.06s Sys=0.00s Real=0.02s
[2026-08-02T09:17:13.051+0900][2.054s][info ][safepoint      ] Safepoint "G1CollectForAllocation", Time since last: 52681500 ns, Reaching safepoint: 35200 ns, At safepoint: 18031400 ns, Total: 18066600 ns
[2026-08-02T09:17:13.074+0900][2.076s][info ][gc,start       ] GC(31) Pause Young (Normal) (G1 Evacuation Pause)
[2026-08-02T09:17:13.074+0900][2.076s][debug][gc,heap        ] GC(31) Heap before GC invocations=31 (full 29):
[2026-08-02T09:17:13.074+0900][2.076s][debug][gc,heap        ] GC(31)  garbage-first heap   total 131072K, used 85813K [0x000001f47e000000, 0x0000022b7e000000)
[2026-08-02T09:17:13.074+0900][2.076s][debug][gc,heap        ] GC(31)   region size 32768K, 2 young (65536K), 1 survivors (32768K)
[2026-08-02T09:17:13.074+0900][2.076s][debug][gc,heap        ] GC(31)  Metaspace       used 9656K, committed 9920K, reserved 1114112K
[2026-08-02T09:17:13.074+0900][2.076s][debug][gc,heap        ] GC(31)   class space    used 901K, committed 1024K, reserved 1048576K
[2026-08-02T09:17:13.074+0900][2.076s][info ][gc,task        ] GC(31) Using 3 workers of 18 for evacuation
[2026-08-02T09:17:13.104+0900][2.107s][info ][gc,phases      ] GC(31)   Pre Evacuate Collection Set: 0.0ms
[2026-08-02T09:17:13.104+0900][2.107s][info ][gc,phases      ] GC(31)   Merge Heap Roots: 0.1ms
[2026-08-02T09:17:13.104+0900][2.107s][info ][gc,phases      ] GC(31)   Evacuate Collection Set: 30.1ms
[2026-08-02T09:17:13.104+0900][2.107s][info ][gc,phases      ] GC(31)   Post Evacuate Collection Set: 0.2ms
[2026-08-02T09:17:13.104+0900][2.107s][info ][gc,phases      ] GC(31)   Other: 0.1ms
[2026-08-02T09:17:13.104+0900][2.107s][info ][gc,heap        ] GC(31) Eden regions: 1->0(1)
[2026-08-02T09:17:13.104+0900][2.107s][info ][gc,heap        ] GC(31) Survivor regions: 1->1(1)
[2026-08-02T09:17:13.104+0900][2.107s][info ][gc,heap        ] GC(31) Old regions: 1->2
[2026-08-02T09:17:13.104+0900][2.107s][info ][gc,heap        ] GC(31) Archive regions: 0->0
[2026-08-02T09:17:13.104+0900][2.107s][info ][gc,heap        ] GC(31) Humongous regions: 0->0
[2026-08-02T09:17:13.104+0900][2.107s][info ][gc,metaspace   ] GC(31) Metaspace: 9656K(9920K)->9656K(9920K) NonClass: 8755K(8896K)->8755K(8896K) Class: 901K(1024K)->901K(1024K)
[2026-08-02T09:17:13.104+0900][2.107s][debug][gc,heap        ] GC(31) Heap after GC invocations=32 (full 29):
[2026-08-02T09:17:13.104+0900][2.107s][debug][gc,heap        ] GC(31)  garbage-first heap   total 163840K, used 70078K [0x000001f47e000000, 0x0000022b7e000000)
[2026-08-02T09:17:13.104+0900][2.107s][debug][gc,heap        ] GC(31)   region size 32768K, 1 young (32768K), 1 survivors (32768K)
[2026-08-02T09:17:13.104+0900][2.107s][debug][gc,heap        ] GC(31)  Metaspace       used 9656K, committed 9920K, reserved 1114112K
[2026-08-02T09:17:13.104+0900][2.107s][debug][gc,heap        ] GC(31)   class space    used 901K, committed 1024K, reserved 1048576K
[2026-08-02T09:17:13.104+0900][2.107s][info ][gc             ] GC(31) Pause Young (Normal) (G1 Evacuation Pause) 83M->68M(160M) 30.872ms
[2026-08-02T09:17:13.104+0900][2.107s][info ][gc,cpu         ] GC(31) User=0.09s Sys=0.00s Real=0.03s
[2026-08-02T09:17:13.104+0900][2.107s][info ][safepoint      ] Safepoint "G1CollectForAllocation", Time since last: 22017300 ns, Reaching safepoint: 23000 ns, At safepoint: 30975700 ns, Total: 30998700 ns
[2026-08-02T09:17:13.175+0900][2.177s][info ][gc,start       ] GC(32) Pause Young (Normal) (G1 Evacuation Pause)
[2026-08-02T09:17:13.175+0900][2.177s][debug][gc,heap        ] GC(32) Heap before GC invocations=32 (full 29):
[2026-08-02T09:17:13.175+0900][2.177s][debug][gc,heap        ] GC(32)  garbage-first heap   total 163840K, used 102846K [0x000001f47e000000, 0x0000022b7e000000)
[2026-08-02T09:17:13.175+0900][2.177s][debug][gc,heap        ] GC(32)   region size 32768K, 2 young (65536K), 1 survivors (32768K)
[2026-08-02T09:17:13.175+0900][2.177s][debug][gc,heap        ] GC(32)  Metaspace       used 9679K, committed 9920K, reserved 1114112K
[2026-08-02T09:17:13.175+0900][2.177s][debug][gc,heap        ] GC(32)   class space    used 901K, committed 1024K, reserved 1048576K
[2026-08-02T09:17:13.175+0900][2.177s][info ][gc,task        ] GC(32) Using 3 workers of 18 for evacuation
[2026-08-02T09:17:13.204+0900][2.207s][info ][gc,phases      ] GC(32)   Pre Evacuate Collection Set: 0.1ms
[2026-08-02T09:17:13.204+0900][2.207s][info ][gc,phases      ] GC(32)   Merge Heap Roots: 0.1ms
[2026-08-02T09:17:13.204+0900][2.207s][info ][gc,phases      ] GC(32)   Evacuate Collection Set: 27.8ms
[2026-08-02T09:17:13.204+0900][2.207s][info ][gc,phases      ] GC(32)   Post Evacuate Collection Set: 2.1ms
[2026-08-02T09:17:13.204+0900][2.207s][info ][gc,phases      ] GC(32)   Other: 0.1ms
[2026-08-02T09:17:13.204+0900][2.207s][info ][gc,heap        ] GC(32) Eden regions: 1->0(1)
[2026-08-02T09:17:13.204+0900][2.207s][info ][gc,heap        ] GC(32) Survivor regions: 1->1(1)
[2026-08-02T09:17:13.204+0900][2.207s][info ][gc,heap        ] GC(32) Old regions: 2->3
[2026-08-02T09:17:13.204+0900][2.207s][info ][gc,heap        ] GC(32) Archive regions: 0->0
[2026-08-02T09:17:13.204+0900][2.207s][info ][gc,heap        ] GC(32) Humongous regions: 0->0
[2026-08-02T09:17:13.204+0900][2.207s][info ][gc,metaspace   ] GC(32) Metaspace: 9679K(9920K)->9679K(9920K) NonClass: 8777K(8896K)->8777K(8896K) Class: 901K(1024K)->901K(1024K)
[2026-08-02T09:17:13.205+0900][2.207s][debug][gc,heap        ] GC(32) Heap after GC invocations=33 (full 29):
[2026-08-02T09:17:13.205+0900][2.207s][debug][gc,heap        ] GC(32)  garbage-first heap   total 1146880K, used 88726K [0x000001f47e000000, 0x0000022b7e000000)
[2026-08-02T09:17:13.205+0900][2.207s][debug][gc,heap        ] GC(32)   region size 32768K, 1 young (32768K), 1 survivors (32768K)
[2026-08-02T09:17:13.205+0900][2.207s][debug][gc,heap        ] GC(32)  Metaspace       used 9679K, committed 9920K, reserved 1114112K
[2026-08-02T09:17:13.205+0900][2.207s][debug][gc,heap        ] GC(32)   class space    used 901K, committed 1024K, reserved 1048576K
[2026-08-02T09:17:13.205+0900][2.207s][info ][gc             ] GC(32) Pause Young (Normal) (G1 Evacuation Pause) 100M->86M(1120M) 30.545ms
[2026-08-02T09:17:13.205+0900][2.208s][info ][gc,cpu         ] GC(32) User=0.11s Sys=0.00s Real=0.03s
[2026-08-02T09:17:13.205+0900][2.208s][info ][safepoint      ] Safepoint "G1CollectForAllocation", Time since last: 52211400 ns, Reaching safepoint: 17419500 ns, At safepoint: 30690400 ns, Total: 48109900 ns
[2026-08-02T09:17:13.208+0900][2.211s][info ][gc,start       ] GC(33) Pause Full (System.gc())
[2026-08-02T09:17:13.208+0900][2.211s][debug][gc,heap        ] GC(33) Heap before GC invocations=33 (full 29):
[2026-08-02T09:17:13.208+0900][2.211s][debug][gc,heap        ] GC(33)  garbage-first heap   total 1146880K, used 88726K [0x000001f47e000000, 0x0000022b7e000000)
[2026-08-02T09:17:13.208+0900][2.211s][debug][gc,heap        ] GC(33)   region size 32768K, 2 young (65536K), 1 survivors (32768K)
[2026-08-02T09:17:13.208+0900][2.211s][debug][gc,heap        ] GC(33)  Metaspace       used 9679K, committed 9920K, reserved 1114112K
[2026-08-02T09:17:13.208+0900][2.211s][debug][gc,heap        ] GC(33)   class space    used 901K, committed 1024K, reserved 1048576K
[2026-08-02T09:17:13.208+0900][2.211s][info ][gc,task        ] GC(33) Using 2 workers of 18 for full compaction
[2026-08-02T09:17:13.209+0900][2.211s][info ][gc,phases,start] GC(33) Phase 1: Mark live objects
[2026-08-02T09:17:13.270+0900][2.272s][info ][gc,phases      ] GC(33) Phase 1: Mark live objects 60.285ms
[2026-08-02T09:17:13.270+0900][2.272s][info ][gc,phases,start] GC(33) Phase 2: Prepare for compaction
[2026-08-02T09:17:13.277+0900][2.279s][info ][gc,phases      ] GC(33) Phase 2: Prepare for compaction 7.620ms
[2026-08-02T09:17:13.277+0900][2.279s][info ][gc,phases,start] GC(33) Phase 3: Adjust pointers
[2026-08-02T09:17:13.294+0900][2.297s][info ][gc,phases      ] GC(33) Phase 3: Adjust pointers 17.239ms
[2026-08-02T09:17:13.295+0900][2.297s][info ][gc,phases,start] GC(33) Phase 4: Compact heap
[2026-08-02T09:17:13.302+0900][2.304s][info ][gc,phases      ] GC(33) Phase 4: Compact heap 7.539ms
[2026-08-02T09:17:13.306+0900][2.308s][debug][gc,heap        ] GC(33) Uncommittable regions after shrink: 25
[2026-08-02T09:17:13.307+0900][2.310s][info ][gc,heap        ] GC(33) Eden regions: 1->0(1)
[2026-08-02T09:17:13.307+0900][2.310s][info ][gc,heap        ] GC(33) Survivor regions: 1->0(1)
[2026-08-02T09:17:13.307+0900][2.310s][info ][gc,heap        ] GC(33) Old regions: 3->3
[2026-08-02T09:17:13.307+0900][2.310s][info ][gc,heap        ] GC(33) Archive regions: 0->0
[2026-08-02T09:17:13.307+0900][2.310s][info ][gc,heap        ] GC(33) Humongous regions: 0->0
[2026-08-02T09:17:13.307+0900][2.310s][info ][gc,metaspace   ] GC(33) Metaspace: 9679K(9920K)->9679K(9920K) NonClass: 8777K(8896K)->8777K(8896K) Class: 901K(1024K)->901K(1024K)
[2026-08-02T09:17:13.307+0900][2.310s][debug][gc,heap        ] GC(33) Heap after GC invocations=34 (full 30):
[2026-08-02T09:17:13.307+0900][2.310s][debug][gc,heap        ] GC(33)  garbage-first heap   total 327680K, used 86168K [0x000001f47e000000, 0x0000022b7e000000)
[2026-08-02T09:17:13.307+0900][2.310s][debug][gc,heap        ] GC(33)   region size 32768K, 0 young (0K), 0 survivors (0K)
[2026-08-02T09:17:13.307+0900][2.310s][debug][gc,heap        ] GC(33)  Metaspace       used 9679K, committed 9920K, reserved 1114112K
[2026-08-02T09:17:13.307+0900][2.310s][debug][gc,heap        ] GC(33)   class space    used 901K, committed 1024K, reserved 1048576K
[2026-08-02T09:17:13.307+0900][2.310s][info ][gc             ] GC(33) Pause Full (System.gc()) 88M->84M(320M) 98.634ms
[2026-08-02T09:17:13.308+0900][2.310s][info ][gc,cpu         ] GC(33) User=0.17s Sys=0.00s Real=0.10s
[2026-08-02T09:17:13.308+0900][2.310s][info ][safepoint      ] Safepoint "G1CollectFull", Time since last: 3474800 ns, Reaching safepoint: 97400 ns, At safepoint: 98773300 ns, Total: 98870700 ns
[2026-08-02T09:17:13.344+0900][2.347s][info ][gc,start       ] GC(34) Pause Young (Normal) (G1 Evacuation Pause)
[2026-08-02T09:17:13.345+0900][2.347s][debug][gc,heap        ] GC(34) Heap before GC invocations=34 (full 30):
[2026-08-02T09:17:13.345+0900][2.348s][debug][gc,heap        ] GC(34)  garbage-first heap   total 327680K, used 118936K [0x000001f47e000000, 0x0000022b7e000000)
[2026-08-02T09:17:13.345+0900][2.348s][debug][gc,heap        ] GC(34)   region size 32768K, 1 young (32768K), 0 survivors (0K)
[2026-08-02T09:17:13.345+0900][2.348s][debug][gc,heap        ] GC(34)  Metaspace       used 9680K, committed 9984K, reserved 1114112K
[2026-08-02T09:17:13.345+0900][2.348s][debug][gc,heap        ] GC(34)   class space    used 901K, committed 1024K, reserved 1048576K
[2026-08-02T09:17:13.345+0900][2.348s][info ][gc,task        ] GC(34) Using 7 workers of 18 for evacuation
[2026-08-02T09:17:13.350+0900][2.354s][info ][gc,phases      ] GC(34)   Pre Evacuate Collection Set: 0.1ms
[2026-08-02T09:17:13.350+0900][2.354s][info ][gc,phases      ] GC(34)   Merge Heap Roots: 0.2ms
[2026-08-02T09:17:13.350+0900][2.354s][info ][gc,phases      ] GC(34)   Evacuate Collection Set: 5.4ms
[2026-08-02T09:17:13.350+0900][2.354s][info ][gc,phases      ] GC(34)   Post Evacuate Collection Set: 0.2ms
[2026-08-02T09:17:13.350+0900][2.354s][info ][gc,phases      ] GC(34)   Other: 0.1ms
[2026-08-02T09:17:13.350+0900][2.354s][info ][gc,heap        ] GC(34) Eden regions: 1->0(1)
[2026-08-02T09:17:13.350+0900][2.354s][info ][gc,heap        ] GC(34) Survivor regions: 0->1(1)
[2026-08-02T09:17:13.350+0900][2.354s][info ][gc,heap        ] GC(34) Old regions: 3->3
[2026-08-02T09:17:13.350+0900][2.354s][info ][gc,heap        ] GC(34) Archive regions: 0->0
[2026-08-02T09:17:13.350+0900][2.354s][info ][gc,heap        ] GC(34) Humongous regions: 0->0
[2026-08-02T09:17:13.350+0900][2.354s][info ][gc,metaspace   ] GC(34) Metaspace: 9680K(9984K)->9680K(9984K) NonClass: 8779K(8960K)->8779K(8960K) Class: 901K(1024K)->901K(1024K)
[2026-08-02T09:17:13.350+0900][2.354s][debug][gc,heap        ] GC(34) Heap after GC invocations=35 (full 30):
[2026-08-02T09:17:13.350+0900][2.354s][debug][gc,heap        ] GC(34)  garbage-first heap   total 327680K, used 105170K [0x000001f47e000000, 0x0000022b7e000000)
[2026-08-02T09:17:13.350+0900][2.354s][debug][gc,heap        ] GC(34)   region size 32768K, 1 young (32768K), 1 survivors (32768K)
[2026-08-02T09:17:13.350+0900][2.354s][debug][gc,heap        ] GC(34)  Metaspace       used 9680K, committed 9984K, reserved 1114112K
[2026-08-02T09:17:13.350+0900][2.354s][debug][gc,heap        ] GC(34)   class space    used 901K, committed 1024K, reserved 1048576K
[2026-08-02T09:17:13.350+0900][2.354s][info ][gc             ] GC(34) Pause Young (Normal) (G1 Evacuation Pause) 116M->102M(320M) 6.431ms
[2026-08-02T09:17:13.350+0900][2.354s][info ][gc,cpu         ] GC(34) User=0.00s Sys=0.00s Real=0.01s
[2026-08-02T09:17:13.350+0900][2.354s][info ][safepoint      ] Safepoint "G1CollectForAllocation", Time since last: 37370400 ns, Reaching safepoint: 81800 ns, At safepoint: 6486800 ns, Total: 6568600 ns
[2026-08-02T09:17:13.404+0900][2.406s][info ][gc,start       ] GC(35) Pause Young (Normal) (G1 Evacuation Pause)
[2026-08-02T09:17:13.404+0900][2.406s][debug][gc,heap        ] GC(35) Heap before GC invocations=35 (full 30):
[2026-08-02T09:17:13.404+0900][2.406s][debug][gc,heap        ] GC(35)  garbage-first heap   total 327680K, used 137938K [0x000001f47e000000, 0x0000022b7e000000)
[2026-08-02T09:17:13.404+0900][2.406s][debug][gc,heap        ] GC(35)   region size 32768K, 2 young (65536K), 1 survivors (32768K)
[2026-08-02T09:17:13.404+0900][2.406s][debug][gc,heap        ] GC(35)  Metaspace       used 9791K, committed 10048K, reserved 1114112K
[2026-08-02T09:17:13.404+0900][2.406s][debug][gc,heap        ] GC(35)   class space    used 914K, committed 1024K, reserved 1048576K
[2026-08-02T09:17:13.404+0900][2.406s][info ][gc,task        ] GC(35) Using 7 workers of 18 for evacuation
[2026-08-02T09:17:13.413+0900][2.416s][info ][gc,phases      ] GC(35)   Pre Evacuate Collection Set: 0.1ms
[2026-08-02T09:17:13.413+0900][2.416s][info ][gc,phases      ] GC(35)   Merge Heap Roots: 0.1ms
[2026-08-02T09:17:13.413+0900][2.416s][info ][gc,phases      ] GC(35)   Evacuate Collection Set: 8.7ms
[2026-08-02T09:17:13.413+0900][2.416s][info ][gc,phases      ] GC(35)   Post Evacuate Collection Set: 0.3ms
[2026-08-02T09:17:13.413+0900][2.416s][info ][gc,phases      ] GC(35)   Other: 0.1ms
[2026-08-02T09:17:13.413+0900][2.416s][info ][gc,heap        ] GC(35) Eden regions: 1->0(1)
[2026-08-02T09:17:13.413+0900][2.416s][info ][gc,heap        ] GC(35) Survivor regions: 1->1(1)
[2026-08-02T09:17:13.413+0900][2.416s][info ][gc,heap        ] GC(35) Old regions: 3->3
[2026-08-02T09:17:13.413+0900][2.416s][info ][gc,heap        ] GC(35) Archive regions: 0->0
[2026-08-02T09:17:13.413+0900][2.416s][info ][gc,heap        ] GC(35) Humongous regions: 0->0
[2026-08-02T09:17:13.413+0900][2.416s][info ][gc,metaspace   ] GC(35) Metaspace: 9791K(10048K)->9791K(10048K) NonClass: 8877K(9024K)->8877K(9024K) Class: 914K(1024K)->914K(1024K)
[2026-08-02T09:17:13.413+0900][2.416s][debug][gc,heap        ] GC(35) Heap after GC invocations=36 (full 30):
[2026-08-02T09:17:13.413+0900][2.416s][debug][gc,heap        ] GC(35)  garbage-first heap   total 327680K, used 116610K [0x000001f47e000000, 0x0000022b7e000000)
[2026-08-02T09:17:13.413+0900][2.416s][debug][gc,heap        ] GC(35)   region size 32768K, 1 young (32768K), 1 survivors (32768K)
[2026-08-02T09:17:13.413+0900][2.416s][debug][gc,heap        ] GC(35)  Metaspace       used 9791K, committed 10048K, reserved 1114112K
[2026-08-02T09:17:13.413+0900][2.416s][debug][gc,heap        ] GC(35)   class space    used 914K, committed 1024K, reserved 1048576K
[2026-08-02T09:17:13.413+0900][2.416s][info ][gc             ] GC(35) Pause Young (Normal) (G1 Evacuation Pause) 134M->113M(320M) 9.550ms
[2026-08-02T09:17:13.413+0900][2.416s][info ][gc,cpu         ] GC(35) User=0.00s Sys=0.00s Real=0.01s
[2026-08-02T09:17:13.413+0900][2.416s][info ][safepoint      ] Safepoint "G1CollectForAllocation", Time since last: 52254800 ns, Reaching safepoint: 67500 ns, At safepoint: 9614800 ns, Total: 9682300 ns
[2026-08-02T09:17:13.503+0900][2.506s][debug][gc,heap        ] Concurrent Uncommit Summary: 800M, 25 regions, 6.995ms
[2026-08-02T09:17:13.533+0900][2.535s][info ][gc,start       ] GC(36) Pause Young (Normal) (G1 Evacuation Pause)
[2026-08-02T09:17:13.533+0900][2.535s][debug][gc,heap        ] GC(36) Heap before GC invocations=36 (full 30):
[2026-08-02T09:17:13.533+0900][2.535s][debug][gc,heap        ] GC(36)  garbage-first heap   total 327680K, used 149378K [0x000001f47e000000, 0x0000022b7e000000)
[2026-08-02T09:17:13.533+0900][2.535s][debug][gc,heap        ] GC(36)   region size 32768K, 2 young (65536K), 1 survivors (32768K)
[2026-08-02T09:17:13.533+0900][2.535s][debug][gc,heap        ] GC(36)  Metaspace       used 10391K, committed 10752K, reserved 1114112K
[2026-08-02T09:17:13.533+0900][2.535s][debug][gc,heap        ] GC(36)   class space    used 959K, committed 1152K, reserved 1048576K
[2026-08-02T09:17:13.533+0900][2.535s][info ][gc,task        ] GC(36) Using 7 workers of 18 for evacuation
[2026-08-02T09:17:13.541+0900][2.543s][info ][gc,phases      ] GC(36)   Pre Evacuate Collection Set: 0.1ms
[2026-08-02T09:17:13.541+0900][2.543s][info ][gc,phases      ] GC(36)   Merge Heap Roots: 0.1ms
[2026-08-02T09:17:13.541+0900][2.543s][info ][gc,phases      ] GC(36)   Evacuate Collection Set: 7.2ms
[2026-08-02T09:17:13.541+0900][2.543s][info ][gc,phases      ] GC(36)   Post Evacuate Collection Set: 0.4ms
[2026-08-02T09:17:13.541+0900][2.543s][info ][gc,phases      ] GC(36)   Other: 0.1ms
[2026-08-02T09:17:13.541+0900][2.543s][info ][gc,heap        ] GC(36) Eden regions: 1->0(1)
[2026-08-02T09:17:13.541+0900][2.543s][info ][gc,heap        ] GC(36) Survivor regions: 1->1(1)
[2026-08-02T09:17:13.541+0900][2.543s][info ][gc,heap        ] GC(36) Old regions: 3->4
[2026-08-02T09:17:13.541+0900][2.543s][info ][gc,heap        ] GC(36) Archive regions: 0->0
[2026-08-02T09:17:13.541+0900][2.543s][info ][gc,heap        ] GC(36) Humongous regions: 0->0
[2026-08-02T09:17:13.541+0900][2.543s][info ][gc,metaspace   ] GC(36) Metaspace: 10391K(10752K)->10391K(10752K) NonClass: 9432K(9600K)->9432K(9600K) Class: 959K(1152K)->959K(1152K)
[2026-08-02T09:17:13.541+0900][2.543s][debug][gc,heap        ] GC(36) Heap after GC invocations=37 (full 30):
[2026-08-02T09:17:13.541+0900][2.543s][debug][gc,heap        ] GC(36)  garbage-first heap   total 327680K, used 124582K [0x000001f47e000000, 0x0000022b7e000000)
[2026-08-02T09:17:13.541+0900][2.543s][debug][gc,heap        ] GC(36)   region size 32768K, 1 young (32768K), 1 survivors (32768K)
[2026-08-02T09:17:13.541+0900][2.543s][debug][gc,heap        ] GC(36)  Metaspace       used 10391K, committed 10752K, reserved 1114112K
[2026-08-02T09:17:13.541+0900][2.543s][debug][gc,heap        ] GC(36)   class space    used 959K, committed 1152K, reserved 1048576K
[2026-08-02T09:17:13.541+0900][2.544s][info ][gc             ] GC(36) Pause Young (Normal) (G1 Evacuation Pause) 145M->121M(320M) 8.137ms
[2026-08-02T09:17:13.541+0900][2.544s][info ][gc,cpu         ] GC(36) User=0.00s Sys=0.00s Real=0.01s
[2026-08-02T09:17:13.541+0900][2.544s][info ][safepoint      ] Safepoint "G1CollectForAllocation", Time since last: 119462800 ns, Reaching safepoint: 61500 ns, At safepoint: 8191200 ns, Total: 8252700 ns
[2026-08-02T09:17:13.583+0900][2.586s][info ][gc,start       ] GC(37) Pause Young (Normal) (G1 Evacuation Pause)
[2026-08-02T09:17:13.583+0900][2.586s][debug][gc,heap        ] GC(37) Heap before GC invocations=37 (full 30):
[2026-08-02T09:17:13.583+0900][2.586s][debug][gc,heap        ] GC(37)  garbage-first heap   total 327680K, used 157350K [0x000001f47e000000, 0x0000022b7e000000)
[2026-08-02T09:17:13.583+0900][2.586s][debug][gc,heap        ] GC(37)   region size 32768K, 2 young (65536K), 1 survivors (32768K)
[2026-08-02T09:17:13.583+0900][2.586s][debug][gc,heap        ] GC(37)  Metaspace       used 10399K, committed 10752K, reserved 1114112K
[2026-08-02T09:17:13.583+0900][2.586s][debug][gc,heap        ] GC(37)   class space    used 959K, committed 1152K, reserved 1048576K
[2026-08-02T09:17:13.583+0900][2.586s][info ][gc,task        ] GC(37) Using 7 workers of 18 for evacuation
[2026-08-02T09:17:13.594+0900][2.596s][info ][gc,phases      ] GC(37)   Pre Evacuate Collection Set: 0.1ms
[2026-08-02T09:17:13.594+0900][2.596s][info ][gc,phases      ] GC(37)   Merge Heap Roots: 0.2ms
[2026-08-02T09:17:13.594+0900][2.596s][info ][gc,phases      ] GC(37)   Evacuate Collection Set: 8.2ms
[2026-08-02T09:17:13.594+0900][2.596s][info ][gc,phases      ] GC(37)   Post Evacuate Collection Set: 2.1ms
[2026-08-02T09:17:13.594+0900][2.596s][info ][gc,phases      ] GC(37)   Other: 0.1ms
[2026-08-02T09:17:13.594+0900][2.596s][info ][gc,heap        ] GC(37) Eden regions: 1->0(4)
[2026-08-02T09:17:13.594+0900][2.596s][info ][gc,heap        ] GC(37) Survivor regions: 1->1(1)
[2026-08-02T09:17:13.594+0900][2.596s][info ][gc,heap        ] GC(37) Old regions: 4->4
[2026-08-02T09:17:13.594+0900][2.596s][info ][gc,heap        ] GC(37) Archive regions: 0->0
[2026-08-02T09:17:13.594+0900][2.597s][info ][gc,heap        ] GC(37) Humongous regions: 0->0
[2026-08-02T09:17:13.594+0900][2.597s][info ][gc,metaspace   ] GC(37) Metaspace: 10399K(10752K)->10399K(10752K) NonClass: 9439K(9600K)->9439K(9600K) Class: 959K(1152K)->959K(1152K)
[2026-08-02T09:17:13.594+0900][2.597s][debug][gc,heap        ] GC(37) Heap after GC invocations=38 (full 30):
[2026-08-02T09:17:13.594+0900][2.597s][debug][gc,heap        ] GC(37)  garbage-first heap   total 1212416K, used 140641K [0x000001f47e000000, 0x0000022b7e000000)
[2026-08-02T09:17:13.594+0900][2.597s][debug][gc,heap        ] GC(37)   region size 32768K, 1 young (32768K), 1 survivors (32768K)
[2026-08-02T09:17:13.594+0900][2.597s][debug][gc,heap        ] GC(37)  Metaspace       used 10399K, committed 10752K, reserved 1114112K
[2026-08-02T09:17:13.594+0900][2.597s][debug][gc,heap        ] GC(37)   class space    used 959K, committed 1152K, reserved 1048576K
[2026-08-02T09:17:13.594+0900][2.597s][info ][gc             ] GC(37) Pause Young (Normal) (G1 Evacuation Pause) 153M->137M(1184M) 10.921ms
[2026-08-02T09:17:13.594+0900][2.597s][info ][gc,cpu         ] GC(37) User=0.12s Sys=0.00s Real=0.01s
[2026-08-02T09:17:13.594+0900][2.597s][info ][safepoint      ] Safepoint "G1CollectForAllocation", Time since last: 42065900 ns, Reaching safepoint: 34200 ns, At safepoint: 11046300 ns, Total: 11080500 ns
[2026-08-02T09:17:13.714+0900][2.717s][info ][gc,start       ] GC(38) Pause Full (System.gc())
[2026-08-02T09:17:13.715+0900][2.718s][debug][gc,heap        ] GC(38) Heap before GC invocations=38 (full 30):
[2026-08-02T09:17:13.715+0900][2.718s][debug][gc,heap        ] GC(38)  garbage-first heap   total 1212416K, used 173409K [0x000001f47e000000, 0x0000022b7e000000)
[2026-08-02T09:17:13.715+0900][2.718s][debug][gc,heap        ] GC(38)   region size 32768K, 3 young (98304K), 1 survivors (32768K)
[2026-08-02T09:17:13.715+0900][2.718s][debug][gc,heap        ] GC(38)  Metaspace       used 10453K, committed 10816K, reserved 1114112K
[2026-08-02T09:17:13.715+0900][2.718s][debug][gc,heap        ] GC(38)   class space    used 963K, committed 1152K, reserved 1048576K
[2026-08-02T09:17:13.715+0900][2.718s][info ][gc,task        ] GC(38) Using 2 workers of 18 for full compaction
[2026-08-02T09:17:13.715+0900][2.718s][info ][gc,phases,start] GC(38) Phase 1: Mark live objects
[2026-08-02T09:17:13.758+0900][2.761s][info ][gc,phases      ] GC(38) Phase 1: Mark live objects 42.708ms
[2026-08-02T09:17:13.758+0900][2.761s][info ][gc,phases,start] GC(38) Phase 2: Prepare for compaction
[2026-08-02T09:17:13.766+0900][2.768s][info ][gc,phases      ] GC(38) Phase 2: Prepare for compaction 7.160ms
[2026-08-02T09:17:13.766+0900][2.768s][info ][gc,phases,start] GC(38) Phase 3: Adjust pointers
[2026-08-02T09:17:13.791+0900][2.794s][info ][gc,phases      ] GC(38) Phase 3: Adjust pointers 26.358ms
[2026-08-02T09:17:13.791+0900][2.794s][info ][gc,phases,start] GC(38) Phase 4: Compact heap
[2026-08-02T09:17:13.800+0900][2.802s][info ][gc,phases      ] GC(38) Phase 4: Compact heap 7.825ms
[2026-08-02T09:17:13.803+0900][2.806s][debug][gc,heap        ] GC(38) Uncommittable regions after shrink: 27
[2026-08-02T09:17:13.806+0900][2.808s][info ][gc,heap        ] GC(38) Eden regions: 2->0(2)
[2026-08-02T09:17:13.806+0900][2.808s][info ][gc,heap        ] GC(38) Survivor regions: 1->0(1)
[2026-08-02T09:17:13.806+0900][2.808s][info ][gc,heap        ] GC(38) Old regions: 4->3
[2026-08-02T09:17:13.806+0900][2.808s][info ][gc,heap        ] GC(38) Archive regions: 0->0
[2026-08-02T09:17:13.806+0900][2.808s][info ][gc,heap        ] GC(38) Humongous regions: 0->0
[2026-08-02T09:17:13.806+0900][2.808s][info ][gc,metaspace   ] GC(38) Metaspace: 10453K(10816K)->10453K(10816K) NonClass: 9489K(9664K)->9489K(9664K) Class: 963K(1152K)->963K(1152K)
[2026-08-02T09:17:13.806+0900][2.808s][debug][gc,heap        ] GC(38) Heap after GC invocations=39 (full 31):
[2026-08-02T09:17:13.806+0900][2.808s][debug][gc,heap        ] GC(38)  garbage-first heap   total 327680K, used 88496K [0x000001f47e000000, 0x0000022b7e000000)
[2026-08-02T09:17:13.806+0900][2.808s][debug][gc,heap        ] GC(38)   region size 32768K, 0 young (0K), 0 survivors (0K)
[2026-08-02T09:17:13.806+0900][2.808s][debug][gc,heap        ] GC(38)  Metaspace       used 10453K, committed 10816K, reserved 1114112K
[2026-08-02T09:17:13.806+0900][2.808s][debug][gc,heap        ] GC(38)   class space    used 963K, committed 1152K, reserved 1048576K
[2026-08-02T09:17:13.806+0900][2.808s][info ][gc             ] GC(38) Pause Full (System.gc()) 197M->86M(320M) 90.783ms
[2026-08-02T09:17:13.806+0900][2.808s][info ][gc,cpu         ] GC(38) User=0.17s Sys=0.02s Real=0.09s
[2026-08-02T09:17:13.806+0900][2.808s][info ][safepoint      ] Safepoint "G1CollectFull", Time since last: 120682500 ns, Reaching safepoint: 71300 ns, At safepoint: 90911500 ns, Total: 90982800 ns
[2026-08-02T09:17:13.830+0900][2.832s][info ][gc,start       ] GC(39) Pause Full (System.gc())
[2026-08-02T09:17:13.830+0900][2.832s][debug][gc,heap        ] GC(39) Heap before GC invocations=39 (full 31):
[2026-08-02T09:17:13.830+0900][2.833s][debug][gc,heap        ] GC(39)  garbage-first heap   total 327680K, used 88496K [0x000001f47e000000, 0x0000022b7e000000)
[2026-08-02T09:17:13.830+0900][2.833s][debug][gc,heap        ] GC(39)   region size 32768K, 1 young (32768K), 0 survivors (0K)
[2026-08-02T09:17:13.830+0900][2.833s][debug][gc,heap        ] GC(39)  Metaspace       used 10453K, committed 10816K, reserved 1114112K
[2026-08-02T09:17:13.830+0900][2.833s][debug][gc,heap        ] GC(39)   class space    used 963K, committed 1152K, reserved 1048576K
[2026-08-02T09:17:13.830+0900][2.833s][info ][gc,task        ] GC(39) Using 1 workers of 18 for full compaction
[2026-08-02T09:17:13.830+0900][2.833s][info ][gc,phases,start] GC(39) Phase 1: Mark live objects
[2026-08-02T09:17:13.883+0900][2.886s][info ][gc,phases      ] GC(39) Phase 1: Mark live objects 53.033ms
[2026-08-02T09:17:13.883+0900][2.886s][info ][gc,phases,start] GC(39) Phase 2: Prepare for compaction
[2026-08-02T09:17:13.897+0900][2.899s][info ][gc,phases      ] GC(39) Phase 2: Prepare for compaction 13.227ms
[2026-08-02T09:17:13.897+0900][2.899s][info ][gc,phases,start] GC(39) Phase 3: Adjust pointers
[2026-08-02T09:17:13.928+0900][2.930s][info ][gc,phases      ] GC(39) Phase 3: Adjust pointers 31.118ms
[2026-08-02T09:17:13.928+0900][2.930s][info ][gc,phases,start] GC(39) Phase 4: Compact heap
[2026-08-02T09:17:13.941+0900][2.944s][info ][gc,phases      ] GC(39) Phase 4: Compact heap 13.719ms
[2026-08-02T09:17:13.942+0900][2.945s][debug][gc,heap        ] GC(39) Uncommittable regions after shrink: 3
[2026-08-02T09:17:13.945+0900][2.947s][info ][gc,heap        ] GC(39) Eden regions: 1->0(1)
[2026-08-02T09:17:13.945+0900][2.947s][info ][gc,heap        ] GC(39) Survivor regions: 0->0(1)
[2026-08-02T09:17:13.945+0900][2.947s][info ][gc,heap        ] GC(39) Old regions: 3->2
[2026-08-02T09:17:13.945+0900][2.947s][info ][gc,heap        ] GC(39) Archive regions: 0->0
[2026-08-02T09:17:13.945+0900][2.947s][info ][gc,heap        ] GC(39) Humongous regions: 0->0
[2026-08-02T09:17:13.945+0900][2.947s][info ][gc,metaspace   ] GC(39) Metaspace: 10453K(10816K)->10453K(10816K) NonClass: 9489K(9664K)->9489K(9664K) Class: 963K(1152K)->963K(1152K)
[2026-08-02T09:17:13.945+0900][2.947s][debug][gc,heap        ] GC(39) Heap after GC invocations=40 (full 32):
[2026-08-02T09:17:13.945+0900][2.947s][debug][gc,heap        ] GC(39)  garbage-first heap   total 229376K, used 51293K [0x000001f47e000000, 0x0000022b7e000000)
[2026-08-02T09:17:13.945+0900][2.947s][debug][gc,heap        ] GC(39)   region size 32768K, 0 young (0K), 0 survivors (0K)
[2026-08-02T09:17:13.945+0900][2.947s][debug][gc,heap        ] GC(39)  Metaspace       used 10453K, committed 10816K, reserved 1114112K
[2026-08-02T09:17:13.945+0900][2.947s][debug][gc,heap        ] GC(39)   class space    used 963K, committed 1152K, reserved 1048576K
[2026-08-02T09:17:13.945+0900][2.947s][info ][gc             ] GC(39) Pause Full (System.gc()) 99M->50M(224M) 114.892ms
[2026-08-02T09:17:13.945+0900][2.947s][info ][gc,cpu         ] GC(39) User=0.11s Sys=0.00s Real=0.12s
[2026-08-02T09:17:13.945+0900][2.947s][info ][safepoint      ] Safepoint "G1CollectFull", Time since last: 23928700 ns, Reaching safepoint: 74700 ns, At safepoint: 115016400 ns, Total: 115091100 ns
[2026-08-02T09:17:13.986+0900][2.989s][info ][gc,start       ] GC(40) Pause Young (Normal) (G1 Evacuation Pause)
[2026-08-02T09:17:13.986+0900][2.989s][debug][gc,heap        ] GC(40) Heap before GC invocations=40 (full 32):
[2026-08-02T09:17:13.986+0900][2.989s][debug][gc,heap        ] GC(40)  garbage-first heap   total 229376K, used 84061K [0x000001f47e000000, 0x0000022b7e000000)
[2026-08-02T09:17:13.986+0900][2.989s][debug][gc,heap        ] GC(40)   region size 32768K, 1 young (32768K), 0 survivors (0K)
[2026-08-02T09:17:13.986+0900][2.989s][debug][gc,heap        ] GC(40)  Metaspace       used 10636K, committed 10944K, reserved 1114112K
[2026-08-02T09:17:13.986+0900][2.989s][debug][gc,heap        ] GC(40)   class space    used 988K, committed 1152K, reserved 1048576K
[2026-08-02T09:17:13.986+0900][2.989s][info ][gc,task        ] GC(40) Using 5 workers of 18 for evacuation
[2026-08-02T09:17:13.993+0900][2.996s][info ][gc,phases      ] GC(40)   Pre Evacuate Collection Set: 0.1ms
[2026-08-02T09:17:13.993+0900][2.996s][info ][gc,phases      ] GC(40)   Merge Heap Roots: 0.1ms
[2026-08-02T09:17:13.993+0900][2.996s][info ][gc,phases      ] GC(40)   Evacuate Collection Set: 7.0ms
[2026-08-02T09:17:13.993+0900][2.996s][info ][gc,phases      ] GC(40)   Post Evacuate Collection Set: 0.3ms
[2026-08-02T09:17:13.993+0900][2.996s][info ][gc,phases      ] GC(40)   Other: 0.1ms
[2026-08-02T09:17:13.993+0900][2.996s][info ][gc,heap        ] GC(40) Eden regions: 1->0(1)
[2026-08-02T09:17:13.993+0900][2.996s][info ][gc,heap        ] GC(40) Survivor regions: 0->1(1)
[2026-08-02T09:17:13.993+0900][2.996s][info ][gc,heap        ] GC(40) Old regions: 2->2
[2026-08-02T09:17:13.993+0900][2.996s][info ][gc,heap        ] GC(40) Archive regions: 0->0
[2026-08-02T09:17:13.993+0900][2.996s][info ][gc,heap        ] GC(40) Humongous regions: 0->0
[2026-08-02T09:17:13.993+0900][2.996s][info ][gc,metaspace   ] GC(40) Metaspace: 10636K(10944K)->10636K(10944K) NonClass: 9648K(9792K)->9648K(9792K) Class: 988K(1152K)->988K(1152K)
[2026-08-02T09:17:13.993+0900][2.996s][debug][gc,heap        ] GC(40) Heap after GC invocations=41 (full 32):
[2026-08-02T09:17:13.993+0900][2.996s][debug][gc,heap        ] GC(40)  garbage-first heap   total 229376K, used 67147K [0x000001f47e000000, 0x0000022b7e000000)
[2026-08-02T09:17:13.993+0900][2.996s][debug][gc,heap        ] GC(40)   region size 32768K, 1 young (32768K), 1 survivors (32768K)
[2026-08-02T09:17:13.993+0900][2.996s][debug][gc,heap        ] GC(40)  Metaspace       used 10636K, committed 10944K, reserved 1114112K
[2026-08-02T09:17:13.993+0900][2.996s][debug][gc,heap        ] GC(40)   class space    used 988K, committed 1152K, reserved 1048576K
[2026-08-02T09:17:13.994+0900][2.996s][info ][gc             ] GC(40) Pause Young (Normal) (G1 Evacuation Pause) 82M->65M(224M) 7.990ms
[2026-08-02T09:17:13.994+0900][2.997s][info ][gc,cpu         ] GC(40) User=0.00s Sys=0.00s Real=0.01s
[2026-08-02T09:17:13.994+0900][2.997s][info ][safepoint      ] Safepoint "G1CollectForAllocation", Time since last: 41011300 ns, Reaching safepoint: 91200 ns, At safepoint: 8051200 ns, Total: 8142400 ns
[2026-08-02T09:17:14.031+0900][3.033s][info ][gc,start       ] GC(41) Pause Young (Normal) (G1 Evacuation Pause)
[2026-08-02T09:17:14.031+0900][3.033s][debug][gc,heap        ] GC(41) Heap before GC invocations=41 (full 32):
[2026-08-02T09:17:14.031+0900][3.033s][debug][gc,heap        ] GC(41)  garbage-first heap   total 229376K, used 99915K [0x000001f47e000000, 0x0000022b7e000000)
[2026-08-02T09:17:14.031+0900][3.033s][debug][gc,heap        ] GC(41)   region size 32768K, 2 young (65536K), 1 survivors (32768K)
[2026-08-02T09:17:14.031+0900][3.033s][debug][gc,heap        ] GC(41)  Metaspace       used 10636K, committed 10944K, reserved 1114112K
[2026-08-02T09:17:14.031+0900][3.033s][debug][gc,heap        ] GC(41)   class space    used 988K, committed 1152K, reserved 1048576K
[2026-08-02T09:17:14.031+0900][3.033s][info ][gc,task        ] GC(41) Using 5 workers of 18 for evacuation
[2026-08-02T09:17:14.044+0900][3.047s][info ][gc,phases      ] GC(41)   Pre Evacuate Collection Set: 0.1ms
[2026-08-02T09:17:14.044+0900][3.047s][info ][gc,phases      ] GC(41)   Merge Heap Roots: 0.2ms
[2026-08-02T09:17:14.044+0900][3.047s][info ][gc,phases      ] GC(41)   Evacuate Collection Set: 13.2ms
[2026-08-02T09:17:14.044+0900][3.047s][info ][gc,phases      ] GC(41)   Post Evacuate Collection Set: 0.3ms
[2026-08-02T09:17:14.044+0900][3.047s][info ][gc,phases      ] GC(41)   Other: 0.1ms
[2026-08-02T09:17:14.044+0900][3.047s][info ][gc,heap        ] GC(41) Eden regions: 1->0(1)
[2026-08-02T09:17:14.044+0900][3.047s][info ][gc,heap        ] GC(41) Survivor regions: 1->1(1)
[2026-08-02T09:17:14.044+0900][3.047s][info ][gc,heap        ] GC(41) Old regions: 2->2
[2026-08-02T09:17:14.044+0900][3.047s][info ][gc,heap        ] GC(41) Archive regions: 0->0
[2026-08-02T09:17:14.044+0900][3.047s][info ][gc,heap        ] GC(41) Humongous regions: 0->0
[2026-08-02T09:17:14.044+0900][3.047s][info ][gc,metaspace   ] GC(41) Metaspace: 10636K(10944K)->10636K(10944K) NonClass: 9648K(9792K)->9648K(9792K) Class: 988K(1152K)->988K(1152K)
[2026-08-02T09:17:14.044+0900][3.047s][debug][gc,heap        ] GC(41) Heap after GC invocations=42 (full 32):
[2026-08-02T09:17:14.044+0900][3.047s][debug][gc,heap        ] GC(41)  garbage-first heap   total 229376K, used 80613K [0x000001f47e000000, 0x0000022b7e000000)
[2026-08-02T09:17:14.044+0900][3.047s][debug][gc,heap        ] GC(41)   region size 32768K, 1 young (32768K), 1 survivors (32768K)
[2026-08-02T09:17:14.044+0900][3.047s][debug][gc,heap        ] GC(41)  Metaspace       used 10636K, committed 10944K, reserved 1114112K
[2026-08-02T09:17:14.044+0900][3.047s][debug][gc,heap        ] GC(41)   class space    used 988K, committed 1152K, reserved 1048576K
[2026-08-02T09:17:14.044+0900][3.047s][info ][gc             ] GC(41) Pause Young (Normal) (G1 Evacuation Pause) 97M->78M(224M) 14.147ms
[2026-08-02T09:17:14.044+0900][3.047s][info ][gc,cpu         ] GC(41) User=0.05s Sys=0.03s Real=0.01s
[2026-08-02T09:17:14.044+0900][3.047s][info ][safepoint      ] Safepoint "G1CollectForAllocation", Time since last: 36265000 ns, Reaching safepoint: 71400 ns, At safepoint: 14206400 ns, Total: 14277800 ns
[2026-08-02T09:17:14.066+0900][3.068s][info ][gc,start       ] GC(42) Pause Young (Normal) (G1 Evacuation Pause)
[2026-08-02T09:17:14.066+0900][3.069s][debug][gc,heap        ] GC(42) Heap before GC invocations=42 (full 32):
[2026-08-02T09:17:14.066+0900][3.069s][debug][gc,heap        ] GC(42)  garbage-first heap   total 229376K, used 113381K [0x000001f47e000000, 0x0000022b7e000000)
[2026-08-02T09:17:14.066+0900][3.069s][debug][gc,heap        ] GC(42)   region size 32768K, 2 young (65536K), 1 survivors (32768K)
[2026-08-02T09:17:14.066+0900][3.069s][debug][gc,heap        ] GC(42)  Metaspace       used 10636K, committed 10944K, reserved 1114112K
[2026-08-02T09:17:14.066+0900][3.069s][debug][gc,heap        ] GC(42)   class space    used 988K, committed 1152K, reserved 1048576K
[2026-08-02T09:17:14.066+0900][3.069s][info ][gc,task        ] GC(42) Using 5 workers of 18 for evacuation
[2026-08-02T09:17:14.082+0900][3.085s][info ][gc,phases      ] GC(42)   Pre Evacuate Collection Set: 0.1ms
[2026-08-02T09:17:14.082+0900][3.085s][info ][gc,phases      ] GC(42)   Merge Heap Roots: 0.2ms
[2026-08-02T09:17:14.082+0900][3.085s][info ][gc,phases      ] GC(42)   Evacuate Collection Set: 16.0ms
[2026-08-02T09:17:14.082+0900][3.085s][info ][gc,phases      ] GC(42)   Post Evacuate Collection Set: 0.2ms
[2026-08-02T09:17:14.082+0900][3.085s][info ][gc,phases      ] GC(42)   Other: 0.1ms
[2026-08-02T09:17:14.082+0900][3.085s][info ][gc,heap        ] GC(42) Eden regions: 1->0(1)
[2026-08-02T09:17:14.082+0900][3.085s][info ][gc,heap        ] GC(42) Survivor regions: 1->1(1)
[2026-08-02T09:17:14.082+0900][3.085s][info ][gc,heap        ] GC(42) Old regions: 2->3
[2026-08-02T09:17:14.082+0900][3.085s][info ][gc,heap        ] GC(42) Archive regions: 0->0
[2026-08-02T09:17:14.082+0900][3.085s][info ][gc,heap        ] GC(42) Humongous regions: 0->0
[2026-08-02T09:17:14.082+0900][3.085s][info ][gc,metaspace   ] GC(42) Metaspace: 10636K(10944K)->10636K(10944K) NonClass: 9648K(9792K)->9648K(9792K) Class: 988K(1152K)->988K(1152K)
[2026-08-02T09:17:14.082+0900][3.085s][debug][gc,heap        ] GC(42) Heap after GC invocations=43 (full 32):
[2026-08-02T09:17:14.082+0900][3.085s][debug][gc,heap        ] GC(42)  garbage-first heap   total 229376K, used 98178K [0x000001f47e000000, 0x0000022b7e000000)
[2026-08-02T09:17:14.082+0900][3.085s][debug][gc,heap        ] GC(42)   region size 32768K, 1 young (32768K), 1 survivors (32768K)
[2026-08-02T09:17:14.082+0900][3.085s][debug][gc,heap        ] GC(42)  Metaspace       used 10636K, committed 10944K, reserved 1114112K
[2026-08-02T09:17:14.082+0900][3.085s][debug][gc,heap        ] GC(42)   class space    used 988K, committed 1152K, reserved 1048576K
[2026-08-02T09:17:14.082+0900][3.085s][info ][gc             ] GC(42) Pause Young (Normal) (G1 Evacuation Pause) 110M->95M(224M) 16.935ms
[2026-08-02T09:17:14.082+0900][3.085s][info ][gc,cpu         ] GC(42) User=0.09s Sys=0.00s Real=0.02s
[2026-08-02T09:17:14.083+0900][3.085s][info ][safepoint      ] Safepoint "G1CollectForAllocation", Time since last: 21238600 ns, Reaching safepoint: 100800 ns, At safepoint: 17017200 ns, Total: 17118000 ns
[2026-08-02T09:17:14.113+0900][3.116s][debug][gc,heap        ] Concurrent Uncommit Summary: 960M, 30 regions, 14.283ms
[2026-08-02T09:17:14.123+0900][3.126s][info ][gc,start       ] GC(43) Pause Young (Normal) (G1 Evacuation Pause)
[2026-08-02T09:17:14.123+0900][3.126s][debug][gc,heap        ] GC(43) Heap before GC invocations=43 (full 32):
[2026-08-02T09:17:14.123+0900][3.126s][debug][gc,heap        ] GC(43)  garbage-first heap   total 229376K, used 130946K [0x000001f47e000000, 0x0000022b7e000000)
[2026-08-02T09:17:14.123+0900][3.126s][debug][gc,heap        ] GC(43)   region size 32768K, 2 young (65536K), 1 survivors (32768K)
[2026-08-02T09:17:14.123+0900][3.126s][debug][gc,heap        ] GC(43)  Metaspace       used 10705K, committed 11072K, reserved 1114112K
[2026-08-02T09:17:14.123+0900][3.126s][debug][gc,heap        ] GC(43)   class space    used 992K, committed 1152K, reserved 1048576K
[2026-08-02T09:17:14.123+0900][3.126s][info ][gc,task        ] GC(43) Using 5 workers of 18 for evacuation
[2026-08-02T09:17:14.141+0900][3.144s][info ][gc,phases      ] GC(43)   Pre Evacuate Collection Set: 0.1ms
[2026-08-02T09:17:14.141+0900][3.144s][info ][gc,phases      ] GC(43)   Merge Heap Roots: 0.2ms
[2026-08-02T09:17:14.142+0900][3.144s][info ][gc,phases      ] GC(43)   Evacuate Collection Set: 14.9ms
[2026-08-02T09:17:14.142+0900][3.144s][info ][gc,phases      ] GC(43)   Post Evacuate Collection Set: 2.3ms
[2026-08-02T09:17:14.142+0900][3.144s][info ][gc,phases      ] GC(43)   Other: 0.1ms
[2026-08-02T09:17:14.142+0900][3.144s][info ][gc,heap        ] GC(43) Eden regions: 1->0(6)
[2026-08-02T09:17:14.142+0900][3.144s][info ][gc,heap        ] GC(43) Survivor regions: 1->1(1)
[2026-08-02T09:17:14.142+0900][3.144s][info ][gc,heap        ] GC(43) Old regions: 3->4
[2026-08-02T09:17:14.142+0900][3.144s][info ][gc,heap        ] GC(43) Archive regions: 0->0
[2026-08-02T09:17:14.142+0900][3.144s][info ][gc,heap        ] GC(43) Humongous regions: 0->0
[2026-08-02T09:17:14.142+0900][3.144s][info ][gc,metaspace   ] GC(43) Metaspace: 10705K(11072K)->10705K(11072K) NonClass: 9712K(9920K)->9712K(9920K) Class: 992K(1152K)->992K(1152K)
[2026-08-02T09:17:14.142+0900][3.144s][debug][gc,heap        ] GC(43) Heap after GC invocations=44 (full 32):
[2026-08-02T09:17:14.142+0900][3.144s][debug][gc,heap        ] GC(43)  garbage-first heap   total 1179648K, used 113951K [0x000001f47e000000, 0x0000022b7e000000)
[2026-08-02T09:17:14.142+0900][3.144s][debug][gc,heap        ] GC(43)   region size 32768K, 1 young (32768K), 1 survivors (32768K)
[2026-08-02T09:17:14.142+0900][3.144s][debug][gc,heap        ] GC(43)  Metaspace       used 10705K, committed 11072K, reserved 1114112K
[2026-08-02T09:17:14.142+0900][3.144s][debug][gc,heap        ] GC(43)   class space    used 992K, committed 1152K, reserved 1048576K
[2026-08-02T09:17:14.142+0900][3.144s][info ][gc             ] GC(43) Pause Young (Normal) (G1 Evacuation Pause) 127M->111M(1152M) 17.843ms
[2026-08-02T09:17:14.142+0900][3.144s][info ][gc,cpu         ] GC(43) User=0.08s Sys=0.00s Real=0.02s
[2026-08-02T09:17:14.142+0900][3.144s][info ][safepoint      ] Safepoint "G1CollectForAllocation", Time since last: 40492000 ns, Reaching safepoint: 76300 ns, At safepoint: 17911500 ns, Total: 17987800 ns
[2026-08-02T09:17:14.417+0900][3.420s][info ][gc,start       ] GC(44) Pause Young (Normal) (G1 Evacuation Pause)
[2026-08-02T09:17:14.417+0900][3.420s][debug][gc,heap        ] GC(44) Heap before GC invocations=44 (full 32):
[2026-08-02T09:17:14.417+0900][3.420s][debug][gc,heap        ] GC(44)  garbage-first heap   total 1179648K, used 310559K [0x000001f47e000000, 0x0000022b7e000000)
[2026-08-02T09:17:14.417+0900][3.420s][debug][gc,heap        ] GC(44)   region size 32768K, 7 young (229376K), 1 survivors (32768K)
[2026-08-02T09:17:14.417+0900][3.420s][debug][gc,heap        ] GC(44)  Metaspace       used 11488K, committed 11904K, reserved 1114112K
[2026-08-02T09:17:14.417+0900][3.420s][debug][gc,heap        ] GC(44)   class space    used 1058K, committed 1280K, reserved 1048576K
[2026-08-02T09:17:14.417+0900][3.420s][info ][gc,task        ] GC(44) Using 18 workers of 18 for evacuation
[2026-08-02T09:17:14.424+0900][3.427s][info ][gc,phases      ] GC(44)   Pre Evacuate Collection Set: 0.1ms
[2026-08-02T09:17:14.424+0900][3.427s][info ][gc,phases      ] GC(44)   Merge Heap Roots: 0.3ms
[2026-08-02T09:17:14.424+0900][3.427s][info ][gc,phases      ] GC(44)   Evacuate Collection Set: 5.9ms
[2026-08-02T09:17:14.424+0900][3.427s][info ][gc,phases      ] GC(44)   Post Evacuate Collection Set: 0.3ms
[2026-08-02T09:17:14.424+0900][3.427s][info ][gc,phases      ] GC(44)   Other: 0.3ms
[2026-08-02T09:17:14.424+0900][3.427s][info ][gc,heap        ] GC(44) Eden regions: 6->0(6)
[2026-08-02T09:17:14.424+0900][3.427s][info ][gc,heap        ] GC(44) Survivor regions: 1->1(1)
[2026-08-02T09:17:14.424+0900][3.427s][info ][gc,heap        ] GC(44) Old regions: 4->4
[2026-08-02T09:17:14.424+0900][3.427s][info ][gc,heap        ] GC(44) Archive regions: 0->0
[2026-08-02T09:17:14.424+0900][3.427s][info ][gc,heap        ] GC(44) Humongous regions: 0->0
[2026-08-02T09:17:14.424+0900][3.427s][info ][gc,metaspace   ] GC(44) Metaspace: 11488K(11904K)->11488K(11904K) NonClass: 10430K(10624K)->10430K(10624K) Class: 1058K(1280K)->1058K(1280K)
[2026-08-02T09:17:14.424+0900][3.427s][debug][gc,heap        ] GC(44) Heap after GC invocations=45 (full 32):
[2026-08-02T09:17:14.424+0900][3.427s][debug][gc,heap        ] GC(44)  garbage-first heap   total 1179648K, used 124324K [0x000001f47e000000, 0x0000022b7e000000)
[2026-08-02T09:17:14.424+0900][3.427s][debug][gc,heap        ] GC(44)   region size 32768K, 1 young (32768K), 1 survivors (32768K)
[2026-08-02T09:17:14.424+0900][3.427s][debug][gc,heap        ] GC(44)  Metaspace       used 11488K, committed 11904K, reserved 1114112K
[2026-08-02T09:17:14.424+0900][3.427s][debug][gc,heap        ] GC(44)   class space    used 1058K, committed 1280K, reserved 1048576K
[2026-08-02T09:17:14.424+0900][3.427s][info ][gc             ] GC(44) Pause Young (Normal) (G1 Evacuation Pause) 303M->121M(1152M) 7.285ms
[2026-08-02T09:17:14.424+0900][3.427s][info ][gc,cpu         ] GC(44) User=0.03s Sys=0.00s Real=0.01s
[2026-08-02T09:17:14.424+0900][3.427s][info ][safepoint      ] Safepoint "G1CollectForAllocation", Time since last: 275641600 ns, Reaching safepoint: 101800 ns, At safepoint: 7341100 ns, Total: 7442900 ns
[2026-08-02T09:17:14.584+0900][3.587s][info ][gc,start       ] GC(45) Pause Young (Normal) (G1 Evacuation Pause)
[2026-08-02T09:17:14.584+0900][3.587s][debug][gc,heap        ] GC(45) Heap before GC invocations=45 (full 32):
[2026-08-02T09:17:14.584+0900][3.587s][debug][gc,heap        ] GC(45)  garbage-first heap   total 1179648K, used 320932K [0x000001f47e000000, 0x0000022b7e000000)
[2026-08-02T09:17:14.584+0900][3.587s][debug][gc,heap        ] GC(45)   region size 32768K, 7 young (229376K), 1 survivors (32768K)
[2026-08-02T09:17:14.584+0900][3.587s][debug][gc,heap        ] GC(45)  Metaspace       used 11808K, committed 12288K, reserved 1114112K
[2026-08-02T09:17:14.584+0900][3.587s][debug][gc,heap        ] GC(45)   class space    used 1092K, committed 1344K, reserved 1048576K
[2026-08-02T09:17:14.584+0900][3.587s][info ][gc,task        ] GC(45) Using 18 workers of 18 for evacuation
[2026-08-02T09:17:14.592+0900][3.594s][info ][gc,phases      ] GC(45)   Pre Evacuate Collection Set: 0.1ms
[2026-08-02T09:17:14.592+0900][3.594s][info ][gc,phases      ] GC(45)   Merge Heap Roots: 0.3ms
[2026-08-02T09:17:14.592+0900][3.594s][info ][gc,phases      ] GC(45)   Evacuate Collection Set: 6.6ms
[2026-08-02T09:17:14.592+0900][3.594s][info ][gc,phases      ] GC(45)   Post Evacuate Collection Set: 0.3ms
[2026-08-02T09:17:14.592+0900][3.594s][info ][gc,phases      ] GC(45)   Other: 0.1ms
[2026-08-02T09:17:14.592+0900][3.594s][info ][gc,heap        ] GC(45) Eden regions: 6->0(6)
[2026-08-02T09:17:14.592+0900][3.594s][info ][gc,heap        ] GC(45) Survivor regions: 1->1(1)
[2026-08-02T09:17:14.592+0900][3.594s][info ][gc,heap        ] GC(45) Old regions: 4->5
[2026-08-02T09:17:14.592+0900][3.594s][info ][gc,heap        ] GC(45) Archive regions: 0->0
[2026-08-02T09:17:14.592+0900][3.594s][info ][gc,heap        ] GC(45) Humongous regions: 0->0
[2026-08-02T09:17:14.592+0900][3.594s][info ][gc,metaspace   ] GC(45) Metaspace: 11808K(12288K)->11808K(12288K) NonClass: 10716K(10944K)->10716K(10944K) Class: 1092K(1344K)->1092K(1344K)
[2026-08-02T09:17:14.592+0900][3.594s][debug][gc,heap        ] GC(45) Heap after GC invocations=46 (full 32):
[2026-08-02T09:17:14.592+0900][3.594s][debug][gc,heap        ] GC(45)  garbage-first heap   total 1179648K, used 145503K [0x000001f47e000000, 0x0000022b7e000000)
[2026-08-02T09:17:14.592+0900][3.594s][debug][gc,heap        ] GC(45)   region size 32768K, 1 young (32768K), 1 survivors (32768K)
[2026-08-02T09:17:14.592+0900][3.594s][debug][gc,heap        ] GC(45)  Metaspace       used 11808K, committed 12288K, reserved 1114112K
[2026-08-02T09:17:14.592+0900][3.595s][debug][gc,heap        ] GC(45)   class space    used 1092K, committed 1344K, reserved 1048576K
[2026-08-02T09:17:14.592+0900][3.595s][info ][gc             ] GC(45) Pause Young (Normal) (G1 Evacuation Pause) 313M->142M(1152M) 7.682ms
[2026-08-02T09:17:14.592+0900][3.595s][info ][gc,cpu         ] GC(45) User=0.19s Sys=0.11s Real=0.01s
[2026-08-02T09:17:14.592+0900][3.595s][info ][safepoint      ] Safepoint "G1CollectForAllocation", Time since last: 159758400 ns, Reaching safepoint: 74400 ns, At safepoint: 7738600 ns, Total: 7813000 ns
[2026-08-02T09:17:14.731+0900][3.734s][info ][gc,start       ] GC(46) Pause Young (Normal) (G1 Evacuation Pause)
[2026-08-02T09:17:14.731+0900][3.734s][debug][gc,heap        ] GC(46) Heap before GC invocations=46 (full 32):
[2026-08-02T09:17:14.731+0900][3.734s][debug][gc,heap        ] GC(46)  garbage-first heap   total 1179648K, used 342111K [0x000001f47e000000, 0x0000022b7e000000)
[2026-08-02T09:17:14.731+0900][3.734s][debug][gc,heap        ] GC(46)   region size 32768K, 7 young (229376K), 1 survivors (32768K)
[2026-08-02T09:17:14.731+0900][3.734s][debug][gc,heap        ] GC(46)  Metaspace       used 11834K, committed 12352K, reserved 1114112K
[2026-08-02T09:17:14.731+0900][3.734s][debug][gc,heap        ] GC(46)   class space    used 1092K, committed 1344K, reserved 1048576K
[2026-08-02T09:17:14.731+0900][3.734s][info ][gc,task        ] GC(46) Using 18 workers of 18 for evacuation
[2026-08-02T09:17:14.741+0900][3.744s][info ][gc,phases      ] GC(46)   Pre Evacuate Collection Set: 0.1ms
[2026-08-02T09:17:14.741+0900][3.744s][info ][gc,phases      ] GC(46)   Merge Heap Roots: 0.1ms
[2026-08-02T09:17:14.741+0900][3.744s][info ][gc,phases      ] GC(46)   Evacuate Collection Set: 8.7ms
[2026-08-02T09:17:14.741+0900][3.744s][info ][gc,phases      ] GC(46)   Post Evacuate Collection Set: 0.3ms
[2026-08-02T09:17:14.741+0900][3.744s][info ][gc,phases      ] GC(46)   Other: 0.1ms
[2026-08-02T09:17:14.741+0900][3.744s][info ][gc,heap        ] GC(46) Eden regions: 6->0(6)
[2026-08-02T09:17:14.741+0900][3.744s][info ][gc,heap        ] GC(46) Survivor regions: 1->1(1)
[2026-08-02T09:17:14.741+0900][3.744s][info ][gc,heap        ] GC(46) Old regions: 5->6
[2026-08-02T09:17:14.741+0900][3.744s][info ][gc,heap        ] GC(46) Archive regions: 0->0
[2026-08-02T09:17:14.741+0900][3.744s][info ][gc,heap        ] GC(46) Humongous regions: 0->0
[2026-08-02T09:17:14.741+0900][3.744s][info ][gc,metaspace   ] GC(46) Metaspace: 11834K(12352K)->11834K(12352K) NonClass: 10741K(11008K)->10741K(11008K) Class: 1092K(1344K)->1092K(1344K)
[2026-08-02T09:17:14.741+0900][3.744s][debug][gc,heap        ] GC(46) Heap after GC invocations=47 (full 32):
[2026-08-02T09:17:14.741+0900][3.744s][debug][gc,heap        ] GC(46)  garbage-first heap   total 1179648K, used 192383K [0x000001f47e000000, 0x0000022b7e000000)
[2026-08-02T09:17:14.741+0900][3.744s][debug][gc,heap        ] GC(46)   region size 32768K, 1 young (32768K), 1 survivors (32768K)
[2026-08-02T09:17:14.741+0900][3.744s][debug][gc,heap        ] GC(46)  Metaspace       used 11834K, committed 12352K, reserved 1114112K
[2026-08-02T09:17:14.741+0900][3.744s][debug][gc,heap        ] GC(46)   class space    used 1092K, committed 1344K, reserved 1048576K
[2026-08-02T09:17:14.741+0900][3.744s][info ][gc             ] GC(46) Pause Young (Normal) (G1 Evacuation Pause) 334M->187M(1152M) 9.608ms
[2026-08-02T09:17:14.741+0900][3.744s][info ][gc,cpu         ] GC(46) User=0.00s Sys=0.00s Real=0.01s
[2026-08-02T09:17:14.741+0900][3.744s][info ][safepoint      ] Safepoint "G1CollectForAllocation", Time since last: 139446500 ns, Reaching safepoint: 142100 ns, At safepoint: 9667600 ns, Total: 9809700 ns
[2026-08-02T09:17:14.843+0900][3.846s][info ][gc,start       ] GC(47) Pause Young (Normal) (G1 Evacuation Pause)
[2026-08-02T09:17:14.843+0900][3.846s][debug][gc,heap        ] GC(47) Heap before GC invocations=47 (full 32):
[2026-08-02T09:17:14.843+0900][3.846s][debug][gc,heap        ] GC(47)  garbage-first heap   total 1179648K, used 388991K [0x000001f47e000000, 0x0000022b7e000000)
[2026-08-02T09:17:14.843+0900][3.846s][debug][gc,heap        ] GC(47)   region size 32768K, 7 young (229376K), 1 survivors (32768K)
[2026-08-02T09:17:14.843+0900][3.846s][debug][gc,heap        ] GC(47)  Metaspace       used 11847K, committed 12352K, reserved 1114112K
[2026-08-02T09:17:14.843+0900][3.846s][debug][gc,heap        ] GC(47)   class space    used 1092K, committed 1344K, reserved 1048576K
[2026-08-02T09:17:14.843+0900][3.847s][info ][gc,task        ] GC(47) Using 18 workers of 18 for evacuation
[2026-08-02T09:17:14.852+0900][3.854s][info ][gc,phases      ] GC(47)   Pre Evacuate Collection Set: 0.1ms
[2026-08-02T09:17:14.852+0900][3.854s][info ][gc,phases      ] GC(47)   Merge Heap Roots: 0.2ms
[2026-08-02T09:17:14.852+0900][3.854s][info ][gc,phases      ] GC(47)   Evacuate Collection Set: 5.0ms
[2026-08-02T09:17:14.852+0900][3.854s][info ][gc,phases      ] GC(47)   Post Evacuate Collection Set: 2.5ms
[2026-08-02T09:17:14.852+0900][3.854s][info ][gc,phases      ] GC(47)   Other: 0.1ms
[2026-08-02T09:17:14.852+0900][3.854s][info ][gc,heap        ] GC(47) Eden regions: 6->0(13)
[2026-08-02T09:17:14.852+0900][3.854s][info ][gc,heap        ] GC(47) Survivor regions: 1->1(1)
[2026-08-02T09:17:14.852+0900][3.854s][info ][gc,heap        ] GC(47) Old regions: 6->6
[2026-08-02T09:17:14.852+0900][3.854s][info ][gc,heap        ] GC(47) Archive regions: 0->0
[2026-08-02T09:17:14.852+0900][3.854s][info ][gc,heap        ] GC(47) Humongous regions: 0->0
[2026-08-02T09:17:14.852+0900][3.854s][info ][gc,metaspace   ] GC(47) Metaspace: 11847K(12352K)->11847K(12352K) NonClass: 10754K(11008K)->10754K(11008K) Class: 1092K(1344K)->1092K(1344K)
[2026-08-02T09:17:14.852+0900][3.854s][debug][gc,heap        ] GC(47) Heap after GC invocations=48 (full 32):
[2026-08-02T09:17:14.852+0900][3.854s][debug][gc,heap        ] GC(47)  garbage-first heap   total 2359296K, used 196853K [0x000001f47e000000, 0x0000022b7e000000)
[2026-08-02T09:17:14.852+0900][3.854s][debug][gc,heap        ] GC(47)   region size 32768K, 1 young (32768K), 1 survivors (32768K)
[2026-08-02T09:17:14.852+0900][3.855s][debug][gc,heap        ] GC(47)  Metaspace       used 11847K, committed 12352K, reserved 1114112K
[2026-08-02T09:17:14.852+0900][3.855s][debug][gc,heap        ] GC(47)   class space    used 1092K, committed 1344K, reserved 1048576K
[2026-08-02T09:17:14.852+0900][3.855s][info ][gc             ] GC(47) Pause Young (Normal) (G1 Evacuation Pause) 379M->192M(2304M) 8.144ms
[2026-08-02T09:17:14.852+0900][3.855s][info ][gc,cpu         ] GC(47) User=0.00s Sys=0.00s Real=0.01s
[2026-08-02T09:17:14.852+0900][3.855s][info ][safepoint      ] Safepoint "G1CollectForAllocation", Time since last: 102444700 ns, Reaching safepoint: 110900 ns, At safepoint: 8248400 ns, Total: 8359300 ns
[2026-08-02T09:17:15.165+0900][4.168s][info ][gc,start       ] GC(48) Pause Young (Normal) (G1 Evacuation Pause)
[2026-08-02T09:17:15.165+0900][4.168s][debug][gc,heap        ] GC(48) Heap before GC invocations=48 (full 32):
[2026-08-02T09:17:15.165+0900][4.168s][debug][gc,heap        ] GC(48)  garbage-first heap   total 2359296K, used 622837K [0x000001f47e000000, 0x0000022b7e000000)
[2026-08-02T09:17:15.165+0900][4.168s][debug][gc,heap        ] GC(48)   region size 32768K, 14 young (458752K), 1 survivors (32768K)
[2026-08-02T09:17:15.165+0900][4.168s][debug][gc,heap        ] GC(48)  Metaspace       used 11879K, committed 12352K, reserved 1114112K
[2026-08-02T09:17:15.165+0900][4.168s][debug][gc,heap        ] GC(48)   class space    used 1092K, committed 1344K, reserved 1048576K
[2026-08-02T09:17:15.165+0900][4.168s][info ][gc,task        ] GC(48) Using 18 workers of 18 for evacuation
[2026-08-02T09:17:15.174+0900][4.176s][info ][gc,phases      ] GC(48)   Pre Evacuate Collection Set: 0.1ms
[2026-08-02T09:17:15.174+0900][4.177s][info ][gc,phases      ] GC(48)   Merge Heap Roots: 0.1ms
[2026-08-02T09:17:15.174+0900][4.177s][info ][gc,phases      ] GC(48)   Evacuate Collection Set: 7.7ms
[2026-08-02T09:17:15.174+0900][4.177s][info ][gc,phases      ] GC(48)   Post Evacuate Collection Set: 0.2ms
[2026-08-02T09:17:15.174+0900][4.177s][info ][gc,phases      ] GC(48)   Other: 0.1ms
[2026-08-02T09:17:15.174+0900][4.177s][info ][gc,heap        ] GC(48) Eden regions: 13->0(12)
[2026-08-02T09:17:15.174+0900][4.177s][info ][gc,heap        ] GC(48) Survivor regions: 1->2(2)
[2026-08-02T09:17:15.174+0900][4.177s][info ][gc,heap        ] GC(48) Old regions: 6->6
[2026-08-02T09:17:15.174+0900][4.177s][info ][gc,heap        ] GC(48) Archive regions: 0->0
[2026-08-02T09:17:15.174+0900][4.177s][info ][gc,heap        ] GC(48) Humongous regions: 0->0
[2026-08-02T09:17:15.174+0900][4.177s][info ][gc,metaspace   ] GC(48) Metaspace: 11879K(12352K)->11879K(12352K) NonClass: 10786K(11008K)->10786K(11008K) Class: 1092K(1344K)->1092K(1344K)
[2026-08-02T09:17:15.174+0900][4.177s][debug][gc,heap        ] GC(48) Heap after GC invocations=49 (full 32):
[2026-08-02T09:17:15.174+0900][4.177s][debug][gc,heap        ] GC(48)  garbage-first heap   total 2359296K, used 213264K [0x000001f47e000000, 0x0000022b7e000000)
[2026-08-02T09:17:15.174+0900][4.177s][debug][gc,heap        ] GC(48)   region size 32768K, 2 young (65536K), 2 survivors (65536K)
[2026-08-02T09:17:15.174+0900][4.177s][debug][gc,heap        ] GC(48)  Metaspace       used 11879K, committed 12352K, reserved 1114112K
[2026-08-02T09:17:15.174+0900][4.177s][debug][gc,heap        ] GC(48)   class space    used 1092K, committed 1344K, reserved 1048576K
[2026-08-02T09:17:15.174+0900][4.177s][info ][gc             ] GC(48) Pause Young (Normal) (G1 Evacuation Pause) 608M->208M(2304M) 8.579ms
[2026-08-02T09:17:15.174+0900][4.177s][info ][gc,cpu         ] GC(48) User=0.23s Sys=0.06s Real=0.01s
[2026-08-02T09:17:15.174+0900][4.177s][info ][safepoint      ] Safepoint "G1CollectForAllocation", Time since last: 313362900 ns, Reaching safepoint: 98800 ns, At safepoint: 8629600 ns, Total: 8728400 ns
[2026-08-02T09:17:15.333+0900][4.336s][info ][gc,start       ] GC(49) Pause Young (Normal) (G1 Evacuation Pause)
[2026-08-02T09:17:15.333+0900][4.336s][debug][gc,heap        ] GC(49) Heap before GC invocations=49 (full 32):
[2026-08-02T09:17:15.333+0900][4.336s][debug][gc,heap        ] GC(49)  garbage-first heap   total 2359296K, used 606480K [0x000001f47e000000, 0x0000022b7e000000)
[2026-08-02T09:17:15.333+0900][4.336s][debug][gc,heap        ] GC(49)   region size 32768K, 14 young (458752K), 2 survivors (65536K)
[2026-08-02T09:17:15.333+0900][4.336s][debug][gc,heap        ] GC(49)  Metaspace       used 11879K, committed 12352K, reserved 1114112K
[2026-08-02T09:17:15.333+0900][4.336s][debug][gc,heap        ] GC(49)   class space    used 1092K, committed 1344K, reserved 1048576K
[2026-08-02T09:17:15.333+0900][4.336s][info ][gc,task        ] GC(49) Using 18 workers of 18 for evacuation
[2026-08-02T09:17:15.340+0900][4.343s][info ][gc,phases      ] GC(49)   Pre Evacuate Collection Set: 0.1ms
[2026-08-02T09:17:15.340+0900][4.343s][info ][gc,phases      ] GC(49)   Merge Heap Roots: 0.1ms
[2026-08-02T09:17:15.340+0900][4.343s][info ][gc,phases      ] GC(49)   Evacuate Collection Set: 6.2ms
[2026-08-02T09:17:15.340+0900][4.343s][info ][gc,phases      ] GC(49)   Post Evacuate Collection Set: 0.2ms
[2026-08-02T09:17:15.340+0900][4.343s][info ][gc,phases      ] GC(49)   Other: 0.1ms
[2026-08-02T09:17:15.340+0900][4.343s][info ][gc,heap        ] GC(49) Eden regions: 12->0(12)
[2026-08-02T09:17:15.340+0900][4.343s][info ][gc,heap        ] GC(49) Survivor regions: 2->2(2)
[2026-08-02T09:17:15.340+0900][4.343s][info ][gc,heap        ] GC(49) Old regions: 6->7
[2026-08-02T09:17:15.340+0900][4.343s][info ][gc,heap        ] GC(49) Archive regions: 0->0
[2026-08-02T09:17:15.340+0900][4.343s][info ][gc,heap        ] GC(49) Humongous regions: 0->0
[2026-08-02T09:17:15.340+0900][4.343s][info ][gc,metaspace   ] GC(49) Metaspace: 11879K(12352K)->11879K(12352K) NonClass: 10786K(11008K)->10786K(11008K) Class: 1092K(1344K)->1092K(1344K)
[2026-08-02T09:17:15.340+0900][4.343s][debug][gc,heap        ] GC(49) Heap after GC invocations=50 (full 32):
[2026-08-02T09:17:15.340+0900][4.343s][debug][gc,heap        ] GC(49)  garbage-first heap   total 2359296K, used 227439K [0x000001f47e000000, 0x0000022b7e000000)
[2026-08-02T09:17:15.340+0900][4.343s][debug][gc,heap        ] GC(49)   region size 32768K, 2 young (65536K), 2 survivors (65536K)
[2026-08-02T09:17:15.340+0900][4.343s][debug][gc,heap        ] GC(49)  Metaspace       used 11879K, committed 12352K, reserved 1114112K
[2026-08-02T09:17:15.340+0900][4.343s][debug][gc,heap        ] GC(49)   class space    used 1092K, committed 1344K, reserved 1048576K
[2026-08-02T09:17:15.340+0900][4.343s][info ][gc             ] GC(49) Pause Young (Normal) (G1 Evacuation Pause) 592M->222M(2304M) 7.198ms
[2026-08-02T09:17:15.341+0900][4.343s][info ][gc,cpu         ] GC(49) User=0.00s Sys=0.02s Real=0.01s
[2026-08-02T09:17:15.341+0900][4.343s][info ][safepoint      ] Safepoint "G1CollectForAllocation", Time since last: 159119100 ns, Reaching safepoint: 51900 ns, At safepoint: 7260900 ns, Total: 7312800 ns
[2026-08-02T09:17:15.503+0900][4.505s][info ][gc,start       ] GC(50) Pause Young (Normal) (G1 Evacuation Pause)
[2026-08-02T09:17:15.503+0900][4.505s][debug][gc,heap        ] GC(50) Heap before GC invocations=50 (full 32):
[2026-08-02T09:17:15.503+0900][4.505s][debug][gc,heap        ] GC(50)  garbage-first heap   total 2359296K, used 620655K [0x000001f47e000000, 0x0000022b7e000000)
[2026-08-02T09:17:15.503+0900][4.505s][debug][gc,heap        ] GC(50)   region size 32768K, 14 young (458752K), 2 survivors (65536K)
[2026-08-02T09:17:15.503+0900][4.505s][debug][gc,heap        ] GC(50)  Metaspace       used 11879K, committed 12352K, reserved 1114112K
[2026-08-02T09:17:15.503+0900][4.505s][debug][gc,heap        ] GC(50)   class space    used 1092K, committed 1344K, reserved 1048576K
[2026-08-02T09:17:15.503+0900][4.505s][info ][gc,task        ] GC(50) Using 18 workers of 18 for evacuation
[2026-08-02T09:17:15.509+0900][4.512s][info ][gc,phases      ] GC(50)   Pre Evacuate Collection Set: 0.1ms
[2026-08-02T09:17:15.509+0900][4.512s][info ][gc,phases      ] GC(50)   Merge Heap Roots: 0.1ms
[2026-08-02T09:17:15.509+0900][4.512s][info ][gc,phases      ] GC(50)   Evacuate Collection Set: 5.7ms
[2026-08-02T09:17:15.509+0900][4.512s][info ][gc,phases      ] GC(50)   Post Evacuate Collection Set: 0.2ms
[2026-08-02T09:17:15.509+0900][4.512s][info ][gc,phases      ] GC(50)   Other: 0.1ms
[2026-08-02T09:17:15.509+0900][4.512s][info ][gc,heap        ] GC(50) Eden regions: 12->0(13)
[2026-08-02T09:17:15.509+0900][4.512s][info ][gc,heap        ] GC(50) Survivor regions: 2->1(2)
[2026-08-02T09:17:15.509+0900][4.512s][info ][gc,heap        ] GC(50) Old regions: 7->7
[2026-08-02T09:17:15.509+0900][4.512s][info ][gc,heap        ] GC(50) Archive regions: 0->0
[2026-08-02T09:17:15.509+0900][4.512s][info ][gc,heap        ] GC(50) Humongous regions: 0->0
[2026-08-02T09:17:15.509+0900][4.512s][info ][gc,metaspace   ] GC(50) Metaspace: 11879K(12352K)->11879K(12352K) NonClass: 10786K(11008K)->10786K(11008K) Class: 1092K(1344K)->1092K(1344K)
[2026-08-02T09:17:15.509+0900][4.512s][debug][gc,heap        ] GC(50) Heap after GC invocations=51 (full 32):
[2026-08-02T09:17:15.509+0900][4.512s][debug][gc,heap        ] GC(50)  garbage-first heap   total 2359296K, used 242693K [0x000001f47e000000, 0x0000022b7e000000)
[2026-08-02T09:17:15.509+0900][4.512s][debug][gc,heap        ] GC(50)   region size 32768K, 1 young (32768K), 1 survivors (32768K)
[2026-08-02T09:17:15.509+0900][4.512s][debug][gc,heap        ] GC(50)  Metaspace       used 11879K, committed 12352K, reserved 1114112K
[2026-08-02T09:17:15.509+0900][4.512s][debug][gc,heap        ] GC(50)   class space    used 1092K, committed 1344K, reserved 1048576K
[2026-08-02T09:17:15.509+0900][4.512s][info ][gc             ] GC(50) Pause Young (Normal) (G1 Evacuation Pause) 606M->237M(2304M) 6.685ms
[2026-08-02T09:17:15.509+0900][4.512s][info ][gc,cpu         ] GC(50) User=0.00s Sys=0.00s Real=0.01s
[2026-08-02T09:17:15.510+0900][4.512s][info ][safepoint      ] Safepoint "G1CollectForAllocation", Time since last: 161840100 ns, Reaching safepoint: 113400 ns, At safepoint: 6746100 ns, Total: 6859500 ns
[2026-08-02T09:17:15.678+0900][4.681s][info ][gc,start       ] GC(51) Pause Young (Normal) (G1 Evacuation Pause)
[2026-08-02T09:17:15.678+0900][4.681s][debug][gc,heap        ] GC(51) Heap before GC invocations=51 (full 32):
[2026-08-02T09:17:15.678+0900][4.681s][debug][gc,heap        ] GC(51)  garbage-first heap   total 2359296K, used 668677K [0x000001f47e000000, 0x0000022b7e000000)
[2026-08-02T09:17:15.678+0900][4.681s][debug][gc,heap        ] GC(51)   region size 32768K, 14 young (458752K), 1 survivors (32768K)
[2026-08-02T09:17:15.678+0900][4.681s][debug][gc,heap        ] GC(51)  Metaspace       used 11879K, committed 12352K, reserved 1114112K
[2026-08-02T09:17:15.678+0900][4.681s][debug][gc,heap        ] GC(51)   class space    used 1092K, committed 1344K, reserved 1048576K
[2026-08-02T09:17:15.678+0900][4.681s][info ][gc,task        ] GC(51) Using 18 workers of 18 for evacuation
[2026-08-02T09:17:15.687+0900][4.690s][info ][gc,phases      ] GC(51)   Pre Evacuate Collection Set: 0.1ms
[2026-08-02T09:17:15.687+0900][4.690s][info ][gc,phases      ] GC(51)   Merge Heap Roots: 0.1ms
[2026-08-02T09:17:15.687+0900][4.690s][info ][gc,phases      ] GC(51)   Evacuate Collection Set: 6.3ms
[2026-08-02T09:17:15.687+0900][4.690s][info ][gc,phases      ] GC(51)   Post Evacuate Collection Set: 2.3ms
[2026-08-02T09:17:15.687+0900][4.690s][info ][gc,phases      ] GC(51)   Other: 0.1ms
[2026-08-02T09:17:15.687+0900][4.690s][info ][gc,heap        ] GC(51) Eden regions: 13->0(18)
[2026-08-02T09:17:15.687+0900][4.690s][info ][gc,heap        ] GC(51) Survivor regions: 1->2(2)
[2026-08-02T09:17:15.687+0900][4.690s][info ][gc,heap        ] GC(51) Old regions: 7->7
[2026-08-02T09:17:15.687+0900][4.690s][info ][gc,heap        ] GC(51) Archive regions: 0->0
[2026-08-02T09:17:15.687+0900][4.690s][info ][gc,heap        ] GC(51) Humongous regions: 0->0
[2026-08-02T09:17:15.687+0900][4.690s][info ][gc,metaspace   ] GC(51) Metaspace: 11879K(12352K)->11879K(12352K) NonClass: 10786K(11008K)->10786K(11008K) Class: 1092K(1344K)->1092K(1344K)
[2026-08-02T09:17:15.687+0900][4.690s][debug][gc,heap        ] GC(51) Heap after GC invocations=52 (full 32):
[2026-08-02T09:17:15.687+0900][4.690s][debug][gc,heap        ] GC(51)  garbage-first heap   total 3407872K, used 257563K [0x000001f47e000000, 0x0000022b7e000000)
[2026-08-02T09:17:15.687+0900][4.690s][debug][gc,heap        ] GC(51)   region size 32768K, 2 young (65536K), 2 survivors (65536K)
[2026-08-02T09:17:15.687+0900][4.690s][debug][gc,heap        ] GC(51)  Metaspace       used 11879K, committed 12352K, reserved 1114112K
[2026-08-02T09:17:15.687+0900][4.690s][debug][gc,heap        ] GC(51)   class space    used 1092K, committed 1344K, reserved 1048576K
[2026-08-02T09:17:15.687+0900][4.690s][info ][gc             ] GC(51) Pause Young (Normal) (G1 Evacuation Pause) 653M->251M(3328M) 9.267ms
[2026-08-02T09:17:15.687+0900][4.690s][info ][gc,cpu         ] GC(51) User=0.27s Sys=0.02s Real=0.01s
[2026-08-02T09:17:15.687+0900][4.690s][info ][safepoint      ] Safepoint "G1CollectForAllocation", Time since last: 169006600 ns, Reaching safepoint: 111700 ns, At safepoint: 9317900 ns, Total: 9429600 ns
[2026-08-02T09:17:16.043+0900][5.046s][info ][gc,start       ] GC(52) Pause Young (Normal) (G1 Evacuation Pause)
[2026-08-02T09:17:16.043+0900][5.046s][debug][gc,heap        ] GC(52) Heap before GC invocations=52 (full 32):
[2026-08-02T09:17:16.043+0900][5.046s][debug][gc,heap        ] GC(52)  garbage-first heap   total 3407872K, used 847387K [0x000001f47e000000, 0x0000022b7e000000)
[2026-08-02T09:17:16.043+0900][5.046s][debug][gc,heap        ] GC(52)   region size 32768K, 20 young (655360K), 2 survivors (65536K)
[2026-08-02T09:17:16.043+0900][5.046s][debug][gc,heap        ] GC(52)  Metaspace       used 11884K, committed 12416K, reserved 1114112K
[2026-08-02T09:17:16.043+0900][5.046s][debug][gc,heap        ] GC(52)   class space    used 1092K, committed 1344K, reserved 1048576K
[2026-08-02T09:17:16.043+0900][5.046s][info ][gc,task        ] GC(52) Using 18 workers of 18 for evacuation
[2026-08-02T09:17:16.054+0900][5.057s][info ][gc,phases      ] GC(52)   Pre Evacuate Collection Set: 0.1ms
[2026-08-02T09:17:16.054+0900][5.057s][info ][gc,phases      ] GC(52)   Merge Heap Roots: 0.2ms
[2026-08-02T09:17:16.054+0900][5.057s][info ][gc,phases      ] GC(52)   Evacuate Collection Set: 9.9ms
[2026-08-02T09:17:16.054+0900][5.057s][info ][gc,phases      ] GC(52)   Post Evacuate Collection Set: 0.2ms
[2026-08-02T09:17:16.054+0900][5.057s][info ][gc,phases      ] GC(52)   Other: 0.1ms
[2026-08-02T09:17:16.054+0900][5.057s][info ][gc,heap        ] GC(52) Eden regions: 18->0(18)
[2026-08-02T09:17:16.054+0900][5.057s][info ][gc,heap        ] GC(52) Survivor regions: 2->2(3)
[2026-08-02T09:17:16.054+0900][5.057s][info ][gc,heap        ] GC(52) Old regions: 7->7
[2026-08-02T09:17:16.054+0900][5.057s][info ][gc,heap        ] GC(52) Archive regions: 0->0
[2026-08-02T09:17:16.054+0900][5.057s][info ][gc,heap        ] GC(52) Humongous regions: 0->0
[2026-08-02T09:17:16.054+0900][5.057s][info ][gc,metaspace   ] GC(52) Metaspace: 11884K(12416K)->11884K(12416K) NonClass: 10792K(11072K)->10792K(11072K) Class: 1092K(1344K)->1092K(1344K)
[2026-08-02T09:17:16.054+0900][5.057s][debug][gc,heap        ] GC(52) Heap after GC invocations=53 (full 32):
[2026-08-02T09:17:16.054+0900][5.057s][debug][gc,heap        ] GC(52)  garbage-first heap   total 3407872K, used 277664K [0x000001f47e000000, 0x0000022b7e000000)
[2026-08-02T09:17:16.054+0900][5.057s][debug][gc,heap        ] GC(52)   region size 32768K, 2 young (65536K), 2 survivors (65536K)
[2026-08-02T09:17:16.054+0900][5.057s][debug][gc,heap        ] GC(52)  Metaspace       used 11884K, committed 12416K, reserved 1114112K
[2026-08-02T09:17:16.054+0900][5.057s][debug][gc,heap        ] GC(52)   class space    used 1092K, committed 1344K, reserved 1048576K
[2026-08-02T09:17:16.054+0900][5.057s][info ][gc             ] GC(52) Pause Young (Normal) (G1 Evacuation Pause) 827M->271M(3328M) 10.849ms
[2026-08-02T09:17:16.054+0900][5.057s][info ][gc,cpu         ] GC(52) User=0.00s Sys=0.00s Real=0.01s
[2026-08-02T09:17:16.054+0900][5.057s][info ][safepoint      ] Safepoint "G1CollectForAllocation", Time since last: 355618200 ns, Reaching safepoint: 107900 ns, At safepoint: 10900700 ns, Total: 11008600 ns
[2026-08-02T09:17:16.277+0900][5.280s][info ][gc,start       ] GC(53) Pause Young (Normal) (G1 Evacuation Pause)
[2026-08-02T09:17:16.277+0900][5.280s][debug][gc,heap        ] GC(53) Heap before GC invocations=53 (full 32):
[2026-08-02T09:17:16.277+0900][5.280s][debug][gc,heap        ] GC(53)  garbage-first heap   total 3407872K, used 867488K [0x000001f47e000000, 0x0000022b7e000000)
[2026-08-02T09:17:16.277+0900][5.280s][debug][gc,heap        ] GC(53)   region size 32768K, 20 young (655360K), 2 survivors (65536K)
[2026-08-02T09:17:16.277+0900][5.280s][debug][gc,heap        ] GC(53)  Metaspace       used 11884K, committed 12416K, reserved 1114112K
[2026-08-02T09:17:16.277+0900][5.280s][debug][gc,heap        ] GC(53)   class space    used 1092K, committed 1344K, reserved 1048576K
[2026-08-02T09:17:16.277+0900][5.280s][info ][gc,task        ] GC(53) Using 18 workers of 18 for evacuation
[2026-08-02T09:17:16.292+0900][5.294s][info ][gc,phases      ] GC(53)   Pre Evacuate Collection Set: 0.1ms
[2026-08-02T09:17:16.292+0900][5.294s][info ][gc,phases      ] GC(53)   Merge Heap Roots: 0.1ms
[2026-08-02T09:17:16.292+0900][5.294s][info ][gc,phases      ] GC(53)   Evacuate Collection Set: 13.5ms
[2026-08-02T09:17:16.292+0900][5.294s][info ][gc,phases      ] GC(53)   Post Evacuate Collection Set: 0.2ms
[2026-08-02T09:17:16.292+0900][5.294s][info ][gc,phases      ] GC(53)   Other: 0.1ms
[2026-08-02T09:17:16.292+0900][5.294s][info ][gc,heap        ] GC(53) Eden regions: 18->0(17)
[2026-08-02T09:17:16.292+0900][5.294s][info ][gc,heap        ] GC(53) Survivor regions: 2->3(3)
[2026-08-02T09:17:16.292+0900][5.294s][info ][gc,heap        ] GC(53) Old regions: 7->8
[2026-08-02T09:17:16.292+0900][5.294s][info ][gc,heap        ] GC(53) Archive regions: 0->0
[2026-08-02T09:17:16.292+0900][5.294s][info ][gc,heap        ] GC(53) Humongous regions: 0->0
[2026-08-02T09:17:16.292+0900][5.294s][info ][gc,metaspace   ] GC(53) Metaspace: 11884K(12416K)->11884K(12416K) NonClass: 10792K(11072K)->10792K(11072K) Class: 1092K(1344K)->1092K(1344K)
[2026-08-02T09:17:16.292+0900][5.294s][debug][gc,heap        ] GC(53) Heap after GC invocations=54 (full 32):
[2026-08-02T09:17:16.292+0900][5.294s][debug][gc,heap        ] GC(53)  garbage-first heap   total 3407872K, used 299589K [0x000001f47e000000, 0x0000022b7e000000)
[2026-08-02T09:17:16.292+0900][5.294s][debug][gc,heap        ] GC(53)   region size 32768K, 3 young (98304K), 3 survivors (98304K)
[2026-08-02T09:17:16.292+0900][5.294s][debug][gc,heap        ] GC(53)  Metaspace       used 11884K, committed 12416K, reserved 1114112K
[2026-08-02T09:17:16.292+0900][5.294s][debug][gc,heap        ] GC(53)   class space    used 1092K, committed 1344K, reserved 1048576K
[2026-08-02T09:17:16.292+0900][5.294s][info ][gc             ] GC(53) Pause Young (Normal) (G1 Evacuation Pause) 847M->292M(3328M) 14.391ms
[2026-08-02T09:17:16.292+0900][5.294s][info ][gc,cpu         ] GC(53) User=0.02s Sys=0.00s Real=0.02s
[2026-08-02T09:17:16.292+0900][5.294s][info ][safepoint      ] Safepoint "G1CollectForAllocation", Time since last: 222801600 ns, Reaching safepoint: 100400 ns, At safepoint: 14437400 ns, Total: 14537800 ns
[2026-08-02T09:17:16.504+0900][5.506s][info ][gc,start       ] GC(54) Pause Young (Normal) (G1 Evacuation Pause)
[2026-08-02T09:17:16.504+0900][5.506s][debug][gc,heap        ] GC(54) Heap before GC invocations=54 (full 32):
[2026-08-02T09:17:16.504+0900][5.506s][debug][gc,heap        ] GC(54)  garbage-first heap   total 3407872K, used 856645K [0x000001f47e000000, 0x0000022b7e000000)
[2026-08-02T09:17:16.504+0900][5.506s][debug][gc,heap        ] GC(54)   region size 32768K, 20 young (655360K), 3 survivors (98304K)
[2026-08-02T09:17:16.504+0900][5.506s][debug][gc,heap        ] GC(54)  Metaspace       used 11885K, committed 12416K, reserved 1114112K
[2026-08-02T09:17:16.504+0900][5.506s][debug][gc,heap        ] GC(54)   class space    used 1092K, committed 1344K, reserved 1048576K
[2026-08-02T09:17:16.504+0900][5.506s][info ][gc,task        ] GC(54) Using 18 workers of 18 for evacuation
[2026-08-02T09:17:16.515+0900][5.518s][info ][gc,phases      ] GC(54)   Pre Evacuate Collection Set: 0.1ms
[2026-08-02T09:17:16.515+0900][5.518s][info ][gc,phases      ] GC(54)   Merge Heap Roots: 0.1ms
[2026-08-02T09:17:16.515+0900][5.518s][info ][gc,phases      ] GC(54)   Evacuate Collection Set: 11.2ms
[2026-08-02T09:17:16.515+0900][5.518s][info ][gc,phases      ] GC(54)   Post Evacuate Collection Set: 0.2ms
[2026-08-02T09:17:16.515+0900][5.518s][info ][gc,phases      ] GC(54)   Other: 0.1ms
[2026-08-02T09:17:16.515+0900][5.518s][info ][gc,heap        ] GC(54) Eden regions: 17->0(18)
[2026-08-02T09:17:16.515+0900][5.518s][info ][gc,heap        ] GC(54) Survivor regions: 3->2(3)
[2026-08-02T09:17:16.515+0900][5.518s][info ][gc,heap        ] GC(54) Old regions: 8->9
[2026-08-02T09:17:16.515+0900][5.518s][info ][gc,heap        ] GC(54) Archive regions: 0->0
[2026-08-02T09:17:16.515+0900][5.518s][info ][gc,heap        ] GC(54) Humongous regions: 0->0
[2026-08-02T09:17:16.516+0900][5.518s][info ][gc,metaspace   ] GC(54) Metaspace: 11885K(12416K)->11885K(12416K) NonClass: 10793K(11072K)->10793K(11072K) Class: 1092K(1344K)->1092K(1344K)
[2026-08-02T09:17:16.516+0900][5.518s][debug][gc,heap        ] GC(54) Heap after GC invocations=55 (full 32):
[2026-08-02T09:17:16.516+0900][5.518s][debug][gc,heap        ] GC(54)  garbage-first heap   total 3407872K, used 317914K [0x000001f47e000000, 0x0000022b7e000000)
[2026-08-02T09:17:16.516+0900][5.518s][debug][gc,heap        ] GC(54)   region size 32768K, 2 young (65536K), 2 survivors (65536K)
[2026-08-02T09:17:16.516+0900][5.518s][debug][gc,heap        ] GC(54)  Metaspace       used 11885K, committed 12416K, reserved 1114112K
[2026-08-02T09:17:16.516+0900][5.518s][debug][gc,heap        ] GC(54)   class space    used 1092K, committed 1344K, reserved 1048576K
[2026-08-02T09:17:16.516+0900][5.518s][info ][gc             ] GC(54) Pause Young (Normal) (G1 Evacuation Pause) 836M->310M(3328M) 12.040ms
[2026-08-02T09:17:16.516+0900][5.518s][info ][gc,cpu         ] GC(54) User=0.28s Sys=0.00s Real=0.01s
[2026-08-02T09:17:16.516+0900][5.518s][info ][safepoint      ] Safepoint "G1CollectForAllocation", Time since last: 211798700 ns, Reaching safepoint: 110500 ns, At safepoint: 12095400 ns, Total: 12205900 ns
[2026-08-02T09:17:16.744+0900][5.747s][info ][gc,start       ] GC(55) Pause Young (Normal) (G1 Evacuation Pause)
[2026-08-02T09:17:16.744+0900][5.747s][debug][gc,heap        ] GC(55) Heap before GC invocations=55 (full 32):
[2026-08-02T09:17:16.744+0900][5.747s][debug][gc,heap        ] GC(55)  garbage-first heap   total 3407872K, used 907738K [0x000001f47e000000, 0x0000022b7e000000)
[2026-08-02T09:17:16.744+0900][5.747s][debug][gc,heap        ] GC(55)   region size 32768K, 20 young (655360K), 2 survivors (65536K)
[2026-08-02T09:17:16.744+0900][5.747s][debug][gc,heap        ] GC(55)  Metaspace       used 11885K, committed 12416K, reserved 1114112K
[2026-08-02T09:17:16.744+0900][5.747s][debug][gc,heap        ] GC(55)   class space    used 1092K, committed 1344K, reserved 1048576K
[2026-08-02T09:17:16.744+0900][5.747s][info ][gc,task        ] GC(55) Using 18 workers of 18 for evacuation
[2026-08-02T09:17:16.758+0900][5.761s][info ][gc,phases      ] GC(55)   Pre Evacuate Collection Set: 0.1ms
[2026-08-02T09:17:16.758+0900][5.761s][info ][gc,phases      ] GC(55)   Merge Heap Roots: 0.1ms
[2026-08-02T09:17:16.758+0900][5.761s][info ][gc,phases      ] GC(55)   Evacuate Collection Set: 9.9ms
[2026-08-02T09:17:16.758+0900][5.761s][info ][gc,phases      ] GC(55)   Post Evacuate Collection Set: 3.6ms
[2026-08-02T09:17:16.758+0900][5.761s][info ][gc,phases      ] GC(55)   Other: 0.1ms
[2026-08-02T09:17:16.758+0900][5.761s][info ][gc,heap        ] GC(55) Eden regions: 18->0(29)
[2026-08-02T09:17:16.758+0900][5.761s][info ][gc,heap        ] GC(55) Survivor regions: 2->2(3)
[2026-08-02T09:17:16.758+0900][5.761s][info ][gc,heap        ] GC(55) Old regions: 9->9
[2026-08-02T09:17:16.758+0900][5.761s][info ][gc,heap        ] GC(55) Archive regions: 0->0
[2026-08-02T09:17:16.758+0900][5.761s][info ][gc,heap        ] GC(55) Humongous regions: 0->0
[2026-08-02T09:17:16.758+0900][5.761s][info ][gc,metaspace   ] GC(55) Metaspace: 11885K(12416K)->11885K(12416K) NonClass: 10793K(11072K)->10793K(11072K) Class: 1092K(1344K)->1092K(1344K)
[2026-08-02T09:17:16.758+0900][5.761s][debug][gc,heap        ] GC(55) Heap after GC invocations=56 (full 32):
[2026-08-02T09:17:16.758+0900][5.761s][debug][gc,heap        ] GC(55)  garbage-first heap   total 5079040K, used 341183K [0x000001f47e000000, 0x0000022b7e000000)
[2026-08-02T09:17:16.759+0900][5.761s][debug][gc,heap        ] GC(55)   region size 32768K, 2 young (65536K), 2 survivors (65536K)
[2026-08-02T09:17:16.759+0900][5.761s][debug][gc,heap        ] GC(55)  Metaspace       used 11885K, committed 12416K, reserved 1114112K
[2026-08-02T09:17:16.759+0900][5.761s][debug][gc,heap        ] GC(55)   class space    used 1092K, committed 1344K, reserved 1048576K
[2026-08-02T09:17:16.759+0900][5.761s][info ][gc             ] GC(55) Pause Young (Normal) (G1 Evacuation Pause) 886M->333M(4960M) 14.237ms
[2026-08-02T09:17:16.759+0900][5.761s][info ][gc,cpu         ] GC(55) User=0.23s Sys=0.05s Real=0.02s
[2026-08-02T09:17:16.759+0900][5.761s][info ][safepoint      ] Safepoint "G1CollectForAllocation", Time since last: 228479900 ns, Reaching safepoint: 112700 ns, At safepoint: 14287500 ns, Total: 14400200 ns
[2026-08-02T09:17:17.328+0900][6.331s][info ][gc,start       ] GC(56) Pause Young (Normal) (G1 Evacuation Pause)
[2026-08-02T09:17:17.328+0900][6.331s][debug][gc,heap        ] GC(56) Heap before GC invocations=56 (full 32):
[2026-08-02T09:17:17.328+0900][6.331s][debug][gc,heap        ] GC(56)  garbage-first heap   total 5079040K, used 1291455K [0x000001f47e000000, 0x0000022b7e000000)
[2026-08-02T09:17:17.328+0900][6.331s][debug][gc,heap        ] GC(56)   region size 32768K, 31 young (1015808K), 2 survivors (65536K)
[2026-08-02T09:17:17.328+0900][6.331s][debug][gc,heap        ] GC(56)  Metaspace       used 11885K, committed 12416K, reserved 1114112K
[2026-08-02T09:17:17.328+0900][6.331s][debug][gc,heap        ] GC(56)   class space    used 1092K, committed 1344K, reserved 1048576K
[2026-08-02T09:17:17.328+0900][6.331s][info ][gc,task        ] GC(56) Using 18 workers of 18 for evacuation
[2026-08-02T09:17:17.343+0900][6.346s][info ][gc,phases      ] GC(56)   Pre Evacuate Collection Set: 0.1ms
[2026-08-02T09:17:17.343+0900][6.346s][info ][gc,phases      ] GC(56)   Merge Heap Roots: 0.1ms
[2026-08-02T09:17:17.343+0900][6.346s][info ][gc,phases      ] GC(56)   Evacuate Collection Set: 14.1ms
[2026-08-02T09:17:17.343+0900][6.346s][info ][gc,phases      ] GC(56)   Post Evacuate Collection Set: 0.2ms
[2026-08-02T09:17:17.343+0900][6.346s][info ][gc,phases      ] GC(56)   Other: 0.1ms
[2026-08-02T09:17:17.343+0900][6.346s][info ][gc,heap        ] GC(56) Eden regions: 29->0(28)
[2026-08-02T09:17:17.343+0900][6.346s][info ][gc,heap        ] GC(56) Survivor regions: 2->3(4)
[2026-08-02T09:17:17.343+0900][6.346s][info ][gc,heap        ] GC(56) Old regions: 9->9
[2026-08-02T09:17:17.343+0900][6.346s][info ][gc,heap        ] GC(56) Archive regions: 0->0
[2026-08-02T09:17:17.343+0900][6.346s][info ][gc,heap        ] GC(56) Humongous regions: 0->0
[2026-08-02T09:17:17.343+0900][6.346s][info ][gc,metaspace   ] GC(56) Metaspace: 11885K(12416K)->11885K(12416K) NonClass: 10793K(11072K)->10793K(11072K) Class: 1092K(1344K)->1092K(1344K)
[2026-08-02T09:17:17.343+0900][6.346s][debug][gc,heap        ] GC(56) Heap after GC invocations=57 (full 32):
[2026-08-02T09:17:17.343+0900][6.346s][debug][gc,heap        ] GC(56)  garbage-first heap   total 5079040K, used 374237K [0x000001f47e000000, 0x0000022b7e000000)
[2026-08-02T09:17:17.343+0900][6.346s][debug][gc,heap        ] GC(56)   region size 32768K, 3 young (98304K), 3 survivors (98304K)
[2026-08-02T09:17:17.343+0900][6.346s][debug][gc,heap        ] GC(56)  Metaspace       used 11885K, committed 12416K, reserved 1114112K
[2026-08-02T09:17:17.343+0900][6.346s][debug][gc,heap        ] GC(56)   class space    used 1092K, committed 1344K, reserved 1048576K
[2026-08-02T09:17:17.344+0900][6.346s][info ][gc             ] GC(56) Pause Young (Normal) (G1 Evacuation Pause) 1261M->365M(4960M) 15.002ms
[2026-08-02T09:17:17.344+0900][6.346s][info ][gc,cpu         ] GC(56) User=0.28s Sys=0.00s Real=0.02s
[2026-08-02T09:17:17.344+0900][6.346s][info ][safepoint      ] Safepoint "G1CollectForAllocation", Time since last: 569474700 ns, Reaching safepoint: 96300 ns, At safepoint: 15070800 ns, Total: 15167100 ns
[2026-08-02T09:17:17.699+0900][6.702s][info ][gc,start       ] GC(57) Pause Young (Normal) (G1 Evacuation Pause)
[2026-08-02T09:17:17.699+0900][6.702s][debug][gc,heap        ] GC(57) Heap before GC invocations=57 (full 32):
[2026-08-02T09:17:17.699+0900][6.702s][debug][gc,heap        ] GC(57)  garbage-first heap   total 5079040K, used 1291741K [0x000001f47e000000, 0x0000022b7e000000)
[2026-08-02T09:17:17.699+0900][6.702s][debug][gc,heap        ] GC(57)   region size 32768K, 31 young (1015808K), 3 survivors (98304K)
[2026-08-02T09:17:17.699+0900][6.702s][debug][gc,heap        ] GC(57)  Metaspace       used 11885K, committed 12416K, reserved 1114112K
[2026-08-02T09:17:17.699+0900][6.702s][debug][gc,heap        ] GC(57)   class space    used 1092K, committed 1344K, reserved 1048576K
[2026-08-02T09:17:17.699+0900][6.702s][info ][gc,task        ] GC(57) Using 18 workers of 18 for evacuation
[2026-08-02T09:17:17.720+0900][6.723s][info ][gc,phases      ] GC(57)   Pre Evacuate Collection Set: 0.1ms
[2026-08-02T09:17:17.720+0900][6.723s][info ][gc,phases      ] GC(57)   Merge Heap Roots: 0.1ms
[2026-08-02T09:17:17.720+0900][6.723s][info ][gc,phases      ] GC(57)   Evacuate Collection Set: 20.3ms
[2026-08-02T09:17:17.720+0900][6.723s][info ][gc,phases      ] GC(57)   Post Evacuate Collection Set: 0.2ms
[2026-08-02T09:17:17.720+0900][6.723s][info ][gc,phases      ] GC(57)   Other: 0.1ms
[2026-08-02T09:17:17.720+0900][6.723s][info ][gc,heap        ] GC(57) Eden regions: 28->0(28)
[2026-08-02T09:17:17.720+0900][6.723s][info ][gc,heap        ] GC(57) Survivor regions: 3->3(4)
[2026-08-02T09:17:17.720+0900][6.723s][info ][gc,heap        ] GC(57) Old regions: 9->11
[2026-08-02T09:17:17.720+0900][6.723s][info ][gc,heap        ] GC(57) Archive regions: 0->0
[2026-08-02T09:17:17.720+0900][6.723s][info ][gc,heap        ] GC(57) Humongous regions: 0->0
[2026-08-02T09:17:17.720+0900][6.723s][info ][gc,metaspace   ] GC(57) Metaspace: 11885K(12416K)->11885K(12416K) NonClass: 10793K(11072K)->10793K(11072K) Class: 1092K(1344K)->1092K(1344K)
[2026-08-02T09:17:17.720+0900][6.723s][debug][gc,heap        ] GC(57) Heap after GC invocations=58 (full 32):
[2026-08-02T09:17:17.720+0900][6.723s][debug][gc,heap        ] GC(57)  garbage-first heap   total 5079040K, used 406816K [0x000001f47e000000, 0x0000022b7e000000)
[2026-08-02T09:17:17.720+0900][6.723s][debug][gc,heap        ] GC(57)   region size 32768K, 3 young (98304K), 3 survivors (98304K)
[2026-08-02T09:17:17.720+0900][6.723s][debug][gc,heap        ] GC(57)  Metaspace       used 11885K, committed 12416K, reserved 1114112K
[2026-08-02T09:17:17.720+0900][6.723s][debug][gc,heap        ] GC(57)   class space    used 1092K, committed 1344K, reserved 1048576K
[2026-08-02T09:17:17.720+0900][6.723s][info ][gc             ] GC(57) Pause Young (Normal) (G1 Evacuation Pause) 1261M->397M(4960M) 21.231ms
[2026-08-02T09:17:17.720+0900][6.723s][info ][gc,cpu         ] GC(57) User=0.31s Sys=0.08s Real=0.02s
[2026-08-02T09:17:17.720+0900][6.723s][info ][safepoint      ] Safepoint "G1CollectForAllocation", Time since last: 356203300 ns, Reaching safepoint: 96200 ns, At safepoint: 21288200 ns, Total: 21384400 ns
[2026-08-02T09:17:18.068+0900][7.070s][info ][gc,start       ] GC(58) Pause Young (Normal) (G1 Evacuation Pause)
[2026-08-02T09:17:18.068+0900][7.070s][debug][gc,heap        ] GC(58) Heap before GC invocations=58 (full 32):
[2026-08-02T09:17:18.068+0900][7.070s][debug][gc,heap        ] GC(58)  garbage-first heap   total 5079040K, used 1324320K [0x000001f47e000000, 0x0000022b7e000000)
[2026-08-02T09:17:18.068+0900][7.070s][debug][gc,heap        ] GC(58)   region size 32768K, 31 young (1015808K), 3 survivors (98304K)
[2026-08-02T09:17:18.068+0900][7.070s][debug][gc,heap        ] GC(58)  Metaspace       used 11885K, committed 12416K, reserved 1114112K
[2026-08-02T09:17:18.068+0900][7.070s][debug][gc,heap        ] GC(58)   class space    used 1092K, committed 1344K, reserved 1048576K
[2026-08-02T09:17:18.068+0900][7.070s][info ][gc,task        ] GC(58) Using 18 workers of 18 for evacuation
[2026-08-02T09:17:18.081+0900][7.084s][info ][gc,phases      ] GC(58)   Pre Evacuate Collection Set: 0.1ms
[2026-08-02T09:17:18.081+0900][7.084s][info ][gc,phases      ] GC(58)   Merge Heap Roots: 0.1ms
[2026-08-02T09:17:18.081+0900][7.084s][info ][gc,phases      ] GC(58)   Evacuate Collection Set: 13.6ms
[2026-08-02T09:17:18.081+0900][7.084s][info ][gc,phases      ] GC(58)   Post Evacuate Collection Set: 0.3ms
[2026-08-02T09:17:18.081+0900][7.084s][info ][gc,phases      ] GC(58)   Other: 0.1ms
[2026-08-02T09:17:18.081+0900][7.084s][info ][gc,heap        ] GC(58) Eden regions: 28->0(27)
[2026-08-02T09:17:18.081+0900][7.084s][info ][gc,heap        ] GC(58) Survivor regions: 3->4(4)
[2026-08-02T09:17:18.081+0900][7.084s][info ][gc,heap        ] GC(58) Old regions: 11->11
[2026-08-02T09:17:18.081+0900][7.084s][info ][gc,heap        ] GC(58) Archive regions: 0->0
[2026-08-02T09:17:18.081+0900][7.084s][info ][gc,heap        ] GC(58) Humongous regions: 0->0
[2026-08-02T09:17:18.081+0900][7.084s][info ][gc,metaspace   ] GC(58) Metaspace: 11885K(12416K)->11885K(12416K) NonClass: 10793K(11072K)->10793K(11072K) Class: 1092K(1344K)->1092K(1344K)
[2026-08-02T09:17:18.081+0900][7.084s][debug][gc,heap        ] GC(58) Heap after GC invocations=59 (full 32):
[2026-08-02T09:17:18.081+0900][7.084s][debug][gc,heap        ] GC(58)  garbage-first heap   total 5079040K, used 440171K [0x000001f47e000000, 0x0000022b7e000000)
[2026-08-02T09:17:18.081+0900][7.084s][debug][gc,heap        ] GC(58)   region size 32768K, 4 young (131072K), 4 survivors (131072K)
[2026-08-02T09:17:18.081+0900][7.084s][debug][gc,heap        ] GC(58)  Metaspace       used 11885K, committed 12416K, reserved 1114112K
[2026-08-02T09:17:18.082+0900][7.084s][debug][gc,heap        ] GC(58)   class space    used 1092K, committed 1344K, reserved 1048576K
[2026-08-02T09:17:18.082+0900][7.084s][info ][gc             ] GC(58) Pause Young (Normal) (G1 Evacuation Pause) 1293M->429M(4960M) 14.566ms
[2026-08-02T09:17:18.082+0900][7.084s][info ][gc,cpu         ] GC(58) User=0.28s Sys=0.00s Real=0.01s
[2026-08-02T09:17:18.082+0900][7.084s][info ][safepoint      ] Safepoint "G1CollectForAllocation", Time since last: 346363400 ns, Reaching safepoint: 93000 ns, At safepoint: 14615000 ns, Total: 14708000 ns
[2026-08-02T09:17:18.417+0900][7.420s][info ][gc,start       ] GC(59) Pause Young (Normal) (G1 Evacuation Pause)
[2026-08-02T09:17:18.417+0900][7.420s][debug][gc,heap        ] GC(59) Heap before GC invocations=59 (full 32):
[2026-08-02T09:17:18.417+0900][7.420s][debug][gc,heap        ] GC(59)  garbage-first heap   total 5079040K, used 1324907K [0x000001f47e000000, 0x0000022b7e000000)
[2026-08-02T09:17:18.417+0900][7.420s][debug][gc,heap        ] GC(59)   region size 32768K, 31 young (1015808K), 4 survivors (131072K)
[2026-08-02T09:17:18.417+0900][7.420s][debug][gc,heap        ] GC(59)  Metaspace       used 11885K, committed 12416K, reserved 1114112K
[2026-08-02T09:17:18.417+0900][7.420s][debug][gc,heap        ] GC(59)   class space    used 1092K, committed 1344K, reserved 1048576K
[2026-08-02T09:17:18.417+0900][7.420s][info ][gc,task        ] GC(59) Using 18 workers of 18 for evacuation
[2026-08-02T09:17:18.436+0900][7.439s][info ][gc,phases      ] GC(59)   Pre Evacuate Collection Set: 0.1ms
[2026-08-02T09:17:18.436+0900][7.439s][info ][gc,phases      ] GC(59)   Merge Heap Roots: 0.1ms
[2026-08-02T09:17:18.436+0900][7.439s][info ][gc,phases      ] GC(59)   Evacuate Collection Set: 14.6ms
[2026-08-02T09:17:18.436+0900][7.439s][info ][gc,phases      ] GC(59)   Post Evacuate Collection Set: 4.4ms
[2026-08-02T09:17:18.436+0900][7.439s][info ][gc,phases      ] GC(59)   Other: 0.1ms
[2026-08-02T09:17:18.436+0900][7.439s][info ][gc,heap        ] GC(59) Eden regions: 27->0(41)
[2026-08-02T09:17:18.436+0900][7.439s][info ][gc,heap        ] GC(59) Survivor regions: 4->3(4)
[2026-08-02T09:17:18.436+0900][7.439s][info ][gc,heap        ] GC(59) Old regions: 11->12
[2026-08-02T09:17:18.436+0900][7.439s][info ][gc,heap        ] GC(59) Archive regions: 0->0
[2026-08-02T09:17:18.436+0900][7.439s][info ][gc,heap        ] GC(59) Humongous regions: 0->0
[2026-08-02T09:17:18.436+0900][7.439s][info ][gc,metaspace   ] GC(59) Metaspace: 11885K(12416K)->11885K(12416K) NonClass: 10793K(11072K)->10793K(11072K) Class: 1092K(1344K)->1092K(1344K)
[2026-08-02T09:17:18.436+0900][7.439s][debug][gc,heap        ] GC(59) Heap after GC invocations=60 (full 32):
[2026-08-02T09:17:18.436+0900][7.439s][debug][gc,heap        ] GC(59)  garbage-first heap   total 7340032K, used 472033K [0x000001f47e000000, 0x0000022b7e000000)
[2026-08-02T09:17:18.436+0900][7.439s][debug][gc,heap        ] GC(59)   region size 32768K, 3 young (98304K), 3 survivors (98304K)
[2026-08-02T09:17:18.436+0900][7.439s][debug][gc,heap        ] GC(59)  Metaspace       used 11885K, committed 12416K, reserved 1114112K
[2026-08-02T09:17:18.436+0900][7.439s][debug][gc,heap        ] GC(59)   class space    used 1092K, committed 1344K, reserved 1048576K
[2026-08-02T09:17:18.436+0900][7.439s][info ][gc             ] GC(59) Pause Young (Normal) (G1 Evacuation Pause) 1293M->460M(7168M) 19.631ms
[2026-08-02T09:17:18.436+0900][7.439s][info ][gc,cpu         ] GC(59) User=0.17s Sys=0.12s Real=0.02s
[2026-08-02T09:17:18.436+0900][7.439s][info ][safepoint      ] Safepoint "G1CollectForAllocation", Time since last: 335072100 ns, Reaching safepoint: 108700 ns, At safepoint: 19684600 ns, Total: 19793300 ns
[2026-08-02T09:17:19.228+0900][8.230s][info ][gc,start       ] GC(60) Pause Young (Normal) (G1 Evacuation Pause)
[2026-08-02T09:17:19.228+0900][8.231s][debug][gc,heap        ] GC(60) Heap before GC invocations=60 (full 32):
[2026-08-02T09:17:19.228+0900][8.231s][debug][gc,heap        ] GC(60)  garbage-first heap   total 7340032K, used 1815521K [0x000001f47e000000, 0x0000022b7e000000)
[2026-08-02T09:17:19.228+0900][8.231s][debug][gc,heap        ] GC(60)   region size 32768K, 44 young (1441792K), 3 survivors (98304K)
[2026-08-02T09:17:19.228+0900][8.231s][debug][gc,heap        ] GC(60)  Metaspace       used 11885K, committed 12416K, reserved 1114112K
[2026-08-02T09:17:19.228+0900][8.231s][debug][gc,heap        ] GC(60)   class space    used 1092K, committed 1344K, reserved 1048576K
[2026-08-02T09:17:19.228+0900][8.231s][info ][gc,task        ] GC(60) Using 18 workers of 18 for evacuation
[2026-08-02T09:17:19.248+0900][8.251s][info ][gc,phases      ] GC(60)   Pre Evacuate Collection Set: 0.1ms
[2026-08-02T09:17:19.248+0900][8.251s][info ][gc,phases      ] GC(60)   Merge Heap Roots: 0.2ms
[2026-08-02T09:17:19.248+0900][8.251s][info ][gc,phases      ] GC(60)   Evacuate Collection Set: 19.9ms
[2026-08-02T09:17:19.248+0900][8.251s][info ][gc,phases      ] GC(60)   Post Evacuate Collection Set: 0.3ms
[2026-08-02T09:17:19.248+0900][8.251s][info ][gc,phases      ] GC(60)   Other: 0.1ms
[2026-08-02T09:17:19.248+0900][8.251s][info ][gc,heap        ] GC(60) Eden regions: 41->0(39)
[2026-08-02T09:17:19.248+0900][8.251s][info ][gc,heap        ] GC(60) Survivor regions: 3->5(6)
[2026-08-02T09:17:19.248+0900][8.251s][info ][gc,heap        ] GC(60) Old regions: 12->12
[2026-08-02T09:17:19.248+0900][8.251s][info ][gc,heap        ] GC(60) Archive regions: 0->0
[2026-08-02T09:17:19.248+0900][8.251s][info ][gc,heap        ] GC(60) Humongous regions: 0->0
[2026-08-02T09:17:19.248+0900][8.251s][info ][gc,metaspace   ] GC(60) Metaspace: 11885K(12416K)->11885K(12416K) NonClass: 10793K(11072K)->10793K(11072K) Class: 1092K(1344K)->1092K(1344K)
[2026-08-02T09:17:19.248+0900][8.251s][debug][gc,heap        ] GC(60) Heap after GC invocations=61 (full 32):
[2026-08-02T09:17:19.249+0900][8.251s][debug][gc,heap        ] GC(60)  garbage-first heap   total 7340032K, used 510899K [0x000001f47e000000, 0x0000022b7e000000)
[2026-08-02T09:17:19.249+0900][8.251s][debug][gc,heap        ] GC(60)   region size 32768K, 5 young (163840K), 5 survivors (163840K)
[2026-08-02T09:17:19.249+0900][8.251s][debug][gc,heap        ] GC(60)  Metaspace       used 11885K, committed 12416K, reserved 1114112K
[2026-08-02T09:17:19.249+0900][8.251s][debug][gc,heap        ] GC(60)   class space    used 1092K, committed 1344K, reserved 1048576K
[2026-08-02T09:17:19.249+0900][8.251s][info ][gc             ] GC(60) Pause Young (Normal) (G1 Evacuation Pause) 1772M->498M(7168M) 20.982ms
[2026-08-02T09:17:19.249+0900][8.251s][info ][gc,cpu         ] GC(60) User=0.44s Sys=0.12s Real=0.02s
[2026-08-02T09:17:19.249+0900][8.251s][info ][safepoint      ] Safepoint "G1CollectForAllocation", Time since last: 791039600 ns, Reaching safepoint: 111400 ns, At safepoint: 21036700 ns, Total: 21148100 ns
[2026-08-02T09:17:19.748+0900][8.751s][info ][gc,start       ] GC(61) Pause Young (Normal) (G1 Evacuation Pause)
[2026-08-02T09:17:19.748+0900][8.751s][debug][gc,heap        ] GC(61) Heap before GC invocations=61 (full 32):
[2026-08-02T09:17:19.749+0900][8.751s][debug][gc,heap        ] GC(61)  garbage-first heap   total 7340032K, used 1788851K [0x000001f47e000000, 0x0000022b7e000000)
[2026-08-02T09:17:19.749+0900][8.751s][debug][gc,heap        ] GC(61)   region size 32768K, 44 young (1441792K), 5 survivors (163840K)
[2026-08-02T09:17:19.749+0900][8.751s][debug][gc,heap        ] GC(61)  Metaspace       used 11886K, committed 12416K, reserved 1114112K
[2026-08-02T09:17:19.749+0900][8.751s][debug][gc,heap        ] GC(61)   class space    used 1092K, committed 1344K, reserved 1048576K
[2026-08-02T09:17:19.749+0900][8.751s][info ][gc,task        ] GC(61) Using 18 workers of 18 for evacuation
[2026-08-02T09:17:19.776+0900][8.780s][info ][gc,phases      ] GC(61)   Pre Evacuate Collection Set: 0.2ms
[2026-08-02T09:17:19.776+0900][8.780s][info ][gc,phases      ] GC(61)   Merge Heap Roots: 0.3ms
[2026-08-02T09:17:19.776+0900][8.780s][info ][gc,phases      ] GC(61)   Evacuate Collection Set: 27.7ms
[2026-08-02T09:17:19.776+0900][8.780s][info ][gc,phases      ] GC(61)   Post Evacuate Collection Set: 0.3ms
[2026-08-02T09:17:19.776+0900][8.780s][info ][gc,phases      ] GC(61)   Other: 0.2ms
[2026-08-02T09:17:19.776+0900][8.780s][info ][gc,heap        ] GC(61) Eden regions: 39->0(40)
[2026-08-02T09:17:19.776+0900][8.780s][info ][gc,heap        ] GC(61) Survivor regions: 5->4(6)
[2026-08-02T09:17:19.776+0900][8.780s][info ][gc,heap        ] GC(61) Old regions: 12->14
[2026-08-02T09:17:19.778+0900][8.780s][info ][gc,heap        ] GC(61) Archive regions: 0->0
[2026-08-02T09:17:19.778+0900][8.780s][info ][gc,heap        ] GC(61) Humongous regions: 0->0
[2026-08-02T09:17:19.778+0900][8.780s][info ][gc,metaspace   ] GC(61) Metaspace: 11886K(12416K)->11886K(12416K) NonClass: 10794K(11072K)->10794K(11072K) Class: 1092K(1344K)->1092K(1344K)
[2026-08-02T09:17:19.778+0900][8.780s][debug][gc,heap        ] GC(61) Heap after GC invocations=62 (full 32):
[2026-08-02T09:17:19.778+0900][8.780s][debug][gc,heap        ] GC(61)  garbage-first heap   total 7340032K, used 560128K [0x000001f47e000000, 0x0000022b7e000000)
[2026-08-02T09:17:19.778+0900][8.780s][debug][gc,heap        ] GC(61)   region size 32768K, 4 young (131072K), 4 survivors (131072K)
[2026-08-02T09:17:19.778+0900][8.780s][debug][gc,heap        ] GC(61)  Metaspace       used 11886K, committed 12416K, reserved 1114112K
[2026-08-02T09:17:19.778+0900][8.780s][debug][gc,heap        ] GC(61)   class space    used 1092K, committed 1344K, reserved 1048576K
[2026-08-02T09:17:19.778+0900][8.780s][info ][gc             ] GC(61) Pause Young (Normal) (G1 Evacuation Pause) 1746M->547M(7168M) 29.233ms
[2026-08-02T09:17:19.778+0900][8.780s][info ][gc,cpu         ] GC(61) User=0.27s Sys=0.03s Real=0.03s
[2026-08-02T09:17:19.778+0900][8.780s][info ][safepoint      ] Safepoint "G1CollectForAllocation", Time since last: 499039200 ns, Reaching safepoint: 154000 ns, At safepoint: 29292600 ns, Total: 29446600 ns
[2026-08-02T09:17:20.273+0900][9.275s][info ][gc,start       ] GC(62) Pause Young (Normal) (G1 Evacuation Pause)
[2026-08-02T09:17:20.273+0900][9.276s][debug][gc,heap        ] GC(62) Heap before GC invocations=62 (full 32):
[2026-08-02T09:17:20.273+0900][9.276s][debug][gc,heap        ] GC(62)  garbage-first heap   total 7340032K, used 1870848K [0x000001f47e000000, 0x0000022b7e000000)
[2026-08-02T09:17:20.273+0900][9.276s][debug][gc,heap        ] GC(62)   region size 32768K, 44 young (1441792K), 4 survivors (131072K)
[2026-08-02T09:17:20.273+0900][9.276s][debug][gc,heap        ] GC(62)  Metaspace       used 11890K, committed 12416K, reserved 1114112K
[2026-08-02T09:17:20.273+0900][9.276s][debug][gc,heap        ] GC(62)   class space    used 1092K, committed 1344K, reserved 1048576K
[2026-08-02T09:17:20.273+0900][9.276s][info ][gc,task        ] GC(62) Using 18 workers of 18 for evacuation
[2026-08-02T09:17:20.292+0900][9.295s][info ][gc,phases      ] GC(62)   Pre Evacuate Collection Set: 0.1ms
[2026-08-02T09:17:20.292+0900][9.295s][info ][gc,phases      ] GC(62)   Merge Heap Roots: 0.2ms
[2026-08-02T09:17:20.292+0900][9.295s][info ][gc,phases      ] GC(62)   Evacuate Collection Set: 18.3ms
[2026-08-02T09:17:20.292+0900][9.295s][info ][gc,phases      ] GC(62)   Post Evacuate Collection Set: 0.3ms
[2026-08-02T09:17:20.292+0900][9.295s][info ][gc,phases      ] GC(62)   Other: 0.1ms
[2026-08-02T09:17:20.292+0900][9.295s][info ][gc,heap        ] GC(62) Eden regions: 40->0(39)
[2026-08-02T09:17:20.292+0900][9.295s][info ][gc,heap        ] GC(62) Survivor regions: 4->5(6)
[2026-08-02T09:17:20.292+0900][9.295s][info ][gc,heap        ] GC(62) Old regions: 14->15
[2026-08-02T09:17:20.292+0900][9.295s][info ][gc,heap        ] GC(62) Archive regions: 0->0
[2026-08-02T09:17:20.292+0900][9.295s][info ][gc,heap        ] GC(62) Humongous regions: 0->0
[2026-08-02T09:17:20.292+0900][9.295s][info ][gc,metaspace   ] GC(62) Metaspace: 11890K(12416K)->11890K(12416K) NonClass: 10798K(11072K)->10798K(11072K) Class: 1092K(1344K)->1092K(1344K)
[2026-08-02T09:17:20.292+0900][9.295s][debug][gc,heap        ] GC(62) Heap after GC invocations=63 (full 32):
[2026-08-02T09:17:20.292+0900][9.295s][debug][gc,heap        ] GC(62)  garbage-first heap   total 7340032K, used 607745K [0x000001f47e000000, 0x0000022b7e000000)
[2026-08-02T09:17:20.292+0900][9.295s][debug][gc,heap        ] GC(62)   region size 32768K, 5 young (163840K), 5 survivors (163840K)
[2026-08-02T09:17:20.292+0900][9.295s][debug][gc,heap        ] GC(62)  Metaspace       used 11890K, committed 12416K, reserved 1114112K
[2026-08-02T09:17:20.292+0900][9.295s][debug][gc,heap        ] GC(62)   class space    used 1092K, committed 1344K, reserved 1048576K
[2026-08-02T09:17:20.292+0900][9.295s][info ][gc             ] GC(62) Pause Young (Normal) (G1 Evacuation Pause) 1827M->593M(7168M) 19.285ms
[2026-08-02T09:17:20.292+0900][9.295s][info ][gc,cpu         ] GC(62) User=0.22s Sys=0.06s Real=0.02s
[2026-08-02T09:17:20.292+0900][9.295s][info ][safepoint      ] Safepoint "G1CollectForAllocation", Time since last: 495365600 ns, Reaching safepoint: 98900 ns, At safepoint: 19341200 ns, Total: 19440100 ns
[2026-08-02T09:17:20.779+0900][9.781s][info ][gc,start       ] GC(63) Pause Young (Normal) (G1 Evacuation Pause)
[2026-08-02T09:17:20.779+0900][9.781s][debug][gc,heap        ] GC(63) Heap before GC invocations=63 (full 32):
[2026-08-02T09:17:20.779+0900][9.781s][debug][gc,heap        ] GC(63)  garbage-first heap   total 7340032K, used 1885697K [0x000001f47e000000, 0x0000022b7e000000)
[2026-08-02T09:17:20.779+0900][9.781s][debug][gc,heap        ] GC(63)   region size 32768K, 44 young (1441792K), 5 survivors (163840K)
[2026-08-02T09:17:20.779+0900][9.781s][debug][gc,heap        ] GC(63)  Metaspace       used 11893K, committed 12416K, reserved 1114112K
[2026-08-02T09:17:20.779+0900][9.781s][debug][gc,heap        ] GC(63)   class space    used 1092K, committed 1344K, reserved 1048576K
[2026-08-02T09:17:20.779+0900][9.781s][info ][gc,task        ] GC(63) Using 18 workers of 18 for evacuation
[2026-08-02T09:17:20.804+0900][9.807s][info ][gc,phases      ] GC(63)   Pre Evacuate Collection Set: 0.1ms
[2026-08-02T09:17:20.804+0900][9.807s][info ][gc,phases      ] GC(63)   Merge Heap Roots: 0.2ms
[2026-08-02T09:17:20.804+0900][9.807s][info ][gc,phases      ] GC(63)   Evacuate Collection Set: 18.8ms
[2026-08-02T09:17:20.804+0900][9.807s][info ][gc,phases      ] GC(63)   Post Evacuate Collection Set: 6.2ms
[2026-08-02T09:17:20.804+0900][9.807s][info ][gc,phases      ] GC(63)   Other: 0.1ms
[2026-08-02T09:17:20.804+0900][9.807s][info ][gc,heap        ] GC(63) Eden regions: 39->0(58)
[2026-08-02T09:17:20.804+0900][9.807s][info ][gc,heap        ] GC(63) Survivor regions: 5->5(6)
[2026-08-02T09:17:20.804+0900][9.807s][info ][gc,heap        ] GC(63) Old regions: 15->17
[2026-08-02T09:17:20.804+0900][9.807s][info ][gc,heap        ] GC(63) Archive regions: 0->0
[2026-08-02T09:17:20.804+0900][9.807s][info ][gc,heap        ] GC(63) Humongous regions: 0->0
[2026-08-02T09:17:20.804+0900][9.807s][info ][gc,metaspace   ] GC(63) Metaspace: 11893K(12416K)->11893K(12416K) NonClass: 10800K(11072K)->10800K(11072K) Class: 1092K(1344K)->1092K(1344K)
[2026-08-02T09:17:20.804+0900][9.807s][debug][gc,heap        ] GC(63) Heap after GC invocations=64 (full 32):
[2026-08-02T09:17:20.804+0900][9.807s][debug][gc,heap        ] GC(63)  garbage-first heap   total 10452992K, used 645970K [0x000001f47e000000, 0x0000022b7e000000)
[2026-08-02T09:17:20.804+0900][9.807s][debug][gc,heap        ] GC(63)   region size 32768K, 5 young (163840K), 5 survivors (163840K)
[2026-08-02T09:17:20.804+0900][9.807s][debug][gc,heap        ] GC(63)  Metaspace       used 11893K, committed 12416K, reserved 1114112K
[2026-08-02T09:17:20.804+0900][9.807s][debug][gc,heap        ] GC(63)   class space    used 1092K, committed 1344K, reserved 1048576K
[2026-08-02T09:17:20.804+0900][9.807s][info ][gc             ] GC(63) Pause Young (Normal) (G1 Evacuation Pause) 1841M->630M(10208M) 25.742ms
[2026-08-02T09:17:20.804+0900][9.807s][info ][gc,cpu         ] GC(63) User=0.28s Sys=0.00s Real=0.02s
[2026-08-02T09:17:20.804+0900][9.807s][info ][safepoint      ] Safepoint "G1CollectForAllocation", Time since last: 486319400 ns, Reaching safepoint: 115000 ns, At safepoint: 25860800 ns, Total: 25975800 ns
[2026-08-02T09:17:21.813+0900][10.815s][info ][safepoint      ] Safepoint "Cleanup", Time since last: 1007825100 ns, Reaching safepoint: 158900 ns, At safepoint: 8700 ns, Total: 167600 ns
[2026-08-02T09:17:22.326+0900][11.328s][info ][gc,start       ] GC(64) Pause Young (Normal) (G1 Evacuation Pause)
[2026-08-02T09:17:22.326+0900][11.328s][debug][gc,heap        ] GC(64) Heap before GC invocations=64 (full 32):
[2026-08-02T09:17:22.326+0900][11.328s][debug][gc,heap        ] GC(64)  garbage-first heap   total 10452992K, used 2546514K [0x000001f47e000000, 0x0000022b7e000000)
[2026-08-02T09:17:22.326+0900][11.328s][debug][gc,heap        ] GC(64)   region size 32768K, 63 young (2064384K), 5 survivors (163840K)
[2026-08-02T09:17:22.326+0900][11.328s][debug][gc,heap        ] GC(64)  Metaspace       used 11901K, committed 12416K, reserved 1114112K
[2026-08-02T09:17:22.326+0900][11.328s][debug][gc,heap        ] GC(64)   class space    used 1092K, committed 1344K, reserved 1048576K
[2026-08-02T09:17:22.326+0900][11.328s][info ][gc,task        ] GC(64) Using 18 workers of 18 for evacuation
[2026-08-02T09:17:22.454+0900][11.457s][info ][gc,phases      ] GC(64)   Pre Evacuate Collection Set: 0.1ms
[2026-08-02T09:17:22.454+0900][11.457s][info ][gc,phases      ] GC(64)   Merge Heap Roots: 0.3ms
[2026-08-02T09:17:22.454+0900][11.457s][info ][gc,phases      ] GC(64)   Evacuate Collection Set: 126.4ms
[2026-08-02T09:17:22.454+0900][11.457s][info ][gc,phases      ] GC(64)   Post Evacuate Collection Set: 1.3ms
[2026-08-02T09:17:22.454+0900][11.457s][info ][gc,phases      ] GC(64)   Other: 0.1ms
[2026-08-02T09:17:22.454+0900][11.457s][info ][gc,heap        ] GC(64) Eden regions: 58->0(55)
[2026-08-02T09:17:22.454+0900][11.457s][info ][gc,heap        ] GC(64) Survivor regions: 5->8(8)
[2026-08-02T09:17:22.454+0900][11.457s][info ][gc,heap        ] GC(64) Old regions: 17->30
[2026-08-02T09:17:22.454+0900][11.457s][info ][gc,heap        ] GC(64) Archive regions: 0->0
[2026-08-02T09:17:22.454+0900][11.457s][info ][gc,heap        ] GC(64) Humongous regions: 0->0
[2026-08-02T09:17:22.454+0900][11.457s][info ][gc,metaspace   ] GC(64) Metaspace: 11901K(12416K)->11901K(12416K) NonClass: 10808K(11072K)->10808K(11072K) Class: 1092K(1344K)->1092K(1344K)
[2026-08-02T09:17:22.454+0900][11.457s][debug][gc,heap        ] GC(64) Heap after GC invocations=65 (full 32):
[2026-08-02T09:17:22.454+0900][11.457s][debug][gc,heap        ] GC(64)  garbage-first heap   total 10452992K, used 1228674K [0x000001f47e000000, 0x0000022b7e000000)
[2026-08-02T09:17:22.454+0900][11.457s][debug][gc,heap        ] GC(64)   region size 32768K, 8 young (262144K), 8 survivors (262144K)
[2026-08-02T09:17:22.454+0900][11.457s][debug][gc,heap        ] GC(64)  Metaspace       used 11901K, committed 12416K, reserved 1114112K
[2026-08-02T09:17:22.454+0900][11.457s][debug][gc,heap        ] GC(64)   class space    used 1092K, committed 1344K, reserved 1048576K
[2026-08-02T09:17:22.454+0900][11.457s][info ][gc             ] GC(64) Pause Young (Normal) (G1 Evacuation Pause) 2486M->1199M(10208M) 128.560ms
[2026-08-02T09:17:22.454+0900][11.457s][info ][gc,cpu         ] GC(64) User=2.05s Sys=0.20s Real=0.13s
[2026-08-02T09:17:22.454+0900][11.457s][info ][safepoint      ] Safepoint "G1CollectForAllocation", Time since last: 513102400 ns, Reaching safepoint: 101600 ns, At safepoint: 128618500 ns, Total: 128720100 ns
[2026-08-02T09:17:25.487+0900][14.490s][info ][safepoint      ] Safepoint "Cleanup", Time since last: 3032801600 ns, Reaching safepoint: 183000 ns, At safepoint: 9600 ns, Total: 192600 ns
[2026-08-02T09:17:32.043+0900][21.046s][info ][gc,start       ] GC(65) Pause Young (Normal) (G1 Evacuation Pause)
[2026-08-02T09:17:32.043+0900][21.046s][debug][gc,heap        ] GC(65) Heap before GC invocations=65 (full 32):
[2026-08-02T09:17:32.043+0900][21.046s][debug][gc,heap        ] GC(65)  garbage-first heap   total 10452992K, used 3030914K [0x000001f47e000000, 0x0000022b7e000000)
[2026-08-02T09:17:32.043+0900][21.046s][debug][gc,heap        ] GC(65)   region size 32768K, 63 young (2064384K), 8 survivors (262144K)
[2026-08-02T09:17:32.043+0900][21.046s][debug][gc,heap        ] GC(65)  Metaspace       used 11920K, committed 12416K, reserved 1114112K
[2026-08-02T09:17:32.043+0900][21.046s][debug][gc,heap        ] GC(65)   class space    used 1092K, committed 1344K, reserved 1048576K
[2026-08-02T09:17:32.043+0900][21.046s][info ][gc,task        ] GC(65) Using 18 workers of 18 for evacuation
[2026-08-02T09:17:32.225+0900][21.227s][info ][gc,phases      ] GC(65)   Pre Evacuate Collection Set: 0.1ms
[2026-08-02T09:17:32.225+0900][21.227s][info ][gc,phases      ] GC(65)   Merge Heap Roots: 3.1ms
[2026-08-02T09:17:32.225+0900][21.227s][info ][gc,phases      ] GC(65)   Evacuate Collection Set: 177.1ms
[2026-08-02T09:17:32.225+0900][21.228s][info ][gc,phases      ] GC(65)   Post Evacuate Collection Set: 0.9ms
[2026-08-02T09:17:32.225+0900][21.228s][info ][gc,phases      ] GC(65)   Other: 0.1ms
[2026-08-02T09:17:32.225+0900][21.228s][info ][gc,heap        ] GC(65) Eden regions: 55->0(55)
[2026-08-02T09:17:32.225+0900][21.228s][info ][gc,heap        ] GC(65) Survivor regions: 8->8(8)
[2026-08-02T09:17:32.225+0900][21.228s][info ][gc,heap        ] GC(65) Old regions: 30->56
[2026-08-02T09:17:32.225+0900][21.228s][info ][gc,heap        ] GC(65) Archive regions: 0->0
[2026-08-02T09:17:32.225+0900][21.228s][info ][gc,heap        ] GC(65) Humongous regions: 0->0
[2026-08-02T09:17:32.225+0900][21.228s][info ][gc,metaspace   ] GC(65) Metaspace: 11920K(12416K)->11920K(12416K) NonClass: 10828K(11072K)->10828K(11072K) Class: 1092K(1344K)->1092K(1344K)
[2026-08-02T09:17:32.225+0900][21.228s][debug][gc,heap        ] GC(65) Heap after GC invocations=66 (full 32):
[2026-08-02T09:17:32.225+0900][21.228s][debug][gc,heap        ] GC(65)  garbage-first heap   total 10452992K, used 2076919K [0x000001f47e000000, 0x0000022b7e000000)
[2026-08-02T09:17:32.225+0900][21.228s][debug][gc,heap        ] GC(65)   region size 32768K, 8 young (262144K), 8 survivors (262144K)
[2026-08-02T09:17:32.225+0900][21.228s][debug][gc,heap        ] GC(65)  Metaspace       used 11920K, committed 12416K, reserved 1114112K
[2026-08-02T09:17:32.225+0900][21.228s][debug][gc,heap        ] GC(65)   class space    used 1092K, committed 1344K, reserved 1048576K
[2026-08-02T09:17:32.225+0900][21.228s][info ][gc             ] GC(65) Pause Young (Normal) (G1 Evacuation Pause) 2959M->2028M(10208M) 181.747ms
[2026-08-02T09:17:32.225+0900][21.228s][info ][gc,cpu         ] GC(65) User=2.73s Sys=0.36s Real=0.18s
[2026-08-02T09:17:32.225+0900][21.228s][info ][safepoint      ] Safepoint "G1CollectForAllocation", Time since last: 6555907700 ns, Reaching safepoint: 92200 ns, At safepoint: 181806400 ns, Total: 181898600 ns
[2026-08-02T09:17:33.230+0900][22.233s][info ][safepoint      ] Safepoint "Cleanup", Time since last: 1004687700 ns, Reaching safepoint: 98100 ns, At safepoint: 12600 ns, Total: 110700 ns
[2026-08-02T09:17:34.116+0900][23.119s][info ][gc,start       ] GC(66) Pause Young (Normal) (G1 Evacuation Pause)
[2026-08-02T09:17:34.116+0900][23.119s][debug][gc,heap        ] GC(66) Heap before GC invocations=66 (full 32):
[2026-08-02T09:17:34.116+0900][23.119s][debug][gc,heap        ] GC(66)  garbage-first heap   total 10452992K, used 3879159K [0x000001f47e000000, 0x0000022b7e000000)
[2026-08-02T09:17:34.116+0900][23.119s][debug][gc,heap        ] GC(66)   region size 32768K, 63 young (2064384K), 8 survivors (262144K)
[2026-08-02T09:17:34.116+0900][23.119s][debug][gc,heap        ] GC(66)  Metaspace       used 11930K, committed 12416K, reserved 1114112K
[2026-08-02T09:17:34.116+0900][23.119s][debug][gc,heap        ] GC(66)   class space    used 1092K, committed 1344K, reserved 1048576K
[2026-08-02T09:17:34.116+0900][23.119s][info ][gc,task        ] GC(66) Using 18 workers of 18 for evacuation
[2026-08-02T09:17:34.255+0900][23.258s][info ][gc,phases      ] GC(66)   Pre Evacuate Collection Set: 0.1ms
[2026-08-02T09:17:34.255+0900][23.258s][info ][gc,phases      ] GC(66)   Merge Heap Roots: 2.5ms
[2026-08-02T09:17:34.255+0900][23.258s][info ][gc,phases      ] GC(66)   Evacuate Collection Set: 135.5ms
[2026-08-02T09:17:34.255+0900][23.258s][info ][gc,phases      ] GC(66)   Post Evacuate Collection Set: 0.5ms
[2026-08-02T09:17:34.255+0900][23.258s][info ][gc,phases      ] GC(66)   Other: 0.1ms
[2026-08-02T09:17:34.255+0900][23.258s][info ][gc,heap        ] GC(66) Eden regions: 55->0(55)
[2026-08-02T09:17:34.255+0900][23.258s][info ][gc,heap        ] GC(66) Survivor regions: 8->8(8)
[2026-08-02T09:17:34.255+0900][23.258s][info ][gc,heap        ] GC(66) Old regions: 56->81
[2026-08-02T09:17:34.255+0900][23.258s][info ][gc,heap        ] GC(66) Archive regions: 0->0
[2026-08-02T09:17:34.255+0900][23.258s][info ][gc,heap        ] GC(66) Humongous regions: 0->0
[2026-08-02T09:17:34.255+0900][23.258s][info ][gc,metaspace   ] GC(66) Metaspace: 11930K(12416K)->11930K(12416K) NonClass: 10837K(11072K)->10837K(11072K) Class: 1092K(1344K)->1092K(1344K)
[2026-08-02T09:17:34.255+0900][23.258s][debug][gc,heap        ] GC(66) Heap after GC invocations=67 (full 32):
[2026-08-02T09:17:34.255+0900][23.258s][debug][gc,heap        ] GC(66)  garbage-first heap   total 10452992K, used 2877081K [0x000001f47e000000, 0x0000022b7e000000)
[2026-08-02T09:17:34.255+0900][23.258s][debug][gc,heap        ] GC(66)   region size 32768K, 8 young (262144K), 8 survivors (262144K)
[2026-08-02T09:17:34.255+0900][23.258s][debug][gc,heap        ] GC(66)  Metaspace       used 11930K, committed 12416K, reserved 1114112K
[2026-08-02T09:17:34.255+0900][23.258s][debug][gc,heap        ] GC(66)   class space    used 1092K, committed 1344K, reserved 1048576K
[2026-08-02T09:17:34.255+0900][23.258s][info ][gc             ] GC(66) Pause Young (Normal) (G1 Evacuation Pause) 3788M->2809M(10208M) 139.109ms
[2026-08-02T09:17:34.255+0900][23.258s][info ][gc,cpu         ] GC(66) User=2.42s Sys=0.11s Real=0.14s
[2026-08-02T09:17:34.255+0900][23.258s][info ][safepoint      ] Safepoint "G1CollectForAllocation", Time since last: 886342300 ns, Reaching safepoint: 109300 ns, At safepoint: 139175700 ns, Total: 139285000 ns
[2026-08-02T09:17:35.261+0900][24.264s][info ][safepoint      ] Safepoint "Cleanup", Time since last: 1005256500 ns, Reaching safepoint: 230300 ns, At safepoint: 13200 ns, Total: 243500 ns
[2026-08-02T09:17:36.236+0900][25.238s][info ][gc,start       ] GC(67) Pause Young (Normal) (G1 Evacuation Pause)
[2026-08-02T09:17:36.236+0900][25.239s][debug][gc,heap        ] GC(67) Heap before GC invocations=67 (full 32):
[2026-08-02T09:17:36.236+0900][25.239s][debug][gc,heap        ] GC(67)  garbage-first heap   total 10452992K, used 4679321K [0x000001f47e000000, 0x0000022b7e000000)
[2026-08-02T09:17:36.236+0900][25.239s][debug][gc,heap        ] GC(67)   region size 32768K, 63 young (2064384K), 8 survivors (262144K)
[2026-08-02T09:17:36.236+0900][25.239s][debug][gc,heap        ] GC(67)  Metaspace       used 11947K, committed 12416K, reserved 1114112K
[2026-08-02T09:17:36.236+0900][25.239s][debug][gc,heap        ] GC(67)   class space    used 1092K, committed 1344K, reserved 1048576K
[2026-08-02T09:17:36.236+0900][25.239s][info ][gc,task        ] GC(67) Using 18 workers of 18 for evacuation
[2026-08-02T09:17:36.368+0900][25.371s][info ][gc,phases      ] GC(67)   Pre Evacuate Collection Set: 0.1ms
[2026-08-02T09:17:36.368+0900][25.371s][info ][gc,phases      ] GC(67)   Merge Heap Roots: 0.6ms
[2026-08-02T09:17:36.368+0900][25.371s][info ][gc,phases      ] GC(67)   Evacuate Collection Set: 120.0ms
[2026-08-02T09:17:36.368+0900][25.371s][info ][gc,phases      ] GC(67)   Post Evacuate Collection Set: 11.6ms
[2026-08-02T09:17:36.368+0900][25.371s][info ][gc,phases      ] GC(67)   Other: 0.1ms
[2026-08-02T09:17:36.368+0900][25.371s][info ][gc,heap        ] GC(67) Eden regions: 55->0(61)
[2026-08-02T09:17:36.368+0900][25.371s][info ][gc,heap        ] GC(67) Survivor regions: 8->8(8)
[2026-08-02T09:17:36.368+0900][25.371s][info ][gc,heap        ] GC(67) Old regions: 81->105
[2026-08-02T09:17:36.368+0900][25.371s][info ][gc,heap        ] GC(67) Archive regions: 0->0
[2026-08-02T09:17:36.368+0900][25.371s][info ][gc,heap        ] GC(67) Humongous regions: 0->0
[2026-08-02T09:17:36.368+0900][25.371s][info ][gc,metaspace   ] GC(67) Metaspace: 11947K(12416K)->11947K(12416K) NonClass: 10854K(11072K)->10854K(11072K) Class: 1092K(1344K)->1092K(1344K)
[2026-08-02T09:17:36.368+0900][25.371s][debug][gc,heap        ] GC(67) Heap after GC invocations=68 (full 32):
[2026-08-02T09:17:36.368+0900][25.371s][debug][gc,heap        ] GC(67)  garbage-first heap   total 16384000K, used 3671819K [0x000001f47e000000, 0x0000022b7e000000)
[2026-08-02T09:17:36.368+0900][25.371s][debug][gc,heap        ] GC(67)   region size 32768K, 8 young (262144K), 8 survivors (262144K)
[2026-08-02T09:17:36.368+0900][25.371s][debug][gc,heap        ] GC(67)  Metaspace       used 11947K, committed 12416K, reserved 1114112K
[2026-08-02T09:17:36.368+0900][25.371s][debug][gc,heap        ] GC(67)   class space    used 1092K, committed 1344K, reserved 1048576K
[2026-08-02T09:17:36.368+0900][25.371s][info ][gc             ] GC(67) Pause Young (Normal) (G1 Evacuation Pause) 4569M->3585M(16000M) 132.808ms
[2026-08-02T09:17:36.368+0900][25.371s][info ][gc,cpu         ] GC(67) User=2.23s Sys=0.02s Real=0.13s
[2026-08-02T09:17:36.369+0900][25.371s][info ][safepoint      ] Safepoint "G1CollectForAllocation", Time since last: 974740800 ns, Reaching safepoint: 51500 ns, At safepoint: 132872900 ns, Total: 132924400 ns
[2026-08-02T09:17:37.383+0900][26.386s][info ][safepoint      ] Safepoint "Cleanup", Time since last: 1014101000 ns, Reaching safepoint: 211000 ns, At safepoint: 9200 ns, Total: 220200 ns
[2026-08-02T09:17:38.389+0900][27.392s][info ][safepoint      ] Safepoint "Cleanup", Time since last: 1005771600 ns, Reaching safepoint: 143800 ns, At safepoint: 11300 ns, Total: 155100 ns
[2026-08-02T09:17:38.596+0900][27.599s][info ][gc,start       ] GC(68) Pause Full (System.gc())
[2026-08-02T09:17:38.596+0900][27.599s][debug][gc,heap        ] GC(68) Heap before GC invocations=68 (full 32):
[2026-08-02T09:17:38.596+0900][27.599s][debug][gc,heap        ] GC(68)  garbage-first heap   total 16384000K, used 5211915K [0x000001f47e000000, 0x0000022b7e000000)
[2026-08-02T09:17:38.596+0900][27.599s][debug][gc,heap        ] GC(68)   region size 32768K, 56 young (1835008K), 8 survivors (262144K)
[2026-08-02T09:17:38.596+0900][27.599s][debug][gc,heap        ] GC(68)  Metaspace       used 12085K, committed 12608K, reserved 1114112K
[2026-08-02T09:17:38.596+0900][27.599s][debug][gc,heap        ] GC(68)   class space    used 1106K, committed 1408K, reserved 1048576K
[2026-08-02T09:17:38.596+0900][27.599s][info ][gc,task        ] GC(68) Using 18 workers of 18 for full compaction
[2026-08-02T09:17:38.597+0900][27.599s][info ][gc,phases,start] GC(68) Phase 1: Mark live objects
[2026-08-02T09:17:38.747+0900][27.749s][info ][gc,phases      ] GC(68) Phase 1: Mark live objects 149.826ms
[2026-08-02T09:17:38.747+0900][27.749s][info ][gc,phases,start] GC(68) Phase 2: Prepare for compaction
[2026-08-02T09:17:38.801+0900][27.803s][info ][gc,phases      ] GC(68) Phase 2: Prepare for compaction 54.013ms
[2026-08-02T09:17:38.801+0900][27.803s][info ][gc,phases,start] GC(68) Phase 3: Adjust pointers
[2026-08-02T09:17:38.878+0900][27.881s][info ][gc,phases      ] GC(68) Phase 3: Adjust pointers 77.199ms
[2026-08-02T09:17:38.878+0900][27.881s][info ][gc,phases,start] GC(68) Phase 4: Compact heap
[2026-08-02T09:17:38.938+0900][27.941s][info ][gc,phases      ] GC(68) Phase 4: Compact heap 59.787ms
[2026-08-02T09:17:38.973+0900][27.976s][debug][gc,heap        ] GC(68) Uncommittable regions after shrink: 340
[2026-08-02T09:17:38.975+0900][27.978s][info ][gc,heap        ] GC(68) Eden regions: 48->0(32)
[2026-08-02T09:17:38.975+0900][27.978s][info ][gc,heap        ] GC(68) Survivor regions: 8->0(8)
[2026-08-02T09:17:38.975+0900][27.978s][info ][gc,heap        ] GC(68) Old regions: 105->48
[2026-08-02T09:17:38.975+0900][27.978s][info ][gc,heap        ] GC(68) Archive regions: 0->0
[2026-08-02T09:17:38.975+0900][27.978s][info ][gc,heap        ] GC(68) Humongous regions: 0->0
[2026-08-02T09:17:38.975+0900][27.978s][info ][gc,metaspace   ] GC(68) Metaspace: 12085K(12608K)->12085K(12608K) NonClass: 10979K(11200K)->10979K(11200K) Class: 1106K(1408K)->1106K(1408K)
[2026-08-02T09:17:38.975+0900][27.978s][debug][gc,heap        ] GC(68) Heap after GC invocations=69 (full 33):
[2026-08-02T09:17:38.975+0900][27.978s][debug][gc,heap        ] GC(68)  garbage-first heap   total 5242880K, used 1195629K [0x000001f47e000000, 0x0000022b7e000000)
[2026-08-02T09:17:38.975+0900][27.978s][debug][gc,heap        ] GC(68)   region size 32768K, 0 young (0K), 0 survivors (0K)
[2026-08-02T09:17:38.975+0900][27.978s][debug][gc,heap        ] GC(68)  Metaspace       used 12085K, committed 12608K, reserved 1114112K
[2026-08-02T09:17:38.975+0900][27.978s][debug][gc,heap        ] GC(68)   class space    used 1106K, committed 1408K, reserved 1048576K
[2026-08-02T09:17:38.975+0900][27.978s][info ][gc             ] GC(68) Pause Full (System.gc()) 5105M->1167M(5120M) 378.810ms
[2026-08-02T09:17:38.975+0900][27.978s][info ][gc,cpu         ] GC(68) User=4.86s Sys=0.55s Real=0.38s
[2026-08-02T09:17:38.975+0900][27.978s][info ][safepoint      ] Safepoint "G1CollectFull", Time since last: 207255900 ns, Reaching safepoint: 110500 ns, At safepoint: 378872100 ns, Total: 378982600 ns
[2026-08-02T09:17:39.895+0900][28.897s][info ][gc,start       ] GC(69) Pause Young (Normal) (G1 Evacuation Pause)
[2026-08-02T09:17:39.895+0900][28.898s][debug][gc,heap        ] GC(69) Heap before GC invocations=69 (full 33):
[2026-08-02T09:17:39.895+0900][28.898s][debug][gc,heap        ] GC(69)  garbage-first heap   total 5242880K, used 2244205K [0x000001f47e000000, 0x0000022b7e000000)
[2026-08-02T09:17:39.895+0900][28.898s][debug][gc,heap        ] GC(69)   region size 32768K, 32 young (1048576K), 0 survivors (0K)
[2026-08-02T09:17:39.895+0900][28.898s][debug][gc,heap        ] GC(69)  Metaspace       used 12094K, committed 12608K, reserved 1114112K
[2026-08-02T09:17:39.895+0900][28.898s][debug][gc,heap        ] GC(69)   class space    used 1106K, committed 1408K, reserved 1048576K
[2026-08-02T09:17:39.895+0900][28.898s][info ][gc,task        ] GC(69) Using 18 workers of 18 for evacuation
[2026-08-02T09:17:39.981+0900][28.984s][info ][gc,phases      ] GC(69)   Pre Evacuate Collection Set: 0.1ms
[2026-08-02T09:17:39.981+0900][28.984s][info ][gc,phases      ] GC(69)   Merge Heap Roots: 0.3ms
[2026-08-02T09:17:39.981+0900][28.984s][info ][gc,phases      ] GC(69)   Evacuate Collection Set: 84.8ms
[2026-08-02T09:17:39.981+0900][28.984s][info ][gc,phases      ] GC(69)   Post Evacuate Collection Set: 0.8ms
[2026-08-02T09:17:39.981+0900][28.984s][info ][gc,phases      ] GC(69)   Other: 0.1ms
[2026-08-02T09:17:39.981+0900][28.984s][info ][gc,heap        ] GC(69) Eden regions: 32->0(28)
[2026-08-02T09:17:39.981+0900][28.984s][info ][gc,heap        ] GC(69) Survivor regions: 0->4(4)
[2026-08-02T09:17:39.981+0900][28.984s][info ][gc,heap        ] GC(69) Old regions: 48->63
[2026-08-02T09:17:39.981+0900][28.984s][info ][gc,heap        ] GC(69) Archive regions: 0->0
[2026-08-02T09:17:39.981+0900][28.984s][info ][gc,heap        ] GC(69) Humongous regions: 0->0
[2026-08-02T09:17:39.981+0900][28.984s][info ][gc,metaspace   ] GC(69) Metaspace: 12094K(12608K)->12094K(12608K) NonClass: 10987K(11200K)->10987K(11200K) Class: 1106K(1408K)->1106K(1408K)
[2026-08-02T09:17:39.981+0900][28.984s][debug][gc,heap        ] GC(69) Heap after GC invocations=70 (full 33):
[2026-08-02T09:17:39.981+0900][28.984s][debug][gc,heap        ] GC(69)  garbage-first heap   total 5242880K, used 1817697K [0x000001f47e000000, 0x0000022b7e000000)
[2026-08-02T09:17:39.981+0900][28.984s][debug][gc,heap        ] GC(69)   region size 32768K, 4 young (131072K), 4 survivors (131072K)
[2026-08-02T09:17:39.981+0900][28.984s][debug][gc,heap        ] GC(69)  Metaspace       used 12094K, committed 12608K, reserved 1114112K
[2026-08-02T09:17:39.981+0900][28.984s][debug][gc,heap        ] GC(69)   class space    used 1106K, committed 1408K, reserved 1048576K
[2026-08-02T09:17:39.981+0900][28.984s][info ][gc             ] GC(69) Pause Young (Normal) (G1 Evacuation Pause) 2191M->1775M(5120M) 86.457ms
[2026-08-02T09:17:39.981+0900][28.984s][info ][gc,cpu         ] GC(69) User=1.69s Sys=0.00s Real=0.09s
[2026-08-02T09:17:39.981+0900][28.984s][info ][safepoint      ] Safepoint "G1CollectForAllocation", Time since last: 913863900 ns, Reaching safepoint: 5799600 ns, At safepoint: 86515600 ns, Total: 92315200 ns
[2026-08-02T09:17:40.850+0900][29.853s][info ][gc,start       ] GC(70) Pause Young (Normal) (G1 Evacuation Pause)
[2026-08-02T09:17:40.851+0900][29.853s][debug][gc,heap        ] GC(70) Heap before GC invocations=70 (full 33):
[2026-08-02T09:17:40.851+0900][29.853s][debug][gc,heap        ] GC(70)  garbage-first heap   total 5242880K, used 2735201K [0x000001f47e000000, 0x0000022b7e000000)
[2026-08-02T09:17:40.851+0900][29.853s][debug][gc,heap        ] GC(70)   region size 32768K, 32 young (1048576K), 4 survivors (131072K)
[2026-08-02T09:17:40.851+0900][29.853s][debug][gc,heap        ] GC(70)  Metaspace       used 12096K, committed 12608K, reserved 1114112K
[2026-08-02T09:17:40.851+0900][29.853s][debug][gc,heap        ] GC(70)   class space    used 1106K, committed 1408K, reserved 1048576K
[2026-08-02T09:17:40.851+0900][29.853s][info ][gc,task        ] GC(70) Using 18 workers of 18 for evacuation
[2026-08-02T09:17:40.960+0900][29.963s][info ][gc,phases      ] GC(70)   Pre Evacuate Collection Set: 0.1ms
[2026-08-02T09:17:40.960+0900][29.963s][info ][gc,phases      ] GC(70)   Merge Heap Roots: 2.3ms
[2026-08-02T09:17:40.960+0900][29.963s][info ][gc,phases      ] GC(70)   Evacuate Collection Set: 106.1ms
[2026-08-02T09:17:40.960+0900][29.963s][info ][gc,phases      ] GC(70)   Post Evacuate Collection Set: 0.8ms
[2026-08-02T09:17:40.960+0900][29.963s][info ][gc,phases      ] GC(70)   Other: 0.1ms
[2026-08-02T09:17:40.960+0900][29.963s][info ][gc,heap        ] GC(70) Eden regions: 28->0(23)
[2026-08-02T09:17:40.960+0900][29.963s][info ][gc,heap        ] GC(70) Survivor regions: 4->4(4)
[2026-08-02T09:17:40.960+0900][29.963s][info ][gc,heap        ] GC(70) Old regions: 63->83
[2026-08-02T09:17:40.960+0900][29.963s][info ][gc,heap        ] GC(70) Archive regions: 0->0
[2026-08-02T09:17:40.960+0900][29.963s][info ][gc,heap        ] GC(70) Humongous regions: 0->0
[2026-08-02T09:17:40.960+0900][29.963s][info ][gc,metaspace   ] GC(70) Metaspace: 12096K(12608K)->12096K(12608K) NonClass: 10989K(11200K)->10989K(11200K) Class: 1106K(1408K)->1106K(1408K)
[2026-08-02T09:17:40.960+0900][29.963s][debug][gc,heap        ] GC(70) Heap after GC invocations=71 (full 33):
[2026-08-02T09:17:40.960+0900][29.963s][debug][gc,heap        ] GC(70)  garbage-first heap   total 5242880K, used 2457241K [0x000001f47e000000, 0x0000022b7e000000)
[2026-08-02T09:17:40.960+0900][29.963s][debug][gc,heap        ] GC(70)   region size 32768K, 4 young (131072K), 4 survivors (131072K)
[2026-08-02T09:17:40.960+0900][29.963s][debug][gc,heap        ] GC(70)  Metaspace       used 12096K, committed 12608K, reserved 1114112K
[2026-08-02T09:17:40.960+0900][29.963s][debug][gc,heap        ] GC(70)   class space    used 1106K, committed 1408K, reserved 1048576K
[2026-08-02T09:17:40.960+0900][29.963s][info ][gc             ] GC(70) Pause Young (Normal) (G1 Evacuation Pause) 2671M->2399M(5120M) 109.779ms
[2026-08-02T09:17:40.960+0900][29.963s][info ][gc,cpu         ] GC(70) User=1.95s Sys=0.02s Real=0.11s
[2026-08-02T09:17:40.960+0900][29.963s][info ][safepoint      ] Safepoint "G1CollectForAllocation", Time since last: 863814600 ns, Reaching safepoint: 5499900 ns, At safepoint: 109836400 ns, Total: 115336300 ns
[2026-08-02T09:17:41.187+0900][30.190s][debug][gc,heap        ] Concurrent Uncommit Summary: 10880M, 340 regions, 368.706ms
[2026-08-02T09:17:42.413+0900][31.416s][info ][gc,start       ] GC(71) Pause Young (Concurrent Start) (G1 Evacuation Pause)
[2026-08-02T09:17:42.413+0900][31.416s][debug][gc,heap        ] GC(71) Heap before GC invocations=71 (full 33):
[2026-08-02T09:17:42.413+0900][31.416s][debug][gc,heap        ] GC(71)  garbage-first heap   total 5242880K, used 3210905K [0x000001f47e000000, 0x0000022b7e000000)
[2026-08-02T09:17:42.413+0900][31.416s][debug][gc,heap        ] GC(71)   region size 32768K, 27 young (884736K), 4 survivors (131072K)
[2026-08-02T09:17:42.413+0900][31.416s][debug][gc,heap        ] GC(71)  Metaspace       used 12167K, committed 12736K, reserved 1114112K
[2026-08-02T09:17:42.413+0900][31.416s][debug][gc,heap        ] GC(71)   class space    used 1113K, committed 1408K, reserved 1048576K
[2026-08-02T09:17:42.413+0900][31.416s][info ][gc,task        ] GC(71) Using 18 workers of 18 for evacuation
[2026-08-02T09:17:42.470+0900][31.472s][info ][gc,phases      ] GC(71)   Pre Evacuate Collection Set: 0.3ms
[2026-08-02T09:17:42.470+0900][31.472s][info ][gc,phases      ] GC(71)   Merge Heap Roots: 1.6ms
[2026-08-02T09:17:42.470+0900][31.472s][info ][gc,phases      ] GC(71)   Evacuate Collection Set: 53.7ms
[2026-08-02T09:17:42.470+0900][31.472s][info ][gc,phases      ] GC(71)   Post Evacuate Collection Set: 1.0ms
[2026-08-02T09:17:42.470+0900][31.472s][info ][gc,phases      ] GC(71)   Other: 0.1ms
[2026-08-02T09:17:42.470+0900][31.473s][info ][gc,heap        ] GC(71) Eden regions: 23->0(21)
[2026-08-02T09:17:42.470+0900][31.473s][info ][gc,heap        ] GC(71) Survivor regions: 4->4(4)
[2026-08-02T09:17:42.470+0900][31.473s][info ][gc,heap        ] GC(71) Old regions: 83->90
[2026-08-02T09:17:42.470+0900][31.473s][info ][gc,heap        ] GC(71) Archive regions: 0->0
[2026-08-02T09:17:42.470+0900][31.473s][info ][gc,heap        ] GC(71) Humongous regions: 0->0
[2026-08-02T09:17:42.470+0900][31.473s][info ][gc,metaspace   ] GC(71) Metaspace: 12167K(12736K)->12167K(12736K) NonClass: 11053K(11328K)->11053K(11328K) Class: 1113K(1408K)->1113K(1408K)
[2026-08-02T09:17:42.470+0900][31.473s][debug][gc,heap        ] GC(71) Heap after GC invocations=72 (full 33):
[2026-08-02T09:17:42.470+0900][31.473s][debug][gc,heap        ] GC(71)  garbage-first heap   total 5242880K, used 2676265K [0x000001f47e000000, 0x0000022b7e000000)
[2026-08-02T09:17:42.470+0900][31.473s][debug][gc,heap        ] GC(71)   region size 32768K, 4 young (131072K), 4 survivors (131072K)
[2026-08-02T09:17:42.470+0900][31.473s][debug][gc,heap        ] GC(71)  Metaspace       used 12167K, committed 12736K, reserved 1114112K
[2026-08-02T09:17:42.470+0900][31.473s][debug][gc,heap        ] GC(71)   class space    used 1113K, committed 1408K, reserved 1048576K
[2026-08-02T09:17:42.470+0900][31.473s][info ][gc             ] GC(71) Pause Young (Concurrent Start) (G1 Evacuation Pause) 3135M->2613M(5120M) 57.084ms
[2026-08-02T09:17:42.470+0900][31.473s][info ][gc,cpu         ] GC(71) User=1.06s Sys=0.06s Real=0.06s
[2026-08-02T09:17:42.470+0900][31.473s][info ][gc             ] GC(72) Concurrent Mark Cycle
[2026-08-02T09:17:42.470+0900][31.473s][info ][safepoint      ] Safepoint "G1CollectForAllocation", Time since last: 1452381100 ns, Reaching safepoint: 53500 ns, At safepoint: 57156700 ns, Total: 57210200 ns
[2026-08-02T09:17:42.470+0900][31.473s][info ][gc,marking     ] GC(72) Concurrent Clear Claimed Marks
[2026-08-02T09:17:42.470+0900][31.473s][info ][gc,marking     ] GC(72) Concurrent Clear Claimed Marks 0.066ms
[2026-08-02T09:17:42.470+0900][31.473s][info ][gc,marking     ] GC(72) Concurrent Scan Root Regions
[2026-08-02T09:17:42.542+0900][31.545s][info ][gc,marking     ] GC(72) Concurrent Scan Root Regions 72.303ms
[2026-08-02T09:17:42.542+0900][31.545s][info ][gc,marking     ] GC(72) Concurrent Mark
[2026-08-02T09:17:42.542+0900][31.545s][info ][gc,marking     ] GC(72) Concurrent Mark From Roots
[2026-08-02T09:17:42.542+0900][31.545s][info ][gc,task        ] GC(72) Using 5 workers of 5 for marking
[2026-08-02T09:17:42.989+0900][31.992s][info ][gc,marking     ] GC(72) Concurrent Mark From Roots 446.614ms
[2026-08-02T09:17:42.989+0900][31.992s][info ][gc,marking     ] GC(72) Concurrent Preclean
[2026-08-02T09:17:42.989+0900][31.992s][info ][gc,marking     ] GC(72) Concurrent Preclean 0.035ms
[2026-08-02T09:17:42.989+0900][31.992s][info ][gc,start       ] GC(72) Pause Remark
[2026-08-02T09:17:42.992+0900][31.994s][info ][gc             ] GC(72) Pause Remark 2898M->2866M(5440M) 2.394ms
[2026-08-02T09:17:42.992+0900][31.995s][info ][gc,cpu         ] GC(72) User=0.00s Sys=0.00s Real=0.00s
[2026-08-02T09:17:42.992+0900][31.995s][info ][safepoint      ] Safepoint "G1Concurrent", Time since last: 519262300 ns, Reaching safepoint: 104800 ns, At safepoint: 2458500 ns, Total: 2563300 ns
[2026-08-02T09:17:42.992+0900][31.995s][info ][gc,marking     ] GC(72) Concurrent Mark 449.349ms
[2026-08-02T09:17:42.992+0900][31.995s][info ][gc,marking     ] GC(72) Concurrent Rebuild Remembered Sets
[2026-08-02T09:17:43.257+0900][32.260s][info ][gc,marking     ] GC(72) Concurrent Rebuild Remembered Sets 265.342ms
[2026-08-02T09:17:43.257+0900][32.260s][info ][gc,start       ] GC(72) Pause Cleanup
[2026-08-02T09:17:43.258+0900][32.260s][debug][gc,ergo,cset   ] GC(72) Pruned 22 regions out of 38, leaving 263804152 bytes waste (allowed 285212672)
[2026-08-02T09:17:43.258+0900][32.260s][info ][gc             ] GC(72) Pause Cleanup 2965M->2965M(5440M) 0.226ms
[2026-08-02T09:17:43.258+0900][32.260s][info ][gc,cpu         ] GC(72) User=0.00s Sys=0.00s Real=0.00s
[2026-08-02T09:17:43.258+0900][32.260s][info ][safepoint      ] Safepoint "G1Concurrent", Time since last: 265507100 ns, Reaching safepoint: 116300 ns, At safepoint: 268000 ns, Total: 384300 ns
[2026-08-02T09:17:43.258+0900][32.260s][info ][gc,marking     ] GC(72) Concurrent Cleanup for Next Mark
[2026-08-02T09:17:43.264+0900][32.267s][info ][gc,marking     ] GC(72) Concurrent Cleanup for Next Mark 6.727ms
[2026-08-02T09:17:43.264+0900][32.267s][info ][gc             ] GC(72) Concurrent Mark Cycle 794.586ms
[2026-08-02T09:17:43.858+0900][32.861s][info ][gc,start       ] GC(73) Pause Young (Prepare Mixed) (G1 Evacuation Pause)
[2026-08-02T09:17:43.858+0900][32.861s][debug][gc,heap        ] GC(73) Heap before GC invocations=73 (full 33):
[2026-08-02T09:17:43.858+0900][32.861s][debug][gc,heap        ] GC(73)  garbage-first heap   total 5570560K, used 3331625K [0x000001f47e000000, 0x0000022b7e000000)
[2026-08-02T09:17:43.858+0900][32.861s][debug][gc,heap        ] GC(73)   region size 32768K, 25 young (819200K), 4 survivors (131072K)
[2026-08-02T09:17:43.858+0900][32.861s][debug][gc,heap        ] GC(73)  Metaspace       used 12228K, committed 12800K, reserved 1114112K
[2026-08-02T09:17:43.858+0900][32.861s][debug][gc,heap        ] GC(73)   class space    used 1122K, committed 1408K, reserved 1048576K
[2026-08-02T09:17:43.858+0900][32.861s][info ][gc,task        ] GC(73) Using 18 workers of 18 for evacuation
[2026-08-02T09:17:43.895+0900][32.898s][info ][gc,phases      ] GC(73)   Pre Evacuate Collection Set: 0.1ms
[2026-08-02T09:17:43.895+0900][32.898s][info ][gc,phases      ] GC(73)   Merge Heap Roots: 0.8ms
[2026-08-02T09:17:43.895+0900][32.898s][info ][gc,phases      ] GC(73)   Evacuate Collection Set: 35.0ms
[2026-08-02T09:17:43.895+0900][32.898s][info ][gc,phases      ] GC(73)   Post Evacuate Collection Set: 0.6ms
[2026-08-02T09:17:43.895+0900][32.898s][info ][gc,phases      ] GC(73)   Other: 0.1ms
[2026-08-02T09:17:43.895+0900][32.898s][info ][gc,heap        ] GC(73) Eden regions: 21->0(4)
[2026-08-02T09:17:43.895+0900][32.898s][info ][gc,heap        ] GC(73) Survivor regions: 4->4(4)
[2026-08-02T09:17:43.895+0900][32.898s][info ][gc,heap        ] GC(73) Old regions: 89->93
[2026-08-02T09:17:43.895+0900][32.898s][info ][gc,heap        ] GC(73) Archive regions: 0->0
[2026-08-02T09:17:43.895+0900][32.898s][info ][gc,heap        ] GC(73) Humongous regions: 0->0
[2026-08-02T09:17:43.895+0900][32.898s][info ][gc,metaspace   ] GC(73) Metaspace: 12228K(12800K)->12228K(12800K) NonClass: 11106K(11392K)->11106K(11392K) Class: 1122K(1408K)->1122K(1408K)
[2026-08-02T09:17:43.895+0900][32.898s][debug][gc,heap        ] GC(73) Heap after GC invocations=74 (full 33):
[2026-08-02T09:17:43.895+0900][32.898s][debug][gc,heap        ] GC(73)  garbage-first heap   total 5570560K, used 2794730K [0x000001f47e000000, 0x0000022b7e000000)
[2026-08-02T09:17:43.895+0900][32.898s][debug][gc,heap        ] GC(73)   region size 32768K, 4 young (131072K), 4 survivors (131072K)
[2026-08-02T09:17:43.895+0900][32.898s][debug][gc,heap        ] GC(73)  Metaspace       used 12228K, committed 12800K, reserved 1114112K
[2026-08-02T09:17:43.895+0900][32.898s][debug][gc,heap        ] GC(73)   class space    used 1122K, committed 1408K, reserved 1048576K
[2026-08-02T09:17:43.895+0900][32.898s][info ][gc             ] GC(73) Pause Young (Prepare Mixed) (G1 Evacuation Pause) 3253M->2729M(5440M) 36.909ms
[2026-08-02T09:17:43.895+0900][32.898s][info ][gc,cpu         ] GC(73) User=0.56s Sys=0.00s Real=0.04s
[2026-08-02T09:17:43.895+0900][32.898s][info ][safepoint      ] Safepoint "G1CollectForAllocation", Time since last: 600464400 ns, Reaching safepoint: 107500 ns, At safepoint: 36970100 ns, Total: 37077600 ns
[2026-08-02T09:17:44.022+0900][33.025s][info ][gc,start       ] GC(74) Pause Young (Mixed) (G1 Evacuation Pause)
[2026-08-02T09:17:44.022+0900][33.025s][debug][gc,heap        ] GC(74) Heap before GC invocations=74 (full 33):
[2026-08-02T09:17:44.022+0900][33.025s][debug][gc,heap        ] GC(74)  garbage-first heap   total 5570560K, used 2925802K [0x000001f47e000000, 0x0000022b7e000000)
[2026-08-02T09:17:44.022+0900][33.025s][debug][gc,heap        ] GC(74)   region size 32768K, 8 young (262144K), 4 survivors (131072K)
[2026-08-02T09:17:44.022+0900][33.025s][debug][gc,heap        ] GC(74)  Metaspace       used 12233K, committed 12800K, reserved 1114112K
[2026-08-02T09:17:44.022+0900][33.025s][debug][gc,heap        ] GC(74)   class space    used 1122K, committed 1408K, reserved 1048576K
[2026-08-02T09:17:44.022+0900][33.025s][info ][gc,task        ] GC(74) Using 18 workers of 18 for evacuation
[2026-08-02T09:17:44.022+0900][33.025s][debug][gc,ergo,cset   ] GC(74) Start adding old regions to collection set. Min 2 regions, max 17 regions, time remaining 166.09ms, optional threshold 33.22ms
[2026-08-02T09:17:44.022+0900][33.025s][debug][gc,ergo,cset   ] GC(74) Old candidate collection set empty.
[2026-08-02T09:17:44.022+0900][33.025s][debug][gc,ergo,cset   ] GC(74) Finish choosing collection set old regions. Initial: 16, optional: 0, predicted old time: 0.00ms, predicted optional time: 0.00ms, time remaining: 132.64
[2026-08-02T09:17:44.065+0900][33.068s][info ][gc,phases      ] GC(74)   Pre Evacuate Collection Set: 0.1ms
[2026-08-02T09:17:44.065+0900][33.068s][info ][gc,phases      ] GC(74)   Merge Heap Roots: 0.8ms
[2026-08-02T09:17:44.065+0900][33.068s][info ][gc,phases      ] GC(74)   Evacuate Collection Set: 31.3ms
[2026-08-02T09:17:44.065+0900][33.068s][info ][gc,phases      ] GC(74)   Post Evacuate Collection Set: 10.7ms
[2026-08-02T09:17:44.065+0900][33.068s][info ][gc,phases      ] GC(74)   Other: 0.1ms
[2026-08-02T09:17:44.065+0900][33.068s][info ][gc,heap        ] GC(74) Eden regions: 4->0(67)
[2026-08-02T09:17:44.065+0900][33.068s][info ][gc,heap        ] GC(74) Survivor regions: 4->1(1)
[2026-08-02T09:17:44.065+0900][33.068s][info ][gc,heap        ] GC(74) Old regions: 93->84
[2026-08-02T09:17:44.065+0900][33.068s][info ][gc,heap        ] GC(74) Archive regions: 0->0
[2026-08-02T09:17:44.065+0900][33.068s][info ][gc,heap        ] GC(74) Humongous regions: 0->0
[2026-08-02T09:17:44.065+0900][33.068s][info ][gc,metaspace   ] GC(74) Metaspace: 12233K(12800K)->12233K(12800K) NonClass: 11110K(11392K)->11110K(11392K) Class: 1122K(1408K)->1122K(1408K)
[2026-08-02T09:17:44.065+0900][33.068s][debug][gc,heap        ] GC(74) Heap after GC invocations=75 (full 33):
[2026-08-02T09:17:44.065+0900][33.068s][debug][gc,heap        ] GC(74)  garbage-first heap   total 11141120K, used 2671718K [0x000001f47e000000, 0x0000022b7e000000)
[2026-08-02T09:17:44.065+0900][33.068s][debug][gc,heap        ] GC(74)   region size 32768K, 1 young (32768K), 1 survivors (32768K)
[2026-08-02T09:17:44.065+0900][33.068s][debug][gc,heap        ] GC(74)  Metaspace       used 12233K, committed 12800K, reserved 1114112K
[2026-08-02T09:17:44.065+0900][33.068s][debug][gc,heap        ] GC(74)   class space    used 1122K, committed 1408K, reserved 1048576K
[2026-08-02T09:17:44.065+0900][33.068s][info ][gc             ] GC(74) Pause Young (Mixed) (G1 Evacuation Pause) 2857M->2609M(10880M) 43.381ms
[2026-08-02T09:17:44.065+0900][33.068s][info ][gc,cpu         ] GC(74) User=0.58s Sys=0.02s Real=0.04s
[2026-08-02T09:17:44.065+0900][33.068s][info ][safepoint      ] Safepoint "G1CollectForAllocation", Time since last: 126577100 ns, Reaching safepoint: 75500 ns, At safepoint: 43480300 ns, Total: 43555800 ns
[2026-08-02T09:17:44.607+0900][33.609s][info ][gc,start       ] GC(75) Pause Young (Normal) (G1 Evacuation Pause)
[2026-08-02T09:17:44.607+0900][33.609s][debug][gc,heap        ] GC(75) Heap before GC invocations=75 (full 33):
[2026-08-02T09:17:44.607+0900][33.609s][debug][gc,heap        ] GC(75)  garbage-first heap   total 11141120K, used 4867174K [0x000001f47e000000, 0x0000022b7e000000)
[2026-08-02T09:17:44.607+0900][33.609s][debug][gc,heap        ] GC(75)   region size 32768K, 68 young (2228224K), 1 survivors (32768K)
[2026-08-02T09:17:44.607+0900][33.609s][debug][gc,heap        ] GC(75)  Metaspace       used 12240K, committed 12800K, reserved 1114112K
[2026-08-02T09:17:44.607+0900][33.609s][debug][gc,heap        ] GC(75)   class space    used 1122K, committed 1408K, reserved 1048576K
[2026-08-02T09:17:44.607+0900][33.609s][info ][gc,task        ] GC(75) Using 18 workers of 18 for evacuation
[2026-08-02T09:17:44.612+0900][33.615s][info ][gc,phases      ] GC(75)   Pre Evacuate Collection Set: 0.1ms
[2026-08-02T09:17:44.612+0900][33.615s][info ][gc,phases      ] GC(75)   Merge Heap Roots: 0.5ms
[2026-08-02T09:17:44.612+0900][33.615s][info ][gc,phases      ] GC(75)   Evacuate Collection Set: 4.2ms
[2026-08-02T09:17:44.612+0900][33.615s][info ][gc,phases      ] GC(75)   Post Evacuate Collection Set: 0.3ms
[2026-08-02T09:17:44.612+0900][33.615s][info ][gc,phases      ] GC(75)   Other: 0.1ms
[2026-08-02T09:17:44.612+0900][33.615s][info ][gc,heap        ] GC(75) Eden regions: 67->0(67)
[2026-08-02T09:17:44.612+0900][33.615s][info ][gc,heap        ] GC(75) Survivor regions: 1->1(9)
[2026-08-02T09:17:44.612+0900][33.615s][info ][gc,heap        ] GC(75) Old regions: 84->84
[2026-08-02T09:17:44.612+0900][33.615s][info ][gc,heap        ] GC(75) Archive regions: 0->0
[2026-08-02T09:17:44.612+0900][33.615s][info ][gc,heap        ] GC(75) Humongous regions: 0->0
[2026-08-02T09:17:44.612+0900][33.615s][info ][gc,metaspace   ] GC(75) Metaspace: 12240K(12800K)->12240K(12800K) NonClass: 11117K(11392K)->11117K(11392K) Class: 1122K(1408K)->1122K(1408K)
[2026-08-02T09:17:44.612+0900][33.615s][debug][gc,heap        ] GC(75) Heap after GC invocations=76 (full 33):
[2026-08-02T09:17:44.612+0900][33.615s][debug][gc,heap        ] GC(75)  garbage-first heap   total 11141120K, used 2657332K [0x000001f47e000000, 0x0000022b7e000000)
[2026-08-02T09:17:44.612+0900][33.615s][debug][gc,heap        ] GC(75)   region size 32768K, 1 young (32768K), 1 survivors (32768K)
[2026-08-02T09:17:44.612+0900][33.615s][debug][gc,heap        ] GC(75)  Metaspace       used 12240K, committed 12800K, reserved 1114112K
[2026-08-02T09:17:44.612+0900][33.615s][debug][gc,heap        ] GC(75)   class space    used 1122K, committed 1408K, reserved 1048576K
[2026-08-02T09:17:44.612+0900][33.615s][info ][gc             ] GC(75) Pause Young (Normal) (G1 Evacuation Pause) 4753M->2595M(10880M) 5.671ms
[2026-08-02T09:17:44.612+0900][33.615s][info ][gc,cpu         ] GC(75) User=0.00s Sys=0.00s Real=0.00s
[2026-08-02T09:17:44.612+0900][33.615s][info ][safepoint      ] Safepoint "G1CollectForAllocation", Time since last: 541116800 ns, Reaching safepoint: 107900 ns, At safepoint: 5744100 ns, Total: 5852000 ns
[2026-08-02T09:17:45.556+0900][34.559s][info ][gc,start       ] GC(76) Pause Young (Normal) (G1 Evacuation Pause)
[2026-08-02T09:17:45.557+0900][34.559s][debug][gc,heap        ] GC(76) Heap before GC invocations=76 (full 33):
[2026-08-02T09:17:45.557+0900][34.559s][debug][gc,heap        ] GC(76)  garbage-first heap   total 11141120K, used 4852788K [0x000001f47e000000, 0x0000022b7e000000)
[2026-08-02T09:17:45.557+0900][34.559s][debug][gc,heap        ] GC(76)   region size 32768K, 68 young (2228224K), 1 survivors (32768K)
[2026-08-02T09:17:45.557+0900][34.559s][debug][gc,heap        ] GC(76)  Metaspace       used 12247K, committed 12800K, reserved 1114112K
[2026-08-02T09:17:45.557+0900][34.559s][debug][gc,heap        ] GC(76)   class space    used 1122K, committed 1408K, reserved 1048576K
[2026-08-02T09:17:45.557+0900][34.559s][info ][gc,task        ] GC(76) Using 18 workers of 18 for evacuation
[2026-08-02T09:17:45.585+0900][34.588s][info ][gc,phases      ] GC(76)   Pre Evacuate Collection Set: 0.1ms
[2026-08-02T09:17:45.585+0900][34.588s][info ][gc,phases      ] GC(76)   Merge Heap Roots: 0.7ms
[2026-08-02T09:17:45.585+0900][34.588s][info ][gc,phases      ] GC(76)   Evacuate Collection Set: 27.0ms
[2026-08-02T09:17:45.585+0900][34.588s][info ][gc,phases      ] GC(76)   Post Evacuate Collection Set: 0.5ms
[2026-08-02T09:17:45.585+0900][34.588s][info ][gc,phases      ] GC(76)   Other: 0.1ms
[2026-08-02T09:17:45.585+0900][34.588s][info ][gc,heap        ] GC(76) Eden regions: 67->0(65)
[2026-08-02T09:17:45.585+0900][34.588s][info ][gc,heap        ] GC(76) Survivor regions: 1->3(9)
[2026-08-02T09:17:45.585+0900][34.588s][info ][gc,heap        ] GC(76) Old regions: 84->84
[2026-08-02T09:17:45.585+0900][34.588s][info ][gc,heap        ] GC(76) Archive regions: 0->0
[2026-08-02T09:17:45.585+0900][34.588s][info ][gc,heap        ] GC(76) Humongous regions: 0->0
[2026-08-02T09:17:45.585+0900][34.588s][info ][gc,metaspace   ] GC(76) Metaspace: 12247K(12800K)->12247K(12800K) NonClass: 11124K(11392K)->11124K(11392K) Class: 1122K(1408K)->1122K(1408K)
[2026-08-02T09:17:45.585+0900][34.588s][debug][gc,heap        ] GC(76) Heap after GC invocations=77 (full 33):
[2026-08-02T09:17:45.585+0900][34.588s][debug][gc,heap        ] GC(76)  garbage-first heap   total 11141120K, used 2735895K [0x000001f47e000000, 0x0000022b7e000000)
[2026-08-02T09:17:45.585+0900][34.588s][debug][gc,heap        ] GC(76)   region size 32768K, 3 young (98304K), 3 survivors (98304K)
[2026-08-02T09:17:45.585+0900][34.588s][debug][gc,heap        ] GC(76)  Metaspace       used 12247K, committed 12800K, reserved 1114112K
[2026-08-02T09:17:45.585+0900][34.588s][debug][gc,heap        ] GC(76)   class space    used 1122K, committed 1408K, reserved 1048576K
[2026-08-02T09:17:45.585+0900][34.588s][info ][gc             ] GC(76) Pause Young (Normal) (G1 Evacuation Pause) 4739M->2671M(10880M) 28.749ms
[2026-08-02T09:17:45.585+0900][34.588s][info ][gc,cpu         ] GC(76) User=0.48s Sys=0.08s Real=0.03s
[2026-08-02T09:17:45.585+0900][34.588s][info ][safepoint      ] Safepoint "G1CollectForAllocation", Time since last: 944109100 ns, Reaching safepoint: 99500 ns, At safepoint: 28802700 ns, Total: 28902200 ns
[2026-08-02T09:17:46.593+0900][35.596s][info ][safepoint      ] Safepoint "Cleanup", Time since last: 1007305200 ns, Reaching safepoint: 134500 ns, At safepoint: 13400 ns, Total: 147900 ns
[2026-08-02T09:17:47.076+0900][36.079s][info ][gc,start       ] GC(77) Pause Young (Normal) (G1 Evacuation Pause)
[2026-08-02T09:17:47.076+0900][36.079s][debug][gc,heap        ] GC(77) Heap before GC invocations=77 (full 33):
[2026-08-02T09:17:47.076+0900][36.079s][debug][gc,heap        ] GC(77)  garbage-first heap   total 11141120K, used 4865815K [0x000001f47e000000, 0x0000022b7e000000)
[2026-08-02T09:17:47.076+0900][36.079s][debug][gc,heap        ] GC(77)   region size 32768K, 68 young (2228224K), 3 survivors (98304K)
[2026-08-02T09:17:47.076+0900][36.079s][debug][gc,heap        ] GC(77)  Metaspace       used 12252K, committed 12800K, reserved 1114112K
[2026-08-02T09:17:47.076+0900][36.079s][debug][gc,heap        ] GC(77)   class space    used 1122K, committed 1408K, reserved 1048576K
[2026-08-02T09:17:47.076+0900][36.079s][info ][gc,task        ] GC(77) Using 18 workers of 18 for evacuation
[2026-08-02T09:17:47.235+0900][36.238s][info ][gc,phases      ] GC(77)   Pre Evacuate Collection Set: 0.1ms
[2026-08-02T09:17:47.235+0900][36.238s][info ][gc,phases      ] GC(77)   Merge Heap Roots: 0.6ms
[2026-08-02T09:17:47.235+0900][36.238s][info ][gc,phases      ] GC(77)   Evacuate Collection Set: 156.7ms
[2026-08-02T09:17:47.235+0900][36.238s][info ][gc,phases      ] GC(77)   Post Evacuate Collection Set: 1.2ms
[2026-08-02T09:17:47.235+0900][36.238s][info ][gc,phases      ] GC(77)   Other: 0.1ms
[2026-08-02T09:17:47.235+0900][36.238s][info ][gc,heap        ] GC(77) Eden regions: 65->0(59)
[2026-08-02T09:17:47.235+0900][36.238s][info ][gc,heap        ] GC(77) Survivor regions: 3->9(9)
[2026-08-02T09:17:47.235+0900][36.238s][info ][gc,heap        ] GC(77) Old regions: 84->106
[2026-08-02T09:17:47.235+0900][36.238s][info ][gc,heap        ] GC(77) Archive regions: 0->0
[2026-08-02T09:17:47.235+0900][36.238s][info ][gc,heap        ] GC(77) Humongous regions: 0->0
[2026-08-02T09:17:47.235+0900][36.238s][info ][gc,metaspace   ] GC(77) Metaspace: 12252K(12800K)->12252K(12800K) NonClass: 11129K(11392K)->11129K(11392K) Class: 1122K(1408K)->1122K(1408K)
[2026-08-02T09:17:47.235+0900][36.238s][debug][gc,heap        ] GC(77) Heap after GC invocations=78 (full 33):
[2026-08-02T09:17:47.235+0900][36.238s][debug][gc,heap        ] GC(77)  garbage-first heap   total 11141120K, used 3643418K [0x000001f47e000000, 0x0000022b7e000000)
[2026-08-02T09:17:47.235+0900][36.238s][debug][gc,heap        ] GC(77)   region size 32768K, 9 young (294912K), 9 survivors (294912K)
[2026-08-02T09:17:47.235+0900][36.238s][debug][gc,heap        ] GC(77)  Metaspace       used 12252K, committed 12800K, reserved 1114112K
[2026-08-02T09:17:47.235+0900][36.238s][debug][gc,heap        ] GC(77)   class space    used 1122K, committed 1408K, reserved 1048576K
[2026-08-02T09:17:47.235+0900][36.238s][info ][gc             ] GC(77) Pause Young (Normal) (G1 Evacuation Pause) 4751M->3558M(10880M) 159.313ms
[2026-08-02T09:17:47.235+0900][36.238s][info ][gc,cpu         ] GC(77) User=2.70s Sys=0.11s Real=0.16s
[2026-08-02T09:17:47.235+0900][36.238s][info ][safepoint      ] Safepoint "G1CollectForAllocation", Time since last: 483212000 ns, Reaching safepoint: 107400 ns, At safepoint: 159377800 ns, Total: 159485200 ns
[2026-08-02T09:17:48.238+0900][37.240s][info ][safepoint      ] Safepoint "Cleanup", Time since last: 1002168800 ns, Reaching safepoint: 85100 ns, At safepoint: 9400 ns, Total: 94500 ns
[2026-08-02T09:18:11.428+0900][60.431s][info ][safepoint      ] Safepoint "PrintThreads", Time since last: 23189951500 ns, Reaching safepoint: 127500 ns, At safepoint: 507100 ns, Total: 634600 ns
[2026-08-02T09:18:11.429+0900][60.432s][info ][safepoint      ] Safepoint "FindDeadlocks", Time since last: 73700 ns, Reaching safepoint: 48100 ns, At safepoint: 476500 ns, Total: 524600 ns
[2026-08-02T09:18:46.648+0900][95.651s][info ][safepoint      ] Safepoint "Cleanup", Time since last: 35218712900 ns, Reaching safepoint: 196100 ns, At safepoint: 11100 ns, Total: 207200 ns
[2026-08-02T09:19:11.437+0900][120.440s][info ][safepoint      ] Safepoint "PrintThreads", Time since last: 24788890200 ns, Reaching safepoint: 111900 ns, At safepoint: 504800 ns, Total: 616700 ns
[2026-08-02T09:19:11.437+0900][120.440s][info ][safepoint      ] Safepoint "FindDeadlocks", Time since last: 75900 ns, Reaching safepoint: 46200 ns, At safepoint: 11000 ns, Total: 57200 ns
[2026-08-02T09:20:04.755+0900][173.757s][info ][safepoint      ] Safepoint "Cleanup", Time since last: 53316554000 ns, Reaching safepoint: 132200 ns, At safepoint: 9800 ns, Total: 142000 ns
[2026-08-02T09:20:11.437+0900][180.439s][info ][safepoint      ] Safepoint "PrintThreads", Time since last: 6681927500 ns, Reaching safepoint: 118200 ns, At safepoint: 506100 ns, Total: 624300 ns
[2026-08-02T09:20:11.437+0900][180.440s][info ][safepoint      ] Safepoint "FindDeadlocks", Time since last: 80100 ns, Reaching safepoint: 49900 ns, At safepoint: 10100 ns, Total: 60000 ns
[2026-08-02T09:21:11.438+0900][240.440s][info ][safepoint      ] Safepoint "PrintThreads", Time since last: 60000241400 ns, Reaching safepoint: 115600 ns, At safepoint: 510000 ns, Total: 625600 ns
[2026-08-02T09:21:11.438+0900][240.441s][info ][safepoint      ] Safepoint "FindDeadlocks", Time since last: 77100 ns, Reaching safepoint: 52600 ns, At safepoint: 11000 ns, Total: 63600 ns
[2026-08-02T09:22:11.438+0900][300.440s][info ][safepoint      ] Safepoint "PrintThreads", Time since last: 59999186100 ns, Reaching safepoint: 146800 ns, At safepoint: 525000 ns, Total: 671800 ns
[2026-08-02T09:22:11.438+0900][300.441s][info ][safepoint      ] Safepoint "FindDeadlocks", Time since last: 79100 ns, Reaching safepoint: 54100 ns, At safepoint: 11300 ns, Total: 65400 ns
[2026-08-02T09:23:11.445+0900][360.448s][info ][safepoint      ] Safepoint "PrintThreads", Time since last: 60006191200 ns, Reaching safepoint: 139000 ns, At safepoint: 552600 ns, Total: 691600 ns
[2026-08-02T09:23:11.446+0900][360.448s][info ][safepoint      ] Safepoint "FindDeadlocks", Time since last: 91300 ns, Reaching safepoint: 138800 ns, At safepoint: 13100 ns, Total: 151900 ns
[2026-08-02T09:24:11.453+0900][420.455s][info ][safepoint      ] Safepoint "PrintThreads", Time since last: 60007098000 ns, Reaching safepoint: 117100 ns, At safepoint: 517500 ns, Total: 634600 ns
[2026-08-02T09:24:11.453+0900][420.456s][info ][safepoint      ] Safepoint "FindDeadlocks", Time since last: 76900 ns, Reaching safepoint: 53700 ns, At safepoint: 11800 ns, Total: 65500 ns
[2026-08-02T09:25:11.458+0900][480.460s][info ][safepoint      ] Safepoint "PrintThreads", Time since last: 60004184400 ns, Reaching safepoint: 118700 ns, At safepoint: 495600 ns, Total: 614300 ns
[2026-08-02T09:25:11.458+0900][480.461s][info ][safepoint      ] Safepoint "FindDeadlocks", Time since last: 83800 ns, Reaching safepoint: 53600 ns, At safepoint: 10600 ns, Total: 64200 ns
[2026-08-02T09:26:11.460+0900][540.463s][info ][safepoint      ] Safepoint "PrintThreads", Time since last: 60001276700 ns, Reaching safepoint: 261700 ns, At safepoint: 497500 ns, Total: 759200 ns
[2026-08-02T09:26:11.461+0900][540.463s][info ][safepoint      ] Safepoint "FindDeadlocks", Time since last: 79200 ns, Reaching safepoint: 46300 ns, At safepoint: 10600 ns, Total: 56900 ns
[2026-08-02T09:27:11.466+0900][600.468s][info ][safepoint      ] Safepoint "PrintThreads", Time since last: 60005111500 ns, Reaching safepoint: 115800 ns, At safepoint: 494200 ns, Total: 610000 ns
[2026-08-02T09:27:11.466+0900][600.469s][info ][safepoint      ] Safepoint "FindDeadlocks", Time since last: 79100 ns, Reaching safepoint: 46900 ns, At safepoint: 12700 ns, Total: 59600 ns
[2026-08-02T09:28:11.480+0900][660.482s][info ][safepoint      ] Safepoint "PrintThreads", Time since last: 60013208200 ns, Reaching safepoint: 126100 ns, At safepoint: 501000 ns, Total: 627100 ns
[2026-08-02T09:28:11.480+0900][660.483s][info ][safepoint      ] Safepoint "FindDeadlocks", Time since last: 77400 ns, Reaching safepoint: 50400 ns, At safepoint: 11600 ns, Total: 62000 ns
[2026-08-02T09:29:11.486+0900][720.488s][info ][safepoint      ] Safepoint "PrintThreads", Time since last: 60005269900 ns, Reaching safepoint: 123400 ns, At safepoint: 501000 ns, Total: 624400 ns
[2026-08-02T09:29:11.486+0900][720.489s][info ][safepoint      ] Safepoint "FindDeadlocks", Time since last: 75600 ns, Reaching safepoint: 52400 ns, At safepoint: 11500 ns, Total: 63900 ns
[2026-08-02T09:30:11.494+0900][780.496s][info ][safepoint      ] Safepoint "PrintThreads", Time since last: 60007235000 ns, Reaching safepoint: 122300 ns, At safepoint: 501000 ns, Total: 623300 ns
[2026-08-02T09:30:11.494+0900][780.497s][info ][safepoint      ] Safepoint "FindDeadlocks", Time since last: 78800 ns, Reaching safepoint: 44700 ns, At safepoint: 13600 ns, Total: 58300 ns
[2026-08-02T09:31:11.494+0900][840.496s][info ][safepoint      ] Safepoint "PrintThreads", Time since last: 59999250900 ns, Reaching safepoint: 110500 ns, At safepoint: 500400 ns, Total: 610900 ns
[2026-08-02T09:31:11.494+0900][840.497s][info ][safepoint      ] Safepoint "FindDeadlocks", Time since last: 78200 ns, Reaching safepoint: 47700 ns, At safepoint: 10400 ns, Total: 58100 ns
[2026-08-02T09:32:11.496+0900][900.498s][info ][safepoint      ] Safepoint "PrintThreads", Time since last: 60001243500 ns, Reaching safepoint: 116100 ns, At safepoint: 503300 ns, Total: 619400 ns
[2026-08-02T09:32:11.496+0900][900.499s][info ][safepoint      ] Safepoint "FindDeadlocks", Time since last: 79600 ns, Reaching safepoint: 58500 ns, At safepoint: 13000 ns, Total: 71500 ns
[2026-08-02T09:33:11.496+0900][960.498s][info ][safepoint      ] Safepoint "PrintThreads", Time since last: 59999170800 ns, Reaching safepoint: 118500 ns, At safepoint: 503000 ns, Total: 621500 ns
[2026-08-02T09:33:11.496+0900][960.499s][info ][safepoint      ] Safepoint "FindDeadlocks", Time since last: 79800 ns, Reaching safepoint: 46900 ns, At safepoint: 9000 ns, Total: 55900 ns
[2026-08-02T09:34:11.504+0900][1020.507s][info ][safepoint      ] Safepoint "PrintThreads", Time since last: 60007434600 ns, Reaching safepoint: 138400 ns, At safepoint: 518000 ns, Total: 656400 ns
[2026-08-02T09:34:11.504+0900][1020.507s][info ][safepoint      ] Safepoint "FindDeadlocks", Time since last: 79300 ns, Reaching safepoint: 45000 ns, At safepoint: 18100 ns, Total: 63100 ns
[2026-08-02T09:35:11.505+0900][1080.508s][info ][safepoint      ] Safepoint "PrintThreads", Time since last: 60000253200 ns, Reaching safepoint: 133800 ns, At safepoint: 509000 ns, Total: 642800 ns
[2026-08-02T09:35:11.505+0900][1080.508s][info ][safepoint      ] Safepoint "FindDeadlocks", Time since last: 78900 ns, Reaching safepoint: 49800 ns, At safepoint: 12100 ns, Total: 61900 ns
[2026-08-02T09:36:11.508+0900][1140.511s][info ][safepoint      ] Safepoint "PrintThreads", Time since last: 60002201400 ns, Reaching safepoint: 113700 ns, At safepoint: 501700 ns, Total: 615400 ns
[2026-08-02T09:36:11.509+0900][1140.511s][info ][safepoint      ] Safepoint "FindDeadlocks", Time since last: 152100 ns, Reaching safepoint: 97700 ns, At safepoint: 11300 ns, Total: 109000 ns
[2026-08-02T09:37:11.520+0900][1200.523s][info ][safepoint      ] Safepoint "PrintThreads", Time since last: 60011099800 ns, Reaching safepoint: 147900 ns, At safepoint: 509900 ns, Total: 657800 ns
[2026-08-02T09:37:11.520+0900][1200.523s][info ][safepoint      ] Safepoint "FindDeadlocks", Time since last: 77800 ns, Reaching safepoint: 44500 ns, At safepoint: 11300 ns, Total: 55800 ns
[2026-08-02T09:37:29.629+0900][1218.632s][info ][safepoint      ] Safepoint "Cleanup", Time since last: 18108121800 ns, Reaching safepoint: 907400 ns, At safepoint: 13300 ns, Total: 920700 ns
[2026-08-02T09:37:30.876+0900][1219.878s][info ][gc,start       ] GC(78) Pause Young (Normal) (G1 Evacuation Pause)
[2026-08-02T09:37:30.876+0900][1219.878s][debug][gc,heap        ] GC(78) Heap before GC invocations=78 (full 33):
[2026-08-02T09:37:30.876+0900][1219.878s][debug][gc,heap        ] GC(78)  garbage-first heap   total 11141120K, used 5117978K [0x000001f47e000000, 0x0000022b7e000000)
[2026-08-02T09:37:30.876+0900][1219.878s][debug][gc,heap        ] GC(78)   region size 32768K, 54 young (1769472K), 9 survivors (294912K)
[2026-08-02T09:37:30.876+0900][1219.878s][debug][gc,heap        ] GC(78)  Metaspace       used 12270K, committed 12864K, reserved 1114112K
[2026-08-02T09:37:30.876+0900][1219.878s][debug][gc,heap        ] GC(78)   class space    used 1122K, committed 1408K, reserved 1048576K
[2026-08-02T09:37:30.876+0900][1219.878s][info ][gc,task        ] GC(78) Using 18 workers of 18 for evacuation
[2026-08-02T09:37:30.976+0900][1219.978s][info ][gc,phases      ] GC(78)   Pre Evacuate Collection Set: 0.1ms
[2026-08-02T09:37:30.976+0900][1219.978s][info ][gc,phases      ] GC(78)   Merge Heap Roots: 2.2ms
[2026-08-02T09:37:30.976+0900][1219.978s][info ][gc,phases      ] GC(78)   Evacuate Collection Set: 96.8ms
[2026-08-02T09:37:30.976+0900][1219.978s][info ][gc,phases      ] GC(78)   Post Evacuate Collection Set: 1.0ms
[2026-08-02T09:37:30.976+0900][1219.978s][info ][gc,phases      ] GC(78)   Other: 0.1ms
[2026-08-02T09:37:30.976+0900][1219.978s][info ][gc,heap        ] GC(78) Eden regions: 45->0(55)
[2026-08-02T09:37:30.976+0900][1219.978s][info ][gc,heap        ] GC(78) Survivor regions: 9->7(7)
[2026-08-02T09:37:30.976+0900][1219.978s][info ][gc,heap        ] GC(78) Old regions: 106->111
[2026-08-02T09:37:30.976+0900][1219.978s][info ][gc,heap        ] GC(78) Archive regions: 0->0
[2026-08-02T09:37:30.976+0900][1219.978s][info ][gc,heap        ] GC(78) Humongous regions: 0->0
[2026-08-02T09:37:30.976+0900][1219.978s][info ][gc,metaspace   ] GC(78) Metaspace: 12270K(12864K)->12270K(12864K) NonClass: 11147K(11456K)->11147K(11456K) Class: 1122K(1408K)->1122K(1408K)
[2026-08-02T09:37:30.976+0900][1219.978s][debug][gc,heap        ] GC(78) Heap after GC invocations=79 (full 33):
[2026-08-02T09:37:30.976+0900][1219.979s][debug][gc,heap        ] GC(78)  garbage-first heap   total 11141120K, used 3743986K [0x000001f47e000000, 0x0000022b7e000000)
[2026-08-02T09:37:30.976+0900][1219.979s][debug][gc,heap        ] GC(78)   region size 32768K, 7 young (229376K), 7 survivors (229376K)
[2026-08-02T09:37:30.976+0900][1219.979s][debug][gc,heap        ] GC(78)  Metaspace       used 12270K, committed 12864K, reserved 1114112K
[2026-08-02T09:37:30.976+0900][1219.979s][debug][gc,heap        ] GC(78)   class space    used 1122K, committed 1408K, reserved 1048576K
[2026-08-02T09:37:30.976+0900][1219.979s][info ][gc             ] GC(78) Pause Young (Normal) (G1 Evacuation Pause) 4998M->3656M(10880M) 100.538ms
[2026-08-02T09:37:30.976+0900][1219.979s][info ][gc,cpu         ] GC(78) User=1.28s Sys=0.08s Real=0.10s
[2026-08-02T09:37:30.976+0900][1219.979s][info ][safepoint      ] Safepoint "G1CollectForAllocation", Time since last: 1246071100 ns, Reaching safepoint: 98100 ns, At safepoint: 100603100 ns, Total: 100701200 ns
[2026-08-02T09:37:32.961+0900][1221.963s][info ][safepoint      ] Safepoint "Cleanup", Time since last: 1984324800 ns, Reaching safepoint: 119100 ns, At safepoint: 12700 ns, Total: 131800 ns
[2026-08-02T09:38:11.531+0900][1260.534s][info ][safepoint      ] Safepoint "PrintThreads", Time since last: 38569963300 ns, Reaching safepoint: 123500 ns, At safepoint: 465300 ns, Total: 588800 ns
[2026-08-02T09:38:11.531+0900][1260.534s][info ][safepoint      ] Safepoint "FindDeadlocks", Time since last: 80400 ns, Reaching safepoint: 62200 ns, At safepoint: 10400 ns, Total: 72600 ns
[2026-08-02T09:38:38.704+0900][1287.706s][info ][safepoint      ] Safepoint "Cleanup", Time since last: 27172141100 ns, Reaching safepoint: 131700 ns, At safepoint: 14300 ns, Total: 146000 ns
[2026-08-02T09:39:11.541+0900][1320.544s][info ][safepoint      ] Safepoint "PrintThreads", Time since last: 32836984500 ns, Reaching safepoint: 140600 ns, At safepoint: 441000 ns, Total: 581600 ns
[2026-08-02T09:39:11.542+0900][1320.544s][info ][safepoint      ] Safepoint "FindDeadlocks", Time since last: 75900 ns, Reaching safepoint: 171000 ns, At safepoint: 12000 ns, Total: 183000 ns
[2026-08-02T09:40:11.548+0900][1380.550s][info ][safepoint      ] Safepoint "PrintThreads", Time since last: 60006042800 ns, Reaching safepoint: 146100 ns, At safepoint: 424400 ns, Total: 570500 ns
[2026-08-02T09:40:11.548+0900][1380.551s][info ][safepoint      ] Safepoint "FindDeadlocks", Time since last: 59500 ns, Reaching safepoint: 49700 ns, At safepoint: 10800 ns, Total: 60500 ns
[2026-08-02T09:40:27.647+0900][1396.649s][info ][safepoint      ] Safepoint "Cleanup", Time since last: 16098300300 ns, Reaching safepoint: 111200 ns, At safepoint: 15300 ns, Total: 126500 ns
[2026-08-02T09:40:27.649+0900][1396.652s][info ][gc,start       ] GC(79) Pause Young (Normal) (G1 Evacuation Pause)
[2026-08-02T09:40:27.649+0900][1396.652s][debug][gc,heap        ] GC(79) Heap before GC invocations=79 (full 33):
[2026-08-02T09:40:27.649+0900][1396.652s][debug][gc,heap        ] GC(79)  garbage-first heap   total 11141120K, used 5578994K [0x000001f47e000000, 0x0000022b7e000000)
[2026-08-02T09:40:27.649+0900][1396.652s][debug][gc,heap        ] GC(79)   region size 32768K, 62 young (2031616K), 7 survivors (229376K)
[2026-08-02T09:40:27.649+0900][1396.652s][debug][gc,heap        ] GC(79)  Metaspace       used 13273K, committed 13888K, reserved 1114112K
[2026-08-02T09:40:27.649+0900][1396.652s][debug][gc,heap        ] GC(79)   class space    used 1218K, committed 1536K, reserved 1048576K
[2026-08-02T09:40:27.649+0900][1396.652s][info ][gc,task        ] GC(79) Using 18 workers of 18 for evacuation
[2026-08-02T09:40:27.724+0900][1396.727s][info ][gc,phases      ] GC(79)   Pre Evacuate Collection Set: 0.1ms
[2026-08-02T09:40:27.724+0900][1396.727s][info ][gc,phases      ] GC(79)   Merge Heap Roots: 2.4ms
[2026-08-02T09:40:27.724+0900][1396.727s][info ][gc,phases      ] GC(79)   Evacuate Collection Set: 71.6ms
[2026-08-02T09:40:27.724+0900][1396.727s][info ][gc,phases      ] GC(79)   Post Evacuate Collection Set: 0.6ms
[2026-08-02T09:40:27.724+0900][1396.727s][info ][gc,phases      ] GC(79)   Other: 0.1ms
[2026-08-02T09:40:27.724+0900][1396.727s][info ][gc,heap        ] GC(79) Eden regions: 55->0(60)
[2026-08-02T09:40:27.724+0900][1396.727s][info ][gc,heap        ] GC(79) Survivor regions: 7->8(8)
[2026-08-02T09:40:27.724+0900][1396.727s][info ][gc,heap        ] GC(79) Old regions: 111->118
[2026-08-02T09:40:27.724+0900][1396.727s][info ][gc,heap        ] GC(79) Archive regions: 0->0
[2026-08-02T09:40:27.724+0900][1396.727s][info ][gc,heap        ] GC(79) Humongous regions: 1->1
[2026-08-02T09:40:27.724+0900][1396.727s][info ][gc,metaspace   ] GC(79) Metaspace: 13273K(13888K)->13273K(13888K) NonClass: 12054K(12352K)->12054K(12352K) Class: 1218K(1536K)->1218K(1536K)
[2026-08-02T09:40:27.724+0900][1396.727s][debug][gc,heap        ] GC(79) Heap after GC invocations=80 (full 33):
[2026-08-02T09:40:27.724+0900][1396.727s][debug][gc,heap        ] GC(79)  garbage-first heap   total 11141120K, used 4046858K [0x000001f47e000000, 0x0000022b7e000000)
[2026-08-02T09:40:27.724+0900][1396.727s][debug][gc,heap        ] GC(79)   region size 32768K, 8 young (262144K), 8 survivors (262144K)
[2026-08-02T09:40:27.724+0900][1396.727s][debug][gc,heap        ] GC(79)  Metaspace       used 13273K, committed 13888K, reserved 1114112K
[2026-08-02T09:40:27.724+0900][1396.727s][debug][gc,heap        ] GC(79)   class space    used 1218K, committed 1536K, reserved 1048576K
[2026-08-02T09:40:27.725+0900][1396.727s][info ][gc             ] GC(79) Pause Young (Normal) (G1 Evacuation Pause) 5448M->3952M(10880M) 75.199ms
[2026-08-02T09:40:27.725+0900][1396.727s][info ][gc,cpu         ] GC(79) User=1.33s Sys=0.08s Real=0.08s
[2026-08-02T09:40:27.725+0900][1396.727s][info ][safepoint      ] Safepoint "G1CollectForAllocation", Time since last: 2505100 ns, Reaching safepoint: 90500 ns, At safepoint: 75263400 ns, Total: 75353900 ns
[2026-08-02T09:41:11.557+0900][1440.559s][info ][safepoint      ] Safepoint "PrintThreads", Time since last: 43832060000 ns, Reaching safepoint: 113400 ns, At safepoint: 411300 ns, Total: 524700 ns
[2026-08-02T09:41:11.557+0900][1440.560s][info ][safepoint      ] Safepoint "FindDeadlocks", Time since last: 63800 ns, Reaching safepoint: 44000 ns, At safepoint: 11900 ns, Total: 55900 ns
[2026-08-02T09:41:35.704+0900][1464.706s][info ][safepoint      ] Safepoint "Cleanup", Time since last: 24146324100 ns, Reaching safepoint: 179800 ns, At safepoint: 9500 ns, Total: 189300 ns
[2026-08-02T09:41:47.325+0900][1476.328s][info ][safepoint      ] Safepoint "ClassLoaderStatsOperation", Time since last: 11621066700 ns, Reaching safepoint: 44600 ns, At safepoint: 535500 ns, Total: 580100 ns
[2026-08-02T09:41:47.330+0900][1476.332s][info ][safepoint      ] Safepoint "JFRCheckpoint", Time since last: 3021400 ns, Reaching safepoint: 108600 ns, At safepoint: 1368000 ns, Total: 1476600 ns
[2026-08-02T09:41:47.334+0900][1476.336s][info ][safepoint      ] Safepoint "JFROldObject", Time since last: 4001500 ns, Reaching safepoint: 92200 ns, At safepoint: 81200 ns, Total: 173400 ns
[2026-08-02T09:41:47.401+0900][1476.404s][info ][gc,heap,exit   ] Heap
[2026-08-02T09:41:47.401+0900][1476.404s][info ][gc,heap,exit   ]  garbage-first heap   total 11141120K, used 4816298K [0x000001f47e000000, 0x0000022b7e000000)
[2026-08-02T09:41:47.401+0900][1476.404s][info ][gc,heap,exit   ]   region size 32768K, 32 young (1048576K), 8 survivors (262144K)
[2026-08-02T09:41:47.401+0900][1476.404s][info ][gc,heap,exit   ]  Metaspace       used 13411K, committed 14080K, reserved 1114112K
[2026-08-02T09:41:47.401+0900][1476.404s][info ][gc,heap,exit   ]   class space    used 1243K, committed 1536K, reserved 1048576K
