[2026-08-03T13:19:29.845+0900][0.007s][info][gc,init] CardTable entry size: 512
[2026-08-03T13:19:29.845+0900][0.007s][debug][gc,heap] Minimum heap 33554432  Initial heap 2147483648  Maximum heap 236223201280
[2026-08-03T13:19:29.846+0900][0.008s][info ][gc     ] Using G1
[2026-08-03T13:19:29.854+0900][0.017s][info ][gc,init] Version: 18.0.1.1+2-6 (release)
[2026-08-03T13:19:29.855+0900][0.017s][info ][gc,init] CPUs: 24 total, 24 available
[2026-08-03T13:19:29.855+0900][0.017s][info ][gc,init] Memory: 255G
[2026-08-03T13:19:29.855+0900][0.017s][info ][gc,init] Large Page Support: Disabled
[2026-08-03T13:19:29.855+0900][0.017s][info ][gc,init] NUMA Support: Disabled
[2026-08-03T13:19:29.855+0900][0.017s][info ][gc,init] Compressed Oops: Disabled
[2026-08-03T13:19:29.855+0900][0.017s][info ][gc,init] Heap Region Size: 32M
[2026-08-03T13:19:29.855+0900][0.017s][info ][gc,init] Heap Min Capacity: 32M
[2026-08-03T13:19:29.855+0900][0.017s][info ][gc,init] Heap Initial Capacity: 2G
[2026-08-03T13:19:29.855+0900][0.017s][info ][gc,init] Heap Max Capacity: 220G
[2026-08-03T13:19:29.855+0900][0.017s][info ][gc,init] Pre-touch: Disabled
[2026-08-03T13:19:29.855+0900][0.017s][info ][gc,init] Parallel Workers: 18
[2026-08-03T13:19:29.855+0900][0.017s][info ][gc,init] Concurrent Workers: 5
[2026-08-03T13:19:29.855+0900][0.017s][info ][gc,init] Concurrent Refinement Workers: 18
[2026-08-03T13:19:29.855+0900][0.017s][info ][gc,init] Periodic GC: Disabled
[2026-08-03T13:19:29.856+0900][0.018s][info ][gc,metaspace] CDS archive(s) mapped at: [0x0000000800000000-0x0000000800ba0000-0x0000000800ba0000), size 12189696, SharedBaseAddress: 0x0000000800000000, ArchiveRelocationMode: 0.
[2026-08-03T13:19:29.856+0900][0.018s][info ][gc,metaspace] Compressed class space mapped at: 0x0000000800c00000-0x0000000840c00000, reserved size: 1073741824
[2026-08-03T13:19:29.856+0900][0.018s][info ][gc,metaspace] Narrow klass base: 0x0000000800000000, Narrow klass shift: 0, Narrow klass range: 0x100000000
[2026-08-03T13:19:30.100+0900][0.262s][info ][safepoint   ] Safepoint "ICBufferFull", Time since last: 238118400 ns, Reaching safepoint: 105500 ns, At safepoint: 13000 ns, Total: 118500 ns
[2026-08-03T13:19:30.139+0900][0.301s][info ][safepoint   ] Safepoint "RedefineClasses", Time since last: 33398500 ns, Reaching safepoint: 81200 ns, At safepoint: 4913700 ns, Total: 4994900 ns
[2026-08-03T13:19:30.191+0900][0.353s][info ][safepoint   ] Safepoint "ICBufferFull", Time since last: 52189400 ns, Reaching safepoint: 166800 ns, At safepoint: 4700 ns, Total: 171500 ns
[2026-08-03T13:19:30.194+0900][0.356s][info ][safepoint   ] Safepoint "JFRCheckpoint", Time since last: 3145800 ns, Reaching safepoint: 37500 ns, At safepoint: 16300 ns, Total: 53800 ns
[2026-08-03T13:19:30.199+0900][0.362s][info ][safepoint   ] Safepoint "JFROldObject", Time since last: 5137100 ns, Reaching safepoint: 105600 ns, At safepoint: 26500 ns, Total: 132100 ns
[2026-08-03T13:19:30.205+0900][0.367s][info ][safepoint   ] Safepoint "ClassLoaderStatsOperation", Time since last: 4921100 ns, Reaching safepoint: 25000 ns, At safepoint: 263300 ns, Total: 288300 ns
[2026-08-03T13:19:30.223+0900][0.385s][info ][gc,start    ] GC(0) Pause Full (System.gc())
[2026-08-03T13:19:30.223+0900][0.385s][debug][gc,heap     ] GC(0) Heap before GC invocations=0 (full 0):
[2026-08-03T13:19:30.223+0900][0.385s][debug][gc,heap     ] GC(0)  garbage-first heap   total 2097152K, used 32768K [0x0000019af8000000, 0x000001d1f8000000)
[2026-08-03T13:19:30.223+0900][0.385s][debug][gc,heap     ] GC(0)   region size 32768K, 2 young (65536K), 0 survivors (0K)
[2026-08-03T13:19:30.223+0900][0.385s][debug][gc,heap     ] GC(0)  Metaspace       used 3803K, committed 3904K, reserved 1114112K
[2026-08-03T13:19:30.223+0900][0.385s][debug][gc,heap     ] GC(0)   class space    used 339K, committed 384K, reserved 1048576K
[2026-08-03T13:19:30.223+0900][0.385s][info ][gc,task     ] GC(0) Using 2 workers of 18 for full compaction
[2026-08-03T13:19:30.223+0900][0.386s][info ][gc,phases,start] GC(0) Phase 1: Mark live objects
[2026-08-03T13:19:30.227+0900][0.389s][info ][gc,phases      ] GC(0) Phase 1: Mark live objects 3.510ms
[2026-08-03T13:19:30.227+0900][0.389s][info ][gc,phases,start] GC(0) Phase 2: Prepare for compaction
[2026-08-03T13:19:30.230+0900][0.392s][info ][gc,phases      ] GC(0) Phase 2: Prepare for compaction 2.771ms
[2026-08-03T13:19:30.230+0900][0.392s][info ][gc,phases,start] GC(0) Phase 3: Adjust pointers
[2026-08-03T13:19:30.232+0900][0.394s][info ][gc,phases      ] GC(0) Phase 3: Adjust pointers 2.143ms
[2026-08-03T13:19:30.232+0900][0.394s][info ][gc,phases,start] GC(0) Phase 4: Compact heap
[2026-08-03T13:19:30.236+0900][0.398s][info ][gc,phases      ] GC(0) Phase 4: Compact heap 4.156ms
[2026-08-03T13:19:30.241+0900][0.404s][debug][gc,heap        ] GC(0) Uncommittable regions after shrink: 57
[2026-08-03T13:19:30.242+0900][0.404s][info ][gc,heap        ] GC(0) Eden regions: 2->0(1)
[2026-08-03T13:19:30.242+0900][0.404s][info ][gc,heap        ] GC(0) Survivor regions: 0->0(0)
[2026-08-03T13:19:30.242+0900][0.404s][info ][gc,heap        ] GC(0) Old regions: 0->2
[2026-08-03T13:19:30.242+0900][0.404s][info ][gc,heap        ] GC(0) Archive regions: 0->0
[2026-08-03T13:19:30.242+0900][0.404s][info ][gc,heap        ] GC(0) Humongous regions: 0->0
[2026-08-03T13:19:30.242+0900][0.404s][info ][gc,metaspace   ] GC(0) Metaspace: 3803K(3904K)->3803K(3904K) NonClass: 3464K(3520K)->3464K(3520K) Class: 339K(384K)->339K(384K)
[2026-08-03T13:19:30.242+0900][0.404s][debug][gc,heap        ] GC(0) Heap after GC invocations=1 (full 1):
[2026-08-03T13:19:30.242+0900][0.404s][debug][gc,heap        ] GC(0)  garbage-first heap   total 229376K, used 8471K [0x0000019af8000000, 0x000001d1f8000000)
[2026-08-03T13:19:30.242+0900][0.404s][debug][gc,heap        ] GC(0)   region size 32768K, 0 young (0K), 0 survivors (0K)
[2026-08-03T13:19:30.242+0900][0.404s][debug][gc,heap        ] GC(0)  Metaspace       used 3803K, committed 3904K, reserved 1114112K
[2026-08-03T13:19:30.242+0900][0.405s][debug][gc,heap        ] GC(0)   class space    used 339K, committed 384K, reserved 1048576K
[2026-08-03T13:19:30.242+0900][0.405s][info ][gc             ] GC(0) Pause Full (System.gc()) 43M->8M(224M) 19.264ms
[2026-08-03T13:19:30.242+0900][0.405s][info ][gc,cpu         ] GC(0) User=0.00s Sys=0.02s Real=0.02s
[2026-08-03T13:19:30.243+0900][0.405s][info ][safepoint      ] Safepoint "G1CollectFull", Time since last: 18490700 ns, Reaching safepoint: 25700 ns, At safepoint: 19321400 ns, Total: 19347100 ns
[2026-08-03T13:19:30.475+0900][0.638s][debug][gc,heap        ] Concurrent Uncommit Summary: 1824M, 57 regions, 18.150ms
[2026-08-03T13:19:30.503+0900][0.665s][info ][gc,start       ] GC(1) Pause Full (System.gc())
[2026-08-03T13:19:30.503+0900][0.665s][debug][gc,heap        ] GC(1) Heap before GC invocations=1 (full 1):
[2026-08-03T13:19:30.503+0900][0.665s][debug][gc,heap        ] GC(1)  garbage-first heap   total 229376K, used 8471K [0x0000019af8000000, 0x000001d1f8000000)
[2026-08-03T13:19:30.503+0900][0.665s][debug][gc,heap        ] GC(1)   region size 32768K, 1 young (32768K), 0 survivors (0K)
[2026-08-03T13:19:30.503+0900][0.665s][debug][gc,heap        ] GC(1)  Metaspace       used 8867K, committed 9088K, reserved 1114112K
[2026-08-03T13:19:30.503+0900][0.665s][debug][gc,heap        ] GC(1)   class space    used 830K, committed 960K, reserved 1048576K
[2026-08-03T13:19:30.503+0900][0.665s][info ][gc,task        ] GC(1) Using 1 workers of 18 for full compaction
[2026-08-03T13:19:30.503+0900][0.665s][info ][gc,phases,start] GC(1) Phase 1: Mark live objects
[2026-08-03T13:19:30.514+0900][0.676s][info ][gc,phases      ] GC(1) Phase 1: Mark live objects 10.639ms
[2026-08-03T13:19:30.514+0900][0.676s][info ][gc,phases,start] GC(1) Phase 2: Prepare for compaction
[2026-08-03T13:19:30.516+0900][0.678s][info ][gc,phases      ] GC(1) Phase 2: Prepare for compaction 2.358ms
[2026-08-03T13:19:30.516+0900][0.678s][info ][gc,phases,start] GC(1) Phase 3: Adjust pointers
[2026-08-03T13:19:30.521+0900][0.683s][info ][gc,phases      ] GC(1) Phase 3: Adjust pointers 4.883ms
[2026-08-03T13:19:30.521+0900][0.683s][info ][gc,phases,start] GC(1) Phase 4: Compact heap
[2026-08-03T13:19:30.524+0900][0.686s][info ][gc,phases      ] GC(1) Phase 4: Compact heap 3.313ms
[2026-08-03T13:19:30.526+0900][0.688s][debug][gc,heap        ] GC(1) Uncommittable regions after shrink: 3
[2026-08-03T13:19:30.527+0900][0.689s][info ][gc,heap        ] GC(1) Eden regions: 1->0(1)
[2026-08-03T13:19:30.527+0900][0.689s][info ][gc,heap        ] GC(1) Survivor regions: 0->0(0)
[2026-08-03T13:19:30.527+0900][0.689s][info ][gc,heap        ] GC(1) Old regions: 2->1
[2026-08-03T13:19:30.527+0900][0.689s][info ][gc,heap        ] GC(1) Archive regions: 0->0
[2026-08-03T13:19:30.527+0900][0.689s][info ][gc,heap        ] GC(1) Humongous regions: 0->0
[2026-08-03T13:19:30.527+0900][0.689s][info ][gc,metaspace   ] GC(1) Metaspace: 8867K(9088K)->8867K(9088K) NonClass: 8036K(8128K)->8036K(8128K) Class: 830K(960K)->830K(960K)
[2026-08-03T13:19:30.527+0900][0.689s][debug][gc,heap        ] GC(1) Heap after GC invocations=2 (full 2):
[2026-08-03T13:19:30.527+0900][0.689s][debug][gc,heap        ] GC(1)  garbage-first heap   total 131072K, used 11696K [0x0000019af8000000, 0x000001d1f8000000)
[2026-08-03T13:19:30.527+0900][0.689s][debug][gc,heap        ] GC(1)   region size 32768K, 0 young (0K), 0 survivors (0K)
[2026-08-03T13:19:30.527+0900][0.689s][debug][gc,heap        ] GC(1)  Metaspace       used 8867K, committed 9088K, reserved 1114112K
[2026-08-03T13:19:30.527+0900][0.689s][debug][gc,heap        ] GC(1)   class space    used 830K, committed 960K, reserved 1048576K
[2026-08-03T13:19:30.527+0900][0.689s][info ][gc             ] GC(1) Pause Full (System.gc()) 26M->11M(128M) 24.221ms
[2026-08-03T13:19:30.527+0900][0.689s][info ][gc,cpu         ] GC(1) User=0.02s Sys=0.00s Real=0.02s
[2026-08-03T13:19:30.527+0900][0.689s][info ][safepoint      ] Safepoint "G1CollectFull", Time since last: 260140300 ns, Reaching safepoint: 94300 ns, At safepoint: 24321800 ns, Total: 24416100 ns
[2026-08-03T13:19:30.611+0900][0.773s][info ][gc,start       ] GC(2) Pause Full (System.gc())
[2026-08-03T13:19:30.611+0900][0.773s][debug][gc,heap        ] GC(2) Heap before GC invocations=2 (full 2):
[2026-08-03T13:19:30.611+0900][0.773s][debug][gc,heap        ] GC(2)  garbage-first heap   total 131072K, used 11696K [0x0000019af8000000, 0x000001d1f8000000)
[2026-08-03T13:19:30.611+0900][0.773s][debug][gc,heap        ] GC(2)   region size 32768K, 1 young (32768K), 0 survivors (0K)
[2026-08-03T13:19:30.611+0900][0.773s][debug][gc,heap        ] GC(2)  Metaspace       used 9233K, committed 9536K, reserved 1114112K
[2026-08-03T13:19:30.611+0900][0.773s][debug][gc,heap        ] GC(2)   class space    used 875K, committed 1024K, reserved 1048576K
[2026-08-03T13:19:30.611+0900][0.773s][info ][gc,task        ] GC(2) Using 1 workers of 18 for full compaction
[2026-08-03T13:19:30.611+0900][0.774s][info ][gc,phases,start] GC(2) Phase 1: Mark live objects
[2026-08-03T13:19:30.631+0900][0.793s][info ][gc,phases      ] GC(2) Phase 1: Mark live objects 19.237ms
[2026-08-03T13:19:30.631+0900][0.793s][info ][gc,phases,start] GC(2) Phase 2: Prepare for compaction
[2026-08-03T13:19:30.635+0900][0.797s][info ][gc,phases      ] GC(2) Phase 2: Prepare for compaction 4.687ms
[2026-08-03T13:19:30.635+0900][0.798s][info ][gc,phases,start] GC(2) Phase 3: Adjust pointers
[2026-08-03T13:19:30.644+0900][0.807s][info ][gc,phases      ] GC(2) Phase 3: Adjust pointers 9.027ms
[2026-08-03T13:19:30.645+0900][0.807s][info ][gc,phases,start] GC(2) Phase 4: Compact heap
[2026-08-03T13:19:30.650+0900][0.812s][info ][gc,phases      ] GC(2) Phase 4: Compact heap 5.150ms
[2026-08-03T13:19:30.651+0900][0.813s][info ][gc,heap        ] GC(2) Eden regions: 1->0(1)
[2026-08-03T13:19:30.651+0900][0.813s][info ][gc,heap        ] GC(2) Survivor regions: 0->0(0)
[2026-08-03T13:19:30.651+0900][0.813s][info ][gc,heap        ] GC(2) Old regions: 1->1
[2026-08-03T13:19:30.651+0900][0.813s][info ][gc,heap        ] GC(2) Archive regions: 0->0
[2026-08-03T13:19:30.651+0900][0.813s][info ][gc,heap        ] GC(2) Humongous regions: 0->0
[2026-08-03T13:19:30.651+0900][0.813s][info ][gc,metaspace   ] GC(2) Metaspace: 9233K(9536K)->9233K(9536K) NonClass: 8357K(8512K)->8357K(8512K) Class: 875K(1024K)->875K(1024K)
[2026-08-03T13:19:30.651+0900][0.813s][debug][gc,heap        ] GC(2) Heap after GC invocations=3 (full 3):
[2026-08-03T13:19:30.651+0900][0.814s][debug][gc,heap        ] GC(2)  garbage-first heap   total 131072K, used 17835K [0x0000019af8000000, 0x000001d1f8000000)
[2026-08-03T13:19:30.651+0900][0.814s][debug][gc,heap        ] GC(2)   region size 32768K, 0 young (0K), 0 survivors (0K)
[2026-08-03T13:19:30.651+0900][0.814s][debug][gc,heap        ] GC(2)  Metaspace       used 9233K, committed 9536K, reserved 1114112K
[2026-08-03T13:19:30.651+0900][0.814s][debug][gc,heap        ] GC(2)   class space    used 875K, committed 1024K, reserved 1048576K
[2026-08-03T13:19:30.651+0900][0.814s][info ][gc             ] GC(2) Pause Full (System.gc()) 30M->17M(128M) 40.196ms
[2026-08-03T13:19:30.652+0900][0.814s][info ][gc,cpu         ] GC(2) User=0.06s Sys=0.00s Real=0.04s
[2026-08-03T13:19:30.652+0900][0.814s][info ][safepoint      ] Safepoint "G1CollectFull", Time since last: 84173300 ns, Reaching safepoint: 43100 ns, At safepoint: 40323400 ns, Total: 40366500 ns
[2026-08-03T13:19:30.653+0900][0.816s][debug][gc,heap        ] Concurrent Uncommit Summary: 98304K, 3 regions, 1.841ms
[2026-08-03T13:19:30.669+0900][0.831s][info ][gc,start       ] GC(3) Pause Full (System.gc())
[2026-08-03T13:19:30.669+0900][0.831s][debug][gc,heap        ] GC(3) Heap before GC invocations=3 (full 3):
[2026-08-03T13:19:30.669+0900][0.831s][debug][gc,heap        ] GC(3)  garbage-first heap   total 131072K, used 17835K [0x0000019af8000000, 0x000001d1f8000000)
[2026-08-03T13:19:30.669+0900][0.831s][debug][gc,heap        ] GC(3)   region size 32768K, 1 young (32768K), 0 survivors (0K)
[2026-08-03T13:19:30.669+0900][0.831s][debug][gc,heap        ] GC(3)  Metaspace       used 9426K, committed 9728K, reserved 1114112K
[2026-08-03T13:19:30.669+0900][0.831s][debug][gc,heap        ] GC(3)   class space    used 895K, committed 1024K, reserved 1048576K
[2026-08-03T13:19:30.669+0900][0.831s][info ][gc,task        ] GC(3) Using 1 workers of 18 for full compaction
[2026-08-03T13:19:30.669+0900][0.831s][info ][gc,phases,start] GC(3) Phase 1: Mark live objects
[2026-08-03T13:19:30.685+0900][0.847s][info ][gc,phases      ] GC(3) Phase 1: Mark live objects 15.760ms
[2026-08-03T13:19:30.685+0900][0.847s][info ][gc,phases,start] GC(3) Phase 2: Prepare for compaction
[2026-08-03T13:19:30.687+0900][0.849s][info ][gc,phases      ] GC(3) Phase 2: Prepare for compaction 2.768ms
[2026-08-03T13:19:30.687+0900][0.849s][info ][gc,phases,start] GC(3) Phase 3: Adjust pointers
[2026-08-03T13:19:30.694+0900][0.856s][info ][gc,phases      ] GC(3) Phase 3: Adjust pointers 6.278ms
[2026-08-03T13:19:30.694+0900][0.856s][info ][gc,phases,start] GC(3) Phase 4: Compact heap
[2026-08-03T13:19:30.696+0900][0.858s][info ][gc,phases      ] GC(3) Phase 4: Compact heap 2.390ms
[2026-08-03T13:19:30.698+0900][0.860s][info ][gc,heap        ] GC(3) Eden regions: 1->0(1)
[2026-08-03T13:19:30.698+0900][0.860s][info ][gc,heap        ] GC(3) Survivor regions: 0->0(0)
[2026-08-03T13:19:30.698+0900][0.860s][info ][gc,heap        ] GC(3) Old regions: 1->1
[2026-08-03T13:19:30.698+0900][0.860s][info ][gc,heap        ] GC(3) Archive regions: 0->0
[2026-08-03T13:19:30.698+0900][0.860s][info ][gc,heap        ] GC(3) Humongous regions: 0->0
[2026-08-03T13:19:30.698+0900][0.860s][info ][gc,metaspace   ] GC(3) Metaspace: 9426K(9728K)->9426K(9728K) NonClass: 8531K(8704K)->8531K(8704K) Class: 895K(1024K)->895K(1024K)
[2026-08-03T13:19:30.698+0900][0.860s][debug][gc,heap        ] GC(3) Heap after GC invocations=4 (full 4):
[2026-08-03T13:19:30.698+0900][0.860s][debug][gc,heap        ] GC(3)  garbage-first heap   total 131072K, used 17896K [0x0000019af8000000, 0x000001d1f8000000)
[2026-08-03T13:19:30.698+0900][0.860s][debug][gc,heap        ] GC(3)   region size 32768K, 0 young (0K), 0 survivors (0K)
[2026-08-03T13:19:30.698+0900][0.860s][debug][gc,heap        ] GC(3)  Metaspace       used 9426K, committed 9728K, reserved 1114112K
[2026-08-03T13:19:30.698+0900][0.860s][debug][gc,heap        ] GC(3)   class space    used 895K, committed 1024K, reserved 1048576K
[2026-08-03T13:19:30.698+0900][0.860s][info ][gc             ] GC(3) Pause Full (System.gc()) 19M->17M(128M) 29.253ms
[2026-08-03T13:19:30.698+0900][0.860s][info ][gc,cpu         ] GC(3) User=0.03s Sys=0.00s Real=0.03s
[2026-08-03T13:19:30.698+0900][0.860s][info ][safepoint      ] Safepoint "G1CollectFull", Time since last: 16898900 ns, Reaching safepoint: 46400 ns, At safepoint: 29390200 ns, Total: 29436600 ns
[2026-08-03T13:19:30.701+0900][0.863s][info ][gc,start       ] GC(4) Pause Full (System.gc())
[2026-08-03T13:19:30.701+0900][0.863s][debug][gc,heap        ] GC(4) Heap before GC invocations=4 (full 4):
[2026-08-03T13:19:30.701+0900][0.863s][debug][gc,heap        ] GC(4)  garbage-first heap   total 131072K, used 17896K [0x0000019af8000000, 0x000001d1f8000000)
[2026-08-03T13:19:30.701+0900][0.863s][debug][gc,heap        ] GC(4)   region size 32768K, 1 young (32768K), 0 survivors (0K)
[2026-08-03T13:19:30.701+0900][0.863s][debug][gc,heap        ] GC(4)  Metaspace       used 9438K, committed 9728K, reserved 1114112K
[2026-08-03T13:19:30.701+0900][0.863s][debug][gc,heap        ] GC(4)   class space    used 895K, committed 1024K, reserved 1048576K
[2026-08-03T13:19:30.701+0900][0.863s][info ][gc,task        ] GC(4) Using 1 workers of 18 for full compaction
[2026-08-03T13:19:30.701+0900][0.863s][info ][gc,phases,start] GC(4) Phase 1: Mark live objects
[2026-08-03T13:19:30.715+0900][0.878s][info ][gc,phases      ] GC(4) Phase 1: Mark live objects 14.271ms
[2026-08-03T13:19:30.716+0900][0.878s][info ][gc,phases,start] GC(4) Phase 2: Prepare for compaction
[2026-08-03T13:19:30.718+0900][0.880s][info ][gc,phases      ] GC(4) Phase 2: Prepare for compaction 2.832ms
[2026-08-03T13:19:30.718+0900][0.880s][info ][gc,phases,start] GC(4) Phase 3: Adjust pointers
[2026-08-03T13:19:30.725+0900][0.887s][info ][gc,phases      ] GC(4) Phase 3: Adjust pointers 6.449ms
[2026-08-03T13:19:30.725+0900][0.887s][info ][gc,phases,start] GC(4) Phase 4: Compact heap
[2026-08-03T13:19:30.727+0900][0.889s][info ][gc,phases      ] GC(4) Phase 4: Compact heap 2.088ms
[2026-08-03T13:19:30.729+0900][0.891s][info ][gc,heap        ] GC(4) Eden regions: 1->0(1)
[2026-08-03T13:19:30.729+0900][0.891s][info ][gc,heap        ] GC(4) Survivor regions: 0->0(0)
[2026-08-03T13:19:30.729+0900][0.891s][info ][gc,heap        ] GC(4) Old regions: 1->1
[2026-08-03T13:19:30.729+0900][0.891s][info ][gc,heap        ] GC(4) Archive regions: 0->0
[2026-08-03T13:19:30.729+0900][0.891s][info ][gc,heap        ] GC(4) Humongous regions: 0->0
[2026-08-03T13:19:30.729+0900][0.891s][info ][gc,metaspace   ] GC(4) Metaspace: 9438K(9728K)->9438K(9728K) NonClass: 8543K(8704K)->8543K(8704K) Class: 895K(1024K)->895K(1024K)
[2026-08-03T13:19:30.729+0900][0.891s][debug][gc,heap        ] GC(4) Heap after GC invocations=5 (full 5):
[2026-08-03T13:19:30.729+0900][0.891s][debug][gc,heap        ] GC(4)  garbage-first heap   total 131072K, used 17904K [0x0000019af8000000, 0x000001d1f8000000)
[2026-08-03T13:19:30.729+0900][0.891s][debug][gc,heap        ] GC(4)   region size 32768K, 0 young (0K), 0 survivors (0K)
[2026-08-03T13:19:30.729+0900][0.891s][debug][gc,heap        ] GC(4)  Metaspace       used 9438K, committed 9728K, reserved 1114112K
[2026-08-03T13:19:30.729+0900][0.891s][debug][gc,heap        ] GC(4)   class space    used 895K, committed 1024K, reserved 1048576K
[2026-08-03T13:19:30.729+0900][0.891s][info ][gc             ] GC(4) Pause Full (System.gc()) 18M->17M(128M) 27.672ms
[2026-08-03T13:19:30.729+0900][0.891s][info ][gc,cpu         ] GC(4) User=0.05s Sys=0.00s Real=0.03s
[2026-08-03T13:19:30.729+0900][0.891s][info ][safepoint      ] Safepoint "G1CollectFull", Time since last: 3056100 ns, Reaching safepoint: 32900 ns, At safepoint: 27819000 ns, Total: 27851900 ns
[2026-08-03T13:19:30.732+0900][0.894s][info ][gc,start       ] GC(5) Pause Full (System.gc())
[2026-08-03T13:19:30.732+0900][0.894s][debug][gc,heap        ] GC(5) Heap before GC invocations=5 (full 5):
[2026-08-03T13:19:30.732+0900][0.894s][debug][gc,heap        ] GC(5)  garbage-first heap   total 131072K, used 17904K [0x0000019af8000000, 0x000001d1f8000000)
[2026-08-03T13:19:30.732+0900][0.894s][debug][gc,heap        ] GC(5)   region size 32768K, 1 young (32768K), 0 survivors (0K)
[2026-08-03T13:19:30.732+0900][0.894s][debug][gc,heap        ] GC(5)  Metaspace       used 9448K, committed 9728K, reserved 1114112K
[2026-08-03T13:19:30.732+0900][0.894s][debug][gc,heap        ] GC(5)   class space    used 895K, committed 1024K, reserved 1048576K
[2026-08-03T13:19:30.732+0900][0.894s][info ][gc,task        ] GC(5) Using 1 workers of 18 for full compaction
[2026-08-03T13:19:30.732+0900][0.894s][info ][gc,phases,start] GC(5) Phase 1: Mark live objects
[2026-08-03T13:19:30.745+0900][0.907s][info ][gc,phases      ] GC(5) Phase 1: Mark live objects 12.846ms
[2026-08-03T13:19:30.745+0900][0.907s][info ][gc,phases,start] GC(5) Phase 2: Prepare for compaction
[2026-08-03T13:19:30.748+0900][0.910s][info ][gc,phases      ] GC(5) Phase 2: Prepare for compaction 2.590ms
[2026-08-03T13:19:30.748+0900][0.910s][info ][gc,phases,start] GC(5) Phase 3: Adjust pointers
[2026-08-03T13:19:30.753+0900][0.915s][info ][gc,phases      ] GC(5) Phase 3: Adjust pointers 5.817ms
[2026-08-03T13:19:30.753+0900][0.916s][info ][gc,phases,start] GC(5) Phase 4: Compact heap
[2026-08-03T13:19:30.756+0900][0.918s][info ][gc,phases      ] GC(5) Phase 4: Compact heap 2.381ms
[2026-08-03T13:19:30.757+0900][0.919s][info ][gc,heap        ] GC(5) Eden regions: 1->0(1)
[2026-08-03T13:19:30.757+0900][0.919s][info ][gc,heap        ] GC(5) Survivor regions: 0->0(0)
[2026-08-03T13:19:30.757+0900][0.919s][info ][gc,heap        ] GC(5) Old regions: 1->1
[2026-08-03T13:19:30.757+0900][0.919s][info ][gc,heap        ] GC(5) Archive regions: 0->0
[2026-08-03T13:19:30.757+0900][0.919s][info ][gc,heap        ] GC(5) Humongous regions: 0->0
[2026-08-03T13:19:30.757+0900][0.919s][info ][gc,metaspace   ] GC(5) Metaspace: 9448K(9728K)->9448K(9728K) NonClass: 8553K(8704K)->8553K(8704K) Class: 895K(1024K)->895K(1024K)
[2026-08-03T13:19:30.757+0900][0.919s][debug][gc,heap        ] GC(5) Heap after GC invocations=6 (full 6):
[2026-08-03T13:19:30.757+0900][0.919s][debug][gc,heap        ] GC(5)  garbage-first heap   total 131072K, used 17913K [0x0000019af8000000, 0x000001d1f8000000)
[2026-08-03T13:19:30.757+0900][0.919s][debug][gc,heap        ] GC(5)   region size 32768K, 0 young (0K), 0 survivors (0K)
[2026-08-03T13:19:30.757+0900][0.919s][debug][gc,heap        ] GC(5)  Metaspace       used 9448K, committed 9728K, reserved 1114112K
[2026-08-03T13:19:30.757+0900][0.919s][debug][gc,heap        ] GC(5)   class space    used 895K, committed 1024K, reserved 1048576K
[2026-08-03T13:19:30.757+0900][0.919s][info ][gc             ] GC(5) Pause Full (System.gc()) 18M->17M(128M) 25.473ms
[2026-08-03T13:19:30.757+0900][0.919s][info ][gc,cpu         ] GC(5) User=0.03s Sys=0.00s Real=0.02s
[2026-08-03T13:19:30.757+0900][0.920s][info ][safepoint      ] Safepoint "G1CollectFull", Time since last: 3014700 ns, Reaching safepoint: 37400 ns, At safepoint: 25562800 ns, Total: 25600200 ns
[2026-08-03T13:19:30.760+0900][0.922s][info ][gc,start       ] GC(6) Pause Full (System.gc())
[2026-08-03T13:19:30.760+0900][0.922s][debug][gc,heap        ] GC(6) Heap before GC invocations=6 (full 6):
[2026-08-03T13:19:30.760+0900][0.922s][debug][gc,heap        ] GC(6)  garbage-first heap   total 131072K, used 17913K [0x0000019af8000000, 0x000001d1f8000000)
[2026-08-03T13:19:30.760+0900][0.922s][debug][gc,heap        ] GC(6)   region size 32768K, 1 young (32768K), 0 survivors (0K)
[2026-08-03T13:19:30.760+0900][0.922s][debug][gc,heap        ] GC(6)  Metaspace       used 9469K, committed 9792K, reserved 1114112K
[2026-08-03T13:19:30.760+0900][0.922s][debug][gc,heap        ] GC(6)   class space    used 895K, committed 1024K, reserved 1048576K
[2026-08-03T13:19:30.760+0900][0.922s][info ][gc,task        ] GC(6) Using 1 workers of 18 for full compaction
[2026-08-03T13:19:30.760+0900][0.922s][info ][gc,phases,start] GC(6) Phase 1: Mark live objects
[2026-08-03T13:19:30.776+0900][0.937s][info ][gc,phases      ] GC(6) Phase 1: Mark live objects 14.509ms
[2026-08-03T13:19:30.776+0900][0.937s][info ][gc,phases,start] GC(6) Phase 2: Prepare for compaction
[2026-08-03T13:19:30.778+0900][0.940s][info ][gc,phases      ] GC(6) Phase 2: Prepare for compaction 2.657ms
[2026-08-03T13:19:30.778+0900][0.940s][info ][gc,phases,start] GC(6) Phase 3: Adjust pointers
[2026-08-03T13:19:30.785+0900][0.946s][info ][gc,phases      ] GC(6) Phase 3: Adjust pointers 6.238ms
[2026-08-03T13:19:30.785+0900][0.946s][info ][gc,phases,start] GC(6) Phase 4: Compact heap
[2026-08-03T13:19:30.787+0900][0.948s][info ][gc,phases      ] GC(6) Phase 4: Compact heap 2.169ms
[2026-08-03T13:19:30.788+0900][0.950s][info ][gc,heap        ] GC(6) Eden regions: 1->0(1)
[2026-08-03T13:19:30.788+0900][0.950s][info ][gc,heap        ] GC(6) Survivor regions: 0->0(0)
[2026-08-03T13:19:30.788+0900][0.950s][info ][gc,heap        ] GC(6) Old regions: 1->1
[2026-08-03T13:19:30.788+0900][0.950s][info ][gc,heap        ] GC(6) Archive regions: 0->0
[2026-08-03T13:19:30.788+0900][0.950s][info ][gc,heap        ] GC(6) Humongous regions: 0->0
[2026-08-03T13:19:30.788+0900][0.950s][info ][gc,metaspace   ] GC(6) Metaspace: 9469K(9792K)->9469K(9792K) NonClass: 8573K(8768K)->8573K(8768K) Class: 895K(1024K)->895K(1024K)
[2026-08-03T13:19:30.788+0900][0.950s][debug][gc,heap        ] GC(6) Heap after GC invocations=7 (full 7):
[2026-08-03T13:19:30.788+0900][0.950s][debug][gc,heap        ] GC(6)  garbage-first heap   total 131072K, used 17923K [0x0000019af8000000, 0x000001d1f8000000)
[2026-08-03T13:19:30.788+0900][0.950s][debug][gc,heap        ] GC(6)   region size 32768K, 0 young (0K), 0 survivors (0K)
[2026-08-03T13:19:30.788+0900][0.950s][debug][gc,heap        ] GC(6)  Metaspace       used 9469K, committed 9792K, reserved 1114112K
[2026-08-03T13:19:30.788+0900][0.950s][debug][gc,heap        ] GC(6)   class space    used 895K, committed 1024K, reserved 1048576K
[2026-08-03T13:19:30.788+0900][0.950s][info ][gc             ] GC(6) Pause Full (System.gc()) 19M->17M(128M) 27.672ms
[2026-08-03T13:19:30.788+0900][0.950s][info ][gc,cpu         ] GC(6) User=0.03s Sys=0.00s Real=0.03s
[2026-08-03T13:19:30.788+0900][0.950s][info ][safepoint      ] Safepoint "G1CollectFull", Time since last: 2651400 ns, Reaching safepoint: 17900 ns, At safepoint: 27793500 ns, Total: 27811400 ns
[2026-08-03T13:19:30.791+0900][0.953s][info ][gc,start       ] GC(7) Pause Full (System.gc())
[2026-08-03T13:19:30.791+0900][0.953s][debug][gc,heap        ] GC(7) Heap before GC invocations=7 (full 7):
[2026-08-03T13:19:30.791+0900][0.953s][debug][gc,heap        ] GC(7)  garbage-first heap   total 131072K, used 17923K [0x0000019af8000000, 0x000001d1f8000000)
[2026-08-03T13:19:30.791+0900][0.953s][debug][gc,heap        ] GC(7)   region size 32768K, 1 young (32768K), 0 survivors (0K)
[2026-08-03T13:19:30.791+0900][0.953s][debug][gc,heap        ] GC(7)  Metaspace       used 9482K, committed 9792K, reserved 1114112K
[2026-08-03T13:19:30.791+0900][0.953s][debug][gc,heap        ] GC(7)   class space    used 895K, committed 1024K, reserved 1048576K
[2026-08-03T13:19:30.791+0900][0.953s][info ][gc,task        ] GC(7) Using 1 workers of 18 for full compaction
[2026-08-03T13:19:30.791+0900][0.953s][info ][gc,phases,start] GC(7) Phase 1: Mark live objects
[2026-08-03T13:19:30.806+0900][0.968s][info ][gc,phases      ] GC(7) Phase 1: Mark live objects 14.429ms
[2026-08-03T13:19:30.806+0900][0.968s][info ][gc,phases,start] GC(7) Phase 2: Prepare for compaction
[2026-08-03T13:19:30.809+0900][0.970s][info ][gc,phases      ] GC(7) Phase 2: Prepare for compaction 2.657ms
[2026-08-03T13:19:30.809+0900][0.970s][info ][gc,phases,start] GC(7) Phase 3: Adjust pointers
[2026-08-03T13:19:30.814+0900][0.976s][info ][gc,phases      ] GC(7) Phase 3: Adjust pointers 5.703ms
[2026-08-03T13:19:30.814+0900][0.976s][info ][gc,phases,start] GC(7) Phase 4: Compact heap
[2026-08-03T13:19:30.816+0900][0.978s][info ][gc,phases      ] GC(7) Phase 4: Compact heap 2.015ms
[2026-08-03T13:19:30.818+0900][0.980s][info ][gc,heap        ] GC(7) Eden regions: 1->0(1)
[2026-08-03T13:19:30.818+0900][0.980s][info ][gc,heap        ] GC(7) Survivor regions: 0->0(0)
[2026-08-03T13:19:30.818+0900][0.980s][info ][gc,heap        ] GC(7) Old regions: 1->1
[2026-08-03T13:19:30.818+0900][0.980s][info ][gc,heap        ] GC(7) Archive regions: 0->0
[2026-08-03T13:19:30.818+0900][0.980s][info ][gc,heap        ] GC(7) Humongous regions: 0->0
[2026-08-03T13:19:30.818+0900][0.980s][info ][gc,metaspace   ] GC(7) Metaspace: 9482K(9792K)->9482K(9792K) NonClass: 8586K(8768K)->8586K(8768K) Class: 895K(1024K)->895K(1024K)
[2026-08-03T13:19:30.818+0900][0.980s][debug][gc,heap        ] GC(7) Heap after GC invocations=8 (full 8):
[2026-08-03T13:19:30.818+0900][0.980s][debug][gc,heap        ] GC(7)  garbage-first heap   total 131072K, used 17931K [0x0000019af8000000, 0x000001d1f8000000)
[2026-08-03T13:19:30.818+0900][0.980s][debug][gc,heap        ] GC(7)   region size 32768K, 0 young (0K), 0 survivors (0K)
[2026-08-03T13:19:30.818+0900][0.980s][debug][gc,heap        ] GC(7)  Metaspace       used 9482K, committed 9792K, reserved 1114112K
[2026-08-03T13:19:30.818+0900][0.980s][debug][gc,heap        ] GC(7)   class space    used 895K, committed 1024K, reserved 1048576K
[2026-08-03T13:19:30.818+0900][0.980s][info ][gc             ] GC(7) Pause Full (System.gc()) 18M->17M(128M) 27.077ms
[2026-08-03T13:19:30.818+0900][0.980s][info ][gc,cpu         ] GC(7) User=0.03s Sys=0.00s Real=0.03s
[2026-08-03T13:19:30.818+0900][0.980s][info ][safepoint      ] Safepoint "G1CollectFull", Time since last: 2936900 ns, Reaching safepoint: 25300 ns, At safepoint: 27194200 ns, Total: 27219500 ns
[2026-08-03T13:19:30.820+0900][0.982s][info ][gc,start       ] GC(8) Pause Full (System.gc())
[2026-08-03T13:19:30.820+0900][0.982s][debug][gc,heap        ] GC(8) Heap before GC invocations=8 (full 8):
[2026-08-03T13:19:30.820+0900][0.982s][debug][gc,heap        ] GC(8)  garbage-first heap   total 131072K, used 17931K [0x0000019af8000000, 0x000001d1f8000000)
[2026-08-03T13:19:30.820+0900][0.982s][debug][gc,heap        ] GC(8)   region size 32768K, 1 young (32768K), 0 survivors (0K)
[2026-08-03T13:19:30.820+0900][0.982s][debug][gc,heap        ] GC(8)  Metaspace       used 9494K, committed 9792K, reserved 1114112K
[2026-08-03T13:19:30.820+0900][0.982s][debug][gc,heap        ] GC(8)   class space    used 895K, committed 1024K, reserved 1048576K
[2026-08-03T13:19:30.820+0900][0.982s][info ][gc,task        ] GC(8) Using 1 workers of 18 for full compaction
[2026-08-03T13:19:30.821+0900][0.982s][info ][gc,phases,start] GC(8) Phase 1: Mark live objects
[2026-08-03T13:19:30.834+0900][0.995s][info ][gc,phases      ] GC(8) Phase 1: Mark live objects 12.584ms
[2026-08-03T13:19:30.834+0900][0.995s][info ][gc,phases,start] GC(8) Phase 2: Prepare for compaction
[2026-08-03T13:19:30.836+0900][0.997s][info ][gc,phases      ] GC(8) Phase 2: Prepare for compaction 2.486ms
[2026-08-03T13:19:30.836+0900][0.997s][info ][gc,phases,start] GC(8) Phase 3: Adjust pointers
[2026-08-03T13:19:30.842+0900][1.003s][info ][gc,phases      ] GC(8) Phase 3: Adjust pointers 5.986ms
[2026-08-03T13:19:30.842+0900][1.004s][info ][gc,phases,start] GC(8) Phase 4: Compact heap
[2026-08-03T13:19:30.844+0900][1.006s][info ][gc,phases      ] GC(8) Phase 4: Compact heap 2.228ms
[2026-08-03T13:19:30.846+0900][1.008s][info ][gc,heap        ] GC(8) Eden regions: 1->0(1)
[2026-08-03T13:19:30.846+0900][1.008s][info ][gc,heap        ] GC(8) Survivor regions: 0->0(0)
[2026-08-03T13:19:30.846+0900][1.008s][info ][gc,heap        ] GC(8) Old regions: 1->1
[2026-08-03T13:19:30.846+0900][1.008s][info ][gc,heap        ] GC(8) Archive regions: 0->0
[2026-08-03T13:19:30.846+0900][1.008s][info ][gc,heap        ] GC(8) Humongous regions: 0->0
[2026-08-03T13:19:30.846+0900][1.008s][info ][gc,metaspace   ] GC(8) Metaspace: 9494K(9792K)->9494K(9792K) NonClass: 8598K(8768K)->8598K(8768K) Class: 895K(1024K)->895K(1024K)
[2026-08-03T13:19:30.846+0900][1.008s][debug][gc,heap        ] GC(8) Heap after GC invocations=9 (full 9):
[2026-08-03T13:19:30.846+0900][1.008s][debug][gc,heap        ] GC(8)  garbage-first heap   total 131072K, used 17940K [0x0000019af8000000, 0x000001d1f8000000)
[2026-08-03T13:19:30.846+0900][1.008s][debug][gc,heap        ] GC(8)   region size 32768K, 0 young (0K), 0 survivors (0K)
[2026-08-03T13:19:30.846+0900][1.008s][debug][gc,heap        ] GC(8)  Metaspace       used 9494K, committed 9792K, reserved 1114112K
[2026-08-03T13:19:30.846+0900][1.008s][debug][gc,heap        ] GC(8)   class space    used 895K, committed 1024K, reserved 1048576K
[2026-08-03T13:19:30.846+0900][1.008s][info ][gc             ] GC(8) Pause Full (System.gc()) 18M->17M(128M) 25.508ms
[2026-08-03T13:19:30.846+0900][1.008s][info ][gc,cpu         ] GC(8) User=0.03s Sys=0.00s Real=0.03s
[2026-08-03T13:19:30.846+0900][1.008s][info ][safepoint      ] Safepoint "G1CollectFull", Time since last: 2019200 ns, Reaching safepoint: 21800 ns, At safepoint: 25622100 ns, Total: 25643900 ns
[2026-08-03T13:19:30.849+0900][1.010s][info ][gc,start       ] GC(9) Pause Full (System.gc())
[2026-08-03T13:19:30.849+0900][1.010s][debug][gc,heap        ] GC(9) Heap before GC invocations=9 (full 9):
[2026-08-03T13:19:30.849+0900][1.010s][debug][gc,heap        ] GC(9)  garbage-first heap   total 131072K, used 17940K [0x0000019af8000000, 0x000001d1f8000000)
[2026-08-03T13:19:30.849+0900][1.010s][debug][gc,heap        ] GC(9)   region size 32768K, 1 young (32768K), 0 survivors (0K)
[2026-08-03T13:19:30.849+0900][1.010s][debug][gc,heap        ] GC(9)  Metaspace       used 9511K, committed 9792K, reserved 1114112K
[2026-08-03T13:19:30.849+0900][1.010s][debug][gc,heap        ] GC(9)   class space    used 895K, committed 1024K, reserved 1048576K
[2026-08-03T13:19:30.849+0900][1.010s][info ][gc,task        ] GC(9) Using 1 workers of 18 for full compaction
[2026-08-03T13:19:30.849+0900][1.011s][info ][gc,phases,start] GC(9) Phase 1: Mark live objects
[2026-08-03T13:19:30.862+0900][1.024s][info ][gc,phases      ] GC(9) Phase 1: Mark live objects 13.335ms
[2026-08-03T13:19:30.862+0900][1.024s][info ][gc,phases,start] GC(9) Phase 2: Prepare for compaction
[2026-08-03T13:19:30.865+0900][1.027s][info ][gc,phases      ] GC(9) Phase 2: Prepare for compaction 2.583ms
[2026-08-03T13:19:30.865+0900][1.027s][info ][gc,phases,start] GC(9) Phase 3: Adjust pointers
[2026-08-03T13:19:30.872+0900][1.033s][info ][gc,phases      ] GC(9) Phase 3: Adjust pointers 6.377ms
[2026-08-03T13:19:30.872+0900][1.033s][info ][gc,phases,start] GC(9) Phase 4: Compact heap
[2026-08-03T13:19:30.874+0900][1.035s][info ][gc,phases      ] GC(9) Phase 4: Compact heap 2.036ms
[2026-08-03T13:19:30.875+0900][1.037s][info ][gc,heap        ] GC(9) Eden regions: 1->0(1)
[2026-08-03T13:19:30.875+0900][1.037s][info ][gc,heap        ] GC(9) Survivor regions: 0->0(0)
[2026-08-03T13:19:30.875+0900][1.037s][info ][gc,heap        ] GC(9) Old regions: 1->1
[2026-08-03T13:19:30.875+0900][1.037s][info ][gc,heap        ] GC(9) Archive regions: 0->0
[2026-08-03T13:19:30.875+0900][1.037s][info ][gc,heap        ] GC(9) Humongous regions: 0->0
[2026-08-03T13:19:30.875+0900][1.037s][info ][gc,metaspace   ] GC(9) Metaspace: 9511K(9792K)->9511K(9792K) NonClass: 8615K(8768K)->8615K(8768K) Class: 895K(1024K)->895K(1024K)
[2026-08-03T13:19:30.875+0900][1.037s][debug][gc,heap        ] GC(9) Heap after GC invocations=10 (full 10):
[2026-08-03T13:19:30.875+0900][1.037s][debug][gc,heap        ] GC(9)  garbage-first heap   total 131072K, used 17950K [0x0000019af8000000, 0x000001d1f8000000)
[2026-08-03T13:19:30.875+0900][1.037s][debug][gc,heap        ] GC(9)   region size 32768K, 0 young (0K), 0 survivors (0K)
[2026-08-03T13:19:30.875+0900][1.037s][debug][gc,heap        ] GC(9)  Metaspace       used 9511K, committed 9792K, reserved 1114112K
[2026-08-03T13:19:30.875+0900][1.037s][debug][gc,heap        ] GC(9)   class space    used 895K, committed 1024K, reserved 1048576K
[2026-08-03T13:19:30.875+0900][1.037s][info ][gc             ] GC(9) Pause Full (System.gc()) 18M->17M(128M) 26.327ms
[2026-08-03T13:19:30.875+0900][1.037s][info ][gc,cpu         ] GC(9) User=0.03s Sys=0.00s Real=0.03s
[2026-08-03T13:19:30.875+0900][1.037s][info ][safepoint      ] Safepoint "G1CollectFull", Time since last: 2482000 ns, Reaching safepoint: 88200 ns, At safepoint: 26439200 ns, Total: 26527400 ns
[2026-08-03T13:19:30.877+0900][1.039s][info ][gc,start       ] GC(10) Pause Full (System.gc())
[2026-08-03T13:19:30.877+0900][1.039s][debug][gc,heap        ] GC(10) Heap before GC invocations=10 (full 10):
[2026-08-03T13:19:30.877+0900][1.039s][debug][gc,heap        ] GC(10)  garbage-first heap   total 131072K, used 17950K [0x0000019af8000000, 0x000001d1f8000000)
[2026-08-03T13:19:30.877+0900][1.039s][debug][gc,heap        ] GC(10)   region size 32768K, 1 young (32768K), 0 survivors (0K)
[2026-08-03T13:19:30.877+0900][1.039s][debug][gc,heap        ] GC(10)  Metaspace       used 9512K, committed 9792K, reserved 1114112K
[2026-08-03T13:19:30.877+0900][1.039s][debug][gc,heap        ] GC(10)   class space    used 895K, committed 1024K, reserved 1048576K
[2026-08-03T13:19:30.877+0900][1.039s][info ][gc,task        ] GC(10) Using 1 workers of 18 for full compaction
[2026-08-03T13:19:30.878+0900][1.039s][info ][gc,phases,start] GC(10) Phase 1: Mark live objects
[2026-08-03T13:19:30.890+0900][1.052s][info ][gc,phases      ] GC(10) Phase 1: Mark live objects 12.801ms
[2026-08-03T13:19:30.890+0900][1.052s][info ][gc,phases,start] GC(10) Phase 2: Prepare for compaction
[2026-08-03T13:19:30.894+0900][1.055s][info ][gc,phases      ] GC(10) Phase 2: Prepare for compaction 2.988ms
[2026-08-03T13:19:30.894+0900][1.055s][info ][gc,phases,start] GC(10) Phase 3: Adjust pointers
[2026-08-03T13:19:30.899+0900][1.061s][info ][gc,phases      ] GC(10) Phase 3: Adjust pointers 5.545ms
[2026-08-03T13:19:30.899+0900][1.061s][info ][gc,phases,start] GC(10) Phase 4: Compact heap
[2026-08-03T13:19:30.902+0900][1.063s][info ][gc,phases      ] GC(10) Phase 4: Compact heap 2.801ms
[2026-08-03T13:19:30.904+0900][1.065s][info ][gc,heap        ] GC(10) Eden regions: 1->0(1)
[2026-08-03T13:19:30.904+0900][1.065s][info ][gc,heap        ] GC(10) Survivor regions: 0->0(0)
[2026-08-03T13:19:30.904+0900][1.065s][info ][gc,heap        ] GC(10) Old regions: 1->1
[2026-08-03T13:19:30.904+0900][1.065s][info ][gc,heap        ] GC(10) Archive regions: 0->0
[2026-08-03T13:19:30.904+0900][1.065s][info ][gc,heap        ] GC(10) Humongous regions: 0->0
[2026-08-03T13:19:30.904+0900][1.065s][info ][gc,metaspace   ] GC(10) Metaspace: 9512K(9792K)->9512K(9792K) NonClass: 8616K(8768K)->8616K(8768K) Class: 895K(1024K)->895K(1024K)
[2026-08-03T13:19:30.904+0900][1.065s][debug][gc,heap        ] GC(10) Heap after GC invocations=11 (full 11):
[2026-08-03T13:19:30.904+0900][1.065s][debug][gc,heap        ] GC(10)  garbage-first heap   total 131072K, used 17959K [0x0000019af8000000, 0x000001d1f8000000)
[2026-08-03T13:19:30.904+0900][1.065s][debug][gc,heap        ] GC(10)   region size 32768K, 0 young (0K), 0 survivors (0K)
[2026-08-03T13:19:30.904+0900][1.065s][debug][gc,heap        ] GC(10)  Metaspace       used 9512K, committed 9792K, reserved 1114112K
[2026-08-03T13:19:30.904+0900][1.065s][debug][gc,heap        ] GC(10)   class space    used 895K, committed 1024K, reserved 1048576K
[2026-08-03T13:19:30.904+0900][1.065s][info ][gc             ] GC(10) Pause Full (System.gc()) 18M->17M(128M) 26.057ms
[2026-08-03T13:19:30.904+0900][1.065s][info ][gc,cpu         ] GC(10) User=0.02s Sys=0.00s Real=0.03s
[2026-08-03T13:19:30.904+0900][1.065s][info ][safepoint      ] Safepoint "G1CollectFull", Time since last: 2100500 ns, Reaching safepoint: 21400 ns, At safepoint: 26172500 ns, Total: 26193900 ns
[2026-08-03T13:19:30.906+0900][1.067s][info ][gc,start       ] GC(11) Pause Full (System.gc())
[2026-08-03T13:19:30.906+0900][1.067s][debug][gc,heap        ] GC(11) Heap before GC invocations=11 (full 11):
[2026-08-03T13:19:30.906+0900][1.067s][debug][gc,heap        ] GC(11)  garbage-first heap   total 131072K, used 17959K [0x0000019af8000000, 0x000001d1f8000000)
[2026-08-03T13:19:30.906+0900][1.067s][debug][gc,heap        ] GC(11)   region size 32768K, 1 young (32768K), 0 survivors (0K)
[2026-08-03T13:19:30.906+0900][1.067s][debug][gc,heap        ] GC(11)  Metaspace       used 9518K, committed 9792K, reserved 1114112K
[2026-08-03T13:19:30.906+0900][1.067s][debug][gc,heap        ] GC(11)   class space    used 895K, committed 1024K, reserved 1048576K
[2026-08-03T13:19:30.906+0900][1.067s][info ][gc,task        ] GC(11) Using 1 workers of 18 for full compaction
[2026-08-03T13:19:30.906+0900][1.068s][info ][gc,phases,start] GC(11) Phase 1: Mark live objects
[2026-08-03T13:19:30.920+0900][1.082s][info ][gc,phases      ] GC(11) Phase 1: Mark live objects 14.203ms
[2026-08-03T13:19:30.920+0900][1.082s][info ][gc,phases,start] GC(11) Phase 2: Prepare for compaction
[2026-08-03T13:19:30.924+0900][1.085s][info ][gc,phases      ] GC(11) Phase 2: Prepare for compaction 3.175ms
[2026-08-03T13:19:30.924+0900][1.085s][info ][gc,phases,start] GC(11) Phase 3: Adjust pointers
[2026-08-03T13:19:30.930+0900][1.091s][info ][gc,phases      ] GC(11) Phase 3: Adjust pointers 5.709ms
[2026-08-03T13:19:30.930+0900][1.091s][info ][gc,phases,start] GC(11) Phase 4: Compact heap
[2026-08-03T13:19:30.932+0900][1.093s][info ][gc,phases      ] GC(11) Phase 4: Compact heap 2.279ms
[2026-08-03T13:19:30.933+0900][1.095s][info ][gc,heap        ] GC(11) Eden regions: 1->0(1)
[2026-08-03T13:19:30.933+0900][1.095s][info ][gc,heap        ] GC(11) Survivor regions: 0->0(0)
[2026-08-03T13:19:30.933+0900][1.095s][info ][gc,heap        ] GC(11) Old regions: 1->1
[2026-08-03T13:19:30.933+0900][1.095s][info ][gc,heap        ] GC(11) Archive regions: 0->0
[2026-08-03T13:19:30.933+0900][1.095s][info ][gc,heap        ] GC(11) Humongous regions: 0->0
[2026-08-03T13:19:30.933+0900][1.095s][info ][gc,metaspace   ] GC(11) Metaspace: 9518K(9792K)->9518K(9792K) NonClass: 8623K(8768K)->8623K(8768K) Class: 895K(1024K)->895K(1024K)
[2026-08-03T13:19:30.933+0900][1.095s][debug][gc,heap        ] GC(11) Heap after GC invocations=12 (full 12):
[2026-08-03T13:19:30.933+0900][1.095s][debug][gc,heap        ] GC(11)  garbage-first heap   total 131072K, used 17968K [0x0000019af8000000, 0x000001d1f8000000)
[2026-08-03T13:19:30.933+0900][1.095s][debug][gc,heap        ] GC(11)   region size 32768K, 0 young (0K), 0 survivors (0K)
[2026-08-03T13:19:30.933+0900][1.095s][debug][gc,heap        ] GC(11)  Metaspace       used 9518K, committed 9792K, reserved 1114112K
[2026-08-03T13:19:30.933+0900][1.095s][debug][gc,heap        ] GC(11)   class space    used 895K, committed 1024K, reserved 1048576K
[2026-08-03T13:19:30.933+0900][1.095s][info ][gc             ] GC(11) Pause Full (System.gc()) 18M->17M(128M) 27.276ms
[2026-08-03T13:19:30.933+0900][1.095s][info ][gc,cpu         ] GC(11) User=0.02s Sys=0.02s Real=0.03s
[2026-08-03T13:19:30.934+0900][1.095s][info ][safepoint      ] Safepoint "G1CollectFull", Time since last: 2206600 ns, Reaching safepoint: 25800 ns, At safepoint: 27375500 ns, Total: 27401300 ns
[2026-08-03T13:19:30.936+0900][1.097s][info ][gc,start       ] GC(12) Pause Full (System.gc())
[2026-08-03T13:19:30.936+0900][1.097s][debug][gc,heap        ] GC(12) Heap before GC invocations=12 (full 12):
[2026-08-03T13:19:30.936+0900][1.097s][debug][gc,heap        ] GC(12)  garbage-first heap   total 131072K, used 17968K [0x0000019af8000000, 0x000001d1f8000000)
[2026-08-03T13:19:30.936+0900][1.097s][debug][gc,heap        ] GC(12)   region size 32768K, 1 young (32768K), 0 survivors (0K)
[2026-08-03T13:19:30.936+0900][1.097s][debug][gc,heap        ] GC(12)  Metaspace       used 9521K, committed 9792K, reserved 1114112K
[2026-08-03T13:19:30.936+0900][1.097s][debug][gc,heap        ] GC(12)   class space    used 895K, committed 1024K, reserved 1048576K
[2026-08-03T13:19:30.936+0900][1.097s][info ][gc,task        ] GC(12) Using 1 workers of 18 for full compaction
[2026-08-03T13:19:30.936+0900][1.097s][info ][gc,phases,start] GC(12) Phase 1: Mark live objects
[2026-08-03T13:19:30.948+0900][1.109s][info ][gc,phases      ] GC(12) Phase 1: Mark live objects 12.448ms
[2026-08-03T13:19:30.948+0900][1.109s][info ][gc,phases,start] GC(12) Phase 2: Prepare for compaction
[2026-08-03T13:19:30.951+0900][1.112s][info ][gc,phases      ] GC(12) Phase 2: Prepare for compaction 2.491ms
[2026-08-03T13:19:30.951+0900][1.112s][info ][gc,phases,start] GC(12) Phase 3: Adjust pointers
[2026-08-03T13:19:30.957+0900][1.119s][info ][gc,phases      ] GC(12) Phase 3: Adjust pointers 6.517ms
[2026-08-03T13:19:30.957+0900][1.119s][info ][gc,phases,start] GC(12) Phase 4: Compact heap
[2026-08-03T13:19:30.959+0900][1.121s][info ][gc,phases      ] GC(12) Phase 4: Compact heap 2.438ms
[2026-08-03T13:19:30.961+0900][1.123s][info ][gc,heap        ] GC(12) Eden regions: 1->0(1)
[2026-08-03T13:19:30.961+0900][1.123s][info ][gc,heap        ] GC(12) Survivor regions: 0->0(0)
[2026-08-03T13:19:30.961+0900][1.123s][info ][gc,heap        ] GC(12) Old regions: 1->1
[2026-08-03T13:19:30.961+0900][1.123s][info ][gc,heap        ] GC(12) Archive regions: 0->0
[2026-08-03T13:19:30.961+0900][1.123s][info ][gc,heap        ] GC(12) Humongous regions: 0->0
[2026-08-03T13:19:30.961+0900][1.123s][info ][gc,metaspace   ] GC(12) Metaspace: 9521K(9792K)->9521K(9792K) NonClass: 8626K(8768K)->8626K(8768K) Class: 895K(1024K)->895K(1024K)
[2026-08-03T13:19:30.961+0900][1.123s][debug][gc,heap        ] GC(12) Heap after GC invocations=13 (full 13):
[2026-08-03T13:19:30.961+0900][1.123s][debug][gc,heap        ] GC(12)  garbage-first heap   total 131072K, used 17982K [0x0000019af8000000, 0x000001d1f8000000)
[2026-08-03T13:19:30.961+0900][1.123s][debug][gc,heap        ] GC(12)   region size 32768K, 0 young (0K), 0 survivors (0K)
[2026-08-03T13:19:30.961+0900][1.123s][debug][gc,heap        ] GC(12)  Metaspace       used 9521K, committed 9792K, reserved 1114112K
[2026-08-03T13:19:30.961+0900][1.123s][debug][gc,heap        ] GC(12)   class space    used 895K, committed 1024K, reserved 1048576K
[2026-08-03T13:19:30.961+0900][1.123s][info ][gc             ] GC(12) Pause Full (System.gc()) 18M->17M(128M) 25.849ms
[2026-08-03T13:19:30.961+0900][1.123s][info ][gc,cpu         ] GC(12) User=0.03s Sys=0.00s Real=0.02s
[2026-08-03T13:19:30.961+0900][1.123s][info ][safepoint      ] Safepoint "G1CollectFull", Time since last: 2040300 ns, Reaching safepoint: 24100 ns, At safepoint: 25887700 ns, Total: 25911800 ns
[2026-08-03T13:19:30.964+0900][1.125s][info ][gc,start       ] GC(13) Pause Full (System.gc())
[2026-08-03T13:19:30.964+0900][1.125s][debug][gc,heap        ] GC(13) Heap before GC invocations=13 (full 13):
[2026-08-03T13:19:30.964+0900][1.125s][debug][gc,heap        ] GC(13)  garbage-first heap   total 131072K, used 17982K [0x0000019af8000000, 0x000001d1f8000000)
[2026-08-03T13:19:30.964+0900][1.125s][debug][gc,heap        ] GC(13)   region size 32768K, 1 young (32768K), 0 survivors (0K)
[2026-08-03T13:19:30.964+0900][1.125s][debug][gc,heap        ] GC(13)  Metaspace       used 9528K, committed 9792K, reserved 1114112K
[2026-08-03T13:19:30.964+0900][1.125s][debug][gc,heap        ] GC(13)   class space    used 895K, committed 1024K, reserved 1048576K
[2026-08-03T13:19:30.964+0900][1.125s][info ][gc,task        ] GC(13) Using 1 workers of 18 for full compaction
[2026-08-03T13:19:30.964+0900][1.125s][info ][gc,phases,start] GC(13) Phase 1: Mark live objects
[2026-08-03T13:19:30.978+0900][1.140s][info ][gc,phases      ] GC(13) Phase 1: Mark live objects 14.655ms
[2026-08-03T13:19:30.978+0900][1.140s][info ][gc,phases,start] GC(13) Phase 2: Prepare for compaction
[2026-08-03T13:19:30.982+0900][1.143s][info ][gc,phases      ] GC(13) Phase 2: Prepare for compaction 2.757ms
[2026-08-03T13:19:30.982+0900][1.143s][info ][gc,phases,start] GC(13) Phase 3: Adjust pointers
[2026-08-03T13:19:30.987+0900][1.149s][info ][gc,phases      ] GC(13) Phase 3: Adjust pointers 5.795ms
[2026-08-03T13:19:30.987+0900][1.149s][info ][gc,phases,start] GC(13) Phase 4: Compact heap
[2026-08-03T13:19:30.990+0900][1.151s][info ][gc,phases      ] GC(13) Phase 4: Compact heap 2.485ms
[2026-08-03T13:19:30.991+0900][1.153s][info ][gc,heap        ] GC(13) Eden regions: 1->0(1)
[2026-08-03T13:19:30.991+0900][1.153s][info ][gc,heap        ] GC(13) Survivor regions: 0->0(0)
[2026-08-03T13:19:30.991+0900][1.153s][info ][gc,heap        ] GC(13) Old regions: 1->1
[2026-08-03T13:19:30.991+0900][1.153s][info ][gc,heap        ] GC(13) Archive regions: 0->0
[2026-08-03T13:19:30.991+0900][1.153s][info ][gc,heap        ] GC(13) Humongous regions: 0->0
[2026-08-03T13:19:30.991+0900][1.153s][info ][gc,metaspace   ] GC(13) Metaspace: 9528K(9792K)->9528K(9792K) NonClass: 8632K(8768K)->8632K(8768K) Class: 895K(1024K)->895K(1024K)
[2026-08-03T13:19:30.991+0900][1.153s][debug][gc,heap        ] GC(13) Heap after GC invocations=14 (full 14):
[2026-08-03T13:19:30.991+0900][1.153s][debug][gc,heap        ] GC(13)  garbage-first heap   total 131072K, used 18008K [0x0000019af8000000, 0x000001d1f8000000)
[2026-08-03T13:19:30.991+0900][1.153s][debug][gc,heap        ] GC(13)   region size 32768K, 0 young (0K), 0 survivors (0K)
[2026-08-03T13:19:30.991+0900][1.153s][debug][gc,heap        ] GC(13)  Metaspace       used 9528K, committed 9792K, reserved 1114112K
[2026-08-03T13:19:30.991+0900][1.153s][debug][gc,heap        ] GC(13)   class space    used 895K, committed 1024K, reserved 1048576K
[2026-08-03T13:19:30.991+0900][1.153s][info ][gc             ] GC(13) Pause Full (System.gc()) 18M->17M(128M) 27.703ms
[2026-08-03T13:19:30.991+0900][1.153s][info ][gc,cpu         ] GC(13) User=0.03s Sys=0.00s Real=0.03s
[2026-08-03T13:19:30.991+0900][1.153s][info ][safepoint      ] Safepoint "G1CollectFull", Time since last: 2515100 ns, Reaching safepoint: 17100 ns, At safepoint: 27816400 ns, Total: 27833500 ns
[2026-08-03T13:19:30.994+0900][1.156s][info ][gc,start       ] GC(14) Pause Full (System.gc())
[2026-08-03T13:19:30.994+0900][1.156s][debug][gc,heap        ] GC(14) Heap before GC invocations=14 (full 14):
[2026-08-03T13:19:30.994+0900][1.156s][debug][gc,heap        ] GC(14)  garbage-first heap   total 131072K, used 18008K [0x0000019af8000000, 0x000001d1f8000000)
[2026-08-03T13:19:30.994+0900][1.156s][debug][gc,heap        ] GC(14)   region size 32768K, 1 young (32768K), 0 survivors (0K)
[2026-08-03T13:19:30.994+0900][1.156s][debug][gc,heap        ] GC(14)  Metaspace       used 9532K, committed 9792K, reserved 1114112K
[2026-08-03T13:19:30.994+0900][1.156s][debug][gc,heap        ] GC(14)   class space    used 895K, committed 1024K, reserved 1048576K
[2026-08-03T13:19:30.994+0900][1.156s][info ][gc,task        ] GC(14) Using 1 workers of 18 for full compaction
[2026-08-03T13:19:30.994+0900][1.156s][info ][gc,phases,start] GC(14) Phase 1: Mark live objects
[2026-08-03T13:19:31.008+0900][1.170s][info ][gc,phases      ] GC(14) Phase 1: Mark live objects 13.774ms
[2026-08-03T13:19:31.008+0900][1.170s][info ][gc,phases,start] GC(14) Phase 2: Prepare for compaction
[2026-08-03T13:19:31.010+0900][1.172s][info ][gc,phases      ] GC(14) Phase 2: Prepare for compaction 2.558ms
[2026-08-03T13:19:31.010+0900][1.172s][info ][gc,phases,start] GC(14) Phase 3: Adjust pointers
[2026-08-03T13:19:31.017+0900][1.178s][info ][gc,phases      ] GC(14) Phase 3: Adjust pointers 5.983ms
[2026-08-03T13:19:31.017+0900][1.178s][info ][gc,phases,start] GC(14) Phase 4: Compact heap
[2026-08-03T13:19:31.019+0900][1.180s][info ][gc,phases      ] GC(14) Phase 4: Compact heap 2.220ms
[2026-08-03T13:19:31.020+0900][1.182s][info ][gc,heap        ] GC(14) Eden regions: 1->0(1)
[2026-08-03T13:19:31.020+0900][1.182s][info ][gc,heap        ] GC(14) Survivor regions: 0->0(0)
[2026-08-03T13:19:31.020+0900][1.182s][info ][gc,heap        ] GC(14) Old regions: 1->1
[2026-08-03T13:19:31.020+0900][1.182s][info ][gc,heap        ] GC(14) Archive regions: 0->0
[2026-08-03T13:19:31.020+0900][1.182s][info ][gc,heap        ] GC(14) Humongous regions: 0->0
[2026-08-03T13:19:31.020+0900][1.182s][info ][gc,metaspace   ] GC(14) Metaspace: 9532K(9792K)->9532K(9792K) NonClass: 8637K(8768K)->8637K(8768K) Class: 895K(1024K)->895K(1024K)
[2026-08-03T13:19:31.020+0900][1.182s][debug][gc,heap        ] GC(14) Heap after GC invocations=15 (full 15):
[2026-08-03T13:19:31.020+0900][1.182s][debug][gc,heap        ] GC(14)  garbage-first heap   total 131072K, used 18023K [0x0000019af8000000, 0x000001d1f8000000)
[2026-08-03T13:19:31.020+0900][1.182s][debug][gc,heap        ] GC(14)   region size 32768K, 0 young (0K), 0 survivors (0K)
[2026-08-03T13:19:31.020+0900][1.182s][debug][gc,heap        ] GC(14)  Metaspace       used 9532K, committed 9792K, reserved 1114112K
[2026-08-03T13:19:31.020+0900][1.182s][debug][gc,heap        ] GC(14)   class space    used 895K, committed 1024K, reserved 1048576K
[2026-08-03T13:19:31.020+0900][1.182s][info ][gc             ] GC(14) Pause Full (System.gc()) 18M->17M(128M) 26.551ms
[2026-08-03T13:19:31.020+0900][1.182s][info ][gc,cpu         ] GC(14) User=0.03s Sys=0.00s Real=0.03s
[2026-08-03T13:19:31.020+0900][1.182s][info ][safepoint      ] Safepoint "G1CollectFull", Time since last: 2540200 ns, Reaching safepoint: 19300 ns, At safepoint: 26656600 ns, Total: 26675900 ns
[2026-08-03T13:19:31.022+0900][1.184s][info ][gc,start       ] GC(15) Pause Full (System.gc())
[2026-08-03T13:19:31.022+0900][1.184s][debug][gc,heap        ] GC(15) Heap before GC invocations=15 (full 15):
[2026-08-03T13:19:31.022+0900][1.184s][debug][gc,heap        ] GC(15)  garbage-first heap   total 131072K, used 18023K [0x0000019af8000000, 0x000001d1f8000000)
[2026-08-03T13:19:31.022+0900][1.184s][debug][gc,heap        ] GC(15)   region size 32768K, 1 young (32768K), 0 survivors (0K)
[2026-08-03T13:19:31.022+0900][1.184s][debug][gc,heap        ] GC(15)  Metaspace       used 9544K, committed 9792K, reserved 1114112K
[2026-08-03T13:19:31.022+0900][1.184s][debug][gc,heap        ] GC(15)   class space    used 895K, committed 1024K, reserved 1048576K
[2026-08-03T13:19:31.023+0900][1.184s][info ][gc,task        ] GC(15) Using 1 workers of 18 for full compaction
[2026-08-03T13:19:31.023+0900][1.184s][info ][gc,phases,start] GC(15) Phase 1: Mark live objects
[2026-08-03T13:19:31.039+0900][1.200s][info ][gc,phases      ] GC(15) Phase 1: Mark live objects 15.324ms
[2026-08-03T13:19:31.039+0900][1.200s][info ][gc,phases,start] GC(15) Phase 2: Prepare for compaction
[2026-08-03T13:19:31.041+0900][1.203s][info ][gc,phases      ] GC(15) Phase 2: Prepare for compaction 2.733ms
[2026-08-03T13:19:31.041+0900][1.203s][info ][gc,phases,start] GC(15) Phase 3: Adjust pointers
[2026-08-03T13:19:31.047+0900][1.209s][info ][gc,phases      ] GC(15) Phase 3: Adjust pointers 6.170ms
[2026-08-03T13:19:31.047+0900][1.209s][info ][gc,phases,start] GC(15) Phase 4: Compact heap
[2026-08-03T13:19:31.051+0900][1.212s][info ][gc,phases      ] GC(15) Phase 4: Compact heap 3.347ms
[2026-08-03T13:19:31.053+0900][1.214s][info ][gc,heap        ] GC(15) Eden regions: 1->0(1)
[2026-08-03T13:19:31.053+0900][1.214s][info ][gc,heap        ] GC(15) Survivor regions: 0->0(0)
[2026-08-03T13:19:31.053+0900][1.214s][info ][gc,heap        ] GC(15) Old regions: 1->1
[2026-08-03T13:19:31.053+0900][1.214s][info ][gc,heap        ] GC(15) Archive regions: 0->0
[2026-08-03T13:19:31.053+0900][1.214s][info ][gc,heap        ] GC(15) Humongous regions: 0->0
[2026-08-03T13:19:31.053+0900][1.214s][info ][gc,metaspace   ] GC(15) Metaspace: 9544K(9792K)->9544K(9792K) NonClass: 8648K(8768K)->8648K(8768K) Class: 895K(1024K)->895K(1024K)
[2026-08-03T13:19:31.053+0900][1.214s][debug][gc,heap        ] GC(15) Heap after GC invocations=16 (full 16):
[2026-08-03T13:19:31.053+0900][1.214s][debug][gc,heap        ] GC(15)  garbage-first heap   total 131072K, used 18036K [0x0000019af8000000, 0x000001d1f8000000)
[2026-08-03T13:19:31.053+0900][1.214s][debug][gc,heap        ] GC(15)   region size 32768K, 0 young (0K), 0 survivors (0K)
[2026-08-03T13:19:31.053+0900][1.214s][debug][gc,heap        ] GC(15)  Metaspace       used 9544K, committed 9792K, reserved 1114112K
[2026-08-03T13:19:31.053+0900][1.214s][debug][gc,heap        ] GC(15)   class space    used 895K, committed 1024K, reserved 1048576K
[2026-08-03T13:19:31.053+0900][1.214s][info ][gc             ] GC(15) Pause Full (System.gc()) 18M->17M(128M) 29.843ms
[2026-08-03T13:19:31.053+0900][1.214s][info ][gc,cpu         ] GC(15) User=0.03s Sys=0.00s Real=0.03s
[2026-08-03T13:19:31.053+0900][1.214s][info ][safepoint      ] Safepoint "G1CollectFull", Time since last: 2018500 ns, Reaching safepoint: 33300 ns, At safepoint: 29970800 ns, Total: 30004100 ns
[2026-08-03T13:19:31.055+0900][1.217s][info ][gc,start       ] GC(16) Pause Full (System.gc())
[2026-08-03T13:19:31.055+0900][1.217s][debug][gc,heap        ] GC(16) Heap before GC invocations=16 (full 16):
[2026-08-03T13:19:31.055+0900][1.217s][debug][gc,heap        ] GC(16)  garbage-first heap   total 131072K, used 18036K [0x0000019af8000000, 0x000001d1f8000000)
[2026-08-03T13:19:31.055+0900][1.217s][debug][gc,heap        ] GC(16)   region size 32768K, 1 young (32768K), 0 survivors (0K)
[2026-08-03T13:19:31.055+0900][1.217s][debug][gc,heap        ] GC(16)  Metaspace       used 9548K, committed 9792K, reserved 1114112K
[2026-08-03T13:19:31.055+0900][1.217s][debug][gc,heap        ] GC(16)   class space    used 895K, committed 1024K, reserved 1048576K
[2026-08-03T13:19:31.055+0900][1.217s][info ][gc,task        ] GC(16) Using 1 workers of 18 for full compaction
[2026-08-03T13:19:31.055+0900][1.217s][info ][gc,phases,start] GC(16) Phase 1: Mark live objects
[2026-08-03T13:19:31.068+0900][1.230s][info ][gc,phases      ] GC(16) Phase 1: Mark live objects 13.308ms
[2026-08-03T13:19:31.068+0900][1.230s][info ][gc,phases,start] GC(16) Phase 2: Prepare for compaction
[2026-08-03T13:19:31.071+0900][1.233s][info ][gc,phases      ] GC(16) Phase 2: Prepare for compaction 2.493ms
[2026-08-03T13:19:31.071+0900][1.233s][info ][gc,phases,start] GC(16) Phase 3: Adjust pointers
[2026-08-03T13:19:31.077+0900][1.238s][info ][gc,phases      ] GC(16) Phase 3: Adjust pointers 5.787ms
[2026-08-03T13:19:31.077+0900][1.239s][info ][gc,phases,start] GC(16) Phase 4: Compact heap
[2026-08-03T13:19:31.080+0900][1.241s][info ][gc,phases      ] GC(16) Phase 4: Compact heap 2.469ms
[2026-08-03T13:19:31.081+0900][1.243s][info ][gc,heap        ] GC(16) Eden regions: 1->0(1)
[2026-08-03T13:19:31.081+0900][1.243s][info ][gc,heap        ] GC(16) Survivor regions: 0->0(0)
[2026-08-03T13:19:31.081+0900][1.243s][info ][gc,heap        ] GC(16) Old regions: 1->1
[2026-08-03T13:19:31.081+0900][1.243s][info ][gc,heap        ] GC(16) Archive regions: 0->0
[2026-08-03T13:19:31.081+0900][1.243s][info ][gc,heap        ] GC(16) Humongous regions: 0->0
[2026-08-03T13:19:31.081+0900][1.243s][info ][gc,metaspace   ] GC(16) Metaspace: 9548K(9792K)->9548K(9792K) NonClass: 8652K(8768K)->8652K(8768K) Class: 895K(1024K)->895K(1024K)
[2026-08-03T13:19:31.081+0900][1.243s][debug][gc,heap        ] GC(16) Heap after GC invocations=17 (full 17):
[2026-08-03T13:19:31.081+0900][1.243s][debug][gc,heap        ] GC(16)  garbage-first heap   total 131072K, used 18050K [0x0000019af8000000, 0x000001d1f8000000)
[2026-08-03T13:19:31.081+0900][1.243s][debug][gc,heap        ] GC(16)   region size 32768K, 0 young (0K), 0 survivors (0K)
[2026-08-03T13:19:31.081+0900][1.243s][debug][gc,heap        ] GC(16)  Metaspace       used 9548K, committed 9792K, reserved 1114112K
[2026-08-03T13:19:31.081+0900][1.243s][debug][gc,heap        ] GC(16)   class space    used 895K, committed 1024K, reserved 1048576K
[2026-08-03T13:19:31.082+0900][1.243s][info ][gc             ] GC(16) Pause Full (System.gc()) 18M->17M(128M) 26.122ms
[2026-08-03T13:19:31.082+0900][1.243s][info ][gc,cpu         ] GC(16) User=0.03s Sys=0.00s Real=0.03s
[2026-08-03T13:19:31.082+0900][1.243s][info ][safepoint      ] Safepoint "G1CollectFull", Time since last: 2335500 ns, Reaching safepoint: 33000 ns, At safepoint: 26268100 ns, Total: 26301100 ns
[2026-08-03T13:19:31.084+0900][1.246s][info ][gc,start       ] GC(17) Pause Full (System.gc())
[2026-08-03T13:19:31.084+0900][1.246s][debug][gc,heap        ] GC(17) Heap before GC invocations=17 (full 17):
[2026-08-03T13:19:31.085+0900][1.246s][debug][gc,heap        ] GC(17)  garbage-first heap   total 131072K, used 18050K [0x0000019af8000000, 0x000001d1f8000000)
[2026-08-03T13:19:31.085+0900][1.246s][debug][gc,heap        ] GC(17)   region size 32768K, 1 young (32768K), 0 survivors (0K)
[2026-08-03T13:19:31.085+0900][1.246s][debug][gc,heap        ] GC(17)  Metaspace       used 9573K, committed 9856K, reserved 1114112K
[2026-08-03T13:19:31.085+0900][1.246s][debug][gc,heap        ] GC(17)   class space    used 896K, committed 1024K, reserved 1048576K
[2026-08-03T13:19:31.085+0900][1.246s][info ][gc,task        ] GC(17) Using 1 workers of 18 for full compaction
[2026-08-03T13:19:31.085+0900][1.246s][info ][gc,phases,start] GC(17) Phase 1: Mark live objects
[2026-08-03T13:19:31.099+0900][1.261s][info ][gc,phases      ] GC(17) Phase 1: Mark live objects 14.832ms
[2026-08-03T13:19:31.099+0900][1.261s][info ][gc,phases,start] GC(17) Phase 2: Prepare for compaction
[2026-08-03T13:19:31.103+0900][1.264s][info ][gc,phases      ] GC(17) Phase 2: Prepare for compaction 2.870ms
[2026-08-03T13:19:31.103+0900][1.264s][info ][gc,phases,start] GC(17) Phase 3: Adjust pointers
[2026-08-03T13:19:31.109+0900][1.270s][info ][gc,phases      ] GC(17) Phase 3: Adjust pointers 6.293ms
[2026-08-03T13:19:31.109+0900][1.270s][info ][gc,phases,start] GC(17) Phase 4: Compact heap
[2026-08-03T13:19:31.111+0900][1.273s][info ][gc,phases      ] GC(17) Phase 4: Compact heap 2.567ms
[2026-08-03T13:19:31.112+0900][1.274s][info ][gc,heap        ] GC(17) Eden regions: 1->0(1)
[2026-08-03T13:19:31.112+0900][1.274s][info ][gc,heap        ] GC(17) Survivor regions: 0->0(0)
[2026-08-03T13:19:31.112+0900][1.274s][info ][gc,heap        ] GC(17) Old regions: 1->1
[2026-08-03T13:19:31.112+0900][1.274s][info ][gc,heap        ] GC(17) Archive regions: 0->0
[2026-08-03T13:19:31.112+0900][1.274s][info ][gc,heap        ] GC(17) Humongous regions: 0->0
[2026-08-03T13:19:31.112+0900][1.274s][info ][gc,metaspace   ] GC(17) Metaspace: 9573K(9856K)->9573K(9856K) NonClass: 8676K(8832K)->8676K(8832K) Class: 896K(1024K)->896K(1024K)
[2026-08-03T13:19:31.112+0900][1.274s][debug][gc,heap        ] GC(17) Heap after GC invocations=18 (full 18):
[2026-08-03T13:19:31.112+0900][1.274s][debug][gc,heap        ] GC(17)  garbage-first heap   total 131072K, used 18064K [0x0000019af8000000, 0x000001d1f8000000)
[2026-08-03T13:19:31.112+0900][1.274s][debug][gc,heap        ] GC(17)   region size 32768K, 0 young (0K), 0 survivors (0K)
[2026-08-03T13:19:31.112+0900][1.274s][debug][gc,heap        ] GC(17)  Metaspace       used 9573K, committed 9856K, reserved 1114112K
[2026-08-03T13:19:31.112+0900][1.274s][debug][gc,heap        ] GC(17)   class space    used 896K, committed 1024K, reserved 1048576K
[2026-08-03T13:19:31.112+0900][1.274s][info ][gc             ] GC(17) Pause Full (System.gc()) 18M->17M(128M) 28.590ms
[2026-08-03T13:19:31.112+0900][1.274s][info ][gc,cpu         ] GC(17) User=0.02s Sys=0.00s Real=0.03s
[2026-08-03T13:19:31.112+0900][1.274s][info ][safepoint      ] Safepoint "G1CollectFull", Time since last: 2773700 ns, Reaching safepoint: 20800 ns, At safepoint: 28705000 ns, Total: 28725800 ns
[2026-08-03T13:19:31.115+0900][1.277s][info ][gc,start       ] GC(18) Pause Full (System.gc())
[2026-08-03T13:19:31.115+0900][1.277s][debug][gc,heap        ] GC(18) Heap before GC invocations=18 (full 18):
[2026-08-03T13:19:31.115+0900][1.277s][debug][gc,heap        ] GC(18)  garbage-first heap   total 131072K, used 18064K [0x0000019af8000000, 0x000001d1f8000000)
[2026-08-03T13:19:31.115+0900][1.277s][debug][gc,heap        ] GC(18)   region size 32768K, 1 young (32768K), 0 survivors (0K)
[2026-08-03T13:19:31.115+0900][1.277s][debug][gc,heap        ] GC(18)  Metaspace       used 9574K, committed 9856K, reserved 1114112K
[2026-08-03T13:19:31.115+0900][1.277s][debug][gc,heap        ] GC(18)   class space    used 896K, committed 1024K, reserved 1048576K
[2026-08-03T13:19:31.115+0900][1.277s][info ][gc,task        ] GC(18) Using 1 workers of 18 for full compaction
[2026-08-03T13:19:31.115+0900][1.277s][info ][gc,phases,start] GC(18) Phase 1: Mark live objects
[2026-08-03T13:19:31.128+0900][1.290s][info ][gc,phases      ] GC(18) Phase 1: Mark live objects 12.772ms
[2026-08-03T13:19:31.128+0900][1.290s][info ][gc,phases,start] GC(18) Phase 2: Prepare for compaction
[2026-08-03T13:19:31.130+0900][1.292s][info ][gc,phases      ] GC(18) Phase 2: Prepare for compaction 2.534ms
[2026-08-03T13:19:31.130+0900][1.292s][info ][gc,phases,start] GC(18) Phase 3: Adjust pointers
[2026-08-03T13:19:31.137+0900][1.299s][info ][gc,phases      ] GC(18) Phase 3: Adjust pointers 6.384ms
[2026-08-03T13:19:31.137+0900][1.299s][info ][gc,phases,start] GC(18) Phase 4: Compact heap
[2026-08-03T13:19:31.139+0900][1.301s][info ][gc,phases      ] GC(18) Phase 4: Compact heap 2.003ms
[2026-08-03T13:19:31.141+0900][1.302s][info ][gc,heap        ] GC(18) Eden regions: 1->0(1)
[2026-08-03T13:19:31.141+0900][1.302s][info ][gc,heap        ] GC(18) Survivor regions: 0->0(0)
[2026-08-03T13:19:31.141+0900][1.302s][info ][gc,heap        ] GC(18) Old regions: 1->1
[2026-08-03T13:19:31.141+0900][1.302s][info ][gc,heap        ] GC(18) Archive regions: 0->0
[2026-08-03T13:19:31.141+0900][1.302s][info ][gc,heap        ] GC(18) Humongous regions: 0->0
[2026-08-03T13:19:31.141+0900][1.302s][info ][gc,metaspace   ] GC(18) Metaspace: 9574K(9856K)->9574K(9856K) NonClass: 8678K(8832K)->8678K(8832K) Class: 896K(1024K)->896K(1024K)
[2026-08-03T13:19:31.141+0900][1.302s][debug][gc,heap        ] GC(18) Heap after GC invocations=19 (full 19):
[2026-08-03T13:19:31.141+0900][1.302s][debug][gc,heap        ] GC(18)  garbage-first heap   total 131072K, used 18079K [0x0000019af8000000, 0x000001d1f8000000)
[2026-08-03T13:19:31.141+0900][1.302s][debug][gc,heap        ] GC(18)   region size 32768K, 0 young (0K), 0 survivors (0K)
[2026-08-03T13:19:31.141+0900][1.302s][debug][gc,heap        ] GC(18)  Metaspace       used 9574K, committed 9856K, reserved 1114112K
[2026-08-03T13:19:31.141+0900][1.302s][debug][gc,heap        ] GC(18)   class space    used 896K, committed 1024K, reserved 1048576K
[2026-08-03T13:19:31.141+0900][1.302s][info ][gc             ] GC(18) Pause Full (System.gc()) 18M->17M(128M) 25.579ms
[2026-08-03T13:19:31.141+0900][1.302s][info ][gc,cpu         ] GC(18) User=0.03s Sys=0.00s Real=0.03s
[2026-08-03T13:19:31.141+0900][1.302s][info ][safepoint      ] Safepoint "G1CollectFull", Time since last: 2162500 ns, Reaching safepoint: 26600 ns, At safepoint: 25687200 ns, Total: 25713800 ns
[2026-08-03T13:19:31.143+0900][1.304s][info ][gc,start       ] GC(19) Pause Full (System.gc())
[2026-08-03T13:19:31.143+0900][1.304s][debug][gc,heap        ] GC(19) Heap before GC invocations=19 (full 19):
[2026-08-03T13:19:31.143+0900][1.304s][debug][gc,heap        ] GC(19)  garbage-first heap   total 131072K, used 18079K [0x0000019af8000000, 0x000001d1f8000000)
[2026-08-03T13:19:31.143+0900][1.304s][debug][gc,heap        ] GC(19)   region size 32768K, 1 young (32768K), 0 survivors (0K)
[2026-08-03T13:19:31.143+0900][1.304s][debug][gc,heap        ] GC(19)  Metaspace       used 9580K, committed 9856K, reserved 1114112K
[2026-08-03T13:19:31.143+0900][1.304s][debug][gc,heap        ] GC(19)   class space    used 896K, committed 1024K, reserved 1048576K
[2026-08-03T13:19:31.143+0900][1.304s][info ][gc,task        ] GC(19) Using 1 workers of 18 for full compaction
[2026-08-03T13:19:31.143+0900][1.305s][info ][gc,phases,start] GC(19) Phase 1: Mark live objects
[2026-08-03T13:19:31.156+0900][1.317s][info ][gc,phases      ] GC(19) Phase 1: Mark live objects 12.691ms
[2026-08-03T13:19:31.156+0900][1.317s][info ][gc,phases,start] GC(19) Phase 2: Prepare for compaction
[2026-08-03T13:19:31.159+0900][1.320s][info ][gc,phases      ] GC(19) Phase 2: Prepare for compaction 2.800ms
[2026-08-03T13:19:31.159+0900][1.320s][info ][gc,phases,start] GC(19) Phase 3: Adjust pointers
[2026-08-03T13:19:31.166+0900][1.327s][info ][gc,phases      ] GC(19) Phase 3: Adjust pointers 7.053ms
[2026-08-03T13:19:31.166+0900][1.327s][info ][gc,phases,start] GC(19) Phase 4: Compact heap
[2026-08-03T13:19:31.168+0900][1.329s][info ][gc,phases      ] GC(19) Phase 4: Compact heap 2.183ms
[2026-08-03T13:19:31.169+0900][1.331s][info ][gc,heap        ] GC(19) Eden regions: 1->0(1)
[2026-08-03T13:19:31.169+0900][1.331s][info ][gc,heap        ] GC(19) Survivor regions: 0->0(0)
[2026-08-03T13:19:31.169+0900][1.331s][info ][gc,heap        ] GC(19) Old regions: 1->1
[2026-08-03T13:19:31.169+0900][1.331s][info ][gc,heap        ] GC(19) Archive regions: 0->0
[2026-08-03T13:19:31.169+0900][1.331s][info ][gc,heap        ] GC(19) Humongous regions: 0->0
[2026-08-03T13:19:31.169+0900][1.331s][info ][gc,metaspace   ] GC(19) Metaspace: 9580K(9856K)->9580K(9856K) NonClass: 8684K(8832K)->8684K(8832K) Class: 896K(1024K)->896K(1024K)
[2026-08-03T13:19:31.169+0900][1.331s][debug][gc,heap        ] GC(19) Heap after GC invocations=20 (full 20):
[2026-08-03T13:19:31.169+0900][1.331s][debug][gc,heap        ] GC(19)  garbage-first heap   total 131072K, used 18092K [0x0000019af8000000, 0x000001d1f8000000)
[2026-08-03T13:19:31.169+0900][1.331s][debug][gc,heap        ] GC(19)   region size 32768K, 0 young (0K), 0 survivors (0K)
[2026-08-03T13:19:31.169+0900][1.331s][debug][gc,heap        ] GC(19)  Metaspace       used 9580K, committed 9856K, reserved 1114112K
[2026-08-03T13:19:31.169+0900][1.331s][debug][gc,heap        ] GC(19)   class space    used 896K, committed 1024K, reserved 1048576K
[2026-08-03T13:19:31.169+0900][1.331s][info ][gc             ] GC(19) Pause Full (System.gc()) 18M->17M(128M) 26.739ms
[2026-08-03T13:19:31.169+0900][1.331s][info ][gc,cpu         ] GC(19) User=0.02s Sys=0.00s Real=0.03s
[2026-08-03T13:19:31.169+0900][1.331s][info ][safepoint      ] Safepoint "G1CollectFull", Time since last: 2086900 ns, Reaching safepoint: 25700 ns, At safepoint: 26850700 ns, Total: 26876400 ns
[2026-08-03T13:19:31.171+0900][1.333s][info ][gc,start       ] GC(20) Pause Full (System.gc())
[2026-08-03T13:19:31.171+0900][1.333s][debug][gc,heap        ] GC(20) Heap before GC invocations=20 (full 20):
[2026-08-03T13:19:31.172+0900][1.333s][debug][gc,heap        ] GC(20)  garbage-first heap   total 131072K, used 18092K [0x0000019af8000000, 0x000001d1f8000000)
[2026-08-03T13:19:31.172+0900][1.334s][debug][gc,heap        ] GC(20)   region size 32768K, 1 young (32768K), 0 survivors (0K)
[2026-08-03T13:19:31.172+0900][1.334s][debug][gc,heap        ] GC(20)  Metaspace       used 9585K, committed 9856K, reserved 1114112K
[2026-08-03T13:19:31.172+0900][1.334s][debug][gc,heap        ] GC(20)   class space    used 896K, committed 1024K, reserved 1048576K
[2026-08-03T13:19:31.172+0900][1.334s][info ][gc,task        ] GC(20) Using 1 workers of 18 for full compaction
[2026-08-03T13:19:31.172+0900][1.334s][info ][gc,phases,start] GC(20) Phase 1: Mark live objects
[2026-08-03T13:19:31.186+0900][1.348s][info ][gc,phases      ] GC(20) Phase 1: Mark live objects 14.220ms
[2026-08-03T13:19:31.186+0900][1.348s][info ][gc,phases,start] GC(20) Phase 2: Prepare for compaction
[2026-08-03T13:19:31.189+0900][1.351s][info ][gc,phases      ] GC(20) Phase 2: Prepare for compaction 2.761ms
[2026-08-03T13:19:31.189+0900][1.351s][info ][gc,phases,start] GC(20) Phase 3: Adjust pointers
[2026-08-03T13:19:31.195+0900][1.357s][info ][gc,phases      ] GC(20) Phase 3: Adjust pointers 6.282ms
[2026-08-03T13:19:31.195+0900][1.357s][info ][gc,phases,start] GC(20) Phase 4: Compact heap
[2026-08-03T13:19:31.197+0900][1.359s][info ][gc,phases      ] GC(20) Phase 4: Compact heap 2.147ms
[2026-08-03T13:19:31.199+0900][1.361s][info ][gc,heap        ] GC(20) Eden regions: 1->0(1)
[2026-08-03T13:19:31.199+0900][1.361s][info ][gc,heap        ] GC(20) Survivor regions: 0->0(0)
[2026-08-03T13:19:31.199+0900][1.361s][info ][gc,heap        ] GC(20) Old regions: 1->1
[2026-08-03T13:19:31.199+0900][1.361s][info ][gc,heap        ] GC(20) Archive regions: 0->0
[2026-08-03T13:19:31.199+0900][1.361s][info ][gc,heap        ] GC(20) Humongous regions: 0->0
[2026-08-03T13:19:31.199+0900][1.361s][info ][gc,metaspace   ] GC(20) Metaspace: 9585K(9856K)->9585K(9856K) NonClass: 8689K(8832K)->8689K(8832K) Class: 896K(1024K)->896K(1024K)
[2026-08-03T13:19:31.199+0900][1.361s][debug][gc,heap        ] GC(20) Heap after GC invocations=21 (full 21):
[2026-08-03T13:19:31.199+0900][1.361s][debug][gc,heap        ] GC(20)  garbage-first heap   total 131072K, used 18106K [0x0000019af8000000, 0x000001d1f8000000)
[2026-08-03T13:19:31.199+0900][1.361s][debug][gc,heap        ] GC(20)   region size 32768K, 0 young (0K), 0 survivors (0K)
[2026-08-03T13:19:31.199+0900][1.361s][debug][gc,heap        ] GC(20)  Metaspace       used 9585K, committed 9856K, reserved 1114112K
[2026-08-03T13:19:31.199+0900][1.361s][debug][gc,heap        ] GC(20)   class space    used 896K, committed 1024K, reserved 1048576K
[2026-08-03T13:19:31.199+0900][1.361s][info ][gc             ] GC(20) Pause Full (System.gc()) 18M->17M(128M) 27.575ms
[2026-08-03T13:19:31.199+0900][1.361s][info ][gc,cpu         ] GC(20) User=0.02s Sys=0.02s Real=0.03s
[2026-08-03T13:19:31.199+0900][1.361s][info ][safepoint      ] Safepoint "G1CollectFull", Time since last: 2142300 ns, Reaching safepoint: 28300 ns, At safepoint: 27707200 ns, Total: 27735500 ns
[2026-08-03T13:19:31.202+0900][1.363s][info ][gc,start       ] GC(21) Pause Full (System.gc())
[2026-08-03T13:19:31.202+0900][1.364s][debug][gc,heap        ] GC(21) Heap before GC invocations=21 (full 21):
[2026-08-03T13:19:31.202+0900][1.364s][debug][gc,heap        ] GC(21)  garbage-first heap   total 131072K, used 18106K [0x0000019af8000000, 0x000001d1f8000000)
[2026-08-03T13:19:31.202+0900][1.364s][debug][gc,heap        ] GC(21)   region size 32768K, 1 young (32768K), 0 survivors (0K)
[2026-08-03T13:19:31.202+0900][1.364s][debug][gc,heap        ] GC(21)  Metaspace       used 9588K, committed 9856K, reserved 1114112K
[2026-08-03T13:19:31.202+0900][1.364s][debug][gc,heap        ] GC(21)   class space    used 896K, committed 1024K, reserved 1048576K
[2026-08-03T13:19:31.202+0900][1.364s][info ][gc,task        ] GC(21) Using 1 workers of 18 for full compaction
[2026-08-03T13:19:31.202+0900][1.364s][info ][gc,phases,start] GC(21) Phase 1: Mark live objects
[2026-08-03T13:19:31.216+0900][1.378s][info ][gc,phases      ] GC(21) Phase 1: Mark live objects 14.414ms
[2026-08-03T13:19:31.216+0900][1.378s][info ][gc,phases,start] GC(21) Phase 2: Prepare for compaction
[2026-08-03T13:19:31.219+0900][1.381s][info ][gc,phases      ] GC(21) Phase 2: Prepare for compaction 2.921ms
[2026-08-03T13:19:31.219+0900][1.381s][info ][gc,phases,start] GC(21) Phase 3: Adjust pointers
[2026-08-03T13:19:31.227+0900][1.389s][info ][gc,phases      ] GC(21) Phase 3: Adjust pointers 7.527ms
[2026-08-03T13:19:31.227+0900][1.389s][info ][gc,phases,start] GC(21) Phase 4: Compact heap
[2026-08-03T13:19:31.229+0900][1.391s][info ][gc,phases      ] GC(21) Phase 4: Compact heap 2.357ms
[2026-08-03T13:19:31.231+0900][1.393s][info ][gc,heap        ] GC(21) Eden regions: 1->0(1)
[2026-08-03T13:19:31.231+0900][1.393s][info ][gc,heap        ] GC(21) Survivor regions: 0->0(0)
[2026-08-03T13:19:31.231+0900][1.393s][info ][gc,heap        ] GC(21) Old regions: 1->1
[2026-08-03T13:19:31.231+0900][1.393s][info ][gc,heap        ] GC(21) Archive regions: 0->0
[2026-08-03T13:19:31.231+0900][1.393s][info ][gc,heap        ] GC(21) Humongous regions: 0->0
[2026-08-03T13:19:31.231+0900][1.393s][info ][gc,metaspace   ] GC(21) Metaspace: 9588K(9856K)->9588K(9856K) NonClass: 8692K(8832K)->8692K(8832K) Class: 896K(1024K)->896K(1024K)
[2026-08-03T13:19:31.231+0900][1.393s][debug][gc,heap        ] GC(21) Heap after GC invocations=22 (full 22):
[2026-08-03T13:19:31.231+0900][1.393s][debug][gc,heap        ] GC(21)  garbage-first heap   total 131072K, used 18119K [0x0000019af8000000, 0x000001d1f8000000)
[2026-08-03T13:19:31.231+0900][1.393s][debug][gc,heap        ] GC(21)   region size 32768K, 0 young (0K), 0 survivors (0K)
[2026-08-03T13:19:31.231+0900][1.393s][debug][gc,heap        ] GC(21)  Metaspace       used 9588K, committed 9856K, reserved 1114112K
[2026-08-03T13:19:31.231+0900][1.393s][debug][gc,heap        ] GC(21)   class space    used 896K, committed 1024K, reserved 1048576K
[2026-08-03T13:19:31.231+0900][1.393s][info ][gc             ] GC(21) Pause Full (System.gc()) 18M->17M(128M) 29.488ms
[2026-08-03T13:19:31.231+0900][1.393s][info ][gc,cpu         ] GC(21) User=0.05s Sys=0.03s Real=0.03s
[2026-08-03T13:19:31.231+0900][1.393s][info ][safepoint      ] Safepoint "G1CollectFull", Time since last: 2315300 ns, Reaching safepoint: 25800 ns, At safepoint: 29589700 ns, Total: 29615500 ns
[2026-08-03T13:19:31.234+0900][1.396s][info ][gc,start       ] GC(22) Pause Full (System.gc())
[2026-08-03T13:19:31.234+0900][1.396s][debug][gc,heap        ] GC(22) Heap before GC invocations=22 (full 22):
[2026-08-03T13:19:31.234+0900][1.396s][debug][gc,heap        ] GC(22)  garbage-first heap   total 131072K, used 18119K [0x0000019af8000000, 0x000001d1f8000000)
[2026-08-03T13:19:31.234+0900][1.396s][debug][gc,heap        ] GC(22)   region size 32768K, 1 young (32768K), 0 survivors (0K)
[2026-08-03T13:19:31.234+0900][1.396s][debug][gc,heap        ] GC(22)  Metaspace       used 9597K, committed 9920K, reserved 1114112K
[2026-08-03T13:19:31.234+0900][1.396s][debug][gc,heap        ] GC(22)   class space    used 896K, committed 1024K, reserved 1048576K
[2026-08-03T13:19:31.234+0900][1.396s][info ][gc,task        ] GC(22) Using 1 workers of 18 for full compaction
[2026-08-03T13:19:31.234+0900][1.396s][info ][gc,phases,start] GC(22) Phase 1: Mark live objects
[2026-08-03T13:19:31.248+0900][1.410s][info ][gc,phases      ] GC(22) Phase 1: Mark live objects 14.580ms
[2026-08-03T13:19:31.248+0900][1.410s][info ][gc,phases,start] GC(22) Phase 2: Prepare for compaction
[2026-08-03T13:19:31.252+0900][1.414s][info ][gc,phases      ] GC(22) Phase 2: Prepare for compaction 3.138ms
[2026-08-03T13:19:31.252+0900][1.414s][info ][gc,phases,start] GC(22) Phase 3: Adjust pointers
[2026-08-03T13:19:31.259+0900][1.421s][info ][gc,phases      ] GC(22) Phase 3: Adjust pointers 7.029ms
[2026-08-03T13:19:31.259+0900][1.421s][info ][gc,phases,start] GC(22) Phase 4: Compact heap
[2026-08-03T13:19:31.261+0900][1.423s][info ][gc,phases      ] GC(22) Phase 4: Compact heap 2.657ms
[2026-08-03T13:19:31.263+0900][1.425s][info ][gc,heap        ] GC(22) Eden regions: 1->0(1)
[2026-08-03T13:19:31.263+0900][1.425s][info ][gc,heap        ] GC(22) Survivor regions: 0->0(0)
[2026-08-03T13:19:31.263+0900][1.425s][info ][gc,heap        ] GC(22) Old regions: 1->1
[2026-08-03T13:19:31.263+0900][1.425s][info ][gc,heap        ] GC(22) Archive regions: 0->0
[2026-08-03T13:19:31.263+0900][1.425s][info ][gc,heap        ] GC(22) Humongous regions: 0->0
[2026-08-03T13:19:31.263+0900][1.425s][info ][gc,metaspace   ] GC(22) Metaspace: 9597K(9920K)->9597K(9920K) NonClass: 8700K(8896K)->8700K(8896K) Class: 896K(1024K)->896K(1024K)
[2026-08-03T13:19:31.263+0900][1.425s][debug][gc,heap        ] GC(22) Heap after GC invocations=23 (full 23):
[2026-08-03T13:19:31.263+0900][1.425s][debug][gc,heap        ] GC(22)  garbage-first heap   total 131072K, used 18133K [0x0000019af8000000, 0x000001d1f8000000)
[2026-08-03T13:19:31.263+0900][1.425s][debug][gc,heap        ] GC(22)   region size 32768K, 0 young (0K), 0 survivors (0K)
[2026-08-03T13:19:31.263+0900][1.425s][debug][gc,heap        ] GC(22)  Metaspace       used 9597K, committed 9920K, reserved 1114112K
[2026-08-03T13:19:31.263+0900][1.425s][debug][gc,heap        ] GC(22)   class space    used 896K, committed 1024K, reserved 1048576K
[2026-08-03T13:19:31.263+0900][1.425s][info ][gc             ] GC(22) Pause Full (System.gc()) 18M->17M(128M) 29.533ms
[2026-08-03T13:19:31.263+0900][1.425s][info ][gc,cpu         ] GC(22) User=0.02s Sys=0.02s Real=0.03s
[2026-08-03T13:19:31.263+0900][1.425s][info ][safepoint      ] Safepoint "G1CollectFull", Time since last: 2604200 ns, Reaching safepoint: 24700 ns, At safepoint: 29573500 ns, Total: 29598200 ns
[2026-08-03T13:19:31.266+0900][1.428s][info ][gc,start       ] GC(23) Pause Full (System.gc())
[2026-08-03T13:19:31.266+0900][1.428s][debug][gc,heap        ] GC(23) Heap before GC invocations=23 (full 23):
[2026-08-03T13:19:31.266+0900][1.428s][debug][gc,heap        ] GC(23)  garbage-first heap   total 131072K, used 18133K [0x0000019af8000000, 0x000001d1f8000000)
[2026-08-03T13:19:31.266+0900][1.428s][debug][gc,heap        ] GC(23)   region size 32768K, 1 young (32768K), 0 survivors (0K)
[2026-08-03T13:19:31.266+0900][1.428s][debug][gc,heap        ] GC(23)  Metaspace       used 9603K, committed 9920K, reserved 1114112K
[2026-08-03T13:19:31.266+0900][1.428s][debug][gc,heap        ] GC(23)   class space    used 896K, committed 1024K, reserved 1048576K
[2026-08-03T13:19:31.266+0900][1.428s][info ][gc,task        ] GC(23) Using 1 workers of 18 for full compaction
[2026-08-03T13:19:31.266+0900][1.428s][info ][gc,phases,start] GC(23) Phase 1: Mark live objects
[2026-08-03T13:19:31.280+0900][1.442s][info ][gc,phases      ] GC(23) Phase 1: Mark live objects 13.846ms
[2026-08-03T13:19:31.280+0900][1.442s][info ][gc,phases,start] GC(23) Phase 2: Prepare for compaction
[2026-08-03T13:19:31.283+0900][1.445s][info ][gc,phases      ] GC(23) Phase 2: Prepare for compaction 3.178ms
[2026-08-03T13:19:31.283+0900][1.445s][info ][gc,phases,start] GC(23) Phase 3: Adjust pointers
[2026-08-03T13:19:31.290+0900][1.452s][info ][gc,phases      ] GC(23) Phase 3: Adjust pointers 7.410ms
[2026-08-03T13:19:31.290+0900][1.452s][info ][gc,phases,start] GC(23) Phase 4: Compact heap
[2026-08-03T13:19:31.293+0900][1.455s][info ][gc,phases      ] GC(23) Phase 4: Compact heap 2.460ms
[2026-08-03T13:19:31.295+0900][1.457s][info ][gc,heap        ] GC(23) Eden regions: 1->0(1)
[2026-08-03T13:19:31.295+0900][1.457s][info ][gc,heap        ] GC(23) Survivor regions: 0->0(0)
[2026-08-03T13:19:31.295+0900][1.457s][info ][gc,heap        ] GC(23) Old regions: 1->1
[2026-08-03T13:19:31.295+0900][1.457s][info ][gc,heap        ] GC(23) Archive regions: 0->0
[2026-08-03T13:19:31.295+0900][1.457s][info ][gc,heap        ] GC(23) Humongous regions: 0->0
[2026-08-03T13:19:31.295+0900][1.457s][info ][gc,metaspace   ] GC(23) Metaspace: 9603K(9920K)->9603K(9920K) NonClass: 8707K(8896K)->8707K(8896K) Class: 896K(1024K)->896K(1024K)
[2026-08-03T13:19:31.295+0900][1.457s][debug][gc,heap        ] GC(23) Heap after GC invocations=24 (full 24):
[2026-08-03T13:19:31.295+0900][1.457s][debug][gc,heap        ] GC(23)  garbage-first heap   total 131072K, used 18146K [0x0000019af8000000, 0x000001d1f8000000)
[2026-08-03T13:19:31.295+0900][1.457s][debug][gc,heap        ] GC(23)   region size 32768K, 0 young (0K), 0 survivors (0K)
[2026-08-03T13:19:31.295+0900][1.457s][debug][gc,heap        ] GC(23)  Metaspace       used 9603K, committed 9920K, reserved 1114112K
[2026-08-03T13:19:31.295+0900][1.457s][debug][gc,heap        ] GC(23)   class space    used 896K, committed 1024K, reserved 1048576K
[2026-08-03T13:19:31.295+0900][1.457s][info ][gc             ] GC(23) Pause Full (System.gc()) 18M->17M(128M) 29.123ms
[2026-08-03T13:19:31.295+0900][1.457s][info ][gc,cpu         ] GC(23) User=0.02s Sys=0.02s Real=0.03s
[2026-08-03T13:19:31.295+0900][1.457s][info ][safepoint      ] Safepoint "G1CollectFull", Time since last: 2373600 ns, Reaching safepoint: 22800 ns, At safepoint: 29209100 ns, Total: 29231900 ns
[2026-08-03T13:19:31.297+0900][1.459s][info ][gc,start       ] GC(24) Pause Full (System.gc())
[2026-08-03T13:19:31.297+0900][1.459s][debug][gc,heap        ] GC(24) Heap before GC invocations=24 (full 24):
[2026-08-03T13:19:31.297+0900][1.459s][debug][gc,heap        ] GC(24)  garbage-first heap   total 131072K, used 18146K [0x0000019af8000000, 0x000001d1f8000000)
[2026-08-03T13:19:31.297+0900][1.459s][debug][gc,heap        ] GC(24)   region size 32768K, 1 young (32768K), 0 survivors (0K)
[2026-08-03T13:19:31.297+0900][1.459s][debug][gc,heap        ] GC(24)  Metaspace       used 9603K, committed 9920K, reserved 1114112K
[2026-08-03T13:19:31.297+0900][1.459s][debug][gc,heap        ] GC(24)   class space    used 896K, committed 1024K, reserved 1048576K
[2026-08-03T13:19:31.297+0900][1.459s][info ][gc,task        ] GC(24) Using 1 workers of 18 for full compaction
[2026-08-03T13:19:31.297+0900][1.459s][info ][gc,phases,start] GC(24) Phase 1: Mark live objects
[2026-08-03T13:19:31.311+0900][1.473s][info ][gc,phases      ] GC(24) Phase 1: Mark live objects 14.131ms
[2026-08-03T13:19:31.311+0900][1.473s][info ][gc,phases,start] GC(24) Phase 2: Prepare for compaction
[2026-08-03T13:19:31.314+0900][1.476s][info ][gc,phases      ] GC(24) Phase 2: Prepare for compaction 2.836ms
[2026-08-03T13:19:31.314+0900][1.476s][info ][gc,phases,start] GC(24) Phase 3: Adjust pointers
[2026-08-03T13:19:31.321+0900][1.483s][info ][gc,phases      ] GC(24) Phase 3: Adjust pointers 6.525ms
[2026-08-03T13:19:31.321+0900][1.483s][info ][gc,phases,start] GC(24) Phase 4: Compact heap
[2026-08-03T13:19:31.323+0900][1.485s][info ][gc,phases      ] GC(24) Phase 4: Compact heap 2.662ms
[2026-08-03T13:19:31.325+0900][1.487s][info ][gc,heap        ] GC(24) Eden regions: 1->0(1)
[2026-08-03T13:19:31.325+0900][1.487s][info ][gc,heap        ] GC(24) Survivor regions: 0->0(0)
[2026-08-03T13:19:31.325+0900][1.487s][info ][gc,heap        ] GC(24) Old regions: 1->1
[2026-08-03T13:19:31.325+0900][1.487s][info ][gc,heap        ] GC(24) Archive regions: 0->0
[2026-08-03T13:19:31.325+0900][1.487s][info ][gc,heap        ] GC(24) Humongous regions: 0->0
[2026-08-03T13:19:31.325+0900][1.487s][info ][gc,metaspace   ] GC(24) Metaspace: 9603K(9920K)->9603K(9920K) NonClass: 8707K(8896K)->8707K(8896K) Class: 896K(1024K)->896K(1024K)
[2026-08-03T13:19:31.325+0900][1.487s][debug][gc,heap        ] GC(24) Heap after GC invocations=25 (full 25):
[2026-08-03T13:19:31.325+0900][1.487s][debug][gc,heap        ] GC(24)  garbage-first heap   total 131072K, used 18159K [0x0000019af8000000, 0x000001d1f8000000)
[2026-08-03T13:19:31.325+0900][1.487s][debug][gc,heap        ] GC(24)   region size 32768K, 0 young (0K), 0 survivors (0K)
[2026-08-03T13:19:31.325+0900][1.487s][debug][gc,heap        ] GC(24)  Metaspace       used 9603K, committed 9920K, reserved 1114112K
[2026-08-03T13:19:31.325+0900][1.487s][debug][gc,heap        ] GC(24)   class space    used 896K, committed 1024K, reserved 1048576K
[2026-08-03T13:19:31.325+0900][1.487s][info ][gc             ] GC(24) Pause Full (System.gc()) 18M->17M(128M) 28.339ms
[2026-08-03T13:19:31.325+0900][1.487s][info ][gc,cpu         ] GC(24) User=0.02s Sys=0.02s Real=0.03s
[2026-08-03T13:19:31.325+0900][1.487s][info ][safepoint      ] Safepoint "G1CollectFull", Time since last: 1989000 ns, Reaching safepoint: 20100 ns, At safepoint: 28392100 ns, Total: 28412200 ns
[2026-08-03T13:19:31.327+0900][1.489s][info ][gc,start       ] GC(25) Pause Full (System.gc())
[2026-08-03T13:19:31.327+0900][1.489s][debug][gc,heap        ] GC(25) Heap before GC invocations=25 (full 25):
[2026-08-03T13:19:31.327+0900][1.489s][debug][gc,heap        ] GC(25)  garbage-first heap   total 131072K, used 18159K [0x0000019af8000000, 0x000001d1f8000000)
[2026-08-03T13:19:31.327+0900][1.489s][debug][gc,heap        ] GC(25)   region size 32768K, 1 young (32768K), 0 survivors (0K)
[2026-08-03T13:19:31.327+0900][1.489s][debug][gc,heap        ] GC(25)  Metaspace       used 9605K, committed 9920K, reserved 1114112K
[2026-08-03T13:19:31.327+0900][1.489s][debug][gc,heap        ] GC(25)   class space    used 896K, committed 1024K, reserved 1048576K
[2026-08-03T13:19:31.327+0900][1.489s][info ][gc,task        ] GC(25) Using 1 workers of 18 for full compaction
[2026-08-03T13:19:31.328+0900][1.489s][info ][gc,phases,start] GC(25) Phase 1: Mark live objects
[2026-08-03T13:19:31.342+0900][1.504s][info ][gc,phases      ] GC(25) Phase 1: Mark live objects 14.748ms
[2026-08-03T13:19:31.342+0900][1.504s][info ][gc,phases,start] GC(25) Phase 2: Prepare for compaction
[2026-08-03T13:19:31.345+0900][1.507s][info ][gc,phases      ] GC(25) Phase 2: Prepare for compaction 2.833ms
[2026-08-03T13:19:31.345+0900][1.507s][info ][gc,phases,start] GC(25) Phase 3: Adjust pointers
[2026-08-03T13:19:31.353+0900][1.515s][info ][gc,phases      ] GC(25) Phase 3: Adjust pointers 7.427ms
[2026-08-03T13:19:31.353+0900][1.515s][info ][gc,phases,start] GC(25) Phase 4: Compact heap
[2026-08-03T13:19:31.355+0900][1.517s][info ][gc,phases      ] GC(25) Phase 4: Compact heap 2.394ms
[2026-08-03T13:19:31.357+0900][1.519s][info ][gc,heap        ] GC(25) Eden regions: 1->0(1)
[2026-08-03T13:19:31.357+0900][1.519s][info ][gc,heap        ] GC(25) Survivor regions: 0->0(0)
[2026-08-03T13:19:31.357+0900][1.519s][info ][gc,heap        ] GC(25) Old regions: 1->1
[2026-08-03T13:19:31.357+0900][1.519s][info ][gc,heap        ] GC(25) Archive regions: 0->0
[2026-08-03T13:19:31.357+0900][1.519s][info ][gc,heap        ] GC(25) Humongous regions: 0->0
[2026-08-03T13:19:31.357+0900][1.519s][info ][gc,metaspace   ] GC(25) Metaspace: 9605K(9920K)->9605K(9920K) NonClass: 8709K(8896K)->8709K(8896K) Class: 896K(1024K)->896K(1024K)
[2026-08-03T13:19:31.357+0900][1.519s][debug][gc,heap        ] GC(25) Heap after GC invocations=26 (full 26):
[2026-08-03T13:19:31.357+0900][1.519s][debug][gc,heap        ] GC(25)  garbage-first heap   total 131072K, used 18173K [0x0000019af8000000, 0x000001d1f8000000)
[2026-08-03T13:19:31.357+0900][1.519s][debug][gc,heap        ] GC(25)   region size 32768K, 0 young (0K), 0 survivors (0K)
[2026-08-03T13:19:31.357+0900][1.519s][debug][gc,heap        ] GC(25)  Metaspace       used 9605K, committed 9920K, reserved 1114112K
[2026-08-03T13:19:31.357+0900][1.519s][debug][gc,heap        ] GC(25)   class space    used 896K, committed 1024K, reserved 1048576K
[2026-08-03T13:19:31.357+0900][1.519s][info ][gc             ] GC(25) Pause Full (System.gc()) 18M->17M(128M) 29.689ms
[2026-08-03T13:19:31.357+0900][1.519s][info ][gc,cpu         ] GC(25) User=0.06s Sys=0.02s Real=0.03s
[2026-08-03T13:19:31.357+0900][1.519s][info ][safepoint      ] Safepoint "G1CollectFull", Time since last: 2039100 ns, Reaching safepoint: 19600 ns, At safepoint: 29797200 ns, Total: 29816800 ns
[2026-08-03T13:19:31.359+0900][1.521s][info ][gc,start       ] GC(26) Pause Full (System.gc())
[2026-08-03T13:19:31.359+0900][1.521s][debug][gc,heap        ] GC(26) Heap before GC invocations=26 (full 26):
[2026-08-03T13:19:31.359+0900][1.521s][debug][gc,heap        ] GC(26)  garbage-first heap   total 131072K, used 18173K [0x0000019af8000000, 0x000001d1f8000000)
[2026-08-03T13:19:31.359+0900][1.521s][debug][gc,heap        ] GC(26)   region size 32768K, 1 young (32768K), 0 survivors (0K)
[2026-08-03T13:19:31.359+0900][1.521s][debug][gc,heap        ] GC(26)  Metaspace       used 9607K, committed 9920K, reserved 1114112K
[2026-08-03T13:19:31.359+0900][1.521s][debug][gc,heap        ] GC(26)   class space    used 896K, committed 1024K, reserved 1048576K
[2026-08-03T13:19:31.359+0900][1.521s][info ][gc,task        ] GC(26) Using 1 workers of 18 for full compaction
[2026-08-03T13:19:31.359+0900][1.521s][info ][gc,phases,start] GC(26) Phase 1: Mark live objects
[2026-08-03T13:19:31.374+0900][1.536s][info ][gc,phases      ] GC(26) Phase 1: Mark live objects 14.654ms
[2026-08-03T13:19:31.374+0900][1.536s][info ][gc,phases,start] GC(26) Phase 2: Prepare for compaction
[2026-08-03T13:19:31.377+0900][1.539s][info ][gc,phases      ] GC(26) Phase 2: Prepare for compaction 2.806ms
[2026-08-03T13:19:31.377+0900][1.539s][info ][gc,phases,start] GC(26) Phase 3: Adjust pointers
[2026-08-03T13:19:31.384+0900][1.546s][info ][gc,phases      ] GC(26) Phase 3: Adjust pointers 7.189ms
[2026-08-03T13:19:31.384+0900][1.546s][info ][gc,phases,start] GC(26) Phase 4: Compact heap
[2026-08-03T13:19:31.387+0900][1.549s][info ][gc,phases      ] GC(26) Phase 4: Compact heap 2.636ms
[2026-08-03T13:19:31.389+0900][1.551s][info ][gc,heap        ] GC(26) Eden regions: 1->0(1)
[2026-08-03T13:19:31.389+0900][1.551s][info ][gc,heap        ] GC(26) Survivor regions: 0->0(0)
[2026-08-03T13:19:31.389+0900][1.551s][info ][gc,heap        ] GC(26) Old regions: 1->1
[2026-08-03T13:19:31.389+0900][1.551s][info ][gc,heap        ] GC(26) Archive regions: 0->0
[2026-08-03T13:19:31.389+0900][1.551s][info ][gc,heap        ] GC(26) Humongous regions: 0->0
[2026-08-03T13:19:31.389+0900][1.551s][info ][gc,metaspace   ] GC(26) Metaspace: 9607K(9920K)->9607K(9920K) NonClass: 8711K(8896K)->8711K(8896K) Class: 896K(1024K)->896K(1024K)
[2026-08-03T13:19:31.389+0900][1.551s][debug][gc,heap        ] GC(26) Heap after GC invocations=27 (full 27):
[2026-08-03T13:19:31.389+0900][1.551s][debug][gc,heap        ] GC(26)  garbage-first heap   total 131072K, used 18187K [0x0000019af8000000, 0x000001d1f8000000)
[2026-08-03T13:19:31.389+0900][1.551s][debug][gc,heap        ] GC(26)   region size 32768K, 0 young (0K), 0 survivors (0K)
[2026-08-03T13:19:31.389+0900][1.551s][debug][gc,heap        ] GC(26)  Metaspace       used 9607K, committed 9920K, reserved 1114112K
[2026-08-03T13:19:31.389+0900][1.551s][debug][gc,heap        ] GC(26)   class space    used 896K, committed 1024K, reserved 1048576K
[2026-08-03T13:19:31.389+0900][1.551s][info ][gc             ] GC(26) Pause Full (System.gc()) 18M->17M(128M) 29.437ms
[2026-08-03T13:19:31.389+0900][1.551s][info ][gc,cpu         ] GC(26) User=0.02s Sys=0.02s Real=0.03s
[2026-08-03T13:19:31.389+0900][1.551s][info ][safepoint      ] Safepoint "G1CollectFull", Time since last: 2147300 ns, Reaching safepoint: 22100 ns, At safepoint: 29554400 ns, Total: 29576500 ns
[2026-08-03T13:19:31.391+0900][1.553s][info ][gc,start       ] GC(27) Pause Full (System.gc())
[2026-08-03T13:19:31.391+0900][1.553s][debug][gc,heap        ] GC(27) Heap before GC invocations=27 (full 27):
[2026-08-03T13:19:31.391+0900][1.553s][debug][gc,heap        ] GC(27)  garbage-first heap   total 131072K, used 18187K [0x0000019af8000000, 0x000001d1f8000000)
[2026-08-03T13:19:31.391+0900][1.553s][debug][gc,heap        ] GC(27)   region size 32768K, 1 young (32768K), 0 survivors (0K)
[2026-08-03T13:19:31.391+0900][1.553s][debug][gc,heap        ] GC(27)  Metaspace       used 9607K, committed 9920K, reserved 1114112K
[2026-08-03T13:19:31.391+0900][1.553s][debug][gc,heap        ] GC(27)   class space    used 896K, committed 1024K, reserved 1048576K
[2026-08-03T13:19:31.391+0900][1.553s][info ][gc,task        ] GC(27) Using 1 workers of 18 for full compaction
[2026-08-03T13:19:31.391+0900][1.553s][info ][gc,phases,start] GC(27) Phase 1: Mark live objects
[2026-08-03T13:19:31.405+0900][1.567s][info ][gc,phases      ] GC(27) Phase 1: Mark live objects 14.152ms
[2026-08-03T13:19:31.405+0900][1.567s][info ][gc,phases,start] GC(27) Phase 2: Prepare for compaction
[2026-08-03T13:19:31.408+0900][1.570s][info ][gc,phases      ] GC(27) Phase 2: Prepare for compaction 2.893ms
[2026-08-03T13:19:31.408+0900][1.570s][info ][gc,phases,start] GC(27) Phase 3: Adjust pointers
[2026-08-03T13:19:31.416+0900][1.578s][info ][gc,phases      ] GC(27) Phase 3: Adjust pointers 7.766ms
[2026-08-03T13:19:31.416+0900][1.578s][info ][gc,phases,start] GC(27) Phase 4: Compact heap
[2026-08-03T13:19:31.419+0900][1.580s][info ][gc,phases      ] GC(27) Phase 4: Compact heap 2.419ms
[2026-08-03T13:19:31.420+0900][1.582s][info ][gc,heap        ] GC(27) Eden regions: 1->0(1)
[2026-08-03T13:19:31.420+0900][1.582s][info ][gc,heap        ] GC(27) Survivor regions: 0->0(0)
[2026-08-03T13:19:31.420+0900][1.582s][info ][gc,heap        ] GC(27) Old regions: 1->1
[2026-08-03T13:19:31.420+0900][1.582s][info ][gc,heap        ] GC(27) Archive regions: 0->0
[2026-08-03T13:19:31.420+0900][1.582s][info ][gc,heap        ] GC(27) Humongous regions: 0->0
[2026-08-03T13:19:31.420+0900][1.582s][info ][gc,metaspace   ] GC(27) Metaspace: 9607K(9920K)->9607K(9920K) NonClass: 8711K(8896K)->8711K(8896K) Class: 896K(1024K)->896K(1024K)
[2026-08-03T13:19:31.420+0900][1.582s][debug][gc,heap        ] GC(27) Heap after GC invocations=28 (full 28):
[2026-08-03T13:19:31.420+0900][1.582s][debug][gc,heap        ] GC(27)  garbage-first heap   total 131072K, used 18204K [0x0000019af8000000, 0x000001d1f8000000)
[2026-08-03T13:19:31.420+0900][1.582s][debug][gc,heap        ] GC(27)   region size 32768K, 0 young (0K), 0 survivors (0K)
[2026-08-03T13:19:31.420+0900][1.582s][debug][gc,heap        ] GC(27)  Metaspace       used 9607K, committed 9920K, reserved 1114112K
[2026-08-03T13:19:31.420+0900][1.582s][debug][gc,heap        ] GC(27)   class space    used 896K, committed 1024K, reserved 1048576K
[2026-08-03T13:19:31.420+0900][1.582s][info ][gc             ] GC(27) Pause Full (System.gc()) 18M->17M(128M) 29.548ms
[2026-08-03T13:19:31.420+0900][1.582s][info ][gc,cpu         ] GC(27) User=0.03s Sys=0.00s Real=0.03s
[2026-08-03T13:19:31.421+0900][1.583s][info ][safepoint      ] Safepoint "G1CollectFull", Time since last: 2010300 ns, Reaching safepoint: 28600 ns, At safepoint: 29637200 ns, Total: 29665800 ns
[2026-08-03T13:19:31.434+0900][1.596s][info ][gc,start       ] GC(28) Pause Full (System.gc())
[2026-08-03T13:19:31.434+0900][1.596s][debug][gc,heap        ] GC(28) Heap before GC invocations=28 (full 28):
[2026-08-03T13:19:31.434+0900][1.596s][debug][gc,heap        ] GC(28)  garbage-first heap   total 131072K, used 18204K [0x0000019af8000000, 0x000001d1f8000000)
[2026-08-03T13:19:31.434+0900][1.596s][debug][gc,heap        ] GC(28)   region size 32768K, 1 young (32768K), 0 survivors (0K)
[2026-08-03T13:19:31.434+0900][1.596s][debug][gc,heap        ] GC(28)  Metaspace       used 9645K, committed 9920K, reserved 1114112K
[2026-08-03T13:19:31.434+0900][1.596s][debug][gc,heap        ] GC(28)   class space    used 900K, committed 1024K, reserved 1048576K
[2026-08-03T13:19:31.434+0900][1.596s][info ][gc,task        ] GC(28) Using 1 workers of 18 for full compaction
[2026-08-03T13:19:31.434+0900][1.596s][info ][gc,phases,start] GC(28) Phase 1: Mark live objects
[2026-08-03T13:19:31.452+0900][1.614s][info ][gc,phases      ] GC(28) Phase 1: Mark live objects 18.458ms
[2026-08-03T13:19:31.452+0900][1.614s][info ][gc,phases,start] GC(28) Phase 2: Prepare for compaction
[2026-08-03T13:19:31.456+0900][1.618s][info ][gc,phases      ] GC(28) Phase 2: Prepare for compaction 3.449ms
[2026-08-03T13:19:31.456+0900][1.618s][info ][gc,phases,start] GC(28) Phase 3: Adjust pointers
[2026-08-03T13:19:31.464+0900][1.626s][info ][gc,phases      ] GC(28) Phase 3: Adjust pointers 8.228ms
[2026-08-03T13:19:31.464+0900][1.626s][info ][gc,phases,start] GC(28) Phase 4: Compact heap
[2026-08-03T13:19:31.468+0900][1.630s][info ][gc,phases      ] GC(28) Phase 4: Compact heap 4.005ms
[2026-08-03T13:19:31.470+0900][1.632s][info ][gc,heap        ] GC(28) Eden regions: 1->0(1)
[2026-08-03T13:19:31.470+0900][1.632s][info ][gc,heap        ] GC(28) Survivor regions: 0->0(0)
[2026-08-03T13:19:31.470+0900][1.632s][info ][gc,heap        ] GC(28) Old regions: 1->1
[2026-08-03T13:19:31.470+0900][1.632s][info ][gc,heap        ] GC(28) Archive regions: 0->0
[2026-08-03T13:19:31.470+0900][1.632s][info ][gc,heap        ] GC(28) Humongous regions: 0->0
[2026-08-03T13:19:31.470+0900][1.632s][info ][gc,metaspace   ] GC(28) Metaspace: 9645K(9920K)->9645K(9920K) NonClass: 8744K(8896K)->8744K(8896K) Class: 900K(1024K)->900K(1024K)
[2026-08-03T13:19:31.470+0900][1.632s][debug][gc,heap        ] GC(28) Heap after GC invocations=29 (full 29):
[2026-08-03T13:19:31.470+0900][1.632s][debug][gc,heap        ] GC(28)  garbage-first heap   total 131072K, used 20820K [0x0000019af8000000, 0x000001d1f8000000)
[2026-08-03T13:19:31.470+0900][1.632s][debug][gc,heap        ] GC(28)   region size 32768K, 0 young (0K), 0 survivors (0K)
[2026-08-03T13:19:31.470+0900][1.632s][debug][gc,heap        ] GC(28)  Metaspace       used 9645K, committed 9920K, reserved 1114112K
[2026-08-03T13:19:31.470+0900][1.632s][debug][gc,heap        ] GC(28)   class space    used 900K, committed 1024K, reserved 1048576K
[2026-08-03T13:19:31.470+0900][1.632s][info ][gc             ] GC(28) Pause Full (System.gc()) 23M->20M(128M) 36.721ms
[2026-08-03T13:19:31.470+0900][1.632s][info ][gc,cpu         ] GC(28) User=0.06s Sys=0.03s Real=0.04s
[2026-08-03T13:19:31.471+0900][1.633s][info ][safepoint      ] Safepoint "G1CollectFull", Time since last: 13097300 ns, Reaching safepoint: 82500 ns, At safepoint: 36855300 ns, Total: 36937800 ns
[2026-08-03T13:19:31.540+0900][1.702s][info ][gc,start       ] GC(29) Pause Young (Normal) (G1 Evacuation Pause)
[2026-08-03T13:19:31.540+0900][1.702s][debug][gc,heap        ] GC(29) Heap before GC invocations=29 (full 29):
[2026-08-03T13:19:31.540+0900][1.702s][debug][gc,heap        ] GC(29)  garbage-first heap   total 131072K, used 53588K [0x0000019af8000000, 0x000001d1f8000000)
[2026-08-03T13:19:31.540+0900][1.702s][debug][gc,heap        ] GC(29)   region size 32768K, 1 young (32768K), 0 survivors (0K)
[2026-08-03T13:19:31.540+0900][1.702s][debug][gc,heap        ] GC(29)  Metaspace       used 9656K, committed 9920K, reserved 1114112K
[2026-08-03T13:19:31.540+0900][1.702s][debug][gc,heap        ] GC(29)   class space    used 901K, committed 1024K, reserved 1048576K
[2026-08-03T13:19:31.540+0900][1.702s][info ][gc,task        ] GC(29) Using 3 workers of 18 for evacuation
[2026-08-03T13:19:31.553+0900][1.715s][info ][gc,phases      ] GC(29)   Pre Evacuate Collection Set: 0.1ms
[2026-08-03T13:19:31.553+0900][1.715s][info ][gc,phases      ] GC(29)   Merge Heap Roots: 0.3ms
[2026-08-03T13:19:31.553+0900][1.715s][info ][gc,phases      ] GC(29)   Evacuate Collection Set: 12.9ms
[2026-08-03T13:19:31.553+0900][1.715s][info ][gc,phases      ] GC(29)   Post Evacuate Collection Set: 0.3ms
[2026-08-03T13:19:31.553+0900][1.715s][info ][gc,phases      ] GC(29)   Other: 0.1ms
[2026-08-03T13:19:31.553+0900][1.715s][info ][gc,heap        ] GC(29) Eden regions: 1->0(1)
[2026-08-03T13:19:31.554+0900][1.715s][info ][gc,heap        ] GC(29) Survivor regions: 0->1(1)
[2026-08-03T13:19:31.554+0900][1.715s][info ][gc,heap        ] GC(29) Old regions: 1->1
[2026-08-03T13:19:31.554+0900][1.715s][info ][gc,heap        ] GC(29) Archive regions: 0->0
[2026-08-03T13:19:31.554+0900][1.715s][info ][gc,heap        ] GC(29) Humongous regions: 0->0
[2026-08-03T13:19:31.554+0900][1.716s][info ][gc,metaspace   ] GC(29) Metaspace: 9656K(9920K)->9656K(9920K) NonClass: 8755K(8896K)->8755K(8896K) Class: 901K(1024K)->901K(1024K)
[2026-08-03T13:19:31.554+0900][1.716s][debug][gc,heap        ] GC(29) Heap after GC invocations=30 (full 29):
[2026-08-03T13:19:31.554+0900][1.716s][debug][gc,heap        ] GC(29)  garbage-first heap   total 131072K, used 36993K [0x0000019af8000000, 0x000001d1f8000000)
[2026-08-03T13:19:31.554+0900][1.716s][debug][gc,heap        ] GC(29)   region size 32768K, 1 young (32768K), 1 survivors (32768K)
[2026-08-03T13:19:31.554+0900][1.716s][debug][gc,heap        ] GC(29)  Metaspace       used 9656K, committed 9920K, reserved 1114112K
[2026-08-03T13:19:31.554+0900][1.716s][debug][gc,heap        ] GC(29)   class space    used 901K, committed 1024K, reserved 1048576K
[2026-08-03T13:19:31.554+0900][1.716s][info ][gc             ] GC(29) Pause Young (Normal) (G1 Evacuation Pause) 52M->36M(128M) 14.020ms
[2026-08-03T13:19:31.554+0900][1.716s][info ][gc,cpu         ] GC(29) User=0.06s Sys=0.02s Real=0.01s
[2026-08-03T13:19:31.554+0900][1.716s][info ][safepoint      ] Safepoint "G1CollectForAllocation", Time since last: 68944200 ns, Reaching safepoint: 46400 ns, At safepoint: 14086700 ns, Total: 14133100 ns
[2026-08-03T13:19:31.607+0900][1.769s][info ][gc,start       ] GC(30) Pause Young (Normal) (G1 Evacuation Pause)
[2026-08-03T13:19:31.607+0900][1.769s][debug][gc,heap        ] GC(30) Heap before GC invocations=30 (full 29):
[2026-08-03T13:19:31.607+0900][1.769s][debug][gc,heap        ] GC(30)  garbage-first heap   total 131072K, used 69761K [0x0000019af8000000, 0x000001d1f8000000)
[2026-08-03T13:19:31.607+0900][1.769s][debug][gc,heap        ] GC(30)   region size 32768K, 2 young (65536K), 1 survivors (32768K)
[2026-08-03T13:19:31.607+0900][1.769s][debug][gc,heap        ] GC(30)  Metaspace       used 9657K, committed 9920K, reserved 1114112K
[2026-08-03T13:19:31.607+0900][1.769s][debug][gc,heap        ] GC(30)   class space    used 901K, committed 1024K, reserved 1048576K
[2026-08-03T13:19:31.607+0900][1.769s][info ][gc,task        ] GC(30) Using 3 workers of 18 for evacuation
[2026-08-03T13:19:31.628+0900][1.790s][info ][gc,phases      ] GC(30)   Pre Evacuate Collection Set: 0.0ms
[2026-08-03T13:19:31.628+0900][1.790s][info ][gc,phases      ] GC(30)   Merge Heap Roots: 0.1ms
[2026-08-03T13:19:31.629+0900][1.790s][info ][gc,phases      ] GC(30)   Evacuate Collection Set: 20.7ms
[2026-08-03T13:19:31.629+0900][1.790s][info ][gc,phases      ] GC(30)   Post Evacuate Collection Set: 0.2ms
[2026-08-03T13:19:31.629+0900][1.790s][info ][gc,phases      ] GC(30)   Other: 0.1ms
[2026-08-03T13:19:31.629+0900][1.791s][info ][gc,heap        ] GC(30) Eden regions: 1->0(1)
[2026-08-03T13:19:31.629+0900][1.791s][info ][gc,heap        ] GC(30) Survivor regions: 1->1(1)
[2026-08-03T13:19:31.629+0900][1.791s][info ][gc,heap        ] GC(30) Old regions: 1->1
[2026-08-03T13:19:31.629+0900][1.791s][info ][gc,heap        ] GC(30) Archive regions: 0->0
[2026-08-03T13:19:31.629+0900][1.791s][info ][gc,heap        ] GC(30) Humongous regions: 0->0
[2026-08-03T13:19:31.629+0900][1.791s][info ][gc,metaspace   ] GC(30) Metaspace: 9657K(9920K)->9657K(9920K) NonClass: 8755K(8896K)->8755K(8896K) Class: 901K(1024K)->901K(1024K)
[2026-08-03T13:19:31.629+0900][1.791s][debug][gc,heap        ] GC(30) Heap after GC invocations=31 (full 29):
[2026-08-03T13:19:31.629+0900][1.791s][debug][gc,heap        ] GC(30)  garbage-first heap   total 131072K, used 52459K [0x0000019af8000000, 0x000001d1f8000000)
[2026-08-03T13:19:31.629+0900][1.791s][debug][gc,heap        ] GC(30)   region size 32768K, 1 young (32768K), 1 survivors (32768K)
[2026-08-03T13:19:31.629+0900][1.791s][debug][gc,heap        ] GC(30)  Metaspace       used 9657K, committed 9920K, reserved 1114112K
[2026-08-03T13:19:31.629+0900][1.791s][debug][gc,heap        ] GC(30)   class space    used 901K, committed 1024K, reserved 1048576K
[2026-08-03T13:19:31.629+0900][1.791s][info ][gc             ] GC(30) Pause Young (Normal) (G1 Evacuation Pause) 68M->51M(128M) 21.565ms
[2026-08-03T13:19:31.629+0900][1.791s][info ][gc,cpu         ] GC(30) User=0.16s Sys=0.03s Real=0.02s
[2026-08-03T13:19:31.629+0900][1.791s][info ][safepoint      ] Safepoint "G1CollectForAllocation", Time since last: 53323000 ns, Reaching safepoint: 91400 ns, At safepoint: 21633800 ns, Total: 21725200 ns
[2026-08-03T13:19:31.651+0900][1.813s][info ][gc,start       ] GC(31) Pause Young (Normal) (G1 Evacuation Pause)
[2026-08-03T13:19:31.651+0900][1.813s][debug][gc,heap        ] GC(31) Heap before GC invocations=31 (full 29):
[2026-08-03T13:19:31.651+0900][1.813s][debug][gc,heap        ] GC(31)  garbage-first heap   total 131072K, used 85227K [0x0000019af8000000, 0x000001d1f8000000)
[2026-08-03T13:19:31.651+0900][1.813s][debug][gc,heap        ] GC(31)   region size 32768K, 2 young (65536K), 1 survivors (32768K)
[2026-08-03T13:19:31.651+0900][1.813s][debug][gc,heap        ] GC(31)  Metaspace       used 9659K, committed 9920K, reserved 1114112K
[2026-08-03T13:19:31.651+0900][1.813s][debug][gc,heap        ] GC(31)   class space    used 901K, committed 1024K, reserved 1048576K
[2026-08-03T13:19:31.652+0900][1.813s][info ][gc,task        ] GC(31) Using 3 workers of 18 for evacuation
[2026-08-03T13:19:31.678+0900][1.840s][info ][gc,phases      ] GC(31)   Pre Evacuate Collection Set: 0.0ms
[2026-08-03T13:19:31.678+0900][1.840s][info ][gc,phases      ] GC(31)   Merge Heap Roots: 0.1ms
[2026-08-03T13:19:31.678+0900][1.840s][info ][gc,phases      ] GC(31)   Evacuate Collection Set: 26.4ms
[2026-08-03T13:19:31.678+0900][1.840s][info ][gc,phases      ] GC(31)   Post Evacuate Collection Set: 0.2ms
[2026-08-03T13:19:31.678+0900][1.840s][info ][gc,phases      ] GC(31)   Other: 0.1ms
[2026-08-03T13:19:31.678+0900][1.840s][info ][gc,heap        ] GC(31) Eden regions: 1->0(1)
[2026-08-03T13:19:31.678+0900][1.840s][info ][gc,heap        ] GC(31) Survivor regions: 1->1(1)
[2026-08-03T13:19:31.678+0900][1.840s][info ][gc,heap        ] GC(31) Old regions: 1->2
[2026-08-03T13:19:31.678+0900][1.840s][info ][gc,heap        ] GC(31) Archive regions: 0->0
[2026-08-03T13:19:31.679+0900][1.840s][info ][gc,heap        ] GC(31) Humongous regions: 0->0
[2026-08-03T13:19:31.679+0900][1.840s][info ][gc,metaspace   ] GC(31) Metaspace: 9659K(9920K)->9659K(9920K) NonClass: 8758K(8896K)->8758K(8896K) Class: 901K(1024K)->901K(1024K)
[2026-08-03T13:19:31.679+0900][1.840s][debug][gc,heap        ] GC(31) Heap after GC invocations=32 (full 29):
[2026-08-03T13:19:31.679+0900][1.841s][debug][gc,heap        ] GC(31)  garbage-first heap   total 163840K, used 70058K [0x0000019af8000000, 0x000001d1f8000000)
[2026-08-03T13:19:31.679+0900][1.841s][debug][gc,heap        ] GC(31)   region size 32768K, 1 young (32768K), 1 survivors (32768K)
[2026-08-03T13:19:31.679+0900][1.841s][debug][gc,heap        ] GC(31)  Metaspace       used 9659K, committed 9920K, reserved 1114112K
[2026-08-03T13:19:31.679+0900][1.841s][debug][gc,heap        ] GC(31)   class space    used 901K, committed 1024K, reserved 1048576K
[2026-08-03T13:19:31.679+0900][1.841s][info ][gc             ] GC(31) Pause Young (Normal) (G1 Evacuation Pause) 83M->68M(160M) 27.219ms
[2026-08-03T13:19:31.679+0900][1.841s][info ][gc,cpu         ] GC(31) User=0.06s Sys=0.03s Real=0.03s
[2026-08-03T13:19:31.679+0900][1.841s][info ][safepoint      ] Safepoint "G1CollectForAllocation", Time since last: 22621700 ns, Reaching safepoint: 26000 ns, At safepoint: 27275600 ns, Total: 27301600 ns
[2026-08-03T13:19:31.726+0900][1.888s][info ][gc,start       ] GC(32) Pause Young (Normal) (G1 Evacuation Pause)
[2026-08-03T13:19:31.726+0900][1.888s][debug][gc,heap        ] GC(32) Heap before GC invocations=32 (full 29):
[2026-08-03T13:19:31.726+0900][1.888s][debug][gc,heap        ] GC(32)  garbage-first heap   total 163840K, used 102826K [0x0000019af8000000, 0x000001d1f8000000)
[2026-08-03T13:19:31.726+0900][1.888s][debug][gc,heap        ] GC(32)   region size 32768K, 2 young (65536K), 1 survivors (32768K)
[2026-08-03T13:19:31.726+0900][1.888s][debug][gc,heap        ] GC(32)  Metaspace       used 9681K, committed 9920K, reserved 1114112K
[2026-08-03T13:19:31.726+0900][1.888s][debug][gc,heap        ] GC(32)   class space    used 901K, committed 1024K, reserved 1048576K
[2026-08-03T13:19:31.726+0900][1.888s][info ][gc,task        ] GC(32) Using 3 workers of 18 for evacuation
[2026-08-03T13:19:31.755+0900][1.916s][info ][gc,phases      ] GC(32)   Pre Evacuate Collection Set: 0.1ms
[2026-08-03T13:19:31.755+0900][1.917s][info ][gc,phases      ] GC(32)   Merge Heap Roots: 0.1ms
[2026-08-03T13:19:31.755+0900][1.917s][info ][gc,phases      ] GC(32)   Evacuate Collection Set: 26.1ms
[2026-08-03T13:19:31.755+0900][1.917s][info ][gc,phases      ] GC(32)   Post Evacuate Collection Set: 2.2ms
[2026-08-03T13:19:31.755+0900][1.917s][info ][gc,phases      ] GC(32)   Other: 0.1ms
[2026-08-03T13:19:31.755+0900][1.917s][info ][gc,heap        ] GC(32) Eden regions: 1->0(1)
[2026-08-03T13:19:31.755+0900][1.917s][info ][gc,heap        ] GC(32) Survivor regions: 1->1(1)
[2026-08-03T13:19:31.755+0900][1.917s][info ][gc,heap        ] GC(32) Old regions: 2->3
[2026-08-03T13:19:31.755+0900][1.917s][info ][gc,heap        ] GC(32) Archive regions: 0->0
[2026-08-03T13:19:31.755+0900][1.917s][info ][gc,heap        ] GC(32) Humongous regions: 0->0
[2026-08-03T13:19:31.755+0900][1.917s][info ][gc,metaspace   ] GC(32) Metaspace: 9681K(9920K)->9681K(9920K) NonClass: 8780K(8896K)->8780K(8896K) Class: 901K(1024K)->901K(1024K)
[2026-08-03T13:19:31.755+0900][1.917s][debug][gc,heap        ] GC(32) Heap after GC invocations=33 (full 29):
[2026-08-03T13:19:31.755+0900][1.917s][debug][gc,heap        ] GC(32)  garbage-first heap   total 1146880K, used 88174K [0x0000019af8000000, 0x000001d1f8000000)
[2026-08-03T13:19:31.755+0900][1.917s][debug][gc,heap        ] GC(32)   region size 32768K, 1 young (32768K), 1 survivors (32768K)
[2026-08-03T13:19:31.755+0900][1.917s][debug][gc,heap        ] GC(32)  Metaspace       used 9681K, committed 9920K, reserved 1114112K
[2026-08-03T13:19:31.755+0900][1.917s][debug][gc,heap        ] GC(32)   class space    used 901K, committed 1024K, reserved 1048576K
[2026-08-03T13:19:31.755+0900][1.917s][info ][gc             ] GC(32) Pause Young (Normal) (G1 Evacuation Pause) 100M->86M(1120M) 29.003ms
[2026-08-03T13:19:31.755+0900][1.917s][info ][gc,cpu         ] GC(32) User=0.14s Sys=0.02s Real=0.03s
[2026-08-03T13:19:31.755+0900][1.917s][info ][safepoint      ] Safepoint "G1CollectForAllocation", Time since last: 47042200 ns, Reaching safepoint: 41400 ns, At safepoint: 29134500 ns, Total: 29175900 ns
[2026-08-03T13:19:31.758+0900][1.920s][info ][gc,start       ] GC(33) Pause Full (System.gc())
[2026-08-03T13:19:31.758+0900][1.920s][debug][gc,heap        ] GC(33) Heap before GC invocations=33 (full 29):
[2026-08-03T13:19:31.758+0900][1.920s][debug][gc,heap        ] GC(33)  garbage-first heap   total 1146880K, used 88174K [0x0000019af8000000, 0x000001d1f8000000)
[2026-08-03T13:19:31.758+0900][1.920s][debug][gc,heap        ] GC(33)   region size 32768K, 2 young (65536K), 1 survivors (32768K)
[2026-08-03T13:19:31.758+0900][1.920s][debug][gc,heap        ] GC(33)  Metaspace       used 9681K, committed 9920K, reserved 1114112K
[2026-08-03T13:19:31.758+0900][1.920s][debug][gc,heap        ] GC(33)   class space    used 901K, committed 1024K, reserved 1048576K
[2026-08-03T13:19:31.758+0900][1.920s][info ][gc,task        ] GC(33) Using 2 workers of 18 for full compaction
[2026-08-03T13:19:31.758+0900][1.920s][info ][gc,phases,start] GC(33) Phase 1: Mark live objects
[2026-08-03T13:19:31.797+0900][1.959s][info ][gc,phases      ] GC(33) Phase 1: Mark live objects 38.938ms
[2026-08-03T13:19:31.797+0900][1.959s][info ][gc,phases,start] GC(33) Phase 2: Prepare for compaction
[2026-08-03T13:19:31.805+0900][1.967s][info ][gc,phases      ] GC(33) Phase 2: Prepare for compaction 7.307ms
[2026-08-03T13:19:31.805+0900][1.967s][info ][gc,phases,start] GC(33) Phase 3: Adjust pointers
[2026-08-03T13:19:31.821+0900][1.983s][info ][gc,phases      ] GC(33) Phase 3: Adjust pointers 16.230ms
[2026-08-03T13:19:31.821+0900][1.983s][info ][gc,phases,start] GC(33) Phase 4: Compact heap
[2026-08-03T13:19:31.828+0900][1.990s][info ][gc,phases      ] GC(33) Phase 4: Compact heap 7.186ms
[2026-08-03T13:19:31.832+0900][1.994s][debug][gc,heap        ] GC(33) Uncommittable regions after shrink: 25
[2026-08-03T13:19:31.834+0900][1.996s][info ][gc,heap        ] GC(33) Eden regions: 1->0(1)
[2026-08-03T13:19:31.834+0900][1.996s][info ][gc,heap        ] GC(33) Survivor regions: 1->0(1)
[2026-08-03T13:19:31.834+0900][1.996s][info ][gc,heap        ] GC(33) Old regions: 3->3
[2026-08-03T13:19:31.834+0900][1.996s][info ][gc,heap        ] GC(33) Archive regions: 0->0
[2026-08-03T13:19:31.834+0900][1.996s][info ][gc,heap        ] GC(33) Humongous regions: 0->0
[2026-08-03T13:19:31.834+0900][1.996s][info ][gc,metaspace   ] GC(33) Metaspace: 9681K(9920K)->9681K(9920K) NonClass: 8780K(8896K)->8780K(8896K) Class: 901K(1024K)->901K(1024K)
[2026-08-03T13:19:31.834+0900][1.996s][debug][gc,heap        ] GC(33) Heap after GC invocations=34 (full 30):
[2026-08-03T13:19:31.834+0900][1.996s][debug][gc,heap        ] GC(33)  garbage-first heap   total 327680K, used 86164K [0x0000019af8000000, 0x000001d1f8000000)
[2026-08-03T13:19:31.834+0900][1.996s][debug][gc,heap        ] GC(33)   region size 32768K, 0 young (0K), 0 survivors (0K)
[2026-08-03T13:19:31.834+0900][1.996s][debug][gc,heap        ] GC(33)  Metaspace       used 9681K, committed 9920K, reserved 1114112K
[2026-08-03T13:19:31.834+0900][1.996s][debug][gc,heap        ] GC(33)   class space    used 901K, committed 1024K, reserved 1048576K
[2026-08-03T13:19:31.834+0900][1.996s][info ][gc             ] GC(33) Pause Full (System.gc()) 87M->84M(320M) 75.552ms
[2026-08-03T13:19:31.834+0900][1.996s][info ][gc,cpu         ] GC(33) User=0.14s Sys=0.00s Real=0.08s
[2026-08-03T13:19:31.834+0900][1.996s][info ][safepoint      ] Safepoint "G1CollectFull", Time since last: 3396500 ns, Reaching safepoint: 32300 ns, At safepoint: 75707700 ns, Total: 75740000 ns
[2026-08-03T13:19:31.871+0900][2.033s][info ][gc,start       ] GC(34) Pause Young (Normal) (G1 Evacuation Pause)
[2026-08-03T13:19:31.871+0900][2.033s][debug][gc,heap        ] GC(34) Heap before GC invocations=34 (full 30):
[2026-08-03T13:19:31.871+0900][2.033s][debug][gc,heap        ] GC(34)  garbage-first heap   total 327680K, used 118932K [0x0000019af8000000, 0x000001d1f8000000)
[2026-08-03T13:19:31.871+0900][2.033s][debug][gc,heap        ] GC(34)   region size 32768K, 1 young (32768K), 0 survivors (0K)
[2026-08-03T13:19:31.871+0900][2.033s][debug][gc,heap        ] GC(34)  Metaspace       used 9683K, committed 9920K, reserved 1114112K
[2026-08-03T13:19:31.871+0900][2.033s][debug][gc,heap        ] GC(34)   class space    used 901K, committed 1024K, reserved 1048576K
[2026-08-03T13:19:31.871+0900][2.033s][info ][gc,task        ] GC(34) Using 7 workers of 18 for evacuation
[2026-08-03T13:19:31.877+0900][2.039s][info ][gc,phases      ] GC(34)   Pre Evacuate Collection Set: 0.1ms
[2026-08-03T13:19:31.877+0900][2.039s][info ][gc,phases      ] GC(34)   Merge Heap Roots: 0.2ms
[2026-08-03T13:19:31.877+0900][2.039s][info ][gc,phases      ] GC(34)   Evacuate Collection Set: 5.4ms
[2026-08-03T13:19:31.877+0900][2.039s][info ][gc,phases      ] GC(34)   Post Evacuate Collection Set: 0.2ms
[2026-08-03T13:19:31.877+0900][2.039s][info ][gc,phases      ] GC(34)   Other: 0.1ms
[2026-08-03T13:19:31.877+0900][2.039s][info ][gc,heap        ] GC(34) Eden regions: 1->0(1)
[2026-08-03T13:19:31.877+0900][2.039s][info ][gc,heap        ] GC(34) Survivor regions: 0->1(1)
[2026-08-03T13:19:31.877+0900][2.039s][info ][gc,heap        ] GC(34) Old regions: 3->3
[2026-08-03T13:19:31.877+0900][2.039s][info ][gc,heap        ] GC(34) Archive regions: 0->0
[2026-08-03T13:19:31.877+0900][2.039s][info ][gc,heap        ] GC(34) Humongous regions: 0->0
[2026-08-03T13:19:31.877+0900][2.039s][info ][gc,metaspace   ] GC(34) Metaspace: 9683K(9920K)->9683K(9920K) NonClass: 8782K(8896K)->8782K(8896K) Class: 901K(1024K)->901K(1024K)
[2026-08-03T13:19:31.877+0900][2.039s][debug][gc,heap        ] GC(34) Heap after GC invocations=35 (full 30):
[2026-08-03T13:19:31.877+0900][2.039s][debug][gc,heap        ] GC(34)  garbage-first heap   total 327680K, used 104051K [0x0000019af8000000, 0x000001d1f8000000)
[2026-08-03T13:19:31.877+0900][2.039s][debug][gc,heap        ] GC(34)   region size 32768K, 1 young (32768K), 1 survivors (32768K)
[2026-08-03T13:19:31.877+0900][2.039s][debug][gc,heap        ] GC(34)  Metaspace       used 9683K, committed 9920K, reserved 1114112K
[2026-08-03T13:19:31.877+0900][2.039s][debug][gc,heap        ] GC(34)   class space    used 901K, committed 1024K, reserved 1048576K
[2026-08-03T13:19:31.877+0900][2.039s][info ][gc             ] GC(34) Pause Young (Normal) (G1 Evacuation Pause) 116M->101M(320M) 6.301ms
[2026-08-03T13:19:31.877+0900][2.039s][info ][gc,cpu         ] GC(34) User=0.11s Sys=0.00s Real=0.01s
[2026-08-03T13:19:31.877+0900][2.039s][info ][safepoint      ] Safepoint "G1CollectForAllocation", Time since last: 36785200 ns, Reaching safepoint: 88500 ns, At safepoint: 6351200 ns, Total: 6439700 ns
[2026-08-03T13:19:31.930+0900][2.092s][info ][gc,start       ] GC(35) Pause Young (Normal) (G1 Evacuation Pause)
[2026-08-03T13:19:31.930+0900][2.092s][debug][gc,heap        ] GC(35) Heap before GC invocations=35 (full 30):
[2026-08-03T13:19:31.930+0900][2.092s][debug][gc,heap        ] GC(35)  garbage-first heap   total 327680K, used 136819K [0x0000019af8000000, 0x000001d1f8000000)
[2026-08-03T13:19:31.930+0900][2.092s][debug][gc,heap        ] GC(35)   region size 32768K, 2 young (65536K), 1 survivors (32768K)
[2026-08-03T13:19:31.930+0900][2.092s][debug][gc,heap        ] GC(35)  Metaspace       used 9794K, committed 10048K, reserved 1114112K
[2026-08-03T13:19:31.930+0900][2.092s][debug][gc,heap        ] GC(35)   class space    used 914K, committed 1024K, reserved 1048576K
[2026-08-03T13:19:31.930+0900][2.092s][info ][gc,task        ] GC(35) Using 7 workers of 18 for evacuation
[2026-08-03T13:19:31.939+0900][2.101s][info ][gc,phases      ] GC(35)   Pre Evacuate Collection Set: 0.1ms
[2026-08-03T13:19:31.940+0900][2.102s][info ][gc,phases      ] GC(35)   Merge Heap Roots: 0.1ms
[2026-08-03T13:19:31.940+0900][2.102s][info ][gc,phases      ] GC(35)   Evacuate Collection Set: 8.7ms
[2026-08-03T13:19:31.940+0900][2.102s][info ][gc,phases      ] GC(35)   Post Evacuate Collection Set: 0.3ms
[2026-08-03T13:19:31.940+0900][2.102s][info ][gc,phases      ] GC(35)   Other: 0.1ms
[2026-08-03T13:19:31.940+0900][2.102s][info ][gc,heap        ] GC(35) Eden regions: 1->0(1)
[2026-08-03T13:19:31.940+0900][2.102s][info ][gc,heap        ] GC(35) Survivor regions: 1->1(1)
[2026-08-03T13:19:31.940+0900][2.102s][info ][gc,heap        ] GC(35) Old regions: 3->3
[2026-08-03T13:19:31.940+0900][2.102s][info ][gc,heap        ] GC(35) Archive regions: 0->0
[2026-08-03T13:19:31.940+0900][2.102s][info ][gc,heap        ] GC(35) Humongous regions: 0->0
[2026-08-03T13:19:31.940+0900][2.102s][info ][gc,metaspace   ] GC(35) Metaspace: 9794K(10048K)->9794K(10048K) NonClass: 8880K(9024K)->8880K(9024K) Class: 914K(1024K)->914K(1024K)
[2026-08-03T13:19:31.940+0900][2.102s][debug][gc,heap        ] GC(35) Heap after GC invocations=36 (full 30):
[2026-08-03T13:19:31.940+0900][2.102s][debug][gc,heap        ] GC(35)  garbage-first heap   total 327680K, used 116668K [0x0000019af8000000, 0x000001d1f8000000)
[2026-08-03T13:19:31.940+0900][2.102s][debug][gc,heap        ] GC(35)   region size 32768K, 1 young (32768K), 1 survivors (32768K)
[2026-08-03T13:19:31.940+0900][2.102s][debug][gc,heap        ] GC(35)  Metaspace       used 9794K, committed 10048K, reserved 1114112K
[2026-08-03T13:19:31.940+0900][2.102s][debug][gc,heap        ] GC(35)   class space    used 914K, committed 1024K, reserved 1048576K
[2026-08-03T13:19:31.940+0900][2.102s][info ][gc             ] GC(35) Pause Young (Normal) (G1 Evacuation Pause) 133M->113M(320M) 9.663ms
[2026-08-03T13:19:31.940+0900][2.102s][info ][gc,cpu         ] GC(35) User=0.11s Sys=0.00s Real=0.01s
[2026-08-03T13:19:31.940+0900][2.102s][info ][safepoint      ] Safepoint "G1CollectForAllocation", Time since last: 52065800 ns, Reaching safepoint: 767400 ns, At safepoint: 9725000 ns, Total: 10492400 ns
[2026-08-03T13:19:32.046+0900][2.208s][debug][gc,heap        ] Concurrent Uncommit Summary: 800M, 25 regions, 7.808ms
[2026-08-03T13:19:32.051+0900][2.213s][info ][gc,start       ] GC(36) Pause Young (Normal) (G1 Evacuation Pause)
[2026-08-03T13:19:32.051+0900][2.213s][debug][gc,heap        ] GC(36) Heap before GC invocations=36 (full 30):
[2026-08-03T13:19:32.051+0900][2.213s][debug][gc,heap        ] GC(36)  garbage-first heap   total 327680K, used 149436K [0x0000019af8000000, 0x000001d1f8000000)
[2026-08-03T13:19:32.051+0900][2.213s][debug][gc,heap        ] GC(36)   region size 32768K, 2 young (65536K), 1 survivors (32768K)
[2026-08-03T13:19:32.051+0900][2.213s][debug][gc,heap        ] GC(36)  Metaspace       used 10388K, committed 10752K, reserved 1114112K
[2026-08-03T13:19:32.051+0900][2.213s][debug][gc,heap        ] GC(36)   class space    used 959K, committed 1152K, reserved 1048576K
[2026-08-03T13:19:32.051+0900][2.213s][info ][gc,task        ] GC(36) Using 7 workers of 18 for evacuation
[2026-08-03T13:19:32.059+0900][2.221s][info ][gc,phases      ] GC(36)   Pre Evacuate Collection Set: 0.1ms
[2026-08-03T13:19:32.059+0900][2.221s][info ][gc,phases      ] GC(36)   Merge Heap Roots: 0.1ms
[2026-08-03T13:19:32.059+0900][2.221s][info ][gc,phases      ] GC(36)   Evacuate Collection Set: 7.3ms
[2026-08-03T13:19:32.059+0900][2.221s][info ][gc,phases      ] GC(36)   Post Evacuate Collection Set: 0.4ms
[2026-08-03T13:19:32.059+0900][2.221s][info ][gc,phases      ] GC(36)   Other: 0.1ms
[2026-08-03T13:19:32.059+0900][2.221s][info ][gc,heap        ] GC(36) Eden regions: 1->0(1)
[2026-08-03T13:19:32.059+0900][2.221s][info ][gc,heap        ] GC(36) Survivor regions: 1->1(1)
[2026-08-03T13:19:32.059+0900][2.221s][info ][gc,heap        ] GC(36) Old regions: 3->4
[2026-08-03T13:19:32.059+0900][2.221s][info ][gc,heap        ] GC(36) Archive regions: 0->0
[2026-08-03T13:19:32.059+0900][2.221s][info ][gc,heap        ] GC(36) Humongous regions: 0->0
[2026-08-03T13:19:32.059+0900][2.221s][info ][gc,metaspace   ] GC(36) Metaspace: 10388K(10752K)->10388K(10752K) NonClass: 9428K(9600K)->9428K(9600K) Class: 959K(1152K)->959K(1152K)
[2026-08-03T13:19:32.059+0900][2.221s][debug][gc,heap        ] GC(36) Heap after GC invocations=37 (full 30):
[2026-08-03T13:19:32.059+0900][2.221s][debug][gc,heap        ] GC(36)  garbage-first heap   total 327680K, used 124557K [0x0000019af8000000, 0x000001d1f8000000)
[2026-08-03T13:19:32.059+0900][2.221s][debug][gc,heap        ] GC(36)   region size 32768K, 1 young (32768K), 1 survivors (32768K)
[2026-08-03T13:19:32.059+0900][2.221s][debug][gc,heap        ] GC(36)  Metaspace       used 10388K, committed 10752K, reserved 1114112K
[2026-08-03T13:19:32.059+0900][2.221s][debug][gc,heap        ] GC(36)   class space    used 959K, committed 1152K, reserved 1048576K
[2026-08-03T13:19:32.059+0900][2.221s][info ][gc             ] GC(36) Pause Young (Normal) (G1 Evacuation Pause) 145M->121M(320M) 8.280ms
[2026-08-03T13:19:32.059+0900][2.221s][info ][gc,cpu         ] GC(36) User=0.00s Sys=0.00s Real=0.01s
[2026-08-03T13:19:32.059+0900][2.221s][info ][safepoint      ] Safepoint "G1CollectForAllocation", Time since last: 110944300 ns, Reaching safepoint: 86700 ns, At safepoint: 8338800 ns, Total: 8425500 ns
[2026-08-03T13:19:32.099+0900][2.261s][info ][gc,start       ] GC(37) Pause Young (Normal) (G1 Evacuation Pause)
[2026-08-03T13:19:32.099+0900][2.261s][debug][gc,heap        ] GC(37) Heap before GC invocations=37 (full 30):
[2026-08-03T13:19:32.099+0900][2.261s][debug][gc,heap        ] GC(37)  garbage-first heap   total 327680K, used 157325K [0x0000019af8000000, 0x000001d1f8000000)
[2026-08-03T13:19:32.099+0900][2.261s][debug][gc,heap        ] GC(37)   region size 32768K, 2 young (65536K), 1 survivors (32768K)
[2026-08-03T13:19:32.099+0900][2.261s][debug][gc,heap        ] GC(37)  Metaspace       used 10395K, committed 10752K, reserved 1114112K
[2026-08-03T13:19:32.099+0900][2.261s][debug][gc,heap        ] GC(37)   class space    used 959K, committed 1152K, reserved 1048576K
[2026-08-03T13:19:32.099+0900][2.261s][info ][gc,task        ] GC(37) Using 7 workers of 18 for evacuation
[2026-08-03T13:19:32.109+0900][2.271s][info ][gc,phases      ] GC(37)   Pre Evacuate Collection Set: 0.1ms
[2026-08-03T13:19:32.109+0900][2.271s][info ][gc,phases      ] GC(37)   Merge Heap Roots: 0.2ms
[2026-08-03T13:19:32.109+0900][2.271s][info ][gc,phases      ] GC(37)   Evacuate Collection Set: 7.9ms
[2026-08-03T13:19:32.109+0900][2.271s][info ][gc,phases      ] GC(37)   Post Evacuate Collection Set: 2.0ms
[2026-08-03T13:19:32.109+0900][2.271s][info ][gc,phases      ] GC(37)   Other: 0.1ms
[2026-08-03T13:19:32.109+0900][2.271s][info ][gc,heap        ] GC(37) Eden regions: 1->0(4)
[2026-08-03T13:19:32.109+0900][2.271s][info ][gc,heap        ] GC(37) Survivor regions: 1->1(1)
[2026-08-03T13:19:32.109+0900][2.271s][info ][gc,heap        ] GC(37) Old regions: 4->4
[2026-08-03T13:19:32.109+0900][2.271s][info ][gc,heap        ] GC(37) Archive regions: 0->0
[2026-08-03T13:19:32.109+0900][2.271s][info ][gc,heap        ] GC(37) Humongous regions: 0->0
[2026-08-03T13:19:32.109+0900][2.271s][info ][gc,metaspace   ] GC(37) Metaspace: 10395K(10752K)->10395K(10752K) NonClass: 9435K(9600K)->9435K(9600K) Class: 959K(1152K)->959K(1152K)
[2026-08-03T13:19:32.109+0900][2.271s][debug][gc,heap        ] GC(37) Heap after GC invocations=38 (full 30):
[2026-08-03T13:19:32.109+0900][2.271s][debug][gc,heap        ] GC(37)  garbage-first heap   total 1212416K, used 141388K [0x0000019af8000000, 0x000001d1f8000000)
[2026-08-03T13:19:32.109+0900][2.271s][debug][gc,heap        ] GC(37)   region size 32768K, 1 young (32768K), 1 survivors (32768K)
[2026-08-03T13:19:32.109+0900][2.271s][debug][gc,heap        ] GC(37)  Metaspace       used 10395K, committed 10752K, reserved 1114112K
[2026-08-03T13:19:32.109+0900][2.271s][debug][gc,heap        ] GC(37)   class space    used 959K, committed 1152K, reserved 1048576K
[2026-08-03T13:19:32.109+0900][2.271s][info ][gc             ] GC(37) Pause Young (Normal) (G1 Evacuation Pause) 153M->138M(1184M) 10.563ms
[2026-08-03T13:19:32.110+0900][2.272s][info ][gc,cpu         ] GC(37) User=0.00s Sys=0.02s Real=0.01s
[2026-08-03T13:19:32.110+0900][2.272s][info ][safepoint      ] Safepoint "G1CollectForAllocation", Time since last: 39689700 ns, Reaching safepoint: 83200 ns, At safepoint: 10710500 ns, Total: 10793700 ns
[2026-08-03T13:19:32.224+0900][2.386s][info ][gc,start       ] GC(38) Pause Full (System.gc())
[2026-08-03T13:19:32.224+0900][2.386s][debug][gc,heap        ] GC(38) Heap before GC invocations=38 (full 30):
[2026-08-03T13:19:32.224+0900][2.386s][debug][gc,heap        ] GC(38)  garbage-first heap   total 1212416K, used 174156K [0x0000019af8000000, 0x000001d1f8000000)
[2026-08-03T13:19:32.224+0900][2.386s][debug][gc,heap        ] GC(38)   region size 32768K, 3 young (98304K), 1 survivors (32768K)
[2026-08-03T13:19:32.224+0900][2.386s][debug][gc,heap        ] GC(38)  Metaspace       used 10449K, committed 10816K, reserved 1114112K
[2026-08-03T13:19:32.224+0900][2.386s][debug][gc,heap        ] GC(38)   class space    used 963K, committed 1152K, reserved 1048576K
[2026-08-03T13:19:32.224+0900][2.386s][info ][gc,task        ] GC(38) Using 2 workers of 18 for full compaction
[2026-08-03T13:19:32.224+0900][2.386s][info ][gc,phases,start] GC(38) Phase 1: Mark live objects
[2026-08-03T13:19:32.275+0900][2.437s][info ][gc,phases      ] GC(38) Phase 1: Mark live objects 50.210ms
[2026-08-03T13:19:32.275+0900][2.437s][info ][gc,phases,start] GC(38) Phase 2: Prepare for compaction
[2026-08-03T13:19:32.281+0900][2.443s][info ][gc,phases      ] GC(38) Phase 2: Prepare for compaction 6.390ms
[2026-08-03T13:19:32.281+0900][2.443s][info ][gc,phases,start] GC(38) Phase 3: Adjust pointers
[2026-08-03T13:19:32.304+0900][2.466s][info ][gc,phases      ] GC(38) Phase 3: Adjust pointers 22.870ms
[2026-08-03T13:19:32.304+0900][2.466s][info ][gc,phases,start] GC(38) Phase 4: Compact heap
[2026-08-03T13:19:32.312+0900][2.474s][info ][gc,phases      ] GC(38) Phase 4: Compact heap 7.629ms
[2026-08-03T13:19:32.316+0900][2.478s][debug][gc,heap        ] GC(38) Uncommittable regions after shrink: 27
[2026-08-03T13:19:32.317+0900][2.479s][info ][gc,heap        ] GC(38) Eden regions: 2->0(2)
[2026-08-03T13:19:32.318+0900][2.480s][info ][gc,heap        ] GC(38) Survivor regions: 1->0(1)
[2026-08-03T13:19:32.318+0900][2.480s][info ][gc,heap        ] GC(38) Old regions: 4->3
[2026-08-03T13:19:32.318+0900][2.480s][info ][gc,heap        ] GC(38) Archive regions: 0->0
[2026-08-03T13:19:32.318+0900][2.480s][info ][gc,heap        ] GC(38) Humongous regions: 0->0
[2026-08-03T13:19:32.318+0900][2.480s][info ][gc,metaspace   ] GC(38) Metaspace: 10449K(10816K)->10449K(10816K) NonClass: 9485K(9664K)->9485K(9664K) Class: 963K(1152K)->963K(1152K)
[2026-08-03T13:19:32.318+0900][2.480s][debug][gc,heap        ] GC(38) Heap after GC invocations=39 (full 31):
[2026-08-03T13:19:32.318+0900][2.480s][debug][gc,heap        ] GC(38)  garbage-first heap   total 327680K, used 88336K [0x0000019af8000000, 0x000001d1f8000000)
[2026-08-03T13:19:32.318+0900][2.480s][debug][gc,heap        ] GC(38)   region size 32768K, 0 young (0K), 0 survivors (0K)
[2026-08-03T13:19:32.318+0900][2.480s][debug][gc,heap        ] GC(38)  Metaspace       used 10449K, committed 10816K, reserved 1114112K
[2026-08-03T13:19:32.318+0900][2.480s][debug][gc,heap        ] GC(38)   class space    used 963K, committed 1152K, reserved 1048576K
[2026-08-03T13:19:32.318+0900][2.480s][info ][gc             ] GC(38) Pause Full (System.gc()) 197M->86M(320M) 93.584ms
[2026-08-03T13:19:32.318+0900][2.480s][info ][gc,cpu         ] GC(38) User=0.14s Sys=0.00s Real=0.09s
[2026-08-03T13:19:32.318+0900][2.480s][info ][safepoint      ] Safepoint "G1CollectFull", Time since last: 114413300 ns, Reaching safepoint: 42400 ns, At safepoint: 93722900 ns, Total: 93765300 ns
[2026-08-03T13:19:32.342+0900][2.504s][info ][gc,start       ] GC(39) Pause Full (System.gc())
[2026-08-03T13:19:32.342+0900][2.504s][debug][gc,heap        ] GC(39) Heap before GC invocations=39 (full 31):
[2026-08-03T13:19:32.342+0900][2.504s][debug][gc,heap        ] GC(39)  garbage-first heap   total 327680K, used 88336K [0x0000019af8000000, 0x000001d1f8000000)
[2026-08-03T13:19:32.342+0900][2.504s][debug][gc,heap        ] GC(39)   region size 32768K, 1 young (32768K), 0 survivors (0K)
[2026-08-03T13:19:32.342+0900][2.504s][debug][gc,heap        ] GC(39)  Metaspace       used 10449K, committed 10816K, reserved 1114112K
[2026-08-03T13:19:32.342+0900][2.504s][debug][gc,heap        ] GC(39)   class space    used 963K, committed 1152K, reserved 1048576K
[2026-08-03T13:19:32.342+0900][2.504s][info ][gc,task        ] GC(39) Using 1 workers of 18 for full compaction
[2026-08-03T13:19:32.342+0900][2.504s][info ][gc,phases,start] GC(39) Phase 1: Mark live objects
[2026-08-03T13:19:32.394+0900][2.556s][info ][gc,phases      ] GC(39) Phase 1: Mark live objects 52.013ms
[2026-08-03T13:19:32.394+0900][2.556s][info ][gc,phases,start] GC(39) Phase 2: Prepare for compaction
[2026-08-03T13:19:32.407+0900][2.568s][info ][gc,phases      ] GC(39) Phase 2: Prepare for compaction 12.618ms
[2026-08-03T13:19:32.407+0900][2.568s][info ][gc,phases,start] GC(39) Phase 3: Adjust pointers
[2026-08-03T13:19:32.433+0900][2.595s][info ][gc,phases      ] GC(39) Phase 3: Adjust pointers 26.324ms
[2026-08-03T13:19:32.433+0900][2.595s][info ][gc,phases,start] GC(39) Phase 4: Compact heap
[2026-08-03T13:19:32.447+0900][2.608s][info ][gc,phases      ] GC(39) Phase 4: Compact heap 13.206ms
[2026-08-03T13:19:32.448+0900][2.610s][debug][gc,heap        ] GC(39) Uncommittable regions after shrink: 3
[2026-08-03T13:19:32.450+0900][2.611s][info ][gc,heap        ] GC(39) Eden regions: 1->0(1)
[2026-08-03T13:19:32.450+0900][2.611s][info ][gc,heap        ] GC(39) Survivor regions: 0->0(1)
[2026-08-03T13:19:32.450+0900][2.611s][info ][gc,heap        ] GC(39) Old regions: 3->2
[2026-08-03T13:19:32.450+0900][2.612s][info ][gc,heap        ] GC(39) Archive regions: 0->0
[2026-08-03T13:19:32.450+0900][2.612s][info ][gc,heap        ] GC(39) Humongous regions: 0->0
[2026-08-03T13:19:32.450+0900][2.612s][info ][gc,metaspace   ] GC(39) Metaspace: 10449K(10816K)->10449K(10816K) NonClass: 9485K(9664K)->9485K(9664K) Class: 963K(1152K)->963K(1152K)
[2026-08-03T13:19:32.450+0900][2.612s][debug][gc,heap        ] GC(39) Heap after GC invocations=40 (full 32):
[2026-08-03T13:19:32.450+0900][2.612s][debug][gc,heap        ] GC(39)  garbage-first heap   total 229376K, used 51289K [0x0000019af8000000, 0x000001d1f8000000)
[2026-08-03T13:19:32.450+0900][2.612s][debug][gc,heap        ] GC(39)   region size 32768K, 0 young (0K), 0 survivors (0K)
[2026-08-03T13:19:32.450+0900][2.612s][debug][gc,heap        ] GC(39)  Metaspace       used 10449K, committed 10816K, reserved 1114112K
[2026-08-03T13:19:32.450+0900][2.612s][debug][gc,heap        ] GC(39)   class space    used 963K, committed 1152K, reserved 1048576K
[2026-08-03T13:19:32.450+0900][2.612s][info ][gc             ] GC(39) Pause Full (System.gc()) 99M->50M(224M) 108.055ms
[2026-08-03T13:19:32.450+0900][2.612s][info ][gc,cpu         ] GC(39) User=0.14s Sys=0.00s Real=0.11s
[2026-08-03T13:19:32.450+0900][2.612s][info ][safepoint      ] Safepoint "G1CollectFull", Time since last: 23673500 ns, Reaching safepoint: 97000 ns, At safepoint: 108185700 ns, Total: 108282700 ns
[2026-08-03T13:19:32.483+0900][2.644s][info ][gc,start       ] GC(40) Pause Full (System.gc())
[2026-08-03T13:19:32.483+0900][2.644s][debug][gc,heap        ] GC(40) Heap before GC invocations=40 (full 32):
[2026-08-03T13:19:32.483+0900][2.644s][debug][gc,heap        ] GC(40)  garbage-first heap   total 229376K, used 51289K [0x0000019af8000000, 0x000001d1f8000000)
[2026-08-03T13:19:32.483+0900][2.644s][debug][gc,heap        ] GC(40)   region size 32768K, 1 young (32768K), 0 survivors (0K)
[2026-08-03T13:19:32.483+0900][2.644s][debug][gc,heap        ] GC(40)  Metaspace       used 10547K, committed 10880K, reserved 1114112K
[2026-08-03T13:19:32.483+0900][2.644s][debug][gc,heap        ] GC(40)   class space    used 971K, committed 1152K, reserved 1048576K
[2026-08-03T13:19:32.483+0900][2.644s][info ][gc,task        ] GC(40) Using 1 workers of 18 for full compaction
[2026-08-03T13:19:32.483+0900][2.644s][info ][gc,phases,start] GC(40) Phase 1: Mark live objects
[2026-08-03T13:19:32.544+0900][2.706s][info ][gc,phases      ] GC(40) Phase 1: Mark live objects 61.186ms
[2026-08-03T13:19:32.544+0900][2.706s][info ][gc,phases,start] GC(40) Phase 2: Prepare for compaction
[2026-08-03T13:19:32.552+0900][2.714s][info ][gc,phases      ] GC(40) Phase 2: Prepare for compaction 7.999ms
[2026-08-03T13:19:32.552+0900][2.714s][info ][gc,phases,start] GC(40) Phase 3: Adjust pointers
[2026-08-03T13:19:32.576+0900][2.737s][info ][gc,phases      ] GC(40) Phase 3: Adjust pointers 23.534ms
[2026-08-03T13:19:32.576+0900][2.737s][info ][gc,phases,start] GC(40) Phase 4: Compact heap
[2026-08-03T13:19:32.582+0900][2.744s][info ][gc,phases      ] GC(40) Phase 4: Compact heap 6.504ms
[2026-08-03T13:19:32.586+0900][2.747s][info ][gc,heap        ] GC(40) Eden regions: 1->0(1)
[2026-08-03T13:19:32.586+0900][2.747s][info ][gc,heap        ] GC(40) Survivor regions: 0->0(1)
[2026-08-03T13:19:32.586+0900][2.747s][info ][gc,heap        ] GC(40) Old regions: 2->2
[2026-08-03T13:19:32.586+0900][2.747s][info ][gc,heap        ] GC(40) Archive regions: 0->0
[2026-08-03T13:19:32.586+0900][2.747s][info ][gc,heap        ] GC(40) Humongous regions: 0->0
[2026-08-03T13:19:32.586+0900][2.747s][info ][gc,metaspace   ] GC(40) Metaspace: 10547K(10880K)->10547K(10880K) NonClass: 9575K(9728K)->9575K(9728K) Class: 971K(1152K)->971K(1152K)
[2026-08-03T13:19:32.586+0900][2.747s][debug][gc,heap        ] GC(40) Heap after GC invocations=41 (full 33):
[2026-08-03T13:19:32.586+0900][2.747s][debug][gc,heap        ] GC(40)  garbage-first heap   total 229376K, used 58102K [0x0000019af8000000, 0x000001d1f8000000)
[2026-08-03T13:19:32.586+0900][2.747s][debug][gc,heap        ] GC(40)   region size 32768K, 0 young (0K), 0 survivors (0K)
[2026-08-03T13:19:32.586+0900][2.747s][debug][gc,heap        ] GC(40)  Metaspace       used 10547K, committed 10880K, reserved 1114112K
[2026-08-03T13:19:32.586+0900][2.747s][debug][gc,heap        ] GC(40)   class space    used 971K, committed 1152K, reserved 1048576K
[2026-08-03T13:19:32.586+0900][2.747s][info ][gc             ] GC(40) Pause Full (System.gc()) 72M->56M(224M) 102.997ms
[2026-08-03T13:19:32.586+0900][2.747s][info ][gc,cpu         ] GC(40) User=0.16s Sys=0.00s Real=0.10s
[2026-08-03T13:19:32.586+0900][2.747s][info ][safepoint      ] Safepoint "G1CollectFull", Time since last: 32522100 ns, Reaching safepoint: 49000 ns, At safepoint: 103149900 ns, Total: 103198900 ns
[2026-08-03T13:19:32.620+0900][2.781s][info ][gc,start       ] GC(41) Pause Young (Normal) (G1 Evacuation Pause)
[2026-08-03T13:19:32.620+0900][2.781s][debug][gc,heap        ] GC(41) Heap before GC invocations=41 (full 33):
[2026-08-03T13:19:32.620+0900][2.781s][debug][gc,heap        ] GC(41)  garbage-first heap   total 229376K, used 90870K [0x0000019af8000000, 0x000001d1f8000000)
[2026-08-03T13:19:32.620+0900][2.781s][debug][gc,heap        ] GC(41)   region size 32768K, 1 young (32768K), 0 survivors (0K)
[2026-08-03T13:19:32.620+0900][2.781s][debug][gc,heap        ] GC(41)  Metaspace       used 10572K, committed 10880K, reserved 1114112K
[2026-08-03T13:19:32.620+0900][2.781s][debug][gc,heap        ] GC(41)   class space    used 975K, committed 1152K, reserved 1048576K
[2026-08-03T13:19:32.620+0900][2.781s][info ][gc,task        ] GC(41) Using 5 workers of 18 for evacuation
[2026-08-03T13:19:32.628+0900][2.789s][info ][gc,phases      ] GC(41)   Pre Evacuate Collection Set: 0.1ms
[2026-08-03T13:19:32.628+0900][2.789s][info ][gc,phases      ] GC(41)   Merge Heap Roots: 0.1ms
[2026-08-03T13:19:32.628+0900][2.789s][info ][gc,phases      ] GC(41)   Evacuate Collection Set: 7.5ms
[2026-08-03T13:19:32.628+0900][2.789s][info ][gc,phases      ] GC(41)   Post Evacuate Collection Set: 0.2ms
[2026-08-03T13:19:32.628+0900][2.789s][info ][gc,phases      ] GC(41)   Other: 0.1ms
[2026-08-03T13:19:32.628+0900][2.790s][info ][gc,heap        ] GC(41) Eden regions: 1->0(1)
[2026-08-03T13:19:32.628+0900][2.790s][info ][gc,heap        ] GC(41) Survivor regions: 0->1(1)
[2026-08-03T13:19:32.628+0900][2.790s][info ][gc,heap        ] GC(41) Old regions: 2->2
[2026-08-03T13:19:32.628+0900][2.790s][info ][gc,heap        ] GC(41) Archive regions: 0->0
[2026-08-03T13:19:32.628+0900][2.790s][info ][gc,heap        ] GC(41) Humongous regions: 0->0
[2026-08-03T13:19:32.628+0900][2.790s][info ][gc,metaspace   ] GC(41) Metaspace: 10572K(10880K)->10572K(10880K) NonClass: 9596K(9728K)->9596K(9728K) Class: 975K(1152K)->975K(1152K)
[2026-08-03T13:19:32.628+0900][2.790s][debug][gc,heap        ] GC(41) Heap after GC invocations=42 (full 33):
[2026-08-03T13:19:32.628+0900][2.790s][debug][gc,heap        ] GC(41)  garbage-first heap   total 229376K, used 73406K [0x0000019af8000000, 0x000001d1f8000000)
[2026-08-03T13:19:32.628+0900][2.790s][debug][gc,heap        ] GC(41)   region size 32768K, 1 young (32768K), 1 survivors (32768K)
[2026-08-03T13:19:32.628+0900][2.790s][debug][gc,heap        ] GC(41)  Metaspace       used 10572K, committed 10880K, reserved 1114112K
[2026-08-03T13:19:32.628+0900][2.790s][debug][gc,heap        ] GC(41)   class space    used 975K, committed 1152K, reserved 1048576K
[2026-08-03T13:19:32.628+0900][2.790s][info ][gc             ] GC(41) Pause Young (Normal) (G1 Evacuation Pause) 88M->71M(224M) 8.297ms
[2026-08-03T13:19:32.628+0900][2.790s][info ][gc,cpu         ] GC(41) User=0.08s Sys=0.00s Real=0.01s
[2026-08-03T13:19:32.628+0900][2.790s][info ][safepoint      ] Safepoint "G1CollectForAllocation", Time since last: 33847200 ns, Reaching safepoint: 24200 ns, At safepoint: 8347100 ns, Total: 8371300 ns
[2026-08-03T13:19:32.669+0900][2.830s][debug][gc,heap        ] Concurrent Uncommit Summary: 960M, 30 regions, 17.221ms
[2026-08-03T13:19:32.676+0900][2.837s][info ][gc,start       ] GC(42) Pause Young (Normal) (G1 Evacuation Pause)
[2026-08-03T13:19:32.676+0900][2.837s][debug][gc,heap        ] GC(42) Heap before GC invocations=42 (full 33):
[2026-08-03T13:19:32.676+0900][2.837s][debug][gc,heap        ] GC(42)  garbage-first heap   total 229376K, used 106174K [0x0000019af8000000, 0x000001d1f8000000)
[2026-08-03T13:19:32.676+0900][2.837s][debug][gc,heap        ] GC(42)   region size 32768K, 2 young (65536K), 1 survivors (32768K)
[2026-08-03T13:19:32.676+0900][2.837s][debug][gc,heap        ] GC(42)  Metaspace       used 10653K, committed 11008K, reserved 1114112K
[2026-08-03T13:19:32.676+0900][2.837s][debug][gc,heap        ] GC(42)   class space    used 989K, committed 1152K, reserved 1048576K
[2026-08-03T13:19:32.676+0900][2.837s][info ][gc,task        ] GC(42) Using 5 workers of 18 for evacuation
[2026-08-03T13:19:32.688+0900][2.850s][info ][gc,phases      ] GC(42)   Pre Evacuate Collection Set: 0.1ms
[2026-08-03T13:19:32.688+0900][2.850s][info ][gc,phases      ] GC(42)   Merge Heap Roots: 0.2ms
[2026-08-03T13:19:32.688+0900][2.850s][info ][gc,phases      ] GC(42)   Evacuate Collection Set: 11.9ms
[2026-08-03T13:19:32.688+0900][2.850s][info ][gc,phases      ] GC(42)   Post Evacuate Collection Set: 0.3ms
[2026-08-03T13:19:32.688+0900][2.850s][info ][gc,phases      ] GC(42)   Other: 0.1ms
[2026-08-03T13:19:32.688+0900][2.850s][info ][gc,heap        ] GC(42) Eden regions: 1->0(1)
[2026-08-03T13:19:32.688+0900][2.850s][info ][gc,heap        ] GC(42) Survivor regions: 1->1(1)
[2026-08-03T13:19:32.688+0900][2.850s][info ][gc,heap        ] GC(42) Old regions: 2->2
[2026-08-03T13:19:32.688+0900][2.850s][info ][gc,heap        ] GC(42) Archive regions: 0->0
[2026-08-03T13:19:32.689+0900][2.850s][info ][gc,heap        ] GC(42) Humongous regions: 0->0
[2026-08-03T13:19:32.689+0900][2.850s][info ][gc,metaspace   ] GC(42) Metaspace: 10653K(11008K)->10653K(11008K) NonClass: 9663K(9856K)->9663K(9856K) Class: 989K(1152K)->989K(1152K)
[2026-08-03T13:19:32.689+0900][2.850s][debug][gc,heap        ] GC(42) Heap after GC invocations=43 (full 33):
[2026-08-03T13:19:32.689+0900][2.850s][debug][gc,heap        ] GC(42)  garbage-first heap   total 229376K, used 86427K [0x0000019af8000000, 0x000001d1f8000000)
[2026-08-03T13:19:32.689+0900][2.850s][debug][gc,heap        ] GC(42)   region size 32768K, 1 young (32768K), 1 survivors (32768K)
[2026-08-03T13:19:32.689+0900][2.850s][debug][gc,heap        ] GC(42)  Metaspace       used 10653K, committed 11008K, reserved 1114112K
[2026-08-03T13:19:32.689+0900][2.850s][debug][gc,heap        ] GC(42)   class space    used 989K, committed 1152K, reserved 1048576K
[2026-08-03T13:19:32.689+0900][2.850s][info ][gc             ] GC(42) Pause Young (Normal) (G1 Evacuation Pause) 103M->84M(224M) 12.756ms
[2026-08-03T13:19:32.689+0900][2.850s][info ][gc,cpu         ] GC(42) User=0.05s Sys=0.03s Real=0.01s
[2026-08-03T13:19:32.689+0900][2.850s][info ][safepoint      ] Safepoint "G1CollectForAllocation", Time since last: 47487700 ns, Reaching safepoint: 94900 ns, At safepoint: 12817100 ns, Total: 12912000 ns
[2026-08-03T13:19:32.706+0900][2.867s][info ][gc,start       ] GC(43) Pause Young (Normal) (G1 Evacuation Pause)
[2026-08-03T13:19:32.706+0900][2.867s][debug][gc,heap        ] GC(43) Heap before GC invocations=43 (full 33):
[2026-08-03T13:19:32.706+0900][2.867s][debug][gc,heap        ] GC(43)  garbage-first heap   total 229376K, used 119195K [0x0000019af8000000, 0x000001d1f8000000)
[2026-08-03T13:19:32.706+0900][2.867s][debug][gc,heap        ] GC(43)   region size 32768K, 2 young (65536K), 1 survivors (32768K)
[2026-08-03T13:19:32.706+0900][2.867s][debug][gc,heap        ] GC(43)  Metaspace       used 10653K, committed 11008K, reserved 1114112K
[2026-08-03T13:19:32.706+0900][2.867s][debug][gc,heap        ] GC(43)   class space    used 989K, committed 1152K, reserved 1048576K
[2026-08-03T13:19:32.706+0900][2.867s][info ][gc,task        ] GC(43) Using 5 workers of 18 for evacuation
[2026-08-03T13:19:32.723+0900][2.884s][info ][gc,phases      ] GC(43)   Pre Evacuate Collection Set: 0.1ms
[2026-08-03T13:19:32.723+0900][2.884s][info ][gc,phases      ] GC(43)   Merge Heap Roots: 0.2ms
[2026-08-03T13:19:32.723+0900][2.884s][info ][gc,phases      ] GC(43)   Evacuate Collection Set: 16.1ms
[2026-08-03T13:19:32.723+0900][2.884s][info ][gc,phases      ] GC(43)   Post Evacuate Collection Set: 0.3ms
[2026-08-03T13:19:32.723+0900][2.884s][info ][gc,phases      ] GC(43)   Other: 0.1ms
[2026-08-03T13:19:32.723+0900][2.884s][info ][gc,heap        ] GC(43) Eden regions: 1->0(1)
[2026-08-03T13:19:32.723+0900][2.884s][info ][gc,heap        ] GC(43) Survivor regions: 1->1(1)
[2026-08-03T13:19:32.723+0900][2.884s][info ][gc,heap        ] GC(43) Old regions: 2->3
[2026-08-03T13:19:32.723+0900][2.884s][info ][gc,heap        ] GC(43) Archive regions: 0->0
[2026-08-03T13:19:32.723+0900][2.884s][info ][gc,heap        ] GC(43) Humongous regions: 0->0
[2026-08-03T13:19:32.723+0900][2.884s][info ][gc,metaspace   ] GC(43) Metaspace: 10653K(11008K)->10653K(11008K) NonClass: 9663K(9856K)->9663K(9856K) Class: 989K(1152K)->989K(1152K)
[2026-08-03T13:19:32.723+0900][2.884s][debug][gc,heap        ] GC(43) Heap after GC invocations=44 (full 33):
[2026-08-03T13:19:32.723+0900][2.884s][debug][gc,heap        ] GC(43)  garbage-first heap   total 229376K, used 104134K [0x0000019af8000000, 0x000001d1f8000000)
[2026-08-03T13:19:32.723+0900][2.884s][debug][gc,heap        ] GC(43)   region size 32768K, 1 young (32768K), 1 survivors (32768K)
[2026-08-03T13:19:32.723+0900][2.884s][debug][gc,heap        ] GC(43)  Metaspace       used 10653K, committed 11008K, reserved 1114112K
[2026-08-03T13:19:32.723+0900][2.884s][debug][gc,heap        ] GC(43)   class space    used 989K, committed 1152K, reserved 1048576K
[2026-08-03T13:19:32.723+0900][2.884s][info ][gc             ] GC(43) Pause Young (Normal) (G1 Evacuation Pause) 116M->101M(224M) 17.094ms
[2026-08-03T13:19:32.723+0900][2.884s][info ][gc,cpu         ] GC(43) User=0.08s Sys=0.00s Real=0.02s
[2026-08-03T13:19:32.723+0900][2.884s][info ][safepoint      ] Safepoint "G1CollectForAllocation", Time since last: 16903500 ns, Reaching safepoint: 116200 ns, At safepoint: 17157900 ns, Total: 17274100 ns
[2026-08-03T13:19:32.757+0900][2.918s][info ][gc,start       ] GC(44) Pause Young (Normal) (G1 Evacuation Pause)
[2026-08-03T13:19:32.757+0900][2.918s][debug][gc,heap        ] GC(44) Heap before GC invocations=44 (full 33):
[2026-08-03T13:19:32.757+0900][2.918s][debug][gc,heap        ] GC(44)  garbage-first heap   total 229376K, used 136902K [0x0000019af8000000, 0x000001d1f8000000)
[2026-08-03T13:19:32.757+0900][2.918s][debug][gc,heap        ] GC(44)   region size 32768K, 2 young (65536K), 1 survivors (32768K)
[2026-08-03T13:19:32.757+0900][2.918s][debug][gc,heap        ] GC(44)  Metaspace       used 10721K, committed 11072K, reserved 1114112K
[2026-08-03T13:19:32.757+0900][2.918s][debug][gc,heap        ] GC(44)   class space    used 993K, committed 1152K, reserved 1048576K
[2026-08-03T13:19:32.757+0900][2.918s][info ][gc,task        ] GC(44) Using 5 workers of 18 for evacuation
[2026-08-03T13:19:32.774+0900][2.935s][info ][gc,phases      ] GC(44)   Pre Evacuate Collection Set: 0.1ms
[2026-08-03T13:19:32.774+0900][2.935s][info ][gc,phases      ] GC(44)   Merge Heap Roots: 0.2ms
[2026-08-03T13:19:32.774+0900][2.935s][info ][gc,phases      ] GC(44)   Evacuate Collection Set: 14.2ms
[2026-08-03T13:19:32.774+0900][2.935s][info ][gc,phases      ] GC(44)   Post Evacuate Collection Set: 2.5ms
[2026-08-03T13:19:32.774+0900][2.935s][info ][gc,phases      ] GC(44)   Other: 0.1ms
[2026-08-03T13:19:32.774+0900][2.936s][info ][gc,heap        ] GC(44) Eden regions: 1->0(6)
[2026-08-03T13:19:32.774+0900][2.936s][info ][gc,heap        ] GC(44) Survivor regions: 1->1(1)
[2026-08-03T13:19:32.774+0900][2.936s][info ][gc,heap        ] GC(44) Old regions: 3->4
[2026-08-03T13:19:32.774+0900][2.936s][info ][gc,heap        ] GC(44) Archive regions: 0->0
[2026-08-03T13:19:32.774+0900][2.936s][info ][gc,heap        ] GC(44) Humongous regions: 0->0
[2026-08-03T13:19:32.774+0900][2.936s][info ][gc,metaspace   ] GC(44) Metaspace: 10721K(11072K)->10721K(11072K) NonClass: 9728K(9920K)->9728K(9920K) Class: 993K(1152K)->993K(1152K)
[2026-08-03T13:19:32.774+0900][2.936s][debug][gc,heap        ] GC(44) Heap after GC invocations=45 (full 33):
[2026-08-03T13:19:32.774+0900][2.936s][debug][gc,heap        ] GC(44)  garbage-first heap   total 1179648K, used 124724K [0x0000019af8000000, 0x000001d1f8000000)
[2026-08-03T13:19:32.774+0900][2.936s][debug][gc,heap        ] GC(44)   region size 32768K, 1 young (32768K), 1 survivors (32768K)
[2026-08-03T13:19:32.774+0900][2.936s][debug][gc,heap        ] GC(44)  Metaspace       used 10721K, committed 11072K, reserved 1114112K
[2026-08-03T13:19:32.774+0900][2.936s][debug][gc,heap        ] GC(44)   class space    used 993K, committed 1152K, reserved 1048576K
[2026-08-03T13:19:32.774+0900][2.936s][info ][gc             ] GC(44) Pause Young (Normal) (G1 Evacuation Pause) 133M->121M(1152M) 17.287ms
[2026-08-03T13:19:32.774+0900][2.936s][info ][gc,cpu         ] GC(44) User=0.08s Sys=0.00s Real=0.02s
[2026-08-03T13:19:32.774+0900][2.936s][info ][safepoint      ] Safepoint "G1CollectForAllocation", Time since last: 34031700 ns, Reaching safepoint: 34400 ns, At safepoint: 17409800 ns, Total: 17444200 ns
[2026-08-03T13:19:33.004+0900][3.166s][info ][gc,start       ] GC(45) Pause Young (Normal) (G1 Evacuation Pause)
[2026-08-03T13:19:33.004+0900][3.166s][debug][gc,heap        ] GC(45) Heap before GC invocations=45 (full 33):
[2026-08-03T13:19:33.004+0900][3.166s][debug][gc,heap        ] GC(45)  garbage-first heap   total 1179648K, used 321332K [0x0000019af8000000, 0x000001d1f8000000)
[2026-08-03T13:19:33.004+0900][3.166s][debug][gc,heap        ] GC(45)   region size 32768K, 7 young (229376K), 1 survivors (32768K)
[2026-08-03T13:19:33.004+0900][3.166s][debug][gc,heap        ] GC(45)  Metaspace       used 10946K, committed 11264K, reserved 1114112K
[2026-08-03T13:19:33.004+0900][3.166s][debug][gc,heap        ] GC(45)   class space    used 996K, committed 1152K, reserved 1048576K
[2026-08-03T13:19:33.004+0900][3.166s][info ][gc,task        ] GC(45) Using 18 workers of 18 for evacuation
[2026-08-03T13:19:33.020+0900][3.181s][info ][gc,phases      ] GC(45)   Pre Evacuate Collection Set: 0.1ms
[2026-08-03T13:19:33.020+0900][3.181s][info ][gc,phases      ] GC(45)   Merge Heap Roots: 0.3ms
[2026-08-03T13:19:33.020+0900][3.181s][info ][gc,phases      ] GC(45)   Evacuate Collection Set: 14.3ms
[2026-08-03T13:19:33.020+0900][3.181s][info ][gc,phases      ] GC(45)   Post Evacuate Collection Set: 0.4ms
[2026-08-03T13:19:33.020+0900][3.181s][info ][gc,phases      ] GC(45)   Other: 0.3ms
[2026-08-03T13:19:33.020+0900][3.181s][info ][gc,heap        ] GC(45) Eden regions: 6->0(6)
[2026-08-03T13:19:33.020+0900][3.181s][info ][gc,heap        ] GC(45) Survivor regions: 1->1(1)
[2026-08-03T13:19:33.020+0900][3.181s][info ][gc,heap        ] GC(45) Old regions: 4->5
[2026-08-03T13:19:33.020+0900][3.181s][info ][gc,heap        ] GC(45) Archive regions: 0->0
[2026-08-03T13:19:33.020+0900][3.181s][info ][gc,heap        ] GC(45) Humongous regions: 0->0
[2026-08-03T13:19:33.020+0900][3.181s][info ][gc,metaspace   ] GC(45) Metaspace: 10946K(11264K)->10946K(11264K) NonClass: 9950K(10112K)->9950K(10112K) Class: 996K(1152K)->996K(1152K)
[2026-08-03T13:19:33.020+0900][3.181s][debug][gc,heap        ] GC(45) Heap after GC invocations=46 (full 33):
[2026-08-03T13:19:33.020+0900][3.181s][debug][gc,heap        ] GC(45)  garbage-first heap   total 1179648K, used 184800K [0x0000019af8000000, 0x000001d1f8000000)
[2026-08-03T13:19:33.020+0900][3.181s][debug][gc,heap        ] GC(45)   region size 32768K, 1 young (32768K), 1 survivors (32768K)
[2026-08-03T13:19:33.020+0900][3.181s][debug][gc,heap        ] GC(45)  Metaspace       used 10946K, committed 11264K, reserved 1114112K
[2026-08-03T13:19:33.020+0900][3.181s][debug][gc,heap        ] GC(45)   class space    used 996K, committed 1152K, reserved 1048576K
[2026-08-03T13:19:33.020+0900][3.181s][info ][gc             ] GC(45) Pause Young (Normal) (G1 Evacuation Pause) 313M->180M(1152M) 15.805ms
[2026-08-03T13:19:33.020+0900][3.181s][info ][gc,cpu         ] GC(45) User=0.30s Sys=0.00s Real=0.02s
[2026-08-03T13:19:33.020+0900][3.181s][info ][safepoint      ] Safepoint "G1CollectForAllocation", Time since last: 229650500 ns, Reaching safepoint: 107600 ns, At safepoint: 15857800 ns, Total: 15965400 ns
[2026-08-03T13:19:33.267+0900][3.428s][info ][gc,start       ] GC(46) Pause Young (Normal) (G1 Evacuation Pause)
[2026-08-03T13:19:33.267+0900][3.428s][debug][gc,heap        ] GC(46) Heap before GC invocations=46 (full 33):
[2026-08-03T13:19:33.267+0900][3.428s][debug][gc,heap        ] GC(46)  garbage-first heap   total 1179648K, used 381408K [0x0000019af8000000, 0x000001d1f8000000)
[2026-08-03T13:19:33.267+0900][3.428s][debug][gc,heap        ] GC(46)   region size 32768K, 7 young (229376K), 1 survivors (32768K)
[2026-08-03T13:19:33.267+0900][3.428s][debug][gc,heap        ] GC(46)  Metaspace       used 10977K, committed 11328K, reserved 1114112K
[2026-08-03T13:19:33.267+0900][3.428s][debug][gc,heap        ] GC(46)   class space    used 997K, committed 1152K, reserved 1048576K
[2026-08-03T13:19:33.267+0900][3.428s][info ][gc,task        ] GC(46) Using 18 workers of 18 for evacuation
[2026-08-03T13:19:33.287+0900][3.448s][info ][gc,phases      ] GC(46)   Pre Evacuate Collection Set: 0.1ms
[2026-08-03T13:19:33.287+0900][3.448s][info ][gc,phases      ] GC(46)   Merge Heap Roots: 0.6ms
[2026-08-03T13:19:33.287+0900][3.448s][info ][gc,phases      ] GC(46)   Evacuate Collection Set: 18.6ms
[2026-08-03T13:19:33.287+0900][3.448s][info ][gc,phases      ] GC(46)   Post Evacuate Collection Set: 0.4ms
[2026-08-03T13:19:33.287+0900][3.448s][info ][gc,phases      ] GC(46)   Other: 0.1ms
[2026-08-03T13:19:33.287+0900][3.448s][info ][gc,heap        ] GC(46) Eden regions: 6->0(6)
[2026-08-03T13:19:33.287+0900][3.448s][info ][gc,heap        ] GC(46) Survivor regions: 1->1(1)
[2026-08-03T13:19:33.287+0900][3.448s][info ][gc,heap        ] GC(46) Old regions: 5->8
[2026-08-03T13:19:33.287+0900][3.448s][info ][gc,heap        ] GC(46) Archive regions: 0->0
[2026-08-03T13:19:33.287+0900][3.448s][info ][gc,heap        ] GC(46) Humongous regions: 0->0
[2026-08-03T13:19:33.287+0900][3.448s][info ][gc,metaspace   ] GC(46) Metaspace: 10977K(11328K)->10977K(11328K) NonClass: 9980K(10176K)->9980K(10176K) Class: 997K(1152K)->997K(1152K)
[2026-08-03T13:19:33.287+0900][3.448s][debug][gc,heap        ] GC(46) Heap after GC invocations=47 (full 33):
[2026-08-03T13:19:33.287+0900][3.448s][debug][gc,heap        ] GC(46)  garbage-first heap   total 1179648K, used 262815K [0x0000019af8000000, 0x000001d1f8000000)
[2026-08-03T13:19:33.287+0900][3.448s][debug][gc,heap        ] GC(46)   region size 32768K, 1 young (32768K), 1 survivors (32768K)
[2026-08-03T13:19:33.287+0900][3.448s][debug][gc,heap        ] GC(46)  Metaspace       used 10977K, committed 11328K, reserved 1114112K
[2026-08-03T13:19:33.287+0900][3.448s][debug][gc,heap        ] GC(46)   class space    used 997K, committed 1152K, reserved 1048576K
[2026-08-03T13:19:33.287+0900][3.448s][info ][gc             ] GC(46) Pause Young (Normal) (G1 Evacuation Pause) 372M->256M(1152M) 20.111ms
[2026-08-03T13:19:33.287+0900][3.448s][info ][gc,cpu         ] GC(46) User=0.27s Sys=0.02s Real=0.02s
[2026-08-03T13:19:33.287+0900][3.448s][info ][safepoint      ] Safepoint "G1CollectForAllocation", Time since last: 246609800 ns, Reaching safepoint: 103300 ns, At safepoint: 20175900 ns, Total: 20279200 ns
[2026-08-03T13:19:33.403+0900][3.565s][info ][gc,start       ] GC(47) Pause Young (Normal) (G1 Evacuation Pause)
[2026-08-03T13:19:33.403+0900][3.565s][debug][gc,heap        ] GC(47) Heap before GC invocations=47 (full 33):
[2026-08-03T13:19:33.403+0900][3.565s][debug][gc,heap        ] GC(47)  garbage-first heap   total 1179648K, used 426655K [0x0000019af8000000, 0x000001d1f8000000)
[2026-08-03T13:19:33.403+0900][3.565s][debug][gc,heap        ] GC(47)   region size 32768K, 7 young (229376K), 1 survivors (32768K)
[2026-08-03T13:19:33.403+0900][3.565s][debug][gc,heap        ] GC(47)  Metaspace       used 10996K, committed 11328K, reserved 1114112K
[2026-08-03T13:19:33.403+0900][3.565s][debug][gc,heap        ] GC(47)   class space    used 998K, committed 1152K, reserved 1048576K
[2026-08-03T13:19:33.403+0900][3.565s][info ][gc,task        ] GC(47) Using 18 workers of 18 for evacuation
[2026-08-03T13:19:33.430+0900][3.592s][info ][gc,phases      ] GC(47)   Pre Evacuate Collection Set: 0.1ms
[2026-08-03T13:19:33.430+0900][3.592s][info ][gc,phases      ] GC(47)   Merge Heap Roots: 0.6ms
[2026-08-03T13:19:33.430+0900][3.592s][info ][gc,phases      ] GC(47)   Evacuate Collection Set: 26.0ms
[2026-08-03T13:19:33.430+0900][3.592s][info ][gc,phases      ] GC(47)   Post Evacuate Collection Set: 0.4ms
[2026-08-03T13:19:33.430+0900][3.592s][info ][gc,phases      ] GC(47)   Other: 0.1ms
[2026-08-03T13:19:33.430+0900][3.592s][info ][gc,heap        ] GC(47) Eden regions: 6->0(6)
[2026-08-03T13:19:33.430+0900][3.592s][info ][gc,heap        ] GC(47) Survivor regions: 1->1(1)
[2026-08-03T13:19:33.430+0900][3.592s][info ][gc,heap        ] GC(47) Old regions: 8->12
[2026-08-03T13:19:33.430+0900][3.592s][info ][gc,heap        ] GC(47) Archive regions: 0->0
[2026-08-03T13:19:33.430+0900][3.592s][info ][gc,heap        ] GC(47) Humongous regions: 0->0
[2026-08-03T13:19:33.430+0900][3.592s][info ][gc,metaspace   ] GC(47) Metaspace: 10996K(11328K)->10996K(11328K) NonClass: 9998K(10176K)->9998K(10176K) Class: 998K(1152K)->998K(1152K)
[2026-08-03T13:19:33.430+0900][3.592s][debug][gc,heap        ] GC(47) Heap after GC invocations=48 (full 33):
[2026-08-03T13:19:33.431+0900][3.592s][debug][gc,heap        ] GC(47)  garbage-first heap   total 1179648K, used 390026K [0x0000019af8000000, 0x000001d1f8000000)
[2026-08-03T13:19:33.431+0900][3.592s][debug][gc,heap        ] GC(47)   region size 32768K, 1 young (32768K), 1 survivors (32768K)
[2026-08-03T13:19:33.431+0900][3.592s][debug][gc,heap        ] GC(47)  Metaspace       used 10996K, committed 11328K, reserved 1114112K
[2026-08-03T13:19:33.431+0900][3.592s][debug][gc,heap        ] GC(47)   class space    used 998K, committed 1152K, reserved 1048576K
[2026-08-03T13:19:33.431+0900][3.592s][info ][gc             ] GC(47) Pause Young (Normal) (G1 Evacuation Pause) 448M->380M(1152M) 27.469ms
[2026-08-03T13:19:33.431+0900][3.592s][info ][gc,cpu         ] GC(47) User=0.53s Sys=0.03s Real=0.03s
[2026-08-03T13:19:33.431+0900][3.592s][info ][safepoint      ] Safepoint "G1CollectForAllocation", Time since last: 116176800 ns, Reaching safepoint: 105700 ns, At safepoint: 27530500 ns, Total: 27636200 ns
[2026-08-03T13:19:33.563+0900][3.725s][info ][gc,start       ] GC(48) Pause Full (System.gc())
[2026-08-03T13:19:33.563+0900][3.725s][debug][gc,heap        ] GC(48) Heap before GC invocations=48 (full 33):
[2026-08-03T13:19:33.563+0900][3.725s][debug][gc,heap        ] GC(48)  garbage-first heap   total 1179648K, used 521098K [0x0000019af8000000, 0x000001d1f8000000)
[2026-08-03T13:19:33.563+0900][3.725s][debug][gc,heap        ] GC(48)   region size 32768K, 6 young (196608K), 1 survivors (32768K)
[2026-08-03T13:19:33.563+0900][3.725s][debug][gc,heap        ] GC(48)  Metaspace       used 11043K, committed 11392K, reserved 1114112K
[2026-08-03T13:19:33.563+0900][3.725s][debug][gc,heap        ] GC(48)   class space    used 1002K, committed 1216K, reserved 1048576K
[2026-08-03T13:19:33.563+0900][3.725s][info ][gc,task        ] GC(48) Using 2 workers of 18 for full compaction
[2026-08-03T13:19:33.563+0900][3.725s][info ][gc,phases,start] GC(48) Phase 1: Mark live objects
[2026-08-03T13:19:33.719+0900][3.880s][info ][gc,phases      ] GC(48) Phase 1: Mark live objects 155.403ms
[2026-08-03T13:19:33.719+0900][3.880s][info ][gc,phases,start] GC(48) Phase 2: Prepare for compaction
[2026-08-03T13:19:33.749+0900][3.911s][info ][gc,phases      ] GC(48) Phase 2: Prepare for compaction 30.609ms
[2026-08-03T13:19:33.749+0900][3.911s][info ][gc,phases,start] GC(48) Phase 3: Adjust pointers
[2026-08-03T13:19:33.833+0900][3.995s][info ][gc,phases      ] GC(48) Phase 3: Adjust pointers 83.780ms
[2026-08-03T13:19:33.833+0900][3.995s][info ][gc,phases,start] GC(48) Phase 4: Compact heap
[2026-08-03T13:19:33.865+0900][4.027s][info ][gc,phases      ] GC(48) Phase 4: Compact heap 31.943ms
[2026-08-03T13:19:33.871+0900][4.032s][debug][gc,heap        ] GC(48) Uncommittable regions after shrink: 2
[2026-08-03T13:19:33.872+0900][4.034s][info ][gc,heap        ] GC(48) Eden regions: 5->0(6)
[2026-08-03T13:19:33.872+0900][4.034s][info ][gc,heap        ] GC(48) Survivor regions: 1->0(1)
[2026-08-03T13:19:33.872+0900][4.034s][info ][gc,heap        ] GC(48) Old regions: 12->10
[2026-08-03T13:19:33.872+0900][4.034s][info ][gc,heap        ] GC(48) Archive regions: 0->0
[2026-08-03T13:19:33.872+0900][4.034s][info ][gc,heap        ] GC(48) Humongous regions: 0->0
[2026-08-03T13:19:33.872+0900][4.034s][info ][gc,metaspace   ] GC(48) Metaspace: 11043K(11392K)->11043K(11392K) NonClass: 10040K(10176K)->10040K(10176K) Class: 1002K(1216K)->1002K(1216K)
[2026-08-03T13:19:33.872+0900][4.034s][debug][gc,heap        ] GC(48) Heap after GC invocations=49 (full 34):
[2026-08-03T13:19:33.872+0900][4.034s][debug][gc,heap        ] GC(48)  garbage-first heap   total 1114112K, used 290733K [0x0000019af8000000, 0x000001d1f8000000)
[2026-08-03T13:19:33.873+0900][4.034s][debug][gc,heap        ] GC(48)   region size 32768K, 0 young (0K), 0 survivors (0K)
[2026-08-03T13:19:33.873+0900][4.034s][debug][gc,heap        ] GC(48)  Metaspace       used 11043K, committed 11392K, reserved 1114112K
[2026-08-03T13:19:33.873+0900][4.034s][debug][gc,heap        ] GC(48)   class space    used 1002K, committed 1216K, reserved 1048576K
[2026-08-03T13:19:33.873+0900][4.034s][info ][gc             ] GC(48) Pause Full (System.gc()) 523M->283M(1088M) 309.438ms
[2026-08-03T13:19:33.873+0900][4.034s][info ][gc,cpu         ] GC(48) User=0.56s Sys=0.00s Real=0.31s
[2026-08-03T13:19:33.873+0900][4.034s][info ][safepoint      ] Safepoint "G1CollectFull", Time since last: 132386300 ns, Reaching safepoint: 114100 ns, At safepoint: 309568300 ns, Total: 309682400 ns
[2026-08-03T13:19:33.990+0900][4.152s][debug][gc,heap        ] Concurrent Uncommit Summary: 65536K, 2 regions, 4.675ms
[2026-08-03T13:19:34.175+0900][4.337s][info ][gc,start       ] GC(49) Pause Young (Normal) (G1 Evacuation Pause)
[2026-08-03T13:19:34.175+0900][4.337s][debug][gc,heap        ] GC(49) Heap before GC invocations=49 (full 34):
[2026-08-03T13:19:34.175+0900][4.337s][debug][gc,heap        ] GC(49)  garbage-first heap   total 1114112K, used 487341K [0x0000019af8000000, 0x000001d1f8000000)
[2026-08-03T13:19:34.175+0900][4.337s][debug][gc,heap        ] GC(49)   region size 32768K, 6 young (196608K), 0 survivors (0K)
[2026-08-03T13:19:34.175+0900][4.337s][debug][gc,heap        ] GC(49)  Metaspace       used 11043K, committed 11392K, reserved 1114112K
[2026-08-03T13:19:34.175+0900][4.337s][debug][gc,heap        ] GC(49)   class space    used 1002K, committed 1216K, reserved 1048576K
[2026-08-03T13:19:34.175+0900][4.337s][info ][gc,task        ] GC(49) Using 18 workers of 18 for evacuation
[2026-08-03T13:19:34.232+0900][4.393s][info ][gc,phases      ] GC(49)   Pre Evacuate Collection Set: 0.1ms
[2026-08-03T13:19:34.232+0900][4.393s][info ][gc,phases      ] GC(49)   Merge Heap Roots: 0.1ms
[2026-08-03T13:19:34.232+0900][4.393s][info ][gc,phases      ] GC(49)   Evacuate Collection Set: 51.3ms
[2026-08-03T13:19:34.232+0900][4.393s][info ][gc,phases      ] GC(49)   Post Evacuate Collection Set: 4.7ms
[2026-08-03T13:19:34.232+0900][4.393s][info ][gc,phases      ] GC(49)   Other: 0.1ms
[2026-08-03T13:19:34.232+0900][4.393s][info ][gc,heap        ] GC(49) Eden regions: 6->0(16)
[2026-08-03T13:19:34.232+0900][4.393s][info ][gc,heap        ] GC(49) Survivor regions: 0->1(1)
[2026-08-03T13:19:34.232+0900][4.393s][info ][gc,heap        ] GC(49) Old regions: 10->13
[2026-08-03T13:19:34.232+0900][4.393s][info ][gc,heap        ] GC(49) Archive regions: 0->0
[2026-08-03T13:19:34.232+0900][4.393s][info ][gc,heap        ] GC(49) Humongous regions: 0->0
[2026-08-03T13:19:34.232+0900][4.393s][info ][gc,metaspace   ] GC(49) Metaspace: 11043K(11392K)->11043K(11392K) NonClass: 10040K(10176K)->10040K(10176K) Class: 1002K(1216K)->1002K(1216K)
[2026-08-03T13:19:34.232+0900][4.393s][debug][gc,heap        ] GC(49) Heap after GC invocations=50 (full 34):
[2026-08-03T13:19:34.232+0900][4.393s][debug][gc,heap        ] GC(49)  garbage-first heap   total 3342336K, used 405557K [0x0000019af8000000, 0x000001d1f8000000)
[2026-08-03T13:19:34.232+0900][4.393s][debug][gc,heap        ] GC(49)   region size 32768K, 1 young (32768K), 1 survivors (32768K)
[2026-08-03T13:19:34.232+0900][4.393s][debug][gc,heap        ] GC(49)  Metaspace       used 11043K, committed 11392K, reserved 1114112K
[2026-08-03T13:19:34.232+0900][4.393s][debug][gc,heap        ] GC(49)   class space    used 1002K, committed 1216K, reserved 1048576K
[2026-08-03T13:19:34.232+0900][4.393s][info ][gc             ] GC(49) Pause Young (Normal) (G1 Evacuation Pause) 475M->396M(3264M) 56.609ms
[2026-08-03T13:19:34.232+0900][4.393s][info ][gc,cpu         ] GC(49) User=0.30s Sys=0.05s Real=0.06s
[2026-08-03T13:19:34.232+0900][4.393s][info ][safepoint      ] Safepoint "G1CollectForAllocation", Time since last: 302422300 ns, Reaching safepoint: 33300 ns, At safepoint: 56731900 ns, Total: 56765200 ns
[2026-08-03T13:19:35.220+0900][5.381s][info ][gc,start       ] GC(50) Pause Young (Normal) (G1 Evacuation Pause)
[2026-08-03T13:19:35.220+0900][5.381s][debug][gc,heap        ] GC(50) Heap before GC invocations=50 (full 34):
[2026-08-03T13:19:35.220+0900][5.381s][debug][gc,heap        ] GC(50)  garbage-first heap   total 3342336K, used 929845K [0x0000019af8000000, 0x000001d1f8000000)
[2026-08-03T13:19:35.220+0900][5.381s][debug][gc,heap        ] GC(50)   region size 32768K, 17 young (557056K), 1 survivors (32768K)
[2026-08-03T13:19:35.220+0900][5.381s][debug][gc,heap        ] GC(50)  Metaspace       used 11049K, committed 11392K, reserved 1114112K
[2026-08-03T13:19:35.220+0900][5.381s][debug][gc,heap        ] GC(50)   class space    used 1002K, committed 1216K, reserved 1048576K
[2026-08-03T13:19:35.220+0900][5.381s][info ][gc,task        ] GC(50) Using 18 workers of 18 for evacuation
[2026-08-03T13:19:35.372+0900][5.533s][info ][gc,phases      ] GC(50)   Pre Evacuate Collection Set: 0.1ms
[2026-08-03T13:19:35.372+0900][5.533s][info ][gc,phases      ] GC(50)   Merge Heap Roots: 0.4ms
[2026-08-03T13:19:35.372+0900][5.533s][info ][gc,phases      ] GC(50)   Evacuate Collection Set: 151.0ms
[2026-08-03T13:19:35.372+0900][5.533s][info ][gc,phases      ] GC(50)   Post Evacuate Collection Set: 0.4ms
[2026-08-03T13:19:35.372+0900][5.533s][info ][gc,phases      ] GC(50)   Other: 0.1ms
[2026-08-03T13:19:35.372+0900][5.533s][info ][gc,heap        ] GC(50) Eden regions: 16->0(12)
[2026-08-03T13:19:35.372+0900][5.533s][info ][gc,heap        ] GC(50) Survivor regions: 1->3(3)
[2026-08-03T13:19:35.372+0900][5.533s][info ][gc,heap        ] GC(50) Old regions: 13->19
[2026-08-03T13:19:35.372+0900][5.533s][info ][gc,heap        ] GC(50) Archive regions: 0->0
[2026-08-03T13:19:35.372+0900][5.533s][info ][gc,heap        ] GC(50) Humongous regions: 1->1
[2026-08-03T13:19:35.372+0900][5.533s][info ][gc,metaspace   ] GC(50) Metaspace: 11049K(11392K)->11049K(11392K) NonClass: 10047K(10176K)->10047K(10176K) Class: 1002K(1216K)->1002K(1216K)
[2026-08-03T13:19:35.372+0900][5.533s][debug][gc,heap        ] GC(50) Heap after GC invocations=51 (full 34):
[2026-08-03T13:19:35.372+0900][5.533s][debug][gc,heap        ] GC(50)  garbage-first heap   total 3342336K, used 712988K [0x0000019af8000000, 0x000001d1f8000000)
[2026-08-03T13:19:35.372+0900][5.533s][debug][gc,heap        ] GC(50)   region size 32768K, 3 young (98304K), 3 survivors (98304K)
[2026-08-03T13:19:35.372+0900][5.533s][debug][gc,heap        ] GC(50)  Metaspace       used 11049K, committed 11392K, reserved 1114112K
[2026-08-03T13:19:35.372+0900][5.533s][debug][gc,heap        ] GC(50)   class space    used 1002K, committed 1216K, reserved 1048576K
[2026-08-03T13:19:35.372+0900][5.534s][info ][gc             ] GC(50) Pause Young (Normal) (G1 Evacuation Pause) 940M->696M(3264M) 152.322ms
[2026-08-03T13:19:35.372+0900][5.534s][info ][gc,cpu         ] GC(50) User=0.66s Sys=0.19s Real=0.15s
[2026-08-03T13:19:35.372+0900][5.534s][info ][safepoint      ] Safepoint "G1CollectForAllocation", Time since last: 987755400 ns, Reaching safepoint: 107300 ns, At safepoint: 152377400 ns, Total: 152484700 ns
[2026-08-03T13:19:35.724+0900][5.886s][info ][gc,start       ] GC(51) Pause Young (Normal) (G1 Evacuation Pause)
[2026-08-03T13:19:35.724+0900][5.886s][debug][gc,heap        ] GC(51) Heap before GC invocations=51 (full 34):
[2026-08-03T13:19:35.724+0900][5.886s][debug][gc,heap        ] GC(51)  garbage-first heap   total 3342336K, used 1106204K [0x0000019af8000000, 0x000001d1f8000000)
[2026-08-03T13:19:35.724+0900][5.886s][debug][gc,heap        ] GC(51)   region size 32768K, 15 young (491520K), 3 survivors (98304K)
[2026-08-03T13:19:35.724+0900][5.886s][debug][gc,heap        ] GC(51)  Metaspace       used 11049K, committed 11392K, reserved 1114112K
[2026-08-03T13:19:35.724+0900][5.886s][debug][gc,heap        ] GC(51)   class space    used 1002K, committed 1216K, reserved 1048576K
[2026-08-03T13:19:35.724+0900][5.886s][info ][gc,task        ] GC(51) Using 18 workers of 18 for evacuation
[2026-08-03T13:19:35.767+0900][5.928s][info ][gc,phases      ] GC(51)   Pre Evacuate Collection Set: 0.1ms
[2026-08-03T13:19:35.767+0900][5.928s][info ][gc,phases      ] GC(51)   Merge Heap Roots: 0.4ms
[2026-08-03T13:19:35.767+0900][5.928s][info ][gc,phases      ] GC(51)   Evacuate Collection Set: 41.6ms
[2026-08-03T13:19:35.767+0900][5.928s][info ][gc,phases      ] GC(51)   Post Evacuate Collection Set: 0.4ms
[2026-08-03T13:19:35.767+0900][5.929s][info ][gc,phases      ] GC(51)   Other: 0.1ms
[2026-08-03T13:19:35.767+0900][5.929s][info ][gc,heap        ] GC(51) Eden regions: 12->0(14)
[2026-08-03T13:19:35.767+0900][5.929s][info ][gc,heap        ] GC(51) Survivor regions: 3->2(2)
[2026-08-03T13:19:35.767+0900][5.929s][info ][gc,heap        ] GC(51) Old regions: 19->27
[2026-08-03T13:19:35.767+0900][5.929s][info ][gc,heap        ] GC(51) Archive regions: 0->0
[2026-08-03T13:19:35.767+0900][5.929s][info ][gc,heap        ] GC(51) Humongous regions: 1->1
[2026-08-03T13:19:35.767+0900][5.929s][info ][gc,metaspace   ] GC(51) Metaspace: 11049K(11392K)->11049K(11392K) NonClass: 10047K(10176K)->10047K(10176K) Class: 1002K(1216K)->1002K(1216K)
[2026-08-03T13:19:35.767+0900][5.929s][debug][gc,heap        ] GC(51) Heap after GC invocations=52 (full 34):
[2026-08-03T13:19:35.767+0900][5.929s][debug][gc,heap        ] GC(51)  garbage-first heap   total 3342336K, used 922567K [0x0000019af8000000, 0x000001d1f8000000)
[2026-08-03T13:19:35.767+0900][5.929s][debug][gc,heap        ] GC(51)   region size 32768K, 2 young (65536K), 2 survivors (65536K)
[2026-08-03T13:19:35.767+0900][5.929s][debug][gc,heap        ] GC(51)  Metaspace       used 11049K, committed 11392K, reserved 1114112K
[2026-08-03T13:19:35.767+0900][5.929s][debug][gc,heap        ] GC(51)   class space    used 1002K, committed 1216K, reserved 1048576K
[2026-08-03T13:19:35.767+0900][5.929s][info ][gc             ] GC(51) Pause Young (Normal) (G1 Evacuation Pause) 1080M->900M(3264M) 43.047ms
[2026-08-03T13:19:35.767+0900][5.929s][info ][gc,cpu         ] GC(51) User=0.66s Sys=0.19s Real=0.04s
[2026-08-03T13:19:35.767+0900][5.929s][info ][safepoint      ] Safepoint "G1CollectForAllocation", Time since last: 351937600 ns, Reaching safepoint: 106600 ns, At safepoint: 43108100 ns, Total: 43214700 ns
[2026-08-03T13:19:36.082+0900][6.244s][info ][gc,start       ] GC(52) Pause Young (Normal) (G1 Evacuation Pause)
[2026-08-03T13:19:36.082+0900][6.244s][debug][gc,heap        ] GC(52) Heap before GC invocations=52 (full 34):
[2026-08-03T13:19:36.082+0900][6.244s][debug][gc,heap        ] GC(52)  garbage-first heap   total 3342336K, used 1348551K [0x0000019af8000000, 0x000001d1f8000000)
[2026-08-03T13:19:36.082+0900][6.244s][debug][gc,heap        ] GC(52)   region size 32768K, 16 young (524288K), 2 survivors (65536K)
[2026-08-03T13:19:36.082+0900][6.244s][debug][gc,heap        ] GC(52)  Metaspace       used 11053K, committed 11392K, reserved 1114112K
[2026-08-03T13:19:36.082+0900][6.244s][debug][gc,heap        ] GC(52)   class space    used 1002K, committed 1216K, reserved 1048576K
[2026-08-03T13:19:36.082+0900][6.244s][info ][gc,task        ] GC(52) Using 18 workers of 18 for evacuation
[2026-08-03T13:19:36.137+0900][6.299s][info ][gc,phases      ] GC(52)   Pre Evacuate Collection Set: 0.1ms
[2026-08-03T13:19:36.137+0900][6.299s][info ][gc,phases      ] GC(52)   Merge Heap Roots: 1.2ms
[2026-08-03T13:19:36.137+0900][6.299s][info ][gc,phases      ] GC(52)   Evacuate Collection Set: 52.8ms
[2026-08-03T13:19:36.137+0900][6.299s][info ][gc,phases      ] GC(52)   Post Evacuate Collection Set: 0.5ms
[2026-08-03T13:19:36.137+0900][6.299s][info ][gc,phases      ] GC(52)   Other: 0.1ms
[2026-08-03T13:19:36.137+0900][6.299s][info ][gc,heap        ] GC(52) Eden regions: 14->0(17)
[2026-08-03T13:19:36.137+0900][6.299s][info ][gc,heap        ] GC(52) Survivor regions: 2->2(2)
[2026-08-03T13:19:36.137+0900][6.299s][info ][gc,heap        ] GC(52) Old regions: 27->36
[2026-08-03T13:19:36.137+0900][6.299s][info ][gc,heap        ] GC(52) Archive regions: 0->0
[2026-08-03T13:19:36.137+0900][6.299s][info ][gc,heap        ] GC(52) Humongous regions: 1->1
[2026-08-03T13:19:36.137+0900][6.299s][info ][gc,metaspace   ] GC(52) Metaspace: 11053K(11392K)->11053K(11392K) NonClass: 10050K(10176K)->10050K(10176K) Class: 1002K(1216K)->1002K(1216K)
[2026-08-03T13:19:36.137+0900][6.299s][debug][gc,heap        ] GC(52) Heap after GC invocations=53 (full 34):
[2026-08-03T13:19:36.137+0900][6.299s][debug][gc,heap        ] GC(52)  garbage-first heap   total 3342336K, used 1212916K [0x0000019af8000000, 0x000001d1f8000000)
[2026-08-03T13:19:36.137+0900][6.299s][debug][gc,heap        ] GC(52)   region size 32768K, 2 young (65536K), 2 survivors (65536K)
[2026-08-03T13:19:36.137+0900][6.299s][debug][gc,heap        ] GC(52)  Metaspace       used 11053K, committed 11392K, reserved 1114112K
[2026-08-03T13:19:36.137+0900][6.299s][debug][gc,heap        ] GC(52)   class space    used 1002K, committed 1216K, reserved 1048576K
[2026-08-03T13:19:36.137+0900][6.299s][info ][gc             ] GC(52) Pause Young (Normal) (G1 Evacuation Pause) 1348M->1184M(3264M) 54.988ms
[2026-08-03T13:19:36.137+0900][6.299s][info ][gc,cpu         ] GC(52) User=0.84s Sys=0.00s Real=0.06s
[2026-08-03T13:19:36.137+0900][6.299s][info ][safepoint      ] Safepoint "G1CollectForAllocation", Time since last: 314962600 ns, Reaching safepoint: 100600 ns, At safepoint: 55047300 ns, Total: 55147900 ns
[2026-08-03T13:19:36.444+0900][6.605s][info ][gc,start       ] GC(53) Pause Young (Normal) (G1 Evacuation Pause)
[2026-08-03T13:19:36.444+0900][6.605s][debug][gc,heap        ] GC(53) Heap before GC invocations=53 (full 34):
[2026-08-03T13:19:36.444+0900][6.605s][debug][gc,heap        ] GC(53)  garbage-first heap   total 3342336K, used 1671668K [0x0000019af8000000, 0x000001d1f8000000)
[2026-08-03T13:19:36.444+0900][6.605s][debug][gc,heap        ] GC(53)   region size 32768K, 15 young (491520K), 2 survivors (65536K)
[2026-08-03T13:19:36.444+0900][6.605s][debug][gc,heap        ] GC(53)  Metaspace       used 11053K, committed 11392K, reserved 1114112K
[2026-08-03T13:19:36.444+0900][6.605s][debug][gc,heap        ] GC(53)   class space    used 1002K, committed 1216K, reserved 1048576K
[2026-08-03T13:19:36.444+0900][6.605s][info ][gc,task        ] GC(53) Using 18 workers of 18 for evacuation
[2026-08-03T13:19:36.512+0900][6.674s][info ][gc,phases      ] GC(53)   Pre Evacuate Collection Set: 0.3ms
[2026-08-03T13:19:36.512+0900][6.674s][info ][gc,phases      ] GC(53)   Merge Heap Roots: 1.8ms
[2026-08-03T13:19:36.512+0900][6.674s][info ][gc,phases      ] GC(53)   Evacuate Collection Set: 58.5ms
[2026-08-03T13:19:36.512+0900][6.674s][info ][gc,phases      ] GC(53)   Post Evacuate Collection Set: 7.7ms
[2026-08-03T13:19:36.512+0900][6.674s][info ][gc,phases      ] GC(53)   Other: 0.1ms
[2026-08-03T13:19:36.512+0900][6.674s][info ][gc,heap        ] GC(53) Eden regions: 13->0(17)
[2026-08-03T13:19:36.512+0900][6.674s][info ][gc,heap        ] GC(53) Survivor regions: 2->2(2)
[2026-08-03T13:19:36.512+0900][6.674s][info ][gc,heap        ] GC(53) Old regions: 36->44
[2026-08-03T13:19:36.512+0900][6.674s][info ][gc,heap        ] GC(53) Archive regions: 0->0
[2026-08-03T13:19:36.512+0900][6.674s][info ][gc,heap        ] GC(53) Humongous regions: 2->2
[2026-08-03T13:19:36.512+0900][6.674s][info ][gc,metaspace   ] GC(53) Metaspace: 11053K(11392K)->11053K(11392K) NonClass: 10050K(10176K)->10050K(10176K) Class: 1002K(1216K)->1002K(1216K)
[2026-08-03T13:19:36.513+0900][6.674s][debug][gc,heap        ] GC(53) Heap after GC invocations=54 (full 34):
[2026-08-03T13:19:36.513+0900][6.674s][debug][gc,heap        ] GC(53)  garbage-first heap   total 6946816K, used 1505882K [0x0000019af8000000, 0x000001d1f8000000)
[2026-08-03T13:19:36.513+0900][6.674s][debug][gc,heap        ] GC(53)   region size 32768K, 2 young (65536K), 2 survivors (65536K)
[2026-08-03T13:19:36.513+0900][6.674s][debug][gc,heap        ] GC(53)  Metaspace       used 11053K, committed 11392K, reserved 1114112K
[2026-08-03T13:19:36.513+0900][6.674s][debug][gc,heap        ] GC(53)   class space    used 1002K, committed 1216K, reserved 1048576K
[2026-08-03T13:19:36.513+0900][6.674s][info ][gc             ] GC(53) Pause Young (Normal) (G1 Evacuation Pause) 1632M->1470M(6784M) 68.793ms
[2026-08-03T13:19:36.513+0900][6.674s][info ][gc,cpu         ] GC(53) User=0.98s Sys=0.14s Real=0.07s
[2026-08-03T13:19:36.513+0900][6.674s][info ][safepoint      ] Safepoint "G1CollectForAllocation", Time since last: 306322700 ns, Reaching safepoint: 72700 ns, At safepoint: 68857300 ns, Total: 68930000 ns
[2026-08-03T13:19:36.997+0900][7.158s][info ][gc,start       ] GC(54) Pause Young (Normal) (G1 Evacuation Pause)
[2026-08-03T13:19:36.997+0900][7.159s][debug][gc,heap        ] GC(54) Heap before GC invocations=54 (full 34):
[2026-08-03T13:19:36.997+0900][7.159s][debug][gc,heap        ] GC(54)  garbage-first heap   total 6946816K, used 2062938K [0x0000019af8000000, 0x000001d1f8000000)
[2026-08-03T13:19:36.997+0900][7.159s][debug][gc,heap        ] GC(54)   region size 32768K, 19 young (622592K), 2 survivors (65536K)
[2026-08-03T13:19:36.997+0900][7.159s][debug][gc,heap        ] GC(54)  Metaspace       used 11053K, committed 11392K, reserved 1114112K
[2026-08-03T13:19:36.997+0900][7.159s][debug][gc,heap        ] GC(54)   class space    used 1002K, committed 1216K, reserved 1048576K
[2026-08-03T13:19:36.997+0900][7.159s][info ][gc,task        ] GC(54) Using 18 workers of 18 for evacuation
[2026-08-03T13:19:37.073+0900][7.234s][info ][gc,phases      ] GC(54)   Pre Evacuate Collection Set: 0.1ms
[2026-08-03T13:19:37.073+0900][7.234s][info ][gc,phases      ] GC(54)   Merge Heap Roots: 1.5ms
[2026-08-03T13:19:37.073+0900][7.234s][info ][gc,phases      ] GC(54)   Evacuate Collection Set: 73.4ms
[2026-08-03T13:19:37.073+0900][7.234s][info ][gc,phases      ] GC(54)   Post Evacuate Collection Set: 0.6ms
[2026-08-03T13:19:37.073+0900][7.234s][info ][gc,phases      ] GC(54)   Other: 0.1ms
[2026-08-03T13:19:37.073+0900][7.234s][info ][gc,heap        ] GC(54) Eden regions: 17->0(17)
[2026-08-03T13:19:37.073+0900][7.234s][info ][gc,heap        ] GC(54) Survivor regions: 2->3(3)
[2026-08-03T13:19:37.073+0900][7.234s][info ][gc,heap        ] GC(54) Old regions: 44->53
[2026-08-03T13:19:37.073+0900][7.234s][info ][gc,heap        ] GC(54) Archive regions: 0->0
[2026-08-03T13:19:37.073+0900][7.234s][info ][gc,heap        ] GC(54) Humongous regions: 2->2
[2026-08-03T13:19:37.073+0900][7.234s][info ][gc,metaspace   ] GC(54) Metaspace: 11053K(11392K)->11053K(11392K) NonClass: 10050K(10176K)->10050K(10176K) Class: 1002K(1216K)->1002K(1216K)
[2026-08-03T13:19:37.073+0900][7.234s][debug][gc,heap        ] GC(54) Heap after GC invocations=55 (full 34):
[2026-08-03T13:19:37.073+0900][7.234s][debug][gc,heap        ] GC(54)  garbage-first heap   total 6946816K, used 1852018K [0x0000019af8000000, 0x000001d1f8000000)
[2026-08-03T13:19:37.073+0900][7.234s][debug][gc,heap        ] GC(54)   region size 32768K, 3 young (98304K), 3 survivors (98304K)
[2026-08-03T13:19:37.073+0900][7.234s][debug][gc,heap        ] GC(54)  Metaspace       used 11053K, committed 11392K, reserved 1114112K
[2026-08-03T13:19:37.073+0900][7.234s][debug][gc,heap        ] GC(54)   class space    used 1002K, committed 1216K, reserved 1048576K
[2026-08-03T13:19:37.073+0900][7.235s][info ][gc             ] GC(54) Pause Young (Normal) (G1 Evacuation Pause) 2014M->1808M(6784M) 76.044ms
[2026-08-03T13:19:37.073+0900][7.235s][info ][gc,cpu         ] GC(54) User=1.19s Sys=0.22s Real=0.08s
[2026-08-03T13:19:37.073+0900][7.235s][info ][safepoint      ] Safepoint "G1CollectForAllocation", Time since last: 484292000 ns, Reaching safepoint: 117100 ns, At safepoint: 76106400 ns, Total: 76223500 ns
[2026-08-03T13:19:37.420+0900][7.582s][info ][gc,start       ] GC(55) Pause Young (Normal) (G1 Evacuation Pause)
[2026-08-03T13:19:37.421+0900][7.582s][debug][gc,heap        ] GC(55) Heap before GC invocations=55 (full 34):
[2026-08-03T13:19:37.421+0900][7.582s][debug][gc,heap        ] GC(55)  garbage-first heap   total 6946816K, used 2146930K [0x0000019af8000000, 0x000001d1f8000000)
[2026-08-03T13:19:37.421+0900][7.582s][debug][gc,heap        ] GC(55)   region size 32768K, 12 young (393216K), 3 survivors (98304K)
[2026-08-03T13:19:37.421+0900][7.582s][debug][gc,heap        ] GC(55)  Metaspace       used 11111K, committed 11456K, reserved 1114112K
[2026-08-03T13:19:37.421+0900][7.582s][debug][gc,heap        ] GC(55)   class space    used 1003K, committed 1216K, reserved 1048576K
[2026-08-03T13:19:37.421+0900][7.582s][info ][gc,task        ] GC(55) Using 18 workers of 18 for evacuation
[2026-08-03T13:19:37.486+0900][7.648s][info ][gc,phases      ] GC(55)   Pre Evacuate Collection Set: 0.1ms
[2026-08-03T13:19:37.487+0900][7.648s][info ][gc,phases      ] GC(55)   Merge Heap Roots: 1.7ms
[2026-08-03T13:19:37.487+0900][7.648s][info ][gc,phases      ] GC(55)   Evacuate Collection Set: 63.4ms
[2026-08-03T13:19:37.487+0900][7.648s][info ][gc,phases      ] GC(55)   Post Evacuate Collection Set: 0.6ms
[2026-08-03T13:19:37.487+0900][7.648s][info ][gc,phases      ] GC(55)   Other: 0.1ms
[2026-08-03T13:19:37.487+0900][7.648s][info ][gc,heap        ] GC(55) Eden regions: 9->0(18)
[2026-08-03T13:19:37.487+0900][7.648s][info ][gc,heap        ] GC(55) Survivor regions: 3->2(2)
[2026-08-03T13:19:37.487+0900][7.648s][info ][gc,heap        ] GC(55) Old regions: 53->59
[2026-08-03T13:19:37.487+0900][7.648s][info ][gc,heap        ] GC(55) Archive regions: 0->0
[2026-08-03T13:19:37.487+0900][7.648s][info ][gc,heap        ] GC(55) Humongous regions: 2->2
[2026-08-03T13:19:37.487+0900][7.648s][info ][gc,metaspace   ] GC(55) Metaspace: 11111K(11456K)->11111K(11456K) NonClass: 10108K(10240K)->10108K(10240K) Class: 1003K(1216K)->1003K(1216K)
[2026-08-03T13:19:37.487+0900][7.648s][debug][gc,heap        ] GC(55) Heap after GC invocations=56 (full 34):
[2026-08-03T13:19:37.487+0900][7.648s][debug][gc,heap        ] GC(55)  garbage-first heap   total 6946816K, used 2017724K [0x0000019af8000000, 0x000001d1f8000000)
[2026-08-03T13:19:37.487+0900][7.648s][debug][gc,heap        ] GC(55)   region size 32768K, 2 young (65536K), 2 survivors (65536K)
[2026-08-03T13:19:37.487+0900][7.648s][debug][gc,heap        ] GC(55)  Metaspace       used 11111K, committed 11456K, reserved 1114112K
[2026-08-03T13:19:37.487+0900][7.648s][debug][gc,heap        ] GC(55)   class space    used 1003K, committed 1216K, reserved 1048576K
[2026-08-03T13:19:37.487+0900][7.648s][info ][gc             ] GC(55) Pause Young (Normal) (G1 Evacuation Pause) 2096M->1970M(6784M) 66.217ms
[2026-08-03T13:19:37.487+0900][7.648s][info ][gc,cpu         ] GC(55) User=1.08s Sys=0.09s Real=0.07s
[2026-08-03T13:19:37.487+0900][7.648s][info ][safepoint      ] Safepoint "G1CollectForAllocation", Time since last: 347231800 ns, Reaching safepoint: 106200 ns, At safepoint: 66274400 ns, Total: 66380600 ns
[2026-08-03T13:19:38.130+0900][8.292s][info ][gc,start       ] GC(56) Pause Young (Normal) (G1 Evacuation Pause)
[2026-08-03T13:19:38.130+0900][8.292s][debug][gc,heap        ] GC(56) Heap before GC invocations=56 (full 34):
[2026-08-03T13:19:38.130+0900][8.292s][debug][gc,heap        ] GC(56)  garbage-first heap   total 6946816K, used 2410940K [0x0000019af8000000, 0x000001d1f8000000)
[2026-08-03T13:19:38.130+0900][8.292s][debug][gc,heap        ] GC(56)   region size 32768K, 14 young (458752K), 2 survivors (65536K)
[2026-08-03T13:19:38.130+0900][8.292s][debug][gc,heap        ] GC(56)  Metaspace       used 11111K, committed 11456K, reserved 1114112K
[2026-08-03T13:19:38.130+0900][8.292s][debug][gc,heap        ] GC(56)   class space    used 1003K, committed 1216K, reserved 1048576K
[2026-08-03T13:19:38.130+0900][8.292s][info ][gc,task        ] GC(56) Using 18 workers of 18 for evacuation
[2026-08-03T13:19:38.168+0900][8.329s][info ][gc,phases      ] GC(56)   Pre Evacuate Collection Set: 0.1ms
[2026-08-03T13:19:38.168+0900][8.330s][info ][gc,phases      ] GC(56)   Merge Heap Roots: 1.5ms
[2026-08-03T13:19:38.168+0900][8.330s][info ][gc,phases      ] GC(56)   Evacuate Collection Set: 35.1ms
[2026-08-03T13:19:38.168+0900][8.330s][info ][gc,phases      ] GC(56)   Post Evacuate Collection Set: 0.9ms
[2026-08-03T13:19:38.168+0900][8.330s][info ][gc,phases      ] GC(56)   Other: 0.1ms
[2026-08-03T13:19:38.168+0900][8.330s][info ][gc,heap        ] GC(56) Eden regions: 12->0(24)
[2026-08-03T13:19:38.168+0900][8.330s][info ][gc,heap        ] GC(56) Survivor regions: 2->2(2)
[2026-08-03T13:19:38.168+0900][8.330s][info ][gc,heap        ] GC(56) Old regions: 59->62
[2026-08-03T13:19:38.168+0900][8.330s][info ][gc,heap        ] GC(56) Archive regions: 0->0
[2026-08-03T13:19:38.168+0900][8.330s][info ][gc,heap        ] GC(56) Humongous regions: 2->2
[2026-08-03T13:19:38.168+0900][8.330s][info ][gc,metaspace   ] GC(56) Metaspace: 11111K(11456K)->11111K(11456K) NonClass: 10108K(10240K)->10108K(10240K) Class: 1003K(1216K)->1003K(1216K)
[2026-08-03T13:19:38.168+0900][8.330s][debug][gc,heap        ] GC(56) Heap after GC invocations=57 (full 34):
[2026-08-03T13:19:38.168+0900][8.330s][debug][gc,heap        ] GC(56)  garbage-first heap   total 6946816K, used 2085399K [0x0000019af8000000, 0x000001d1f8000000)
[2026-08-03T13:19:38.168+0900][8.330s][debug][gc,heap        ] GC(56)   region size 32768K, 2 young (65536K), 2 survivors (65536K)
[2026-08-03T13:19:38.168+0900][8.330s][debug][gc,heap        ] GC(56)  Metaspace       used 11111K, committed 11456K, reserved 1114112K
[2026-08-03T13:19:38.168+0900][8.330s][debug][gc,heap        ] GC(56)   class space    used 1003K, committed 1216K, reserved 1048576K
[2026-08-03T13:19:38.168+0900][8.330s][info ][gc             ] GC(56) Pause Young (Normal) (G1 Evacuation Pause) 2354M->2036M(6784M) 38.045ms
[2026-08-03T13:19:38.168+0900][8.330s][info ][gc,cpu         ] GC(56) User=0.53s Sys=0.03s Real=0.04s
[2026-08-03T13:19:38.168+0900][8.330s][info ][safepoint      ] Safepoint "G1CollectForAllocation", Time since last: 643378000 ns, Reaching safepoint: 95600 ns, At safepoint: 38101200 ns, Total: 38196800 ns
[2026-08-03T13:19:39.172+0900][9.333s][info ][safepoint      ] Safepoint "Cleanup", Time since last: 1003229400 ns, Reaching safepoint: 205600 ns, At safepoint: 15600 ns, Total: 221200 ns
[2026-08-03T13:19:40.194+0900][10.355s][info ][safepoint      ] Safepoint "Cleanup", Time since last: 1005747100 ns, Reaching safepoint: 16037500 ns, At safepoint: 17400 ns, Total: 16054900 ns
[2026-08-03T13:19:41.201+0900][11.362s][info ][safepoint      ] Safepoint "Cleanup", Time since last: 1006997600 ns, Reaching safepoint: 155400 ns, At safepoint: 9700 ns, Total: 165100 ns
[2026-08-03T13:19:43.879+0900][14.041s][info ][gc,start       ] GC(57) Pause Young (Normal) (G1 Evacuation Pause)
[2026-08-03T13:19:43.879+0900][14.041s][debug][gc,heap        ] GC(57) Heap before GC invocations=57 (full 34):
[2026-08-03T13:19:43.879+0900][14.041s][debug][gc,heap        ] GC(57)  garbage-first heap   total 6946816K, used 2871831K [0x0000019af8000000, 0x000001d1f8000000)
[2026-08-03T13:19:43.879+0900][14.041s][debug][gc,heap        ] GC(57)   region size 32768K, 26 young (851968K), 2 survivors (65536K)
[2026-08-03T13:19:43.879+0900][14.041s][debug][gc,heap        ] GC(57)  Metaspace       used 11138K, committed 11520K, reserved 1114112K
[2026-08-03T13:19:43.879+0900][14.041s][debug][gc,heap        ] GC(57)   class space    used 1003K, committed 1216K, reserved 1048576K
[2026-08-03T13:19:43.879+0900][14.041s][info ][gc,task        ] GC(57) Using 18 workers of 18 for evacuation
[2026-08-03T13:19:43.930+0900][14.091s][info ][gc,phases      ] GC(57)   Pre Evacuate Collection Set: 0.1ms
[2026-08-03T13:19:43.930+0900][14.091s][info ][gc,phases      ] GC(57)   Merge Heap Roots: 2.2ms
[2026-08-03T13:19:43.930+0900][14.091s][info ][gc,phases      ] GC(57)   Evacuate Collection Set: 33.8ms
[2026-08-03T13:19:43.930+0900][14.091s][info ][gc,phases      ] GC(57)   Post Evacuate Collection Set: 14.0ms
[2026-08-03T13:19:43.930+0900][14.091s][info ][gc,phases      ] GC(57)   Other: 0.1ms
[2026-08-03T13:19:43.930+0900][14.091s][info ][gc,heap        ] GC(57) Eden regions: 24->0(84)
[2026-08-03T13:19:43.930+0900][14.091s][info ][gc,heap        ] GC(57) Survivor regions: 2->3(4)
[2026-08-03T13:19:43.930+0900][14.091s][info ][gc,heap        ] GC(57) Old regions: 62->62
[2026-08-03T13:19:43.930+0900][14.091s][info ][gc,heap        ] GC(57) Archive regions: 0->0
[2026-08-03T13:19:43.930+0900][14.091s][info ][gc,heap        ] GC(57) Humongous regions: 2->2
[2026-08-03T13:19:43.930+0900][14.091s][info ][gc,metaspace   ] GC(57) Metaspace: 11138K(11520K)->11138K(11520K) NonClass: 10134K(10304K)->10134K(10304K) Class: 1003K(1216K)->1003K(1216K)
[2026-08-03T13:19:43.930+0900][14.091s][debug][gc,heap        ] GC(57) Heap after GC invocations=58 (full 34):
[2026-08-03T13:19:43.930+0900][14.091s][debug][gc,heap        ] GC(57)  garbage-first heap   total 14254080K, used 2133771K [0x0000019af8000000, 0x000001d1f8000000)
[2026-08-03T13:19:43.930+0900][14.091s][debug][gc,heap        ] GC(57)   region size 32768K, 3 young (98304K), 3 survivors (98304K)
[2026-08-03T13:19:43.930+0900][14.091s][debug][gc,heap        ] GC(57)  Metaspace       used 11138K, committed 11520K, reserved 1114112K
[2026-08-03T13:19:43.930+0900][14.091s][debug][gc,heap        ] GC(57)   class space    used 1003K, committed 1216K, reserved 1048576K
[2026-08-03T13:19:43.930+0900][14.091s][info ][gc             ] GC(57) Pause Young (Normal) (G1 Evacuation Pause) 2804M->2083M(13920M) 50.716ms
[2026-08-03T13:19:43.930+0900][14.091s][info ][gc,cpu         ] GC(57) User=0.52s Sys=0.06s Real=0.05s
[2026-08-03T13:19:43.930+0900][14.092s][info ][safepoint      ] Safepoint "G1CollectForAllocation", Time since last: 2678455900 ns, Reaching safepoint: 106100 ns, At safepoint: 50777400 ns, Total: 50883500 ns
[2026-08-03T13:20:04.054+0900][34.215s][info ][safepoint      ] Safepoint "Cleanup", Time since last: 20123500300 ns, Reaching safepoint: 130700 ns, At safepoint: 13200 ns, Total: 143900 ns
[2026-08-03T13:20:06.065+0900][36.226s][info ][safepoint      ] Safepoint "Cleanup", Time since last: 2010857300 ns, Reaching safepoint: 172600 ns, At safepoint: 8800 ns, Total: 181400 ns
[2026-08-03T13:20:30.154+0900][60.316s][info ][safepoint      ] Safepoint "PrintThreads", Time since last: 24088895800 ns, Reaching safepoint: 140200 ns, At safepoint: 451700 ns, Total: 591900 ns
[2026-08-03T13:20:30.154+0900][60.316s][info ][safepoint      ] Safepoint "FindDeadlocks", Time since last: 63200 ns, Reaching safepoint: 58600 ns, At safepoint: 17800 ns, Total: 76400 ns
[2026-08-03T13:21:30.154+0900][120.316s][info ][safepoint      ] Safepoint "PrintThreads", Time since last: 59999217300 ns, Reaching safepoint: 167500 ns, At safepoint: 462100 ns, Total: 629600 ns
[2026-08-03T13:21:30.154+0900][120.316s][info ][safepoint      ] Safepoint "FindDeadlocks", Time since last: 68800 ns, Reaching safepoint: 55100 ns, At safepoint: 11000 ns, Total: 66100 ns
[2026-08-03T13:22:23.481+0900][173.642s][info ][safepoint      ] Safepoint "Cleanup", Time since last: 53326208900 ns, Reaching safepoint: 169100 ns, At safepoint: 8800 ns, Total: 177900 ns
[2026-08-03T13:22:30.154+0900][180.316s][info ][safepoint      ] Safepoint "PrintThreads", Time since last: 6672830400 ns, Reaching safepoint: 144500 ns, At safepoint: 456800 ns, Total: 601300 ns
[2026-08-03T13:22:30.154+0900][180.316s][info ][safepoint      ] Safepoint "FindDeadlocks", Time since last: 66600 ns, Reaching safepoint: 57200 ns, At safepoint: 10700 ns, Total: 67900 ns
[2026-08-03T13:22:37.206+0900][187.367s][info ][safepoint      ] Safepoint "Cleanup", Time since last: 7051261400 ns, Reaching safepoint: 143400 ns, At safepoint: 8200 ns, Total: 151600 ns
[2026-08-03T13:22:41.229+0900][191.390s][info ][safepoint      ] Safepoint "Cleanup", Time since last: 4022897200 ns, Reaching safepoint: 131800 ns, At safepoint: 9500 ns, Total: 141300 ns
[2026-08-03T13:22:41.539+0900][191.701s][info ][gc,start       ] GC(58) Pause Young (Normal) (G1 Evacuation Pause)
[2026-08-03T13:22:41.539+0900][191.701s][debug][gc,heap        ] GC(58) Heap before GC invocations=58 (full 34):
[2026-08-03T13:22:41.539+0900][191.701s][debug][gc,heap        ] GC(58)  garbage-first heap   total 14254080K, used 4886283K [0x0000019af8000000, 0x000001d1f8000000)
[2026-08-03T13:22:41.539+0900][191.701s][debug][gc,heap        ] GC(58)   region size 32768K, 87 young (2850816K), 3 survivors (98304K)
[2026-08-03T13:22:41.539+0900][191.701s][debug][gc,heap        ] GC(58)  Metaspace       used 11166K, committed 11584K, reserved 1114112K
[2026-08-03T13:22:41.539+0900][191.701s][debug][gc,heap        ] GC(58)   class space    used 1003K, committed 1216K, reserved 1048576K
[2026-08-03T13:22:41.539+0900][191.701s][info ][gc,task        ] GC(58) Using 18 workers of 18 for evacuation
[2026-08-03T13:22:41.681+0900][191.843s][info ][gc,phases      ] GC(58)   Pre Evacuate Collection Set: 0.2ms
[2026-08-03T13:22:41.682+0900][191.843s][info ][gc,phases      ] GC(58)   Merge Heap Roots: 1.6ms
[2026-08-03T13:22:41.682+0900][191.843s][info ][gc,phases      ] GC(58)   Evacuate Collection Set: 139.1ms
[2026-08-03T13:22:41.682+0900][191.843s][info ][gc,phases      ] GC(58)   Post Evacuate Collection Set: 0.9ms
[2026-08-03T13:22:41.682+0900][191.843s][info ][gc,phases      ] GC(58)   Other: 0.1ms
[2026-08-03T13:22:41.682+0900][191.843s][info ][gc,heap        ] GC(58) Eden regions: 84->0(27)
[2026-08-03T13:22:41.682+0900][191.843s][info ][gc,heap        ] GC(58) Survivor regions: 3->11(11)
[2026-08-03T13:22:41.682+0900][191.843s][info ][gc,heap        ] GC(58) Old regions: 62->75
[2026-08-03T13:22:41.682+0900][191.843s][info ][gc,heap        ] GC(58) Archive regions: 0->0
[2026-08-03T13:22:41.682+0900][191.843s][info ][gc,heap        ] GC(58) Humongous regions: 2->2
[2026-08-03T13:22:41.682+0900][191.843s][info ][gc,metaspace   ] GC(58) Metaspace: 11166K(11584K)->11166K(11584K) NonClass: 10162K(10368K)->10162K(10368K) Class: 1003K(1216K)->1003K(1216K)
[2026-08-03T13:22:41.682+0900][191.843s][debug][gc,heap        ] GC(58) Heap after GC invocations=59 (full 34):
[2026-08-03T13:22:41.682+0900][191.843s][debug][gc,heap        ] GC(58)  garbage-first heap   total 14254080K, used 2840306K [0x0000019af8000000, 0x000001d1f8000000)
[2026-08-03T13:22:41.682+0900][191.843s][debug][gc,heap        ] GC(58)   region size 32768K, 11 young (360448K), 11 survivors (360448K)
[2026-08-03T13:22:41.682+0900][191.843s][debug][gc,heap        ] GC(58)  Metaspace       used 11166K, committed 11584K, reserved 1114112K
[2026-08-03T13:22:41.682+0900][191.843s][debug][gc,heap        ] GC(58)   class space    used 1003K, committed 1216K, reserved 1048576K
[2026-08-03T13:22:41.682+0900][191.843s][info ][gc             ] GC(58) Pause Young (Normal) (G1 Evacuation Pause) 4771M->2773M(13920M) 142.367ms
[2026-08-03T13:22:41.682+0900][191.843s][info ][gc,cpu         ] GC(58) User=2.08s Sys=0.45s Real=0.14s
[2026-08-03T13:22:41.682+0900][191.843s][info ][safepoint      ] Safepoint "G1CollectForAllocation", Time since last: 310458000 ns, Reaching safepoint: 94000 ns, At safepoint: 142425200 ns, Total: 142519200 ns
[2026-08-03T13:22:44.709+0900][194.870s][info ][safepoint      ] Safepoint "Cleanup", Time since last: 3026908700 ns, Reaching safepoint: 119500 ns, At safepoint: 11900 ns, Total: 131400 ns
[2026-08-03T13:23:04.837+0900][214.998s][info ][safepoint      ] Safepoint "Cleanup", Time since last: 20127909000 ns, Reaching safepoint: 120500 ns, At safepoint: 9400 ns, Total: 129900 ns
[2026-08-03T13:23:04.871+0900][215.032s][info ][gc,start       ] GC(59) Pause Young (Normal) (G1 Evacuation Pause)
[2026-08-03T13:23:04.871+0900][215.032s][debug][gc,heap        ] GC(59) Heap before GC invocations=59 (full 34):
[2026-08-03T13:23:04.871+0900][215.032s][debug][gc,heap        ] GC(59)  garbage-first heap   total 14254080K, used 3233522K [0x0000019af8000000, 0x000001d1f8000000)
[2026-08-03T13:23:04.871+0900][215.032s][debug][gc,heap        ] GC(59)   region size 32768K, 23 young (753664K), 11 survivors (360448K)
[2026-08-03T13:23:04.871+0900][215.032s][debug][gc,heap        ] GC(59)  Metaspace       used 11243K, committed 11648K, reserved 1114112K
[2026-08-03T13:23:04.871+0900][215.033s][debug][gc,heap        ] GC(59)   class space    used 1015K, committed 1216K, reserved 1048576K
[2026-08-03T13:23:04.871+0900][215.033s][info ][gc,task        ] GC(59) Using 18 workers of 18 for evacuation
[2026-08-03T13:23:04.937+0900][215.099s][info ][gc,phases      ] GC(59)   Pre Evacuate Collection Set: 0.1ms
[2026-08-03T13:23:04.938+0900][215.099s][info ][gc,phases      ] GC(59)   Merge Heap Roots: 1.8ms
[2026-08-03T13:23:04.938+0900][215.099s][info ][gc,phases      ] GC(59)   Evacuate Collection Set: 63.0ms
[2026-08-03T13:23:04.938+0900][215.099s][info ][gc,phases      ] GC(59)   Post Evacuate Collection Set: 1.4ms
[2026-08-03T13:23:04.938+0900][215.099s][info ][gc,phases      ] GC(59)   Other: 0.1ms
[2026-08-03T13:23:04.938+0900][215.099s][info ][gc,heap        ] GC(59) Eden regions: 12->0(32)
[2026-08-03T13:23:04.938+0900][215.099s][info ][gc,heap        ] GC(59) Survivor regions: 11->3(3)
[2026-08-03T13:23:04.938+0900][215.099s][info ][gc,heap        ] GC(59) Old regions: 75->87
[2026-08-03T13:23:04.938+0900][215.099s][info ][gc,heap        ] GC(59) Archive regions: 0->0
[2026-08-03T13:23:04.938+0900][215.099s][info ][gc,heap        ] GC(59) Humongous regions: 2->2
[2026-08-03T13:23:04.938+0900][215.099s][info ][gc,metaspace   ] GC(59) Metaspace: 11243K(11648K)->11243K(11648K) NonClass: 10227K(10432K)->10227K(10432K) Class: 1015K(1216K)->1015K(1216K)
[2026-08-03T13:23:04.938+0900][215.099s][debug][gc,heap        ] GC(59) Heap after GC invocations=60 (full 34):
[2026-08-03T13:23:04.938+0900][215.099s][debug][gc,heap        ] GC(59)  garbage-first heap   total 14254080K, used 2940570K [0x0000019af8000000, 0x000001d1f8000000)
[2026-08-03T13:23:04.938+0900][215.099s][debug][gc,heap        ] GC(59)   region size 32768K, 3 young (98304K), 3 survivors (98304K)
[2026-08-03T13:23:04.938+0900][215.099s][debug][gc,heap        ] GC(59)  Metaspace       used 11243K, committed 11648K, reserved 1114112K
[2026-08-03T13:23:04.938+0900][215.099s][debug][gc,heap        ] GC(59)   class space    used 1015K, committed 1216K, reserved 1048576K
[2026-08-03T13:23:04.938+0900][215.099s][info ][gc             ] GC(59) Pause Young (Normal) (G1 Evacuation Pause) 3157M->2871M(13920M) 66.870ms
[2026-08-03T13:23:04.938+0900][215.099s][info ][gc,cpu         ] GC(59) User=0.94s Sys=0.20s Real=0.07s
[2026-08-03T13:23:04.938+0900][215.099s][info ][safepoint      ] Safepoint "G1CollectForAllocation", Time since last: 34009100 ns, Reaching safepoint: 101700 ns, At safepoint: 66930400 ns, Total: 67032100 ns
[2026-08-03T13:23:05.447+0900][215.608s][info ][gc,start       ] GC(60) Pause Full (System.gc())
[2026-08-03T13:23:05.447+0900][215.609s][debug][gc,heap        ] GC(60) Heap before GC invocations=60 (full 34):
[2026-08-03T13:23:05.447+0900][215.609s][debug][gc,heap        ] GC(60)  garbage-first heap   total 14254080K, used 3235482K [0x0000019af8000000, 0x000001d1f8000000)
[2026-08-03T13:23:05.447+0900][215.609s][debug][gc,heap        ] GC(60)   region size 32768K, 13 young (425984K), 3 survivors (98304K)
[2026-08-03T13:23:05.447+0900][215.609s][debug][gc,heap        ] GC(60)  Metaspace       used 11244K, committed 11648K, reserved 1114112K
[2026-08-03T13:23:05.447+0900][215.609s][debug][gc,heap        ] GC(60)   class space    used 1015K, committed 1216K, reserved 1048576K
[2026-08-03T13:23:05.447+0900][215.609s][info ][gc,task        ] GC(60) Using 18 workers of 18 for full compaction
[2026-08-03T13:23:05.447+0900][215.609s][info ][gc,phases,start] GC(60) Phase 1: Mark live objects
[2026-08-03T13:23:05.670+0900][215.831s][info ][gc,phases      ] GC(60) Phase 1: Mark live objects 222.464ms
[2026-08-03T13:23:05.670+0900][215.831s][info ][gc,phases,start] GC(60) Phase 2: Prepare for compaction
[2026-08-03T13:23:05.710+0900][215.872s][info ][gc,phases      ] GC(60) Phase 2: Prepare for compaction 40.368ms
[2026-08-03T13:23:05.710+0900][215.872s][info ][gc,phases,start] GC(60) Phase 3: Adjust pointers
[2026-08-03T13:23:05.806+0900][215.968s][info ][gc,phases      ] GC(60) Phase 3: Adjust pointers 95.588ms
[2026-08-03T13:23:05.806+0900][215.968s][info ][gc,phases,start] GC(60) Phase 4: Compact heap
[2026-08-03T13:23:05.863+0900][216.025s][info ][gc,phases      ] GC(60) Phase 4: Compact heap 57.379ms
[2026-08-03T13:23:05.900+0900][216.062s][debug][gc,heap        ] GC(60) Uncommittable regions after shrink: 148
[2026-08-03T13:23:05.902+0900][216.064s][info ][gc,heap        ] GC(60) Eden regions: 10->0(57)
[2026-08-03T13:23:05.902+0900][216.064s][info ][gc,heap        ] GC(60) Survivor regions: 3->0(3)
[2026-08-03T13:23:05.902+0900][216.064s][info ][gc,heap        ] GC(60) Old regions: 87->84
[2026-08-03T13:23:05.902+0900][216.064s][info ][gc,heap        ] GC(60) Archive regions: 0->0
[2026-08-03T13:23:05.902+0900][216.064s][info ][gc,heap        ] GC(60) Humongous regions: 2->2
[2026-08-03T13:23:05.902+0900][216.064s][info ][gc,metaspace   ] GC(60) Metaspace: 11244K(11648K)->11244K(11648K) NonClass: 10229K(10432K)->10229K(10432K) Class: 1015K(1216K)->1015K(1216K)
[2026-08-03T13:23:05.902+0900][216.064s][debug][gc,heap        ] GC(60) Heap after GC invocations=61 (full 35):
[2026-08-03T13:23:05.902+0900][216.064s][debug][gc,heap        ] GC(60)  garbage-first heap   total 9404416K, used 2549012K [0x0000019af8000000, 0x000001d1f8000000)
[2026-08-03T13:23:05.902+0900][216.064s][debug][gc,heap        ] GC(60)   region size 32768K, 0 young (0K), 0 survivors (0K)
[2026-08-03T13:23:05.902+0900][216.064s][debug][gc,heap        ] GC(60)  Metaspace       used 11244K, committed 11648K, reserved 1114112K
[2026-08-03T13:23:05.902+0900][216.064s][debug][gc,heap        ] GC(60)   class space    used 1015K, committed 1216K, reserved 1048576K
[2026-08-03T13:23:05.902+0900][216.064s][info ][gc             ] GC(60) Pause Full (System.gc()) 3172M->2489M(9184M) 455.357ms
[2026-08-03T13:23:05.902+0900][216.064s][info ][gc,cpu         ] GC(60) User=7.00s Sys=0.62s Real=0.45s
[2026-08-03T13:23:05.902+0900][216.064s][info ][safepoint      ] Safepoint "G1CollectFull", Time since last: 509047900 ns, Reaching safepoint: 112500 ns, At safepoint: 455416800 ns, Total: 455529300 ns
[2026-08-03T13:23:06.906+0900][217.067s][debug][gc,heap        ] Concurrent Uncommit Summary: 4736M, 148 regions, 184.013ms
[2026-08-03T13:23:06.910+0900][217.071s][info ][safepoint      ] Safepoint "Cleanup", Time since last: 1007162000 ns, Reaching safepoint: 100600 ns, At safepoint: 11800 ns, Total: 112400 ns
[2026-08-03T13:23:07.914+0900][218.075s][info ][safepoint      ] Safepoint "Cleanup", Time since last: 1003957000 ns, Reaching safepoint: 87000 ns, At safepoint: 8900 ns, Total: 95900 ns
[2026-08-03T13:23:08.466+0900][218.628s][info ][gc,start       ] GC(61) Pause Young (Normal) (G1 Evacuation Pause)
[2026-08-03T13:23:08.466+0900][218.628s][debug][gc,heap        ] GC(61) Heap before GC invocations=61 (full 35):
[2026-08-03T13:23:08.466+0900][218.628s][debug][gc,heap        ] GC(61)  garbage-first heap   total 9404416K, used 4482324K [0x0000019af8000000, 0x000001d1f8000000)
[2026-08-03T13:23:08.466+0900][218.628s][debug][gc,heap        ] GC(61)   region size 32768K, 57 young (1867776K), 0 survivors (0K)
[2026-08-03T13:23:08.466+0900][218.628s][debug][gc,heap        ] GC(61)  Metaspace       used 11293K, committed 11712K, reserved 1114112K
[2026-08-03T13:23:08.466+0900][218.628s][debug][gc,heap        ] GC(61)   class space    used 1021K, committed 1216K, reserved 1048576K
[2026-08-03T13:23:08.466+0900][218.628s][info ][gc,task        ] GC(61) Using 18 workers of 18 for evacuation
[2026-08-03T13:23:08.630+0900][218.792s][info ][gc,phases      ] GC(61)   Pre Evacuate Collection Set: 0.1ms
[2026-08-03T13:23:08.630+0900][218.792s][info ][gc,phases      ] GC(61)   Merge Heap Roots: 0.9ms
[2026-08-03T13:23:08.630+0900][218.792s][info ][gc,phases      ] GC(61)   Evacuate Collection Set: 161.5ms
[2026-08-03T13:23:08.630+0900][218.792s][info ][gc,phases      ] GC(61)   Post Evacuate Collection Set: 1.4ms
[2026-08-03T13:23:08.630+0900][218.792s][info ][gc,phases      ] GC(61)   Other: 0.1ms
[2026-08-03T13:23:08.630+0900][218.792s][info ][gc,heap        ] GC(61) Eden regions: 57->0(38)
[2026-08-03T13:23:08.630+0900][218.792s][info ][gc,heap        ] GC(61) Survivor regions: 0->8(8)
[2026-08-03T13:23:08.630+0900][218.792s][info ][gc,heap        ] GC(61) Old regions: 84->106
[2026-08-03T13:23:08.630+0900][218.792s][info ][gc,heap        ] GC(61) Archive regions: 0->0
[2026-08-03T13:23:08.630+0900][218.792s][info ][gc,heap        ] GC(61) Humongous regions: 4->4
[2026-08-03T13:23:08.630+0900][218.792s][info ][gc,metaspace   ] GC(61) Metaspace: 11293K(11712K)->11293K(11712K) NonClass: 10271K(10496K)->10271K(10496K) Class: 1021K(1216K)->1021K(1216K)
[2026-08-03T13:23:08.630+0900][218.792s][debug][gc,heap        ] GC(61) Heap after GC invocations=62 (full 35):
[2026-08-03T13:23:08.630+0900][218.792s][debug][gc,heap        ] GC(61)  garbage-first heap   total 9404416K, used 3587676K [0x0000019af8000000, 0x000001d1f8000000)
[2026-08-03T13:23:08.630+0900][218.792s][debug][gc,heap        ] GC(61)   region size 32768K, 8 young (262144K), 8 survivors (262144K)
[2026-08-03T13:23:08.630+0900][218.792s][debug][gc,heap        ] GC(61)  Metaspace       used 11293K, committed 11712K, reserved 1114112K
[2026-08-03T13:23:08.630+0900][218.792s][debug][gc,heap        ] GC(61)   class space    used 1021K, committed 1216K, reserved 1048576K
[2026-08-03T13:23:08.630+0900][218.792s][info ][gc             ] GC(61) Pause Young (Normal) (G1 Evacuation Pause) 4377M->3503M(9184M) 164.387ms
[2026-08-03T13:23:08.630+0900][218.792s][info ][gc,cpu         ] GC(61) User=2.91s Sys=0.19s Real=0.16s
[2026-08-03T13:23:08.630+0900][218.792s][info ][safepoint      ] Safepoint "G1CollectForAllocation", Time since last: 552248100 ns, Reaching safepoint: 103800 ns, At safepoint: 164451600 ns, Total: 164555400 ns
[2026-08-03T13:23:09.529+0900][219.690s][info ][gc,start       ] GC(62) Pause Young (Normal) (G1 Evacuation Pause)
[2026-08-03T13:23:09.529+0900][219.690s][debug][gc,heap        ] GC(62) Heap before GC invocations=62 (full 35):
[2026-08-03T13:23:09.529+0900][219.690s][debug][gc,heap        ] GC(62)  garbage-first heap   total 9404416K, used 4243036K [0x0000019af8000000, 0x000001d1f8000000)
[2026-08-03T13:23:09.529+0900][219.691s][debug][gc,heap        ] GC(62)   region size 32768K, 28 young (917504K), 8 survivors (262144K)
[2026-08-03T13:23:09.529+0900][219.691s][debug][gc,heap        ] GC(62)  Metaspace       used 11314K, committed 11712K, reserved 1114112K
[2026-08-03T13:23:09.529+0900][219.691s][debug][gc,heap        ] GC(62)   class space    used 1022K, committed 1216K, reserved 1048576K
[2026-08-03T13:23:09.529+0900][219.691s][info ][gc,task        ] GC(62) Using 18 workers of 18 for evacuation
[2026-08-03T13:23:09.602+0900][219.764s][info ][gc,phases      ] GC(62)   Pre Evacuate Collection Set: 0.1ms
[2026-08-03T13:23:09.602+0900][219.764s][info ][gc,phases      ] GC(62)   Merge Heap Roots: 6.5ms
[2026-08-03T13:23:09.602+0900][219.764s][info ][gc,phases      ] GC(62)   Evacuate Collection Set: 66.3ms
[2026-08-03T13:23:09.602+0900][219.764s][info ][gc,phases      ] GC(62)   Post Evacuate Collection Set: 0.3ms
[2026-08-03T13:23:09.603+0900][219.764s][info ][gc,phases      ] GC(62)   Other: 0.1ms
[2026-08-03T13:23:09.603+0900][219.764s][info ][gc,heap        ] GC(62) Eden regions: 20->0(41)
[2026-08-03T13:23:09.603+0900][219.764s][info ][gc,heap        ] GC(62) Survivor regions: 8->4(4)
[2026-08-03T13:23:09.603+0900][219.764s][info ][gc,heap        ] GC(62) Old regions: 106->115
[2026-08-03T13:23:09.603+0900][219.764s][info ][gc,heap        ] GC(62) Archive regions: 0->0
[2026-08-03T13:23:09.603+0900][219.764s][info ][gc,heap        ] GC(62) Humongous regions: 4->4
[2026-08-03T13:23:09.603+0900][219.764s][info ][gc,metaspace   ] GC(62) Metaspace: 11314K(11712K)->11314K(11712K) NonClass: 10292K(10496K)->10292K(10496K) Class: 1022K(1216K)->1022K(1216K)
[2026-08-03T13:23:09.603+0900][219.764s][debug][gc,heap        ] GC(62) Heap after GC invocations=63 (full 35):
[2026-08-03T13:23:09.603+0900][219.764s][debug][gc,heap        ] GC(62)  garbage-first heap   total 9404416K, used 3704635K [0x0000019af8000000, 0x000001d1f8000000)
[2026-08-03T13:23:09.603+0900][219.764s][debug][gc,heap        ] GC(62)   region size 32768K, 4 young (131072K), 4 survivors (131072K)
[2026-08-03T13:23:09.603+0900][219.764s][debug][gc,heap        ] GC(62)  Metaspace       used 11314K, committed 11712K, reserved 1114112K
[2026-08-03T13:23:09.603+0900][219.764s][debug][gc,heap        ] GC(62)   class space    used 1022K, committed 1216K, reserved 1048576K
[2026-08-03T13:23:09.603+0900][219.764s][info ][gc             ] GC(62) Pause Young (Normal) (G1 Evacuation Pause) 4143M->3617M(9184M) 73.757ms
[2026-08-03T13:23:09.603+0900][219.764s][info ][gc,cpu         ] GC(62) User=1.08s Sys=0.08s Real=0.07s
[2026-08-03T13:23:09.603+0900][219.764s][info ][safepoint      ] Safepoint "G1CollectForAllocation", Time since last: 898278500 ns, Reaching safepoint: 99300 ns, At safepoint: 73815000 ns, Total: 73914300 ns
[2026-08-03T13:23:10.614+0900][220.775s][info ][safepoint      ] Safepoint "Cleanup", Time since last: 1010879400 ns, Reaching safepoint: 139100 ns, At safepoint: 17700 ns, Total: 156800 ns
[2026-08-03T13:23:11.403+0900][221.565s][info ][gc,start       ] GC(63) Pause Young (Normal) (G1 Evacuation Pause)
[2026-08-03T13:23:11.403+0900][221.565s][debug][gc,heap        ] GC(63) Heap before GC invocations=63 (full 35):
[2026-08-03T13:23:11.403+0900][221.565s][debug][gc,heap        ] GC(63)  garbage-first heap   total 9404416K, used 5015355K [0x0000019af8000000, 0x000001d1f8000000)
[2026-08-03T13:23:11.403+0900][221.565s][debug][gc,heap        ] GC(63)   region size 32768K, 45 young (1474560K), 4 survivors (131072K)
[2026-08-03T13:23:11.403+0900][221.565s][debug][gc,heap        ] GC(63)  Metaspace       used 11381K, committed 11840K, reserved 1114112K
[2026-08-03T13:23:11.403+0900][221.565s][debug][gc,heap        ] GC(63)   class space    used 1031K, committed 1280K, reserved 1048576K
[2026-08-03T13:23:11.403+0900][221.565s][info ][gc,task        ] GC(63) Using 18 workers of 18 for evacuation
[2026-08-03T13:23:11.436+0900][221.598s][info ][gc,phases      ] GC(63)   Pre Evacuate Collection Set: 0.1ms
[2026-08-03T13:23:11.436+0900][221.598s][info ][gc,phases      ] GC(63)   Merge Heap Roots: 0.1ms
[2026-08-03T13:23:11.436+0900][221.598s][info ][gc,phases      ] GC(63)   Evacuate Collection Set: 32.1ms
[2026-08-03T13:23:11.436+0900][221.598s][info ][gc,phases      ] GC(63)   Post Evacuate Collection Set: 0.3ms
[2026-08-03T13:23:11.436+0900][221.598s][info ][gc,phases      ] GC(63)   Other: 0.1ms
[2026-08-03T13:23:11.436+0900][221.598s][info ][gc,heap        ] GC(63) Eden regions: 41->0(51)
[2026-08-03T13:23:11.436+0900][221.598s][info ][gc,heap        ] GC(63) Survivor regions: 4->6(6)
[2026-08-03T13:23:11.436+0900][221.598s][info ][gc,heap        ] GC(63) Old regions: 115->117
[2026-08-03T13:23:11.436+0900][221.598s][info ][gc,heap        ] GC(63) Archive regions: 0->0
[2026-08-03T13:23:11.436+0900][221.598s][info ][gc,heap        ] GC(63) Humongous regions: 4->4
[2026-08-03T13:23:11.436+0900][221.598s][info ][gc,metaspace   ] GC(63) Metaspace: 11381K(11840K)->11381K(11840K) NonClass: 10349K(10560K)->10349K(10560K) Class: 1031K(1280K)->1031K(1280K)
[2026-08-03T13:23:11.436+0900][221.598s][debug][gc,heap        ] GC(63) Heap after GC invocations=64 (full 35):
[2026-08-03T13:23:11.436+0900][221.598s][debug][gc,heap        ] GC(63)  garbage-first heap   total 9404416K, used 3863049K [0x0000019af8000000, 0x000001d1f8000000)
[2026-08-03T13:23:11.436+0900][221.598s][debug][gc,heap        ] GC(63)   region size 32768K, 6 young (196608K), 6 survivors (196608K)
[2026-08-03T13:23:11.436+0900][221.598s][debug][gc,heap        ] GC(63)  Metaspace       used 11381K, committed 11840K, reserved 1114112K
[2026-08-03T13:23:11.436+0900][221.598s][debug][gc,heap        ] GC(63)   class space    used 1031K, committed 1280K, reserved 1048576K
[2026-08-03T13:23:11.436+0900][221.598s][info ][gc             ] GC(63) Pause Young (Normal) (G1 Evacuation Pause) 4929M->3772M(9184M) 33.134ms
[2026-08-03T13:23:11.436+0900][221.598s][info ][gc,cpu         ] GC(63) User=0.56s Sys=0.00s Real=0.03s
[2026-08-03T13:23:11.436+0900][221.598s][info ][safepoint      ] Safepoint "G1CollectForAllocation", Time since last: 789364500 ns, Reaching safepoint: 130100 ns, At safepoint: 33241900 ns, Total: 33372000 ns
[2026-08-03T13:23:11.948+0900][222.110s][info ][gc,start       ] GC(64) Pause Young (Normal) (G1 Evacuation Pause)
[2026-08-03T13:23:11.948+0900][222.110s][debug][gc,heap        ] GC(64) Heap before GC invocations=64 (full 35):
[2026-08-03T13:23:11.948+0900][222.110s][debug][gc,heap        ] GC(64)  garbage-first heap   total 9404416K, used 5534217K [0x0000019af8000000, 0x000001d1f8000000)
[2026-08-03T13:23:11.948+0900][222.110s][debug][gc,heap        ] GC(64)   region size 32768K, 57 young (1867776K), 6 survivors (196608K)
[2026-08-03T13:23:11.948+0900][222.110s][debug][gc,heap        ] GC(64)  Metaspace       used 11390K, committed 11840K, reserved 1114112K
[2026-08-03T13:23:11.948+0900][222.110s][debug][gc,heap        ] GC(64)   class space    used 1031K, committed 1280K, reserved 1048576K
[2026-08-03T13:23:11.948+0900][222.110s][info ][gc,task        ] GC(64) Using 18 workers of 18 for evacuation
[2026-08-03T13:23:11.996+0900][222.157s][info ][gc,phases      ] GC(64)   Pre Evacuate Collection Set: 0.1ms
[2026-08-03T13:23:11.996+0900][222.157s][info ][gc,phases      ] GC(64)   Merge Heap Roots: 0.4ms
[2026-08-03T13:23:11.996+0900][222.157s][info ][gc,phases      ] GC(64)   Evacuate Collection Set: 25.5ms
[2026-08-03T13:23:11.996+0900][222.157s][info ][gc,phases      ] GC(64)   Post Evacuate Collection Set: 21.2ms
[2026-08-03T13:23:11.996+0900][222.157s][info ][gc,phases      ] GC(64)   Other: 0.1ms
[2026-08-03T13:23:11.996+0900][222.157s][info ][gc,heap        ] GC(64) Eden regions: 51->0(116)
[2026-08-03T13:23:11.996+0900][222.157s][info ][gc,heap        ] GC(64) Survivor regions: 6->1(8)
[2026-08-03T13:23:11.996+0900][222.157s][info ][gc,heap        ] GC(64) Old regions: 117->123
[2026-08-03T13:23:11.996+0900][222.157s][info ][gc,heap        ] GC(64) Archive regions: 0->0
[2026-08-03T13:23:11.996+0900][222.157s][info ][gc,heap        ] GC(64) Humongous regions: 4->4
[2026-08-03T13:23:11.996+0900][222.157s][info ][gc,metaspace   ] GC(64) Metaspace: 11390K(11840K)->11390K(11840K) NonClass: 10358K(10560K)->10358K(10560K) Class: 1031K(1280K)->1031K(1280K)
[2026-08-03T13:23:11.996+0900][222.157s][debug][gc,heap        ] GC(64) Heap after GC invocations=65 (full 35):
[2026-08-03T13:23:11.996+0900][222.157s][debug][gc,heap        ] GC(64)  garbage-first heap   total 20709376K, used 3897116K [0x0000019af8000000, 0x000001d1f8000000)
[2026-08-03T13:23:11.996+0900][222.157s][debug][gc,heap        ] GC(64)   region size 32768K, 1 young (32768K), 1 survivors (32768K)
[2026-08-03T13:23:11.996+0900][222.157s][debug][gc,heap        ] GC(64)  Metaspace       used 11390K, committed 11840K, reserved 1114112K
[2026-08-03T13:23:11.996+0900][222.157s][debug][gc,heap        ] GC(64)   class space    used 1031K, committed 1280K, reserved 1048576K
[2026-08-03T13:23:11.996+0900][222.157s][info ][gc             ] GC(64) Pause Young (Normal) (G1 Evacuation Pause) 5404M->3805M(20224M) 47.730ms
[2026-08-03T13:23:11.996+0900][222.157s][info ][gc,cpu         ] GC(64) User=0.36s Sys=0.22s Real=0.05s
[2026-08-03T13:23:11.996+0900][222.158s][info ][safepoint      ] Safepoint "G1CollectForAllocation", Time since last: 511660100 ns, Reaching safepoint: 69700 ns, At safepoint: 47837500 ns, Total: 47907200 ns
[2026-08-03T13:23:15.019+0900][225.180s][info ][safepoint      ] Safepoint "Cleanup", Time since last: 3022500700 ns, Reaching safepoint: 131100 ns, At safepoint: 13600 ns, Total: 144700 ns
[2026-08-03T13:23:15.272+0900][225.433s][info ][gc,start       ] GC(65) Pause Young (Normal) (G1 Evacuation Pause)
[2026-08-03T13:23:15.272+0900][225.433s][debug][gc,heap        ] GC(65) Heap before GC invocations=65 (full 35):
[2026-08-03T13:23:15.272+0900][225.433s][debug][gc,heap        ] GC(65)  garbage-first heap   total 20709376K, used 7665436K [0x0000019af8000000, 0x000001d1f8000000)
[2026-08-03T13:23:15.272+0900][225.433s][debug][gc,heap        ] GC(65)   region size 32768K, 117 young (3833856K), 1 survivors (32768K)
[2026-08-03T13:23:15.272+0900][225.433s][debug][gc,heap        ] GC(65)  Metaspace       used 11422K, committed 11904K, reserved 1114112K
[2026-08-03T13:23:15.272+0900][225.433s][debug][gc,heap        ] GC(65)   class space    used 1031K, committed 1280K, reserved 1048576K
[2026-08-03T13:23:15.272+0900][225.433s][info ][gc,task        ] GC(65) Using 18 workers of 18 for evacuation
[2026-08-03T13:23:15.311+0900][225.472s][info ][gc,phases      ] GC(65)   Pre Evacuate Collection Set: 0.1ms
[2026-08-03T13:23:15.311+0900][225.472s][info ][gc,phases      ] GC(65)   Merge Heap Roots: 0.9ms
[2026-08-03T13:23:15.311+0900][225.472s][info ][gc,phases      ] GC(65)   Evacuate Collection Set: 37.1ms
[2026-08-03T13:23:15.311+0900][225.472s][info ][gc,phases      ] GC(65)   Post Evacuate Collection Set: 0.6ms
[2026-08-03T13:23:15.311+0900][225.472s][info ][gc,phases      ] GC(65)   Other: 0.1ms
[2026-08-03T13:23:15.311+0900][225.472s][info ][gc,heap        ] GC(65) Eden regions: 116->0(121)
[2026-08-03T13:23:15.311+0900][225.472s][info ][gc,heap        ] GC(65) Survivor regions: 1->5(15)
[2026-08-03T13:23:15.311+0900][225.472s][info ][gc,heap        ] GC(65) Old regions: 123->123
[2026-08-03T13:23:15.311+0900][225.472s][info ][gc,heap        ] GC(65) Archive regions: 0->0
[2026-08-03T13:23:15.311+0900][225.472s][info ][gc,heap        ] GC(65) Humongous regions: 4->4
[2026-08-03T13:23:15.311+0900][225.472s][info ][gc,metaspace   ] GC(65) Metaspace: 11422K(11904K)->11422K(11904K) NonClass: 10390K(10624K)->10390K(10624K) Class: 1031K(1280K)->1031K(1280K)
[2026-08-03T13:23:15.311+0900][225.472s][debug][gc,heap        ] GC(65) Heap after GC invocations=66 (full 35):
[2026-08-03T13:23:15.311+0900][225.473s][debug][gc,heap        ] GC(65)  garbage-first heap   total 20709376K, used 4020701K [0x0000019af8000000, 0x000001d1f8000000)
[2026-08-03T13:23:15.311+0900][225.473s][debug][gc,heap        ] GC(65)   region size 32768K, 5 young (163840K), 5 survivors (163840K)
[2026-08-03T13:23:15.311+0900][225.473s][debug][gc,heap        ] GC(65)  Metaspace       used 11422K, committed 11904K, reserved 1114112K
[2026-08-03T13:23:15.311+0900][225.473s][debug][gc,heap        ] GC(65)   class space    used 1031K, committed 1280K, reserved 1048576K
[2026-08-03T13:23:15.311+0900][225.473s][info ][gc             ] GC(65) Pause Young (Normal) (G1 Evacuation Pause) 7517M->3926M(20224M) 39.255ms
[2026-08-03T13:23:15.311+0900][225.473s][info ][gc,cpu         ] GC(65) User=0.55s Sys=0.02s Real=0.04s
[2026-08-03T13:23:15.311+0900][225.473s][info ][safepoint      ] Safepoint "G1CollectForAllocation", Time since last: 252983000 ns, Reaching safepoint: 108600 ns, At safepoint: 39313200 ns, Total: 39421800 ns
[2026-08-03T13:23:16.313+0900][226.474s][info ][safepoint      ] Safepoint "Cleanup", Time since last: 1001505200 ns, Reaching safepoint: 113000 ns, At safepoint: 13400 ns, Total: 126400 ns
[2026-08-03T13:23:17.320+0900][227.481s][info ][safepoint      ] Safepoint "Cleanup", Time since last: 1006866500 ns, Reaching safepoint: 121400 ns, At safepoint: 12400 ns, Total: 133800 ns
[2026-08-03T13:23:19.332+0900][229.493s][info ][safepoint      ] Safepoint "Cleanup", Time since last: 2011874200 ns, Reaching safepoint: 117700 ns, At safepoint: 8900 ns, Total: 126600 ns
[2026-08-03T13:23:30.162+0900][240.324s][info ][safepoint      ] Safepoint "PrintThreads", Time since last: 10829916900 ns, Reaching safepoint: 125900 ns, At safepoint: 488600 ns, Total: 614500 ns
[2026-08-03T13:23:30.162+0900][240.324s][info ][safepoint      ] Safepoint "FindDeadlocks", Time since last: 67800 ns, Reaching safepoint: 46100 ns, At safepoint: 11100 ns, Total: 57200 ns
[2026-08-03T13:24:29.537+0900][299.698s][info ][safepoint      ] Safepoint "Cleanup", Time since last: 59374231100 ns, Reaching safepoint: 121000 ns, At safepoint: 12600 ns, Total: 133600 ns
[2026-08-03T13:24:30.177+0900][300.339s][info ][safepoint      ] Safepoint "PrintThreads", Time since last: 639936500 ns, Reaching safepoint: 117900 ns, At safepoint: 503100 ns, Total: 621000 ns
[2026-08-03T13:24:30.177+0900][300.339s][info ][safepoint      ] Safepoint "FindDeadlocks", Time since last: 80900 ns, Reaching safepoint: 48300 ns, At safepoint: 12100 ns, Total: 60400 ns
[2026-08-03T13:25:30.187+0900][360.349s][info ][safepoint      ] Safepoint "PrintThreads", Time since last: 60009227600 ns, Reaching safepoint: 121400 ns, At safepoint: 485800 ns, Total: 607200 ns
[2026-08-03T13:25:30.187+0900][360.349s][info ][safepoint      ] Safepoint "FindDeadlocks", Time since last: 77400 ns, Reaching safepoint: 54700 ns, At safepoint: 12100 ns, Total: 66800 ns
[2026-08-03T13:26:30.190+0900][420.352s][info ][safepoint      ] Safepoint "PrintThreads", Time since last: 60002217900 ns, Reaching safepoint: 122300 ns, At safepoint: 480900 ns, Total: 603200 ns
[2026-08-03T13:26:30.190+0900][420.352s][info ][safepoint      ] Safepoint "FindDeadlocks", Time since last: 82200 ns, Reaching safepoint: 44600 ns, At safepoint: 11600 ns, Total: 56200 ns
[2026-08-03T13:27:30.191+0900][480.353s][info ][safepoint      ] Safepoint "PrintThreads", Time since last: 60000247300 ns, Reaching safepoint: 113900 ns, At safepoint: 479100 ns, Total: 593000 ns
[2026-08-03T13:27:30.191+0900][480.353s][info ][safepoint      ] Safepoint "FindDeadlocks", Time since last: 74600 ns, Reaching safepoint: 51800 ns, At safepoint: 12000 ns, Total: 63800 ns
[2026-08-03T13:28:30.205+0900][540.367s][info ][safepoint      ] Safepoint "PrintThreads", Time since last: 60013304900 ns, Reaching safepoint: 96900 ns, At safepoint: 494800 ns, Total: 591700 ns
[2026-08-03T13:28:30.205+0900][540.367s][info ][safepoint      ] Safepoint "FindDeadlocks", Time since last: 73600 ns, Reaching safepoint: 48900 ns, At safepoint: 11800 ns, Total: 60700 ns
[2026-08-03T13:29:30.210+0900][600.372s][info ][safepoint      ] Safepoint "PrintThreads", Time since last: 60004295300 ns, Reaching safepoint: 116500 ns, At safepoint: 503000 ns, Total: 619500 ns
[2026-08-03T13:29:30.210+0900][600.372s][info ][safepoint      ] Safepoint "FindDeadlocks", Time since last: 78700 ns, Reaching safepoint: 51300 ns, At safepoint: 11000 ns, Total: 62300 ns
[2026-08-03T13:30:30.211+0900][660.373s][info ][safepoint      ] Safepoint "PrintThreads", Time since last: 60000288100 ns, Reaching safepoint: 114200 ns, At safepoint: 482900 ns, Total: 597100 ns
[2026-08-03T13:30:30.211+0900][660.373s][info ][safepoint      ] Safepoint "FindDeadlocks", Time since last: 73500 ns, Reaching safepoint: 47200 ns, At safepoint: 11900 ns, Total: 59100 ns
[2026-08-03T13:31:30.218+0900][720.380s][info ][safepoint      ] Safepoint "PrintThreads", Time since last: 60006254300 ns, Reaching safepoint: 158800 ns, At safepoint: 483100 ns, Total: 641900 ns
[2026-08-03T13:31:30.218+0900][720.380s][info ][safepoint      ] Safepoint "FindDeadlocks", Time since last: 75400 ns, Reaching safepoint: 52300 ns, At safepoint: 10700 ns, Total: 63000 ns
[2026-08-03T13:32:30.219+0900][780.381s][info ][safepoint      ] Safepoint "PrintThreads", Time since last: 60000209000 ns, Reaching safepoint: 138900 ns, At safepoint: 489800 ns, Total: 628700 ns
[2026-08-03T13:32:30.219+0900][780.381s][info ][safepoint      ] Safepoint "FindDeadlocks", Time since last: 68300 ns, Reaching safepoint: 47000 ns, At safepoint: 12700 ns, Total: 59700 ns
[2026-08-03T13:33:30.227+0900][840.389s][info ][safepoint      ] Safepoint "PrintThreads", Time since last: 60007245400 ns, Reaching safepoint: 158100 ns, At safepoint: 493800 ns, Total: 651900 ns
[2026-08-03T13:33:30.227+0900][840.389s][info ][safepoint      ] Safepoint "FindDeadlocks", Time since last: 77200 ns, Reaching safepoint: 49800 ns, At safepoint: 13400 ns, Total: 63200 ns
[2026-08-03T13:34:30.236+0900][900.398s][info ][safepoint      ] Safepoint "PrintThreads", Time since last: 60008212800 ns, Reaching safepoint: 180500 ns, At safepoint: 486200 ns, Total: 666700 ns
[2026-08-03T13:34:30.236+0900][900.398s][info ][safepoint      ] Safepoint "FindDeadlocks", Time since last: 70500 ns, Reaching safepoint: 47500 ns, At safepoint: 10900 ns, Total: 58400 ns
[2026-08-03T13:35:30.239+0900][960.401s][info ][safepoint      ] Safepoint "PrintThreads", Time since last: 60002214500 ns, Reaching safepoint: 150600 ns, At safepoint: 497900 ns, Total: 648500 ns
[2026-08-03T13:35:30.239+0900][960.401s][info ][safepoint      ] Safepoint "FindDeadlocks", Time since last: 68800 ns, Reaching safepoint: 49800 ns, At safepoint: 12100 ns, Total: 61900 ns
[2026-08-03T13:36:30.251+0900][1020.413s][info ][safepoint      ] Safepoint "PrintThreads", Time since last: 60011195200 ns, Reaching safepoint: 108100 ns, At safepoint: 484200 ns, Total: 592300 ns
[2026-08-03T13:36:30.251+0900][1020.413s][info ][safepoint      ] Safepoint "FindDeadlocks", Time since last: 65000 ns, Reaching safepoint: 49900 ns, At safepoint: 13500 ns, Total: 63400 ns
[2026-08-03T13:37:30.252+0900][1080.414s][info ][safepoint      ] Safepoint "PrintThreads", Time since last: 60000332800 ns, Reaching safepoint: 113300 ns, At safepoint: 478000 ns, Total: 591300 ns
[2026-08-03T13:37:30.252+0900][1080.414s][info ][safepoint      ] Safepoint "FindDeadlocks", Time since last: 81400 ns, Reaching safepoint: 51600 ns, At safepoint: 13800 ns, Total: 65400 ns
[2026-08-03T13:38:30.264+0900][1140.426s][info ][safepoint      ] Safepoint "PrintThreads", Time since last: 60011223700 ns, Reaching safepoint: 178500 ns, At safepoint: 493500 ns, Total: 672000 ns
[2026-08-03T13:38:30.264+0900][1140.426s][info ][safepoint      ] Safepoint "FindDeadlocks", Time since last: 67500 ns, Reaching safepoint: 46900 ns, At safepoint: 11900 ns, Total: 58800 ns
[2026-08-03T13:39:30.274+0900][1200.436s][info ][safepoint      ] Safepoint "PrintThreads", Time since last: 60009198100 ns, Reaching safepoint: 164000 ns, At safepoint: 502700 ns, Total: 666700 ns
[2026-08-03T13:39:30.274+0900][1200.436s][info ][safepoint      ] Safepoint "FindDeadlocks", Time since last: 77600 ns, Reaching safepoint: 49100 ns, At safepoint: 12500 ns, Total: 61600 ns
[2026-08-03T13:40:30.285+0900][1260.447s][info ][safepoint      ] Safepoint "PrintThreads", Time since last: 60010214300 ns, Reaching safepoint: 123200 ns, At safepoint: 483500 ns, Total: 606700 ns
[2026-08-03T13:40:30.285+0900][1260.447s][info ][safepoint      ] Safepoint "FindDeadlocks", Time since last: 83000 ns, Reaching safepoint: 49300 ns, At safepoint: 11000 ns, Total: 60300 ns
[2026-08-03T13:40:57.449+0900][1287.610s][info ][safepoint      ] Safepoint "Cleanup", Time since last: 27163152900 ns, Reaching safepoint: 153200 ns, At safepoint: 19700 ns, Total: 172900 ns
[2026-08-03T13:41:30.291+0900][1320.453s][info ][safepoint      ] Safepoint "PrintThreads", Time since last: 32841895000 ns, Reaching safepoint: 179700 ns, At safepoint: 486200 ns, Total: 665900 ns
[2026-08-03T13:41:30.291+0900][1320.453s][info ][safepoint      ] Safepoint "FindDeadlocks", Time since last: 77100 ns, Reaching safepoint: 49700 ns, At safepoint: 11000 ns, Total: 60700 ns
[2026-08-03T13:42:30.302+0900][1380.464s][info ][safepoint      ] Safepoint "PrintThreads", Time since last: 60010197300 ns, Reaching safepoint: 172000 ns, At safepoint: 481300 ns, Total: 653300 ns
[2026-08-03T13:42:30.302+0900][1380.464s][info ][safepoint      ] Safepoint "FindDeadlocks", Time since last: 75200 ns, Reaching safepoint: 53500 ns, At safepoint: 12100 ns, Total: 65600 ns
[2026-08-03T13:43:30.317+0900][1440.479s][info ][safepoint      ] Safepoint "PrintThreads", Time since last: 60014195000 ns, Reaching safepoint: 180300 ns, At safepoint: 487300 ns, Total: 667600 ns
[2026-08-03T13:43:30.317+0900][1440.479s][info ][safepoint      ] Safepoint "FindDeadlocks", Time since last: 74700 ns, Reaching safepoint: 49300 ns, At safepoint: 13000 ns, Total: 62300 ns
[2026-08-03T13:44:30.332+0900][1500.494s][info ][safepoint      ] Safepoint "PrintThreads", Time since last: 60014198700 ns, Reaching safepoint: 152100 ns, At safepoint: 490500 ns, Total: 642600 ns
[2026-08-03T13:44:30.332+0900][1500.494s][info ][safepoint      ] Safepoint "FindDeadlocks", Time since last: 77300 ns, Reaching safepoint: 55300 ns, At safepoint: 12000 ns, Total: 67300 ns
[2026-08-03T13:45:30.333+0900][1560.495s][info ][safepoint      ] Safepoint "PrintThreads", Time since last: 60000212300 ns, Reaching safepoint: 119700 ns, At safepoint: 486400 ns, Total: 606100 ns
[2026-08-03T13:45:30.333+0900][1560.495s][info ][safepoint      ] Safepoint "FindDeadlocks", Time since last: 76500 ns, Reaching safepoint: 49800 ns, At safepoint: 11100 ns, Total: 60900 ns
[2026-08-03T13:46:30.344+0900][1620.506s][info ][safepoint      ] Safepoint "PrintThreads", Time since last: 60010261800 ns, Reaching safepoint: 174800 ns, At safepoint: 484000 ns, Total: 658800 ns
[2026-08-03T13:46:30.344+0900][1620.506s][info ][safepoint      ] Safepoint "FindDeadlocks", Time since last: 73100 ns, Reaching safepoint: 51800 ns, At safepoint: 11700 ns, Total: 63500 ns
[2026-08-03T13:47:30.357+0900][1680.519s][info ][safepoint      ] Safepoint "PrintThreads", Time since last: 60012205500 ns, Reaching safepoint: 170400 ns, At safepoint: 482400 ns, Total: 652800 ns
[2026-08-03T13:47:30.358+0900][1680.519s][info ][safepoint      ] Safepoint "FindDeadlocks", Time since last: 144600 ns, Reaching safepoint: 99800 ns, At safepoint: 14400 ns, Total: 114200 ns
[2026-08-03T13:48:30.358+0900][1740.520s][info ][safepoint      ] Safepoint "PrintThreads", Time since last: 60000090400 ns, Reaching safepoint: 119600 ns, At safepoint: 487600 ns, Total: 607200 ns
[2026-08-03T13:48:30.358+0900][1740.520s][info ][safepoint      ] Safepoint "FindDeadlocks", Time since last: 68300 ns, Reaching safepoint: 53700 ns, At safepoint: 11500 ns, Total: 65200 ns
[2026-08-03T13:49:30.367+0900][1800.529s][info ][safepoint      ] Safepoint "PrintThreads", Time since last: 60008381400 ns, Reaching safepoint: 128600 ns, At safepoint: 490300 ns, Total: 618900 ns
[2026-08-03T13:49:30.367+0900][1800.529s][info ][safepoint      ] Safepoint "FindDeadlocks", Time since last: 76500 ns, Reaching safepoint: 45900 ns, At safepoint: 11900 ns, Total: 57800 ns
[2026-08-03T13:49:45.460+0900][1815.621s][info ][safepoint      ] Safepoint "Cleanup", Time since last: 15092158200 ns, Reaching safepoint: 86000 ns, At safepoint: 14500 ns, Total: 100500 ns
[2026-08-03T13:49:47.440+0900][1817.602s][info ][gc,start       ] GC(66) Pause Young (Normal) (G1 Evacuation Pause)
[2026-08-03T13:49:47.440+0900][1817.602s][debug][gc,heap        ] GC(66) Heap before GC invocations=66 (full 35):
[2026-08-03T13:49:47.441+0900][1817.602s][debug][gc,heap        ] GC(66)  garbage-first heap   total 20709376K, used 7952861K [0x0000019af8000000, 0x000001d1f8000000)
[2026-08-03T13:49:47.441+0900][1817.602s][debug][gc,heap        ] GC(66)   region size 32768K, 126 young (4128768K), 5 survivors (163840K)
[2026-08-03T13:49:47.441+0900][1817.602s][debug][gc,heap        ] GC(66)  Metaspace       used 11458K, committed 11904K, reserved 1114112K
[2026-08-03T13:49:47.441+0900][1817.602s][debug][gc,heap        ] GC(66)   class space    used 1031K, committed 1280K, reserved 1048576K
[2026-08-03T13:49:47.441+0900][1817.602s][info ][gc,task        ] GC(66) Using 18 workers of 18 for evacuation
[2026-08-03T13:49:47.555+0900][1817.716s][info ][gc,phases      ] GC(66)   Pre Evacuate Collection Set: 0.1ms
[2026-08-03T13:49:47.555+0900][1817.717s][info ][gc,phases      ] GC(66)   Merge Heap Roots: 1.2ms
[2026-08-03T13:49:47.555+0900][1817.717s][info ][gc,phases      ] GC(66)   Evacuate Collection Set: 112.0ms
[2026-08-03T13:49:47.555+0900][1817.717s][info ][gc,phases      ] GC(66)   Post Evacuate Collection Set: 0.8ms
[2026-08-03T13:49:47.555+0900][1817.717s][info ][gc,phases      ] GC(66)   Other: 0.1ms
[2026-08-03T13:49:47.555+0900][1817.717s][info ][gc,heap        ] GC(66) Eden regions: 121->0(110)
[2026-08-03T13:49:47.555+0900][1817.717s][info ][gc,heap        ] GC(66) Survivor regions: 5->16(16)
[2026-08-03T13:49:47.555+0900][1817.717s][info ][gc,heap        ] GC(66) Old regions: 123->124
[2026-08-03T13:49:47.555+0900][1817.717s][info ][gc,heap        ] GC(66) Archive regions: 0->0
[2026-08-03T13:49:47.555+0900][1817.717s][info ][gc,heap        ] GC(66) Humongous regions: 4->4
[2026-08-03T13:49:47.555+0900][1817.717s][info ][gc,metaspace   ] GC(66) Metaspace: 11458K(11904K)->11458K(11904K) NonClass: 10426K(10624K)->10426K(10624K) Class: 1031K(1280K)->1031K(1280K)
[2026-08-03T13:49:47.555+0900][1817.717s][debug][gc,heap        ] GC(66) Heap after GC invocations=67 (full 35):
[2026-08-03T13:49:47.555+0900][1817.717s][debug][gc,heap        ] GC(66)  garbage-first heap   total 20709376K, used 4428924K [0x0000019af8000000, 0x000001d1f8000000)
[2026-08-03T13:49:47.555+0900][1817.717s][debug][gc,heap        ] GC(66)   region size 32768K, 16 young (524288K), 16 survivors (524288K)
[2026-08-03T13:49:47.555+0900][1817.717s][debug][gc,heap        ] GC(66)  Metaspace       used 11458K, committed 11904K, reserved 1114112K
[2026-08-03T13:49:47.555+0900][1817.717s][debug][gc,heap        ] GC(66)   class space    used 1031K, committed 1280K, reserved 1048576K
[2026-08-03T13:49:47.555+0900][1817.717s][info ][gc             ] GC(66) Pause Young (Normal) (G1 Evacuation Pause) 7798M->4325M(20224M) 114.594ms
[2026-08-03T13:49:47.555+0900][1817.717s][info ][gc,cpu         ] GC(66) User=1.73s Sys=0.23s Real=0.12s
[2026-08-03T13:49:47.555+0900][1817.717s][info ][safepoint      ] Safepoint "G1CollectForAllocation", Time since last: 1980645700 ns, Reaching safepoint: 111300 ns, At safepoint: 114653700 ns, Total: 114765000 ns
[2026-08-03T13:49:48.651+0900][1818.812s][info ][safepoint      ] Safepoint "Cleanup", Time since last: 1095551200 ns, Reaching safepoint: 153200 ns, At safepoint: 11300 ns, Total: 164500 ns
[2026-08-03T13:50:30.370+0900][1860.532s][info ][safepoint      ] Safepoint "PrintThreads", Time since last: 41719067300 ns, Reaching safepoint: 165100 ns, At safepoint: 434100 ns, Total: 599200 ns
[2026-08-03T13:50:30.370+0900][1860.532s][info ][safepoint      ] Safepoint "FindDeadlocks", Time since last: 76900 ns, Reaching safepoint: 59500 ns, At safepoint: 14400 ns, Total: 73900 ns
[2026-08-03T13:51:30.384+0900][1920.546s][info ][safepoint      ] Safepoint "PrintThreads", Time since last: 60013217700 ns, Reaching safepoint: 148900 ns, At safepoint: 436200 ns, Total: 585100 ns
[2026-08-03T13:51:30.384+0900][1920.546s][info ][safepoint      ] Safepoint "FindDeadlocks", Time since last: 75300 ns, Reaching safepoint: 52600 ns, At safepoint: 10800 ns, Total: 63400 ns
[2026-08-03T13:51:38.436+0900][1928.598s][info ][safepoint      ] Safepoint "Cleanup", Time since last: 8051189200 ns, Reaching safepoint: 144800 ns, At safepoint: 11200 ns, Total: 156000 ns
[2026-08-03T13:51:39.444+0900][1929.606s][info ][safepoint      ] Safepoint "Cleanup", Time since last: 1007834000 ns, Reaching safepoint: 126000 ns, At safepoint: 12700 ns, Total: 138700 ns
[2026-08-03T13:52:30.384+0900][1980.546s][info ][safepoint      ] Safepoint "PrintThreads", Time since last: 50939899200 ns, Reaching safepoint: 59100 ns, At safepoint: 404300 ns, Total: 463400 ns
[2026-08-03T13:52:30.384+0900][1980.546s][info ][safepoint      ] Safepoint "FindDeadlocks", Time since last: 68700 ns, Reaching safepoint: 54900 ns, At safepoint: 11100 ns, Total: 66000 ns
[2026-08-03T13:52:39.435+0900][1989.597s][info ][safepoint      ] Safepoint "Cleanup", Time since last: 9050381800 ns, Reaching safepoint: 140400 ns, At safepoint: 14000 ns, Total: 154400 ns
[2026-08-03T13:52:51.102+0900][2001.264s][info ][safepoint      ] Safepoint "ClassLoaderStatsOperation", Time since last: 11666417300 ns, Reaching safepoint: 97800 ns, At safepoint: 445600 ns, Total: 543400 ns
[2026-08-03T13:52:51.106+0900][2001.268s][info ][safepoint      ] Safepoint "JFRCheckpoint", Time since last: 2569600 ns, Reaching safepoint: 97300 ns, At safepoint: 1368700 ns, Total: 1466000 ns
[2026-08-03T13:52:51.109+0900][2001.271s][info ][safepoint      ] Safepoint "JFROldObject", Time since last: 3576400 ns, Reaching safepoint: 106800 ns, At safepoint: 73600 ns, Total: 180400 ns
[2026-08-03T13:52:51.173+0900][2001.334s][info ][gc,heap,exit   ] Heap
[2026-08-03T13:52:51.173+0900][2001.334s][info ][gc,heap,exit   ]  garbage-first heap   total 20709376K, used 6231166K [0x0000019af8000000, 0x000001d1f8000000)
[2026-08-03T13:52:51.173+0900][2001.334s][info ][gc,heap,exit   ]   region size 32768K, 72 young (2359296K), 16 survivors (524288K)
[2026-08-03T13:52:51.173+0900][2001.334s][info ][gc,heap,exit   ]  Metaspace       used 12705K, committed 13184K, reserved 1114112K
[2026-08-03T13:52:51.173+0900][2001.334s][info ][gc,heap,exit   ]   class space    used 1167K, committed 1408K, reserved 1048576K
