[2026-08-03T16:38:06.517+0900][0.007s][info][gc,init] CardTable entry size: 512
[2026-08-03T16:38:06.517+0900][0.007s][debug][gc,heap] Minimum heap 33554432  Initial heap 2147483648  Maximum heap 236223201280
[2026-08-03T16:38:06.517+0900][0.007s][info ][gc     ] Using G1
[2026-08-03T16:38:06.524+0900][0.014s][info ][gc,init] Version: 18.0.1.1+2-6 (release)
[2026-08-03T16:38:06.524+0900][0.014s][info ][gc,init] CPUs: 24 total, 24 available
[2026-08-03T16:38:06.524+0900][0.014s][info ][gc,init] Memory: 255G
[2026-08-03T16:38:06.524+0900][0.014s][info ][gc,init] Large Page Support: Disabled
[2026-08-03T16:38:06.524+0900][0.014s][info ][gc,init] NUMA Support: Disabled
[2026-08-03T16:38:06.524+0900][0.014s][info ][gc,init] Compressed Oops: Disabled
[2026-08-03T16:38:06.524+0900][0.014s][info ][gc,init] Heap Region Size: 32M
[2026-08-03T16:38:06.524+0900][0.014s][info ][gc,init] Heap Min Capacity: 32M
[2026-08-03T16:38:06.524+0900][0.014s][info ][gc,init] Heap Initial Capacity: 2G
[2026-08-03T16:38:06.524+0900][0.014s][info ][gc,init] Heap Max Capacity: 220G
[2026-08-03T16:38:06.524+0900][0.014s][info ][gc,init] Pre-touch: Disabled
[2026-08-03T16:38:06.524+0900][0.014s][info ][gc,init] Parallel Workers: 18
[2026-08-03T16:38:06.524+0900][0.014s][info ][gc,init] Concurrent Workers: 5
[2026-08-03T16:38:06.524+0900][0.014s][info ][gc,init] Concurrent Refinement Workers: 18
[2026-08-03T16:38:06.524+0900][0.014s][info ][gc,init] Periodic GC: Disabled
[2026-08-03T16:38:06.524+0900][0.015s][info ][gc,metaspace] CDS archive(s) mapped at: [0x0000000800000000-0x0000000800ba0000-0x0000000800ba0000), size 12189696, SharedBaseAddress: 0x0000000800000000, ArchiveRelocationMode: 0.
[2026-08-03T16:38:06.524+0900][0.015s][info ][gc,metaspace] Compressed class space mapped at: 0x0000000800c00000-0x0000000840c00000, reserved size: 1073741824
[2026-08-03T16:38:06.524+0900][0.015s][info ][gc,metaspace] Narrow klass base: 0x0000000800000000, Narrow klass shift: 0, Narrow klass range: 0x100000000
[2026-08-03T16:38:06.765+0900][0.255s][info ][safepoint   ] Safepoint "ICBufferFull", Time since last: 235639900 ns, Reaching safepoint: 99000 ns, At safepoint: 6900 ns, Total: 105900 ns
[2026-08-03T16:38:06.806+0900][0.296s][info ][safepoint   ] Safepoint "RedefineClasses", Time since last: 35330800 ns, Reaching safepoint: 103100 ns, At safepoint: 4987200 ns, Total: 5090300 ns
[2026-08-03T16:38:06.844+0900][0.333s][info ][safepoint   ] Safepoint "ICBufferFull", Time since last: 37535100 ns, Reaching safepoint: 126900 ns, At safepoint: 13400 ns, Total: 140300 ns
[2026-08-03T16:38:06.857+0900][0.347s][info ][safepoint   ] Safepoint "JFRCheckpoint", Time since last: 13302800 ns, Reaching safepoint: 231900 ns, At safepoint: 18800 ns, Total: 250700 ns
[2026-08-03T16:38:06.862+0900][0.352s][info ][safepoint   ] Safepoint "JFROldObject", Time since last: 4818600 ns, Reaching safepoint: 57900 ns, At safepoint: 25300 ns, Total: 83200 ns
[2026-08-03T16:38:06.867+0900][0.357s][info ][safepoint   ] Safepoint "ClassLoaderStatsOperation", Time since last: 4949600 ns, Reaching safepoint: 46400 ns, At safepoint: 312400 ns, Total: 358800 ns
[2026-08-03T16:38:06.898+0900][0.388s][info ][gc,start    ] GC(0) Pause Full (System.gc())
[2026-08-03T16:38:06.898+0900][0.388s][debug][gc,heap     ] GC(0) Heap before GC invocations=0 (full 0):
[2026-08-03T16:38:06.898+0900][0.388s][debug][gc,heap     ] GC(0)  garbage-first heap   total 2097152K, used 32768K [0x000001b144000000, 0x000001e844000000)
[2026-08-03T16:38:06.898+0900][0.388s][debug][gc,heap     ] GC(0)   region size 32768K, 2 young (65536K), 0 survivors (0K)
[2026-08-03T16:38:06.898+0900][0.388s][debug][gc,heap     ] GC(0)  Metaspace       used 3803K, committed 3904K, reserved 1114112K
[2026-08-03T16:38:06.898+0900][0.388s][debug][gc,heap     ] GC(0)   class space    used 339K, committed 384K, reserved 1048576K
[2026-08-03T16:38:06.898+0900][0.388s][info ][gc,task     ] GC(0) Using 2 workers of 18 for full compaction
[2026-08-03T16:38:06.898+0900][0.388s][info ][gc,phases,start] GC(0) Phase 1: Mark live objects
[2026-08-03T16:38:06.902+0900][0.392s][info ][gc,phases      ] GC(0) Phase 1: Mark live objects 3.578ms
[2026-08-03T16:38:06.902+0900][0.392s][info ][gc,phases,start] GC(0) Phase 2: Prepare for compaction
[2026-08-03T16:38:06.904+0900][0.394s][info ][gc,phases      ] GC(0) Phase 2: Prepare for compaction 2.756ms
[2026-08-03T16:38:06.904+0900][0.394s][info ][gc,phases,start] GC(0) Phase 3: Adjust pointers
[2026-08-03T16:38:06.907+0900][0.397s][info ][gc,phases      ] GC(0) Phase 3: Adjust pointers 2.395ms
[2026-08-03T16:38:06.907+0900][0.397s][info ][gc,phases,start] GC(0) Phase 4: Compact heap
[2026-08-03T16:38:06.910+0900][0.401s][info ][gc,phases      ] GC(0) Phase 4: Compact heap 3.859ms
[2026-08-03T16:38:06.915+0900][0.406s][debug][gc,heap        ] GC(0) Uncommittable regions after shrink: 57
[2026-08-03T16:38:06.916+0900][0.406s][info ][gc,heap        ] GC(0) Eden regions: 2->0(1)
[2026-08-03T16:38:06.916+0900][0.406s][info ][gc,heap        ] GC(0) Survivor regions: 0->0(0)
[2026-08-03T16:38:06.916+0900][0.406s][info ][gc,heap        ] GC(0) Old regions: 0->2
[2026-08-03T16:38:06.916+0900][0.406s][info ][gc,heap        ] GC(0) Archive regions: 0->0
[2026-08-03T16:38:06.916+0900][0.407s][info ][gc,heap        ] GC(0) Humongous regions: 0->0
[2026-08-03T16:38:06.916+0900][0.407s][info ][gc,metaspace   ] GC(0) Metaspace: 3803K(3904K)->3803K(3904K) NonClass: 3464K(3520K)->3464K(3520K) Class: 339K(384K)->339K(384K)
[2026-08-03T16:38:06.916+0900][0.407s][debug][gc,heap        ] GC(0) Heap after GC invocations=1 (full 1):
[2026-08-03T16:38:06.916+0900][0.407s][debug][gc,heap        ] GC(0)  garbage-first heap   total 229376K, used 8472K [0x000001b144000000, 0x000001e844000000)
[2026-08-03T16:38:06.916+0900][0.407s][debug][gc,heap        ] GC(0)   region size 32768K, 0 young (0K), 0 survivors (0K)
[2026-08-03T16:38:06.916+0900][0.407s][debug][gc,heap        ] GC(0)  Metaspace       used 3803K, committed 3904K, reserved 1114112K
[2026-08-03T16:38:06.916+0900][0.407s][debug][gc,heap        ] GC(0)   class space    used 339K, committed 384K, reserved 1048576K
[2026-08-03T16:38:06.916+0900][0.407s][info ][gc             ] GC(0) Pause Full (System.gc()) 43M->8M(224M) 19.050ms
[2026-08-03T16:38:06.916+0900][0.407s][info ][gc,cpu         ] GC(0) User=0.02s Sys=0.00s Real=0.02s
[2026-08-03T16:38:06.916+0900][0.407s][info ][safepoint      ] Safepoint "G1CollectFull", Time since last: 30439500 ns, Reaching safepoint: 25200 ns, At safepoint: 19147400 ns, Total: 19172600 ns
[2026-08-03T16:38:07.134+0900][0.624s][debug][gc,heap        ] Concurrent Uncommit Summary: 1824M, 57 regions, 16.904ms
[2026-08-03T16:38:07.199+0900][0.690s][info ][gc,start       ] GC(1) Pause Full (System.gc())
[2026-08-03T16:38:07.199+0900][0.690s][debug][gc,heap        ] GC(1) Heap before GC invocations=1 (full 1):
[2026-08-03T16:38:07.199+0900][0.690s][debug][gc,heap        ] GC(1)  garbage-first heap   total 229376K, used 8472K [0x000001b144000000, 0x000001e844000000)
[2026-08-03T16:38:07.199+0900][0.690s][debug][gc,heap        ] GC(1)   region size 32768K, 1 young (32768K), 0 survivors (0K)
[2026-08-03T16:38:07.199+0900][0.690s][debug][gc,heap        ] GC(1)  Metaspace       used 8890K, committed 9152K, reserved 1114112K
[2026-08-03T16:38:07.199+0900][0.690s][debug][gc,heap        ] GC(1)   class space    used 830K, committed 960K, reserved 1048576K
[2026-08-03T16:38:07.199+0900][0.690s][info ][gc,task        ] GC(1) Using 1 workers of 18 for full compaction
[2026-08-03T16:38:07.199+0900][0.690s][info ][gc,phases,start] GC(1) Phase 1: Mark live objects
[2026-08-03T16:38:07.211+0900][0.700s][info ][gc,phases      ] GC(1) Phase 1: Mark live objects 10.576ms
[2026-08-03T16:38:07.211+0900][0.700s][info ][gc,phases,start] GC(1) Phase 2: Prepare for compaction
[2026-08-03T16:38:07.213+0900][0.703s][info ][gc,phases      ] GC(1) Phase 2: Prepare for compaction 2.414ms
[2026-08-03T16:38:07.213+0900][0.703s][info ][gc,phases,start] GC(1) Phase 3: Adjust pointers
[2026-08-03T16:38:07.218+0900][0.708s][info ][gc,phases      ] GC(1) Phase 3: Adjust pointers 4.932ms
[2026-08-03T16:38:07.218+0900][0.708s][info ][gc,phases,start] GC(1) Phase 4: Compact heap
[2026-08-03T16:38:07.223+0900][0.713s][info ][gc,phases      ] GC(1) Phase 4: Compact heap 5.325ms
[2026-08-03T16:38:07.225+0900][0.714s][debug][gc,heap        ] GC(1) Uncommittable regions after shrink: 3
[2026-08-03T16:38:07.226+0900][0.716s][info ][gc,heap        ] GC(1) Eden regions: 1->0(1)
[2026-08-03T16:38:07.226+0900][0.716s][info ][gc,heap        ] GC(1) Survivor regions: 0->0(0)
[2026-08-03T16:38:07.226+0900][0.716s][info ][gc,heap        ] GC(1) Old regions: 2->1
[2026-08-03T16:38:07.226+0900][0.716s][info ][gc,heap        ] GC(1) Archive regions: 0->0
[2026-08-03T16:38:07.226+0900][0.716s][info ][gc,heap        ] GC(1) Humongous regions: 0->0
[2026-08-03T16:38:07.226+0900][0.716s][info ][gc,metaspace   ] GC(1) Metaspace: 8890K(9152K)->8890K(9152K) NonClass: 8059K(8192K)->8059K(8192K) Class: 830K(960K)->830K(960K)
[2026-08-03T16:38:07.226+0900][0.716s][debug][gc,heap        ] GC(1) Heap after GC invocations=2 (full 2):
[2026-08-03T16:38:07.226+0900][0.716s][debug][gc,heap        ] GC(1)  garbage-first heap   total 131072K, used 11701K [0x000001b144000000, 0x000001e844000000)
[2026-08-03T16:38:07.226+0900][0.716s][debug][gc,heap        ] GC(1)   region size 32768K, 0 young (0K), 0 survivors (0K)
[2026-08-03T16:38:07.226+0900][0.716s][debug][gc,heap        ] GC(1)  Metaspace       used 8890K, committed 9152K, reserved 1114112K
[2026-08-03T16:38:07.226+0900][0.716s][debug][gc,heap        ] GC(1)   class space    used 830K, committed 960K, reserved 1048576K
[2026-08-03T16:38:07.226+0900][0.716s][info ][gc             ] GC(1) Pause Full (System.gc()) 26M->11M(128M) 26.031ms
[2026-08-03T16:38:07.226+0900][0.716s][info ][gc,cpu         ] GC(1) User=0.03s Sys=0.00s Real=0.03s
[2026-08-03T16:38:07.226+0900][0.716s][info ][safepoint      ] Safepoint "G1CollectFull", Time since last: 282838800 ns, Reaching safepoint: 98500 ns, At safepoint: 26140600 ns, Total: 26239100 ns
[2026-08-03T16:38:07.311+0900][0.801s][info ][gc,start       ] GC(2) Pause Full (System.gc())
[2026-08-03T16:38:07.311+0900][0.801s][debug][gc,heap        ] GC(2) Heap before GC invocations=2 (full 2):
[2026-08-03T16:38:07.311+0900][0.801s][debug][gc,heap        ] GC(2)  garbage-first heap   total 131072K, used 11701K [0x000001b144000000, 0x000001e844000000)
[2026-08-03T16:38:07.311+0900][0.801s][debug][gc,heap        ] GC(2)   region size 32768K, 1 young (32768K), 0 survivors (0K)
[2026-08-03T16:38:07.311+0900][0.801s][debug][gc,heap        ] GC(2)  Metaspace       used 9254K, committed 9536K, reserved 1114112K
[2026-08-03T16:38:07.311+0900][0.801s][debug][gc,heap        ] GC(2)   class space    used 875K, committed 1024K, reserved 1048576K
[2026-08-03T16:38:07.311+0900][0.801s][info ][gc,task        ] GC(2) Using 1 workers of 18 for full compaction
[2026-08-03T16:38:07.311+0900][0.801s][info ][gc,phases,start] GC(2) Phase 1: Mark live objects
[2026-08-03T16:38:07.331+0900][0.821s][info ][gc,phases      ] GC(2) Phase 1: Mark live objects 20.148ms
[2026-08-03T16:38:07.331+0900][0.821s][info ][gc,phases,start] GC(2) Phase 2: Prepare for compaction
[2026-08-03T16:38:07.336+0900][0.826s][info ][gc,phases      ] GC(2) Phase 2: Prepare for compaction 4.946ms
[2026-08-03T16:38:07.336+0900][0.826s][info ][gc,phases,start] GC(2) Phase 3: Adjust pointers
[2026-08-03T16:38:07.346+0900][0.836s][info ][gc,phases      ] GC(2) Phase 3: Adjust pointers 9.679ms
[2026-08-03T16:38:07.346+0900][0.836s][info ][gc,phases,start] GC(2) Phase 4: Compact heap
[2026-08-03T16:38:07.351+0900][0.841s][info ][gc,phases      ] GC(2) Phase 4: Compact heap 5.383ms
[2026-08-03T16:38:07.352+0900][0.843s][info ][gc,heap        ] GC(2) Eden regions: 1->0(1)
[2026-08-03T16:38:07.353+0900][0.843s][info ][gc,heap        ] GC(2) Survivor regions: 0->0(0)
[2026-08-03T16:38:07.353+0900][0.843s][info ][gc,heap        ] GC(2) Old regions: 1->1
[2026-08-03T16:38:07.353+0900][0.843s][info ][gc,heap        ] GC(2) Archive regions: 0->0
[2026-08-03T16:38:07.353+0900][0.843s][info ][gc,heap        ] GC(2) Humongous regions: 0->0
[2026-08-03T16:38:07.353+0900][0.843s][info ][gc,metaspace   ] GC(2) Metaspace: 9254K(9536K)->9254K(9536K) NonClass: 8379K(8512K)->8379K(8512K) Class: 875K(1024K)->875K(1024K)
[2026-08-03T16:38:07.353+0900][0.843s][debug][gc,heap        ] GC(2) Heap after GC invocations=3 (full 3):
[2026-08-03T16:38:07.353+0900][0.843s][debug][gc,heap        ] GC(2)  garbage-first heap   total 131072K, used 17841K [0x000001b144000000, 0x000001e844000000)
[2026-08-03T16:38:07.353+0900][0.843s][debug][gc,heap        ] GC(2)   region size 32768K, 0 young (0K), 0 survivors (0K)
[2026-08-03T16:38:07.353+0900][0.843s][debug][gc,heap        ] GC(2)  Metaspace       used 9254K, committed 9536K, reserved 1114112K
[2026-08-03T16:38:07.353+0900][0.843s][debug][gc,heap        ] GC(2)   class space    used 875K, committed 1024K, reserved 1048576K
[2026-08-03T16:38:07.353+0900][0.843s][info ][gc             ] GC(2) Pause Full (System.gc()) 30M->17M(128M) 42.393ms
[2026-08-03T16:38:07.353+0900][0.843s][info ][gc,cpu         ] GC(2) User=0.08s Sys=0.00s Real=0.04s
[2026-08-03T16:38:07.353+0900][0.843s][info ][safepoint      ] Safepoint "G1CollectFull", Time since last: 85035500 ns, Reaching safepoint: 51000 ns, At safepoint: 42458000 ns, Total: 42509000 ns
[2026-08-03T16:38:07.355+0900][0.845s][debug][gc,heap        ] Concurrent Uncommit Summary: 98304K, 3 regions, 1.919ms
[2026-08-03T16:38:07.370+0900][0.860s][info ][gc,start       ] GC(3) Pause Full (System.gc())
[2026-08-03T16:38:07.370+0900][0.860s][debug][gc,heap        ] GC(3) Heap before GC invocations=3 (full 3):
[2026-08-03T16:38:07.370+0900][0.860s][debug][gc,heap        ] GC(3)  garbage-first heap   total 131072K, used 17841K [0x000001b144000000, 0x000001e844000000)
[2026-08-03T16:38:07.370+0900][0.860s][debug][gc,heap        ] GC(3)   region size 32768K, 1 young (32768K), 0 survivors (0K)
[2026-08-03T16:38:07.370+0900][0.860s][debug][gc,heap        ] GC(3)  Metaspace       used 9429K, committed 9728K, reserved 1114112K
[2026-08-03T16:38:07.370+0900][0.860s][debug][gc,heap        ] GC(3)   class space    used 895K, committed 1024K, reserved 1048576K
[2026-08-03T16:38:07.370+0900][0.860s][info ][gc,task        ] GC(3) Using 1 workers of 18 for full compaction
[2026-08-03T16:38:07.370+0900][0.860s][info ][gc,phases,start] GC(3) Phase 1: Mark live objects
[2026-08-03T16:38:07.386+0900][0.876s][info ][gc,phases      ] GC(3) Phase 1: Mark live objects 15.990ms
[2026-08-03T16:38:07.386+0900][0.876s][info ][gc,phases,start] GC(3) Phase 2: Prepare for compaction
[2026-08-03T16:38:07.389+0900][0.879s][info ][gc,phases      ] GC(3) Phase 2: Prepare for compaction 2.877ms
[2026-08-03T16:38:07.389+0900][0.879s][info ][gc,phases,start] GC(3) Phase 3: Adjust pointers
[2026-08-03T16:38:07.396+0900][0.885s][info ][gc,phases      ] GC(3) Phase 3: Adjust pointers 6.393ms
[2026-08-03T16:38:07.396+0900][0.886s][info ][gc,phases,start] GC(3) Phase 4: Compact heap
[2026-08-03T16:38:07.398+0900][0.888s][info ][gc,phases      ] GC(3) Phase 4: Compact heap 2.446ms
[2026-08-03T16:38:07.400+0900][0.890s][info ][gc,heap        ] GC(3) Eden regions: 1->0(1)
[2026-08-03T16:38:07.400+0900][0.890s][info ][gc,heap        ] GC(3) Survivor regions: 0->0(0)
[2026-08-03T16:38:07.400+0900][0.890s][info ][gc,heap        ] GC(3) Old regions: 1->1
[2026-08-03T16:38:07.400+0900][0.890s][info ][gc,heap        ] GC(3) Archive regions: 0->0
[2026-08-03T16:38:07.400+0900][0.890s][info ][gc,heap        ] GC(3) Humongous regions: 0->0
[2026-08-03T16:38:07.400+0900][0.890s][info ][gc,metaspace   ] GC(3) Metaspace: 9429K(9728K)->9429K(9728K) NonClass: 8534K(8704K)->8534K(8704K) Class: 895K(1024K)->895K(1024K)
[2026-08-03T16:38:07.400+0900][0.890s][debug][gc,heap        ] GC(3) Heap after GC invocations=4 (full 4):
[2026-08-03T16:38:07.400+0900][0.890s][debug][gc,heap        ] GC(3)  garbage-first heap   total 131072K, used 17890K [0x000001b144000000, 0x000001e844000000)
[2026-08-03T16:38:07.400+0900][0.890s][debug][gc,heap        ] GC(3)   region size 32768K, 0 young (0K), 0 survivors (0K)
[2026-08-03T16:38:07.400+0900][0.890s][debug][gc,heap        ] GC(3)  Metaspace       used 9429K, committed 9728K, reserved 1114112K
[2026-08-03T16:38:07.400+0900][0.890s][debug][gc,heap        ] GC(3)   class space    used 895K, committed 1024K, reserved 1048576K
[2026-08-03T16:38:07.400+0900][0.890s][info ][gc             ] GC(3) Pause Full (System.gc()) 19M->17M(128M) 29.764ms
[2026-08-03T16:38:07.400+0900][0.890s][info ][gc,cpu         ] GC(3) User=0.03s Sys=0.00s Real=0.03s
[2026-08-03T16:38:07.400+0900][0.890s][info ][safepoint      ] Safepoint "G1CollectFull", Time since last: 16624600 ns, Reaching safepoint: 35100 ns, At safepoint: 29886900 ns, Total: 29922000 ns
[2026-08-03T16:38:07.404+0900][0.893s][info ][gc,start       ] GC(4) Pause Full (System.gc())
[2026-08-03T16:38:07.404+0900][0.893s][debug][gc,heap        ] GC(4) Heap before GC invocations=4 (full 4):
[2026-08-03T16:38:07.404+0900][0.893s][debug][gc,heap        ] GC(4)  garbage-first heap   total 131072K, used 17890K [0x000001b144000000, 0x000001e844000000)
[2026-08-03T16:38:07.404+0900][0.893s][debug][gc,heap        ] GC(4)   region size 32768K, 1 young (32768K), 0 survivors (0K)
[2026-08-03T16:38:07.404+0900][0.893s][debug][gc,heap        ] GC(4)  Metaspace       used 9443K, committed 9728K, reserved 1114112K
[2026-08-03T16:38:07.404+0900][0.893s][debug][gc,heap        ] GC(4)   class space    used 895K, committed 1024K, reserved 1048576K
[2026-08-03T16:38:07.404+0900][0.893s][info ][gc,task        ] GC(4) Using 1 workers of 18 for full compaction
[2026-08-03T16:38:07.404+0900][0.893s][info ][gc,phases,start] GC(4) Phase 1: Mark live objects
[2026-08-03T16:38:07.418+0900][0.908s][info ][gc,phases      ] GC(4) Phase 1: Mark live objects 15.064ms
[2026-08-03T16:38:07.418+0900][0.909s][info ][gc,phases,start] GC(4) Phase 2: Prepare for compaction
[2026-08-03T16:38:07.421+0900][0.911s][info ][gc,phases      ] GC(4) Phase 2: Prepare for compaction 2.956ms
[2026-08-03T16:38:07.421+0900][0.912s][info ][gc,phases,start] GC(4) Phase 3: Adjust pointers
[2026-08-03T16:38:07.429+0900][0.919s][info ][gc,phases      ] GC(4) Phase 3: Adjust pointers 7.107ms
[2026-08-03T16:38:07.429+0900][0.919s][info ][gc,phases,start] GC(4) Phase 4: Compact heap
[2026-08-03T16:38:07.431+0900][0.921s][info ][gc,phases      ] GC(4) Phase 4: Compact heap 2.402ms
[2026-08-03T16:38:07.434+0900][0.923s][info ][gc,heap        ] GC(4) Eden regions: 1->0(1)
[2026-08-03T16:38:07.434+0900][0.923s][info ][gc,heap        ] GC(4) Survivor regions: 0->0(0)
[2026-08-03T16:38:07.434+0900][0.923s][info ][gc,heap        ] GC(4) Old regions: 1->1
[2026-08-03T16:38:07.434+0900][0.923s][info ][gc,heap        ] GC(4) Archive regions: 0->0
[2026-08-03T16:38:07.434+0900][0.923s][info ][gc,heap        ] GC(4) Humongous regions: 0->0
[2026-08-03T16:38:07.434+0900][0.923s][info ][gc,metaspace   ] GC(4) Metaspace: 9443K(9728K)->9443K(9728K) NonClass: 8547K(8704K)->8547K(8704K) Class: 895K(1024K)->895K(1024K)
[2026-08-03T16:38:07.434+0900][0.923s][debug][gc,heap        ] GC(4) Heap after GC invocations=5 (full 5):
[2026-08-03T16:38:07.434+0900][0.923s][debug][gc,heap        ] GC(4)  garbage-first heap   total 131072K, used 17898K [0x000001b144000000, 0x000001e844000000)
[2026-08-03T16:38:07.434+0900][0.923s][debug][gc,heap        ] GC(4)   region size 32768K, 0 young (0K), 0 survivors (0K)
[2026-08-03T16:38:07.434+0900][0.923s][debug][gc,heap        ] GC(4)  Metaspace       used 9443K, committed 9728K, reserved 1114112K
[2026-08-03T16:38:07.434+0900][0.923s][debug][gc,heap        ] GC(4)   class space    used 895K, committed 1024K, reserved 1048576K
[2026-08-03T16:38:07.434+0900][0.924s][info ][gc             ] GC(4) Pause Full (System.gc()) 18M->17M(128M) 30.255ms
[2026-08-03T16:38:07.434+0900][0.924s][info ][gc,cpu         ] GC(4) User=0.03s Sys=0.00s Real=0.03s
[2026-08-03T16:38:07.434+0900][0.924s][info ][safepoint      ] Safepoint "G1CollectFull", Time since last: 3372900 ns, Reaching safepoint: 28000 ns, At safepoint: 30371700 ns, Total: 30399700 ns
[2026-08-03T16:38:07.436+0900][0.927s][info ][gc,start       ] GC(5) Pause Full (System.gc())
[2026-08-03T16:38:07.436+0900][0.927s][debug][gc,heap        ] GC(5) Heap before GC invocations=5 (full 5):
[2026-08-03T16:38:07.436+0900][0.927s][debug][gc,heap        ] GC(5)  garbage-first heap   total 131072K, used 17898K [0x000001b144000000, 0x000001e844000000)
[2026-08-03T16:38:07.436+0900][0.927s][debug][gc,heap        ] GC(5)   region size 32768K, 1 young (32768K), 0 survivors (0K)
[2026-08-03T16:38:07.436+0900][0.927s][debug][gc,heap        ] GC(5)  Metaspace       used 9453K, committed 9728K, reserved 1114112K
[2026-08-03T16:38:07.436+0900][0.927s][debug][gc,heap        ] GC(5)   class space    used 895K, committed 1024K, reserved 1048576K
[2026-08-03T16:38:07.436+0900][0.927s][info ][gc,task        ] GC(5) Using 1 workers of 18 for full compaction
[2026-08-03T16:38:07.436+0900][0.927s][info ][gc,phases,start] GC(5) Phase 1: Mark live objects
[2026-08-03T16:38:07.450+0900][0.940s][info ][gc,phases      ] GC(5) Phase 1: Mark live objects 13.678ms
[2026-08-03T16:38:07.451+0900][0.940s][info ][gc,phases,start] GC(5) Phase 2: Prepare for compaction
[2026-08-03T16:38:07.453+0900][0.943s][info ][gc,phases      ] GC(5) Phase 2: Prepare for compaction 2.875ms
[2026-08-03T16:38:07.453+0900][0.943s][info ][gc,phases,start] GC(5) Phase 3: Adjust pointers
[2026-08-03T16:38:07.461+0900][0.951s][info ][gc,phases      ] GC(5) Phase 3: Adjust pointers 7.546ms
[2026-08-03T16:38:07.461+0900][0.951s][info ][gc,phases,start] GC(5) Phase 4: Compact heap
[2026-08-03T16:38:07.463+0900][0.953s][info ][gc,phases      ] GC(5) Phase 4: Compact heap 2.470ms
[2026-08-03T16:38:07.465+0900][0.955s][info ][gc,heap        ] GC(5) Eden regions: 1->0(1)
[2026-08-03T16:38:07.465+0900][0.955s][info ][gc,heap        ] GC(5) Survivor regions: 0->0(0)
[2026-08-03T16:38:07.465+0900][0.955s][info ][gc,heap        ] GC(5) Old regions: 1->1
[2026-08-03T16:38:07.465+0900][0.955s][info ][gc,heap        ] GC(5) Archive regions: 0->0
[2026-08-03T16:38:07.465+0900][0.955s][info ][gc,heap        ] GC(5) Humongous regions: 0->0
[2026-08-03T16:38:07.465+0900][0.955s][info ][gc,metaspace   ] GC(5) Metaspace: 9453K(9728K)->9453K(9728K) NonClass: 8557K(8704K)->8557K(8704K) Class: 895K(1024K)->895K(1024K)
[2026-08-03T16:38:07.465+0900][0.955s][debug][gc,heap        ] GC(5) Heap after GC invocations=6 (full 6):
[2026-08-03T16:38:07.465+0900][0.955s][debug][gc,heap        ] GC(5)  garbage-first heap   total 131072K, used 17906K [0x000001b144000000, 0x000001e844000000)
[2026-08-03T16:38:07.465+0900][0.955s][debug][gc,heap        ] GC(5)   region size 32768K, 0 young (0K), 0 survivors (0K)
[2026-08-03T16:38:07.465+0900][0.955s][debug][gc,heap        ] GC(5)  Metaspace       used 9453K, committed 9728K, reserved 1114112K
[2026-08-03T16:38:07.465+0900][0.955s][debug][gc,heap        ] GC(5)   class space    used 895K, committed 1024K, reserved 1048576K
[2026-08-03T16:38:07.465+0900][0.955s][info ][gc             ] GC(5) Pause Full (System.gc()) 18M->17M(128M) 28.708ms
[2026-08-03T16:38:07.465+0900][0.955s][info ][gc,cpu         ] GC(5) User=0.03s Sys=0.00s Real=0.03s
[2026-08-03T16:38:07.465+0900][0.955s][info ][safepoint      ] Safepoint "G1CollectFull", Time since last: 2857500 ns, Reaching safepoint: 25300 ns, At safepoint: 28835700 ns, Total: 28861000 ns
[2026-08-03T16:38:07.468+0900][0.958s][info ][gc,start       ] GC(6) Pause Full (System.gc())
[2026-08-03T16:38:07.468+0900][0.958s][debug][gc,heap        ] GC(6) Heap before GC invocations=6 (full 6):
[2026-08-03T16:38:07.468+0900][0.958s][debug][gc,heap        ] GC(6)  garbage-first heap   total 131072K, used 17906K [0x000001b144000000, 0x000001e844000000)
[2026-08-03T16:38:07.468+0900][0.958s][debug][gc,heap        ] GC(6)   region size 32768K, 1 young (32768K), 0 survivors (0K)
[2026-08-03T16:38:07.468+0900][0.958s][debug][gc,heap        ] GC(6)  Metaspace       used 9475K, committed 9792K, reserved 1114112K
[2026-08-03T16:38:07.468+0900][0.958s][debug][gc,heap        ] GC(6)   class space    used 895K, committed 1024K, reserved 1048576K
[2026-08-03T16:38:07.468+0900][0.958s][info ][gc,task        ] GC(6) Using 1 workers of 18 for full compaction
[2026-08-03T16:38:07.468+0900][0.958s][info ][gc,phases,start] GC(6) Phase 1: Mark live objects
[2026-08-03T16:38:07.482+0900][0.972s][info ][gc,phases      ] GC(6) Phase 1: Mark live objects 14.046ms
[2026-08-03T16:38:07.482+0900][0.972s][info ][gc,phases,start] GC(6) Phase 2: Prepare for compaction
[2026-08-03T16:38:07.485+0900][0.975s][info ][gc,phases      ] GC(6) Phase 2: Prepare for compaction 2.778ms
[2026-08-03T16:38:07.485+0900][0.975s][info ][gc,phases,start] GC(6) Phase 3: Adjust pointers
[2026-08-03T16:38:07.491+0900][0.982s][info ][gc,phases      ] GC(6) Phase 3: Adjust pointers 6.677ms
[2026-08-03T16:38:07.491+0900][0.982s][info ][gc,phases,start] GC(6) Phase 4: Compact heap
[2026-08-03T16:38:07.494+0900][0.984s][info ][gc,phases      ] GC(6) Phase 4: Compact heap 2.299ms
[2026-08-03T16:38:07.496+0900][0.986s][info ][gc,heap        ] GC(6) Eden regions: 1->0(1)
[2026-08-03T16:38:07.496+0900][0.986s][info ][gc,heap        ] GC(6) Survivor regions: 0->0(0)
[2026-08-03T16:38:07.496+0900][0.986s][info ][gc,heap        ] GC(6) Old regions: 1->1
[2026-08-03T16:38:07.496+0900][0.986s][info ][gc,heap        ] GC(6) Archive regions: 0->0
[2026-08-03T16:38:07.496+0900][0.986s][info ][gc,heap        ] GC(6) Humongous regions: 0->0
[2026-08-03T16:38:07.496+0900][0.986s][info ][gc,metaspace   ] GC(6) Metaspace: 9475K(9792K)->9475K(9792K) NonClass: 8579K(8768K)->8579K(8768K) Class: 895K(1024K)->895K(1024K)
[2026-08-03T16:38:07.496+0900][0.986s][debug][gc,heap        ] GC(6) Heap after GC invocations=7 (full 7):
[2026-08-03T16:38:07.496+0900][0.986s][debug][gc,heap        ] GC(6)  garbage-first heap   total 131072K, used 17915K [0x000001b144000000, 0x000001e844000000)
[2026-08-03T16:38:07.496+0900][0.986s][debug][gc,heap        ] GC(6)   region size 32768K, 0 young (0K), 0 survivors (0K)
[2026-08-03T16:38:07.496+0900][0.986s][debug][gc,heap        ] GC(6)  Metaspace       used 9475K, committed 9792K, reserved 1114112K
[2026-08-03T16:38:07.496+0900][0.986s][debug][gc,heap        ] GC(6)   class space    used 895K, committed 1024K, reserved 1048576K
[2026-08-03T16:38:07.496+0900][0.986s][info ][gc             ] GC(6) Pause Full (System.gc()) 19M->17M(128M) 27.890ms
[2026-08-03T16:38:07.496+0900][0.986s][info ][gc,cpu         ] GC(6) User=0.02s Sys=0.00s Real=0.03s
[2026-08-03T16:38:07.496+0900][0.986s][info ][safepoint      ] Safepoint "G1CollectFull", Time since last: 2828900 ns, Reaching safepoint: 28200 ns, At safepoint: 28006800 ns, Total: 28035000 ns
[2026-08-03T16:38:07.499+0900][0.989s][info ][gc,start       ] GC(7) Pause Full (System.gc())
[2026-08-03T16:38:07.499+0900][0.990s][debug][gc,heap        ] GC(7) Heap before GC invocations=7 (full 7):
[2026-08-03T16:38:07.499+0900][0.990s][debug][gc,heap        ] GC(7)  garbage-first heap   total 131072K, used 17915K [0x000001b144000000, 0x000001e844000000)
[2026-08-03T16:38:07.499+0900][0.990s][debug][gc,heap        ] GC(7)   region size 32768K, 1 young (32768K), 0 survivors (0K)
[2026-08-03T16:38:07.499+0900][0.990s][debug][gc,heap        ] GC(7)  Metaspace       used 9487K, committed 9792K, reserved 1114112K
[2026-08-03T16:38:07.499+0900][0.990s][debug][gc,heap        ] GC(7)   class space    used 895K, committed 1024K, reserved 1048576K
[2026-08-03T16:38:07.499+0900][0.990s][info ][gc,task        ] GC(7) Using 1 workers of 18 for full compaction
[2026-08-03T16:38:07.499+0900][0.990s][info ][gc,phases,start] GC(7) Phase 1: Mark live objects
[2026-08-03T16:38:07.513+0900][1.003s][info ][gc,phases      ] GC(7) Phase 1: Mark live objects 13.752ms
[2026-08-03T16:38:07.513+0900][1.003s][info ][gc,phases,start] GC(7) Phase 2: Prepare for compaction
[2026-08-03T16:38:07.516+0900][1.006s][info ][gc,phases      ] GC(7) Phase 2: Prepare for compaction 2.656ms
[2026-08-03T16:38:07.516+0900][1.006s][info ][gc,phases,start] GC(7) Phase 3: Adjust pointers
[2026-08-03T16:38:07.522+0900][1.012s][info ][gc,phases      ] GC(7) Phase 3: Adjust pointers 6.337ms
[2026-08-03T16:38:07.522+0900][1.013s][info ][gc,phases,start] GC(7) Phase 4: Compact heap
[2026-08-03T16:38:07.524+0900][1.015s][info ][gc,phases      ] GC(7) Phase 4: Compact heap 2.133ms
[2026-08-03T16:38:07.526+0900][1.016s][info ][gc,heap        ] GC(7) Eden regions: 1->0(1)
[2026-08-03T16:38:07.527+0900][1.016s][info ][gc,heap        ] GC(7) Survivor regions: 0->0(0)
[2026-08-03T16:38:07.527+0900][1.016s][info ][gc,heap        ] GC(7) Old regions: 1->1
[2026-08-03T16:38:07.527+0900][1.016s][info ][gc,heap        ] GC(7) Archive regions: 0->0
[2026-08-03T16:38:07.527+0900][1.016s][info ][gc,heap        ] GC(7) Humongous regions: 0->0
[2026-08-03T16:38:07.527+0900][1.016s][info ][gc,metaspace   ] GC(7) Metaspace: 9487K(9792K)->9487K(9792K) NonClass: 8591K(8768K)->8591K(8768K) Class: 895K(1024K)->895K(1024K)
[2026-08-03T16:38:07.527+0900][1.016s][debug][gc,heap        ] GC(7) Heap after GC invocations=8 (full 8):
[2026-08-03T16:38:07.527+0900][1.016s][debug][gc,heap        ] GC(7)  garbage-first heap   total 131072K, used 17923K [0x000001b144000000, 0x000001e844000000)
[2026-08-03T16:38:07.527+0900][1.016s][debug][gc,heap        ] GC(7)   region size 32768K, 0 young (0K), 0 survivors (0K)
[2026-08-03T16:38:07.527+0900][1.016s][debug][gc,heap        ] GC(7)  Metaspace       used 9487K, committed 9792K, reserved 1114112K
[2026-08-03T16:38:07.527+0900][1.016s][debug][gc,heap        ] GC(7)   class space    used 895K, committed 1024K, reserved 1048576K
[2026-08-03T16:38:07.527+0900][1.016s][info ][gc             ] GC(7) Pause Full (System.gc()) 18M->17M(128M) 26.873ms
[2026-08-03T16:38:07.527+0900][1.016s][info ][gc,cpu         ] GC(7) User=0.02s Sys=0.02s Real=0.03s
[2026-08-03T16:38:07.527+0900][1.016s][info ][safepoint      ] Safepoint "G1CollectFull", Time since last: 3251700 ns, Reaching safepoint: 35300 ns, At safepoint: 26990100 ns, Total: 27025400 ns
[2026-08-03T16:38:07.529+0900][1.019s][info ][gc,start       ] GC(8) Pause Full (System.gc())
[2026-08-03T16:38:07.529+0900][1.019s][debug][gc,heap        ] GC(8) Heap before GC invocations=8 (full 8):
[2026-08-03T16:38:07.529+0900][1.019s][debug][gc,heap        ] GC(8)  garbage-first heap   total 131072K, used 17923K [0x000001b144000000, 0x000001e844000000)
[2026-08-03T16:38:07.529+0900][1.019s][debug][gc,heap        ] GC(8)   region size 32768K, 1 young (32768K), 0 survivors (0K)
[2026-08-03T16:38:07.529+0900][1.019s][debug][gc,heap        ] GC(8)  Metaspace       used 9499K, committed 9792K, reserved 1114112K
[2026-08-03T16:38:07.529+0900][1.019s][debug][gc,heap        ] GC(8)   class space    used 895K, committed 1024K, reserved 1048576K
[2026-08-03T16:38:07.529+0900][1.019s][info ][gc,task        ] GC(8) Using 1 workers of 18 for full compaction
[2026-08-03T16:38:07.529+0900][1.019s][info ][gc,phases,start] GC(8) Phase 1: Mark live objects
[2026-08-03T16:38:07.542+0900][1.032s][info ][gc,phases      ] GC(8) Phase 1: Mark live objects 13.237ms
[2026-08-03T16:38:07.542+0900][1.032s][info ][gc,phases,start] GC(8) Phase 2: Prepare for compaction
[2026-08-03T16:38:07.545+0900][1.035s][info ][gc,phases      ] GC(8) Phase 2: Prepare for compaction 2.903ms
[2026-08-03T16:38:07.545+0900][1.035s][info ][gc,phases,start] GC(8) Phase 3: Adjust pointers
[2026-08-03T16:38:07.552+0900][1.042s][info ][gc,phases      ] GC(8) Phase 3: Adjust pointers 7.473ms
[2026-08-03T16:38:07.552+0900][1.042s][info ][gc,phases,start] GC(8) Phase 4: Compact heap
[2026-08-03T16:38:07.555+0900][1.045s][info ][gc,phases      ] GC(8) Phase 4: Compact heap 2.450ms
[2026-08-03T16:38:07.557+0900][1.047s][info ][gc,heap        ] GC(8) Eden regions: 1->0(1)
[2026-08-03T16:38:07.557+0900][1.047s][info ][gc,heap        ] GC(8) Survivor regions: 0->0(0)
[2026-08-03T16:38:07.557+0900][1.047s][info ][gc,heap        ] GC(8) Old regions: 1->1
[2026-08-03T16:38:07.557+0900][1.047s][info ][gc,heap        ] GC(8) Archive regions: 0->0
[2026-08-03T16:38:07.557+0900][1.047s][info ][gc,heap        ] GC(8) Humongous regions: 0->0
[2026-08-03T16:38:07.557+0900][1.047s][info ][gc,metaspace   ] GC(8) Metaspace: 9499K(9792K)->9499K(9792K) NonClass: 8603K(8768K)->8603K(8768K) Class: 895K(1024K)->895K(1024K)
[2026-08-03T16:38:07.557+0900][1.047s][debug][gc,heap        ] GC(8) Heap after GC invocations=9 (full 9):
[2026-08-03T16:38:07.557+0900][1.047s][debug][gc,heap        ] GC(8)  garbage-first heap   total 131072K, used 17932K [0x000001b144000000, 0x000001e844000000)
[2026-08-03T16:38:07.557+0900][1.047s][debug][gc,heap        ] GC(8)   region size 32768K, 0 young (0K), 0 survivors (0K)
[2026-08-03T16:38:07.557+0900][1.047s][debug][gc,heap        ] GC(8)  Metaspace       used 9499K, committed 9792K, reserved 1114112K
[2026-08-03T16:38:07.557+0900][1.047s][debug][gc,heap        ] GC(8)   class space    used 895K, committed 1024K, reserved 1048576K
[2026-08-03T16:38:07.557+0900][1.047s][info ][gc             ] GC(8) Pause Full (System.gc()) 18M->17M(128M) 28.216ms
[2026-08-03T16:38:07.557+0900][1.047s][info ][gc,cpu         ] GC(8) User=0.03s Sys=0.00s Real=0.03s
[2026-08-03T16:38:07.557+0900][1.047s][info ][safepoint      ] Safepoint "G1CollectFull", Time since last: 1997300 ns, Reaching safepoint: 28700 ns, At safepoint: 28307700 ns, Total: 28336400 ns
[2026-08-03T16:38:07.559+0900][1.049s][info ][gc,start       ] GC(9) Pause Full (System.gc())
[2026-08-03T16:38:07.559+0900][1.049s][debug][gc,heap        ] GC(9) Heap before GC invocations=9 (full 9):
[2026-08-03T16:38:07.559+0900][1.049s][debug][gc,heap        ] GC(9)  garbage-first heap   total 131072K, used 17932K [0x000001b144000000, 0x000001e844000000)
[2026-08-03T16:38:07.559+0900][1.049s][debug][gc,heap        ] GC(9)   region size 32768K, 1 young (32768K), 0 survivors (0K)
[2026-08-03T16:38:07.559+0900][1.049s][debug][gc,heap        ] GC(9)  Metaspace       used 9516K, committed 9792K, reserved 1114112K
[2026-08-03T16:38:07.559+0900][1.050s][debug][gc,heap        ] GC(9)   class space    used 895K, committed 1024K, reserved 1048576K
[2026-08-03T16:38:07.559+0900][1.050s][info ][gc,task        ] GC(9) Using 1 workers of 18 for full compaction
[2026-08-03T16:38:07.559+0900][1.050s][info ][gc,phases,start] GC(9) Phase 1: Mark live objects
[2026-08-03T16:38:07.576+0900][1.066s][info ][gc,phases      ] GC(9) Phase 1: Mark live objects 16.603ms
[2026-08-03T16:38:07.576+0900][1.066s][info ][gc,phases,start] GC(9) Phase 2: Prepare for compaction
[2026-08-03T16:38:07.579+0900][1.069s][info ][gc,phases      ] GC(9) Phase 2: Prepare for compaction 2.950ms
[2026-08-03T16:38:07.579+0900][1.069s][info ][gc,phases,start] GC(9) Phase 3: Adjust pointers
[2026-08-03T16:38:07.587+0900][1.077s][info ][gc,phases      ] GC(9) Phase 3: Adjust pointers 7.443ms
[2026-08-03T16:38:07.587+0900][1.077s][info ][gc,phases,start] GC(9) Phase 4: Compact heap
[2026-08-03T16:38:07.589+0900][1.079s][info ][gc,phases      ] GC(9) Phase 4: Compact heap 2.737ms
[2026-08-03T16:38:07.591+0900][1.081s][info ][gc,heap        ] GC(9) Eden regions: 1->0(1)
[2026-08-03T16:38:07.591+0900][1.081s][info ][gc,heap        ] GC(9) Survivor regions: 0->0(0)
[2026-08-03T16:38:07.591+0900][1.081s][info ][gc,heap        ] GC(9) Old regions: 1->1
[2026-08-03T16:38:07.591+0900][1.081s][info ][gc,heap        ] GC(9) Archive regions: 0->0
[2026-08-03T16:38:07.591+0900][1.081s][info ][gc,heap        ] GC(9) Humongous regions: 0->0
[2026-08-03T16:38:07.591+0900][1.081s][info ][gc,metaspace   ] GC(9) Metaspace: 9516K(9792K)->9516K(9792K) NonClass: 8620K(8768K)->8620K(8768K) Class: 895K(1024K)->895K(1024K)
[2026-08-03T16:38:07.591+0900][1.081s][debug][gc,heap        ] GC(9) Heap after GC invocations=10 (full 10):
[2026-08-03T16:38:07.591+0900][1.081s][debug][gc,heap        ] GC(9)  garbage-first heap   total 131072K, used 17940K [0x000001b144000000, 0x000001e844000000)
[2026-08-03T16:38:07.591+0900][1.081s][debug][gc,heap        ] GC(9)   region size 32768K, 0 young (0K), 0 survivors (0K)
[2026-08-03T16:38:07.591+0900][1.081s][debug][gc,heap        ] GC(9)  Metaspace       used 9516K, committed 9792K, reserved 1114112K
[2026-08-03T16:38:07.591+0900][1.081s][debug][gc,heap        ] GC(9)   class space    used 895K, committed 1024K, reserved 1048576K
[2026-08-03T16:38:07.591+0900][1.081s][info ][gc             ] GC(9) Pause Full (System.gc()) 18M->17M(128M) 32.027ms
[2026-08-03T16:38:07.591+0900][1.081s][info ][gc,cpu         ] GC(9) User=0.03s Sys=0.00s Real=0.03s
[2026-08-03T16:38:07.592+0900][1.082s][info ][safepoint      ] Safepoint "G1CollectFull", Time since last: 2490700 ns, Reaching safepoint: 114600 ns, At safepoint: 32130800 ns, Total: 32245400 ns
[2026-08-03T16:38:07.594+0900][1.084s][info ][gc,start       ] GC(10) Pause Full (System.gc())
[2026-08-03T16:38:07.594+0900][1.084s][debug][gc,heap        ] GC(10) Heap before GC invocations=10 (full 10):
[2026-08-03T16:38:07.594+0900][1.084s][debug][gc,heap        ] GC(10)  garbage-first heap   total 131072K, used 17940K [0x000001b144000000, 0x000001e844000000)
[2026-08-03T16:38:07.594+0900][1.084s][debug][gc,heap        ] GC(10)   region size 32768K, 1 young (32768K), 0 survivors (0K)
[2026-08-03T16:38:07.594+0900][1.084s][debug][gc,heap        ] GC(10)  Metaspace       used 9517K, committed 9792K, reserved 1114112K
[2026-08-03T16:38:07.594+0900][1.084s][debug][gc,heap        ] GC(10)   class space    used 895K, committed 1024K, reserved 1048576K
[2026-08-03T16:38:07.594+0900][1.084s][info ][gc,task        ] GC(10) Using 1 workers of 18 for full compaction
[2026-08-03T16:38:07.594+0900][1.084s][info ][gc,phases,start] GC(10) Phase 1: Mark live objects
[2026-08-03T16:38:07.610+0900][1.100s][info ][gc,phases      ] GC(10) Phase 1: Mark live objects 15.833ms
[2026-08-03T16:38:07.610+0900][1.100s][info ][gc,phases,start] GC(10) Phase 2: Prepare for compaction
[2026-08-03T16:38:07.613+0900][1.103s][info ][gc,phases      ] GC(10) Phase 2: Prepare for compaction 3.042ms
[2026-08-03T16:38:07.613+0900][1.103s][info ][gc,phases,start] GC(10) Phase 3: Adjust pointers
[2026-08-03T16:38:07.621+0900][1.111s][info ][gc,phases      ] GC(10) Phase 3: Adjust pointers 7.993ms
[2026-08-03T16:38:07.621+0900][1.111s][info ][gc,phases,start] GC(10) Phase 4: Compact heap
[2026-08-03T16:38:07.623+0900][1.113s][info ][gc,phases      ] GC(10) Phase 4: Compact heap 2.412ms
[2026-08-03T16:38:07.625+0900][1.115s][info ][gc,heap        ] GC(10) Eden regions: 1->0(1)
[2026-08-03T16:38:07.625+0900][1.115s][info ][gc,heap        ] GC(10) Survivor regions: 0->0(0)
[2026-08-03T16:38:07.625+0900][1.115s][info ][gc,heap        ] GC(10) Old regions: 1->1
[2026-08-03T16:38:07.625+0900][1.115s][info ][gc,heap        ] GC(10) Archive regions: 0->0
[2026-08-03T16:38:07.625+0900][1.115s][info ][gc,heap        ] GC(10) Humongous regions: 0->0
[2026-08-03T16:38:07.625+0900][1.115s][info ][gc,metaspace   ] GC(10) Metaspace: 9517K(9792K)->9517K(9792K) NonClass: 8621K(8768K)->8621K(8768K) Class: 895K(1024K)->895K(1024K)
[2026-08-03T16:38:07.625+0900][1.115s][debug][gc,heap        ] GC(10) Heap after GC invocations=11 (full 11):
[2026-08-03T16:38:07.625+0900][1.115s][debug][gc,heap        ] GC(10)  garbage-first heap   total 131072K, used 17949K [0x000001b144000000, 0x000001e844000000)
[2026-08-03T16:38:07.625+0900][1.115s][debug][gc,heap        ] GC(10)   region size 32768K, 0 young (0K), 0 survivors (0K)
[2026-08-03T16:38:07.625+0900][1.115s][debug][gc,heap        ] GC(10)  Metaspace       used 9517K, committed 9792K, reserved 1114112K
[2026-08-03T16:38:07.625+0900][1.115s][debug][gc,heap        ] GC(10)   class space    used 895K, committed 1024K, reserved 1048576K
[2026-08-03T16:38:07.625+0900][1.115s][info ][gc             ] GC(10) Pause Full (System.gc()) 18M->17M(128M) 31.351ms
[2026-08-03T16:38:07.625+0900][1.115s][info ][gc,cpu         ] GC(10) User=0.03s Sys=0.00s Real=0.03s
[2026-08-03T16:38:07.625+0900][1.115s][info ][safepoint      ] Safepoint "G1CollectFull", Time since last: 1992900 ns, Reaching safepoint: 25100 ns, At safepoint: 31459800 ns, Total: 31484900 ns
[2026-08-03T16:38:07.627+0900][1.117s][info ][gc,start       ] GC(11) Pause Full (System.gc())
[2026-08-03T16:38:07.627+0900][1.117s][debug][gc,heap        ] GC(11) Heap before GC invocations=11 (full 11):
[2026-08-03T16:38:07.627+0900][1.117s][debug][gc,heap        ] GC(11)  garbage-first heap   total 131072K, used 17949K [0x000001b144000000, 0x000001e844000000)
[2026-08-03T16:38:07.627+0900][1.117s][debug][gc,heap        ] GC(11)   region size 32768K, 1 young (32768K), 0 survivors (0K)
[2026-08-03T16:38:07.627+0900][1.117s][debug][gc,heap        ] GC(11)  Metaspace       used 9524K, committed 9792K, reserved 1114112K
[2026-08-03T16:38:07.627+0900][1.117s][debug][gc,heap        ] GC(11)   class space    used 895K, committed 1024K, reserved 1048576K
[2026-08-03T16:38:07.627+0900][1.117s][info ][gc,task        ] GC(11) Using 1 workers of 18 for full compaction
[2026-08-03T16:38:07.627+0900][1.117s][info ][gc,phases,start] GC(11) Phase 1: Mark live objects
[2026-08-03T16:38:07.643+0900][1.133s][info ][gc,phases      ] GC(11) Phase 1: Mark live objects 16.189ms
[2026-08-03T16:38:07.643+0900][1.133s][info ][gc,phases,start] GC(11) Phase 2: Prepare for compaction
[2026-08-03T16:38:07.647+0900][1.137s][info ][gc,phases      ] GC(11) Phase 2: Prepare for compaction 3.222ms
[2026-08-03T16:38:07.647+0900][1.137s][info ][gc,phases,start] GC(11) Phase 3: Adjust pointers
[2026-08-03T16:38:07.655+0900][1.145s][info ][gc,phases      ] GC(11) Phase 3: Adjust pointers 8.124ms
[2026-08-03T16:38:07.655+0900][1.145s][info ][gc,phases,start] GC(11) Phase 4: Compact heap
[2026-08-03T16:38:07.657+0900][1.147s][info ][gc,phases      ] GC(11) Phase 4: Compact heap 2.526ms
[2026-08-03T16:38:07.659+0900][1.149s][info ][gc,heap        ] GC(11) Eden regions: 1->0(1)
[2026-08-03T16:38:07.659+0900][1.149s][info ][gc,heap        ] GC(11) Survivor regions: 0->0(0)
[2026-08-03T16:38:07.659+0900][1.149s][info ][gc,heap        ] GC(11) Old regions: 1->1
[2026-08-03T16:38:07.659+0900][1.149s][info ][gc,heap        ] GC(11) Archive regions: 0->0
[2026-08-03T16:38:07.659+0900][1.149s][info ][gc,heap        ] GC(11) Humongous regions: 0->0
[2026-08-03T16:38:07.659+0900][1.149s][info ][gc,metaspace   ] GC(11) Metaspace: 9524K(9792K)->9524K(9792K) NonClass: 8628K(8768K)->8628K(8768K) Class: 895K(1024K)->895K(1024K)
[2026-08-03T16:38:07.659+0900][1.149s][debug][gc,heap        ] GC(11) Heap after GC invocations=12 (full 12):
[2026-08-03T16:38:07.659+0900][1.149s][debug][gc,heap        ] GC(11)  garbage-first heap   total 131072K, used 17958K [0x000001b144000000, 0x000001e844000000)
[2026-08-03T16:38:07.659+0900][1.149s][debug][gc,heap        ] GC(11)   region size 32768K, 0 young (0K), 0 survivors (0K)
[2026-08-03T16:38:07.659+0900][1.149s][debug][gc,heap        ] GC(11)  Metaspace       used 9524K, committed 9792K, reserved 1114112K
[2026-08-03T16:38:07.659+0900][1.149s][debug][gc,heap        ] GC(11)   class space    used 895K, committed 1024K, reserved 1048576K
[2026-08-03T16:38:07.659+0900][1.149s][info ][gc             ] GC(11) Pause Full (System.gc()) 18M->17M(128M) 32.322ms
[2026-08-03T16:38:07.659+0900][1.149s][info ][gc,cpu         ] GC(11) User=0.03s Sys=0.00s Real=0.03s
[2026-08-03T16:38:07.659+0900][1.149s][info ][safepoint      ] Safepoint "G1CollectFull", Time since last: 1907300 ns, Reaching safepoint: 21800 ns, At safepoint: 32436700 ns, Total: 32458500 ns
[2026-08-03T16:38:07.661+0900][1.152s][info ][gc,start       ] GC(12) Pause Full (System.gc())
[2026-08-03T16:38:07.662+0900][1.152s][debug][gc,heap        ] GC(12) Heap before GC invocations=12 (full 12):
[2026-08-03T16:38:07.662+0900][1.152s][debug][gc,heap        ] GC(12)  garbage-first heap   total 131072K, used 17958K [0x000001b144000000, 0x000001e844000000)
[2026-08-03T16:38:07.662+0900][1.152s][debug][gc,heap        ] GC(12)   region size 32768K, 1 young (32768K), 0 survivors (0K)
[2026-08-03T16:38:07.662+0900][1.152s][debug][gc,heap        ] GC(12)  Metaspace       used 9527K, committed 9792K, reserved 1114112K
[2026-08-03T16:38:07.662+0900][1.152s][debug][gc,heap        ] GC(12)   class space    used 895K, committed 1024K, reserved 1048576K
[2026-08-03T16:38:07.662+0900][1.152s][info ][gc,task        ] GC(12) Using 1 workers of 18 for full compaction
[2026-08-03T16:38:07.662+0900][1.152s][info ][gc,phases,start] GC(12) Phase 1: Mark live objects
[2026-08-03T16:38:07.678+0900][1.168s][info ][gc,phases      ] GC(12) Phase 1: Mark live objects 16.469ms
[2026-08-03T16:38:07.678+0900][1.168s][info ][gc,phases,start] GC(12) Phase 2: Prepare for compaction
[2026-08-03T16:38:07.681+0900][1.171s][info ][gc,phases      ] GC(12) Phase 2: Prepare for compaction 3.093ms
[2026-08-03T16:38:07.681+0900][1.171s][info ][gc,phases,start] GC(12) Phase 3: Adjust pointers
[2026-08-03T16:38:07.689+0900][1.179s][info ][gc,phases      ] GC(12) Phase 3: Adjust pointers 8.032ms
[2026-08-03T16:38:07.689+0900][1.179s][info ][gc,phases,start] GC(12) Phase 4: Compact heap
[2026-08-03T16:38:07.692+0900][1.182s][info ][gc,phases      ] GC(12) Phase 4: Compact heap 2.465ms
[2026-08-03T16:38:07.694+0900][1.184s][info ][gc,heap        ] GC(12) Eden regions: 1->0(1)
[2026-08-03T16:38:07.694+0900][1.184s][info ][gc,heap        ] GC(12) Survivor regions: 0->0(0)
[2026-08-03T16:38:07.694+0900][1.184s][info ][gc,heap        ] GC(12) Old regions: 1->1
[2026-08-03T16:38:07.694+0900][1.184s][info ][gc,heap        ] GC(12) Archive regions: 0->0
[2026-08-03T16:38:07.694+0900][1.184s][info ][gc,heap        ] GC(12) Humongous regions: 0->0
[2026-08-03T16:38:07.694+0900][1.184s][info ][gc,metaspace   ] GC(12) Metaspace: 9527K(9792K)->9527K(9792K) NonClass: 8631K(8768K)->8631K(8768K) Class: 895K(1024K)->895K(1024K)
[2026-08-03T16:38:07.694+0900][1.184s][debug][gc,heap        ] GC(12) Heap after GC invocations=13 (full 13):
[2026-08-03T16:38:07.694+0900][1.184s][debug][gc,heap        ] GC(12)  garbage-first heap   total 131072K, used 17972K [0x000001b144000000, 0x000001e844000000)
[2026-08-03T16:38:07.694+0900][1.184s][debug][gc,heap        ] GC(12)   region size 32768K, 0 young (0K), 0 survivors (0K)
[2026-08-03T16:38:07.694+0900][1.184s][debug][gc,heap        ] GC(12)  Metaspace       used 9527K, committed 9792K, reserved 1114112K
[2026-08-03T16:38:07.694+0900][1.184s][debug][gc,heap        ] GC(12)   class space    used 895K, committed 1024K, reserved 1048576K
[2026-08-03T16:38:07.694+0900][1.184s][info ][gc             ] GC(12) Pause Full (System.gc()) 18M->17M(128M) 32.289ms
[2026-08-03T16:38:07.694+0900][1.184s][info ][gc,cpu         ] GC(12) User=0.03s Sys=0.00s Real=0.03s
[2026-08-03T16:38:07.694+0900][1.184s][info ][safepoint      ] Safepoint "G1CollectFull", Time since last: 2097700 ns, Reaching safepoint: 22000 ns, At safepoint: 32373600 ns, Total: 32395600 ns
[2026-08-03T16:38:07.696+0900][1.186s][info ][gc,start       ] GC(13) Pause Full (System.gc())
[2026-08-03T16:38:07.696+0900][1.186s][debug][gc,heap        ] GC(13) Heap before GC invocations=13 (full 13):
[2026-08-03T16:38:07.696+0900][1.186s][debug][gc,heap        ] GC(13)  garbage-first heap   total 131072K, used 17972K [0x000001b144000000, 0x000001e844000000)
[2026-08-03T16:38:07.696+0900][1.186s][debug][gc,heap        ] GC(13)   region size 32768K, 1 young (32768K), 0 survivors (0K)
[2026-08-03T16:38:07.696+0900][1.186s][debug][gc,heap        ] GC(13)  Metaspace       used 9533K, committed 9792K, reserved 1114112K
[2026-08-03T16:38:07.696+0900][1.186s][debug][gc,heap        ] GC(13)   class space    used 895K, committed 1024K, reserved 1048576K
[2026-08-03T16:38:07.696+0900][1.186s][info ][gc,task        ] GC(13) Using 1 workers of 18 for full compaction
[2026-08-03T16:38:07.696+0900][1.186s][info ][gc,phases,start] GC(13) Phase 1: Mark live objects
[2026-08-03T16:38:07.713+0900][1.202s][info ][gc,phases      ] GC(13) Phase 1: Mark live objects 15.867ms
[2026-08-03T16:38:07.713+0900][1.202s][info ][gc,phases,start] GC(13) Phase 2: Prepare for compaction
[2026-08-03T16:38:07.716+0900][1.205s][info ][gc,phases      ] GC(13) Phase 2: Prepare for compaction 3.151ms
[2026-08-03T16:38:07.716+0900][1.206s][info ][gc,phases,start] GC(13) Phase 3: Adjust pointers
[2026-08-03T16:38:07.723+0900][1.213s][info ][gc,phases      ] GC(13) Phase 3: Adjust pointers 7.829ms
[2026-08-03T16:38:07.723+0900][1.213s][info ][gc,phases,start] GC(13) Phase 4: Compact heap
[2026-08-03T16:38:07.726+0900][1.216s][info ][gc,phases      ] GC(13) Phase 4: Compact heap 2.354ms
[2026-08-03T16:38:07.728+0900][1.218s][info ][gc,heap        ] GC(13) Eden regions: 1->0(1)
[2026-08-03T16:38:07.728+0900][1.218s][info ][gc,heap        ] GC(13) Survivor regions: 0->0(0)
[2026-08-03T16:38:07.728+0900][1.218s][info ][gc,heap        ] GC(13) Old regions: 1->1
[2026-08-03T16:38:07.728+0900][1.218s][info ][gc,heap        ] GC(13) Archive regions: 0->0
[2026-08-03T16:38:07.728+0900][1.218s][info ][gc,heap        ] GC(13) Humongous regions: 0->0
[2026-08-03T16:38:07.728+0900][1.218s][info ][gc,metaspace   ] GC(13) Metaspace: 9533K(9792K)->9533K(9792K) NonClass: 8637K(8768K)->8637K(8768K) Class: 895K(1024K)->895K(1024K)
[2026-08-03T16:38:07.728+0900][1.218s][debug][gc,heap        ] GC(13) Heap after GC invocations=14 (full 14):
[2026-08-03T16:38:07.728+0900][1.218s][debug][gc,heap        ] GC(13)  garbage-first heap   total 131072K, used 17984K [0x000001b144000000, 0x000001e844000000)
[2026-08-03T16:38:07.728+0900][1.218s][debug][gc,heap        ] GC(13)   region size 32768K, 0 young (0K), 0 survivors (0K)
[2026-08-03T16:38:07.728+0900][1.218s][debug][gc,heap        ] GC(13)  Metaspace       used 9533K, committed 9792K, reserved 1114112K
[2026-08-03T16:38:07.728+0900][1.218s][debug][gc,heap        ] GC(13)   class space    used 895K, committed 1024K, reserved 1048576K
[2026-08-03T16:38:07.728+0900][1.218s][info ][gc             ] GC(13) Pause Full (System.gc()) 18M->17M(128M) 31.440ms
[2026-08-03T16:38:07.728+0900][1.218s][info ][gc,cpu         ] GC(13) User=0.03s Sys=0.00s Real=0.03s
[2026-08-03T16:38:07.728+0900][1.218s][info ][safepoint      ] Safepoint "G1CollectFull", Time since last: 2312000 ns, Reaching safepoint: 24000 ns, At safepoint: 31553700 ns, Total: 31577700 ns
[2026-08-03T16:38:07.730+0900][1.220s][info ][gc,start       ] GC(14) Pause Full (System.gc())
[2026-08-03T16:38:07.730+0900][1.220s][debug][gc,heap        ] GC(14) Heap before GC invocations=14 (full 14):
[2026-08-03T16:38:07.730+0900][1.220s][debug][gc,heap        ] GC(14)  garbage-first heap   total 131072K, used 17984K [0x000001b144000000, 0x000001e844000000)
[2026-08-03T16:38:07.730+0900][1.220s][debug][gc,heap        ] GC(14)   region size 32768K, 1 young (32768K), 0 survivors (0K)
[2026-08-03T16:38:07.730+0900][1.220s][debug][gc,heap        ] GC(14)  Metaspace       used 9538K, committed 9792K, reserved 1114112K
[2026-08-03T16:38:07.730+0900][1.220s][debug][gc,heap        ] GC(14)   class space    used 895K, committed 1024K, reserved 1048576K
[2026-08-03T16:38:07.730+0900][1.220s][info ][gc,task        ] GC(14) Using 1 workers of 18 for full compaction
[2026-08-03T16:38:07.730+0900][1.220s][info ][gc,phases,start] GC(14) Phase 1: Mark live objects
[2026-08-03T16:38:07.745+0900][1.234s][info ][gc,phases      ] GC(14) Phase 1: Mark live objects 14.297ms
[2026-08-03T16:38:07.745+0900][1.235s][info ][gc,phases,start] GC(14) Phase 2: Prepare for compaction
[2026-08-03T16:38:07.747+0900][1.237s][info ][gc,phases      ] GC(14) Phase 2: Prepare for compaction 2.860ms
[2026-08-03T16:38:07.747+0900][1.237s][info ][gc,phases,start] GC(14) Phase 3: Adjust pointers
[2026-08-03T16:38:07.754+0900][1.244s][info ][gc,phases      ] GC(14) Phase 3: Adjust pointers 6.545ms
[2026-08-03T16:38:07.754+0900][1.244s][info ][gc,phases,start] GC(14) Phase 4: Compact heap
[2026-08-03T16:38:07.756+0900][1.246s][info ][gc,phases      ] GC(14) Phase 4: Compact heap 2.196ms
[2026-08-03T16:38:07.758+0900][1.248s][info ][gc,heap        ] GC(14) Eden regions: 1->0(1)
[2026-08-03T16:38:07.758+0900][1.248s][info ][gc,heap        ] GC(14) Survivor regions: 0->0(0)
[2026-08-03T16:38:07.758+0900][1.248s][info ][gc,heap        ] GC(14) Old regions: 1->1
[2026-08-03T16:38:07.758+0900][1.248s][info ][gc,heap        ] GC(14) Archive regions: 0->0
[2026-08-03T16:38:07.758+0900][1.248s][info ][gc,heap        ] GC(14) Humongous regions: 0->0
[2026-08-03T16:38:07.758+0900][1.248s][info ][gc,metaspace   ] GC(14) Metaspace: 9538K(9792K)->9538K(9792K) NonClass: 8642K(8768K)->8642K(8768K) Class: 895K(1024K)->895K(1024K)
[2026-08-03T16:38:07.758+0900][1.248s][debug][gc,heap        ] GC(14) Heap after GC invocations=15 (full 15):
[2026-08-03T16:38:07.758+0900][1.248s][debug][gc,heap        ] GC(14)  garbage-first heap   total 131072K, used 17996K [0x000001b144000000, 0x000001e844000000)
[2026-08-03T16:38:07.758+0900][1.248s][debug][gc,heap        ] GC(14)   region size 32768K, 0 young (0K), 0 survivors (0K)
[2026-08-03T16:38:07.758+0900][1.248s][debug][gc,heap        ] GC(14)  Metaspace       used 9538K, committed 9792K, reserved 1114112K
[2026-08-03T16:38:07.758+0900][1.248s][debug][gc,heap        ] GC(14)   class space    used 895K, committed 1024K, reserved 1048576K
[2026-08-03T16:38:07.758+0900][1.248s][info ][gc             ] GC(14) Pause Full (System.gc()) 18M->17M(128M) 28.006ms
[2026-08-03T16:38:07.758+0900][1.248s][info ][gc,cpu         ] GC(14) User=0.03s Sys=0.00s Real=0.03s
[2026-08-03T16:38:07.758+0900][1.248s][info ][safepoint      ] Safepoint "G1CollectFull", Time since last: 2254800 ns, Reaching safepoint: 17600 ns, At safepoint: 28049900 ns, Total: 28067500 ns
[2026-08-03T16:38:07.760+0900][1.250s][info ][gc,start       ] GC(15) Pause Full (System.gc())
[2026-08-03T16:38:07.761+0900][1.251s][debug][gc,heap        ] GC(15) Heap before GC invocations=15 (full 15):
[2026-08-03T16:38:07.761+0900][1.251s][debug][gc,heap        ] GC(15)  garbage-first heap   total 131072K, used 17996K [0x000001b144000000, 0x000001e844000000)
[2026-08-03T16:38:07.761+0900][1.251s][debug][gc,heap        ] GC(15)   region size 32768K, 1 young (32768K), 0 survivors (0K)
[2026-08-03T16:38:07.761+0900][1.251s][debug][gc,heap        ] GC(15)  Metaspace       used 9548K, committed 9792K, reserved 1114112K
[2026-08-03T16:38:07.761+0900][1.251s][debug][gc,heap        ] GC(15)   class space    used 895K, committed 1024K, reserved 1048576K
[2026-08-03T16:38:07.761+0900][1.251s][info ][gc,task        ] GC(15) Using 1 workers of 18 for full compaction
[2026-08-03T16:38:07.761+0900][1.251s][info ][gc,phases,start] GC(15) Phase 1: Mark live objects
[2026-08-03T16:38:07.774+0900][1.264s][info ][gc,phases      ] GC(15) Phase 1: Mark live objects 13.775ms
[2026-08-03T16:38:07.774+0900][1.264s][info ][gc,phases,start] GC(15) Phase 2: Prepare for compaction
[2026-08-03T16:38:07.777+0900][1.267s][info ][gc,phases      ] GC(15) Phase 2: Prepare for compaction 2.594ms
[2026-08-03T16:38:07.777+0900][1.267s][info ][gc,phases,start] GC(15) Phase 3: Adjust pointers
[2026-08-03T16:38:07.782+0900][1.273s][info ][gc,phases      ] GC(15) Phase 3: Adjust pointers 5.936ms
[2026-08-03T16:38:07.782+0900][1.273s][info ][gc,phases,start] GC(15) Phase 4: Compact heap
[2026-08-03T16:38:07.785+0900][1.275s][info ][gc,phases      ] GC(15) Phase 4: Compact heap 2.349ms
[2026-08-03T16:38:07.787+0900][1.278s][info ][gc,heap        ] GC(15) Eden regions: 1->0(1)
[2026-08-03T16:38:07.787+0900][1.278s][info ][gc,heap        ] GC(15) Survivor regions: 0->0(0)
[2026-08-03T16:38:07.787+0900][1.278s][info ][gc,heap        ] GC(15) Old regions: 1->1
[2026-08-03T16:38:07.787+0900][1.278s][info ][gc,heap        ] GC(15) Archive regions: 0->0
[2026-08-03T16:38:07.787+0900][1.278s][info ][gc,heap        ] GC(15) Humongous regions: 0->0
[2026-08-03T16:38:07.787+0900][1.278s][info ][gc,metaspace   ] GC(15) Metaspace: 9548K(9792K)->9548K(9792K) NonClass: 8652K(8768K)->8652K(8768K) Class: 895K(1024K)->895K(1024K)
[2026-08-03T16:38:07.787+0900][1.278s][debug][gc,heap        ] GC(15) Heap after GC invocations=16 (full 16):
[2026-08-03T16:38:07.787+0900][1.278s][debug][gc,heap        ] GC(15)  garbage-first heap   total 131072K, used 18008K [0x000001b144000000, 0x000001e844000000)
[2026-08-03T16:38:07.787+0900][1.278s][debug][gc,heap        ] GC(15)   region size 32768K, 0 young (0K), 0 survivors (0K)
[2026-08-03T16:38:07.787+0900][1.278s][debug][gc,heap        ] GC(15)  Metaspace       used 9548K, committed 9792K, reserved 1114112K
[2026-08-03T16:38:07.787+0900][1.278s][debug][gc,heap        ] GC(15)   class space    used 895K, committed 1024K, reserved 1048576K
[2026-08-03T16:38:07.787+0900][1.278s][info ][gc             ] GC(15) Pause Full (System.gc()) 18M->17M(128M) 27.265ms
[2026-08-03T16:38:07.787+0900][1.278s][info ][gc,cpu         ] GC(15) User=0.03s Sys=0.00s Real=0.03s
[2026-08-03T16:38:07.787+0900][1.278s][info ][safepoint      ] Safepoint "G1CollectFull", Time since last: 2293700 ns, Reaching safepoint: 70800 ns, At safepoint: 27384800 ns, Total: 27455600 ns
[2026-08-03T16:38:07.790+0900][1.280s][info ][gc,start       ] GC(16) Pause Full (System.gc())
[2026-08-03T16:38:07.790+0900][1.280s][debug][gc,heap        ] GC(16) Heap before GC invocations=16 (full 16):
[2026-08-03T16:38:07.790+0900][1.280s][debug][gc,heap        ] GC(16)  garbage-first heap   total 131072K, used 18008K [0x000001b144000000, 0x000001e844000000)
[2026-08-03T16:38:07.790+0900][1.280s][debug][gc,heap        ] GC(16)   region size 32768K, 1 young (32768K), 0 survivors (0K)
[2026-08-03T16:38:07.790+0900][1.280s][debug][gc,heap        ] GC(16)  Metaspace       used 9553K, committed 9792K, reserved 1114112K
[2026-08-03T16:38:07.790+0900][1.280s][debug][gc,heap        ] GC(16)   class space    used 895K, committed 1024K, reserved 1048576K
[2026-08-03T16:38:07.790+0900][1.280s][info ][gc,task        ] GC(16) Using 1 workers of 18 for full compaction
[2026-08-03T16:38:07.790+0900][1.280s][info ][gc,phases,start] GC(16) Phase 1: Mark live objects
[2026-08-03T16:38:07.804+0900][1.294s][info ][gc,phases      ] GC(16) Phase 1: Mark live objects 14.191ms
[2026-08-03T16:38:07.804+0900][1.295s][info ][gc,phases,start] GC(16) Phase 2: Prepare for compaction
[2026-08-03T16:38:07.807+0900][1.297s][info ][gc,phases      ] GC(16) Phase 2: Prepare for compaction 2.779ms
[2026-08-03T16:38:07.807+0900][1.297s][info ][gc,phases,start] GC(16) Phase 3: Adjust pointers
[2026-08-03T16:38:07.815+0900][1.304s][info ][gc,phases      ] GC(16) Phase 3: Adjust pointers 6.854ms
[2026-08-03T16:38:07.815+0900][1.304s][info ][gc,phases,start] GC(16) Phase 4: Compact heap
[2026-08-03T16:38:07.817+0900][1.307s][info ][gc,phases      ] GC(16) Phase 4: Compact heap 2.257ms
[2026-08-03T16:38:07.818+0900][1.308s][info ][gc,heap        ] GC(16) Eden regions: 1->0(1)
[2026-08-03T16:38:07.818+0900][1.308s][info ][gc,heap        ] GC(16) Survivor regions: 0->0(0)
[2026-08-03T16:38:07.818+0900][1.308s][info ][gc,heap        ] GC(16) Old regions: 1->1
[2026-08-03T16:38:07.818+0900][1.308s][info ][gc,heap        ] GC(16) Archive regions: 0->0
[2026-08-03T16:38:07.818+0900][1.308s][info ][gc,heap        ] GC(16) Humongous regions: 0->0
[2026-08-03T16:38:07.818+0900][1.308s][info ][gc,metaspace   ] GC(16) Metaspace: 9553K(9792K)->9553K(9792K) NonClass: 8657K(8768K)->8657K(8768K) Class: 895K(1024K)->895K(1024K)
[2026-08-03T16:38:07.818+0900][1.308s][debug][gc,heap        ] GC(16) Heap after GC invocations=17 (full 17):
[2026-08-03T16:38:07.818+0900][1.308s][debug][gc,heap        ] GC(16)  garbage-first heap   total 131072K, used 18020K [0x000001b144000000, 0x000001e844000000)
[2026-08-03T16:38:07.818+0900][1.308s][debug][gc,heap        ] GC(16)   region size 32768K, 0 young (0K), 0 survivors (0K)
[2026-08-03T16:38:07.818+0900][1.308s][debug][gc,heap        ] GC(16)  Metaspace       used 9553K, committed 9792K, reserved 1114112K
[2026-08-03T16:38:07.818+0900][1.308s][debug][gc,heap        ] GC(16)   class space    used 895K, committed 1024K, reserved 1048576K
[2026-08-03T16:38:07.818+0900][1.308s][info ][gc             ] GC(16) Pause Full (System.gc()) 18M->17M(128M) 28.214ms
[2026-08-03T16:38:07.818+0900][1.308s][info ][gc,cpu         ] GC(16) User=0.03s Sys=0.00s Real=0.03s
[2026-08-03T16:38:07.818+0900][1.308s][info ][safepoint      ] Safepoint "G1CollectFull", Time since last: 2270900 ns, Reaching safepoint: 28800 ns, At safepoint: 28329900 ns, Total: 28358700 ns
[2026-08-03T16:38:07.821+0900][1.311s][info ][gc,start       ] GC(17) Pause Full (System.gc())
[2026-08-03T16:38:07.821+0900][1.311s][debug][gc,heap        ] GC(17) Heap before GC invocations=17 (full 17):
[2026-08-03T16:38:07.821+0900][1.311s][debug][gc,heap        ] GC(17)  garbage-first heap   total 131072K, used 18020K [0x000001b144000000, 0x000001e844000000)
[2026-08-03T16:38:07.821+0900][1.311s][debug][gc,heap        ] GC(17)   region size 32768K, 1 young (32768K), 0 survivors (0K)
[2026-08-03T16:38:07.821+0900][1.311s][debug][gc,heap        ] GC(17)  Metaspace       used 9576K, committed 9856K, reserved 1114112K
[2026-08-03T16:38:07.821+0900][1.311s][debug][gc,heap        ] GC(17)   class space    used 896K, committed 1024K, reserved 1048576K
[2026-08-03T16:38:07.821+0900][1.311s][info ][gc,task        ] GC(17) Using 1 workers of 18 for full compaction
[2026-08-03T16:38:07.821+0900][1.311s][info ][gc,phases,start] GC(17) Phase 1: Mark live objects
[2026-08-03T16:38:07.837+0900][1.327s][info ][gc,phases      ] GC(17) Phase 1: Mark live objects 15.747ms
[2026-08-03T16:38:07.837+0900][1.327s][info ][gc,phases,start] GC(17) Phase 2: Prepare for compaction
[2026-08-03T16:38:07.840+0900][1.330s][info ][gc,phases      ] GC(17) Phase 2: Prepare for compaction 3.034ms
[2026-08-03T16:38:07.841+0900][1.330s][info ][gc,phases,start] GC(17) Phase 3: Adjust pointers
[2026-08-03T16:38:07.847+0900][1.337s][info ][gc,phases      ] GC(17) Phase 3: Adjust pointers 6.623ms
[2026-08-03T16:38:07.847+0900][1.337s][info ][gc,phases,start] GC(17) Phase 4: Compact heap
[2026-08-03T16:38:07.849+0900][1.339s][info ][gc,phases      ] GC(17) Phase 4: Compact heap 2.306ms
[2026-08-03T16:38:07.851+0900][1.341s][info ][gc,heap        ] GC(17) Eden regions: 1->0(1)
[2026-08-03T16:38:07.851+0900][1.341s][info ][gc,heap        ] GC(17) Survivor regions: 0->0(0)
[2026-08-03T16:38:07.851+0900][1.341s][info ][gc,heap        ] GC(17) Old regions: 1->1
[2026-08-03T16:38:07.851+0900][1.341s][info ][gc,heap        ] GC(17) Archive regions: 0->0
[2026-08-03T16:38:07.851+0900][1.341s][info ][gc,heap        ] GC(17) Humongous regions: 0->0
[2026-08-03T16:38:07.851+0900][1.341s][info ][gc,metaspace   ] GC(17) Metaspace: 9576K(9856K)->9576K(9856K) NonClass: 8679K(8832K)->8679K(8832K) Class: 896K(1024K)->896K(1024K)
[2026-08-03T16:38:07.851+0900][1.341s][debug][gc,heap        ] GC(17) Heap after GC invocations=18 (full 18):
[2026-08-03T16:38:07.851+0900][1.341s][debug][gc,heap        ] GC(17)  garbage-first heap   total 131072K, used 18033K [0x000001b144000000, 0x000001e844000000)
[2026-08-03T16:38:07.851+0900][1.341s][debug][gc,heap        ] GC(17)   region size 32768K, 0 young (0K), 0 survivors (0K)
[2026-08-03T16:38:07.851+0900][1.341s][debug][gc,heap        ] GC(17)  Metaspace       used 9576K, committed 9856K, reserved 1114112K
[2026-08-03T16:38:07.851+0900][1.341s][debug][gc,heap        ] GC(17)   class space    used 896K, committed 1024K, reserved 1048576K
[2026-08-03T16:38:07.851+0900][1.341s][info ][gc             ] GC(17) Pause Full (System.gc()) 18M->17M(128M) 29.872ms
[2026-08-03T16:38:07.851+0900][1.341s][info ][gc,cpu         ] GC(17) User=0.05s Sys=0.02s Real=0.03s
[2026-08-03T16:38:07.851+0900][1.341s][info ][safepoint      ] Safepoint "G1CollectFull", Time since last: 2600200 ns, Reaching safepoint: 27500 ns, At safepoint: 29983300 ns, Total: 30010800 ns
[2026-08-03T16:38:07.854+0900][1.344s][info ][gc,start       ] GC(18) Pause Full (System.gc())
[2026-08-03T16:38:07.854+0900][1.344s][debug][gc,heap        ] GC(18) Heap before GC invocations=18 (full 18):
[2026-08-03T16:38:07.854+0900][1.344s][debug][gc,heap        ] GC(18)  garbage-first heap   total 131072K, used 18033K [0x000001b144000000, 0x000001e844000000)
[2026-08-03T16:38:07.854+0900][1.344s][debug][gc,heap        ] GC(18)   region size 32768K, 1 young (32768K), 0 survivors (0K)
[2026-08-03T16:38:07.854+0900][1.344s][debug][gc,heap        ] GC(18)  Metaspace       used 9578K, committed 9856K, reserved 1114112K
[2026-08-03T16:38:07.854+0900][1.344s][debug][gc,heap        ] GC(18)   class space    used 896K, committed 1024K, reserved 1048576K
[2026-08-03T16:38:07.854+0900][1.344s][info ][gc,task        ] GC(18) Using 1 workers of 18 for full compaction
[2026-08-03T16:38:07.854+0900][1.344s][info ][gc,phases,start] GC(18) Phase 1: Mark live objects
[2026-08-03T16:38:07.868+0900][1.358s][info ][gc,phases      ] GC(18) Phase 1: Mark live objects 14.480ms
[2026-08-03T16:38:07.868+0900][1.358s][info ][gc,phases,start] GC(18) Phase 2: Prepare for compaction
[2026-08-03T16:38:07.871+0900][1.361s][info ][gc,phases      ] GC(18) Phase 2: Prepare for compaction 2.852ms
[2026-08-03T16:38:07.871+0900][1.361s][info ][gc,phases,start] GC(18) Phase 3: Adjust pointers
[2026-08-03T16:38:07.879+0900][1.369s][info ][gc,phases      ] GC(18) Phase 3: Adjust pointers 7.514ms
[2026-08-03T16:38:07.879+0900][1.369s][info ][gc,phases,start] GC(18) Phase 4: Compact heap
[2026-08-03T16:38:07.882+0900][1.371s][info ][gc,phases      ] GC(18) Phase 4: Compact heap 2.802ms
[2026-08-03T16:38:07.884+0900][1.373s][info ][gc,heap        ] GC(18) Eden regions: 1->0(1)
[2026-08-03T16:38:07.884+0900][1.373s][info ][gc,heap        ] GC(18) Survivor regions: 0->0(0)
[2026-08-03T16:38:07.884+0900][1.373s][info ][gc,heap        ] GC(18) Old regions: 1->1
[2026-08-03T16:38:07.884+0900][1.373s][info ][gc,heap        ] GC(18) Archive regions: 0->0
[2026-08-03T16:38:07.884+0900][1.373s][info ][gc,heap        ] GC(18) Humongous regions: 0->0
[2026-08-03T16:38:07.884+0900][1.373s][info ][gc,metaspace   ] GC(18) Metaspace: 9578K(9856K)->9578K(9856K) NonClass: 8682K(8832K)->8682K(8832K) Class: 896K(1024K)->896K(1024K)
[2026-08-03T16:38:07.884+0900][1.373s][debug][gc,heap        ] GC(18) Heap after GC invocations=19 (full 19):
[2026-08-03T16:38:07.884+0900][1.373s][debug][gc,heap        ] GC(18)  garbage-first heap   total 131072K, used 18045K [0x000001b144000000, 0x000001e844000000)
[2026-08-03T16:38:07.884+0900][1.373s][debug][gc,heap        ] GC(18)   region size 32768K, 0 young (0K), 0 survivors (0K)
[2026-08-03T16:38:07.884+0900][1.373s][debug][gc,heap        ] GC(18)  Metaspace       used 9578K, committed 9856K, reserved 1114112K
[2026-08-03T16:38:07.884+0900][1.374s][debug][gc,heap        ] GC(18)   class space    used 896K, committed 1024K, reserved 1048576K
[2026-08-03T16:38:07.884+0900][1.374s][info ][gc             ] GC(18) Pause Full (System.gc()) 18M->17M(128M) 30.008ms
[2026-08-03T16:38:07.884+0900][1.374s][info ][gc,cpu         ] GC(18) User=0.05s Sys=0.02s Real=0.03s
[2026-08-03T16:38:07.884+0900][1.374s][info ][safepoint      ] Safepoint "G1CollectFull", Time since last: 2403100 ns, Reaching safepoint: 34000 ns, At safepoint: 30054100 ns, Total: 30088100 ns
[2026-08-03T16:38:07.885+0900][1.376s][info ][gc,start       ] GC(19) Pause Full (System.gc())
[2026-08-03T16:38:07.885+0900][1.376s][debug][gc,heap        ] GC(19) Heap before GC invocations=19 (full 19):
[2026-08-03T16:38:07.886+0900][1.376s][debug][gc,heap        ] GC(19)  garbage-first heap   total 131072K, used 18045K [0x000001b144000000, 0x000001e844000000)
[2026-08-03T16:38:07.886+0900][1.376s][debug][gc,heap        ] GC(19)   region size 32768K, 1 young (32768K), 0 survivors (0K)
[2026-08-03T16:38:07.886+0900][1.376s][debug][gc,heap        ] GC(19)  Metaspace       used 9586K, committed 9856K, reserved 1114112K
[2026-08-03T16:38:07.886+0900][1.376s][debug][gc,heap        ] GC(19)   class space    used 896K, committed 1024K, reserved 1048576K
[2026-08-03T16:38:07.886+0900][1.376s][info ][gc,task        ] GC(19) Using 1 workers of 18 for full compaction
[2026-08-03T16:38:07.886+0900][1.376s][info ][gc,phases,start] GC(19) Phase 1: Mark live objects
[2026-08-03T16:38:07.901+0900][1.391s][info ][gc,phases      ] GC(19) Phase 1: Mark live objects 14.837ms
[2026-08-03T16:38:07.901+0900][1.391s][info ][gc,phases,start] GC(19) Phase 2: Prepare for compaction
[2026-08-03T16:38:07.903+0900][1.394s][info ][gc,phases      ] GC(19) Phase 2: Prepare for compaction 2.688ms
[2026-08-03T16:38:07.903+0900][1.394s][info ][gc,phases,start] GC(19) Phase 3: Adjust pointers
[2026-08-03T16:38:07.910+0900][1.400s][info ][gc,phases      ] GC(19) Phase 3: Adjust pointers 6.435ms
[2026-08-03T16:38:07.910+0900][1.400s][info ][gc,phases,start] GC(19) Phase 4: Compact heap
[2026-08-03T16:38:07.912+0900][1.403s][info ][gc,phases      ] GC(19) Phase 4: Compact heap 2.688ms
[2026-08-03T16:38:07.915+0900][1.405s][info ][gc,heap        ] GC(19) Eden regions: 1->0(1)
[2026-08-03T16:38:07.915+0900][1.405s][info ][gc,heap        ] GC(19) Survivor regions: 0->0(0)
[2026-08-03T16:38:07.915+0900][1.405s][info ][gc,heap        ] GC(19) Old regions: 1->1
[2026-08-03T16:38:07.915+0900][1.405s][info ][gc,heap        ] GC(19) Archive regions: 0->0
[2026-08-03T16:38:07.915+0900][1.405s][info ][gc,heap        ] GC(19) Humongous regions: 0->0
[2026-08-03T16:38:07.915+0900][1.405s][info ][gc,metaspace   ] GC(19) Metaspace: 9586K(9856K)->9586K(9856K) NonClass: 8689K(8832K)->8689K(8832K) Class: 896K(1024K)->896K(1024K)
[2026-08-03T16:38:07.915+0900][1.405s][debug][gc,heap        ] GC(19) Heap after GC invocations=20 (full 20):
[2026-08-03T16:38:07.915+0900][1.405s][debug][gc,heap        ] GC(19)  garbage-first heap   total 131072K, used 18057K [0x000001b144000000, 0x000001e844000000)
[2026-08-03T16:38:07.915+0900][1.405s][debug][gc,heap        ] GC(19)   region size 32768K, 0 young (0K), 0 survivors (0K)
[2026-08-03T16:38:07.915+0900][1.405s][debug][gc,heap        ] GC(19)  Metaspace       used 9586K, committed 9856K, reserved 1114112K
[2026-08-03T16:38:07.915+0900][1.405s][debug][gc,heap        ] GC(19)   class space    used 896K, committed 1024K, reserved 1048576K
[2026-08-03T16:38:07.915+0900][1.405s][info ][gc             ] GC(19) Pause Full (System.gc()) 18M->17M(128M) 28.897ms
[2026-08-03T16:38:07.915+0900][1.405s][info ][gc,cpu         ] GC(19) User=0.03s Sys=0.03s Real=0.03s
[2026-08-03T16:38:07.915+0900][1.405s][info ][safepoint      ] Safepoint "G1CollectFull", Time since last: 2168000 ns, Reaching safepoint: 21700 ns, At safepoint: 28989500 ns, Total: 29011200 ns
[2026-08-03T16:38:07.917+0900][1.407s][info ][gc,start       ] GC(20) Pause Full (System.gc())
[2026-08-03T16:38:07.917+0900][1.407s][debug][gc,heap        ] GC(20) Heap before GC invocations=20 (full 20):
[2026-08-03T16:38:07.917+0900][1.407s][debug][gc,heap        ] GC(20)  garbage-first heap   total 131072K, used 18057K [0x000001b144000000, 0x000001e844000000)
[2026-08-03T16:38:07.917+0900][1.407s][debug][gc,heap        ] GC(20)   region size 32768K, 1 young (32768K), 0 survivors (0K)
[2026-08-03T16:38:07.917+0900][1.407s][debug][gc,heap        ] GC(20)  Metaspace       used 9590K, committed 9856K, reserved 1114112K
[2026-08-03T16:38:07.917+0900][1.407s][debug][gc,heap        ] GC(20)   class space    used 896K, committed 1024K, reserved 1048576K
[2026-08-03T16:38:07.917+0900][1.407s][info ][gc,task        ] GC(20) Using 1 workers of 18 for full compaction
[2026-08-03T16:38:07.917+0900][1.407s][info ][gc,phases,start] GC(20) Phase 1: Mark live objects
[2026-08-03T16:38:07.932+0900][1.422s][info ][gc,phases      ] GC(20) Phase 1: Mark live objects 14.760ms
[2026-08-03T16:38:07.932+0900][1.422s][info ][gc,phases,start] GC(20) Phase 2: Prepare for compaction
[2026-08-03T16:38:07.935+0900][1.425s][info ][gc,phases      ] GC(20) Phase 2: Prepare for compaction 2.983ms
[2026-08-03T16:38:07.935+0900][1.425s][info ][gc,phases,start] GC(20) Phase 3: Adjust pointers
[2026-08-03T16:38:07.943+0900][1.433s][info ][gc,phases      ] GC(20) Phase 3: Adjust pointers 7.294ms
[2026-08-03T16:38:07.943+0900][1.433s][info ][gc,phases,start] GC(20) Phase 4: Compact heap
[2026-08-03T16:38:07.945+0900][1.435s][info ][gc,phases      ] GC(20) Phase 4: Compact heap 2.447ms
[2026-08-03T16:38:07.947+0900][1.437s][info ][gc,heap        ] GC(20) Eden regions: 1->0(1)
[2026-08-03T16:38:07.947+0900][1.437s][info ][gc,heap        ] GC(20) Survivor regions: 0->0(0)
[2026-08-03T16:38:07.947+0900][1.437s][info ][gc,heap        ] GC(20) Old regions: 1->1
[2026-08-03T16:38:07.947+0900][1.437s][info ][gc,heap        ] GC(20) Archive regions: 0->0
[2026-08-03T16:38:07.947+0900][1.437s][info ][gc,heap        ] GC(20) Humongous regions: 0->0
[2026-08-03T16:38:07.947+0900][1.437s][info ][gc,metaspace   ] GC(20) Metaspace: 9590K(9856K)->9590K(9856K) NonClass: 8694K(8832K)->8694K(8832K) Class: 896K(1024K)->896K(1024K)
[2026-08-03T16:38:07.947+0900][1.437s][debug][gc,heap        ] GC(20) Heap after GC invocations=21 (full 21):
[2026-08-03T16:38:07.947+0900][1.437s][debug][gc,heap        ] GC(20)  garbage-first heap   total 131072K, used 18069K [0x000001b144000000, 0x000001e844000000)
[2026-08-03T16:38:07.947+0900][1.437s][debug][gc,heap        ] GC(20)   region size 32768K, 0 young (0K), 0 survivors (0K)
[2026-08-03T16:38:07.947+0900][1.437s][debug][gc,heap        ] GC(20)  Metaspace       used 9590K, committed 9856K, reserved 1114112K
[2026-08-03T16:38:07.947+0900][1.437s][debug][gc,heap        ] GC(20)   class space    used 896K, committed 1024K, reserved 1048576K
[2026-08-03T16:38:07.947+0900][1.437s][info ][gc             ] GC(20) Pause Full (System.gc()) 18M->17M(128M) 29.744ms
[2026-08-03T16:38:07.947+0900][1.437s][info ][gc,cpu         ] GC(20) User=0.05s Sys=0.02s Real=0.03s
[2026-08-03T16:38:07.947+0900][1.437s][info ][safepoint      ] Safepoint "G1CollectFull", Time since last: 2458800 ns, Reaching safepoint: 21300 ns, At safepoint: 29860900 ns, Total: 29882200 ns
[2026-08-03T16:38:07.949+0900][1.440s][info ][gc,start       ] GC(21) Pause Full (System.gc())
[2026-08-03T16:38:07.949+0900][1.440s][debug][gc,heap        ] GC(21) Heap before GC invocations=21 (full 21):
[2026-08-03T16:38:07.949+0900][1.440s][debug][gc,heap        ] GC(21)  garbage-first heap   total 131072K, used 18069K [0x000001b144000000, 0x000001e844000000)
[2026-08-03T16:38:07.949+0900][1.440s][debug][gc,heap        ] GC(21)   region size 32768K, 1 young (32768K), 0 survivors (0K)
[2026-08-03T16:38:07.949+0900][1.440s][debug][gc,heap        ] GC(21)  Metaspace       used 9593K, committed 9920K, reserved 1114112K
[2026-08-03T16:38:07.949+0900][1.440s][debug][gc,heap        ] GC(21)   class space    used 896K, committed 1024K, reserved 1048576K
[2026-08-03T16:38:07.949+0900][1.440s][info ][gc,task        ] GC(21) Using 1 workers of 18 for full compaction
[2026-08-03T16:38:07.949+0900][1.440s][info ][gc,phases,start] GC(21) Phase 1: Mark live objects
[2026-08-03T16:38:07.965+0900][1.454s][info ][gc,phases      ] GC(21) Phase 1: Mark live objects 14.568ms
[2026-08-03T16:38:07.965+0900][1.454s][info ][gc,phases,start] GC(21) Phase 2: Prepare for compaction
[2026-08-03T16:38:07.967+0900][1.457s][info ][gc,phases      ] GC(21) Phase 2: Prepare for compaction 2.877ms
[2026-08-03T16:38:07.967+0900][1.457s][info ][gc,phases,start] GC(21) Phase 3: Adjust pointers
[2026-08-03T16:38:07.974+0900][1.464s][info ][gc,phases      ] GC(21) Phase 3: Adjust pointers 6.693ms
[2026-08-03T16:38:07.974+0900][1.464s][info ][gc,phases,start] GC(21) Phase 4: Compact heap
[2026-08-03T16:38:07.977+0900][1.467s][info ][gc,phases      ] GC(21) Phase 4: Compact heap 2.681ms
[2026-08-03T16:38:07.979+0900][1.469s][info ][gc,heap        ] GC(21) Eden regions: 1->0(1)
[2026-08-03T16:38:07.979+0900][1.469s][info ][gc,heap        ] GC(21) Survivor regions: 0->0(0)
[2026-08-03T16:38:07.979+0900][1.469s][info ][gc,heap        ] GC(21) Old regions: 1->1
[2026-08-03T16:38:07.979+0900][1.469s][info ][gc,heap        ] GC(21) Archive regions: 0->0
[2026-08-03T16:38:07.979+0900][1.469s][info ][gc,heap        ] GC(21) Humongous regions: 0->0
[2026-08-03T16:38:07.979+0900][1.469s][info ][gc,metaspace   ] GC(21) Metaspace: 9593K(9920K)->9593K(9920K) NonClass: 8697K(8896K)->8697K(8896K) Class: 896K(1024K)->896K(1024K)
[2026-08-03T16:38:07.979+0900][1.469s][debug][gc,heap        ] GC(21) Heap after GC invocations=22 (full 22):
[2026-08-03T16:38:07.979+0900][1.469s][debug][gc,heap        ] GC(21)  garbage-first heap   total 131072K, used 18081K [0x000001b144000000, 0x000001e844000000)
[2026-08-03T16:38:07.979+0900][1.469s][debug][gc,heap        ] GC(21)   region size 32768K, 0 young (0K), 0 survivors (0K)
[2026-08-03T16:38:07.979+0900][1.469s][debug][gc,heap        ] GC(21)  Metaspace       used 9593K, committed 9920K, reserved 1114112K
[2026-08-03T16:38:07.979+0900][1.469s][debug][gc,heap        ] GC(21)   class space    used 896K, committed 1024K, reserved 1048576K
[2026-08-03T16:38:07.979+0900][1.469s][info ][gc             ] GC(21) Pause Full (System.gc()) 18M->17M(128M) 29.104ms
[2026-08-03T16:38:07.979+0900][1.469s][info ][gc,cpu         ] GC(21) User=0.03s Sys=0.03s Real=0.03s
[2026-08-03T16:38:07.979+0900][1.469s][info ][safepoint      ] Safepoint "G1CollectFull", Time since last: 2466200 ns, Reaching safepoint: 36800 ns, At safepoint: 29154100 ns, Total: 29190900 ns
[2026-08-03T16:38:07.982+0900][1.471s][info ][gc,start       ] GC(22) Pause Full (System.gc())
[2026-08-03T16:38:07.982+0900][1.471s][debug][gc,heap        ] GC(22) Heap before GC invocations=22 (full 22):
[2026-08-03T16:38:07.982+0900][1.471s][debug][gc,heap        ] GC(22)  garbage-first heap   total 131072K, used 18081K [0x000001b144000000, 0x000001e844000000)
[2026-08-03T16:38:07.982+0900][1.471s][debug][gc,heap        ] GC(22)   region size 32768K, 1 young (32768K), 0 survivors (0K)
[2026-08-03T16:38:07.982+0900][1.471s][debug][gc,heap        ] GC(22)  Metaspace       used 9601K, committed 9920K, reserved 1114112K
[2026-08-03T16:38:07.982+0900][1.471s][debug][gc,heap        ] GC(22)   class space    used 896K, committed 1024K, reserved 1048576K
[2026-08-03T16:38:07.982+0900][1.471s][info ][gc,task        ] GC(22) Using 1 workers of 18 for full compaction
[2026-08-03T16:38:07.982+0900][1.471s][info ][gc,phases,start] GC(22) Phase 1: Mark live objects
[2026-08-03T16:38:07.997+0900][1.487s][info ][gc,phases      ] GC(22) Phase 1: Mark live objects 15.292ms
[2026-08-03T16:38:07.997+0900][1.487s][info ][gc,phases,start] GC(22) Phase 2: Prepare for compaction
[2026-08-03T16:38:08.000+0900][1.490s][info ][gc,phases      ] GC(22) Phase 2: Prepare for compaction 3.048ms
[2026-08-03T16:38:08.000+0900][1.490s][info ][gc,phases,start] GC(22) Phase 3: Adjust pointers
[2026-08-03T16:38:08.008+0900][1.498s][info ][gc,phases      ] GC(22) Phase 3: Adjust pointers 7.831ms
[2026-08-03T16:38:08.008+0900][1.498s][info ][gc,phases,start] GC(22) Phase 4: Compact heap
[2026-08-03T16:38:08.010+0900][1.500s][info ][gc,phases      ] GC(22) Phase 4: Compact heap 2.591ms
[2026-08-03T16:38:08.012+0900][1.502s][info ][gc,heap        ] GC(22) Eden regions: 1->0(1)
[2026-08-03T16:38:08.012+0900][1.502s][info ][gc,heap        ] GC(22) Survivor regions: 0->0(0)
[2026-08-03T16:38:08.012+0900][1.502s][info ][gc,heap        ] GC(22) Old regions: 1->1
[2026-08-03T16:38:08.012+0900][1.502s][info ][gc,heap        ] GC(22) Archive regions: 0->0
[2026-08-03T16:38:08.012+0900][1.502s][info ][gc,heap        ] GC(22) Humongous regions: 0->0
[2026-08-03T16:38:08.012+0900][1.502s][info ][gc,metaspace   ] GC(22) Metaspace: 9601K(9920K)->9601K(9920K) NonClass: 8705K(8896K)->8705K(8896K) Class: 896K(1024K)->896K(1024K)
[2026-08-03T16:38:08.012+0900][1.502s][debug][gc,heap        ] GC(22) Heap after GC invocations=23 (full 23):
[2026-08-03T16:38:08.012+0900][1.502s][debug][gc,heap        ] GC(22)  garbage-first heap   total 131072K, used 18093K [0x000001b144000000, 0x000001e844000000)
[2026-08-03T16:38:08.012+0900][1.502s][debug][gc,heap        ] GC(22)   region size 32768K, 0 young (0K), 0 survivors (0K)
[2026-08-03T16:38:08.013+0900][1.502s][debug][gc,heap        ] GC(22)  Metaspace       used 9601K, committed 9920K, reserved 1114112K
[2026-08-03T16:38:08.013+0900][1.502s][debug][gc,heap        ] GC(22)   class space    used 896K, committed 1024K, reserved 1048576K
[2026-08-03T16:38:08.013+0900][1.502s][info ][gc             ] GC(22) Pause Full (System.gc()) 18M->17M(128M) 31.160ms
[2026-08-03T16:38:08.013+0900][1.502s][info ][gc,cpu         ] GC(22) User=0.03s Sys=0.02s Real=0.03s
[2026-08-03T16:38:08.013+0900][1.502s][info ][safepoint      ] Safepoint "G1CollectFull", Time since last: 2429200 ns, Reaching safepoint: 25000 ns, At safepoint: 31275100 ns, Total: 31300100 ns
[2026-08-03T16:38:08.015+0900][1.505s][info ][gc,start       ] GC(23) Pause Full (System.gc())
[2026-08-03T16:38:08.015+0900][1.505s][debug][gc,heap        ] GC(23) Heap before GC invocations=23 (full 23):
[2026-08-03T16:38:08.015+0900][1.505s][debug][gc,heap        ] GC(23)  garbage-first heap   total 131072K, used 18093K [0x000001b144000000, 0x000001e844000000)
[2026-08-03T16:38:08.015+0900][1.505s][debug][gc,heap        ] GC(23)   region size 32768K, 1 young (32768K), 0 survivors (0K)
[2026-08-03T16:38:08.015+0900][1.505s][debug][gc,heap        ] GC(23)  Metaspace       used 9608K, committed 9920K, reserved 1114112K
[2026-08-03T16:38:08.015+0900][1.505s][debug][gc,heap        ] GC(23)   class space    used 896K, committed 1024K, reserved 1048576K
[2026-08-03T16:38:08.015+0900][1.505s][info ][gc,task        ] GC(23) Using 1 workers of 18 for full compaction
[2026-08-03T16:38:08.015+0900][1.505s][info ][gc,phases,start] GC(23) Phase 1: Mark live objects
[2026-08-03T16:38:08.032+0900][1.522s][info ][gc,phases      ] GC(23) Phase 1: Mark live objects 17.104ms
[2026-08-03T16:38:08.032+0900][1.522s][info ][gc,phases,start] GC(23) Phase 2: Prepare for compaction
[2026-08-03T16:38:08.035+0900][1.525s][info ][gc,phases      ] GC(23) Phase 2: Prepare for compaction 2.929ms
[2026-08-03T16:38:08.035+0900][1.525s][info ][gc,phases,start] GC(23) Phase 3: Adjust pointers
[2026-08-03T16:38:08.042+0900][1.532s][info ][gc,phases      ] GC(23) Phase 3: Adjust pointers 6.712ms
[2026-08-03T16:38:08.042+0900][1.532s][info ][gc,phases,start] GC(23) Phase 4: Compact heap
[2026-08-03T16:38:08.044+0900][1.535s][info ][gc,phases      ] GC(23) Phase 4: Compact heap 2.559ms
[2026-08-03T16:38:08.046+0900][1.536s][info ][gc,heap        ] GC(23) Eden regions: 1->0(1)
[2026-08-03T16:38:08.046+0900][1.536s][info ][gc,heap        ] GC(23) Survivor regions: 0->0(0)
[2026-08-03T16:38:08.046+0900][1.537s][info ][gc,heap        ] GC(23) Old regions: 1->1
[2026-08-03T16:38:08.046+0900][1.537s][info ][gc,heap        ] GC(23) Archive regions: 0->0
[2026-08-03T16:38:08.047+0900][1.537s][info ][gc,heap        ] GC(23) Humongous regions: 0->0
[2026-08-03T16:38:08.047+0900][1.537s][info ][gc,metaspace   ] GC(23) Metaspace: 9608K(9920K)->9608K(9920K) NonClass: 8711K(8896K)->8711K(8896K) Class: 896K(1024K)->896K(1024K)
[2026-08-03T16:38:08.047+0900][1.537s][debug][gc,heap        ] GC(23) Heap after GC invocations=24 (full 24):
[2026-08-03T16:38:08.047+0900][1.537s][debug][gc,heap        ] GC(23)  garbage-first heap   total 131072K, used 18105K [0x000001b144000000, 0x000001e844000000)
[2026-08-03T16:38:08.047+0900][1.537s][debug][gc,heap        ] GC(23)   region size 32768K, 0 young (0K), 0 survivors (0K)
[2026-08-03T16:38:08.047+0900][1.537s][debug][gc,heap        ] GC(23)  Metaspace       used 9608K, committed 9920K, reserved 1114112K
[2026-08-03T16:38:08.047+0900][1.537s][debug][gc,heap        ] GC(23)   class space    used 896K, committed 1024K, reserved 1048576K
[2026-08-03T16:38:08.047+0900][1.537s][info ][gc             ] GC(23) Pause Full (System.gc()) 18M->17M(128M) 31.615ms
[2026-08-03T16:38:08.047+0900][1.537s][info ][gc,cpu         ] GC(23) User=0.06s Sys=0.03s Real=0.03s
[2026-08-03T16:38:08.047+0900][1.537s][info ][safepoint      ] Safepoint "G1CollectFull", Time since last: 2458300 ns, Reaching safepoint: 41600 ns, At safepoint: 31720200 ns, Total: 31761800 ns
[2026-08-03T16:38:08.049+0900][1.539s][info ][gc,start       ] GC(24) Pause Full (System.gc())
[2026-08-03T16:38:08.049+0900][1.539s][debug][gc,heap        ] GC(24) Heap before GC invocations=24 (full 24):
[2026-08-03T16:38:08.049+0900][1.539s][debug][gc,heap        ] GC(24)  garbage-first heap   total 131072K, used 18105K [0x000001b144000000, 0x000001e844000000)
[2026-08-03T16:38:08.049+0900][1.539s][debug][gc,heap        ] GC(24)   region size 32768K, 1 young (32768K), 0 survivors (0K)
[2026-08-03T16:38:08.049+0900][1.539s][debug][gc,heap        ] GC(24)  Metaspace       used 9608K, committed 9920K, reserved 1114112K
[2026-08-03T16:38:08.049+0900][1.539s][debug][gc,heap        ] GC(24)   class space    used 896K, committed 1024K, reserved 1048576K
[2026-08-03T16:38:08.049+0900][1.539s][info ][gc,task        ] GC(24) Using 1 workers of 18 for full compaction
[2026-08-03T16:38:08.049+0900][1.539s][info ][gc,phases,start] GC(24) Phase 1: Mark live objects
[2026-08-03T16:38:08.064+0900][1.555s][info ][gc,phases      ] GC(24) Phase 1: Mark live objects 15.717ms
[2026-08-03T16:38:08.064+0900][1.555s][info ][gc,phases,start] GC(24) Phase 2: Prepare for compaction
[2026-08-03T16:38:08.068+0900][1.558s][info ][gc,phases      ] GC(24) Phase 2: Prepare for compaction 3.005ms
[2026-08-03T16:38:08.068+0900][1.558s][info ][gc,phases,start] GC(24) Phase 3: Adjust pointers
[2026-08-03T16:38:08.075+0900][1.565s][info ][gc,phases      ] GC(24) Phase 3: Adjust pointers 7.470ms
[2026-08-03T16:38:08.075+0900][1.565s][info ][gc,phases,start] GC(24) Phase 4: Compact heap
[2026-08-03T16:38:08.078+0900][1.568s][info ][gc,phases      ] GC(24) Phase 4: Compact heap 2.438ms
[2026-08-03T16:38:08.079+0900][1.569s][info ][gc,heap        ] GC(24) Eden regions: 1->0(1)
[2026-08-03T16:38:08.079+0900][1.569s][info ][gc,heap        ] GC(24) Survivor regions: 0->0(0)
[2026-08-03T16:38:08.079+0900][1.569s][info ][gc,heap        ] GC(24) Old regions: 1->1
[2026-08-03T16:38:08.079+0900][1.569s][info ][gc,heap        ] GC(24) Archive regions: 0->0
[2026-08-03T16:38:08.079+0900][1.569s][info ][gc,heap        ] GC(24) Humongous regions: 0->0
[2026-08-03T16:38:08.079+0900][1.569s][info ][gc,metaspace   ] GC(24) Metaspace: 9608K(9920K)->9608K(9920K) NonClass: 8711K(8896K)->8711K(8896K) Class: 896K(1024K)->896K(1024K)
[2026-08-03T16:38:08.079+0900][1.570s][debug][gc,heap        ] GC(24) Heap after GC invocations=25 (full 25):
[2026-08-03T16:38:08.079+0900][1.570s][debug][gc,heap        ] GC(24)  garbage-first heap   total 131072K, used 18118K [0x000001b144000000, 0x000001e844000000)
[2026-08-03T16:38:08.079+0900][1.570s][debug][gc,heap        ] GC(24)   region size 32768K, 0 young (0K), 0 survivors (0K)
[2026-08-03T16:38:08.079+0900][1.570s][debug][gc,heap        ] GC(24)  Metaspace       used 9608K, committed 9920K, reserved 1114112K
[2026-08-03T16:38:08.079+0900][1.570s][debug][gc,heap        ] GC(24)   class space    used 896K, committed 1024K, reserved 1048576K
[2026-08-03T16:38:08.079+0900][1.570s][info ][gc             ] GC(24) Pause Full (System.gc()) 18M->17M(128M) 30.980ms
[2026-08-03T16:38:08.079+0900][1.570s][info ][gc,cpu         ] GC(24) User=0.05s Sys=0.02s Real=0.03s
[2026-08-03T16:38:08.080+0900][1.570s][info ][safepoint      ] Safepoint "G1CollectFull", Time since last: 1851900 ns, Reaching safepoint: 31000 ns, At safepoint: 31069500 ns, Total: 31100500 ns
[2026-08-03T16:38:08.082+0900][1.572s][info ][gc,start       ] GC(25) Pause Full (System.gc())
[2026-08-03T16:38:08.082+0900][1.572s][debug][gc,heap        ] GC(25) Heap before GC invocations=25 (full 25):
[2026-08-03T16:38:08.082+0900][1.572s][debug][gc,heap        ] GC(25)  garbage-first heap   total 131072K, used 18118K [0x000001b144000000, 0x000001e844000000)
[2026-08-03T16:38:08.082+0900][1.572s][debug][gc,heap        ] GC(25)   region size 32768K, 1 young (32768K), 0 survivors (0K)
[2026-08-03T16:38:08.082+0900][1.572s][debug][gc,heap        ] GC(25)  Metaspace       used 9610K, committed 9920K, reserved 1114112K
[2026-08-03T16:38:08.082+0900][1.572s][debug][gc,heap        ] GC(25)   class space    used 896K, committed 1024K, reserved 1048576K
[2026-08-03T16:38:08.082+0900][1.572s][info ][gc,task        ] GC(25) Using 1 workers of 18 for full compaction
[2026-08-03T16:38:08.082+0900][1.572s][info ][gc,phases,start] GC(25) Phase 1: Mark live objects
[2026-08-03T16:38:08.096+0900][1.587s][info ][gc,phases      ] GC(25) Phase 1: Mark live objects 14.783ms
[2026-08-03T16:38:08.096+0900][1.587s][info ][gc,phases,start] GC(25) Phase 2: Prepare for compaction
[2026-08-03T16:38:08.100+0900][1.590s][info ][gc,phases      ] GC(25) Phase 2: Prepare for compaction 3.279ms
[2026-08-03T16:38:08.100+0900][1.590s][info ][gc,phases,start] GC(25) Phase 3: Adjust pointers
[2026-08-03T16:38:08.107+0900][1.596s][info ][gc,phases      ] GC(25) Phase 3: Adjust pointers 6.481ms
[2026-08-03T16:38:08.107+0900][1.597s][info ][gc,phases,start] GC(25) Phase 4: Compact heap
[2026-08-03T16:38:08.108+0900][1.599s][info ][gc,phases      ] GC(25) Phase 4: Compact heap 2.217ms
[2026-08-03T16:38:08.111+0900][1.601s][info ][gc,heap        ] GC(25) Eden regions: 1->0(1)
[2026-08-03T16:38:08.111+0900][1.601s][info ][gc,heap        ] GC(25) Survivor regions: 0->0(0)
[2026-08-03T16:38:08.111+0900][1.601s][info ][gc,heap        ] GC(25) Old regions: 1->1
[2026-08-03T16:38:08.111+0900][1.601s][info ][gc,heap        ] GC(25) Archive regions: 0->0
[2026-08-03T16:38:08.111+0900][1.601s][info ][gc,heap        ] GC(25) Humongous regions: 0->0
[2026-08-03T16:38:08.111+0900][1.601s][info ][gc,metaspace   ] GC(25) Metaspace: 9610K(9920K)->9610K(9920K) NonClass: 8713K(8896K)->8713K(8896K) Class: 896K(1024K)->896K(1024K)
[2026-08-03T16:38:08.111+0900][1.601s][debug][gc,heap        ] GC(25) Heap after GC invocations=26 (full 26):
[2026-08-03T16:38:08.111+0900][1.601s][debug][gc,heap        ] GC(25)  garbage-first heap   total 131072K, used 18130K [0x000001b144000000, 0x000001e844000000)
[2026-08-03T16:38:08.111+0900][1.601s][debug][gc,heap        ] GC(25)   region size 32768K, 0 young (0K), 0 survivors (0K)
[2026-08-03T16:38:08.111+0900][1.601s][debug][gc,heap        ] GC(25)  Metaspace       used 9610K, committed 9920K, reserved 1114112K
[2026-08-03T16:38:08.111+0900][1.601s][debug][gc,heap        ] GC(25)   class space    used 896K, committed 1024K, reserved 1048576K
[2026-08-03T16:38:08.111+0900][1.601s][info ][gc             ] GC(25) Pause Full (System.gc()) 18M->17M(128M) 29.004ms
[2026-08-03T16:38:08.111+0900][1.601s][info ][gc,cpu         ] GC(25) User=0.03s Sys=0.02s Real=0.03s
[2026-08-03T16:38:08.111+0900][1.601s][info ][safepoint      ] Safepoint "G1CollectFull", Time since last: 1955800 ns, Reaching safepoint: 21100 ns, At safepoint: 29116100 ns, Total: 29137200 ns
[2026-08-03T16:38:08.113+0900][1.603s][info ][gc,start       ] GC(26) Pause Full (System.gc())
[2026-08-03T16:38:08.113+0900][1.603s][debug][gc,heap        ] GC(26) Heap before GC invocations=26 (full 26):
[2026-08-03T16:38:08.113+0900][1.603s][debug][gc,heap        ] GC(26)  garbage-first heap   total 131072K, used 18130K [0x000001b144000000, 0x000001e844000000)
[2026-08-03T16:38:08.113+0900][1.603s][debug][gc,heap        ] GC(26)   region size 32768K, 1 young (32768K), 0 survivors (0K)
[2026-08-03T16:38:08.113+0900][1.603s][debug][gc,heap        ] GC(26)  Metaspace       used 9622K, committed 9920K, reserved 1114112K
[2026-08-03T16:38:08.113+0900][1.603s][debug][gc,heap        ] GC(26)   class space    used 898K, committed 1024K, reserved 1048576K
[2026-08-03T16:38:08.113+0900][1.603s][info ][gc,task        ] GC(26) Using 1 workers of 18 for full compaction
[2026-08-03T16:38:08.113+0900][1.603s][info ][gc,phases,start] GC(26) Phase 1: Mark live objects
[2026-08-03T16:38:08.128+0900][1.618s][info ][gc,phases      ] GC(26) Phase 1: Mark live objects 15.110ms
[2026-08-03T16:38:08.129+0900][1.618s][info ][gc,phases,start] GC(26) Phase 2: Prepare for compaction
[2026-08-03T16:38:08.132+0900][1.622s][info ][gc,phases      ] GC(26) Phase 2: Prepare for compaction 3.443ms
[2026-08-03T16:38:08.132+0900][1.622s][info ][gc,phases,start] GC(26) Phase 3: Adjust pointers
[2026-08-03T16:38:08.139+0900][1.629s][info ][gc,phases      ] GC(26) Phase 3: Adjust pointers 7.337ms
[2026-08-03T16:38:08.139+0900][1.629s][info ][gc,phases,start] GC(26) Phase 4: Compact heap
[2026-08-03T16:38:08.141+0900][1.632s][info ][gc,phases      ] GC(26) Phase 4: Compact heap 2.450ms
[2026-08-03T16:38:08.144+0900][1.634s][info ][gc,heap        ] GC(26) Eden regions: 1->0(1)
[2026-08-03T16:38:08.144+0900][1.634s][info ][gc,heap        ] GC(26) Survivor regions: 0->0(0)
[2026-08-03T16:38:08.144+0900][1.634s][info ][gc,heap        ] GC(26) Old regions: 1->1
[2026-08-03T16:38:08.144+0900][1.634s][info ][gc,heap        ] GC(26) Archive regions: 0->0
[2026-08-03T16:38:08.144+0900][1.634s][info ][gc,heap        ] GC(26) Humongous regions: 0->0
[2026-08-03T16:38:08.144+0900][1.634s][info ][gc,metaspace   ] GC(26) Metaspace: 9622K(9920K)->9622K(9920K) NonClass: 8723K(8896K)->8723K(8896K) Class: 898K(1024K)->898K(1024K)
[2026-08-03T16:38:08.144+0900][1.634s][debug][gc,heap        ] GC(26) Heap after GC invocations=27 (full 27):
[2026-08-03T16:38:08.144+0900][1.634s][debug][gc,heap        ] GC(26)  garbage-first heap   total 131072K, used 18142K [0x000001b144000000, 0x000001e844000000)
[2026-08-03T16:38:08.144+0900][1.634s][debug][gc,heap        ] GC(26)   region size 32768K, 0 young (0K), 0 survivors (0K)
[2026-08-03T16:38:08.144+0900][1.634s][debug][gc,heap        ] GC(26)  Metaspace       used 9622K, committed 9920K, reserved 1114112K
[2026-08-03T16:38:08.144+0900][1.634s][debug][gc,heap        ] GC(26)   class space    used 898K, committed 1024K, reserved 1048576K
[2026-08-03T16:38:08.144+0900][1.634s][info ][gc             ] GC(26) Pause Full (System.gc()) 18M->17M(128M) 30.747ms
[2026-08-03T16:38:08.144+0900][1.634s][info ][gc,cpu         ] GC(26) User=0.06s Sys=0.00s Real=0.03s
[2026-08-03T16:38:08.144+0900][1.634s][info ][safepoint      ] Safepoint "G1CollectFull", Time since last: 2268500 ns, Reaching safepoint: 39900 ns, At safepoint: 30876700 ns, Total: 30916600 ns
[2026-08-03T16:38:08.146+0900][1.636s][info ][gc,start       ] GC(27) Pause Full (System.gc())
[2026-08-03T16:38:08.146+0900][1.636s][debug][gc,heap        ] GC(27) Heap before GC invocations=27 (full 27):
[2026-08-03T16:38:08.146+0900][1.636s][debug][gc,heap        ] GC(27)  garbage-first heap   total 131072K, used 18142K [0x000001b144000000, 0x000001e844000000)
[2026-08-03T16:38:08.146+0900][1.636s][debug][gc,heap        ] GC(27)   region size 32768K, 1 young (32768K), 0 survivors (0K)
[2026-08-03T16:38:08.146+0900][1.636s][debug][gc,heap        ] GC(27)  Metaspace       used 9622K, committed 9920K, reserved 1114112K
[2026-08-03T16:38:08.146+0900][1.636s][debug][gc,heap        ] GC(27)   class space    used 898K, committed 1024K, reserved 1048576K
[2026-08-03T16:38:08.146+0900][1.636s][info ][gc,task        ] GC(27) Using 1 workers of 18 for full compaction
[2026-08-03T16:38:08.146+0900][1.636s][info ][gc,phases,start] GC(27) Phase 1: Mark live objects
[2026-08-03T16:38:08.162+0900][1.652s][info ][gc,phases      ] GC(27) Phase 1: Mark live objects 15.839ms
[2026-08-03T16:38:08.162+0900][1.652s][info ][gc,phases,start] GC(27) Phase 2: Prepare for compaction
[2026-08-03T16:38:08.165+0900][1.655s][info ][gc,phases      ] GC(27) Phase 2: Prepare for compaction 3.023ms
[2026-08-03T16:38:08.165+0900][1.655s][info ][gc,phases,start] GC(27) Phase 3: Adjust pointers
[2026-08-03T16:38:08.173+0900][1.663s][info ][gc,phases      ] GC(27) Phase 3: Adjust pointers 7.868ms
[2026-08-03T16:38:08.173+0900][1.663s][info ][gc,phases,start] GC(27) Phase 4: Compact heap
[2026-08-03T16:38:08.176+0900][1.666s][info ][gc,phases      ] GC(27) Phase 4: Compact heap 2.574ms
[2026-08-03T16:38:08.178+0900][1.668s][info ][gc,heap        ] GC(27) Eden regions: 1->0(1)
[2026-08-03T16:38:08.178+0900][1.668s][info ][gc,heap        ] GC(27) Survivor regions: 0->0(0)
[2026-08-03T16:38:08.178+0900][1.668s][info ][gc,heap        ] GC(27) Old regions: 1->1
[2026-08-03T16:38:08.178+0900][1.668s][info ][gc,heap        ] GC(27) Archive regions: 0->0
[2026-08-03T16:38:08.178+0900][1.668s][info ][gc,heap        ] GC(27) Humongous regions: 0->0
[2026-08-03T16:38:08.178+0900][1.668s][info ][gc,metaspace   ] GC(27) Metaspace: 9622K(9920K)->9622K(9920K) NonClass: 8724K(8896K)->8724K(8896K) Class: 898K(1024K)->898K(1024K)
[2026-08-03T16:38:08.178+0900][1.668s][debug][gc,heap        ] GC(27) Heap after GC invocations=28 (full 28):
[2026-08-03T16:38:08.178+0900][1.668s][debug][gc,heap        ] GC(27)  garbage-first heap   total 131072K, used 18155K [0x000001b144000000, 0x000001e844000000)
[2026-08-03T16:38:08.178+0900][1.668s][debug][gc,heap        ] GC(27)   region size 32768K, 0 young (0K), 0 survivors (0K)
[2026-08-03T16:38:08.178+0900][1.668s][debug][gc,heap        ] GC(27)  Metaspace       used 9622K, committed 9920K, reserved 1114112K
[2026-08-03T16:38:08.178+0900][1.668s][debug][gc,heap        ] GC(27)   class space    used 898K, committed 1024K, reserved 1048576K
[2026-08-03T16:38:08.178+0900][1.668s][info ][gc             ] GC(27) Pause Full (System.gc()) 18M->17M(128M) 31.774ms
[2026-08-03T16:38:08.178+0900][1.668s][info ][gc,cpu         ] GC(27) User=0.03s Sys=0.03s Real=0.03s
[2026-08-03T16:38:08.178+0900][1.668s][info ][safepoint      ] Safepoint "G1CollectFull", Time since last: 2127000 ns, Reaching safepoint: 23100 ns, At safepoint: 31831500 ns, Total: 31854600 ns
[2026-08-03T16:38:08.193+0900][1.682s][info ][gc,start       ] GC(28) Pause Full (System.gc())
[2026-08-03T16:38:08.193+0900][1.682s][debug][gc,heap        ] GC(28) Heap before GC invocations=28 (full 28):
[2026-08-03T16:38:08.193+0900][1.682s][debug][gc,heap        ] GC(28)  garbage-first heap   total 131072K, used 18155K [0x000001b144000000, 0x000001e844000000)
[2026-08-03T16:38:08.193+0900][1.682s][debug][gc,heap        ] GC(28)   region size 32768K, 1 young (32768K), 0 survivors (0K)
[2026-08-03T16:38:08.193+0900][1.682s][debug][gc,heap        ] GC(28)  Metaspace       used 9651K, committed 9920K, reserved 1114112K
[2026-08-03T16:38:08.193+0900][1.682s][debug][gc,heap        ] GC(28)   class space    used 900K, committed 1024K, reserved 1048576K
[2026-08-03T16:38:08.193+0900][1.682s][info ][gc,task        ] GC(28) Using 1 workers of 18 for full compaction
[2026-08-03T16:38:08.193+0900][1.683s][info ][gc,phases,start] GC(28) Phase 1: Mark live objects
[2026-08-03T16:38:08.212+0900][1.702s][info ][gc,phases      ] GC(28) Phase 1: Mark live objects 19.287ms
[2026-08-03T16:38:08.212+0900][1.702s][info ][gc,phases,start] GC(28) Phase 2: Prepare for compaction
[2026-08-03T16:38:08.215+0900][1.705s][info ][gc,phases      ] GC(28) Phase 2: Prepare for compaction 3.226ms
[2026-08-03T16:38:08.215+0900][1.705s][info ][gc,phases,start] GC(28) Phase 3: Adjust pointers
[2026-08-03T16:38:08.223+0900][1.713s][info ][gc,phases      ] GC(28) Phase 3: Adjust pointers 8.089ms
[2026-08-03T16:38:08.223+0900][1.713s][info ][gc,phases,start] GC(28) Phase 4: Compact heap
[2026-08-03T16:38:08.227+0900][1.717s][info ][gc,phases      ] GC(28) Phase 4: Compact heap 3.242ms
[2026-08-03T16:38:08.228+0900][1.719s][info ][gc,heap        ] GC(28) Eden regions: 1->0(1)
[2026-08-03T16:38:08.228+0900][1.719s][info ][gc,heap        ] GC(28) Survivor regions: 0->0(0)
[2026-08-03T16:38:08.228+0900][1.719s][info ][gc,heap        ] GC(28) Old regions: 1->1
[2026-08-03T16:38:08.228+0900][1.719s][info ][gc,heap        ] GC(28) Archive regions: 0->0
[2026-08-03T16:38:08.228+0900][1.719s][info ][gc,heap        ] GC(28) Humongous regions: 0->0
[2026-08-03T16:38:08.228+0900][1.719s][info ][gc,metaspace   ] GC(28) Metaspace: 9651K(9920K)->9651K(9920K) NonClass: 8750K(8896K)->8750K(8896K) Class: 900K(1024K)->900K(1024K)
[2026-08-03T16:38:08.228+0900][1.719s][debug][gc,heap        ] GC(28) Heap after GC invocations=29 (full 29):
[2026-08-03T16:38:08.228+0900][1.719s][debug][gc,heap        ] GC(28)  garbage-first heap   total 131072K, used 20769K [0x000001b144000000, 0x000001e844000000)
[2026-08-03T16:38:08.228+0900][1.719s][debug][gc,heap        ] GC(28)   region size 32768K, 0 young (0K), 0 survivors (0K)
[2026-08-03T16:38:08.228+0900][1.719s][debug][gc,heap        ] GC(28)  Metaspace       used 9651K, committed 9920K, reserved 1114112K
[2026-08-03T16:38:08.228+0900][1.719s][debug][gc,heap        ] GC(28)   class space    used 900K, committed 1024K, reserved 1048576K
[2026-08-03T16:38:08.228+0900][1.719s][info ][gc             ] GC(28) Pause Full (System.gc()) 23M->20M(128M) 36.324ms
[2026-08-03T16:38:08.228+0900][1.719s][info ][gc,cpu         ] GC(28) User=0.03s Sys=0.00s Real=0.03s
[2026-08-03T16:38:08.229+0900][1.719s][info ][safepoint      ] Safepoint "G1CollectFull", Time since last: 14426700 ns, Reaching safepoint: 28700 ns, At safepoint: 36462400 ns, Total: 36491100 ns
[2026-08-03T16:38:08.297+0900][1.787s][info ][gc,start       ] GC(29) Pause Young (Normal) (G1 Evacuation Pause)
[2026-08-03T16:38:08.297+0900][1.787s][debug][gc,heap        ] GC(29) Heap before GC invocations=29 (full 29):
[2026-08-03T16:38:08.297+0900][1.787s][debug][gc,heap        ] GC(29)  garbage-first heap   total 131072K, used 53537K [0x000001b144000000, 0x000001e844000000)
[2026-08-03T16:38:08.297+0900][1.787s][debug][gc,heap        ] GC(29)   region size 32768K, 1 young (32768K), 0 survivors (0K)
[2026-08-03T16:38:08.297+0900][1.787s][debug][gc,heap        ] GC(29)  Metaspace       used 9662K, committed 9920K, reserved 1114112K
[2026-08-03T16:38:08.297+0900][1.787s][debug][gc,heap        ] GC(29)   class space    used 901K, committed 1024K, reserved 1048576K
[2026-08-03T16:38:08.297+0900][1.787s][info ][gc,task        ] GC(29) Using 3 workers of 18 for evacuation
[2026-08-03T16:38:08.309+0900][1.799s][info ][gc,phases      ] GC(29)   Pre Evacuate Collection Set: 0.0ms
[2026-08-03T16:38:08.309+0900][1.799s][info ][gc,phases      ] GC(29)   Merge Heap Roots: 0.3ms
[2026-08-03T16:38:08.309+0900][1.799s][info ][gc,phases      ] GC(29)   Evacuate Collection Set: 11.3ms
[2026-08-03T16:38:08.309+0900][1.799s][info ][gc,phases      ] GC(29)   Post Evacuate Collection Set: 0.2ms
[2026-08-03T16:38:08.309+0900][1.799s][info ][gc,phases      ] GC(29)   Other: 0.1ms
[2026-08-03T16:38:08.309+0900][1.799s][info ][gc,heap        ] GC(29) Eden regions: 1->0(1)
[2026-08-03T16:38:08.309+0900][1.799s][info ][gc,heap        ] GC(29) Survivor regions: 0->1(1)
[2026-08-03T16:38:08.309+0900][1.799s][info ][gc,heap        ] GC(29) Old regions: 1->1
[2026-08-03T16:38:08.309+0900][1.799s][info ][gc,heap        ] GC(29) Archive regions: 0->0
[2026-08-03T16:38:08.309+0900][1.799s][info ][gc,heap        ] GC(29) Humongous regions: 0->0
[2026-08-03T16:38:08.309+0900][1.799s][info ][gc,metaspace   ] GC(29) Metaspace: 9662K(9920K)->9662K(9920K) NonClass: 8761K(8896K)->8761K(8896K) Class: 901K(1024K)->901K(1024K)
[2026-08-03T16:38:08.309+0900][1.799s][debug][gc,heap        ] GC(29) Heap after GC invocations=30 (full 29):
[2026-08-03T16:38:08.309+0900][1.799s][debug][gc,heap        ] GC(29)  garbage-first heap   total 131072K, used 37038K [0x000001b144000000, 0x000001e844000000)
[2026-08-03T16:38:08.309+0900][1.799s][debug][gc,heap        ] GC(29)   region size 32768K, 1 young (32768K), 1 survivors (32768K)
[2026-08-03T16:38:08.309+0900][1.799s][debug][gc,heap        ] GC(29)  Metaspace       used 9662K, committed 9920K, reserved 1114112K
[2026-08-03T16:38:08.309+0900][1.799s][debug][gc,heap        ] GC(29)   class space    used 901K, committed 1024K, reserved 1048576K
[2026-08-03T16:38:08.309+0900][1.799s][info ][gc             ] GC(29) Pause Young (Normal) (G1 Evacuation Pause) 52M->36M(128M) 12.342ms
[2026-08-03T16:38:08.309+0900][1.799s][info ][gc,cpu         ] GC(29) User=0.00s Sys=0.00s Real=0.01s
[2026-08-03T16:38:08.309+0900][1.799s][info ][safepoint      ] Safepoint "G1CollectForAllocation", Time since last: 67832300 ns, Reaching safepoint: 34000 ns, At safepoint: 12410600 ns, Total: 12444600 ns
[2026-08-03T16:38:08.363+0900][1.853s][info ][gc,start       ] GC(30) Pause Young (Normal) (G1 Evacuation Pause)
[2026-08-03T16:38:08.363+0900][1.853s][debug][gc,heap        ] GC(30) Heap before GC invocations=30 (full 29):
[2026-08-03T16:38:08.363+0900][1.853s][debug][gc,heap        ] GC(30)  garbage-first heap   total 131072K, used 69806K [0x000001b144000000, 0x000001e844000000)
[2026-08-03T16:38:08.363+0900][1.853s][debug][gc,heap        ] GC(30)   region size 32768K, 2 young (65536K), 1 survivors (32768K)
[2026-08-03T16:38:08.363+0900][1.853s][debug][gc,heap        ] GC(30)  Metaspace       used 9662K, committed 9920K, reserved 1114112K
[2026-08-03T16:38:08.363+0900][1.853s][debug][gc,heap        ] GC(30)   class space    used 901K, committed 1024K, reserved 1048576K
[2026-08-03T16:38:08.363+0900][1.853s][info ][gc,task        ] GC(30) Using 3 workers of 18 for evacuation
[2026-08-03T16:38:08.382+0900][1.872s][info ][gc,phases      ] GC(30)   Pre Evacuate Collection Set: 0.1ms
[2026-08-03T16:38:08.382+0900][1.872s][info ][gc,phases      ] GC(30)   Merge Heap Roots: 0.2ms
[2026-08-03T16:38:08.382+0900][1.872s][info ][gc,phases      ] GC(30)   Evacuate Collection Set: 19.1ms
[2026-08-03T16:38:08.382+0900][1.872s][info ][gc,phases      ] GC(30)   Post Evacuate Collection Set: 0.2ms
[2026-08-03T16:38:08.382+0900][1.872s][info ][gc,phases      ] GC(30)   Other: 0.1ms
[2026-08-03T16:38:08.382+0900][1.872s][info ][gc,heap        ] GC(30) Eden regions: 1->0(1)
[2026-08-03T16:38:08.382+0900][1.872s][info ][gc,heap        ] GC(30) Survivor regions: 1->1(1)
[2026-08-03T16:38:08.382+0900][1.872s][info ][gc,heap        ] GC(30) Old regions: 1->1
[2026-08-03T16:38:08.382+0900][1.872s][info ][gc,heap        ] GC(30) Archive regions: 0->0
[2026-08-03T16:38:08.382+0900][1.872s][info ][gc,heap        ] GC(30) Humongous regions: 0->0
[2026-08-03T16:38:08.382+0900][1.872s][info ][gc,metaspace   ] GC(30) Metaspace: 9662K(9920K)->9662K(9920K) NonClass: 8761K(8896K)->8761K(8896K) Class: 901K(1024K)->901K(1024K)
[2026-08-03T16:38:08.383+0900][1.872s][debug][gc,heap        ] GC(30) Heap after GC invocations=31 (full 29):
[2026-08-03T16:38:08.383+0900][1.873s][debug][gc,heap        ] GC(30)  garbage-first heap   total 131072K, used 53319K [0x000001b144000000, 0x000001e844000000)
[2026-08-03T16:38:08.383+0900][1.873s][debug][gc,heap        ] GC(30)   region size 32768K, 1 young (32768K), 1 survivors (32768K)
[2026-08-03T16:38:08.383+0900][1.873s][debug][gc,heap        ] GC(30)  Metaspace       used 9662K, committed 9920K, reserved 1114112K
[2026-08-03T16:38:08.383+0900][1.873s][debug][gc,heap        ] GC(30)   class space    used 901K, committed 1024K, reserved 1048576K
[2026-08-03T16:38:08.383+0900][1.873s][info ][gc             ] GC(30) Pause Young (Normal) (G1 Evacuation Pause) 68M->52M(128M) 19.961ms
[2026-08-03T16:38:08.383+0900][1.873s][info ][gc,cpu         ] GC(30) User=0.06s Sys=0.00s Real=0.02s
[2026-08-03T16:38:08.383+0900][1.873s][info ][safepoint      ] Safepoint "G1CollectForAllocation", Time since last: 53441400 ns, Reaching safepoint: 31800 ns, At safepoint: 20030600 ns, Total: 20062400 ns
[2026-08-03T16:38:08.403+0900][1.893s][info ][gc,start       ] GC(31) Pause Young (Normal) (G1 Evacuation Pause)
[2026-08-03T16:38:08.403+0900][1.893s][debug][gc,heap        ] GC(31) Heap before GC invocations=31 (full 29):
[2026-08-03T16:38:08.403+0900][1.893s][debug][gc,heap        ] GC(31)  garbage-first heap   total 131072K, used 86087K [0x000001b144000000, 0x000001e844000000)
[2026-08-03T16:38:08.403+0900][1.893s][debug][gc,heap        ] GC(31)   region size 32768K, 2 young (65536K), 1 survivors (32768K)
[2026-08-03T16:38:08.403+0900][1.893s][debug][gc,heap        ] GC(31)  Metaspace       used 9664K, committed 9920K, reserved 1114112K
[2026-08-03T16:38:08.403+0900][1.893s][debug][gc,heap        ] GC(31)   class space    used 901K, committed 1024K, reserved 1048576K
[2026-08-03T16:38:08.403+0900][1.893s][info ][gc,task        ] GC(31) Using 3 workers of 18 for evacuation
[2026-08-03T16:38:08.430+0900][1.920s][info ][gc,phases      ] GC(31)   Pre Evacuate Collection Set: 0.0ms
[2026-08-03T16:38:08.430+0900][1.920s][info ][gc,phases      ] GC(31)   Merge Heap Roots: 0.1ms
[2026-08-03T16:38:08.430+0900][1.920s][info ][gc,phases      ] GC(31)   Evacuate Collection Set: 26.9ms
[2026-08-03T16:38:08.430+0900][1.921s][info ][gc,phases      ] GC(31)   Post Evacuate Collection Set: 0.4ms
[2026-08-03T16:38:08.430+0900][1.921s][info ][gc,phases      ] GC(31)   Other: 0.1ms
[2026-08-03T16:38:08.430+0900][1.921s][info ][gc,heap        ] GC(31) Eden regions: 1->0(1)
[2026-08-03T16:38:08.430+0900][1.921s][info ][gc,heap        ] GC(31) Survivor regions: 1->1(1)
[2026-08-03T16:38:08.430+0900][1.921s][info ][gc,heap        ] GC(31) Old regions: 1->2
[2026-08-03T16:38:08.430+0900][1.921s][info ][gc,heap        ] GC(31) Archive regions: 0->0
[2026-08-03T16:38:08.430+0900][1.921s][info ][gc,heap        ] GC(31) Humongous regions: 0->0
[2026-08-03T16:38:08.430+0900][1.921s][info ][gc,metaspace   ] GC(31) Metaspace: 9664K(9920K)->9664K(9920K) NonClass: 8763K(8896K)->8763K(8896K) Class: 901K(1024K)->901K(1024K)
[2026-08-03T16:38:08.430+0900][1.921s][debug][gc,heap        ] GC(31) Heap after GC invocations=32 (full 29):
[2026-08-03T16:38:08.430+0900][1.921s][debug][gc,heap        ] GC(31)  garbage-first heap   total 163840K, used 68202K [0x000001b144000000, 0x000001e844000000)
[2026-08-03T16:38:08.430+0900][1.921s][debug][gc,heap        ] GC(31)   region size 32768K, 1 young (32768K), 1 survivors (32768K)
[2026-08-03T16:38:08.430+0900][1.921s][debug][gc,heap        ] GC(31)  Metaspace       used 9664K, committed 9920K, reserved 1114112K
[2026-08-03T16:38:08.430+0900][1.921s][debug][gc,heap        ] GC(31)   class space    used 901K, committed 1024K, reserved 1048576K
[2026-08-03T16:38:08.430+0900][1.921s][info ][gc             ] GC(31) Pause Young (Normal) (G1 Evacuation Pause) 84M->66M(160M) 27.968ms
[2026-08-03T16:38:08.430+0900][1.921s][info ][gc,cpu         ] GC(31) User=0.11s Sys=0.00s Real=0.03s
[2026-08-03T16:38:08.430+0900][1.921s][info ][safepoint      ] Safepoint "G1CollectForAllocation", Time since last: 20032500 ns, Reaching safepoint: 26800 ns, At safepoint: 28034600 ns, Total: 28061400 ns
[2026-08-03T16:38:08.480+0900][1.970s][info ][gc,start       ] GC(32) Pause Young (Normal) (G1 Evacuation Pause)
[2026-08-03T16:38:08.480+0900][1.970s][debug][gc,heap        ] GC(32) Heap before GC invocations=32 (full 29):
[2026-08-03T16:38:08.480+0900][1.970s][debug][gc,heap        ] GC(32)  garbage-first heap   total 163840K, used 100970K [0x000001b144000000, 0x000001e844000000)
[2026-08-03T16:38:08.480+0900][1.970s][debug][gc,heap        ] GC(32)   region size 32768K, 2 young (65536K), 1 survivors (32768K)
[2026-08-03T16:38:08.480+0900][1.970s][debug][gc,heap        ] GC(32)  Metaspace       used 9686K, committed 9984K, reserved 1114112K
[2026-08-03T16:38:08.480+0900][1.970s][debug][gc,heap        ] GC(32)   class space    used 901K, committed 1024K, reserved 1048576K
[2026-08-03T16:38:08.480+0900][1.970s][info ][gc,task        ] GC(32) Using 3 workers of 18 for evacuation
[2026-08-03T16:38:08.505+0900][1.995s][info ][gc,phases      ] GC(32)   Pre Evacuate Collection Set: 0.1ms
[2026-08-03T16:38:08.505+0900][1.995s][info ][gc,phases      ] GC(32)   Merge Heap Roots: 0.1ms
[2026-08-03T16:38:08.505+0900][1.995s][info ][gc,phases      ] GC(32)   Evacuate Collection Set: 22.1ms
[2026-08-03T16:38:08.505+0900][1.995s][info ][gc,phases      ] GC(32)   Post Evacuate Collection Set: 2.1ms
[2026-08-03T16:38:08.505+0900][1.995s][info ][gc,phases      ] GC(32)   Other: 0.1ms
[2026-08-03T16:38:08.505+0900][1.995s][info ][gc,heap        ] GC(32) Eden regions: 1->0(1)
[2026-08-03T16:38:08.505+0900][1.995s][info ][gc,heap        ] GC(32) Survivor regions: 1->1(1)
[2026-08-03T16:38:08.505+0900][1.995s][info ][gc,heap        ] GC(32) Old regions: 2->3
[2026-08-03T16:38:08.505+0900][1.995s][info ][gc,heap        ] GC(32) Archive regions: 0->0
[2026-08-03T16:38:08.505+0900][1.995s][info ][gc,heap        ] GC(32) Humongous regions: 0->0
[2026-08-03T16:38:08.505+0900][1.995s][info ][gc,metaspace   ] GC(32) Metaspace: 9686K(9984K)->9686K(9984K) NonClass: 8785K(8960K)->8785K(8960K) Class: 901K(1024K)->901K(1024K)
[2026-08-03T16:38:08.505+0900][1.995s][debug][gc,heap        ] GC(32) Heap after GC invocations=33 (full 29):
[2026-08-03T16:38:08.505+0900][1.995s][debug][gc,heap        ] GC(32)  garbage-first heap   total 1146880K, used 83332K [0x000001b144000000, 0x000001e844000000)
[2026-08-03T16:38:08.505+0900][1.995s][debug][gc,heap        ] GC(32)   region size 32768K, 1 young (32768K), 1 survivors (32768K)
[2026-08-03T16:38:08.505+0900][1.995s][debug][gc,heap        ] GC(32)  Metaspace       used 9686K, committed 9984K, reserved 1114112K
[2026-08-03T16:38:08.505+0900][1.995s][debug][gc,heap        ] GC(32)   class space    used 901K, committed 1024K, reserved 1048576K
[2026-08-03T16:38:08.505+0900][1.995s][info ][gc             ] GC(32) Pause Young (Normal) (G1 Evacuation Pause) 98M->81M(1120M) 24.788ms
[2026-08-03T16:38:08.505+0900][1.995s][info ][gc,cpu         ] GC(32) User=0.11s Sys=0.03s Real=0.03s
[2026-08-03T16:38:08.505+0900][1.995s][info ][safepoint      ] Safepoint "G1CollectForAllocation", Time since last: 49435600 ns, Reaching safepoint: 76600 ns, At safepoint: 24954400 ns, Total: 25031000 ns
[2026-08-03T16:38:08.510+0900][1.999s][info ][gc,start       ] GC(33) Pause Full (System.gc())
[2026-08-03T16:38:08.510+0900][2.000s][debug][gc,heap        ] GC(33) Heap before GC invocations=33 (full 29):
[2026-08-03T16:38:08.510+0900][2.000s][debug][gc,heap        ] GC(33)  garbage-first heap   total 1146880K, used 83332K [0x000001b144000000, 0x000001e844000000)
[2026-08-03T16:38:08.510+0900][2.000s][debug][gc,heap        ] GC(33)   region size 32768K, 2 young (65536K), 1 survivors (32768K)
[2026-08-03T16:38:08.510+0900][2.000s][debug][gc,heap        ] GC(33)  Metaspace       used 9686K, committed 9984K, reserved 1114112K
[2026-08-03T16:38:08.510+0900][2.000s][debug][gc,heap        ] GC(33)   class space    used 901K, committed 1024K, reserved 1048576K
[2026-08-03T16:38:08.510+0900][2.000s][info ][gc,task        ] GC(33) Using 2 workers of 18 for full compaction
[2026-08-03T16:38:08.510+0900][2.000s][info ][gc,phases,start] GC(33) Phase 1: Mark live objects
[2026-08-03T16:38:08.548+0900][2.038s][info ][gc,phases      ] GC(33) Phase 1: Mark live objects 38.236ms
[2026-08-03T16:38:08.548+0900][2.038s][info ][gc,phases,start] GC(33) Phase 2: Prepare for compaction
[2026-08-03T16:38:08.554+0900][2.045s][info ][gc,phases      ] GC(33) Phase 2: Prepare for compaction 6.686ms
[2026-08-03T16:38:08.554+0900][2.045s][info ][gc,phases,start] GC(33) Phase 3: Adjust pointers
[2026-08-03T16:38:08.570+0900][2.060s][info ][gc,phases      ] GC(33) Phase 3: Adjust pointers 14.979ms
[2026-08-03T16:38:08.570+0900][2.060s][info ][gc,phases,start] GC(33) Phase 4: Compact heap
[2026-08-03T16:38:08.577+0900][2.068s][info ][gc,phases      ] GC(33) Phase 4: Compact heap 8.152ms
[2026-08-03T16:38:08.581+0900][2.071s][debug][gc,heap        ] GC(33) Uncommittable regions after shrink: 21
[2026-08-03T16:38:08.582+0900][2.073s][info ][gc,heap        ] GC(33) Eden regions: 1->0(1)
[2026-08-03T16:38:08.582+0900][2.073s][info ][gc,heap        ] GC(33) Survivor regions: 1->0(1)
[2026-08-03T16:38:08.582+0900][2.073s][info ][gc,heap        ] GC(33) Old regions: 3->4
[2026-08-03T16:38:08.582+0900][2.073s][info ][gc,heap        ] GC(33) Archive regions: 0->0
[2026-08-03T16:38:08.582+0900][2.073s][info ][gc,heap        ] GC(33) Humongous regions: 0->0
[2026-08-03T16:38:08.582+0900][2.073s][info ][gc,metaspace   ] GC(33) Metaspace: 9686K(9984K)->9686K(9984K) NonClass: 8785K(8960K)->8785K(8960K) Class: 901K(1024K)->901K(1024K)
[2026-08-03T16:38:08.582+0900][2.073s][debug][gc,heap        ] GC(33) Heap after GC invocations=34 (full 30):
[2026-08-03T16:38:08.582+0900][2.073s][debug][gc,heap        ] GC(33)  garbage-first heap   total 458752K, used 82534K [0x000001b144000000, 0x000001e844000000)
[2026-08-03T16:38:08.582+0900][2.073s][debug][gc,heap        ] GC(33)   region size 32768K, 0 young (0K), 0 survivors (0K)
[2026-08-03T16:38:08.582+0900][2.073s][debug][gc,heap        ] GC(33)  Metaspace       used 9686K, committed 9984K, reserved 1114112K
[2026-08-03T16:38:08.582+0900][2.073s][debug][gc,heap        ] GC(33)   class space    used 901K, committed 1024K, reserved 1048576K
[2026-08-03T16:38:08.582+0900][2.073s][info ][gc             ] GC(33) Pause Full (System.gc()) 83M->80M(448M) 73.222ms
[2026-08-03T16:38:08.582+0900][2.073s][info ][gc,cpu         ] GC(33) User=0.16s Sys=0.02s Real=0.07s
[2026-08-03T16:38:08.582+0900][2.073s][info ][safepoint      ] Safepoint "G1CollectFull", Time since last: 4243800 ns, Reaching safepoint: 32000 ns, At safepoint: 73285700 ns, Total: 73317700 ns
[2026-08-03T16:38:08.615+0900][2.106s][info ][gc,start       ] GC(34) Pause Young (Normal) (G1 Evacuation Pause)
[2026-08-03T16:38:08.615+0900][2.106s][debug][gc,heap        ] GC(34) Heap before GC invocations=34 (full 30):
[2026-08-03T16:38:08.615+0900][2.106s][debug][gc,heap        ] GC(34)  garbage-first heap   total 458752K, used 115302K [0x000001b144000000, 0x000001e844000000)
[2026-08-03T16:38:08.615+0900][2.106s][debug][gc,heap        ] GC(34)   region size 32768K, 1 young (32768K), 0 survivors (0K)
[2026-08-03T16:38:08.615+0900][2.106s][debug][gc,heap        ] GC(34)  Metaspace       used 9688K, committed 9984K, reserved 1114112K
[2026-08-03T16:38:08.615+0900][2.106s][debug][gc,heap        ] GC(34)   class space    used 901K, committed 1024K, reserved 1048576K
[2026-08-03T16:38:08.616+0900][2.106s][info ][gc,task        ] GC(34) Using 10 workers of 18 for evacuation
[2026-08-03T16:38:08.620+0900][2.110s][info ][gc,phases      ] GC(34)   Pre Evacuate Collection Set: 0.1ms
[2026-08-03T16:38:08.620+0900][2.110s][info ][gc,phases      ] GC(34)   Merge Heap Roots: 0.2ms
[2026-08-03T16:38:08.620+0900][2.110s][info ][gc,phases      ] GC(34)   Evacuate Collection Set: 3.8ms
[2026-08-03T16:38:08.620+0900][2.110s][info ][gc,phases      ] GC(34)   Post Evacuate Collection Set: 0.2ms
[2026-08-03T16:38:08.620+0900][2.110s][info ][gc,phases      ] GC(34)   Other: 0.1ms
[2026-08-03T16:38:08.620+0900][2.110s][info ][gc,heap        ] GC(34) Eden regions: 1->0(1)
[2026-08-03T16:38:08.620+0900][2.110s][info ][gc,heap        ] GC(34) Survivor regions: 0->1(1)
[2026-08-03T16:38:08.620+0900][2.110s][info ][gc,heap        ] GC(34) Old regions: 4->4
[2026-08-03T16:38:08.620+0900][2.110s][info ][gc,heap        ] GC(34) Archive regions: 0->0
[2026-08-03T16:38:08.620+0900][2.110s][info ][gc,heap        ] GC(34) Humongous regions: 0->0
[2026-08-03T16:38:08.620+0900][2.110s][info ][gc,metaspace   ] GC(34) Metaspace: 9688K(9984K)->9688K(9984K) NonClass: 8787K(8960K)->8787K(8960K) Class: 901K(1024K)->901K(1024K)
[2026-08-03T16:38:08.620+0900][2.110s][debug][gc,heap        ] GC(34) Heap after GC invocations=35 (full 30):
[2026-08-03T16:38:08.620+0900][2.110s][debug][gc,heap        ] GC(34)  garbage-first heap   total 458752K, used 99960K [0x000001b144000000, 0x000001e844000000)
[2026-08-03T16:38:08.620+0900][2.110s][debug][gc,heap        ] GC(34)   region size 32768K, 1 young (32768K), 1 survivors (32768K)
[2026-08-03T16:38:08.620+0900][2.110s][debug][gc,heap        ] GC(34)  Metaspace       used 9688K, committed 9984K, reserved 1114112K
[2026-08-03T16:38:08.620+0900][2.110s][debug][gc,heap        ] GC(34)   class space    used 901K, committed 1024K, reserved 1048576K
[2026-08-03T16:38:08.620+0900][2.110s][info ][gc             ] GC(34) Pause Young (Normal) (G1 Evacuation Pause) 112M->97M(448M) 4.741ms
[2026-08-03T16:38:08.620+0900][2.110s][info ][gc,cpu         ] GC(34) User=0.00s Sys=0.00s Real=0.00s
[2026-08-03T16:38:08.620+0900][2.110s][info ][safepoint      ] Safepoint "G1CollectForAllocation", Time since last: 32714100 ns, Reaching safepoint: 101700 ns, At safepoint: 4786400 ns, Total: 4888100 ns
[2026-08-03T16:38:08.674+0900][2.164s][info ][gc,start       ] GC(35) Pause Young (Normal) (G1 Evacuation Pause)
[2026-08-03T16:38:08.674+0900][2.164s][debug][gc,heap        ] GC(35) Heap before GC invocations=35 (full 30):
[2026-08-03T16:38:08.674+0900][2.164s][debug][gc,heap        ] GC(35)  garbage-first heap   total 458752K, used 132728K [0x000001b144000000, 0x000001e844000000)
[2026-08-03T16:38:08.674+0900][2.164s][debug][gc,heap        ] GC(35)   region size 32768K, 2 young (65536K), 1 survivors (32768K)
[2026-08-03T16:38:08.674+0900][2.164s][debug][gc,heap        ] GC(35)  Metaspace       used 9799K, committed 10048K, reserved 1114112K
[2026-08-03T16:38:08.674+0900][2.164s][debug][gc,heap        ] GC(35)   class space    used 914K, committed 1024K, reserved 1048576K
[2026-08-03T16:38:08.674+0900][2.164s][info ][gc,task        ] GC(35) Using 10 workers of 18 for evacuation
[2026-08-03T16:38:08.680+0900][2.170s][info ][gc,phases      ] GC(35)   Pre Evacuate Collection Set: 0.1ms
[2026-08-03T16:38:08.680+0900][2.170s][info ][gc,phases      ] GC(35)   Merge Heap Roots: 0.1ms
[2026-08-03T16:38:08.680+0900][2.170s][info ][gc,phases      ] GC(35)   Evacuate Collection Set: 5.8ms
[2026-08-03T16:38:08.680+0900][2.170s][info ][gc,phases      ] GC(35)   Post Evacuate Collection Set: 0.2ms
[2026-08-03T16:38:08.680+0900][2.170s][info ][gc,phases      ] GC(35)   Other: 0.1ms
[2026-08-03T16:38:08.680+0900][2.170s][info ][gc,heap        ] GC(35) Eden regions: 1->0(1)
[2026-08-03T16:38:08.680+0900][2.170s][info ][gc,heap        ] GC(35) Survivor regions: 1->1(1)
[2026-08-03T16:38:08.680+0900][2.170s][info ][gc,heap        ] GC(35) Old regions: 4->4
[2026-08-03T16:38:08.680+0900][2.170s][info ][gc,heap        ] GC(35) Archive regions: 0->0
[2026-08-03T16:38:08.680+0900][2.170s][info ][gc,heap        ] GC(35) Humongous regions: 0->0
[2026-08-03T16:38:08.680+0900][2.170s][info ][gc,metaspace   ] GC(35) Metaspace: 9799K(10048K)->9799K(10048K) NonClass: 8884K(9024K)->8884K(9024K) Class: 914K(1024K)->914K(1024K)
[2026-08-03T16:38:08.680+0900][2.170s][debug][gc,heap        ] GC(35) Heap after GC invocations=36 (full 30):
[2026-08-03T16:38:08.680+0900][2.170s][debug][gc,heap        ] GC(35)  garbage-first heap   total 458752K, used 111556K [0x000001b144000000, 0x000001e844000000)
[2026-08-03T16:38:08.681+0900][2.170s][debug][gc,heap        ] GC(35)   region size 32768K, 1 young (32768K), 1 survivors (32768K)
[2026-08-03T16:38:08.681+0900][2.170s][debug][gc,heap        ] GC(35)  Metaspace       used 9799K, committed 10048K, reserved 1114112K
[2026-08-03T16:38:08.681+0900][2.170s][debug][gc,heap        ] GC(35)   class space    used 914K, committed 1024K, reserved 1048576K
[2026-08-03T16:38:08.681+0900][2.170s][info ][gc             ] GC(35) Pause Young (Normal) (G1 Evacuation Pause) 129M->108M(448M) 6.633ms
[2026-08-03T16:38:08.681+0900][2.170s][info ][gc,cpu         ] GC(35) User=0.00s Sys=0.00s Real=0.01s
[2026-08-03T16:38:08.681+0900][2.170s][info ][safepoint      ] Safepoint "G1CollectForAllocation", Time since last: 53050100 ns, Reaching safepoint: 100900 ns, At safepoint: 6688300 ns, Total: 6789200 ns
[2026-08-03T16:38:08.767+0900][2.257s][debug][gc,heap        ] Concurrent Uncommit Summary: 672M, 21 regions, 7.248ms
[2026-08-03T16:38:08.788+0900][2.278s][info ][gc,start       ] GC(36) Pause Young (Normal) (G1 Evacuation Pause)
[2026-08-03T16:38:08.788+0900][2.278s][debug][gc,heap        ] GC(36) Heap before GC invocations=36 (full 30):
[2026-08-03T16:38:08.788+0900][2.278s][debug][gc,heap        ] GC(36)  garbage-first heap   total 458752K, used 144324K [0x000001b144000000, 0x000001e844000000)
[2026-08-03T16:38:08.788+0900][2.278s][debug][gc,heap        ] GC(36)   region size 32768K, 2 young (65536K), 1 survivors (32768K)
[2026-08-03T16:38:08.788+0900][2.278s][debug][gc,heap        ] GC(36)  Metaspace       used 10393K, committed 10752K, reserved 1114112K
[2026-08-03T16:38:08.788+0900][2.278s][debug][gc,heap        ] GC(36)   class space    used 959K, committed 1152K, reserved 1048576K
[2026-08-03T16:38:08.788+0900][2.278s][info ][gc,task        ] GC(36) Using 10 workers of 18 for evacuation
[2026-08-03T16:38:08.793+0900][2.283s][info ][gc,phases      ] GC(36)   Pre Evacuate Collection Set: 0.1ms
[2026-08-03T16:38:08.793+0900][2.283s][info ][gc,phases      ] GC(36)   Merge Heap Roots: 0.1ms
[2026-08-03T16:38:08.793+0900][2.283s][info ][gc,phases      ] GC(36)   Evacuate Collection Set: 4.7ms
[2026-08-03T16:38:08.793+0900][2.283s][info ][gc,phases      ] GC(36)   Post Evacuate Collection Set: 0.4ms
[2026-08-03T16:38:08.793+0900][2.283s][info ][gc,phases      ] GC(36)   Other: 0.1ms
[2026-08-03T16:38:08.793+0900][2.283s][info ][gc,heap        ] GC(36) Eden regions: 1->0(1)
[2026-08-03T16:38:08.793+0900][2.283s][info ][gc,heap        ] GC(36) Survivor regions: 1->1(1)
[2026-08-03T16:38:08.793+0900][2.283s][info ][gc,heap        ] GC(36) Old regions: 4->5
[2026-08-03T16:38:08.793+0900][2.283s][info ][gc,heap        ] GC(36) Archive regions: 0->0
[2026-08-03T16:38:08.793+0900][2.283s][info ][gc,heap        ] GC(36) Humongous regions: 0->0
[2026-08-03T16:38:08.793+0900][2.283s][info ][gc,metaspace   ] GC(36) Metaspace: 10393K(10752K)->10393K(10752K) NonClass: 9434K(9600K)->9434K(9600K) Class: 959K(1152K)->959K(1152K)
[2026-08-03T16:38:08.793+0900][2.283s][debug][gc,heap        ] GC(36) Heap after GC invocations=37 (full 30):
[2026-08-03T16:38:08.793+0900][2.283s][debug][gc,heap        ] GC(36)  garbage-first heap   total 458752K, used 118500K [0x000001b144000000, 0x000001e844000000)
[2026-08-03T16:38:08.793+0900][2.283s][debug][gc,heap        ] GC(36)   region size 32768K, 1 young (32768K), 1 survivors (32768K)
[2026-08-03T16:38:08.793+0900][2.283s][debug][gc,heap        ] GC(36)  Metaspace       used 10393K, committed 10752K, reserved 1114112K
[2026-08-03T16:38:08.793+0900][2.283s][debug][gc,heap        ] GC(36)   class space    used 959K, committed 1152K, reserved 1048576K
[2026-08-03T16:38:08.793+0900][2.283s][info ][gc             ] GC(36) Pause Young (Normal) (G1 Evacuation Pause) 140M->115M(448M) 5.609ms
[2026-08-03T16:38:08.793+0900][2.283s][info ][gc,cpu         ] GC(36) User=0.00s Sys=0.00s Real=0.00s
[2026-08-03T16:38:08.793+0900][2.283s][info ][safepoint      ] Safepoint "G1CollectForAllocation", Time since last: 107360400 ns, Reaching safepoint: 63700 ns, At safepoint: 5664600 ns, Total: 5728300 ns
[2026-08-03T16:38:08.831+0900][2.322s][info ][gc,start       ] GC(37) Pause Young (Normal) (G1 Evacuation Pause)
[2026-08-03T16:38:08.831+0900][2.322s][debug][gc,heap        ] GC(37) Heap before GC invocations=37 (full 30):
[2026-08-03T16:38:08.831+0900][2.322s][debug][gc,heap        ] GC(37)  garbage-first heap   total 458752K, used 151268K [0x000001b144000000, 0x000001e844000000)
[2026-08-03T16:38:08.831+0900][2.322s][debug][gc,heap        ] GC(37)   region size 32768K, 2 young (65536K), 1 survivors (32768K)
[2026-08-03T16:38:08.831+0900][2.322s][debug][gc,heap        ] GC(37)  Metaspace       used 10401K, committed 10752K, reserved 1114112K
[2026-08-03T16:38:08.831+0900][2.322s][debug][gc,heap        ] GC(37)   class space    used 959K, committed 1152K, reserved 1048576K
[2026-08-03T16:38:08.831+0900][2.322s][info ][gc,task        ] GC(37) Using 10 workers of 18 for evacuation
[2026-08-03T16:38:08.840+0900][2.330s][info ][gc,phases      ] GC(37)   Pre Evacuate Collection Set: 0.1ms
[2026-08-03T16:38:08.840+0900][2.330s][info ][gc,phases      ] GC(37)   Merge Heap Roots: 0.1ms
[2026-08-03T16:38:08.840+0900][2.330s][info ][gc,phases      ] GC(37)   Evacuate Collection Set: 6.0ms
[2026-08-03T16:38:08.840+0900][2.330s][info ][gc,phases      ] GC(37)   Post Evacuate Collection Set: 1.8ms
[2026-08-03T16:38:08.840+0900][2.330s][info ][gc,phases      ] GC(37)   Other: 0.1ms
[2026-08-03T16:38:08.840+0900][2.330s][info ][gc,heap        ] GC(37) Eden regions: 1->0(5)
[2026-08-03T16:38:08.840+0900][2.330s][info ][gc,heap        ] GC(37) Survivor regions: 1->1(1)
[2026-08-03T16:38:08.840+0900][2.330s][info ][gc,heap        ] GC(37) Old regions: 5->5
[2026-08-03T16:38:08.840+0900][2.330s][info ][gc,heap        ] GC(37) Archive regions: 0->0
[2026-08-03T16:38:08.840+0900][2.330s][info ][gc,heap        ] GC(37) Humongous regions: 0->0
[2026-08-03T16:38:08.840+0900][2.330s][info ][gc,metaspace   ] GC(37) Metaspace: 10401K(10752K)->10401K(10752K) NonClass: 9442K(9600K)->9442K(9600K) Class: 959K(1152K)->959K(1152K)
[2026-08-03T16:38:08.840+0900][2.330s][debug][gc,heap        ] GC(37) Heap after GC invocations=38 (full 30):
[2026-08-03T16:38:08.840+0900][2.330s][debug][gc,heap        ] GC(37)  garbage-first heap   total 1277952K, used 133965K [0x000001b144000000, 0x000001e844000000)
[2026-08-03T16:38:08.840+0900][2.330s][debug][gc,heap        ] GC(37)   region size 32768K, 1 young (32768K), 1 survivors (32768K)
[2026-08-03T16:38:08.840+0900][2.330s][debug][gc,heap        ] GC(37)  Metaspace       used 10401K, committed 10752K, reserved 1114112K
[2026-08-03T16:38:08.840+0900][2.330s][debug][gc,heap        ] GC(37)   class space    used 959K, committed 1152K, reserved 1048576K
[2026-08-03T16:38:08.840+0900][2.330s][info ][gc             ] GC(37) Pause Young (Normal) (G1 Evacuation Pause) 147M->130M(1248M) 8.392ms
[2026-08-03T16:38:08.840+0900][2.330s][info ][gc,cpu         ] GC(37) User=0.00s Sys=0.00s Real=0.01s
[2026-08-03T16:38:08.840+0900][2.330s][info ][safepoint      ] Safepoint "G1CollectForAllocation", Time since last: 38248600 ns, Reaching safepoint: 45600 ns, At safepoint: 8528300 ns, Total: 8573900 ns
[2026-08-03T16:38:08.957+0900][2.447s][info ][gc,start       ] GC(38) Pause Full (System.gc())
[2026-08-03T16:38:08.957+0900][2.447s][debug][gc,heap        ] GC(38) Heap before GC invocations=38 (full 30):
[2026-08-03T16:38:08.957+0900][2.447s][debug][gc,heap        ] GC(38)  garbage-first heap   total 1277952K, used 166733K [0x000001b144000000, 0x000001e844000000)
[2026-08-03T16:38:08.957+0900][2.447s][debug][gc,heap        ] GC(38)   region size 32768K, 3 young (98304K), 1 survivors (32768K)
[2026-08-03T16:38:08.957+0900][2.447s][debug][gc,heap        ] GC(38)  Metaspace       used 10456K, committed 10816K, reserved 1114112K
[2026-08-03T16:38:08.957+0900][2.447s][debug][gc,heap        ] GC(38)   class space    used 963K, committed 1152K, reserved 1048576K
[2026-08-03T16:38:08.957+0900][2.447s][info ][gc,task        ] GC(38) Using 2 workers of 18 for full compaction
[2026-08-03T16:38:08.957+0900][2.447s][info ][gc,phases,start] GC(38) Phase 1: Mark live objects
[2026-08-03T16:38:08.985+0900][2.475s][info ][gc,phases      ] GC(38) Phase 1: Mark live objects 27.368ms
[2026-08-03T16:38:08.985+0900][2.475s][info ][gc,phases,start] GC(38) Phase 2: Prepare for compaction
[2026-08-03T16:38:08.989+0900][2.479s][info ][gc,phases      ] GC(38) Phase 2: Prepare for compaction 4.083ms
[2026-08-03T16:38:08.989+0900][2.479s][info ][gc,phases,start] GC(38) Phase 3: Adjust pointers
[2026-08-03T16:38:09.001+0900][2.491s][info ][gc,phases      ] GC(38) Phase 3: Adjust pointers 11.707ms
[2026-08-03T16:38:09.001+0900][2.491s][info ][gc,phases,start] GC(38) Phase 4: Compact heap
[2026-08-03T16:38:09.005+0900][2.495s][info ][gc,phases      ] GC(38) Phase 4: Compact heap 4.299ms
[2026-08-03T16:38:09.008+0900][2.498s][debug][gc,heap        ] GC(38) Uncommittable regions after shrink: 29
[2026-08-03T16:38:09.011+0900][2.500s][info ][gc,heap        ] GC(38) Eden regions: 2->0(2)
[2026-08-03T16:38:09.011+0900][2.500s][info ][gc,heap        ] GC(38) Survivor regions: 1->0(1)
[2026-08-03T16:38:09.011+0900][2.500s][info ][gc,heap        ] GC(38) Old regions: 5->3
[2026-08-03T16:38:09.011+0900][2.500s][info ][gc,heap        ] GC(38) Archive regions: 0->0
[2026-08-03T16:38:09.011+0900][2.500s][info ][gc,heap        ] GC(38) Humongous regions: 0->0
[2026-08-03T16:38:09.011+0900][2.500s][info ][gc,metaspace   ] GC(38) Metaspace: 10456K(10816K)->10456K(10816K) NonClass: 9492K(9664K)->9492K(9664K) Class: 963K(1152K)->963K(1152K)
[2026-08-03T16:38:09.011+0900][2.500s][debug][gc,heap        ] GC(38) Heap after GC invocations=39 (full 31):
[2026-08-03T16:38:09.011+0900][2.500s][debug][gc,heap        ] GC(38)  garbage-first heap   total 327680K, used 59374K [0x000001b144000000, 0x000001e844000000)
[2026-08-03T16:38:09.011+0900][2.500s][debug][gc,heap        ] GC(38)   region size 32768K, 0 young (0K), 0 survivors (0K)
[2026-08-03T16:38:09.011+0900][2.500s][debug][gc,heap        ] GC(38)  Metaspace       used 10456K, committed 10816K, reserved 1114112K
[2026-08-03T16:38:09.011+0900][2.500s][debug][gc,heap        ] GC(38)   class space    used 963K, committed 1152K, reserved 1048576K
[2026-08-03T16:38:09.011+0900][2.500s][info ][gc             ] GC(38) Pause Full (System.gc()) 190M->57M(320M) 53.211ms
[2026-08-03T16:38:09.011+0900][2.500s][info ][gc,cpu         ] GC(38) User=0.09s Sys=0.00s Real=0.05s
[2026-08-03T16:38:09.011+0900][2.501s][info ][safepoint      ] Safepoint "G1CollectFull", Time since last: 117012100 ns, Reaching safepoint: 43000 ns, At safepoint: 53345800 ns, Total: 53388800 ns
[2026-08-03T16:38:09.038+0900][2.529s][info ][gc,start       ] GC(39) Pause Full (System.gc())
[2026-08-03T16:38:09.038+0900][2.529s][debug][gc,heap        ] GC(39) Heap before GC invocations=39 (full 31):
[2026-08-03T16:38:09.039+0900][2.529s][debug][gc,heap        ] GC(39)  garbage-first heap   total 327680K, used 59374K [0x000001b144000000, 0x000001e844000000)
[2026-08-03T16:38:09.039+0900][2.529s][debug][gc,heap        ] GC(39)   region size 32768K, 1 young (32768K), 0 survivors (0K)
[2026-08-03T16:38:09.039+0900][2.529s][debug][gc,heap        ] GC(39)  Metaspace       used 10456K, committed 10816K, reserved 1114112K
[2026-08-03T16:38:09.039+0900][2.529s][debug][gc,heap        ] GC(39)   class space    used 963K, committed 1152K, reserved 1048576K
[2026-08-03T16:38:09.039+0900][2.529s][info ][gc,task        ] GC(39) Using 1 workers of 18 for full compaction
[2026-08-03T16:38:09.039+0900][2.529s][info ][gc,phases,start] GC(39) Phase 1: Mark live objects
[2026-08-03T16:38:09.060+0900][2.550s][info ][gc,phases      ] GC(39) Phase 1: Mark live objects 20.759ms
[2026-08-03T16:38:09.060+0900][2.550s][info ][gc,phases,start] GC(39) Phase 2: Prepare for compaction
[2026-08-03T16:38:09.064+0900][2.555s][info ][gc,phases      ] GC(39) Phase 2: Prepare for compaction 5.170ms
[2026-08-03T16:38:09.064+0900][2.555s][info ][gc,phases,start] GC(39) Phase 3: Adjust pointers
[2026-08-03T16:38:09.075+0900][2.565s][info ][gc,phases      ] GC(39) Phase 3: Adjust pointers 10.332ms
[2026-08-03T16:38:09.075+0900][2.565s][info ][gc,phases,start] GC(39) Phase 4: Compact heap
[2026-08-03T16:38:09.080+0900][2.569s][info ][gc,phases      ] GC(39) Phase 4: Compact heap 4.096ms
[2026-08-03T16:38:09.080+0900][2.570s][debug][gc,heap        ] GC(39) Uncommittable regions after shrink: 6
[2026-08-03T16:38:09.082+0900][2.572s][info ][gc,heap        ] GC(39) Eden regions: 1->0(1)
[2026-08-03T16:38:09.082+0900][2.572s][info ][gc,heap        ] GC(39) Survivor regions: 0->0(1)
[2026-08-03T16:38:09.082+0900][2.572s][info ][gc,heap        ] GC(39) Old regions: 3->1
[2026-08-03T16:38:09.082+0900][2.572s][info ][gc,heap        ] GC(39) Archive regions: 0->0
[2026-08-03T16:38:09.082+0900][2.572s][info ][gc,heap        ] GC(39) Humongous regions: 0->0
[2026-08-03T16:38:09.082+0900][2.572s][info ][gc,metaspace   ] GC(39) Metaspace: 10456K(10816K)->10456K(10816K) NonClass: 9492K(9664K)->9492K(9664K) Class: 963K(1152K)->963K(1152K)
[2026-08-03T16:38:09.082+0900][2.572s][debug][gc,heap        ] GC(39) Heap after GC invocations=40 (full 32):
[2026-08-03T16:38:09.082+0900][2.572s][debug][gc,heap        ] GC(39)  garbage-first heap   total 131072K, used 21839K [0x000001b144000000, 0x000001e844000000)
[2026-08-03T16:38:09.082+0900][2.572s][debug][gc,heap        ] GC(39)   region size 32768K, 0 young (0K), 0 survivors (0K)
[2026-08-03T16:38:09.082+0900][2.572s][debug][gc,heap        ] GC(39)  Metaspace       used 10456K, committed 10816K, reserved 1114112K
[2026-08-03T16:38:09.082+0900][2.572s][debug][gc,heap        ] GC(39)   class space    used 963K, committed 1152K, reserved 1048576K
[2026-08-03T16:38:09.082+0900][2.572s][info ][gc             ] GC(39) Pause Full (System.gc()) 72M->21M(128M) 43.280ms
[2026-08-03T16:38:09.082+0900][2.572s][info ][gc,cpu         ] GC(39) User=0.05s Sys=0.00s Real=0.04s
[2026-08-03T16:38:09.082+0900][2.572s][info ][safepoint      ] Safepoint "G1CollectFull", Time since last: 28025700 ns, Reaching safepoint: 98500 ns, At safepoint: 43401400 ns, Total: 43499900 ns
[2026-08-03T16:38:09.120+0900][2.611s][info ][gc,start       ] GC(40) Pause Young (Normal) (G1 Evacuation Pause)
[2026-08-03T16:38:09.121+0900][2.611s][debug][gc,heap        ] GC(40) Heap before GC invocations=40 (full 32):
[2026-08-03T16:38:09.121+0900][2.611s][debug][gc,heap        ] GC(40)  garbage-first heap   total 131072K, used 54607K [0x000001b144000000, 0x000001e844000000)
[2026-08-03T16:38:09.121+0900][2.611s][debug][gc,heap        ] GC(40)   region size 32768K, 1 young (32768K), 0 survivors (0K)
[2026-08-03T16:38:09.121+0900][2.611s][debug][gc,heap        ] GC(40)  Metaspace       used 10639K, committed 11008K, reserved 1114112K
[2026-08-03T16:38:09.121+0900][2.611s][debug][gc,heap        ] GC(40)   class space    used 988K, committed 1152K, reserved 1048576K
[2026-08-03T16:38:09.121+0900][2.611s][info ][gc,task        ] GC(40) Using 3 workers of 18 for evacuation
[2026-08-03T16:38:09.131+0900][2.621s][info ][gc,phases      ] GC(40)   Pre Evacuate Collection Set: 0.1ms
[2026-08-03T16:38:09.131+0900][2.621s][info ][gc,phases      ] GC(40)   Merge Heap Roots: 0.2ms
[2026-08-03T16:38:09.131+0900][2.621s][info ][gc,phases      ] GC(40)   Evacuate Collection Set: 8.9ms
[2026-08-03T16:38:09.131+0900][2.621s][info ][gc,phases      ] GC(40)   Post Evacuate Collection Set: 0.3ms
[2026-08-03T16:38:09.131+0900][2.621s][info ][gc,phases      ] GC(40)   Other: 0.1ms
[2026-08-03T16:38:09.131+0900][2.621s][info ][gc,heap        ] GC(40) Eden regions: 1->0(1)
[2026-08-03T16:38:09.131+0900][2.621s][info ][gc,heap        ] GC(40) Survivor regions: 0->1(1)
[2026-08-03T16:38:09.131+0900][2.621s][info ][gc,heap        ] GC(40) Old regions: 1->1
[2026-08-03T16:38:09.131+0900][2.621s][info ][gc,heap        ] GC(40) Archive regions: 0->0
[2026-08-03T16:38:09.131+0900][2.621s][info ][gc,heap        ] GC(40) Humongous regions: 0->0
[2026-08-03T16:38:09.131+0900][2.621s][info ][gc,metaspace   ] GC(40) Metaspace: 10639K(11008K)->10639K(11008K) NonClass: 9650K(9856K)->9650K(9856K) Class: 988K(1152K)->988K(1152K)
[2026-08-03T16:38:09.131+0900][2.621s][debug][gc,heap        ] GC(40) Heap after GC invocations=41 (full 32):
[2026-08-03T16:38:09.131+0900][2.621s][debug][gc,heap        ] GC(40)  garbage-first heap   total 131072K, used 36375K [0x000001b144000000, 0x000001e844000000)
[2026-08-03T16:38:09.131+0900][2.621s][debug][gc,heap        ] GC(40)   region size 32768K, 1 young (32768K), 1 survivors (32768K)
[2026-08-03T16:38:09.131+0900][2.621s][debug][gc,heap        ] GC(40)  Metaspace       used 10639K, committed 11008K, reserved 1114112K
[2026-08-03T16:38:09.131+0900][2.621s][debug][gc,heap        ] GC(40)   class space    used 988K, committed 1152K, reserved 1048576K
[2026-08-03T16:38:09.131+0900][2.621s][info ][gc             ] GC(40) Pause Young (Normal) (G1 Evacuation Pause) 53M->35M(128M) 9.993ms
[2026-08-03T16:38:09.131+0900][2.621s][info ][gc,cpu         ] GC(40) User=0.08s Sys=0.00s Real=0.01s
[2026-08-03T16:38:09.131+0900][2.621s][info ][safepoint      ] Safepoint "G1CollectForAllocation", Time since last: 38733900 ns, Reaching safepoint: 45900 ns, At safepoint: 10059500 ns, Total: 10105400 ns
[2026-08-03T16:38:09.164+0900][2.654s][info ][gc,start       ] GC(41) Pause Young (Normal) (G1 Evacuation Pause)
[2026-08-03T16:38:09.164+0900][2.654s][debug][gc,heap        ] GC(41) Heap before GC invocations=41 (full 32):
[2026-08-03T16:38:09.164+0900][2.654s][debug][gc,heap        ] GC(41)  garbage-first heap   total 131072K, used 69143K [0x000001b144000000, 0x000001e844000000)
[2026-08-03T16:38:09.164+0900][2.654s][debug][gc,heap        ] GC(41)   region size 32768K, 2 young (65536K), 1 survivors (32768K)
[2026-08-03T16:38:09.164+0900][2.654s][debug][gc,heap        ] GC(41)  Metaspace       used 10639K, committed 11008K, reserved 1114112K
[2026-08-03T16:38:09.164+0900][2.654s][debug][gc,heap        ] GC(41)   class space    used 988K, committed 1152K, reserved 1048576K
[2026-08-03T16:38:09.165+0900][2.654s][info ][gc,task        ] GC(41) Using 3 workers of 18 for evacuation
[2026-08-03T16:38:09.177+0900][2.667s][info ][gc,phases      ] GC(41)   Pre Evacuate Collection Set: 0.1ms
[2026-08-03T16:38:09.177+0900][2.667s][info ][gc,phases      ] GC(41)   Merge Heap Roots: 0.1ms
[2026-08-03T16:38:09.177+0900][2.667s][info ][gc,phases      ] GC(41)   Evacuate Collection Set: 12.3ms
[2026-08-03T16:38:09.177+0900][2.667s][info ][gc,phases      ] GC(41)   Post Evacuate Collection Set: 0.3ms
[2026-08-03T16:38:09.177+0900][2.667s][info ][gc,phases      ] GC(41)   Other: 0.1ms
[2026-08-03T16:38:09.177+0900][2.667s][info ][gc,heap        ] GC(41) Eden regions: 1->0(1)
[2026-08-03T16:38:09.177+0900][2.667s][info ][gc,heap        ] GC(41) Survivor regions: 1->1(1)
[2026-08-03T16:38:09.177+0900][2.667s][info ][gc,heap        ] GC(41) Old regions: 1->1
[2026-08-03T16:38:09.177+0900][2.667s][info ][gc,heap        ] GC(41) Archive regions: 0->0
[2026-08-03T16:38:09.177+0900][2.667s][info ][gc,heap        ] GC(41) Humongous regions: 0->0
[2026-08-03T16:38:09.177+0900][2.667s][info ][gc,metaspace   ] GC(41) Metaspace: 10639K(11008K)->10639K(11008K) NonClass: 9650K(9856K)->9650K(9856K) Class: 988K(1152K)->988K(1152K)
[2026-08-03T16:38:09.177+0900][2.667s][debug][gc,heap        ] GC(41) Heap after GC invocations=42 (full 32):
[2026-08-03T16:38:09.177+0900][2.667s][debug][gc,heap        ] GC(41)  garbage-first heap   total 131072K, used 48840K [0x000001b144000000, 0x000001e844000000)
[2026-08-03T16:38:09.177+0900][2.667s][debug][gc,heap        ] GC(41)   region size 32768K, 1 young (32768K), 1 survivors (32768K)
[2026-08-03T16:38:09.177+0900][2.667s][debug][gc,heap        ] GC(41)  Metaspace       used 10639K, committed 11008K, reserved 1114112K
[2026-08-03T16:38:09.177+0900][2.667s][debug][gc,heap        ] GC(41)   class space    used 988K, committed 1152K, reserved 1048576K
[2026-08-03T16:38:09.178+0900][2.667s][info ][gc             ] GC(41) Pause Young (Normal) (G1 Evacuation Pause) 67M->47M(128M) 13.212ms
[2026-08-03T16:38:09.178+0900][2.667s][info ][gc,cpu         ] GC(41) User=0.05s Sys=0.00s Real=0.01s
[2026-08-03T16:38:09.178+0900][2.667s][info ][safepoint      ] Safepoint "G1CollectForAllocation", Time since last: 33285100 ns, Reaching safepoint: 26600 ns, At safepoint: 13273300 ns, Total: 13299900 ns
[2026-08-03T16:38:09.192+0900][2.683s][info ][gc,start       ] GC(42) Pause Young (Normal) (G1 Evacuation Pause)
[2026-08-03T16:38:09.192+0900][2.683s][debug][gc,heap        ] GC(42) Heap before GC invocations=42 (full 32):
[2026-08-03T16:38:09.192+0900][2.683s][debug][gc,heap        ] GC(42)  garbage-first heap   total 131072K, used 81608K [0x000001b144000000, 0x000001e844000000)
[2026-08-03T16:38:09.192+0900][2.683s][debug][gc,heap        ] GC(42)   region size 32768K, 2 young (65536K), 1 survivors (32768K)
[2026-08-03T16:38:09.192+0900][2.683s][debug][gc,heap        ] GC(42)  Metaspace       used 10639K, committed 11008K, reserved 1114112K
[2026-08-03T16:38:09.192+0900][2.683s][debug][gc,heap        ] GC(42)   class space    used 988K, committed 1152K, reserved 1048576K
[2026-08-03T16:38:09.192+0900][2.683s][info ][gc,task        ] GC(42) Using 3 workers of 18 for evacuation
[2026-08-03T16:38:09.212+0900][2.702s][info ][gc,phases      ] GC(42)   Pre Evacuate Collection Set: 0.1ms
[2026-08-03T16:38:09.212+0900][2.702s][info ][gc,phases      ] GC(42)   Merge Heap Roots: 0.2ms
[2026-08-03T16:38:09.212+0900][2.702s][info ][gc,phases      ] GC(42)   Evacuate Collection Set: 18.9ms
[2026-08-03T16:38:09.212+0900][2.702s][info ][gc,phases      ] GC(42)   Post Evacuate Collection Set: 0.2ms
[2026-08-03T16:38:09.212+0900][2.702s][info ][gc,phases      ] GC(42)   Other: 0.1ms
[2026-08-03T16:38:09.212+0900][2.702s][info ][gc,heap        ] GC(42) Eden regions: 1->0(1)
[2026-08-03T16:38:09.212+0900][2.702s][info ][gc,heap        ] GC(42) Survivor regions: 1->1(1)
[2026-08-03T16:38:09.212+0900][2.702s][info ][gc,heap        ] GC(42) Old regions: 1->2
[2026-08-03T16:38:09.212+0900][2.702s][info ][gc,heap        ] GC(42) Archive regions: 0->0
[2026-08-03T16:38:09.212+0900][2.702s][info ][gc,heap        ] GC(42) Humongous regions: 0->0
[2026-08-03T16:38:09.212+0900][2.702s][info ][gc,metaspace   ] GC(42) Metaspace: 10639K(11008K)->10639K(11008K) NonClass: 9650K(9856K)->9650K(9856K) Class: 988K(1152K)->988K(1152K)
[2026-08-03T16:38:09.212+0900][2.702s][debug][gc,heap        ] GC(42) Heap after GC invocations=43 (full 32):
[2026-08-03T16:38:09.212+0900][2.702s][debug][gc,heap        ] GC(42)  garbage-first heap   total 163840K, used 67240K [0x000001b144000000, 0x000001e844000000)
[2026-08-03T16:38:09.212+0900][2.702s][debug][gc,heap        ] GC(42)   region size 32768K, 1 young (32768K), 1 survivors (32768K)
[2026-08-03T16:38:09.212+0900][2.702s][debug][gc,heap        ] GC(42)  Metaspace       used 10639K, committed 11008K, reserved 1114112K
[2026-08-03T16:38:09.212+0900][2.703s][debug][gc,heap        ] GC(42)   class space    used 988K, committed 1152K, reserved 1048576K
[2026-08-03T16:38:09.213+0900][2.703s][info ][gc             ] GC(42) Pause Young (Normal) (G1 Evacuation Pause) 79M->65M(160M) 19.937ms
[2026-08-03T16:38:09.213+0900][2.703s][info ][gc,cpu         ] GC(42) User=0.05s Sys=0.00s Real=0.02s
[2026-08-03T16:38:09.213+0900][2.703s][info ][safepoint      ] Safepoint "G1CollectForAllocation", Time since last: 15106600 ns, Reaching safepoint: 87300 ns, At safepoint: 20012200 ns, Total: 20099500 ns
[2026-08-03T16:38:09.253+0900][2.743s][info ][gc,start       ] GC(43) Pause Young (Normal) (G1 Evacuation Pause)
[2026-08-03T16:38:09.253+0900][2.743s][debug][gc,heap        ] GC(43) Heap before GC invocations=43 (full 32):
[2026-08-03T16:38:09.253+0900][2.743s][debug][gc,heap        ] GC(43)  garbage-first heap   total 163840K, used 100008K [0x000001b144000000, 0x000001e844000000)
[2026-08-03T16:38:09.253+0900][2.743s][debug][gc,heap        ] GC(43)   region size 32768K, 2 young (65536K), 1 survivors (32768K)
[2026-08-03T16:38:09.253+0900][2.743s][debug][gc,heap        ] GC(43)  Metaspace       used 10707K, committed 11072K, reserved 1114112K
[2026-08-03T16:38:09.253+0900][2.743s][debug][gc,heap        ] GC(43)   class space    used 992K, committed 1152K, reserved 1048576K
[2026-08-03T16:38:09.253+0900][2.743s][info ][gc,task        ] GC(43) Using 3 workers of 18 for evacuation
[2026-08-03T16:38:09.280+0900][2.770s][info ][gc,phases      ] GC(43)   Pre Evacuate Collection Set: 0.1ms
[2026-08-03T16:38:09.280+0900][2.770s][info ][gc,phases      ] GC(43)   Merge Heap Roots: 0.1ms
[2026-08-03T16:38:09.280+0900][2.770s][info ][gc,phases      ] GC(43)   Evacuate Collection Set: 23.2ms
[2026-08-03T16:38:09.280+0900][2.770s][info ][gc,phases      ] GC(43)   Post Evacuate Collection Set: 3.3ms
[2026-08-03T16:38:09.280+0900][2.770s][info ][gc,phases      ] GC(43)   Other: 0.1ms
[2026-08-03T16:38:09.280+0900][2.770s][info ][gc,heap        ] GC(43) Eden regions: 1->0(6)
[2026-08-03T16:38:09.280+0900][2.770s][info ][gc,heap        ] GC(43) Survivor regions: 1->1(1)
[2026-08-03T16:38:09.280+0900][2.770s][info ][gc,heap        ] GC(43) Old regions: 2->3
[2026-08-03T16:38:09.280+0900][2.770s][info ][gc,heap        ] GC(43) Archive regions: 0->0
[2026-08-03T16:38:09.280+0900][2.770s][info ][gc,heap        ] GC(43) Humongous regions: 0->0
[2026-08-03T16:38:09.280+0900][2.770s][info ][gc,metaspace   ] GC(43) Metaspace: 10707K(11072K)->10707K(11072K) NonClass: 9714K(9920K)->9714K(9920K) Class: 992K(1152K)->992K(1152K)
[2026-08-03T16:38:09.280+0900][2.770s][debug][gc,heap        ] GC(43) Heap after GC invocations=44 (full 32):
[2026-08-03T16:38:09.280+0900][2.770s][debug][gc,heap        ] GC(43)  garbage-first heap   total 1146880K, used 79522K [0x000001b144000000, 0x000001e844000000)
[2026-08-03T16:38:09.280+0900][2.770s][debug][gc,heap        ] GC(43)   region size 32768K, 1 young (32768K), 1 survivors (32768K)
[2026-08-03T16:38:09.280+0900][2.770s][debug][gc,heap        ] GC(43)  Metaspace       used 10707K, committed 11072K, reserved 1114112K
[2026-08-03T16:38:09.281+0900][2.770s][debug][gc,heap        ] GC(43)   class space    used 992K, committed 1152K, reserved 1048576K
[2026-08-03T16:38:09.281+0900][2.770s][info ][gc             ] GC(43) Pause Young (Normal) (G1 Evacuation Pause) 97M->77M(1120M) 27.091ms
[2026-08-03T16:38:09.281+0900][2.770s][info ][gc,cpu         ] GC(43) User=0.05s Sys=0.00s Real=0.03s
[2026-08-03T16:38:09.281+0900][2.770s][info ][safepoint      ] Safepoint "G1CollectForAllocation", Time since last: 40357600 ns, Reaching safepoint: 36100 ns, At safepoint: 27169000 ns, Total: 27205100 ns
[2026-08-03T16:38:09.281+0900][2.770s][debug][gc,heap        ] Concurrent Uncommit Summary: 768M, 24 regions, 13.049ms
[2026-08-03T16:38:09.535+0900][3.025s][info ][gc,start       ] GC(44) Pause Young (Normal) (G1 Evacuation Pause)
[2026-08-03T16:38:09.535+0900][3.025s][debug][gc,heap        ] GC(44) Heap before GC invocations=44 (full 32):
[2026-08-03T16:38:09.535+0900][3.025s][debug][gc,heap        ] GC(44)  garbage-first heap   total 1146880K, used 276130K [0x000001b144000000, 0x000001e844000000)
[2026-08-03T16:38:09.535+0900][3.025s][debug][gc,heap        ] GC(44)   region size 32768K, 7 young (229376K), 1 survivors (32768K)
[2026-08-03T16:38:09.535+0900][3.025s][debug][gc,heap        ] GC(44)  Metaspace       used 11490K, committed 11904K, reserved 1114112K
[2026-08-03T16:38:09.535+0900][3.025s][debug][gc,heap        ] GC(44)   class space    used 1057K, committed 1280K, reserved 1048576K
[2026-08-03T16:38:09.535+0900][3.025s][info ][gc,task        ] GC(44) Using 18 workers of 18 for evacuation
[2026-08-03T16:38:09.541+0900][3.031s][info ][gc,phases      ] GC(44)   Pre Evacuate Collection Set: 0.1ms
[2026-08-03T16:38:09.541+0900][3.031s][info ][gc,phases      ] GC(44)   Merge Heap Roots: 0.2ms
[2026-08-03T16:38:09.541+0900][3.031s][info ][gc,phases      ] GC(44)   Evacuate Collection Set: 4.7ms
[2026-08-03T16:38:09.541+0900][3.031s][info ][gc,phases      ] GC(44)   Post Evacuate Collection Set: 0.3ms
[2026-08-03T16:38:09.541+0900][3.031s][info ][gc,phases      ] GC(44)   Other: 0.3ms
[2026-08-03T16:38:09.541+0900][3.031s][info ][gc,heap        ] GC(44) Eden regions: 6->0(6)
[2026-08-03T16:38:09.541+0900][3.031s][info ][gc,heap        ] GC(44) Survivor regions: 1->1(1)
[2026-08-03T16:38:09.541+0900][3.031s][info ][gc,heap        ] GC(44) Old regions: 3->3
[2026-08-03T16:38:09.541+0900][3.031s][info ][gc,heap        ] GC(44) Archive regions: 0->0
[2026-08-03T16:38:09.541+0900][3.031s][info ][gc,heap        ] GC(44) Humongous regions: 0->0
[2026-08-03T16:38:09.541+0900][3.031s][info ][gc,metaspace   ] GC(44) Metaspace: 11490K(11904K)->11490K(11904K) NonClass: 10433K(10624K)->10433K(10624K) Class: 1057K(1280K)->1057K(1280K)
[2026-08-03T16:38:09.541+0900][3.031s][debug][gc,heap        ] GC(44) Heap after GC invocations=45 (full 32):
[2026-08-03T16:38:09.541+0900][3.031s][debug][gc,heap        ] GC(44)  garbage-first heap   total 1146880K, used 87694K [0x000001b144000000, 0x000001e844000000)
[2026-08-03T16:38:09.541+0900][3.031s][debug][gc,heap        ] GC(44)   region size 32768K, 1 young (32768K), 1 survivors (32768K)
[2026-08-03T16:38:09.541+0900][3.031s][debug][gc,heap        ] GC(44)  Metaspace       used 11490K, committed 11904K, reserved 1114112K
[2026-08-03T16:38:09.541+0900][3.031s][debug][gc,heap        ] GC(44)   class space    used 1057K, committed 1280K, reserved 1048576K
[2026-08-03T16:38:09.541+0900][3.031s][info ][gc             ] GC(44) Pause Young (Normal) (G1 Evacuation Pause) 269M->85M(1120M) 5.933ms
[2026-08-03T16:38:09.541+0900][3.031s][info ][gc,cpu         ] GC(44) User=0.00s Sys=0.00s Real=0.01s
[2026-08-03T16:38:09.541+0900][3.031s][info ][safepoint      ] Safepoint "G1CollectForAllocation", Time since last: 254658300 ns, Reaching safepoint: 81000 ns, At safepoint: 5989000 ns, Total: 6070000 ns
[2026-08-03T16:38:09.752+0900][3.242s][info ][gc,start       ] GC(45) Pause Young (Normal) (G1 Evacuation Pause)
[2026-08-03T16:38:09.752+0900][3.242s][debug][gc,heap        ] GC(45) Heap before GC invocations=45 (full 32):
[2026-08-03T16:38:09.752+0900][3.242s][debug][gc,heap        ] GC(45)  garbage-first heap   total 1146880K, used 284302K [0x000001b144000000, 0x000001e844000000)
[2026-08-03T16:38:09.752+0900][3.242s][debug][gc,heap        ] GC(45)   region size 32768K, 7 young (229376K), 1 survivors (32768K)
[2026-08-03T16:38:09.752+0900][3.242s][debug][gc,heap        ] GC(45)  Metaspace       used 11843K, committed 12352K, reserved 1114112K
[2026-08-03T16:38:09.752+0900][3.242s][debug][gc,heap        ] GC(45)   class space    used 1092K, committed 1344K, reserved 1048576K
[2026-08-03T16:38:09.752+0900][3.242s][info ][gc,task        ] GC(45) Using 18 workers of 18 for evacuation
[2026-08-03T16:38:09.766+0900][3.256s][info ][gc,phases      ] GC(45)   Pre Evacuate Collection Set: 0.1ms
[2026-08-03T16:38:09.766+0900][3.256s][info ][gc,phases      ] GC(45)   Merge Heap Roots: 0.2ms
[2026-08-03T16:38:09.766+0900][3.256s][info ][gc,phases      ] GC(45)   Evacuate Collection Set: 13.1ms
[2026-08-03T16:38:09.766+0900][3.256s][info ][gc,phases      ] GC(45)   Post Evacuate Collection Set: 0.4ms
[2026-08-03T16:38:09.766+0900][3.256s][info ][gc,phases      ] GC(45)   Other: 0.1ms
[2026-08-03T16:38:09.766+0900][3.256s][info ][gc,heap        ] GC(45) Eden regions: 6->0(6)
[2026-08-03T16:38:09.766+0900][3.256s][info ][gc,heap        ] GC(45) Survivor regions: 1->1(1)
[2026-08-03T16:38:09.766+0900][3.256s][info ][gc,heap        ] GC(45) Old regions: 3->4
[2026-08-03T16:38:09.766+0900][3.256s][info ][gc,heap        ] GC(45) Archive regions: 0->0
[2026-08-03T16:38:09.766+0900][3.256s][info ][gc,heap        ] GC(45) Humongous regions: 0->0
[2026-08-03T16:38:09.766+0900][3.256s][info ][gc,metaspace   ] GC(45) Metaspace: 11843K(12352K)->11843K(12352K) NonClass: 10750K(11008K)->10750K(11008K) Class: 1092K(1344K)->1092K(1344K)
[2026-08-03T16:38:09.766+0900][3.256s][debug][gc,heap        ] GC(45) Heap after GC invocations=46 (full 32):
[2026-08-03T16:38:09.766+0900][3.256s][debug][gc,heap        ] GC(45)  garbage-first heap   total 1146880K, used 140313K [0x000001b144000000, 0x000001e844000000)
[2026-08-03T16:38:09.766+0900][3.256s][debug][gc,heap        ] GC(45)   region size 32768K, 1 young (32768K), 1 survivors (32768K)
[2026-08-03T16:38:09.766+0900][3.256s][debug][gc,heap        ] GC(45)  Metaspace       used 11843K, committed 12352K, reserved 1114112K
[2026-08-03T16:38:09.766+0900][3.256s][debug][gc,heap        ] GC(45)   class space    used 1092K, committed 1344K, reserved 1048576K
[2026-08-03T16:38:09.766+0900][3.256s][info ][gc             ] GC(45) Pause Young (Normal) (G1 Evacuation Pause) 277M->137M(1120M) 14.203ms
[2026-08-03T16:38:09.766+0900][3.256s][info ][gc,cpu         ] GC(45) User=0.30s Sys=0.00s Real=0.01s
[2026-08-03T16:38:09.766+0900][3.256s][info ][safepoint      ] Safepoint "G1CollectForAllocation", Time since last: 210674400 ns, Reaching safepoint: 124300 ns, At safepoint: 14271900 ns, Total: 14396200 ns
[2026-08-03T16:38:09.931+0900][3.421s][info ][gc,start       ] GC(46) Pause Young (Normal) (G1 Evacuation Pause)
[2026-08-03T16:38:09.931+0900][3.421s][debug][gc,heap        ] GC(46) Heap before GC invocations=46 (full 32):
[2026-08-03T16:38:09.931+0900][3.421s][debug][gc,heap        ] GC(46)  garbage-first heap   total 1146880K, used 336921K [0x000001b144000000, 0x000001e844000000)
[2026-08-03T16:38:09.931+0900][3.421s][debug][gc,heap        ] GC(46)   region size 32768K, 7 young (229376K), 1 survivors (32768K)
[2026-08-03T16:38:09.931+0900][3.421s][debug][gc,heap        ] GC(46)  Metaspace       used 11885K, committed 12416K, reserved 1114112K
[2026-08-03T16:38:09.931+0900][3.421s][debug][gc,heap        ] GC(46)   class space    used 1092K, committed 1344K, reserved 1048576K
[2026-08-03T16:38:09.931+0900][3.421s][info ][gc,task        ] GC(46) Using 18 workers of 18 for evacuation
[2026-08-03T16:38:09.943+0900][3.433s][info ][gc,phases      ] GC(46)   Pre Evacuate Collection Set: 0.1ms
[2026-08-03T16:38:09.943+0900][3.433s][info ][gc,phases      ] GC(46)   Merge Heap Roots: 0.2ms
[2026-08-03T16:38:09.943+0900][3.433s][info ][gc,phases      ] GC(46)   Evacuate Collection Set: 11.5ms
[2026-08-03T16:38:09.943+0900][3.433s][info ][gc,phases      ] GC(46)   Post Evacuate Collection Set: 0.3ms
[2026-08-03T16:38:09.943+0900][3.433s][info ][gc,phases      ] GC(46)   Other: 0.1ms
[2026-08-03T16:38:09.943+0900][3.433s][info ][gc,heap        ] GC(46) Eden regions: 6->0(6)
[2026-08-03T16:38:09.943+0900][3.433s][info ][gc,heap        ] GC(46) Survivor regions: 1->1(1)
[2026-08-03T16:38:09.943+0900][3.433s][info ][gc,heap        ] GC(46) Old regions: 4->6
[2026-08-03T16:38:09.943+0900][3.433s][info ][gc,heap        ] GC(46) Archive regions: 0->0
[2026-08-03T16:38:09.943+0900][3.433s][info ][gc,heap        ] GC(46) Humongous regions: 0->0
[2026-08-03T16:38:09.943+0900][3.433s][info ][gc,metaspace   ] GC(46) Metaspace: 11885K(12416K)->11885K(12416K) NonClass: 10792K(11072K)->10792K(11072K) Class: 1092K(1344K)->1092K(1344K)
[2026-08-03T16:38:09.943+0900][3.433s][debug][gc,heap        ] GC(46) Heap after GC invocations=47 (full 32):
[2026-08-03T16:38:09.943+0900][3.433s][debug][gc,heap        ] GC(46)  garbage-first heap   total 1146880K, used 194305K [0x000001b144000000, 0x000001e844000000)
[2026-08-03T16:38:09.943+0900][3.433s][debug][gc,heap        ] GC(46)   region size 32768K, 1 young (32768K), 1 survivors (32768K)
[2026-08-03T16:38:09.943+0900][3.433s][debug][gc,heap        ] GC(46)  Metaspace       used 11885K, committed 12416K, reserved 1114112K
[2026-08-03T16:38:09.943+0900][3.433s][debug][gc,heap        ] GC(46)   class space    used 1092K, committed 1344K, reserved 1048576K
[2026-08-03T16:38:09.943+0900][3.433s][info ][gc             ] GC(46) Pause Young (Normal) (G1 Evacuation Pause) 329M->189M(1120M) 12.547ms
[2026-08-03T16:38:09.943+0900][3.433s][info ][gc,cpu         ] GC(46) User=0.22s Sys=0.06s Real=0.01s
[2026-08-03T16:38:09.943+0900][3.433s][info ][safepoint      ] Safepoint "G1CollectForAllocation", Time since last: 164651800 ns, Reaching safepoint: 99400 ns, At safepoint: 12605600 ns, Total: 12705000 ns
[2026-08-03T16:38:10.070+0900][3.560s][info ][gc,start       ] GC(47) Pause Young (Normal) (G1 Evacuation Pause)
[2026-08-03T16:38:10.070+0900][3.561s][debug][gc,heap        ] GC(47) Heap before GC invocations=47 (full 32):
[2026-08-03T16:38:10.070+0900][3.561s][debug][gc,heap        ] GC(47)  garbage-first heap   total 1146880K, used 390913K [0x000001b144000000, 0x000001e844000000)
[2026-08-03T16:38:10.070+0900][3.561s][debug][gc,heap        ] GC(47)   region size 32768K, 7 young (229376K), 1 survivors (32768K)
[2026-08-03T16:38:10.070+0900][3.561s][debug][gc,heap        ] GC(47)  Metaspace       used 11891K, committed 12416K, reserved 1114112K
[2026-08-03T16:38:10.070+0900][3.561s][debug][gc,heap        ] GC(47)   class space    used 1092K, committed 1344K, reserved 1048576K
[2026-08-03T16:38:10.070+0900][3.561s][info ][gc,task        ] GC(47) Using 18 workers of 18 for evacuation
[2026-08-03T16:38:10.083+0900][3.574s][info ][gc,phases      ] GC(47)   Pre Evacuate Collection Set: 0.1ms
[2026-08-03T16:38:10.083+0900][3.574s][info ][gc,phases      ] GC(47)   Merge Heap Roots: 0.3ms
[2026-08-03T16:38:10.083+0900][3.574s][info ][gc,phases      ] GC(47)   Evacuate Collection Set: 9.5ms
[2026-08-03T16:38:10.083+0900][3.574s][info ][gc,phases      ] GC(47)   Post Evacuate Collection Set: 3.0ms
[2026-08-03T16:38:10.083+0900][3.574s][info ][gc,phases      ] GC(47)   Other: 0.1ms
[2026-08-03T16:38:10.083+0900][3.574s][info ][gc,heap        ] GC(47) Eden regions: 6->0(13)
[2026-08-03T16:38:10.083+0900][3.574s][info ][gc,heap        ] GC(47) Survivor regions: 1->1(1)
[2026-08-03T16:38:10.083+0900][3.574s][info ][gc,heap        ] GC(47) Old regions: 6->7
[2026-08-03T16:38:10.083+0900][3.574s][info ][gc,heap        ] GC(47) Archive regions: 0->0
[2026-08-03T16:38:10.084+0900][3.574s][info ][gc,heap        ] GC(47) Humongous regions: 0->0
[2026-08-03T16:38:10.084+0900][3.574s][info ][gc,metaspace   ] GC(47) Metaspace: 11891K(12416K)->11891K(12416K) NonClass: 10798K(11072K)->10798K(11072K) Class: 1092K(1344K)->1092K(1344K)
[2026-08-03T16:38:10.084+0900][3.574s][debug][gc,heap        ] GC(47) Heap after GC invocations=48 (full 32):
[2026-08-03T16:38:10.084+0900][3.574s][debug][gc,heap        ] GC(47)  garbage-first heap   total 2392064K, used 226563K [0x000001b144000000, 0x000001e844000000)
[2026-08-03T16:38:10.084+0900][3.574s][debug][gc,heap        ] GC(47)   region size 32768K, 1 young (32768K), 1 survivors (32768K)
[2026-08-03T16:38:10.084+0900][3.574s][debug][gc,heap        ] GC(47)  Metaspace       used 11891K, committed 12416K, reserved 1114112K
[2026-08-03T16:38:10.084+0900][3.574s][debug][gc,heap        ] GC(47)   class space    used 1092K, committed 1344K, reserved 1048576K
[2026-08-03T16:38:10.084+0900][3.574s][info ][gc             ] GC(47) Pause Young (Normal) (G1 Evacuation Pause) 381M->221M(2336M) 13.296ms
[2026-08-03T16:38:10.084+0900][3.574s][info ][gc,cpu         ] GC(47) User=0.30s Sys=0.00s Real=0.01s
[2026-08-03T16:38:10.084+0900][3.574s][info ][safepoint      ] Safepoint "G1CollectForAllocation", Time since last: 126946800 ns, Reaching safepoint: 113500 ns, At safepoint: 13373400 ns, Total: 13486900 ns
[2026-08-03T16:38:10.388+0900][3.878s][info ][gc,start       ] GC(48) Pause Young (Normal) (G1 Evacuation Pause)
[2026-08-03T16:38:10.388+0900][3.879s][debug][gc,heap        ] GC(48) Heap before GC invocations=48 (full 32):
[2026-08-03T16:38:10.388+0900][3.879s][debug][gc,heap        ] GC(48)  garbage-first heap   total 2392064K, used 652547K [0x000001b144000000, 0x000001e844000000)
[2026-08-03T16:38:10.388+0900][3.879s][debug][gc,heap        ] GC(48)   region size 32768K, 14 young (458752K), 1 survivors (32768K)
[2026-08-03T16:38:10.388+0900][3.879s][debug][gc,heap        ] GC(48)  Metaspace       used 11891K, committed 12416K, reserved 1114112K
[2026-08-03T16:38:10.388+0900][3.879s][debug][gc,heap        ] GC(48)   class space    used 1092K, committed 1344K, reserved 1048576K
[2026-08-03T16:38:10.388+0900][3.879s][info ][gc,task        ] GC(48) Using 18 workers of 18 for evacuation
[2026-08-03T16:38:10.414+0900][3.905s][info ][gc,phases      ] GC(48)   Pre Evacuate Collection Set: 0.1ms
[2026-08-03T16:38:10.414+0900][3.905s][info ][gc,phases      ] GC(48)   Merge Heap Roots: 0.2ms
[2026-08-03T16:38:10.414+0900][3.905s][info ][gc,phases      ] GC(48)   Evacuate Collection Set: 25.1ms
[2026-08-03T16:38:10.414+0900][3.905s][info ][gc,phases      ] GC(48)   Post Evacuate Collection Set: 0.4ms
[2026-08-03T16:38:10.414+0900][3.905s][info ][gc,phases      ] GC(48)   Other: 0.1ms
[2026-08-03T16:38:10.414+0900][3.905s][info ][gc,heap        ] GC(48) Eden regions: 13->0(12)
[2026-08-03T16:38:10.414+0900][3.905s][info ][gc,heap        ] GC(48) Survivor regions: 1->2(2)
[2026-08-03T16:38:10.415+0900][3.905s][info ][gc,heap        ] GC(48) Old regions: 7->9
[2026-08-03T16:38:10.415+0900][3.905s][info ][gc,heap        ] GC(48) Archive regions: 0->0
[2026-08-03T16:38:10.415+0900][3.905s][info ][gc,heap        ] GC(48) Humongous regions: 0->0
[2026-08-03T16:38:10.415+0900][3.905s][info ][gc,metaspace   ] GC(48) Metaspace: 11891K(12416K)->11891K(12416K) NonClass: 10798K(11072K)->10798K(11072K) Class: 1092K(1344K)->1092K(1344K)
[2026-08-03T16:38:10.415+0900][3.905s][debug][gc,heap        ] GC(48) Heap after GC invocations=49 (full 32):
[2026-08-03T16:38:10.415+0900][3.905s][debug][gc,heap        ] GC(48)  garbage-first heap   total 2392064K, used 335055K [0x000001b144000000, 0x000001e844000000)
[2026-08-03T16:38:10.415+0900][3.905s][debug][gc,heap        ] GC(48)   region size 32768K, 2 young (65536K), 2 survivors (65536K)
[2026-08-03T16:38:10.415+0900][3.905s][debug][gc,heap        ] GC(48)  Metaspace       used 11891K, committed 12416K, reserved 1114112K
[2026-08-03T16:38:10.415+0900][3.905s][debug][gc,heap        ] GC(48)   class space    used 1092K, committed 1344K, reserved 1048576K
[2026-08-03T16:38:10.415+0900][3.905s][info ][gc             ] GC(48) Pause Young (Normal) (G1 Evacuation Pause) 637M->327M(2336M) 26.268ms
[2026-08-03T16:38:10.415+0900][3.905s][info ][gc,cpu         ] GC(48) User=0.33s Sys=0.23s Real=0.03s
[2026-08-03T16:38:10.415+0900][3.905s][info ][safepoint      ] Safepoint "G1CollectForAllocation", Time since last: 304561800 ns, Reaching safepoint: 108200 ns, At safepoint: 26330500 ns, Total: 26438700 ns
[2026-08-03T16:38:10.597+0900][4.087s][info ][gc,start       ] GC(49) Pause Young (Normal) (G1 Evacuation Pause)
[2026-08-03T16:38:10.597+0900][4.087s][debug][gc,heap        ] GC(49) Heap before GC invocations=49 (full 32):
[2026-08-03T16:38:10.597+0900][4.087s][debug][gc,heap        ] GC(49)  garbage-first heap   total 2392064K, used 728271K [0x000001b144000000, 0x000001e844000000)
[2026-08-03T16:38:10.597+0900][4.087s][debug][gc,heap        ] GC(49)   region size 32768K, 14 young (458752K), 2 survivors (65536K)
[2026-08-03T16:38:10.597+0900][4.087s][debug][gc,heap        ] GC(49)  Metaspace       used 11891K, committed 12416K, reserved 1114112K
[2026-08-03T16:38:10.597+0900][4.087s][debug][gc,heap        ] GC(49)   class space    used 1092K, committed 1344K, reserved 1048576K
[2026-08-03T16:38:10.597+0900][4.087s][info ][gc,task        ] GC(49) Using 18 workers of 18 for evacuation
[2026-08-03T16:38:10.626+0900][4.116s][info ][gc,phases      ] GC(49)   Pre Evacuate Collection Set: 0.1ms
[2026-08-03T16:38:10.626+0900][4.116s][info ][gc,phases      ] GC(49)   Merge Heap Roots: 0.8ms
[2026-08-03T16:38:10.626+0900][4.116s][info ][gc,phases      ] GC(49)   Evacuate Collection Set: 28.0ms
[2026-08-03T16:38:10.626+0900][4.116s][info ][gc,phases      ] GC(49)   Post Evacuate Collection Set: 0.3ms
[2026-08-03T16:38:10.626+0900][4.116s][info ][gc,phases      ] GC(49)   Other: 0.1ms
[2026-08-03T16:38:10.626+0900][4.116s][info ][gc,heap        ] GC(49) Eden regions: 12->0(12)
[2026-08-03T16:38:10.626+0900][4.116s][info ][gc,heap        ] GC(49) Survivor regions: 2->2(2)
[2026-08-03T16:38:10.626+0900][4.116s][info ][gc,heap        ] GC(49) Old regions: 9->12
[2026-08-03T16:38:10.626+0900][4.116s][info ][gc,heap        ] GC(49) Archive regions: 0->0
[2026-08-03T16:38:10.626+0900][4.116s][info ][gc,heap        ] GC(49) Humongous regions: 0->0
[2026-08-03T16:38:10.626+0900][4.116s][info ][gc,metaspace   ] GC(49) Metaspace: 11891K(12416K)->11891K(12416K) NonClass: 10798K(11072K)->10798K(11072K) Class: 1092K(1344K)->1092K(1344K)
[2026-08-03T16:38:10.626+0900][4.116s][debug][gc,heap        ] GC(49) Heap after GC invocations=50 (full 32):
[2026-08-03T16:38:10.626+0900][4.116s][debug][gc,heap        ] GC(49)  garbage-first heap   total 2392064K, used 436583K [0x000001b144000000, 0x000001e844000000)
[2026-08-03T16:38:10.626+0900][4.116s][debug][gc,heap        ] GC(49)   region size 32768K, 2 young (65536K), 2 survivors (65536K)
[2026-08-03T16:38:10.626+0900][4.116s][debug][gc,heap        ] GC(49)  Metaspace       used 11891K, committed 12416K, reserved 1114112K
[2026-08-03T16:38:10.626+0900][4.116s][debug][gc,heap        ] GC(49)   class space    used 1092K, committed 1344K, reserved 1048576K
[2026-08-03T16:38:10.626+0900][4.116s][info ][gc             ] GC(49) Pause Young (Normal) (G1 Evacuation Pause) 711M->426M(2336M) 29.704ms
[2026-08-03T16:38:10.626+0900][4.116s][info ][gc,cpu         ] GC(49) User=0.47s Sys=0.09s Real=0.03s
[2026-08-03T16:38:10.626+0900][4.117s][info ][safepoint      ] Safepoint "G1CollectForAllocation", Time since last: 181857600 ns, Reaching safepoint: 99500 ns, At safepoint: 29766700 ns, Total: 29866200 ns
[2026-08-03T16:38:10.803+0900][4.293s][info ][gc,start       ] GC(50) Pause Young (Normal) (G1 Evacuation Pause)
[2026-08-03T16:38:10.803+0900][4.293s][debug][gc,heap        ] GC(50) Heap before GC invocations=50 (full 32):
[2026-08-03T16:38:10.803+0900][4.293s][debug][gc,heap        ] GC(50)  garbage-first heap   total 2392064K, used 829799K [0x000001b144000000, 0x000001e844000000)
[2026-08-03T16:38:10.803+0900][4.293s][debug][gc,heap        ] GC(50)   region size 32768K, 14 young (458752K), 2 survivors (65536K)
[2026-08-03T16:38:10.803+0900][4.293s][debug][gc,heap        ] GC(50)  Metaspace       used 11891K, committed 12416K, reserved 1114112K
[2026-08-03T16:38:10.803+0900][4.293s][debug][gc,heap        ] GC(50)   class space    used 1092K, committed 1344K, reserved 1048576K
[2026-08-03T16:38:10.803+0900][4.293s][info ][gc,task        ] GC(50) Using 18 workers of 18 for evacuation
[2026-08-03T16:38:10.826+0900][4.316s][info ][gc,phases      ] GC(50)   Pre Evacuate Collection Set: 0.1ms
[2026-08-03T16:38:10.826+0900][4.316s][info ][gc,phases      ] GC(50)   Merge Heap Roots: 0.4ms
[2026-08-03T16:38:10.826+0900][4.316s][info ][gc,phases      ] GC(50)   Evacuate Collection Set: 22.5ms
[2026-08-03T16:38:10.826+0900][4.316s][info ][gc,phases      ] GC(50)   Post Evacuate Collection Set: 0.3ms
[2026-08-03T16:38:10.826+0900][4.317s][info ][gc,phases      ] GC(50)   Other: 0.1ms
[2026-08-03T16:38:10.826+0900][4.317s][info ][gc,heap        ] GC(50) Eden regions: 12->0(12)
[2026-08-03T16:38:10.826+0900][4.317s][info ][gc,heap        ] GC(50) Survivor regions: 2->2(2)
[2026-08-03T16:38:10.826+0900][4.317s][info ][gc,heap        ] GC(50) Old regions: 12->15
[2026-08-03T16:38:10.826+0900][4.317s][info ][gc,heap        ] GC(50) Archive regions: 0->0
[2026-08-03T16:38:10.826+0900][4.317s][info ][gc,heap        ] GC(50) Humongous regions: 0->0
[2026-08-03T16:38:10.826+0900][4.317s][info ][gc,metaspace   ] GC(50) Metaspace: 11891K(12416K)->11891K(12416K) NonClass: 10798K(11072K)->10798K(11072K) Class: 1092K(1344K)->1092K(1344K)
[2026-08-03T16:38:10.826+0900][4.317s][debug][gc,heap        ] GC(50) Heap after GC invocations=51 (full 32):
[2026-08-03T16:38:10.826+0900][4.317s][debug][gc,heap        ] GC(50)  garbage-first heap   total 2392064K, used 537667K [0x000001b144000000, 0x000001e844000000)
[2026-08-03T16:38:10.826+0900][4.317s][debug][gc,heap        ] GC(50)   region size 32768K, 2 young (65536K), 2 survivors (65536K)
[2026-08-03T16:38:10.826+0900][4.317s][debug][gc,heap        ] GC(50)  Metaspace       used 11891K, committed 12416K, reserved 1114112K
[2026-08-03T16:38:10.826+0900][4.317s][debug][gc,heap        ] GC(50)   class space    used 1092K, committed 1344K, reserved 1048576K
[2026-08-03T16:38:10.826+0900][4.317s][info ][gc             ] GC(50) Pause Young (Normal) (G1 Evacuation Pause) 810M->525M(2336M) 23.816ms
[2026-08-03T16:38:10.827+0900][4.317s][info ][gc,cpu         ] GC(50) User=0.27s Sys=0.02s Real=0.02s
[2026-08-03T16:38:10.827+0900][4.317s][info ][safepoint      ] Safepoint "G1CollectForAllocation", Time since last: 176188800 ns, Reaching safepoint: 103100 ns, At safepoint: 23878600 ns, Total: 23981700 ns
[2026-08-03T16:38:11.009+0900][4.499s][info ][gc,start       ] GC(51) Pause Young (Normal) (G1 Evacuation Pause)
[2026-08-03T16:38:11.009+0900][4.499s][debug][gc,heap        ] GC(51) Heap before GC invocations=51 (full 32):
[2026-08-03T16:38:11.009+0900][4.499s][debug][gc,heap        ] GC(51)  garbage-first heap   total 2392064K, used 930883K [0x000001b144000000, 0x000001e844000000)
[2026-08-03T16:38:11.009+0900][4.499s][debug][gc,heap        ] GC(51)   region size 32768K, 14 young (458752K), 2 survivors (65536K)
[2026-08-03T16:38:11.009+0900][4.499s][debug][gc,heap        ] GC(51)  Metaspace       used 11897K, committed 12416K, reserved 1114112K
[2026-08-03T16:38:11.009+0900][4.499s][debug][gc,heap        ] GC(51)   class space    used 1092K, committed 1344K, reserved 1048576K
[2026-08-03T16:38:11.009+0900][4.499s][info ][gc,task        ] GC(51) Using 18 workers of 18 for evacuation
[2026-08-03T16:38:11.037+0900][4.527s][info ][gc,phases      ] GC(51)   Pre Evacuate Collection Set: 0.1ms
[2026-08-03T16:38:11.037+0900][4.527s][info ][gc,phases      ] GC(51)   Merge Heap Roots: 0.4ms
[2026-08-03T16:38:11.037+0900][4.527s][info ][gc,phases      ] GC(51)   Evacuate Collection Set: 22.1ms
[2026-08-03T16:38:11.037+0900][4.527s][info ][gc,phases      ] GC(51)   Post Evacuate Collection Set: 5.1ms
[2026-08-03T16:38:11.037+0900][4.527s][info ][gc,phases      ] GC(51)   Other: 0.1ms
[2026-08-03T16:38:11.037+0900][4.527s][info ][gc,heap        ] GC(51) Eden regions: 12->0(27)
[2026-08-03T16:38:11.037+0900][4.527s][info ][gc,heap        ] GC(51) Survivor regions: 2->2(2)
[2026-08-03T16:38:11.037+0900][4.527s][info ][gc,heap        ] GC(51) Old regions: 15->18
[2026-08-03T16:38:11.037+0900][4.527s][info ][gc,heap        ] GC(51) Archive regions: 0->0
[2026-08-03T16:38:11.037+0900][4.527s][info ][gc,heap        ] GC(51) Humongous regions: 0->0
[2026-08-03T16:38:11.037+0900][4.527s][info ][gc,metaspace   ] GC(51) Metaspace: 11897K(12416K)->11897K(12416K) NonClass: 10804K(11072K)->10804K(11072K) Class: 1092K(1344K)->1092K(1344K)
[2026-08-03T16:38:11.037+0900][4.527s][debug][gc,heap        ] GC(51) Heap after GC invocations=52 (full 32):
[2026-08-03T16:38:11.037+0900][4.527s][debug][gc,heap        ] GC(51)  garbage-first heap   total 4784128K, used 640605K [0x000001b144000000, 0x000001e844000000)
[2026-08-03T16:38:11.037+0900][4.527s][debug][gc,heap        ] GC(51)   region size 32768K, 2 young (65536K), 2 survivors (65536K)
[2026-08-03T16:38:11.037+0900][4.527s][debug][gc,heap        ] GC(51)  Metaspace       used 11897K, committed 12416K, reserved 1114112K
[2026-08-03T16:38:11.037+0900][4.527s][debug][gc,heap        ] GC(51)   class space    used 1092K, committed 1344K, reserved 1048576K
[2026-08-03T16:38:11.037+0900][4.527s][info ][gc             ] GC(51) Pause Young (Normal) (G1 Evacuation Pause) 909M->625M(4672M) 28.158ms
[2026-08-03T16:38:11.037+0900][4.527s][info ][gc,cpu         ] GC(51) User=0.50s Sys=0.06s Real=0.03s
[2026-08-03T16:38:11.037+0900][4.527s][info ][safepoint      ] Safepoint "G1CollectForAllocation", Time since last: 182384300 ns, Reaching safepoint: 112400 ns, At safepoint: 28284700 ns, Total: 28397100 ns
[2026-08-03T16:38:11.784+0900][5.274s][info ][gc,start       ] GC(52) Pause Young (Normal) (G1 Evacuation Pause)
[2026-08-03T16:38:11.784+0900][5.274s][debug][gc,heap        ] GC(52) Heap before GC invocations=52 (full 32):
[2026-08-03T16:38:11.784+0900][5.274s][debug][gc,heap        ] GC(52)  garbage-first heap   total 4784128K, used 1525341K [0x000001b144000000, 0x000001e844000000)
[2026-08-03T16:38:11.784+0900][5.274s][debug][gc,heap        ] GC(52)   region size 32768K, 29 young (950272K), 2 survivors (65536K)
[2026-08-03T16:38:11.784+0900][5.274s][debug][gc,heap        ] GC(52)  Metaspace       used 11905K, committed 12416K, reserved 1114112K
[2026-08-03T16:38:11.784+0900][5.274s][debug][gc,heap        ] GC(52)   class space    used 1092K, committed 1344K, reserved 1048576K
[2026-08-03T16:38:11.784+0900][5.274s][info ][gc,task        ] GC(52) Using 18 workers of 18 for evacuation
[2026-08-03T16:38:11.860+0900][5.350s][info ][gc,phases      ] GC(52)   Pre Evacuate Collection Set: 0.1ms
[2026-08-03T16:38:11.860+0900][5.350s][info ][gc,phases      ] GC(52)   Merge Heap Roots: 0.4ms
[2026-08-03T16:38:11.860+0900][5.350s][info ][gc,phases      ] GC(52)   Evacuate Collection Set: 74.9ms
[2026-08-03T16:38:11.860+0900][5.350s][info ][gc,phases      ] GC(52)   Post Evacuate Collection Set: 0.8ms
[2026-08-03T16:38:11.860+0900][5.350s][info ][gc,phases      ] GC(52)   Other: 0.1ms
[2026-08-03T16:38:11.860+0900][5.350s][info ][gc,heap        ] GC(52) Eden regions: 27->0(25)
[2026-08-03T16:38:11.860+0900][5.350s][info ][gc,heap        ] GC(52) Survivor regions: 2->4(4)
[2026-08-03T16:38:11.860+0900][5.350s][info ][gc,heap        ] GC(52) Old regions: 18->27
[2026-08-03T16:38:11.860+0900][5.350s][info ][gc,heap        ] GC(52) Archive regions: 0->0
[2026-08-03T16:38:11.860+0900][5.350s][info ][gc,heap        ] GC(52) Humongous regions: 0->0
[2026-08-03T16:38:11.860+0900][5.350s][info ][gc,metaspace   ] GC(52) Metaspace: 11905K(12416K)->11905K(12416K) NonClass: 10812K(11072K)->10812K(11072K) Class: 1092K(1344K)->1092K(1344K)
[2026-08-03T16:38:11.860+0900][5.350s][debug][gc,heap        ] GC(52) Heap after GC invocations=53 (full 32):
[2026-08-03T16:38:11.860+0900][5.350s][debug][gc,heap        ] GC(52)  garbage-first heap   total 4784128K, used 995815K [0x000001b144000000, 0x000001e844000000)
[2026-08-03T16:38:11.860+0900][5.350s][debug][gc,heap        ] GC(52)   region size 32768K, 4 young (131072K), 4 survivors (131072K)
[2026-08-03T16:38:11.860+0900][5.350s][debug][gc,heap        ] GC(52)  Metaspace       used 11905K, committed 12416K, reserved 1114112K
[2026-08-03T16:38:11.860+0900][5.350s][debug][gc,heap        ] GC(52)   class space    used 1092K, committed 1344K, reserved 1048576K
[2026-08-03T16:38:11.860+0900][5.350s][info ][gc             ] GC(52) Pause Young (Normal) (G1 Evacuation Pause) 1489M->972M(4672M) 76.700ms
[2026-08-03T16:38:11.860+0900][5.350s][info ][gc,cpu         ] GC(52) User=1.14s Sys=0.27s Real=0.08s
[2026-08-03T16:38:11.860+0900][5.350s][info ][safepoint      ] Safepoint "G1CollectForAllocation", Time since last: 746057200 ns, Reaching safepoint: 106200 ns, At safepoint: 76773500 ns, Total: 76879700 ns
[2026-08-03T16:38:12.163+0900][5.653s][info ][gc,start       ] GC(53) Pause Young (Normal) (G1 Evacuation Pause)
[2026-08-03T16:38:12.163+0900][5.653s][debug][gc,heap        ] GC(53) Heap before GC invocations=53 (full 32):
[2026-08-03T16:38:12.163+0900][5.653s][debug][gc,heap        ] GC(53)  garbage-first heap   total 4784128K, used 1389031K [0x000001b144000000, 0x000001e844000000)
[2026-08-03T16:38:12.163+0900][5.653s][debug][gc,heap        ] GC(53)   region size 32768K, 17 young (557056K), 4 survivors (131072K)
[2026-08-03T16:38:12.163+0900][5.653s][debug][gc,heap        ] GC(53)  Metaspace       used 11906K, committed 12416K, reserved 1114112K
[2026-08-03T16:38:12.163+0900][5.653s][debug][gc,heap        ] GC(53)   class space    used 1092K, committed 1344K, reserved 1048576K
[2026-08-03T16:38:12.163+0900][5.653s][info ][gc,task        ] GC(53) Using 18 workers of 18 for evacuation
[2026-08-03T16:38:12.223+0900][5.713s][info ][gc,phases      ] GC(53)   Pre Evacuate Collection Set: 0.1ms
[2026-08-03T16:38:12.223+0900][5.713s][info ][gc,phases      ] GC(53)   Merge Heap Roots: 2.1ms
[2026-08-03T16:38:12.223+0900][5.713s][info ][gc,phases      ] GC(53)   Evacuate Collection Set: 56.6ms
[2026-08-03T16:38:12.223+0900][5.713s][info ][gc,phases      ] GC(53)   Post Evacuate Collection Set: 0.5ms
[2026-08-03T16:38:12.223+0900][5.713s][info ][gc,phases      ] GC(53)   Other: 0.1ms
[2026-08-03T16:38:12.223+0900][5.713s][info ][gc,heap        ] GC(53) Eden regions: 13->0(26)
[2026-08-03T16:38:12.223+0900][5.713s][info ][gc,heap        ] GC(53) Survivor regions: 4->3(3)
[2026-08-03T16:38:12.223+0900][5.713s][info ][gc,heap        ] GC(53) Old regions: 27->34
[2026-08-03T16:38:12.223+0900][5.713s][info ][gc,heap        ] GC(53) Archive regions: 0->0
[2026-08-03T16:38:12.223+0900][5.713s][info ][gc,heap        ] GC(53) Humongous regions: 0->0
[2026-08-03T16:38:12.223+0900][5.713s][info ][gc,metaspace   ] GC(53) Metaspace: 11906K(12416K)->11906K(12416K) NonClass: 10813K(11072K)->10813K(11072K) Class: 1092K(1344K)->1092K(1344K)
[2026-08-03T16:38:12.223+0900][5.713s][debug][gc,heap        ] GC(53) Heap after GC invocations=54 (full 32):
[2026-08-03T16:38:12.223+0900][5.713s][debug][gc,heap        ] GC(53)  garbage-first heap   total 4784128K, used 1194459K [0x000001b144000000, 0x000001e844000000)
[2026-08-03T16:38:12.223+0900][5.713s][debug][gc,heap        ] GC(53)   region size 32768K, 3 young (98304K), 3 survivors (98304K)
[2026-08-03T16:38:12.223+0900][5.713s][debug][gc,heap        ] GC(53)  Metaspace       used 11906K, committed 12416K, reserved 1114112K
[2026-08-03T16:38:12.223+0900][5.713s][debug][gc,heap        ] GC(53)   class space    used 1092K, committed 1344K, reserved 1048576K
[2026-08-03T16:38:12.223+0900][5.713s][info ][gc             ] GC(53) Pause Young (Normal) (G1 Evacuation Pause) 1388M->1166M(4672M) 59.803ms
[2026-08-03T16:38:12.223+0900][5.713s][info ][gc,cpu         ] GC(53) User=1.08s Sys=0.05s Real=0.06s
[2026-08-03T16:38:12.223+0900][5.713s][info ][safepoint      ] Safepoint "G1CollectForAllocation", Time since last: 302738000 ns, Reaching safepoint: 104400 ns, At safepoint: 59861600 ns, Total: 59966000 ns
[2026-08-03T16:38:13.332+0900][6.822s][info ][gc,start       ] GC(54) Pause Young (Normal) (G1 Evacuation Pause)
[2026-08-03T16:38:13.332+0900][6.822s][debug][gc,heap        ] GC(54) Heap before GC invocations=54 (full 32):
[2026-08-03T16:38:13.332+0900][6.822s][debug][gc,heap        ] GC(54)  garbage-first heap   total 4784128K, used 2046427K [0x000001b144000000, 0x000001e844000000)
[2026-08-03T16:38:13.332+0900][6.822s][debug][gc,heap        ] GC(54)   region size 32768K, 29 young (950272K), 3 survivors (98304K)
[2026-08-03T16:38:13.332+0900][6.822s][debug][gc,heap        ] GC(54)  Metaspace       used 11906K, committed 12416K, reserved 1114112K
[2026-08-03T16:38:13.332+0900][6.822s][debug][gc,heap        ] GC(54)   class space    used 1092K, committed 1344K, reserved 1048576K
[2026-08-03T16:38:13.332+0900][6.822s][info ][gc,task        ] GC(54) Using 18 workers of 18 for evacuation
[2026-08-03T16:38:13.410+0900][6.901s][info ][gc,phases      ] GC(54)   Pre Evacuate Collection Set: 0.1ms
[2026-08-03T16:38:13.411+0900][6.901s][info ][gc,phases      ] GC(54)   Merge Heap Roots: 1.1ms
[2026-08-03T16:38:13.411+0900][6.901s][info ][gc,phases      ] GC(54)   Evacuate Collection Set: 76.4ms
[2026-08-03T16:38:13.411+0900][6.901s][info ][gc,phases      ] GC(54)   Post Evacuate Collection Set: 0.6ms
[2026-08-03T16:38:13.411+0900][6.901s][info ][gc,phases      ] GC(54)   Other: 0.1ms
[2026-08-03T16:38:13.411+0900][6.901s][info ][gc,heap        ] GC(54) Eden regions: 26->0(25)
[2026-08-03T16:38:13.411+0900][6.901s][info ][gc,heap        ] GC(54) Survivor regions: 3->4(4)
[2026-08-03T16:38:13.411+0900][6.901s][info ][gc,heap        ] GC(54) Old regions: 34->45
[2026-08-03T16:38:13.411+0900][6.901s][info ][gc,heap        ] GC(54) Archive regions: 0->0
[2026-08-03T16:38:13.411+0900][6.901s][info ][gc,heap        ] GC(54) Humongous regions: 0->0
[2026-08-03T16:38:13.411+0900][6.901s][info ][gc,metaspace   ] GC(54) Metaspace: 11906K(12416K)->11906K(12416K) NonClass: 10813K(11072K)->10813K(11072K) Class: 1092K(1344K)->1092K(1344K)
[2026-08-03T16:38:13.411+0900][6.901s][debug][gc,heap        ] GC(54) Heap after GC invocations=55 (full 32):
[2026-08-03T16:38:13.411+0900][6.901s][debug][gc,heap        ] GC(54)  garbage-first heap   total 4784128K, used 1581041K [0x000001b144000000, 0x000001e844000000)
[2026-08-03T16:38:13.411+0900][6.901s][debug][gc,heap        ] GC(54)   region size 32768K, 4 young (131072K), 4 survivors (131072K)
[2026-08-03T16:38:13.411+0900][6.901s][debug][gc,heap        ] GC(54)  Metaspace       used 11906K, committed 12416K, reserved 1114112K
[2026-08-03T16:38:13.411+0900][6.901s][debug][gc,heap        ] GC(54)   class space    used 1092K, committed 1344K, reserved 1048576K
[2026-08-03T16:38:13.411+0900][6.901s][info ][gc             ] GC(54) Pause Young (Normal) (G1 Evacuation Pause) 1998M->1543M(4672M) 78.690ms
[2026-08-03T16:38:13.411+0900][6.901s][info ][gc,cpu         ] GC(54) User=1.42s Sys=0.03s Real=0.08s
[2026-08-03T16:38:13.411+0900][6.901s][info ][safepoint      ] Safepoint "G1CollectForAllocation", Time since last: 1108932800 ns, Reaching safepoint: 108200 ns, At safepoint: 78756600 ns, Total: 78864800 ns
[2026-08-03T16:38:13.820+0900][7.310s][info ][gc,start       ] GC(55) Pause Young (Normal) (G1 Evacuation Pause)
[2026-08-03T16:38:13.820+0900][7.310s][debug][gc,heap        ] GC(55) Heap before GC invocations=55 (full 32):
[2026-08-03T16:38:13.820+0900][7.310s][debug][gc,heap        ] GC(55)  garbage-first heap   total 4784128K, used 2170865K [0x000001b144000000, 0x000001e844000000)
[2026-08-03T16:38:13.820+0900][7.310s][debug][gc,heap        ] GC(55)   region size 32768K, 22 young (720896K), 4 survivors (131072K)
[2026-08-03T16:38:13.820+0900][7.310s][debug][gc,heap        ] GC(55)  Metaspace       used 11906K, committed 12416K, reserved 1114112K
[2026-08-03T16:38:13.820+0900][7.310s][debug][gc,heap        ] GC(55)   class space    used 1092K, committed 1344K, reserved 1048576K
[2026-08-03T16:38:13.820+0900][7.310s][info ][gc,task        ] GC(55) Using 18 workers of 18 for evacuation
[2026-08-03T16:38:13.910+0900][7.400s][info ][gc,phases      ] GC(55)   Pre Evacuate Collection Set: 0.1ms
[2026-08-03T16:38:13.910+0900][7.400s][info ][gc,phases      ] GC(55)   Merge Heap Roots: 1.3ms
[2026-08-03T16:38:13.910+0900][7.400s][info ][gc,phases      ] GC(55)   Evacuate Collection Set: 78.5ms
[2026-08-03T16:38:13.910+0900][7.400s][info ][gc,phases      ] GC(55)   Post Evacuate Collection Set: 9.6ms
[2026-08-03T16:38:13.910+0900][7.400s][info ][gc,phases      ] GC(55)   Other: 0.1ms
[2026-08-03T16:38:13.910+0900][7.400s][info ][gc,heap        ] GC(55) Eden regions: 18->0(30)
[2026-08-03T16:38:13.910+0900][7.400s][info ][gc,heap        ] GC(55) Survivor regions: 4->3(3)
[2026-08-03T16:38:13.910+0900][7.400s][info ][gc,heap        ] GC(55) Old regions: 45->57
[2026-08-03T16:38:13.910+0900][7.400s][info ][gc,heap        ] GC(55) Archive regions: 0->0
[2026-08-03T16:38:13.910+0900][7.400s][info ][gc,heap        ] GC(55) Humongous regions: 0->0
[2026-08-03T16:38:13.910+0900][7.400s][info ][gc,metaspace   ] GC(55) Metaspace: 11906K(12416K)->11906K(12416K) NonClass: 10813K(11072K)->10813K(11072K) Class: 1092K(1344K)->1092K(1344K)
[2026-08-03T16:38:13.910+0900][7.400s][debug][gc,heap        ] GC(55) Heap after GC invocations=56 (full 32):
[2026-08-03T16:38:13.910+0900][7.400s][debug][gc,heap        ] GC(55)  garbage-first heap   total 9568256K, used 1955151K [0x000001b144000000, 0x000001e844000000)
[2026-08-03T16:38:13.910+0900][7.400s][debug][gc,heap        ] GC(55)   region size 32768K, 3 young (98304K), 3 survivors (98304K)
[2026-08-03T16:38:13.910+0900][7.400s][debug][gc,heap        ] GC(55)  Metaspace       used 11906K, committed 12416K, reserved 1114112K
[2026-08-03T16:38:13.910+0900][7.400s][debug][gc,heap        ] GC(55)   class space    used 1092K, committed 1344K, reserved 1048576K
[2026-08-03T16:38:13.910+0900][7.400s][info ][gc             ] GC(55) Pause Young (Normal) (G1 Evacuation Pause) 2119M->1909M(9344M) 90.026ms
[2026-08-03T16:38:13.910+0900][7.400s][info ][gc,cpu         ] GC(55) User=1.27s Sys=0.16s Real=0.09s
[2026-08-03T16:38:13.910+0900][7.400s][info ][safepoint      ] Safepoint "G1CollectForAllocation", Time since last: 408851600 ns, Reaching safepoint: 110600 ns, At safepoint: 90094400 ns, Total: 90205000 ns
[2026-08-03T16:38:14.924+0900][8.414s][info ][safepoint      ] Safepoint "Cleanup", Time since last: 1013759600 ns, Reaching safepoint: 139200 ns, At safepoint: 10800 ns, Total: 150000 ns
[2026-08-03T16:38:15.928+0900][9.418s][info ][safepoint      ] Safepoint "Cleanup", Time since last: 1003786400 ns, Reaching safepoint: 162500 ns, At safepoint: 10600 ns, Total: 173100 ns
[2026-08-03T16:38:16.935+0900][10.425s][info ][safepoint      ] Safepoint "Cleanup", Time since last: 1006884000 ns, Reaching safepoint: 149400 ns, At safepoint: 9100 ns, Total: 158500 ns
[2026-08-03T16:38:21.966+0900][15.456s][info ][safepoint      ] Safepoint "Cleanup", Time since last: 5030781800 ns, Reaching safepoint: 68900 ns, At safepoint: 10000 ns, Total: 78900 ns
[2026-08-03T16:38:21.995+0900][15.485s][info ][gc,start       ] GC(56) Pause Young (Normal) (G1 Evacuation Pause)
[2026-08-03T16:38:21.995+0900][15.485s][debug][gc,heap        ] GC(56) Heap before GC invocations=56 (full 32):
[2026-08-03T16:38:21.995+0900][15.485s][debug][gc,heap        ] GC(56)  garbage-first heap   total 9568256K, used 2446671K [0x000001b144000000, 0x000001e844000000)
[2026-08-03T16:38:21.995+0900][15.485s][debug][gc,heap        ] GC(56)   region size 32768K, 18 young (589824K), 3 survivors (98304K)
[2026-08-03T16:38:21.995+0900][15.485s][debug][gc,heap        ] GC(56)  Metaspace       used 11930K, committed 12416K, reserved 1114112K
[2026-08-03T16:38:21.995+0900][15.485s][debug][gc,heap        ] GC(56)   class space    used 1092K, committed 1344K, reserved 1048576K
[2026-08-03T16:38:21.995+0900][15.485s][info ][gc,task        ] GC(56) Using 18 workers of 18 for evacuation
[2026-08-03T16:38:22.047+0900][15.537s][info ][gc,phases      ] GC(56)   Pre Evacuate Collection Set: 0.2ms
[2026-08-03T16:38:22.047+0900][15.537s][info ][gc,phases      ] GC(56)   Merge Heap Roots: 1.0ms
[2026-08-03T16:38:22.047+0900][15.537s][info ][gc,phases      ] GC(56)   Evacuate Collection Set: 50.0ms
[2026-08-03T16:38:22.047+0900][15.537s][info ][gc,phases      ] GC(56)   Post Evacuate Collection Set: 0.9ms
[2026-08-03T16:38:22.047+0900][15.537s][info ][gc,phases      ] GC(56)   Other: 0.1ms
[2026-08-03T16:38:22.047+0900][15.537s][info ][gc,heap        ] GC(56) Eden regions: 15->0(38)
[2026-08-03T16:38:22.047+0900][15.537s][info ][gc,heap        ] GC(56) Survivor regions: 3->3(3)
[2026-08-03T16:38:22.047+0900][15.537s][info ][gc,heap        ] GC(56) Old regions: 57->65
[2026-08-03T16:38:22.047+0900][15.537s][info ][gc,heap        ] GC(56) Archive regions: 0->0
[2026-08-03T16:38:22.047+0900][15.537s][info ][gc,heap        ] GC(56) Humongous regions: 0->0
[2026-08-03T16:38:22.047+0900][15.537s][info ][gc,metaspace   ] GC(56) Metaspace: 11930K(12416K)->11930K(12416K) NonClass: 10837K(11072K)->10837K(11072K) Class: 1092K(1344K)->1092K(1344K)
[2026-08-03T16:38:22.047+0900][15.537s][debug][gc,heap        ] GC(56) Heap after GC invocations=57 (full 32):
[2026-08-03T16:38:22.047+0900][15.537s][debug][gc,heap        ] GC(56)  garbage-first heap   total 9568256K, used 2196472K [0x000001b144000000, 0x000001e844000000)
[2026-08-03T16:38:22.047+0900][15.537s][debug][gc,heap        ] GC(56)   region size 32768K, 3 young (98304K), 3 survivors (98304K)
[2026-08-03T16:38:22.047+0900][15.537s][debug][gc,heap        ] GC(56)  Metaspace       used 11930K, committed 12416K, reserved 1114112K
[2026-08-03T16:38:22.047+0900][15.537s][debug][gc,heap        ] GC(56)   class space    used 1092K, committed 1344K, reserved 1048576K
[2026-08-03T16:38:22.047+0900][15.538s][info ][gc             ] GC(56) Pause Young (Normal) (G1 Evacuation Pause) 2389M->2144M(9344M) 52.834ms
[2026-08-03T16:38:22.047+0900][15.538s][info ][gc,cpu         ] GC(56) User=1.00s Sys=0.12s Real=0.05s
[2026-08-03T16:38:22.047+0900][15.538s][info ][safepoint      ] Safepoint "G1CollectForAllocation", Time since last: 28743900 ns, Reaching safepoint: 149600 ns, At safepoint: 52910100 ns, Total: 53059700 ns
[2026-08-03T16:38:23.053+0900][16.543s][info ][safepoint      ] Safepoint "Cleanup", Time since last: 1005183300 ns, Reaching safepoint: 152500 ns, At safepoint: 17200 ns, Total: 169700 ns
[2026-08-03T16:38:23.873+0900][17.363s][info ][gc,start       ] GC(57) Pause Young (Normal) (G1 Evacuation Pause)
[2026-08-03T16:38:23.873+0900][17.363s][debug][gc,heap        ] GC(57) Heap before GC invocations=57 (full 32):
[2026-08-03T16:38:23.873+0900][17.363s][debug][gc,heap        ] GC(57)  garbage-first heap   total 9568256K, used 3408888K [0x000001b144000000, 0x000001e844000000)
[2026-08-03T16:38:23.873+0900][17.363s][debug][gc,heap        ] GC(57)   region size 32768K, 40 young (1310720K), 3 survivors (98304K)
[2026-08-03T16:38:23.873+0900][17.363s][debug][gc,heap        ] GC(57)  Metaspace       used 11958K, committed 12480K, reserved 1114112K
[2026-08-03T16:38:23.873+0900][17.363s][debug][gc,heap        ] GC(57)   class space    used 1092K, committed 1344K, reserved 1048576K
[2026-08-03T16:38:23.873+0900][17.363s][info ][gc,task        ] GC(57) Using 18 workers of 18 for evacuation
[2026-08-03T16:38:23.965+0900][17.455s][info ][gc,phases      ] GC(57)   Pre Evacuate Collection Set: 0.1ms
[2026-08-03T16:38:23.965+0900][17.455s][info ][gc,phases      ] GC(57)   Merge Heap Roots: 2.2ms
[2026-08-03T16:38:23.965+0900][17.455s][info ][gc,phases      ] GC(57)   Evacuate Collection Set: 89.6ms
[2026-08-03T16:38:23.965+0900][17.455s][info ][gc,phases      ] GC(57)   Post Evacuate Collection Set: 0.5ms
[2026-08-03T16:38:23.965+0900][17.456s][info ][gc,phases      ] GC(57)   Other: 0.1ms
[2026-08-03T16:38:23.965+0900][17.456s][info ][gc,heap        ] GC(57) Eden regions: 37->0(31)
[2026-08-03T16:38:23.965+0900][17.456s][info ][gc,heap        ] GC(57) Survivor regions: 3->5(5)
[2026-08-03T16:38:23.965+0900][17.456s][info ][gc,heap        ] GC(57) Old regions: 65->77
[2026-08-03T16:38:23.965+0900][17.456s][info ][gc,heap        ] GC(57) Archive regions: 0->0
[2026-08-03T16:38:23.965+0900][17.456s][info ][gc,heap        ] GC(57) Humongous regions: 0->0
[2026-08-03T16:38:23.965+0900][17.456s][info ][gc,metaspace   ] GC(57) Metaspace: 11958K(12480K)->11958K(12480K) NonClass: 10865K(11136K)->10865K(11136K) Class: 1092K(1344K)->1092K(1344K)
[2026-08-03T16:38:23.965+0900][17.456s][debug][gc,heap        ] GC(57) Heap after GC invocations=58 (full 32):
[2026-08-03T16:38:23.965+0900][17.456s][debug][gc,heap        ] GC(57)  garbage-first heap   total 9568256K, used 2662144K [0x000001b144000000, 0x000001e844000000)
[2026-08-03T16:38:23.965+0900][17.456s][debug][gc,heap        ] GC(57)   region size 32768K, 5 young (163840K), 5 survivors (163840K)
[2026-08-03T16:38:23.965+0900][17.456s][debug][gc,heap        ] GC(57)  Metaspace       used 11958K, committed 12480K, reserved 1114112K
[2026-08-03T16:38:23.965+0900][17.456s][debug][gc,heap        ] GC(57)   class space    used 1092K, committed 1344K, reserved 1048576K
[2026-08-03T16:38:23.965+0900][17.456s][info ][gc             ] GC(57) Pause Young (Normal) (G1 Evacuation Pause) 3328M->2599M(9344M) 92.884ms
[2026-08-03T16:38:23.966+0900][17.456s][info ][gc,cpu         ] GC(57) User=1.33s Sys=0.08s Real=0.09s
[2026-08-03T16:38:23.966+0900][17.456s][info ][safepoint      ] Safepoint "G1CollectForAllocation", Time since last: 819735900 ns, Reaching safepoint: 111500 ns, At safepoint: 92951700 ns, Total: 93063200 ns
[2026-08-03T16:38:24.968+0900][18.458s][info ][gc,start       ] GC(58) Pause Full (System.gc())
[2026-08-03T16:38:24.968+0900][18.458s][debug][gc,heap        ] GC(58) Heap before GC invocations=58 (full 32):
[2026-08-03T16:38:24.968+0900][18.458s][debug][gc,heap        ] GC(58)  garbage-first heap   total 9568256K, used 3317504K [0x000001b144000000, 0x000001e844000000)
[2026-08-03T16:38:24.968+0900][18.458s][debug][gc,heap        ] GC(58)   region size 32768K, 26 young (851968K), 5 survivors (163840K)
[2026-08-03T16:38:24.968+0900][18.458s][debug][gc,heap        ] GC(58)  Metaspace       used 12165K, committed 12672K, reserved 1114112K
[2026-08-03T16:38:24.968+0900][18.458s][debug][gc,heap        ] GC(58)   class space    used 1113K, committed 1408K, reserved 1048576K
[2026-08-03T16:38:24.968+0900][18.458s][info ][gc,task        ] GC(58) Using 18 workers of 18 for full compaction
[2026-08-03T16:38:24.968+0900][18.458s][info ][gc,phases,start] GC(58) Phase 1: Mark live objects
[2026-08-03T16:38:24.978+0900][18.468s][info ][gc,phases      ] GC(58) Phase 1: Mark live objects 10.026ms
[2026-08-03T16:38:24.978+0900][18.469s][info ][gc,phases,start] GC(58) Phase 2: Prepare for compaction
[2026-08-03T16:38:24.993+0900][18.483s][info ][gc,phases      ] GC(58) Phase 2: Prepare for compaction 14.803ms
[2026-08-03T16:38:24.993+0900][18.483s][info ][gc,phases,start] GC(58) Phase 3: Adjust pointers
[2026-08-03T16:38:25.007+0900][18.497s][info ][gc,phases      ] GC(58) Phase 3: Adjust pointers 13.986ms
[2026-08-03T16:38:25.007+0900][18.497s][info ][gc,phases,start] GC(58) Phase 4: Compact heap
[2026-08-03T16:38:25.016+0900][18.506s][info ][gc,phases      ] GC(58) Phase 4: Compact heap 8.448ms
[2026-08-03T16:38:25.035+0900][18.525s][debug][gc,heap        ] GC(58) Uncommittable regions after shrink: 238
[2026-08-03T16:38:25.037+0900][18.527s][info ][gc,heap        ] GC(58) Eden regions: 21->0(10)
[2026-08-03T16:38:25.037+0900][18.527s][info ][gc,heap        ] GC(58) Survivor regions: 5->0(5)
[2026-08-03T16:38:25.037+0900][18.527s][info ][gc,heap        ] GC(58) Old regions: 77->16
[2026-08-03T16:38:25.037+0900][18.527s][info ][gc,heap        ] GC(58) Archive regions: 0->0
[2026-08-03T16:38:25.037+0900][18.527s][info ][gc,heap        ] GC(58) Humongous regions: 0->0
[2026-08-03T16:38:25.037+0900][18.527s][info ][gc,metaspace   ] GC(58) Metaspace: 12165K(12672K)->12165K(12672K) NonClass: 11051K(11264K)->11051K(11264K) Class: 1113K(1408K)->1113K(1408K)
[2026-08-03T16:38:25.037+0900][18.527s][debug][gc,heap        ] GC(58) Heap after GC invocations=59 (full 33):
[2026-08-03T16:38:25.037+0900][18.527s][debug][gc,heap        ] GC(58)  garbage-first heap   total 1769472K, used 86509K [0x000001b144000000, 0x000001e844000000)
[2026-08-03T16:38:25.037+0900][18.527s][debug][gc,heap        ] GC(58)   region size 32768K, 0 young (0K), 0 survivors (0K)
[2026-08-03T16:38:25.037+0900][18.527s][debug][gc,heap        ] GC(58)  Metaspace       used 12165K, committed 12672K, reserved 1114112K
[2026-08-03T16:38:25.037+0900][18.527s][debug][gc,heap        ] GC(58)   class space    used 1113K, committed 1408K, reserved 1048576K
[2026-08-03T16:38:25.037+0900][18.527s][info ][gc             ] GC(58) Pause Full (System.gc()) 3255M->84M(1728M) 69.500ms
[2026-08-03T16:38:25.037+0900][18.527s][info ][gc,cpu         ] GC(58) User=0.42s Sys=0.52s Real=0.07s
[2026-08-03T16:38:25.037+0900][18.527s][info ][safepoint      ] Safepoint "G1CollectFull", Time since last: 1002049900 ns, Reaching safepoint: 106400 ns, At safepoint: 69558200 ns, Total: 69664600 ns
[2026-08-03T16:38:25.435+0900][18.925s][info ][gc,start       ] GC(59) Pause Young (Normal) (G1 Evacuation Pause)
[2026-08-03T16:38:25.435+0900][18.925s][debug][gc,heap        ] GC(59) Heap before GC invocations=59 (full 33):
[2026-08-03T16:38:25.435+0900][18.925s][debug][gc,heap        ] GC(59)  garbage-first heap   total 1769472K, used 414189K [0x000001b144000000, 0x000001e844000000)
[2026-08-03T16:38:25.435+0900][18.925s][debug][gc,heap        ] GC(59)   region size 32768K, 10 young (327680K), 0 survivors (0K)
[2026-08-03T16:38:25.435+0900][18.925s][debug][gc,heap        ] GC(59)  Metaspace       used 12172K, committed 12672K, reserved 1114112K
[2026-08-03T16:38:25.435+0900][18.925s][debug][gc,heap        ] GC(59)   class space    used 1113K, committed 1408K, reserved 1048576K
[2026-08-03T16:38:25.435+0900][18.925s][info ][gc,task        ] GC(59) Using 18 workers of 18 for evacuation
[2026-08-03T16:38:25.460+0900][18.950s][info ][gc,phases      ] GC(59)   Pre Evacuate Collection Set: 0.1ms
[2026-08-03T16:38:25.460+0900][18.950s][info ][gc,phases      ] GC(59)   Merge Heap Roots: 0.1ms
[2026-08-03T16:38:25.460+0900][18.950s][info ][gc,phases      ] GC(59)   Evacuate Collection Set: 24.1ms
[2026-08-03T16:38:25.460+0900][18.950s][info ][gc,phases      ] GC(59)   Post Evacuate Collection Set: 0.3ms
[2026-08-03T16:38:25.460+0900][18.950s][info ][gc,phases      ] GC(59)   Other: 0.1ms
[2026-08-03T16:38:25.460+0900][18.950s][info ][gc,heap        ] GC(59) Eden regions: 10->0(8)
[2026-08-03T16:38:25.460+0900][18.950s][info ][gc,heap        ] GC(59) Survivor regions: 0->2(2)
[2026-08-03T16:38:25.460+0900][18.950s][info ][gc,heap        ] GC(59) Old regions: 16->19
[2026-08-03T16:38:25.460+0900][18.950s][info ][gc,heap        ] GC(59) Archive regions: 0->0
[2026-08-03T16:38:25.460+0900][18.950s][info ][gc,heap        ] GC(59) Humongous regions: 0->0
[2026-08-03T16:38:25.460+0900][18.950s][info ][gc,metaspace   ] GC(59) Metaspace: 12172K(12672K)->12172K(12672K) NonClass: 11058K(11264K)->11058K(11264K) Class: 1113K(1408K)->1113K(1408K)
[2026-08-03T16:38:25.460+0900][18.950s][debug][gc,heap        ] GC(59) Heap after GC invocations=60 (full 33):
[2026-08-03T16:38:25.460+0900][18.950s][debug][gc,heap        ] GC(59)  garbage-first heap   total 1769472K, used 248149K [0x000001b144000000, 0x000001e844000000)
[2026-08-03T16:38:25.460+0900][18.950s][debug][gc,heap        ] GC(59)   region size 32768K, 2 young (65536K), 2 survivors (65536K)
[2026-08-03T16:38:25.460+0900][18.950s][debug][gc,heap        ] GC(59)  Metaspace       used 12172K, committed 12672K, reserved 1114112K
[2026-08-03T16:38:25.460+0900][18.950s][debug][gc,heap        ] GC(59)   class space    used 1113K, committed 1408K, reserved 1048576K
[2026-08-03T16:38:25.460+0900][18.950s][info ][gc             ] GC(59) Pause Young (Normal) (G1 Evacuation Pause) 404M->242M(1728M) 25.056ms
[2026-08-03T16:38:25.460+0900][18.950s][info ][gc,cpu         ] GC(59) User=0.59s Sys=0.00s Real=0.03s
[2026-08-03T16:38:25.460+0900][18.950s][info ][safepoint      ] Safepoint "G1CollectForAllocation", Time since last: 397572900 ns, Reaching safepoint: 97900 ns, At safepoint: 25114700 ns, Total: 25212600 ns
[2026-08-03T16:38:25.606+0900][19.096s][info ][gc,start       ] GC(60) Pause Young (Normal) (G1 Evacuation Pause)
[2026-08-03T16:38:25.606+0900][19.097s][debug][gc,heap        ] GC(60) Heap before GC invocations=60 (full 33):
[2026-08-03T16:38:25.606+0900][19.097s][debug][gc,heap        ] GC(60)  garbage-first heap   total 1769472K, used 510293K [0x000001b144000000, 0x000001e844000000)
[2026-08-03T16:38:25.606+0900][19.097s][debug][gc,heap        ] GC(60)   region size 32768K, 10 young (327680K), 2 survivors (65536K)
[2026-08-03T16:38:25.606+0900][19.097s][debug][gc,heap        ] GC(60)  Metaspace       used 12172K, committed 12672K, reserved 1114112K
[2026-08-03T16:38:25.606+0900][19.097s][debug][gc,heap        ] GC(60)   class space    used 1113K, committed 1408K, reserved 1048576K
[2026-08-03T16:38:25.606+0900][19.097s][info ][gc,task        ] GC(60) Using 18 workers of 18 for evacuation
[2026-08-03T16:38:25.636+0900][19.126s][info ][gc,phases      ] GC(60)   Pre Evacuate Collection Set: 0.1ms
[2026-08-03T16:38:25.636+0900][19.126s][info ][gc,phases      ] GC(60)   Merge Heap Roots: 0.1ms
[2026-08-03T16:38:25.636+0900][19.126s][info ][gc,phases      ] GC(60)   Evacuate Collection Set: 28.6ms
[2026-08-03T16:38:25.636+0900][19.126s][info ][gc,phases      ] GC(60)   Post Evacuate Collection Set: 0.4ms
[2026-08-03T16:38:25.636+0900][19.126s][info ][gc,phases      ] GC(60)   Other: 0.1ms
[2026-08-03T16:38:25.636+0900][19.126s][info ][gc,heap        ] GC(60) Eden regions: 8->0(8)
[2026-08-03T16:38:25.636+0900][19.126s][info ][gc,heap        ] GC(60) Survivor regions: 2->2(2)
[2026-08-03T16:38:25.636+0900][19.126s][info ][gc,heap        ] GC(60) Old regions: 19->24
[2026-08-03T16:38:25.636+0900][19.126s][info ][gc,heap        ] GC(60) Archive regions: 0->0
[2026-08-03T16:38:25.636+0900][19.126s][info ][gc,heap        ] GC(60) Humongous regions: 0->0
[2026-08-03T16:38:25.636+0900][19.126s][info ][gc,metaspace   ] GC(60) Metaspace: 12172K(12672K)->12172K(12672K) NonClass: 11058K(11264K)->11058K(11264K) Class: 1113K(1408K)->1113K(1408K)
[2026-08-03T16:38:25.636+0900][19.126s][debug][gc,heap        ] GC(60) Heap after GC invocations=61 (full 33):
[2026-08-03T16:38:25.636+0900][19.126s][debug][gc,heap        ] GC(60)  garbage-first heap   total 1769472K, used 408333K [0x000001b144000000, 0x000001e844000000)
[2026-08-03T16:38:25.636+0900][19.126s][debug][gc,heap        ] GC(60)   region size 32768K, 2 young (65536K), 2 survivors (65536K)
[2026-08-03T16:38:25.636+0900][19.126s][debug][gc,heap        ] GC(60)  Metaspace       used 12172K, committed 12672K, reserved 1114112K
[2026-08-03T16:38:25.636+0900][19.126s][debug][gc,heap        ] GC(60)   class space    used 1113K, committed 1408K, reserved 1048576K
[2026-08-03T16:38:25.636+0900][19.126s][info ][gc             ] GC(60) Pause Young (Normal) (G1 Evacuation Pause) 498M->398M(1728M) 29.645ms
[2026-08-03T16:38:25.636+0900][19.126s][info ][gc,cpu         ] GC(60) User=0.55s Sys=0.00s Real=0.03s
[2026-08-03T16:38:25.636+0900][19.126s][info ][safepoint      ] Safepoint "G1CollectForAllocation", Time since last: 146116000 ns, Reaching safepoint: 110300 ns, At safepoint: 29707100 ns, Total: 29817400 ns
[2026-08-03T16:38:25.811+0900][19.301s][info ][gc,start       ] GC(61) Pause Young (Normal) (G1 Evacuation Pause)
[2026-08-03T16:38:25.811+0900][19.301s][debug][gc,heap        ] GC(61) Heap before GC invocations=61 (full 33):
[2026-08-03T16:38:25.811+0900][19.301s][debug][gc,heap        ] GC(61)  garbage-first heap   total 1769472K, used 670477K [0x000001b144000000, 0x000001e844000000)
[2026-08-03T16:38:25.811+0900][19.301s][debug][gc,heap        ] GC(61)   region size 32768K, 10 young (327680K), 2 survivors (65536K)
[2026-08-03T16:38:25.811+0900][19.301s][debug][gc,heap        ] GC(61)  Metaspace       used 12172K, committed 12672K, reserved 1114112K
[2026-08-03T16:38:25.811+0900][19.301s][debug][gc,heap        ] GC(61)   class space    used 1113K, committed 1408K, reserved 1048576K
[2026-08-03T16:38:25.811+0900][19.301s][info ][gc,task        ] GC(61) Using 18 workers of 18 for evacuation
[2026-08-03T16:38:25.855+0900][19.345s][info ][gc,phases      ] GC(61)   Pre Evacuate Collection Set: 0.1ms
[2026-08-03T16:38:25.855+0900][19.345s][info ][gc,phases      ] GC(61)   Merge Heap Roots: 1.1ms
[2026-08-03T16:38:25.855+0900][19.345s][info ][gc,phases      ] GC(61)   Evacuate Collection Set: 32.3ms
[2026-08-03T16:38:25.855+0900][19.345s][info ][gc,phases      ] GC(61)   Post Evacuate Collection Set: 10.0ms
[2026-08-03T16:38:25.855+0900][19.345s][info ][gc,phases      ] GC(61)   Other: 0.1ms
[2026-08-03T16:38:25.855+0900][19.345s][info ][gc,heap        ] GC(61) Eden regions: 8->0(19)
[2026-08-03T16:38:25.855+0900][19.345s][info ][gc,heap        ] GC(61) Survivor regions: 2->2(2)
[2026-08-03T16:38:25.855+0900][19.345s][info ][gc,heap        ] GC(61) Old regions: 24->29
[2026-08-03T16:38:25.855+0900][19.345s][info ][gc,heap        ] GC(61) Archive regions: 0->0
[2026-08-03T16:38:25.855+0900][19.345s][info ][gc,heap        ] GC(61) Humongous regions: 0->0
[2026-08-03T16:38:25.855+0900][19.345s][info ][gc,metaspace   ] GC(61) Metaspace: 12172K(12672K)->12172K(12672K) NonClass: 11058K(11264K)->11058K(11264K) Class: 1113K(1408K)->1113K(1408K)
[2026-08-03T16:38:25.855+0900][19.345s][debug][gc,heap        ] GC(61) Heap after GC invocations=62 (full 33):
[2026-08-03T16:38:25.855+0900][19.345s][debug][gc,heap        ] GC(61)  garbage-first heap   total 3538944K, used 568296K [0x000001b144000000, 0x000001e844000000)
[2026-08-03T16:38:25.855+0900][19.345s][debug][gc,heap        ] GC(61)   region size 32768K, 2 young (65536K), 2 survivors (65536K)
[2026-08-03T16:38:25.855+0900][19.345s][debug][gc,heap        ] GC(61)  Metaspace       used 12172K, committed 12672K, reserved 1114112K
[2026-08-03T16:38:25.855+0900][19.345s][debug][gc,heap        ] GC(61)   class space    used 1113K, committed 1408K, reserved 1048576K
[2026-08-03T16:38:25.855+0900][19.345s][info ][gc             ] GC(61) Pause Young (Normal) (G1 Evacuation Pause) 654M->554M(3456M) 44.037ms
[2026-08-03T16:38:25.855+0900][19.345s][info ][gc,cpu         ] GC(61) User=0.81s Sys=0.03s Real=0.04s
[2026-08-03T16:38:25.855+0900][19.345s][info ][safepoint      ] Safepoint "G1CollectForAllocation", Time since last: 174990200 ns, Reaching safepoint: 103700 ns, At safepoint: 44163600 ns, Total: 44267300 ns
[2026-08-03T16:38:26.337+0900][19.827s][debug][gc,heap        ] Concurrent Uncommit Summary: 5888M, 184 regions, 262.713ms
[2026-08-03T16:38:26.518+0900][20.008s][info ][gc,start       ] GC(62) Pause Young (Normal) (G1 Evacuation Pause)
[2026-08-03T16:38:26.518+0900][20.009s][debug][gc,heap        ] GC(62) Heap before GC invocations=62 (full 33):
[2026-08-03T16:38:26.518+0900][20.009s][debug][gc,heap        ] GC(62)  garbage-first heap   total 3538944K, used 1190888K [0x000001b144000000, 0x000001e844000000)
[2026-08-03T16:38:26.518+0900][20.009s][debug][gc,heap        ] GC(62)   region size 32768K, 21 young (688128K), 2 survivors (65536K)
[2026-08-03T16:38:26.518+0900][20.009s][debug][gc,heap        ] GC(62)  Metaspace       used 12172K, committed 12672K, reserved 1114112K
[2026-08-03T16:38:26.518+0900][20.009s][debug][gc,heap        ] GC(62)   class space    used 1113K, committed 1408K, reserved 1048576K
[2026-08-03T16:38:26.518+0900][20.009s][info ][gc,task        ] GC(62) Using 18 workers of 18 for evacuation
[2026-08-03T16:38:26.588+0900][20.078s][info ][gc,phases      ] GC(62)   Pre Evacuate Collection Set: 0.1ms
[2026-08-03T16:38:26.588+0900][20.078s][info ][gc,phases      ] GC(62)   Merge Heap Roots: 0.7ms
[2026-08-03T16:38:26.588+0900][20.078s][info ][gc,phases      ] GC(62)   Evacuate Collection Set: 68.0ms
[2026-08-03T16:38:26.588+0900][20.078s][info ][gc,phases      ] GC(62)   Post Evacuate Collection Set: 0.7ms
[2026-08-03T16:38:26.588+0900][20.078s][info ][gc,phases      ] GC(62)   Other: 0.1ms
[2026-08-03T16:38:26.588+0900][20.078s][info ][gc,heap        ] GC(62) Eden regions: 19->0(18)
[2026-08-03T16:38:26.588+0900][20.078s][info ][gc,heap        ] GC(62) Survivor regions: 2->3(3)
[2026-08-03T16:38:26.588+0900][20.078s][info ][gc,heap        ] GC(62) Old regions: 29->41
[2026-08-03T16:38:26.588+0900][20.078s][info ][gc,heap        ] GC(62) Archive regions: 0->0
[2026-08-03T16:38:26.588+0900][20.078s][info ][gc,heap        ] GC(62) Humongous regions: 0->0
[2026-08-03T16:38:26.588+0900][20.078s][info ][gc,metaspace   ] GC(62) Metaspace: 12172K(12672K)->12172K(12672K) NonClass: 11059K(11264K)->11059K(11264K) Class: 1113K(1408K)->1113K(1408K)
[2026-08-03T16:38:26.588+0900][20.078s][debug][gc,heap        ] GC(62) Heap after GC invocations=63 (full 33):
[2026-08-03T16:38:26.588+0900][20.078s][debug][gc,heap        ] GC(62)  garbage-first heap   total 3538944K, used 972863K [0x000001b144000000, 0x000001e844000000)
[2026-08-03T16:38:26.588+0900][20.078s][debug][gc,heap        ] GC(62)   region size 32768K, 3 young (98304K), 3 survivors (98304K)
[2026-08-03T16:38:26.588+0900][20.078s][debug][gc,heap        ] GC(62)  Metaspace       used 12172K, committed 12672K, reserved 1114112K
[2026-08-03T16:38:26.588+0900][20.078s][debug][gc,heap        ] GC(62)   class space    used 1113K, committed 1408K, reserved 1048576K
[2026-08-03T16:38:26.588+0900][20.078s][info ][gc             ] GC(62) Pause Young (Normal) (G1 Evacuation Pause) 1162M->950M(3456M) 69.943ms
[2026-08-03T16:38:26.588+0900][20.078s][info ][gc,cpu         ] GC(62) User=1.08s Sys=0.05s Real=0.07s
[2026-08-03T16:38:26.588+0900][20.078s][info ][safepoint      ] Safepoint "G1CollectForAllocation", Time since last: 662943600 ns, Reaching safepoint: 105300 ns, At safepoint: 70002800 ns, Total: 70108100 ns
[2026-08-03T16:38:27.125+0900][20.615s][info ][gc,start       ] GC(63) Pause Young (Normal) (G1 Evacuation Pause)
[2026-08-03T16:38:27.125+0900][20.615s][debug][gc,heap        ] GC(63) Heap before GC invocations=63 (full 33):
[2026-08-03T16:38:27.125+0900][20.615s][debug][gc,heap        ] GC(63)  garbage-first heap   total 3538944K, used 1562687K [0x000001b144000000, 0x000001e844000000)
[2026-08-03T16:38:27.125+0900][20.615s][debug][gc,heap        ] GC(63)   region size 32768K, 21 young (688128K), 3 survivors (98304K)
[2026-08-03T16:38:27.125+0900][20.615s][debug][gc,heap        ] GC(63)  Metaspace       used 12172K, committed 12672K, reserved 1114112K
[2026-08-03T16:38:27.125+0900][20.615s][debug][gc,heap        ] GC(63)   class space    used 1113K, committed 1408K, reserved 1048576K
[2026-08-03T16:38:27.125+0900][20.615s][info ][gc,task        ] GC(63) Using 18 workers of 18 for evacuation
[2026-08-03T16:38:27.200+0900][20.691s][info ][gc,phases      ] GC(63)   Pre Evacuate Collection Set: 0.1ms
[2026-08-03T16:38:27.200+0900][20.691s][info ][gc,phases      ] GC(63)   Merge Heap Roots: 2.5ms
[2026-08-03T16:38:27.200+0900][20.691s][info ][gc,phases      ] GC(63)   Evacuate Collection Set: 71.8ms
[2026-08-03T16:38:27.200+0900][20.691s][info ][gc,phases      ] GC(63)   Post Evacuate Collection Set: 0.6ms
[2026-08-03T16:38:27.200+0900][20.691s][info ][gc,phases      ] GC(63)   Other: 0.7ms
[2026-08-03T16:38:27.200+0900][20.691s][info ][gc,heap        ] GC(63) Eden regions: 18->0(16)
[2026-08-03T16:38:27.200+0900][20.691s][info ][gc,heap        ] GC(63) Survivor regions: 3->3(3)
[2026-08-03T16:38:27.200+0900][20.691s][info ][gc,heap        ] GC(63) Old regions: 41->53
[2026-08-03T16:38:27.201+0900][20.691s][info ][gc,heap        ] GC(63) Archive regions: 0->0
[2026-08-03T16:38:27.201+0900][20.691s][info ][gc,heap        ] GC(63) Humongous regions: 0->0
[2026-08-03T16:38:27.201+0900][20.691s][info ][gc,metaspace   ] GC(63) Metaspace: 12172K(12672K)->12172K(12672K) NonClass: 11059K(11264K)->11059K(11264K) Class: 1113K(1408K)->1113K(1408K)
[2026-08-03T16:38:27.201+0900][20.691s][debug][gc,heap        ] GC(63) Heap after GC invocations=64 (full 33):
[2026-08-03T16:38:27.201+0900][20.691s][debug][gc,heap        ] GC(63)  garbage-first heap   total 3538944K, used 1391348K [0x000001b144000000, 0x000001e844000000)
[2026-08-03T16:38:27.201+0900][20.691s][debug][gc,heap        ] GC(63)   region size 32768K, 3 young (98304K), 3 survivors (98304K)
[2026-08-03T16:38:27.201+0900][20.691s][debug][gc,heap        ] GC(63)  Metaspace       used 12172K, committed 12672K, reserved 1114112K
[2026-08-03T16:38:27.201+0900][20.691s][debug][gc,heap        ] GC(63)   class space    used 1113K, committed 1408K, reserved 1048576K
[2026-08-03T16:38:27.201+0900][20.691s][info ][gc             ] GC(63) Pause Young (Normal) (G1 Evacuation Pause) 1526M->1358M(3456M) 76.083ms
[2026-08-03T16:38:27.201+0900][20.691s][info ][gc,cpu         ] GC(63) User=1.11s Sys=0.02s Real=0.08s
[2026-08-03T16:38:27.201+0900][20.691s][info ][safepoint      ] Safepoint "G1CollectForAllocation", Time since last: 536102500 ns, Reaching safepoint: 102800 ns, At safepoint: 76145400 ns, Total: 76248200 ns
[2026-08-03T16:38:28.210+0900][21.700s][info ][safepoint      ] Safepoint "Cleanup", Time since last: 1008941000 ns, Reaching safepoint: 152900 ns, At safepoint: 11200 ns, Total: 164100 ns
[2026-08-03T16:38:28.384+0900][21.874s][info ][gc,start       ] GC(64) Pause Young (Concurrent Start) (G1 Evacuation Pause)
[2026-08-03T16:38:28.384+0900][21.874s][debug][gc,heap        ] GC(64) Heap before GC invocations=64 (full 33):
[2026-08-03T16:38:28.384+0900][21.874s][debug][gc,heap        ] GC(64)  garbage-first heap   total 3538944K, used 1915636K [0x000001b144000000, 0x000001e844000000)
[2026-08-03T16:38:28.384+0900][21.874s][debug][gc,heap        ] GC(64)   region size 32768K, 19 young (622592K), 3 survivors (98304K)
[2026-08-03T16:38:28.384+0900][21.874s][debug][gc,heap        ] GC(64)  Metaspace       used 12243K, committed 12800K, reserved 1114112K
[2026-08-03T16:38:28.384+0900][21.874s][debug][gc,heap        ] GC(64)   class space    used 1120K, committed 1408K, reserved 1048576K
[2026-08-03T16:38:28.384+0900][21.874s][info ][gc,task        ] GC(64) Using 18 workers of 18 for evacuation
[2026-08-03T16:38:28.425+0900][21.915s][info ][gc,phases      ] GC(64)   Pre Evacuate Collection Set: 0.3ms
[2026-08-03T16:38:28.425+0900][21.915s][info ][gc,phases      ] GC(64)   Merge Heap Roots: 0.6ms
[2026-08-03T16:38:28.425+0900][21.915s][info ][gc,phases      ] GC(64)   Evacuate Collection Set: 39.1ms
[2026-08-03T16:38:28.425+0900][21.915s][info ][gc,phases      ] GC(64)   Post Evacuate Collection Set: 0.9ms
[2026-08-03T16:38:28.425+0900][21.915s][info ][gc,phases      ] GC(64)   Other: 0.1ms
[2026-08-03T16:38:28.425+0900][21.915s][info ][gc,heap        ] GC(64) Eden regions: 16->0(15)
[2026-08-03T16:38:28.425+0900][21.915s][info ][gc,heap        ] GC(64) Survivor regions: 3->3(3)
[2026-08-03T16:38:28.425+0900][21.915s][info ][gc,heap        ] GC(64) Old regions: 53->58
[2026-08-03T16:38:28.425+0900][21.915s][info ][gc,heap        ] GC(64) Archive regions: 0->0
[2026-08-03T16:38:28.425+0900][21.915s][info ][gc,heap        ] GC(64) Humongous regions: 0->0
[2026-08-03T16:38:28.425+0900][21.915s][info ][gc,metaspace   ] GC(64) Metaspace: 12243K(12800K)->12243K(12800K) NonClass: 11122K(11392K)->11122K(11392K) Class: 1120K(1408K)->1120K(1408K)
[2026-08-03T16:38:28.425+0900][21.915s][debug][gc,heap        ] GC(64) Heap after GC invocations=65 (full 33):
[2026-08-03T16:38:28.425+0900][21.915s][debug][gc,heap        ] GC(64)  garbage-first heap   total 3538944K, used 1532201K [0x000001b144000000, 0x000001e844000000)
[2026-08-03T16:38:28.425+0900][21.915s][debug][gc,heap        ] GC(64)   region size 32768K, 3 young (98304K), 3 survivors (98304K)
[2026-08-03T16:38:28.425+0900][21.915s][debug][gc,heap        ] GC(64)  Metaspace       used 12243K, committed 12800K, reserved 1114112K
[2026-08-03T16:38:28.425+0900][21.915s][debug][gc,heap        ] GC(64)   class space    used 1120K, committed 1408K, reserved 1048576K
[2026-08-03T16:38:28.425+0900][21.915s][info ][gc             ] GC(64) Pause Young (Concurrent Start) (G1 Evacuation Pause) 1870M->1496M(3456M) 41.303ms
[2026-08-03T16:38:28.425+0900][21.915s][info ][gc,cpu         ] GC(64) User=0.81s Sys=0.03s Real=0.04s
[2026-08-03T16:38:28.425+0900][21.915s][info ][gc             ] GC(65) Concurrent Mark Cycle
[2026-08-03T16:38:28.425+0900][21.915s][info ][safepoint      ] Safepoint "G1CollectForAllocation", Time since last: 174078500 ns, Reaching safepoint: 111000 ns, At safepoint: 41377700 ns, Total: 41488700 ns
[2026-08-03T16:38:28.425+0900][21.916s][info ][gc,marking     ] GC(65) Concurrent Clear Claimed Marks
[2026-08-03T16:38:28.425+0900][21.916s][info ][gc,marking     ] GC(65) Concurrent Clear Claimed Marks 0.089ms
[2026-08-03T16:38:28.425+0900][21.916s][info ][gc,marking     ] GC(65) Concurrent Scan Root Regions
[2026-08-03T16:38:28.499+0900][21.989s][info ][gc,marking     ] GC(65) Concurrent Scan Root Regions 73.168ms
[2026-08-03T16:38:28.499+0900][21.989s][info ][gc,marking     ] GC(65) Concurrent Mark
[2026-08-03T16:38:28.499+0900][21.989s][info ][gc,marking     ] GC(65) Concurrent Mark From Roots
[2026-08-03T16:38:28.499+0900][21.989s][info ][gc,task        ] GC(65) Using 5 workers of 5 for marking
[2026-08-03T16:38:28.611+0900][22.102s][info ][gc,marking     ] GC(65) Concurrent Mark From Roots 112.643ms
[2026-08-03T16:38:28.611+0900][22.102s][info ][gc,marking     ] GC(65) Concurrent Preclean
[2026-08-03T16:38:28.611+0900][22.102s][info ][gc,marking     ] GC(65) Concurrent Preclean 0.026ms
[2026-08-03T16:38:28.612+0900][22.102s][info ][gc,start       ] GC(65) Pause Remark
[2026-08-03T16:38:28.613+0900][22.103s][info ][gc             ] GC(65) Pause Remark 1590M->1447M(3456M) 1.624ms
[2026-08-03T16:38:28.613+0900][22.103s][info ][gc,cpu         ] GC(65) User=0.00s Sys=0.00s Real=0.00s
[2026-08-03T16:38:28.613+0900][22.103s][info ][safepoint      ] Safepoint "G1Concurrent", Time since last: 186174600 ns, Reaching safepoint: 72600 ns, At safepoint: 1692000 ns, Total: 1764600 ns
[2026-08-03T16:38:28.613+0900][22.103s][info ][gc,marking     ] GC(65) Concurrent Mark 114.560ms
[2026-08-03T16:38:28.613+0900][22.103s][info ][gc,marking     ] GC(65) Concurrent Rebuild Remembered Sets
[2026-08-03T16:38:28.857+0900][22.347s][info ][gc,marking     ] GC(65) Concurrent Rebuild Remembered Sets 243.847ms
[2026-08-03T16:38:28.857+0900][22.347s][info ][gc,start       ] GC(65) Pause Cleanup
[2026-08-03T16:38:28.858+0900][22.348s][debug][gc,ergo,cset   ] GC(65) Pruned 9 regions out of 40, leaving 165620416 bytes waste (allowed 181193932)
[2026-08-03T16:38:28.858+0900][22.348s][info ][gc             ] GC(65) Pause Cleanup 1607M->1607M(3456M) 0.184ms
[2026-08-03T16:38:28.858+0900][22.348s][info ][gc,cpu         ] GC(65) User=0.00s Sys=0.00s Real=0.00s
[2026-08-03T16:38:28.858+0900][22.348s][info ][safepoint      ] Safepoint "G1Concurrent", Time since last: 243976900 ns, Reaching safepoint: 107200 ns, At safepoint: 227300 ns, Total: 334500 ns
[2026-08-03T16:38:28.858+0900][22.348s][info ][gc,marking     ] GC(65) Concurrent Cleanup for Next Mark
[2026-08-03T16:38:28.859+0900][22.349s][info ][gc,marking     ] GC(65) Concurrent Cleanup for Next Mark 0.962ms
[2026-08-03T16:38:28.859+0900][22.349s][info ][gc             ] GC(65) Concurrent Mark Cycle 433.347ms
[2026-08-03T16:38:29.243+0900][22.733s][info ][gc,start       ] GC(66) Pause Young (Prepare Mixed) (G1 Evacuation Pause)
[2026-08-03T16:38:29.243+0900][22.733s][debug][gc,heap        ] GC(66) Heap before GC invocations=66 (full 33):
[2026-08-03T16:38:29.243+0900][22.733s][debug][gc,heap        ] GC(66)  garbage-first heap   total 3538944K, used 1876425K [0x000001b144000000, 0x000001e844000000)
[2026-08-03T16:38:29.243+0900][22.733s][debug][gc,heap        ] GC(66)   region size 32768K, 18 young (589824K), 3 survivors (98304K)
[2026-08-03T16:38:29.243+0900][22.733s][debug][gc,heap        ] GC(66)  Metaspace       used 12243K, committed 12800K, reserved 1114112K
[2026-08-03T16:38:29.243+0900][22.733s][debug][gc,heap        ] GC(66)   class space    used 1120K, committed 1408K, reserved 1048576K
[2026-08-03T16:38:29.243+0900][22.733s][info ][gc,task        ] GC(66) Using 18 workers of 18 for evacuation
[2026-08-03T16:38:29.267+0900][22.757s][info ][gc,phases      ] GC(66)   Pre Evacuate Collection Set: 0.1ms
[2026-08-03T16:38:29.267+0900][22.758s][info ][gc,phases      ] GC(66)   Merge Heap Roots: 0.9ms
[2026-08-03T16:38:29.267+0900][22.758s][info ][gc,phases      ] GC(66)   Evacuate Collection Set: 22.7ms
[2026-08-03T16:38:29.267+0900][22.758s][info ][gc,phases      ] GC(66)   Post Evacuate Collection Set: 0.7ms
[2026-08-03T16:38:29.267+0900][22.758s][info ][gc,phases      ] GC(66)   Other: 0.1ms
[2026-08-03T16:38:29.267+0900][22.758s][info ][gc,heap        ] GC(66) Eden regions: 15->0(4)
[2026-08-03T16:38:29.267+0900][22.758s][info ][gc,heap        ] GC(66) Survivor regions: 3->1(3)
[2026-08-03T16:38:29.267+0900][22.758s][info ][gc,heap        ] GC(66) Old regions: 53->56
[2026-08-03T16:38:29.267+0900][22.758s][info ][gc,heap        ] GC(66) Archive regions: 0->0
[2026-08-03T16:38:29.267+0900][22.758s][info ][gc,heap        ] GC(66) Humongous regions: 0->0
[2026-08-03T16:38:29.267+0900][22.758s][info ][gc,metaspace   ] GC(66) Metaspace: 12243K(12800K)->12243K(12800K) NonClass: 11122K(11392K)->11122K(11392K) Class: 1120K(1408K)->1120K(1408K)
[2026-08-03T16:38:29.267+0900][22.758s][debug][gc,heap        ] GC(66) Heap after GC invocations=67 (full 33):
[2026-08-03T16:38:29.267+0900][22.758s][debug][gc,heap        ] GC(66)  garbage-first heap   total 3538944K, used 1418583K [0x000001b144000000, 0x000001e844000000)
[2026-08-03T16:38:29.267+0900][22.758s][debug][gc,heap        ] GC(66)   region size 32768K, 1 young (32768K), 1 survivors (32768K)
[2026-08-03T16:38:29.268+0900][22.758s][debug][gc,heap        ] GC(66)  Metaspace       used 12243K, committed 12800K, reserved 1114112K
[2026-08-03T16:38:29.268+0900][22.758s][debug][gc,heap        ] GC(66)   class space    used 1120K, committed 1408K, reserved 1048576K
[2026-08-03T16:38:29.268+0900][22.758s][info ][gc             ] GC(66) Pause Young (Prepare Mixed) (G1 Evacuation Pause) 1832M->1385M(3456M) 24.860ms
[2026-08-03T16:38:29.268+0900][22.758s][info ][gc,cpu         ] GC(66) User=0.56s Sys=0.00s Real=0.02s
[2026-08-03T16:38:29.268+0900][22.758s][info ][safepoint      ] Safepoint "G1CollectForAllocation", Time since last: 384973200 ns, Reaching safepoint: 129500 ns, At safepoint: 24920000 ns, Total: 25049500 ns
[2026-08-03T16:38:29.536+0900][23.027s][info ][gc,start       ] GC(67) Pause Young (Mixed) (G1 Evacuation Pause)
[2026-08-03T16:38:29.536+0900][23.027s][debug][gc,heap        ] GC(67) Heap before GC invocations=67 (full 33):
[2026-08-03T16:38:29.536+0900][23.027s][debug][gc,heap        ] GC(67)  garbage-first heap   total 3538944K, used 1549655K [0x000001b144000000, 0x000001e844000000)
[2026-08-03T16:38:29.537+0900][23.027s][debug][gc,heap        ] GC(67)   region size 32768K, 5 young (163840K), 1 survivors (32768K)
[2026-08-03T16:38:29.537+0900][23.027s][debug][gc,heap        ] GC(67)  Metaspace       used 12253K, committed 12800K, reserved 1114112K
[2026-08-03T16:38:29.537+0900][23.027s][debug][gc,heap        ] GC(67)   class space    used 1120K, committed 1408K, reserved 1048576K
[2026-08-03T16:38:29.537+0900][23.027s][info ][gc,task        ] GC(67) Using 18 workers of 18 for evacuation
[2026-08-03T16:38:29.537+0900][23.027s][debug][gc,ergo,cset   ] GC(67) Start adding old regions to collection set. Min 4 regions, max 11 regions, time remaining 141.67ms, optional threshold 28.33ms
[2026-08-03T16:38:29.537+0900][23.027s][debug][gc,ergo,cset   ] GC(67) Finish adding old regions to collection set (Maximum number of regions). Initial 11 regions, optional 0 regions
[2026-08-03T16:38:29.537+0900][23.027s][debug][gc,ergo,cset   ] GC(67) Finish choosing collection set old regions. Initial: 11, optional: 0, predicted old time: 0.00ms, predicted optional time: 0.00ms, time remaining: 134.98
[2026-08-03T16:38:29.552+0900][23.042s][info ][gc,phases      ] GC(67)   Pre Evacuate Collection Set: 0.1ms
[2026-08-03T16:38:29.552+0900][23.042s][info ][gc,phases      ] GC(67)   Merge Heap Roots: 0.2ms
[2026-08-03T16:38:29.552+0900][23.042s][info ][gc,phases      ] GC(67)   Evacuate Collection Set: 7.7ms
[2026-08-03T16:38:29.552+0900][23.042s][info ][gc,phases      ] GC(67)   Post Evacuate Collection Set: 7.2ms
[2026-08-03T16:38:29.552+0900][23.042s][info ][gc,phases      ] GC(67)   Other: 0.1ms
[2026-08-03T16:38:29.552+0900][23.042s][info ][gc,heap        ] GC(67) Eden regions: 4->0(9)
[2026-08-03T16:38:29.552+0900][23.042s][info ][gc,heap        ] GC(67) Survivor regions: 1->1(1)
[2026-08-03T16:38:29.552+0900][23.042s][info ][gc,heap        ] GC(67) Old regions: 56->46
[2026-08-03T16:38:29.552+0900][23.042s][info ][gc,heap        ] GC(67) Archive regions: 0->0
[2026-08-03T16:38:29.552+0900][23.042s][info ][gc,heap        ] GC(67) Humongous regions: 0->0
[2026-08-03T16:38:29.552+0900][23.042s][info ][gc,metaspace   ] GC(67) Metaspace: 12253K(12800K)->12253K(12800K) NonClass: 11133K(11392K)->11133K(11392K) Class: 1120K(1408K)->1120K(1408K)
[2026-08-03T16:38:29.552+0900][23.042s][debug][gc,heap        ] GC(67) Heap after GC invocations=68 (full 33):
[2026-08-03T16:38:29.552+0900][23.042s][debug][gc,heap        ] GC(67)  garbage-first heap   total 7077888K, used 1439749K [0x000001b144000000, 0x000001e844000000)
[2026-08-03T16:38:29.552+0900][23.042s][debug][gc,heap        ] GC(67)   region size 32768K, 1 young (32768K), 1 survivors (32768K)
[2026-08-03T16:38:29.552+0900][23.042s][debug][gc,heap        ] GC(67)  Metaspace       used 12253K, committed 12800K, reserved 1114112K
[2026-08-03T16:38:29.552+0900][23.042s][debug][gc,heap        ] GC(67)   class space    used 1120K, committed 1408K, reserved 1048576K
[2026-08-03T16:38:29.552+0900][23.042s][info ][gc             ] GC(67) Pause Young (Mixed) (G1 Evacuation Pause) 1513M->1406M(6912M) 15.640ms
[2026-08-03T16:38:29.552+0900][23.042s][info ][gc,cpu         ] GC(67) User=0.00s Sys=0.02s Real=0.02s
[2026-08-03T16:38:29.552+0900][23.042s][info ][safepoint      ] Safepoint "G1CollectForAllocation", Time since last: 268689900 ns, Reaching safepoint: 112800 ns, At safepoint: 15764900 ns, Total: 15877700 ns
[2026-08-03T16:38:29.984+0900][23.474s][info ][gc,start       ] GC(68) Pause Young (Mixed) (G1 Evacuation Pause)
[2026-08-03T16:38:29.984+0900][23.474s][debug][gc,heap        ] GC(68) Heap before GC invocations=68 (full 33):
[2026-08-03T16:38:29.984+0900][23.474s][debug][gc,heap        ] GC(68)  garbage-first heap   total 7077888K, used 1701893K [0x000001b144000000, 0x000001e844000000)
[2026-08-03T16:38:29.984+0900][23.474s][debug][gc,heap        ] GC(68)   region size 32768K, 10 young (327680K), 1 survivors (32768K)
[2026-08-03T16:38:29.984+0900][23.474s][debug][gc,heap        ] GC(68)  Metaspace       used 12312K, committed 12864K, reserved 1114112K
[2026-08-03T16:38:29.984+0900][23.474s][debug][gc,heap        ] GC(68)   class space    used 1129K, committed 1408K, reserved 1048576K
[2026-08-03T16:38:29.984+0900][23.474s][info ][gc,task        ] GC(68) Using 18 workers of 18 for evacuation
[2026-08-03T16:38:29.984+0900][23.474s][debug][gc,ergo,cset   ] GC(68) Start adding old regions to collection set. Min 4 regions, max 22 regions, time remaining 128.68ms, optional threshold 25.74ms
[2026-08-03T16:38:29.984+0900][23.474s][debug][gc,ergo,cset   ] GC(68) Old candidate collection set empty.
[2026-08-03T16:38:29.984+0900][23.474s][debug][gc,ergo,cset   ] GC(68) Finish choosing collection set old regions. Initial: 20, optional: 0, predicted old time: 0.00ms, predicted optional time: 0.00ms, time remaining: 68.77
[2026-08-03T16:38:30.023+0900][23.513s][info ][gc,phases      ] GC(68)   Pre Evacuate Collection Set: 0.1ms
[2026-08-03T16:38:30.023+0900][23.513s][info ][gc,phases      ] GC(68)   Merge Heap Roots: 1.3ms
[2026-08-03T16:38:30.023+0900][23.513s][info ][gc,phases      ] GC(68)   Evacuate Collection Set: 36.5ms
[2026-08-03T16:38:30.023+0900][23.513s][info ][gc,phases      ] GC(68)   Post Evacuate Collection Set: 0.4ms
[2026-08-03T16:38:30.023+0900][23.513s][info ][gc,phases      ] GC(68)   Other: 0.1ms
[2026-08-03T16:38:30.023+0900][23.513s][info ][gc,heap        ] GC(68) Eden regions: 9->0(41)
[2026-08-03T16:38:30.023+0900][23.513s][info ][gc,heap        ] GC(68) Survivor regions: 1->2(2)
[2026-08-03T16:38:30.023+0900][23.513s][info ][gc,heap        ] GC(68) Old regions: 46->29
[2026-08-03T16:38:30.023+0900][23.513s][info ][gc,heap        ] GC(68) Archive regions: 0->0
[2026-08-03T16:38:30.023+0900][23.513s][info ][gc,heap        ] GC(68) Humongous regions: 0->0
[2026-08-03T16:38:30.023+0900][23.513s][info ][gc,metaspace   ] GC(68) Metaspace: 12312K(12864K)->12312K(12864K) NonClass: 11182K(11456K)->11182K(11456K) Class: 1129K(1408K)->1129K(1408K)
[2026-08-03T16:38:30.023+0900][23.513s][debug][gc,heap        ] GC(68) Heap after GC invocations=69 (full 33):
[2026-08-03T16:38:30.023+0900][23.513s][debug][gc,heap        ] GC(68)  garbage-first heap   total 7077888K, used 982443K [0x000001b144000000, 0x000001e844000000)
[2026-08-03T16:38:30.023+0900][23.513s][debug][gc,heap        ] GC(68)   region size 32768K, 2 young (65536K), 2 survivors (65536K)
[2026-08-03T16:38:30.023+0900][23.513s][debug][gc,heap        ] GC(68)  Metaspace       used 12312K, committed 12864K, reserved 1114112K
[2026-08-03T16:38:30.023+0900][23.513s][debug][gc,heap        ] GC(68)   class space    used 1129K, committed 1408K, reserved 1048576K
[2026-08-03T16:38:30.023+0900][23.513s][info ][gc             ] GC(68) Pause Young (Mixed) (G1 Evacuation Pause) 1694M->959M(6912M) 38.755ms
[2026-08-03T16:38:30.023+0900][23.513s][info ][gc,cpu         ] GC(68) User=0.56s Sys=0.00s Real=0.04s
[2026-08-03T16:38:30.023+0900][23.513s][info ][safepoint      ] Safepoint "G1CollectForAllocation", Time since last: 431660200 ns, Reaching safepoint: 189800 ns, At safepoint: 39010900 ns, Total: 39200700 ns
[2026-08-03T16:38:30.335+0900][23.826s][info ][gc,start       ] GC(69) Pause Young (Normal) (G1 Evacuation Pause)
[2026-08-03T16:38:30.335+0900][23.826s][debug][gc,heap        ] GC(69) Heap before GC invocations=69 (full 33):
[2026-08-03T16:38:30.335+0900][23.826s][debug][gc,heap        ] GC(69)  garbage-first heap   total 7077888K, used 2325931K [0x000001b144000000, 0x000001e844000000)
[2026-08-03T16:38:30.335+0900][23.826s][debug][gc,heap        ] GC(69)   region size 32768K, 43 young (1409024K), 2 survivors (65536K)
[2026-08-03T16:38:30.335+0900][23.826s][debug][gc,heap        ] GC(69)  Metaspace       used 12319K, committed 12864K, reserved 1114112K
[2026-08-03T16:38:30.335+0900][23.826s][debug][gc,heap        ] GC(69)   class space    used 1129K, committed 1408K, reserved 1048576K
[2026-08-03T16:38:30.335+0900][23.826s][info ][gc,task        ] GC(69) Using 18 workers of 18 for evacuation
[2026-08-03T16:38:30.348+0900][23.838s][info ][gc,phases      ] GC(69)   Pre Evacuate Collection Set: 0.1ms
[2026-08-03T16:38:30.348+0900][23.838s][info ][gc,phases      ] GC(69)   Merge Heap Roots: 0.5ms
[2026-08-03T16:38:30.348+0900][23.838s][info ][gc,phases      ] GC(69)   Evacuate Collection Set: 11.5ms
[2026-08-03T16:38:30.348+0900][23.838s][info ][gc,phases      ] GC(69)   Post Evacuate Collection Set: 0.4ms
[2026-08-03T16:38:30.348+0900][23.838s][info ][gc,phases      ] GC(69)   Other: 0.1ms
[2026-08-03T16:38:30.348+0900][23.838s][info ][gc,heap        ] GC(69) Eden regions: 41->0(40)
[2026-08-03T16:38:30.348+0900][23.838s][info ][gc,heap        ] GC(69) Survivor regions: 2->3(6)
[2026-08-03T16:38:30.348+0900][23.838s][info ][gc,heap        ] GC(69) Old regions: 29->29
[2026-08-03T16:38:30.348+0900][23.838s][info ][gc,heap        ] GC(69) Archive regions: 0->0
[2026-08-03T16:38:30.348+0900][23.838s][info ][gc,heap        ] GC(69) Humongous regions: 0->0
[2026-08-03T16:38:30.348+0900][23.838s][info ][gc,metaspace   ] GC(69) Metaspace: 12319K(12864K)->12319K(12864K) NonClass: 11189K(11456K)->11189K(11456K) Class: 1129K(1408K)->1129K(1408K)
[2026-08-03T16:38:30.348+0900][23.838s][debug][gc,heap        ] GC(69) Heap after GC invocations=70 (full 33):
[2026-08-03T16:38:30.348+0900][23.838s][debug][gc,heap        ] GC(69)  garbage-first heap   total 7077888K, used 990262K [0x000001b144000000, 0x000001e844000000)
[2026-08-03T16:38:30.348+0900][23.838s][debug][gc,heap        ] GC(69)   region size 32768K, 3 young (98304K), 3 survivors (98304K)
[2026-08-03T16:38:30.348+0900][23.838s][debug][gc,heap        ] GC(69)  Metaspace       used 12319K, committed 12864K, reserved 1114112K
[2026-08-03T16:38:30.348+0900][23.838s][debug][gc,heap        ] GC(69)   class space    used 1129K, committed 1408K, reserved 1048576K
[2026-08-03T16:38:30.348+0900][23.838s][info ][gc             ] GC(69) Pause Young (Normal) (G1 Evacuation Pause) 2271M->967M(6912M) 12.969ms
[2026-08-03T16:38:30.348+0900][23.838s][info ][gc,cpu         ] GC(69) User=0.27s Sys=0.03s Real=0.01s
[2026-08-03T16:38:30.348+0900][23.839s][info ][safepoint      ] Safepoint "G1CollectForAllocation", Time since last: 312235000 ns, Reaching safepoint: 87100 ns, At safepoint: 13073300 ns, Total: 13160400 ns
[2026-08-03T16:38:30.690+0900][24.180s][info ][gc,start       ] GC(70) Pause Young (Normal) (G1 Evacuation Pause)
[2026-08-03T16:38:30.690+0900][24.180s][debug][gc,heap        ] GC(70) Heap before GC invocations=70 (full 33):
[2026-08-03T16:38:30.690+0900][24.180s][debug][gc,heap        ] GC(70)  garbage-first heap   total 7077888K, used 2300982K [0x000001b144000000, 0x000001e844000000)
[2026-08-03T16:38:30.690+0900][24.180s][debug][gc,heap        ] GC(70)   region size 32768K, 43 young (1409024K), 3 survivors (98304K)
[2026-08-03T16:38:30.690+0900][24.180s][debug][gc,heap        ] GC(70)  Metaspace       used 12319K, committed 12864K, reserved 1114112K
[2026-08-03T16:38:30.690+0900][24.180s][debug][gc,heap        ] GC(70)   class space    used 1129K, committed 1408K, reserved 1048576K
[2026-08-03T16:38:30.690+0900][24.180s][info ][gc,task        ] GC(70) Using 18 workers of 18 for evacuation
[2026-08-03T16:38:30.701+0900][24.191s][info ][gc,phases      ] GC(70)   Pre Evacuate Collection Set: 0.1ms
[2026-08-03T16:38:30.701+0900][24.191s][info ][gc,phases      ] GC(70)   Merge Heap Roots: 0.4ms
[2026-08-03T16:38:30.701+0900][24.191s][info ][gc,phases      ] GC(70)   Evacuate Collection Set: 9.7ms
[2026-08-03T16:38:30.701+0900][24.191s][info ][gc,phases      ] GC(70)   Post Evacuate Collection Set: 0.4ms
[2026-08-03T16:38:30.701+0900][24.191s][info ][gc,phases      ] GC(70)   Other: 0.1ms
[2026-08-03T16:38:30.701+0900][24.191s][info ][gc,heap        ] GC(70) Eden regions: 40->0(40)
[2026-08-03T16:38:30.701+0900][24.191s][info ][gc,heap        ] GC(70) Survivor regions: 3->3(6)
[2026-08-03T16:38:30.701+0900][24.191s][info ][gc,heap        ] GC(70) Old regions: 29->29
[2026-08-03T16:38:30.701+0900][24.191s][info ][gc,heap        ] GC(70) Archive regions: 0->0
[2026-08-03T16:38:30.701+0900][24.191s][info ][gc,heap        ] GC(70) Humongous regions: 0->0
[2026-08-03T16:38:30.701+0900][24.191s][info ][gc,metaspace   ] GC(70) Metaspace: 12319K(12864K)->12319K(12864K) NonClass: 11189K(11456K)->11189K(11456K) Class: 1129K(1408K)->1129K(1408K)
[2026-08-03T16:38:30.701+0900][24.191s][debug][gc,heap        ] GC(70) Heap after GC invocations=71 (full 33):
[2026-08-03T16:38:30.701+0900][24.191s][debug][gc,heap        ] GC(70)  garbage-first heap   total 7077888K, used 992149K [0x000001b144000000, 0x000001e844000000)
[2026-08-03T16:38:30.701+0900][24.191s][debug][gc,heap        ] GC(70)   region size 32768K, 3 young (98304K), 3 survivors (98304K)
[2026-08-03T16:38:30.701+0900][24.191s][debug][gc,heap        ] GC(70)  Metaspace       used 12319K, committed 12864K, reserved 1114112K
[2026-08-03T16:38:30.701+0900][24.191s][debug][gc,heap        ] GC(70)   class space    used 1129K, committed 1408K, reserved 1048576K
[2026-08-03T16:38:30.701+0900][24.191s][info ][gc             ] GC(70) Pause Young (Normal) (G1 Evacuation Pause) 2247M->968M(6912M) 11.112ms
[2026-08-03T16:38:30.701+0900][24.191s][info ][gc,cpu         ] GC(70) User=0.00s Sys=0.00s Real=0.01s
[2026-08-03T16:38:30.701+0900][24.191s][info ][safepoint      ] Safepoint "G1CollectForAllocation", Time since last: 341434700 ns, Reaching safepoint: 80700 ns, At safepoint: 11208800 ns, Total: 11289500 ns
[2026-08-03T16:38:31.258+0900][24.748s][info ][gc,start       ] GC(71) Pause Young (Normal) (G1 Evacuation Pause)
[2026-08-03T16:38:31.258+0900][24.748s][debug][gc,heap        ] GC(71) Heap before GC invocations=71 (full 33):
[2026-08-03T16:38:31.258+0900][24.748s][debug][gc,heap        ] GC(71)  garbage-first heap   total 7077888K, used 2302869K [0x000001b144000000, 0x000001e844000000)
[2026-08-03T16:38:31.258+0900][24.748s][debug][gc,heap        ] GC(71)   region size 32768K, 43 young (1409024K), 3 survivors (98304K)
[2026-08-03T16:38:31.258+0900][24.748s][debug][gc,heap        ] GC(71)  Metaspace       used 12324K, committed 12864K, reserved 1114112K
[2026-08-03T16:38:31.258+0900][24.748s][debug][gc,heap        ] GC(71)   class space    used 1129K, committed 1408K, reserved 1048576K
[2026-08-03T16:38:31.258+0900][24.748s][info ][gc,task        ] GC(71) Using 18 workers of 18 for evacuation
[2026-08-03T16:38:31.278+0900][24.768s][info ][gc,phases      ] GC(71)   Pre Evacuate Collection Set: 0.1ms
[2026-08-03T16:38:31.278+0900][24.769s][info ][gc,phases      ] GC(71)   Merge Heap Roots: 0.4ms
[2026-08-03T16:38:31.278+0900][24.769s][info ][gc,phases      ] GC(71)   Evacuate Collection Set: 12.1ms
[2026-08-03T16:38:31.278+0900][24.769s][info ][gc,phases      ] GC(71)   Post Evacuate Collection Set: 8.0ms
[2026-08-03T16:38:31.278+0900][24.769s][info ][gc,phases      ] GC(71)   Other: 0.1ms
[2026-08-03T16:38:31.278+0900][24.769s][info ][gc,heap        ] GC(71) Eden regions: 40->0(63)
[2026-08-03T16:38:31.278+0900][24.769s][info ][gc,heap        ] GC(71) Survivor regions: 3->3(6)
[2026-08-03T16:38:31.278+0900][24.769s][info ][gc,heap        ] GC(71) Old regions: 29->29
[2026-08-03T16:38:31.278+0900][24.769s][info ][gc,heap        ] GC(71) Archive regions: 0->0
[2026-08-03T16:38:31.278+0900][24.769s][info ][gc,heap        ] GC(71) Humongous regions: 0->0
[2026-08-03T16:38:31.278+0900][24.769s][info ][gc,metaspace   ] GC(71) Metaspace: 12324K(12864K)->12324K(12864K) NonClass: 11195K(11456K)->11195K(11456K) Class: 1129K(1408K)->1129K(1408K)
[2026-08-03T16:38:31.278+0900][24.769s][debug][gc,heap        ] GC(71) Heap after GC invocations=72 (full 33):
[2026-08-03T16:38:31.278+0900][24.769s][debug][gc,heap        ] GC(71)  garbage-first heap   total 10878976K, used 1011765K [0x000001b144000000, 0x000001e844000000)
[2026-08-03T16:38:31.278+0900][24.769s][debug][gc,heap        ] GC(71)   region size 32768K, 3 young (98304K), 3 survivors (98304K)
[2026-08-03T16:38:31.278+0900][24.769s][debug][gc,heap        ] GC(71)  Metaspace       used 12324K, committed 12864K, reserved 1114112K
[2026-08-03T16:38:31.278+0900][24.769s][debug][gc,heap        ] GC(71)   class space    used 1129K, committed 1408K, reserved 1048576K
[2026-08-03T16:38:31.279+0900][24.769s][info ][gc             ] GC(71) Pause Young (Normal) (G1 Evacuation Pause) 2248M->988M(10624M) 20.985ms
[2026-08-03T16:38:31.279+0900][24.769s][info ][gc,cpu         ] GC(71) User=0.27s Sys=0.03s Real=0.02s
[2026-08-03T16:38:31.279+0900][24.769s][info ][safepoint      ] Safepoint "G1CollectForAllocation", Time since last: 556271800 ns, Reaching safepoint: 121000 ns, At safepoint: 21055300 ns, Total: 21176300 ns
[2026-08-03T16:38:32.284+0900][25.774s][info ][safepoint      ] Safepoint "Cleanup", Time since last: 1004997500 ns, Reaching safepoint: 208200 ns, At safepoint: 10800 ns, Total: 219000 ns
[2026-08-03T16:38:33.219+0900][26.709s][info ][gc,start       ] GC(72) Pause Young (Normal) (G1 Evacuation Pause)
[2026-08-03T16:38:33.219+0900][26.709s][debug][gc,heap        ] GC(72) Heap before GC invocations=72 (full 33):
[2026-08-03T16:38:33.219+0900][26.710s][debug][gc,heap        ] GC(72)  garbage-first heap   total 10878976K, used 3043381K [0x000001b144000000, 0x000001e844000000)
[2026-08-03T16:38:33.219+0900][26.710s][debug][gc,heap        ] GC(72)   region size 32768K, 66 young (2162688K), 3 survivors (98304K)
[2026-08-03T16:38:33.219+0900][26.710s][debug][gc,heap        ] GC(72)  Metaspace       used 12331K, committed 12864K, reserved 1114112K
[2026-08-03T16:38:33.219+0900][26.710s][debug][gc,heap        ] GC(72)   class space    used 1129K, committed 1408K, reserved 1048576K
[2026-08-03T16:38:33.219+0900][26.710s][info ][gc,task        ] GC(72) Using 18 workers of 18 for evacuation
[2026-08-03T16:38:33.364+0900][26.855s][info ][gc,phases      ] GC(72)   Pre Evacuate Collection Set: 0.1ms
[2026-08-03T16:38:33.364+0900][26.855s][info ][gc,phases      ] GC(72)   Merge Heap Roots: 0.4ms
[2026-08-03T16:38:33.364+0900][26.855s][info ][gc,phases      ] GC(72)   Evacuate Collection Set: 143.3ms
[2026-08-03T16:38:33.364+0900][26.855s][info ][gc,phases      ] GC(72)   Post Evacuate Collection Set: 1.0ms
[2026-08-03T16:38:33.364+0900][26.855s][info ][gc,phases      ] GC(72)   Other: 0.1ms
[2026-08-03T16:38:33.364+0900][26.855s][info ][gc,heap        ] GC(72) Eden regions: 63->0(57)
[2026-08-03T16:38:33.364+0900][26.855s][info ][gc,heap        ] GC(72) Survivor regions: 3->9(9)
[2026-08-03T16:38:33.364+0900][26.855s][info ][gc,heap        ] GC(72) Old regions: 29->47
[2026-08-03T16:38:33.364+0900][26.855s][info ][gc,heap        ] GC(72) Archive regions: 0->0
[2026-08-03T16:38:33.364+0900][26.855s][info ][gc,heap        ] GC(72) Humongous regions: 0->0
[2026-08-03T16:38:33.365+0900][26.855s][info ][gc,metaspace   ] GC(72) Metaspace: 12331K(12864K)->12331K(12864K) NonClass: 11202K(11456K)->11202K(11456K) Class: 1129K(1408K)->1129K(1408K)
[2026-08-03T16:38:33.365+0900][26.855s][debug][gc,heap        ] GC(72) Heap after GC invocations=73 (full 33):
[2026-08-03T16:38:33.365+0900][26.855s][debug][gc,heap        ] GC(72)  garbage-first heap   total 10878976K, used 1775827K [0x000001b144000000, 0x000001e844000000)
[2026-08-03T16:38:33.365+0900][26.855s][debug][gc,heap        ] GC(72)   region size 32768K, 9 young (294912K), 9 survivors (294912K)
[2026-08-03T16:38:33.365+0900][26.855s][debug][gc,heap        ] GC(72)  Metaspace       used 12331K, committed 12864K, reserved 1114112K
[2026-08-03T16:38:33.365+0900][26.855s][debug][gc,heap        ] GC(72)   class space    used 1129K, committed 1408K, reserved 1048576K
[2026-08-03T16:38:33.365+0900][26.855s][info ][gc             ] GC(72) Pause Young (Normal) (G1 Evacuation Pause) 3004M->1734M(10624M) 145.314ms
[2026-08-03T16:38:33.365+0900][26.855s][info ][gc,cpu         ] GC(72) User=2.20s Sys=0.14s Real=0.15s
[2026-08-03T16:38:33.365+0900][26.855s][info ][safepoint      ] Safepoint "G1CollectForAllocation", Time since last: 935340000 ns, Reaching safepoint: 115000 ns, At safepoint: 145376000 ns, Total: 145491000 ns
[2026-08-03T16:38:34.376+0900][27.866s][info ][safepoint      ] Safepoint "Cleanup", Time since last: 1010892900 ns, Reaching safepoint: 125800 ns, At safepoint: 13800 ns, Total: 139600 ns
[2026-08-03T16:38:40.409+0900][33.899s][info ][safepoint      ] Safepoint "Cleanup", Time since last: 6032908800 ns, Reaching safepoint: 110800 ns, At safepoint: 15000 ns, Total: 125800 ns
[2026-08-03T16:38:42.420+0900][35.910s][info ][safepoint      ] Safepoint "Cleanup", Time since last: 2010831700 ns, Reaching safepoint: 130800 ns, At safepoint: 12100 ns, Total: 142900 ns
[2026-08-03T16:39:06.812+0900][60.302s][info ][safepoint      ] Safepoint "PrintThreads", Time since last: 24391995200 ns, Reaching safepoint: 116200 ns, At safepoint: 514100 ns, Total: 630300 ns
[2026-08-03T16:39:06.812+0900][60.303s][info ][safepoint      ] Safepoint "FindDeadlocks", Time since last: 73900 ns, Reaching safepoint: 47100 ns, At safepoint: 19700 ns, Total: 66800 ns
[2026-08-03T16:39:53.115+0900][106.605s][info ][safepoint      ] Safepoint "Cleanup", Time since last: 46302289900 ns, Reaching safepoint: 120700 ns, At safepoint: 13800 ns, Total: 134500 ns
[2026-08-03T16:40:06.820+0900][120.311s][info ][safepoint      ] Safepoint "PrintThreads", Time since last: 13704962000 ns, Reaching safepoint: 113600 ns, At safepoint: 508500 ns, Total: 622100 ns
[2026-08-03T16:40:06.820+0900][120.311s][info ][safepoint      ] Safepoint "FindDeadlocks", Time since last: 79800 ns, Reaching safepoint: 45600 ns, At safepoint: 13300 ns, Total: 58900 ns
[2026-08-03T16:41:00.148+0900][173.638s][info ][safepoint      ] Safepoint "Cleanup", Time since last: 53327148100 ns, Reaching safepoint: 123100 ns, At safepoint: 11700 ns, Total: 134800 ns
[2026-08-03T16:41:06.826+0900][180.317s][info ][safepoint      ] Safepoint "PrintThreads", Time since last: 6677912100 ns, Reaching safepoint: 125000 ns, At safepoint: 513100 ns, Total: 638100 ns
[2026-08-03T16:41:06.826+0900][180.317s][info ][safepoint      ] Safepoint "FindDeadlocks", Time since last: 75900 ns, Reaching safepoint: 47700 ns, At safepoint: 13100 ns, Total: 60800 ns
[2026-08-03T16:42:06.831+0900][240.322s][info ][safepoint      ] Safepoint "PrintThreads", Time since last: 60004288000 ns, Reaching safepoint: 124600 ns, At safepoint: 510000 ns, Total: 634600 ns
[2026-08-03T16:42:06.831+0900][240.322s][info ][safepoint      ] Safepoint "FindDeadlocks", Time since last: 74500 ns, Reaching safepoint: 49000 ns, At safepoint: 11500 ns, Total: 60500 ns
[2026-08-03T16:43:06.837+0900][300.328s][info ][safepoint      ] Safepoint "PrintThreads", Time since last: 60005197000 ns, Reaching safepoint: 124900 ns, At safepoint: 514800 ns, Total: 639700 ns
[2026-08-03T16:43:06.837+0900][300.328s][info ][safepoint      ] Safepoint "FindDeadlocks", Time since last: 84500 ns, Reaching safepoint: 46300 ns, At safepoint: 12500 ns, Total: 58800 ns
[2026-08-03T16:44:06.851+0900][360.342s][info ][safepoint      ] Safepoint "PrintThreads", Time since last: 60013240100 ns, Reaching safepoint: 125000 ns, At safepoint: 553600 ns, Total: 678600 ns
[2026-08-03T16:44:06.852+0900][360.342s][info ][safepoint      ] Safepoint "FindDeadlocks", Time since last: 82600 ns, Reaching safepoint: 45900 ns, At safepoint: 17800 ns, Total: 63700 ns
[2026-08-03T16:45:06.851+0900][420.342s][info ][safepoint      ] Safepoint "PrintThreads", Time since last: 59999167400 ns, Reaching safepoint: 123400 ns, At safepoint: 504600 ns, Total: 628000 ns
[2026-08-03T16:45:06.851+0900][420.342s][info ][safepoint      ] Safepoint "FindDeadlocks", Time since last: 79100 ns, Reaching safepoint: 51100 ns, At safepoint: 12000 ns, Total: 63100 ns
[2026-08-03T16:46:06.866+0900][480.357s][info ][safepoint      ] Safepoint "PrintThreads", Time since last: 60014183900 ns, Reaching safepoint: 130200 ns, At safepoint: 531100 ns, Total: 661300 ns
[2026-08-03T16:46:06.866+0900][480.357s][info ][safepoint      ] Safepoint "FindDeadlocks", Time since last: 74300 ns, Reaching safepoint: 47800 ns, At safepoint: 11500 ns, Total: 59300 ns
[2026-08-03T16:47:06.866+0900][540.357s][info ][safepoint      ] Safepoint "PrintThreads", Time since last: 59999247000 ns, Reaching safepoint: 131800 ns, At safepoint: 506500 ns, Total: 638300 ns
[2026-08-03T16:47:06.866+0900][540.357s][info ][safepoint      ] Safepoint "FindDeadlocks", Time since last: 77300 ns, Reaching safepoint: 50900 ns, At safepoint: 13200 ns, Total: 64100 ns
[2026-08-03T16:48:06.871+0900][600.362s][info ][safepoint      ] Safepoint "PrintThreads", Time since last: 60004228400 ns, Reaching safepoint: 129100 ns, At safepoint: 509200 ns, Total: 638300 ns
[2026-08-03T16:48:06.871+0900][600.362s][info ][safepoint      ] Safepoint "FindDeadlocks", Time since last: 75300 ns, Reaching safepoint: 48300 ns, At safepoint: 11900 ns, Total: 60200 ns
[2026-08-03T16:49:06.871+0900][660.362s][info ][safepoint      ] Safepoint "PrintThreads", Time since last: 59999304500 ns, Reaching safepoint: 106800 ns, At safepoint: 514000 ns, Total: 620800 ns
[2026-08-03T16:49:06.871+0900][660.362s][info ][safepoint      ] Safepoint "FindDeadlocks", Time since last: 71200 ns, Reaching safepoint: 45900 ns, At safepoint: 10900 ns, Total: 56800 ns
[2026-08-03T16:50:06.884+0900][720.375s][info ][safepoint      ] Safepoint "PrintThreads", Time since last: 60012198000 ns, Reaching safepoint: 122000 ns, At safepoint: 516000 ns, Total: 638000 ns
[2026-08-03T16:50:06.884+0900][720.375s][info ][safepoint      ] Safepoint "FindDeadlocks", Time since last: 76500 ns, Reaching safepoint: 49000 ns, At safepoint: 12400 ns, Total: 61400 ns
[2026-08-03T16:51:06.899+0900][780.390s][info ][safepoint      ] Safepoint "PrintThreads", Time since last: 60014263200 ns, Reaching safepoint: 119500 ns, At safepoint: 504500 ns, Total: 624000 ns
[2026-08-03T16:51:06.899+0900][780.390s][info ][safepoint      ] Safepoint "FindDeadlocks", Time since last: 79600 ns, Reaching safepoint: 48000 ns, At safepoint: 11300 ns, Total: 59300 ns
[2026-08-03T16:52:06.910+0900][840.401s][info ][safepoint      ] Safepoint "PrintThreads", Time since last: 60010196700 ns, Reaching safepoint: 134900 ns, At safepoint: 498900 ns, Total: 633800 ns
[2026-08-03T16:52:06.910+0900][840.401s][info ][safepoint      ] Safepoint "FindDeadlocks", Time since last: 74000 ns, Reaching safepoint: 50800 ns, At safepoint: 10400 ns, Total: 61200 ns
[2026-08-03T16:53:06.919+0900][900.410s][info ][safepoint      ] Safepoint "PrintThreads", Time since last: 60008309900 ns, Reaching safepoint: 111600 ns, At safepoint: 503800 ns, Total: 615400 ns
[2026-08-03T16:53:06.919+0900][900.410s][info ][safepoint      ] Safepoint "FindDeadlocks", Time since last: 77300 ns, Reaching safepoint: 49800 ns, At safepoint: 11000 ns, Total: 60800 ns
[2026-08-03T16:54:06.920+0900][960.411s][info ][safepoint      ] Safepoint "PrintThreads", Time since last: 60000247700 ns, Reaching safepoint: 126400 ns, At safepoint: 511300 ns, Total: 637700 ns
[2026-08-03T16:54:06.920+0900][960.411s][info ][safepoint      ] Safepoint "FindDeadlocks", Time since last: 86100 ns, Reaching safepoint: 47700 ns, At safepoint: 11200 ns, Total: 58900 ns
[2026-08-03T16:55:06.931+0900][1020.422s][info ][safepoint      ] Safepoint "PrintThreads", Time since last: 60010210200 ns, Reaching safepoint: 253400 ns, At safepoint: 501700 ns, Total: 755100 ns
[2026-08-03T16:55:06.932+0900][1020.422s][info ][safepoint      ] Safepoint "FindDeadlocks", Time since last: 70700 ns, Reaching safepoint: 52900 ns, At safepoint: 10500 ns, Total: 63400 ns
[2026-08-03T16:56:06.932+0900][1080.423s][info ][safepoint      ] Safepoint "PrintThreads", Time since last: 60000086400 ns, Reaching safepoint: 108200 ns, At safepoint: 499000 ns, Total: 607200 ns
[2026-08-03T16:56:06.932+0900][1080.423s][info ][safepoint      ] Safepoint "FindDeadlocks", Time since last: 65300 ns, Reaching safepoint: 48900 ns, At safepoint: 12900 ns, Total: 61800 ns
[2026-08-03T16:57:06.943+0900][1140.434s][info ][safepoint      ] Safepoint "PrintThreads", Time since last: 60010293900 ns, Reaching safepoint: 111600 ns, At safepoint: 502100 ns, Total: 613700 ns
[2026-08-03T16:57:06.943+0900][1140.434s][info ][safepoint      ] Safepoint "FindDeadlocks", Time since last: 81500 ns, Reaching safepoint: 51800 ns, At safepoint: 11500 ns, Total: 63300 ns
[2026-08-03T16:58:06.944+0900][1200.435s][info ][safepoint      ] Safepoint "PrintThreads", Time since last: 60000226800 ns, Reaching safepoint: 125500 ns, At safepoint: 506100 ns, Total: 631600 ns
[2026-08-03T16:58:06.944+0900][1200.435s][info ][safepoint      ] Safepoint "FindDeadlocks", Time since last: 78700 ns, Reaching safepoint: 47000 ns, At safepoint: 13000 ns, Total: 60000 ns
[2026-08-03T16:59:06.956+0900][1260.447s][info ][safepoint      ] Safepoint "PrintThreads", Time since last: 60011242400 ns, Reaching safepoint: 85400 ns, At safepoint: 512200 ns, Total: 597600 ns
[2026-08-03T16:59:06.956+0900][1260.447s][info ][safepoint      ] Safepoint "FindDeadlocks", Time since last: 78600 ns, Reaching safepoint: 49600 ns, At safepoint: 10500 ns, Total: 60100 ns
[2026-08-03T16:59:34.126+0900][1287.616s][info ][safepoint      ] Safepoint "Cleanup", Time since last: 27169234100 ns, Reaching safepoint: 208500 ns, At safepoint: 18900 ns, Total: 227400 ns
[2026-08-03T17:00:06.967+0900][1320.458s][info ][safepoint      ] Safepoint "PrintThreads", Time since last: 32840811100 ns, Reaching safepoint: 150300 ns, At safepoint: 502400 ns, Total: 652700 ns
[2026-08-03T17:00:06.967+0900][1320.458s][info ][safepoint      ] Safepoint "FindDeadlocks", Time since last: 72200 ns, Reaching safepoint: 43800 ns, At safepoint: 18600 ns, Total: 62400 ns
[2026-08-03T17:01:06.978+0900][1380.469s][info ][safepoint      ] Safepoint "PrintThreads", Time since last: 60010189800 ns, Reaching safepoint: 136800 ns, At safepoint: 505300 ns, Total: 642100 ns
[2026-08-03T17:01:06.978+0900][1380.469s][info ][safepoint      ] Safepoint "FindDeadlocks", Time since last: 70200 ns, Reaching safepoint: 49100 ns, At safepoint: 12400 ns, Total: 61500 ns
[2026-08-03T17:02:06.978+0900][1440.469s][info ][safepoint      ] Safepoint "PrintThreads", Time since last: 59999236100 ns, Reaching safepoint: 114000 ns, At safepoint: 499600 ns, Total: 613600 ns
[2026-08-03T17:02:06.978+0900][1440.469s][info ][safepoint      ] Safepoint "FindDeadlocks", Time since last: 160600 ns, Reaching safepoint: 54800 ns, At safepoint: 12800 ns, Total: 67600 ns
[2026-08-03T17:03:06.987+0900][1500.478s][info ][safepoint      ] Safepoint "PrintThreads", Time since last: 60008205500 ns, Reaching safepoint: 140400 ns, At safepoint: 502500 ns, Total: 642900 ns
[2026-08-03T17:03:06.987+0900][1500.478s][info ][safepoint      ] Safepoint "FindDeadlocks", Time since last: 69600 ns, Reaching safepoint: 50800 ns, At safepoint: 13500 ns, Total: 64300 ns
[2026-08-03T17:04:06.990+0900][1560.481s][info ][safepoint      ] Safepoint "PrintThreads", Time since last: 60002176900 ns, Reaching safepoint: 132600 ns, At safepoint: 518200 ns, Total: 650800 ns
[2026-08-03T17:04:06.990+0900][1560.481s][info ][safepoint      ] Safepoint "FindDeadlocks", Time since last: 86100 ns, Reaching safepoint: 53500 ns, At safepoint: 12100 ns, Total: 65600 ns
[2026-08-03T17:05:06.992+0900][1620.483s][info ][safepoint      ] Safepoint "PrintThreads", Time since last: 60001197300 ns, Reaching safepoint: 157500 ns, At safepoint: 515300 ns, Total: 672800 ns
[2026-08-03T17:05:06.992+0900][1620.483s][info ][safepoint      ] Safepoint "FindDeadlocks", Time since last: 74100 ns, Reaching safepoint: 46200 ns, At safepoint: 12600 ns, Total: 58800 ns
[2026-08-03T17:06:07.003+0900][1680.494s][info ][safepoint      ] Safepoint "PrintThreads", Time since last: 60010230600 ns, Reaching safepoint: 126200 ns, At safepoint: 497600 ns, Total: 623800 ns
[2026-08-03T17:06:07.003+0900][1680.494s][info ][safepoint      ] Safepoint "FindDeadlocks", Time since last: 76900 ns, Reaching safepoint: 43900 ns, At safepoint: 11600 ns, Total: 55500 ns
[2026-08-03T17:07:07.004+0900][1740.495s][info ][safepoint      ] Safepoint "PrintThreads", Time since last: 60000246600 ns, Reaching safepoint: 124700 ns, At safepoint: 505000 ns, Total: 629700 ns
[2026-08-03T17:07:07.004+0900][1740.495s][info ][safepoint      ] Safepoint "FindDeadlocks", Time since last: 76500 ns, Reaching safepoint: 49400 ns, At safepoint: 12000 ns, Total: 61400 ns
[2026-08-03T17:07:18.085+0900][1751.575s][info ][safepoint      ] Safepoint "Cleanup", Time since last: 11080111600 ns, Reaching safepoint: 113900 ns, At safepoint: 15800 ns, Total: 129700 ns
[2026-08-03T17:07:18.480+0900][1751.971s][info ][gc,start       ] GC(73) Pause Young (Normal) (G1 Evacuation Pause)
[2026-08-03T17:07:18.481+0900][1751.971s][debug][gc,heap        ] GC(73) Heap before GC invocations=73 (full 33):
[2026-08-03T17:07:18.481+0900][1751.971s][debug][gc,heap        ] GC(73)  garbage-first heap   total 10878976K, used 3643603K [0x000001b144000000, 0x000001e844000000)
[2026-08-03T17:07:18.481+0900][1751.971s][debug][gc,heap        ] GC(73)   region size 32768K, 66 young (2162688K), 9 survivors (294912K)
[2026-08-03T17:07:18.481+0900][1751.971s][debug][gc,heap        ] GC(73)  Metaspace       used 12353K, committed 12928K, reserved 1114112K
[2026-08-03T17:07:18.481+0900][1751.971s][debug][gc,heap        ] GC(73)   class space    used 1129K, committed 1408K, reserved 1048576K
[2026-08-03T17:07:18.481+0900][1751.971s][info ][gc,task        ] GC(73) Using 18 workers of 18 for evacuation
[2026-08-03T17:07:18.573+0900][1752.064s][info ][gc,phases      ] GC(73)   Pre Evacuate Collection Set: 0.1ms
[2026-08-03T17:07:18.573+0900][1752.064s][info ][gc,phases      ] GC(73)   Merge Heap Roots: 1.3ms
[2026-08-03T17:07:18.573+0900][1752.064s][info ][gc,phases      ] GC(73)   Evacuate Collection Set: 90.4ms
[2026-08-03T17:07:18.573+0900][1752.064s][info ][gc,phases      ] GC(73)   Post Evacuate Collection Set: 0.8ms
[2026-08-03T17:07:18.573+0900][1752.064s][info ][gc,phases      ] GC(73)   Other: 0.1ms
[2026-08-03T17:07:18.573+0900][1752.064s][info ][gc,heap        ] GC(73) Eden regions: 57->0(57)
[2026-08-03T17:07:18.573+0900][1752.064s][info ][gc,heap        ] GC(73) Survivor regions: 9->9(9)
[2026-08-03T17:07:18.573+0900][1752.064s][info ][gc,heap        ] GC(73) Old regions: 47->54
[2026-08-03T17:07:18.573+0900][1752.064s][info ][gc,heap        ] GC(73) Archive regions: 0->0
[2026-08-03T17:07:18.573+0900][1752.064s][info ][gc,heap        ] GC(73) Humongous regions: 0->0
[2026-08-03T17:07:18.573+0900][1752.064s][info ][gc,metaspace   ] GC(73) Metaspace: 12353K(12928K)->12353K(12928K) NonClass: 11224K(11520K)->11224K(11520K) Class: 1129K(1408K)->1129K(1408K)
[2026-08-03T17:07:18.573+0900][1752.064s][debug][gc,heap        ] GC(73) Heap after GC invocations=74 (full 33):
[2026-08-03T17:07:18.574+0900][1752.064s][debug][gc,heap        ] GC(73)  garbage-first heap   total 10878976K, used 2020682K [0x000001b144000000, 0x000001e844000000)
[2026-08-03T17:07:18.574+0900][1752.064s][debug][gc,heap        ] GC(73)   region size 32768K, 9 young (294912K), 9 survivors (294912K)
[2026-08-03T17:07:18.574+0900][1752.064s][debug][gc,heap        ] GC(73)  Metaspace       used 12353K, committed 12928K, reserved 1114112K
[2026-08-03T17:07:18.574+0900][1752.064s][debug][gc,heap        ] GC(73)   class space    used 1129K, committed 1408K, reserved 1048576K
[2026-08-03T17:07:18.574+0900][1752.064s][info ][gc             ] GC(73) Pause Young (Normal) (G1 Evacuation Pause) 3558M->1973M(10624M) 93.198ms
[2026-08-03T17:07:18.574+0900][1752.064s][info ][gc,cpu         ] GC(73) User=1.64s Sys=0.05s Real=0.09s
[2026-08-03T17:07:18.574+0900][1752.064s][info ][safepoint      ] Safepoint "G1CollectForAllocation", Time since last: 395621100 ns, Reaching safepoint: 107900 ns, At safepoint: 93268100 ns, Total: 93376000 ns
[2026-08-03T17:07:20.413+0900][1753.903s][info ][safepoint      ] Safepoint "Cleanup", Time since last: 1838831400 ns, Reaching safepoint: 156200 ns, At safepoint: 9400 ns, Total: 165600 ns
[2026-08-03T17:08:07.019+0900][1800.510s][info ][safepoint      ] Safepoint "PrintThreads", Time since last: 46605943800 ns, Reaching safepoint: 183200 ns, At safepoint: 441300 ns, Total: 624500 ns
[2026-08-03T17:08:07.019+0900][1800.510s][info ][safepoint      ] Safepoint "FindDeadlocks", Time since last: 76100 ns, Reaching safepoint: 50600 ns, At safepoint: 17200 ns, Total: 67800 ns
[2026-08-03T17:09:07.020+0900][1860.511s][info ][safepoint      ] Safepoint "PrintThreads", Time since last: 60000272300 ns, Reaching safepoint: 167100 ns, At safepoint: 455100 ns, Total: 622200 ns
[2026-08-03T17:09:07.020+0900][1860.511s][info ][safepoint      ] Safepoint "FindDeadlocks", Time since last: 67400 ns, Reaching safepoint: 49500 ns, At safepoint: 11200 ns, Total: 60700 ns
[2026-08-03T17:10:07.020+0900][1920.511s][info ][safepoint      ] Safepoint "PrintThreads", Time since last: 59999245800 ns, Reaching safepoint: 132300 ns, At safepoint: 458100 ns, Total: 590400 ns
[2026-08-03T17:10:07.020+0900][1920.511s][info ][safepoint      ] Safepoint "FindDeadlocks", Time since last: 77200 ns, Reaching safepoint: 59500 ns, At safepoint: 11900 ns, Total: 71400 ns
[2026-08-03T17:10:07.262+0900][1920.752s][info ][gc,start       ] GC(74) Pause Young (Normal) (G1 Evacuation Pause)
[2026-08-03T17:10:07.262+0900][1920.752s][debug][gc,heap        ] GC(74) Heap before GC invocations=74 (full 33):
[2026-08-03T17:10:07.262+0900][1920.752s][debug][gc,heap        ] GC(74)  garbage-first heap   total 10878976K, used 3888458K [0x000001b144000000, 0x000001e844000000)
[2026-08-03T17:10:07.262+0900][1920.752s][debug][gc,heap        ] GC(74)   region size 32768K, 66 young (2162688K), 9 survivors (294912K)
[2026-08-03T17:10:07.262+0900][1920.752s][debug][gc,heap        ] GC(74)  Metaspace       used 13349K, committed 14016K, reserved 1114112K
[2026-08-03T17:10:07.262+0900][1920.752s][debug][gc,heap        ] GC(74)   class space    used 1225K, committed 1536K, reserved 1048576K
[2026-08-03T17:10:07.262+0900][1920.753s][info ][gc,task        ] GC(74) Using 18 workers of 18 for evacuation
[2026-08-03T17:10:07.335+0900][1920.826s][info ][gc,phases      ] GC(74)   Pre Evacuate Collection Set: 0.1ms
[2026-08-03T17:10:07.335+0900][1920.826s][info ][gc,phases      ] GC(74)   Merge Heap Roots: 1.5ms
[2026-08-03T17:10:07.335+0900][1920.826s][info ][gc,phases      ] GC(74)   Evacuate Collection Set: 71.0ms
[2026-08-03T17:10:07.335+0900][1920.826s][info ][gc,phases      ] GC(74)   Post Evacuate Collection Set: 0.5ms
[2026-08-03T17:10:07.335+0900][1920.826s][info ][gc,phases      ] GC(74)   Other: 0.1ms
[2026-08-03T17:10:07.335+0900][1920.826s][info ][gc,heap        ] GC(74) Eden regions: 57->0(57)
[2026-08-03T17:10:07.336+0900][1920.826s][info ][gc,heap        ] GC(74) Survivor regions: 9->9(9)
[2026-08-03T17:10:07.336+0900][1920.826s][info ][gc,heap        ] GC(74) Old regions: 54->64
[2026-08-03T17:10:07.336+0900][1920.826s][info ][gc,heap        ] GC(74) Archive regions: 0->0
[2026-08-03T17:10:07.336+0900][1920.826s][info ][gc,heap        ] GC(74) Humongous regions: 0->0
[2026-08-03T17:10:07.336+0900][1920.826s][info ][gc,metaspace   ] GC(74) Metaspace: 13349K(14016K)->13349K(14016K) NonClass: 12124K(12480K)->12124K(12480K) Class: 1225K(1536K)->1225K(1536K)
[2026-08-03T17:10:07.336+0900][1920.826s][debug][gc,heap        ] GC(74) Heap after GC invocations=75 (full 33):
[2026-08-03T17:10:07.336+0900][1920.826s][debug][gc,heap        ] GC(74)  garbage-first heap   total 10878976K, used 2352739K [0x000001b144000000, 0x000001e844000000)
[2026-08-03T17:10:07.336+0900][1920.826s][debug][gc,heap        ] GC(74)   region size 32768K, 9 young (294912K), 9 survivors (294912K)
[2026-08-03T17:10:07.336+0900][1920.826s][debug][gc,heap        ] GC(74)  Metaspace       used 13349K, committed 14016K, reserved 1114112K
[2026-08-03T17:10:07.336+0900][1920.826s][debug][gc,heap        ] GC(74)   class space    used 1225K, committed 1536K, reserved 1048576K
[2026-08-03T17:10:07.336+0900][1920.826s][info ][gc             ] GC(74) Pause Young (Normal) (G1 Evacuation Pause) 3797M->2297M(10624M) 73.739ms
[2026-08-03T17:10:07.336+0900][1920.826s][info ][gc,cpu         ] GC(74) User=1.41s Sys=0.00s Real=0.07s
[2026-08-03T17:10:07.336+0900][1920.826s][info ][safepoint      ] Safepoint "G1CollectForAllocation", Time since last: 241439000 ns, Reaching safepoint: 104000 ns, At safepoint: 73802200 ns, Total: 73906200 ns
[2026-08-03T17:10:14.386+0900][1927.876s][info ][safepoint      ] Safepoint "Cleanup", Time since last: 7049817300 ns, Reaching safepoint: 124900 ns, At safepoint: 14200 ns, Total: 139100 ns
[2026-08-03T17:11:07.020+0900][1980.511s][info ][safepoint      ] Safepoint "PrintThreads", Time since last: 52633918000 ns, Reaching safepoint: 105700 ns, At safepoint: 416600 ns, Total: 522300 ns
[2026-08-03T17:11:07.020+0900][1980.511s][info ][safepoint      ] Safepoint "FindDeadlocks", Time since last: 61500 ns, Reaching safepoint: 48400 ns, At safepoint: 10300 ns, Total: 58700 ns
[2026-08-03T17:11:26.945+0900][2000.436s][info ][safepoint      ] Safepoint "ClassLoaderStatsOperation", Time since last: 19924302000 ns, Reaching safepoint: 110300 ns, At safepoint: 557700 ns, Total: 668000 ns
[2026-08-03T17:11:26.950+0900][2000.440s][info ][safepoint      ] Safepoint "JFRCheckpoint", Time since last: 2853700 ns, Reaching safepoint: 101800 ns, At safepoint: 1461700 ns, Total: 1563500 ns
[2026-08-03T17:11:26.953+0900][2000.444s][info ][safepoint      ] Safepoint "JFROldObject", Time since last: 3499000 ns, Reaching safepoint: 119100 ns, At safepoint: 93000 ns, Total: 212100 ns
[2026-08-03T17:11:27.026+0900][2000.517s][info ][gc,heap,exit   ] Heap
[2026-08-03T17:11:27.026+0900][2000.517s][info ][gc,heap,exit   ]  garbage-first heap   total 10878976K, used 3086902K [0x000001b144000000, 0x000001e844000000)
[2026-08-03T17:11:27.026+0900][2000.517s][info ][gc,heap,exit   ]   region size 32768K, 32 young (1048576K), 9 survivors (294912K)
[2026-08-03T17:11:27.026+0900][2000.517s][info ][gc,heap,exit   ]  Metaspace       used 13490K, committed 14080K, reserved 1114112K
[2026-08-03T17:11:27.026+0900][2000.517s][info ][gc,heap,exit   ]   class space    used 1250K, committed 1536K, reserved 1048576K
