[2026-08-03T18:42:56.640+0900][0.007s][info][gc,init] CardTable entry size: 512
[2026-08-03T18:42:56.640+0900][0.007s][debug][gc,heap] Minimum heap 33554432  Initial heap 2147483648  Maximum heap 236223201280
[2026-08-03T18:42:56.640+0900][0.007s][info ][gc     ] Using G1
[2026-08-03T18:42:56.648+0900][0.015s][info ][gc,init] Version: 18.0.1.1+2-6 (release)
[2026-08-03T18:42:56.648+0900][0.015s][info ][gc,init] CPUs: 24 total, 24 available
[2026-08-03T18:42:56.648+0900][0.015s][info ][gc,init] Memory: 255G
[2026-08-03T18:42:56.648+0900][0.015s][info ][gc,init] Large Page Support: Disabled
[2026-08-03T18:42:56.649+0900][0.016s][info ][gc,init] NUMA Support: Disabled
[2026-08-03T18:42:56.649+0900][0.016s][info ][gc,init] Compressed Oops: Disabled
[2026-08-03T18:42:56.649+0900][0.016s][info ][gc,init] Heap Region Size: 32M
[2026-08-03T18:42:56.649+0900][0.016s][info ][gc,init] Heap Min Capacity: 32M
[2026-08-03T18:42:56.649+0900][0.016s][info ][gc,init] Heap Initial Capacity: 2G
[2026-08-03T18:42:56.649+0900][0.016s][info ][gc,init] Heap Max Capacity: 220G
[2026-08-03T18:42:56.649+0900][0.016s][info ][gc,init] Pre-touch: Disabled
[2026-08-03T18:42:56.649+0900][0.016s][info ][gc,init] Parallel Workers: 18
[2026-08-03T18:42:56.649+0900][0.016s][info ][gc,init] Concurrent Workers: 5
[2026-08-03T18:42:56.649+0900][0.016s][info ][gc,init] Concurrent Refinement Workers: 18
[2026-08-03T18:42:56.649+0900][0.016s][info ][gc,init] Periodic GC: Disabled
[2026-08-03T18:42:56.650+0900][0.017s][info ][gc,metaspace] CDS archive(s) mapped at: [0x0000000800000000-0x0000000800ba0000-0x0000000800ba0000), size 12189696, SharedBaseAddress: 0x0000000800000000, ArchiveRelocationMode: 0.
[2026-08-03T18:42:56.650+0900][0.017s][info ][gc,metaspace] Compressed class space mapped at: 0x0000000800c00000-0x0000000840c00000, reserved size: 1073741824
[2026-08-03T18:42:56.650+0900][0.017s][info ][gc,metaspace] Narrow klass base: 0x0000000800000000, Narrow klass shift: 0, Narrow klass range: 0x100000000
[2026-08-03T18:42:56.891+0900][0.258s][info ][safepoint   ] Safepoint "ICBufferFull", Time since last: 236366400 ns, Reaching safepoint: 104000 ns, At safepoint: 7700 ns, Total: 111700 ns
[2026-08-03T18:42:56.935+0900][0.302s][info ][safepoint   ] Safepoint "RedefineClasses", Time since last: 38157300 ns, Reaching safepoint: 83700 ns, At safepoint: 5254300 ns, Total: 5338000 ns
[2026-08-03T18:42:56.989+0900][0.356s][info ][safepoint   ] Safepoint "JFRCheckpoint", Time since last: 54201200 ns, Reaching safepoint: 134100 ns, At safepoint: 19600 ns, Total: 153700 ns
[2026-08-03T18:42:56.994+0900][0.361s][info ][safepoint   ] Safepoint "JFROldObject", Time since last: 4526100 ns, Reaching safepoint: 25600 ns, At safepoint: 21100 ns, Total: 46700 ns
[2026-08-03T18:42:56.999+0900][0.366s][info ][safepoint   ] Safepoint "ClassLoaderStatsOperation", Time since last: 4625000 ns, Reaching safepoint: 741100 ns, At safepoint: 242600 ns, Total: 983700 ns
[2026-08-03T18:42:57.019+0900][0.386s][info ][gc,start    ] GC(0) Pause Full (System.gc())
[2026-08-03T18:42:57.020+0900][0.386s][debug][gc,heap     ] GC(0) Heap before GC invocations=0 (full 0):
[2026-08-03T18:42:57.020+0900][0.386s][debug][gc,heap     ] GC(0)  garbage-first heap   total 2097152K, used 32768K [0x000002895a000000, 0x000002c05a000000)
[2026-08-03T18:42:57.020+0900][0.387s][debug][gc,heap     ] GC(0)   region size 32768K, 2 young (65536K), 0 survivors (0K)
[2026-08-03T18:42:57.020+0900][0.387s][debug][gc,heap     ] GC(0)  Metaspace       used 3807K, committed 3968K, reserved 1114112K
[2026-08-03T18:42:57.020+0900][0.387s][debug][gc,heap     ] GC(0)   class space    used 339K, committed 384K, reserved 1048576K
[2026-08-03T18:42:57.020+0900][0.387s][info ][gc,task     ] GC(0) Using 2 workers of 18 for full compaction
[2026-08-03T18:42:57.020+0900][0.387s][info ][gc,phases,start] GC(0) Phase 1: Mark live objects
[2026-08-03T18:42:57.023+0900][0.390s][info ][gc,phases      ] GC(0) Phase 1: Mark live objects 3.429ms
[2026-08-03T18:42:57.023+0900][0.390s][info ][gc,phases,start] GC(0) Phase 2: Prepare for compaction
[2026-08-03T18:42:57.026+0900][0.393s][info ][gc,phases      ] GC(0) Phase 2: Prepare for compaction 2.828ms
[2026-08-03T18:42:57.026+0900][0.393s][info ][gc,phases,start] GC(0) Phase 3: Adjust pointers
[2026-08-03T18:42:57.028+0900][0.395s][info ][gc,phases      ] GC(0) Phase 3: Adjust pointers 1.990ms
[2026-08-03T18:42:57.028+0900][0.395s][info ][gc,phases,start] GC(0) Phase 4: Compact heap
[2026-08-03T18:42:57.032+0900][0.399s][info ][gc,phases      ] GC(0) Phase 4: Compact heap 3.730ms
[2026-08-03T18:42:57.037+0900][0.404s][debug][gc,heap        ] GC(0) Uncommittable regions after shrink: 57
[2026-08-03T18:42:57.038+0900][0.405s][info ][gc,heap        ] GC(0) Eden regions: 2->0(1)
[2026-08-03T18:42:57.038+0900][0.405s][info ][gc,heap        ] GC(0) Survivor regions: 0->0(0)
[2026-08-03T18:42:57.038+0900][0.405s][info ][gc,heap        ] GC(0) Old regions: 0->2
[2026-08-03T18:42:57.038+0900][0.405s][info ][gc,heap        ] GC(0) Archive regions: 0->0
[2026-08-03T18:42:57.038+0900][0.405s][info ][gc,heap        ] GC(0) Humongous regions: 0->0
[2026-08-03T18:42:57.038+0900][0.405s][info ][gc,metaspace   ] GC(0) Metaspace: 3807K(3968K)->3807K(3968K) NonClass: 3468K(3584K)->3468K(3584K) Class: 339K(384K)->339K(384K)
[2026-08-03T18:42:57.038+0900][0.405s][debug][gc,heap        ] GC(0) Heap after GC invocations=1 (full 1):
[2026-08-03T18:42:57.038+0900][0.405s][debug][gc,heap        ] GC(0)  garbage-first heap   total 229376K, used 8475K [0x000002895a000000, 0x000002c05a000000)
[2026-08-03T18:42:57.038+0900][0.405s][debug][gc,heap        ] GC(0)   region size 32768K, 0 young (0K), 0 survivors (0K)
[2026-08-03T18:42:57.038+0900][0.405s][debug][gc,heap        ] GC(0)  Metaspace       used 3807K, committed 3968K, reserved 1114112K
[2026-08-03T18:42:57.038+0900][0.405s][debug][gc,heap        ] GC(0)   class space    used 339K, committed 384K, reserved 1048576K
[2026-08-03T18:42:57.038+0900][0.405s][info ][gc             ] GC(0) Pause Full (System.gc()) 43M->8M(224M) 18.375ms
[2026-08-03T18:42:57.038+0900][0.405s][info ][gc,cpu         ] GC(0) User=0.02s Sys=0.00s Real=0.02s
[2026-08-03T18:42:57.038+0900][0.405s][info ][safepoint      ] Safepoint "G1CollectFull", Time since last: 20005500 ns, Reaching safepoint: 25400 ns, At safepoint: 18500700 ns, Total: 18526100 ns
[2026-08-03T18:42:57.268+0900][0.635s][debug][gc,heap        ] Concurrent Uncommit Summary: 1824M, 57 regions, 16.550ms
[2026-08-03T18:42:57.295+0900][0.662s][info ][gc,start       ] GC(1) Pause Full (System.gc())
[2026-08-03T18:42:57.295+0900][0.662s][debug][gc,heap        ] GC(1) Heap before GC invocations=1 (full 1):
[2026-08-03T18:42:57.295+0900][0.662s][debug][gc,heap        ] GC(1)  garbage-first heap   total 229376K, used 8475K [0x000002895a000000, 0x000002c05a000000)
[2026-08-03T18:42:57.295+0900][0.662s][debug][gc,heap        ] GC(1)   region size 32768K, 1 young (32768K), 0 survivors (0K)
[2026-08-03T18:42:57.295+0900][0.662s][debug][gc,heap        ] GC(1)  Metaspace       used 8872K, committed 9088K, reserved 1114112K
[2026-08-03T18:42:57.295+0900][0.662s][debug][gc,heap        ] GC(1)   class space    used 830K, committed 960K, reserved 1048576K
[2026-08-03T18:42:57.295+0900][0.662s][info ][gc,task        ] GC(1) Using 1 workers of 18 for full compaction
[2026-08-03T18:42:57.295+0900][0.662s][info ][gc,phases,start] GC(1) Phase 1: Mark live objects
[2026-08-03T18:42:57.305+0900][0.672s][info ][gc,phases      ] GC(1) Phase 1: Mark live objects 10.357ms
[2026-08-03T18:42:57.305+0900][0.672s][info ][gc,phases,start] GC(1) Phase 2: Prepare for compaction
[2026-08-03T18:42:57.307+0900][0.674s][info ][gc,phases      ] GC(1) Phase 2: Prepare for compaction 2.289ms
[2026-08-03T18:42:57.308+0900][0.674s][info ][gc,phases,start] GC(1) Phase 3: Adjust pointers
[2026-08-03T18:42:57.312+0900][0.679s][info ][gc,phases      ] GC(1) Phase 3: Adjust pointers 4.796ms
[2026-08-03T18:42:57.312+0900][0.679s][info ][gc,phases,start] GC(1) Phase 4: Compact heap
[2026-08-03T18:42:57.318+0900][0.685s][info ][gc,phases      ] GC(1) Phase 4: Compact heap 5.524ms
[2026-08-03T18:42:57.321+0900][0.687s][debug][gc,heap        ] GC(1) Uncommittable regions after shrink: 3
[2026-08-03T18:42:57.322+0900][0.689s][info ][gc,heap        ] GC(1) Eden regions: 1->0(1)
[2026-08-03T18:42:57.322+0900][0.689s][info ][gc,heap        ] GC(1) Survivor regions: 0->0(0)
[2026-08-03T18:42:57.322+0900][0.689s][info ][gc,heap        ] GC(1) Old regions: 2->1
[2026-08-03T18:42:57.322+0900][0.689s][info ][gc,heap        ] GC(1) Archive regions: 0->0
[2026-08-03T18:42:57.322+0900][0.689s][info ][gc,heap        ] GC(1) Humongous regions: 0->0
[2026-08-03T18:42:57.322+0900][0.689s][info ][gc,metaspace   ] GC(1) Metaspace: 8872K(9088K)->8872K(9088K) NonClass: 8041K(8128K)->8041K(8128K) Class: 830K(960K)->830K(960K)
[2026-08-03T18:42:57.322+0900][0.689s][debug][gc,heap        ] GC(1) Heap after GC invocations=2 (full 2):
[2026-08-03T18:42:57.322+0900][0.689s][debug][gc,heap        ] GC(1)  garbage-first heap   total 131072K, used 11701K [0x000002895a000000, 0x000002c05a000000)
[2026-08-03T18:42:57.322+0900][0.689s][debug][gc,heap        ] GC(1)   region size 32768K, 0 young (0K), 0 survivors (0K)
[2026-08-03T18:42:57.322+0900][0.689s][debug][gc,heap        ] GC(1)  Metaspace       used 8872K, committed 9088K, reserved 1114112K
[2026-08-03T18:42:57.322+0900][0.689s][debug][gc,heap        ] GC(1)   class space    used 830K, committed 960K, reserved 1048576K
[2026-08-03T18:42:57.322+0900][0.689s][info ][gc             ] GC(1) Pause Full (System.gc()) 26M->11M(128M) 27.856ms
[2026-08-03T18:42:57.322+0900][0.689s][info ][gc,cpu         ] GC(1) User=0.03s Sys=0.00s Real=0.03s
[2026-08-03T18:42:57.322+0900][0.689s][info ][safepoint      ] Safepoint "G1CollectFull", Time since last: 256496400 ns, Reaching safepoint: 100700 ns, At safepoint: 27931100 ns, Total: 28031800 ns
[2026-08-03T18:42:57.419+0900][0.785s][info ][gc,start       ] GC(2) Pause Full (System.gc())
[2026-08-03T18:42:57.419+0900][0.786s][debug][gc,heap        ] GC(2) Heap before GC invocations=2 (full 2):
[2026-08-03T18:42:57.419+0900][0.786s][debug][gc,heap        ] GC(2)  garbage-first heap   total 131072K, used 11701K [0x000002895a000000, 0x000002c05a000000)
[2026-08-03T18:42:57.419+0900][0.786s][debug][gc,heap        ] GC(2)   region size 32768K, 1 young (32768K), 0 survivors (0K)
[2026-08-03T18:42:57.419+0900][0.786s][debug][gc,heap        ] GC(2)  Metaspace       used 9237K, committed 9536K, reserved 1114112K
[2026-08-03T18:42:57.419+0900][0.786s][debug][gc,heap        ] GC(2)   class space    used 875K, committed 1024K, reserved 1048576K
[2026-08-03T18:42:57.419+0900][0.786s][info ][gc,task        ] GC(2) Using 1 workers of 18 for full compaction
[2026-08-03T18:42:57.419+0900][0.786s][info ][gc,phases,start] GC(2) Phase 1: Mark live objects
[2026-08-03T18:42:57.444+0900][0.811s][info ][gc,phases      ] GC(2) Phase 1: Mark live objects 25.267ms
[2026-08-03T18:42:57.444+0900][0.811s][info ][gc,phases,start] GC(2) Phase 2: Prepare for compaction
[2026-08-03T18:42:57.451+0900][0.818s][info ][gc,phases      ] GC(2) Phase 2: Prepare for compaction 6.837ms
[2026-08-03T18:42:57.451+0900][0.818s][info ][gc,phases,start] GC(2) Phase 3: Adjust pointers
[2026-08-03T18:42:57.464+0900][0.831s][info ][gc,phases      ] GC(2) Phase 3: Adjust pointers 12.833ms
[2026-08-03T18:42:57.464+0900][0.831s][info ][gc,phases,start] GC(2) Phase 4: Compact heap
[2026-08-03T18:42:57.472+0900][0.839s][info ][gc,phases      ] GC(2) Phase 4: Compact heap 7.824ms
[2026-08-03T18:42:57.474+0900][0.841s][info ][gc,heap        ] GC(2) Eden regions: 1->0(1)
[2026-08-03T18:42:57.474+0900][0.841s][info ][gc,heap        ] GC(2) Survivor regions: 0->0(0)
[2026-08-03T18:42:57.474+0900][0.841s][info ][gc,heap        ] GC(2) Old regions: 1->1
[2026-08-03T18:42:57.474+0900][0.841s][info ][gc,heap        ] GC(2) Archive regions: 0->0
[2026-08-03T18:42:57.474+0900][0.841s][info ][gc,heap        ] GC(2) Humongous regions: 0->0
[2026-08-03T18:42:57.474+0900][0.841s][info ][gc,metaspace   ] GC(2) Metaspace: 9237K(9536K)->9237K(9536K) NonClass: 8361K(8512K)->8361K(8512K) Class: 875K(1024K)->875K(1024K)
[2026-08-03T18:42:57.474+0900][0.841s][debug][gc,heap        ] GC(2) Heap after GC invocations=3 (full 3):
[2026-08-03T18:42:57.474+0900][0.841s][debug][gc,heap        ] GC(2)  garbage-first heap   total 131072K, used 17841K [0x000002895a000000, 0x000002c05a000000)
[2026-08-03T18:42:57.474+0900][0.841s][debug][gc,heap        ] GC(2)   region size 32768K, 0 young (0K), 0 survivors (0K)
[2026-08-03T18:42:57.474+0900][0.841s][debug][gc,heap        ] GC(2)  Metaspace       used 9237K, committed 9536K, reserved 1114112K
[2026-08-03T18:42:57.474+0900][0.841s][debug][gc,heap        ] GC(2)   class space    used 875K, committed 1024K, reserved 1048576K
[2026-08-03T18:42:57.475+0900][0.841s][info ][gc             ] GC(2) Pause Full (System.gc()) 30M->17M(128M) 55.968ms
[2026-08-03T18:42:57.475+0900][0.841s][info ][gc,cpu         ] GC(2) User=0.12s Sys=0.02s Real=0.06s
[2026-08-03T18:42:57.475+0900][0.842s][info ][safepoint      ] Safepoint "G1CollectFull", Time since last: 95979100 ns, Reaching safepoint: 58800 ns, At safepoint: 56106100 ns, Total: 56164900 ns
[2026-08-03T18:42:57.477+0900][0.844s][debug][gc,heap        ] Concurrent Uncommit Summary: 98304K, 3 regions, 2.446ms
[2026-08-03T18:42:57.494+0900][0.861s][info ][gc,start       ] GC(3) Pause Full (System.gc())
[2026-08-03T18:42:57.494+0900][0.861s][debug][gc,heap        ] GC(3) Heap before GC invocations=3 (full 3):
[2026-08-03T18:42:57.494+0900][0.861s][debug][gc,heap        ] GC(3)  garbage-first heap   total 131072K, used 17841K [0x000002895a000000, 0x000002c05a000000)
[2026-08-03T18:42:57.494+0900][0.861s][debug][gc,heap        ] GC(3)   region size 32768K, 1 young (32768K), 0 survivors (0K)
[2026-08-03T18:42:57.494+0900][0.861s][debug][gc,heap        ] GC(3)  Metaspace       used 9430K, committed 9728K, reserved 1114112K
[2026-08-03T18:42:57.494+0900][0.861s][debug][gc,heap        ] GC(3)   class space    used 895K, committed 1024K, reserved 1048576K
[2026-08-03T18:42:57.494+0900][0.861s][info ][gc,task        ] GC(3) Using 1 workers of 18 for full compaction
[2026-08-03T18:42:57.495+0900][0.861s][info ][gc,phases,start] GC(3) Phase 1: Mark live objects
[2026-08-03T18:42:57.515+0900][0.882s][info ][gc,phases      ] GC(3) Phase 1: Mark live objects 20.134ms
[2026-08-03T18:42:57.515+0900][0.882s][info ][gc,phases,start] GC(3) Phase 2: Prepare for compaction
[2026-08-03T18:42:57.518+0900][0.885s][info ][gc,phases      ] GC(3) Phase 2: Prepare for compaction 2.883ms
[2026-08-03T18:42:57.518+0900][0.885s][info ][gc,phases,start] GC(3) Phase 3: Adjust pointers
[2026-08-03T18:42:57.524+0900][0.891s][info ][gc,phases      ] GC(3) Phase 3: Adjust pointers 6.595ms
[2026-08-03T18:42:57.524+0900][0.891s][info ][gc,phases,start] GC(3) Phase 4: Compact heap
[2026-08-03T18:42:57.527+0900][0.894s][info ][gc,phases      ] GC(3) Phase 4: Compact heap 2.512ms
[2026-08-03T18:42:57.529+0900][0.895s][info ][gc,heap        ] GC(3) Eden regions: 1->0(1)
[2026-08-03T18:42:57.529+0900][0.896s][info ][gc,heap        ] GC(3) Survivor regions: 0->0(0)
[2026-08-03T18:42:57.529+0900][0.896s][info ][gc,heap        ] GC(3) Old regions: 1->1
[2026-08-03T18:42:57.529+0900][0.896s][info ][gc,heap        ] GC(3) Archive regions: 0->0
[2026-08-03T18:42:57.529+0900][0.896s][info ][gc,heap        ] GC(3) Humongous regions: 0->0
[2026-08-03T18:42:57.529+0900][0.896s][info ][gc,metaspace   ] GC(3) Metaspace: 9430K(9728K)->9430K(9728K) NonClass: 8535K(8704K)->8535K(8704K) Class: 895K(1024K)->895K(1024K)
[2026-08-03T18:42:57.529+0900][0.896s][debug][gc,heap        ] GC(3) Heap after GC invocations=4 (full 4):
[2026-08-03T18:42:57.529+0900][0.896s][debug][gc,heap        ] GC(3)  garbage-first heap   total 131072K, used 17890K [0x000002895a000000, 0x000002c05a000000)
[2026-08-03T18:42:57.529+0900][0.896s][debug][gc,heap        ] GC(3)   region size 32768K, 0 young (0K), 0 survivors (0K)
[2026-08-03T18:42:57.529+0900][0.896s][debug][gc,heap        ] GC(3)  Metaspace       used 9430K, committed 9728K, reserved 1114112K
[2026-08-03T18:42:57.529+0900][0.896s][debug][gc,heap        ] GC(3)   class space    used 895K, committed 1024K, reserved 1048576K
[2026-08-03T18:42:57.529+0900][0.896s][info ][gc             ] GC(3) Pause Full (System.gc()) 19M->17M(128M) 34.467ms
[2026-08-03T18:42:57.529+0900][0.896s][info ][gc,cpu         ] GC(3) User=0.03s Sys=0.00s Real=0.04s
[2026-08-03T18:42:57.529+0900][0.896s][info ][safepoint      ] Safepoint "G1CollectFull", Time since last: 19583000 ns, Reaching safepoint: 58000 ns, At safepoint: 34598500 ns, Total: 34656500 ns
[2026-08-03T18:42:57.532+0900][0.899s][info ][gc,start       ] GC(4) Pause Full (System.gc())
[2026-08-03T18:42:57.532+0900][0.899s][debug][gc,heap        ] GC(4) Heap before GC invocations=4 (full 4):
[2026-08-03T18:42:57.532+0900][0.899s][debug][gc,heap        ] GC(4)  garbage-first heap   total 131072K, used 17890K [0x000002895a000000, 0x000002c05a000000)
[2026-08-03T18:42:57.532+0900][0.899s][debug][gc,heap        ] GC(4)   region size 32768K, 1 young (32768K), 0 survivors (0K)
[2026-08-03T18:42:57.532+0900][0.899s][debug][gc,heap        ] GC(4)  Metaspace       used 9442K, committed 9728K, reserved 1114112K
[2026-08-03T18:42:57.532+0900][0.899s][debug][gc,heap        ] GC(4)   class space    used 895K, committed 1024K, reserved 1048576K
[2026-08-03T18:42:57.532+0900][0.899s][info ][gc,task        ] GC(4) Using 1 workers of 18 for full compaction
[2026-08-03T18:42:57.532+0900][0.899s][info ][gc,phases,start] GC(4) Phase 1: Mark live objects
[2026-08-03T18:42:57.546+0900][0.913s][info ][gc,phases      ] GC(4) Phase 1: Mark live objects 13.970ms
[2026-08-03T18:42:57.546+0900][0.913s][info ][gc,phases,start] GC(4) Phase 2: Prepare for compaction
[2026-08-03T18:42:57.549+0900][0.916s][info ][gc,phases      ] GC(4) Phase 2: Prepare for compaction 2.657ms
[2026-08-03T18:42:57.549+0900][0.916s][info ][gc,phases,start] GC(4) Phase 3: Adjust pointers
[2026-08-03T18:42:57.555+0900][0.922s][info ][gc,phases      ] GC(4) Phase 3: Adjust pointers 5.749ms
[2026-08-03T18:42:57.555+0900][0.922s][info ][gc,phases,start] GC(4) Phase 4: Compact heap
[2026-08-03T18:42:57.557+0900][0.924s][info ][gc,phases      ] GC(4) Phase 4: Compact heap 2.092ms
[2026-08-03T18:42:57.558+0900][0.925s][info ][gc,heap        ] GC(4) Eden regions: 1->0(1)
[2026-08-03T18:42:57.558+0900][0.925s][info ][gc,heap        ] GC(4) Survivor regions: 0->0(0)
[2026-08-03T18:42:57.558+0900][0.925s][info ][gc,heap        ] GC(4) Old regions: 1->1
[2026-08-03T18:42:57.558+0900][0.925s][info ][gc,heap        ] GC(4) Archive regions: 0->0
[2026-08-03T18:42:57.558+0900][0.925s][info ][gc,heap        ] GC(4) Humongous regions: 0->0
[2026-08-03T18:42:57.558+0900][0.925s][info ][gc,metaspace   ] GC(4) Metaspace: 9442K(9728K)->9442K(9728K) NonClass: 8546K(8704K)->8546K(8704K) Class: 895K(1024K)->895K(1024K)
[2026-08-03T18:42:57.558+0900][0.925s][debug][gc,heap        ] GC(4) Heap after GC invocations=5 (full 5):
[2026-08-03T18:42:57.558+0900][0.925s][debug][gc,heap        ] GC(4)  garbage-first heap   total 131072K, used 17898K [0x000002895a000000, 0x000002c05a000000)
[2026-08-03T18:42:57.558+0900][0.925s][debug][gc,heap        ] GC(4)   region size 32768K, 0 young (0K), 0 survivors (0K)
[2026-08-03T18:42:57.558+0900][0.925s][debug][gc,heap        ] GC(4)  Metaspace       used 9442K, committed 9728K, reserved 1114112K
[2026-08-03T18:42:57.558+0900][0.925s][debug][gc,heap        ] GC(4)   class space    used 895K, committed 1024K, reserved 1048576K
[2026-08-03T18:42:57.558+0900][0.925s][info ][gc             ] GC(4) Pause Full (System.gc()) 18M->17M(128M) 26.403ms
[2026-08-03T18:42:57.558+0900][0.925s][info ][gc,cpu         ] GC(4) User=0.02s Sys=0.00s Real=0.03s
[2026-08-03T18:42:57.559+0900][0.926s][info ][safepoint      ] Safepoint "G1CollectFull", Time since last: 3131100 ns, Reaching safepoint: 28600 ns, At safepoint: 26526800 ns, Total: 26555400 ns
[2026-08-03T18:42:57.561+0900][0.928s][info ][gc,start       ] GC(5) Pause Full (System.gc())
[2026-08-03T18:42:57.561+0900][0.928s][debug][gc,heap        ] GC(5) Heap before GC invocations=5 (full 5):
[2026-08-03T18:42:57.561+0900][0.928s][debug][gc,heap        ] GC(5)  garbage-first heap   total 131072K, used 17898K [0x000002895a000000, 0x000002c05a000000)
[2026-08-03T18:42:57.561+0900][0.928s][debug][gc,heap        ] GC(5)   region size 32768K, 1 young (32768K), 0 survivors (0K)
[2026-08-03T18:42:57.561+0900][0.928s][debug][gc,heap        ] GC(5)  Metaspace       used 9453K, committed 9728K, reserved 1114112K
[2026-08-03T18:42:57.561+0900][0.928s][debug][gc,heap        ] GC(5)   class space    used 895K, committed 1024K, reserved 1048576K
[2026-08-03T18:42:57.561+0900][0.928s][info ][gc,task        ] GC(5) Using 1 workers of 18 for full compaction
[2026-08-03T18:42:57.561+0900][0.928s][info ][gc,phases,start] GC(5) Phase 1: Mark live objects
[2026-08-03T18:42:57.574+0900][0.941s][info ][gc,phases      ] GC(5) Phase 1: Mark live objects 12.992ms
[2026-08-03T18:42:57.575+0900][0.941s][info ][gc,phases,start] GC(5) Phase 2: Prepare for compaction
[2026-08-03T18:42:57.577+0900][0.944s][info ][gc,phases      ] GC(5) Phase 2: Prepare for compaction 2.543ms
[2026-08-03T18:42:57.577+0900][0.944s][info ][gc,phases,start] GC(5) Phase 3: Adjust pointers
[2026-08-03T18:42:57.583+0900][0.950s][info ][gc,phases      ] GC(5) Phase 3: Adjust pointers 6.085ms
[2026-08-03T18:42:57.583+0900][0.950s][info ][gc,phases,start] GC(5) Phase 4: Compact heap
[2026-08-03T18:42:57.586+0900][0.952s][info ][gc,phases      ] GC(5) Phase 4: Compact heap 2.302ms
[2026-08-03T18:42:57.587+0900][0.954s][info ][gc,heap        ] GC(5) Eden regions: 1->0(1)
[2026-08-03T18:42:57.587+0900][0.954s][info ][gc,heap        ] GC(5) Survivor regions: 0->0(0)
[2026-08-03T18:42:57.587+0900][0.954s][info ][gc,heap        ] GC(5) Old regions: 1->1
[2026-08-03T18:42:57.587+0900][0.954s][info ][gc,heap        ] GC(5) Archive regions: 0->0
[2026-08-03T18:42:57.587+0900][0.954s][info ][gc,heap        ] GC(5) Humongous regions: 0->0
[2026-08-03T18:42:57.587+0900][0.954s][info ][gc,metaspace   ] GC(5) Metaspace: 9453K(9728K)->9453K(9728K) NonClass: 8557K(8704K)->8557K(8704K) Class: 895K(1024K)->895K(1024K)
[2026-08-03T18:42:57.587+0900][0.954s][debug][gc,heap        ] GC(5) Heap after GC invocations=6 (full 6):
[2026-08-03T18:42:57.587+0900][0.954s][debug][gc,heap        ] GC(5)  garbage-first heap   total 131072K, used 17907K [0x000002895a000000, 0x000002c05a000000)
[2026-08-03T18:42:57.587+0900][0.954s][debug][gc,heap        ] GC(5)   region size 32768K, 0 young (0K), 0 survivors (0K)
[2026-08-03T18:42:57.587+0900][0.954s][debug][gc,heap        ] GC(5)  Metaspace       used 9453K, committed 9728K, reserved 1114112K
[2026-08-03T18:42:57.587+0900][0.954s][debug][gc,heap        ] GC(5)   class space    used 895K, committed 1024K, reserved 1048576K
[2026-08-03T18:42:57.587+0900][0.954s][info ][gc             ] GC(5) Pause Full (System.gc()) 18M->17M(128M) 25.908ms
[2026-08-03T18:42:57.587+0900][0.954s][info ][gc,cpu         ] GC(5) User=0.03s Sys=0.00s Real=0.03s
[2026-08-03T18:42:57.587+0900][0.954s][info ][safepoint      ] Safepoint "G1CollectFull", Time since last: 2681800 ns, Reaching safepoint: 27800 ns, At safepoint: 25959900 ns, Total: 25987700 ns
[2026-08-03T18:42:57.590+0900][0.957s][info ][gc,start       ] GC(6) Pause Full (System.gc())
[2026-08-03T18:42:57.590+0900][0.957s][debug][gc,heap        ] GC(6) Heap before GC invocations=6 (full 6):
[2026-08-03T18:42:57.590+0900][0.957s][debug][gc,heap        ] GC(6)  garbage-first heap   total 131072K, used 17907K [0x000002895a000000, 0x000002c05a000000)
[2026-08-03T18:42:57.590+0900][0.957s][debug][gc,heap        ] GC(6)   region size 32768K, 1 young (32768K), 0 survivors (0K)
[2026-08-03T18:42:57.590+0900][0.957s][debug][gc,heap        ] GC(6)  Metaspace       used 9474K, committed 9792K, reserved 1114112K
[2026-08-03T18:42:57.590+0900][0.957s][debug][gc,heap        ] GC(6)   class space    used 895K, committed 1024K, reserved 1048576K
[2026-08-03T18:42:57.590+0900][0.957s][info ][gc,task        ] GC(6) Using 1 workers of 18 for full compaction
[2026-08-03T18:42:57.590+0900][0.957s][info ][gc,phases,start] GC(6) Phase 1: Mark live objects
[2026-08-03T18:42:57.605+0900][0.972s][info ][gc,phases      ] GC(6) Phase 1: Mark live objects 14.422ms
[2026-08-03T18:42:57.605+0900][0.972s][info ][gc,phases,start] GC(6) Phase 2: Prepare for compaction
[2026-08-03T18:42:57.608+0900][0.974s][info ][gc,phases      ] GC(6) Phase 2: Prepare for compaction 2.625ms
[2026-08-03T18:42:57.608+0900][0.974s][info ][gc,phases,start] GC(6) Phase 3: Adjust pointers
[2026-08-03T18:42:57.613+0900][0.980s][info ][gc,phases      ] GC(6) Phase 3: Adjust pointers 5.744ms
[2026-08-03T18:42:57.613+0900][0.980s][info ][gc,phases,start] GC(6) Phase 4: Compact heap
[2026-08-03T18:42:57.615+0900][0.982s][info ][gc,phases      ] GC(6) Phase 4: Compact heap 2.005ms
[2026-08-03T18:42:57.617+0900][0.984s][info ][gc,heap        ] GC(6) Eden regions: 1->0(1)
[2026-08-03T18:42:57.617+0900][0.984s][info ][gc,heap        ] GC(6) Survivor regions: 0->0(0)
[2026-08-03T18:42:57.617+0900][0.984s][info ][gc,heap        ] GC(6) Old regions: 1->1
[2026-08-03T18:42:57.617+0900][0.984s][info ][gc,heap        ] GC(6) Archive regions: 0->0
[2026-08-03T18:42:57.617+0900][0.984s][info ][gc,heap        ] GC(6) Humongous regions: 0->0
[2026-08-03T18:42:57.617+0900][0.984s][info ][gc,metaspace   ] GC(6) Metaspace: 9474K(9792K)->9474K(9792K) NonClass: 8579K(8768K)->8579K(8768K) Class: 895K(1024K)->895K(1024K)
[2026-08-03T18:42:57.617+0900][0.984s][debug][gc,heap        ] GC(6) Heap after GC invocations=7 (full 7):
[2026-08-03T18:42:57.617+0900][0.984s][debug][gc,heap        ] GC(6)  garbage-first heap   total 131072K, used 17915K [0x000002895a000000, 0x000002c05a000000)
[2026-08-03T18:42:57.617+0900][0.984s][debug][gc,heap        ] GC(6)   region size 32768K, 0 young (0K), 0 survivors (0K)
[2026-08-03T18:42:57.617+0900][0.984s][debug][gc,heap        ] GC(6)  Metaspace       used 9474K, committed 9792K, reserved 1114112K
[2026-08-03T18:42:57.617+0900][0.984s][debug][gc,heap        ] GC(6)   class space    used 895K, committed 1024K, reserved 1048576K
[2026-08-03T18:42:57.617+0900][0.984s][info ][gc             ] GC(6) Pause Full (System.gc()) 18M->17M(128M) 26.770ms
[2026-08-03T18:42:57.617+0900][0.984s][info ][gc,cpu         ] GC(6) User=0.03s Sys=0.00s Real=0.03s
[2026-08-03T18:42:57.617+0900][0.984s][info ][safepoint      ] Safepoint "G1CollectFull", Time since last: 2783400 ns, Reaching safepoint: 23400 ns, At safepoint: 26891500 ns, Total: 26914900 ns
[2026-08-03T18:42:57.620+0900][0.987s][info ][gc,start       ] GC(7) Pause Full (System.gc())
[2026-08-03T18:42:57.620+0900][0.987s][debug][gc,heap        ] GC(7) Heap before GC invocations=7 (full 7):
[2026-08-03T18:42:57.620+0900][0.987s][debug][gc,heap        ] GC(7)  garbage-first heap   total 131072K, used 17915K [0x000002895a000000, 0x000002c05a000000)
[2026-08-03T18:42:57.620+0900][0.987s][debug][gc,heap        ] GC(7)   region size 32768K, 1 young (32768K), 0 survivors (0K)
[2026-08-03T18:42:57.620+0900][0.987s][debug][gc,heap        ] GC(7)  Metaspace       used 9486K, committed 9792K, reserved 1114112K
[2026-08-03T18:42:57.620+0900][0.987s][debug][gc,heap        ] GC(7)   class space    used 895K, committed 1024K, reserved 1048576K
[2026-08-03T18:42:57.620+0900][0.987s][info ][gc,task        ] GC(7) Using 1 workers of 18 for full compaction
[2026-08-03T18:42:57.620+0900][0.987s][info ][gc,phases,start] GC(7) Phase 1: Mark live objects
[2026-08-03T18:42:57.633+0900][1.000s][info ][gc,phases      ] GC(7) Phase 1: Mark live objects 12.552ms
[2026-08-03T18:42:57.633+0900][1.000s][info ][gc,phases,start] GC(7) Phase 2: Prepare for compaction
[2026-08-03T18:42:57.637+0900][1.003s][info ][gc,phases      ] GC(7) Phase 2: Prepare for compaction 3.352ms
[2026-08-03T18:42:57.637+0900][1.003s][info ][gc,phases,start] GC(7) Phase 3: Adjust pointers
[2026-08-03T18:42:57.642+0900][1.008s][info ][gc,phases      ] GC(7) Phase 3: Adjust pointers 5.430ms
[2026-08-03T18:42:57.642+0900][1.008s][info ][gc,phases,start] GC(7) Phase 4: Compact heap
[2026-08-03T18:42:57.643+0900][1.010s][info ][gc,phases      ] GC(7) Phase 4: Compact heap 1.952ms
[2026-08-03T18:42:57.645+0900][1.012s][info ][gc,heap        ] GC(7) Eden regions: 1->0(1)
[2026-08-03T18:42:57.645+0900][1.012s][info ][gc,heap        ] GC(7) Survivor regions: 0->0(0)
[2026-08-03T18:42:57.645+0900][1.012s][info ][gc,heap        ] GC(7) Old regions: 1->1
[2026-08-03T18:42:57.645+0900][1.012s][info ][gc,heap        ] GC(7) Archive regions: 0->0
[2026-08-03T18:42:57.645+0900][1.012s][info ][gc,heap        ] GC(7) Humongous regions: 0->0
[2026-08-03T18:42:57.645+0900][1.012s][info ][gc,metaspace   ] GC(7) Metaspace: 9486K(9792K)->9486K(9792K) NonClass: 8590K(8768K)->8590K(8768K) Class: 895K(1024K)->895K(1024K)
[2026-08-03T18:42:57.645+0900][1.012s][debug][gc,heap        ] GC(7) Heap after GC invocations=8 (full 8):
[2026-08-03T18:42:57.645+0900][1.012s][debug][gc,heap        ] GC(7)  garbage-first heap   total 131072K, used 17923K [0x000002895a000000, 0x000002c05a000000)
[2026-08-03T18:42:57.645+0900][1.012s][debug][gc,heap        ] GC(7)   region size 32768K, 0 young (0K), 0 survivors (0K)
[2026-08-03T18:42:57.645+0900][1.012s][debug][gc,heap        ] GC(7)  Metaspace       used 9486K, committed 9792K, reserved 1114112K
[2026-08-03T18:42:57.645+0900][1.012s][debug][gc,heap        ] GC(7)   class space    used 895K, committed 1024K, reserved 1048576K
[2026-08-03T18:42:57.645+0900][1.012s][info ][gc             ] GC(7) Pause Full (System.gc()) 18M->17M(128M) 25.147ms
[2026-08-03T18:42:57.645+0900][1.012s][info ][gc,cpu         ] GC(7) User=0.03s Sys=0.00s Real=0.03s
[2026-08-03T18:42:57.645+0900][1.012s][info ][safepoint      ] Safepoint "G1CollectFull", Time since last: 2939000 ns, Reaching safepoint: 27800 ns, At safepoint: 25269800 ns, Total: 25297600 ns
[2026-08-03T18:42:57.648+0900][1.015s][info ][gc,start       ] GC(8) Pause Full (System.gc())
[2026-08-03T18:42:57.648+0900][1.015s][debug][gc,heap        ] GC(8) Heap before GC invocations=8 (full 8):
[2026-08-03T18:42:57.648+0900][1.015s][debug][gc,heap        ] GC(8)  garbage-first heap   total 131072K, used 17923K [0x000002895a000000, 0x000002c05a000000)
[2026-08-03T18:42:57.648+0900][1.015s][debug][gc,heap        ] GC(8)   region size 32768K, 1 young (32768K), 0 survivors (0K)
[2026-08-03T18:42:57.648+0900][1.015s][debug][gc,heap        ] GC(8)  Metaspace       used 9498K, committed 9792K, reserved 1114112K
[2026-08-03T18:42:57.648+0900][1.015s][debug][gc,heap        ] GC(8)   class space    used 895K, committed 1024K, reserved 1048576K
[2026-08-03T18:42:57.648+0900][1.015s][info ][gc,task        ] GC(8) Using 1 workers of 18 for full compaction
[2026-08-03T18:42:57.648+0900][1.015s][info ][gc,phases,start] GC(8) Phase 1: Mark live objects
[2026-08-03T18:42:57.662+0900][1.029s][info ][gc,phases      ] GC(8) Phase 1: Mark live objects 13.970ms
[2026-08-03T18:42:57.662+0900][1.029s][info ][gc,phases,start] GC(8) Phase 2: Prepare for compaction
[2026-08-03T18:42:57.665+0900][1.031s][info ][gc,phases      ] GC(8) Phase 2: Prepare for compaction 2.655ms
[2026-08-03T18:42:57.665+0900][1.031s][info ][gc,phases,start] GC(8) Phase 3: Adjust pointers
[2026-08-03T18:42:57.670+0900][1.037s][info ][gc,phases      ] GC(8) Phase 3: Adjust pointers 5.590ms
[2026-08-03T18:42:57.670+0900][1.037s][info ][gc,phases,start] GC(8) Phase 4: Compact heap
[2026-08-03T18:42:57.672+0900][1.039s][info ][gc,phases      ] GC(8) Phase 4: Compact heap 2.021ms
[2026-08-03T18:42:57.674+0900][1.041s][info ][gc,heap        ] GC(8) Eden regions: 1->0(1)
[2026-08-03T18:42:57.674+0900][1.041s][info ][gc,heap        ] GC(8) Survivor regions: 0->0(0)
[2026-08-03T18:42:57.674+0900][1.041s][info ][gc,heap        ] GC(8) Old regions: 1->1
[2026-08-03T18:42:57.674+0900][1.041s][info ][gc,heap        ] GC(8) Archive regions: 0->0
[2026-08-03T18:42:57.674+0900][1.041s][info ][gc,heap        ] GC(8) Humongous regions: 0->0
[2026-08-03T18:42:57.674+0900][1.041s][info ][gc,metaspace   ] GC(8) Metaspace: 9498K(9792K)->9498K(9792K) NonClass: 8602K(8768K)->8602K(8768K) Class: 895K(1024K)->895K(1024K)
[2026-08-03T18:42:57.674+0900][1.041s][debug][gc,heap        ] GC(8) Heap after GC invocations=9 (full 9):
[2026-08-03T18:42:57.674+0900][1.041s][debug][gc,heap        ] GC(8)  garbage-first heap   total 131072K, used 17932K [0x000002895a000000, 0x000002c05a000000)
[2026-08-03T18:42:57.674+0900][1.041s][debug][gc,heap        ] GC(8)   region size 32768K, 0 young (0K), 0 survivors (0K)
[2026-08-03T18:42:57.674+0900][1.041s][debug][gc,heap        ] GC(8)  Metaspace       used 9498K, committed 9792K, reserved 1114112K
[2026-08-03T18:42:57.674+0900][1.041s][debug][gc,heap        ] GC(8)   class space    used 895K, committed 1024K, reserved 1048576K
[2026-08-03T18:42:57.674+0900][1.041s][info ][gc             ] GC(8) Pause Full (System.gc()) 18M->17M(128M) 26.283ms
[2026-08-03T18:42:57.674+0900][1.041s][info ][gc,cpu         ] GC(8) User=0.03s Sys=0.00s Real=0.03s
[2026-08-03T18:42:57.674+0900][1.041s][info ][safepoint      ] Safepoint "G1CollectFull", Time since last: 2390300 ns, Reaching safepoint: 25100 ns, At safepoint: 26370400 ns, Total: 26395500 ns
[2026-08-03T18:42:57.677+0900][1.043s][info ][gc,start       ] GC(9) Pause Full (System.gc())
[2026-08-03T18:42:57.677+0900][1.043s][debug][gc,heap        ] GC(9) Heap before GC invocations=9 (full 9):
[2026-08-03T18:42:57.677+0900][1.043s][debug][gc,heap        ] GC(9)  garbage-first heap   total 131072K, used 17932K [0x000002895a000000, 0x000002c05a000000)
[2026-08-03T18:42:57.677+0900][1.043s][debug][gc,heap        ] GC(9)   region size 32768K, 1 young (32768K), 0 survivors (0K)
[2026-08-03T18:42:57.677+0900][1.043s][debug][gc,heap        ] GC(9)  Metaspace       used 9515K, committed 9792K, reserved 1114112K
[2026-08-03T18:42:57.677+0900][1.043s][debug][gc,heap        ] GC(9)   class space    used 895K, committed 1024K, reserved 1048576K
[2026-08-03T18:42:57.677+0900][1.043s][info ][gc,task        ] GC(9) Using 1 workers of 18 for full compaction
[2026-08-03T18:42:57.677+0900][1.043s][info ][gc,phases,start] GC(9) Phase 1: Mark live objects
[2026-08-03T18:42:57.690+0900][1.056s][info ][gc,phases      ] GC(9) Phase 1: Mark live objects 12.991ms
[2026-08-03T18:42:57.690+0900][1.056s][info ][gc,phases,start] GC(9) Phase 2: Prepare for compaction
[2026-08-03T18:42:57.692+0900][1.059s][info ][gc,phases      ] GC(9) Phase 2: Prepare for compaction 2.517ms
[2026-08-03T18:42:57.692+0900][1.059s][info ][gc,phases,start] GC(9) Phase 3: Adjust pointers
[2026-08-03T18:42:57.699+0900][1.066s][info ][gc,phases      ] GC(9) Phase 3: Adjust pointers 6.560ms
[2026-08-03T18:42:57.699+0900][1.066s][info ][gc,phases,start] GC(9) Phase 4: Compact heap
[2026-08-03T18:42:57.701+0900][1.068s][info ][gc,phases      ] GC(9) Phase 4: Compact heap 2.452ms
[2026-08-03T18:42:57.703+0900][1.070s][info ][gc,heap        ] GC(9) Eden regions: 1->0(1)
[2026-08-03T18:42:57.703+0900][1.070s][info ][gc,heap        ] GC(9) Survivor regions: 0->0(0)
[2026-08-03T18:42:57.703+0900][1.070s][info ][gc,heap        ] GC(9) Old regions: 1->1
[2026-08-03T18:42:57.703+0900][1.070s][info ][gc,heap        ] GC(9) Archive regions: 0->0
[2026-08-03T18:42:57.703+0900][1.070s][info ][gc,heap        ] GC(9) Humongous regions: 0->0
[2026-08-03T18:42:57.703+0900][1.070s][info ][gc,metaspace   ] GC(9) Metaspace: 9515K(9792K)->9515K(9792K) NonClass: 8619K(8768K)->8619K(8768K) Class: 895K(1024K)->895K(1024K)
[2026-08-03T18:42:57.703+0900][1.070s][debug][gc,heap        ] GC(9) Heap after GC invocations=10 (full 10):
[2026-08-03T18:42:57.703+0900][1.070s][debug][gc,heap        ] GC(9)  garbage-first heap   total 131072K, used 17941K [0x000002895a000000, 0x000002c05a000000)
[2026-08-03T18:42:57.703+0900][1.070s][debug][gc,heap        ] GC(9)   region size 32768K, 0 young (0K), 0 survivors (0K)
[2026-08-03T18:42:57.703+0900][1.070s][debug][gc,heap        ] GC(9)  Metaspace       used 9515K, committed 9792K, reserved 1114112K
[2026-08-03T18:42:57.703+0900][1.070s][debug][gc,heap        ] GC(9)   class space    used 895K, committed 1024K, reserved 1048576K
[2026-08-03T18:42:57.703+0900][1.070s][info ][gc             ] GC(9) Pause Full (System.gc()) 18M->17M(128M) 26.514ms
[2026-08-03T18:42:57.703+0900][1.070s][info ][gc,cpu         ] GC(9) User=0.02s Sys=0.00s Real=0.03s
[2026-08-03T18:42:57.703+0900][1.070s][info ][safepoint      ] Safepoint "G1CollectFull", Time since last: 2320800 ns, Reaching safepoint: 23900 ns, At safepoint: 26654100 ns, Total: 26678000 ns
[2026-08-03T18:42:57.705+0900][1.072s][info ][gc,start       ] GC(10) Pause Full (System.gc())
[2026-08-03T18:42:57.705+0900][1.072s][debug][gc,heap        ] GC(10) Heap before GC invocations=10 (full 10):
[2026-08-03T18:42:57.705+0900][1.072s][debug][gc,heap        ] GC(10)  garbage-first heap   total 131072K, used 17941K [0x000002895a000000, 0x000002c05a000000)
[2026-08-03T18:42:57.705+0900][1.072s][debug][gc,heap        ] GC(10)   region size 32768K, 1 young (32768K), 0 survivors (0K)
[2026-08-03T18:42:57.705+0900][1.072s][debug][gc,heap        ] GC(10)  Metaspace       used 9516K, committed 9792K, reserved 1114112K
[2026-08-03T18:42:57.705+0900][1.072s][debug][gc,heap        ] GC(10)   class space    used 895K, committed 1024K, reserved 1048576K
[2026-08-03T18:42:57.705+0900][1.072s][info ][gc,task        ] GC(10) Using 1 workers of 18 for full compaction
[2026-08-03T18:42:57.705+0900][1.072s][info ][gc,phases,start] GC(10) Phase 1: Mark live objects
[2026-08-03T18:42:57.720+0900][1.086s][info ][gc,phases      ] GC(10) Phase 1: Mark live objects 14.469ms
[2026-08-03T18:42:57.720+0900][1.086s][info ][gc,phases,start] GC(10) Phase 2: Prepare for compaction
[2026-08-03T18:42:57.723+0900][1.090s][info ][gc,phases      ] GC(10) Phase 2: Prepare for compaction 3.045ms
[2026-08-03T18:42:57.723+0900][1.090s][info ][gc,phases,start] GC(10) Phase 3: Adjust pointers
[2026-08-03T18:42:57.731+0900][1.097s][info ][gc,phases      ] GC(10) Phase 3: Adjust pointers 7.214ms
[2026-08-03T18:42:57.731+0900][1.097s][info ][gc,phases,start] GC(10) Phase 4: Compact heap
[2026-08-03T18:42:57.733+0900][1.099s][info ][gc,phases      ] GC(10) Phase 4: Compact heap 2.089ms
[2026-08-03T18:42:57.734+0900][1.100s][info ][gc,heap        ] GC(10) Eden regions: 1->0(1)
[2026-08-03T18:42:57.734+0900][1.101s][info ][gc,heap        ] GC(10) Survivor regions: 0->0(0)
[2026-08-03T18:42:57.734+0900][1.101s][info ][gc,heap        ] GC(10) Old regions: 1->1
[2026-08-03T18:42:57.734+0900][1.101s][info ][gc,heap        ] GC(10) Archive regions: 0->0
[2026-08-03T18:42:57.734+0900][1.101s][info ][gc,heap        ] GC(10) Humongous regions: 0->0
[2026-08-03T18:42:57.734+0900][1.101s][info ][gc,metaspace   ] GC(10) Metaspace: 9516K(9792K)->9516K(9792K) NonClass: 8620K(8768K)->8620K(8768K) Class: 895K(1024K)->895K(1024K)
[2026-08-03T18:42:57.734+0900][1.101s][debug][gc,heap        ] GC(10) Heap after GC invocations=11 (full 11):
[2026-08-03T18:42:57.734+0900][1.101s][debug][gc,heap        ] GC(10)  garbage-first heap   total 131072K, used 17949K [0x000002895a000000, 0x000002c05a000000)
[2026-08-03T18:42:57.734+0900][1.101s][debug][gc,heap        ] GC(10)   region size 32768K, 0 young (0K), 0 survivors (0K)
[2026-08-03T18:42:57.734+0900][1.101s][debug][gc,heap        ] GC(10)  Metaspace       used 9516K, committed 9792K, reserved 1114112K
[2026-08-03T18:42:57.734+0900][1.101s][debug][gc,heap        ] GC(10)   class space    used 895K, committed 1024K, reserved 1048576K
[2026-08-03T18:42:57.734+0900][1.101s][info ][gc             ] GC(10) Pause Full (System.gc()) 18M->17M(128M) 28.875ms
[2026-08-03T18:42:57.734+0900][1.101s][info ][gc,cpu         ] GC(10) User=0.02s Sys=0.00s Real=0.03s
[2026-08-03T18:42:57.734+0900][1.101s][info ][safepoint      ] Safepoint "G1CollectFull", Time since last: 1810200 ns, Reaching safepoint: 23600 ns, At safepoint: 28990800 ns, Total: 29014400 ns
[2026-08-03T18:42:57.736+0900][1.103s][info ][gc,start       ] GC(11) Pause Full (System.gc())
[2026-08-03T18:42:57.736+0900][1.103s][debug][gc,heap        ] GC(11) Heap before GC invocations=11 (full 11):
[2026-08-03T18:42:57.736+0900][1.103s][debug][gc,heap        ] GC(11)  garbage-first heap   total 131072K, used 17949K [0x000002895a000000, 0x000002c05a000000)
[2026-08-03T18:42:57.737+0900][1.103s][debug][gc,heap        ] GC(11)   region size 32768K, 1 young (32768K), 0 survivors (0K)
[2026-08-03T18:42:57.737+0900][1.103s][debug][gc,heap        ] GC(11)  Metaspace       used 9522K, committed 9792K, reserved 1114112K
[2026-08-03T18:42:57.737+0900][1.103s][debug][gc,heap        ] GC(11)   class space    used 895K, committed 1024K, reserved 1048576K
[2026-08-03T18:42:57.737+0900][1.103s][info ][gc,task        ] GC(11) Using 1 workers of 18 for full compaction
[2026-08-03T18:42:57.737+0900][1.103s][info ][gc,phases,start] GC(11) Phase 1: Mark live objects
[2026-08-03T18:42:57.750+0900][1.116s][info ][gc,phases      ] GC(11) Phase 1: Mark live objects 12.821ms
[2026-08-03T18:42:57.750+0900][1.116s][info ][gc,phases,start] GC(11) Phase 2: Prepare for compaction
[2026-08-03T18:42:57.753+0900][1.119s][info ][gc,phases      ] GC(11) Phase 2: Prepare for compaction 2.970ms
[2026-08-03T18:42:57.753+0900][1.119s][info ][gc,phases,start] GC(11) Phase 3: Adjust pointers
[2026-08-03T18:42:57.758+0900][1.124s][info ][gc,phases      ] GC(11) Phase 3: Adjust pointers 5.541ms
[2026-08-03T18:42:57.758+0900][1.124s][info ][gc,phases,start] GC(11) Phase 4: Compact heap
[2026-08-03T18:42:57.760+0900][1.127s][info ][gc,phases      ] GC(11) Phase 4: Compact heap 2.372ms
[2026-08-03T18:42:57.762+0900][1.128s][info ][gc,heap        ] GC(11) Eden regions: 1->0(1)
[2026-08-03T18:42:57.762+0900][1.128s][info ][gc,heap        ] GC(11) Survivor regions: 0->0(0)
[2026-08-03T18:42:57.762+0900][1.128s][info ][gc,heap        ] GC(11) Old regions: 1->1
[2026-08-03T18:42:57.762+0900][1.128s][info ][gc,heap        ] GC(11) Archive regions: 0->0
[2026-08-03T18:42:57.762+0900][1.128s][info ][gc,heap        ] GC(11) Humongous regions: 0->0
[2026-08-03T18:42:57.762+0900][1.128s][info ][gc,metaspace   ] GC(11) Metaspace: 9522K(9792K)->9522K(9792K) NonClass: 8627K(8768K)->8627K(8768K) Class: 895K(1024K)->895K(1024K)
[2026-08-03T18:42:57.762+0900][1.128s][debug][gc,heap        ] GC(11) Heap after GC invocations=12 (full 12):
[2026-08-03T18:42:57.762+0900][1.128s][debug][gc,heap        ] GC(11)  garbage-first heap   total 131072K, used 17958K [0x000002895a000000, 0x000002c05a000000)
[2026-08-03T18:42:57.762+0900][1.128s][debug][gc,heap        ] GC(11)   region size 32768K, 0 young (0K), 0 survivors (0K)
[2026-08-03T18:42:57.762+0900][1.128s][debug][gc,heap        ] GC(11)  Metaspace       used 9522K, committed 9792K, reserved 1114112K
[2026-08-03T18:42:57.762+0900][1.128s][debug][gc,heap        ] GC(11)   class space    used 895K, committed 1024K, reserved 1048576K
[2026-08-03T18:42:57.762+0900][1.128s][info ][gc             ] GC(11) Pause Full (System.gc()) 18M->17M(128M) 25.696ms
[2026-08-03T18:42:57.762+0900][1.128s][info ][gc,cpu         ] GC(11) User=0.00s Sys=0.02s Real=0.03s
[2026-08-03T18:42:57.762+0900][1.128s][info ][safepoint      ] Safepoint "G1CollectFull", Time since last: 1937600 ns, Reaching safepoint: 19300 ns, At safepoint: 25803700 ns, Total: 25823000 ns
[2026-08-03T18:42:57.764+0900][1.130s][info ][gc,start       ] GC(12) Pause Full (System.gc())
[2026-08-03T18:42:57.764+0900][1.130s][debug][gc,heap        ] GC(12) Heap before GC invocations=12 (full 12):
[2026-08-03T18:42:57.764+0900][1.130s][debug][gc,heap        ] GC(12)  garbage-first heap   total 131072K, used 17958K [0x000002895a000000, 0x000002c05a000000)
[2026-08-03T18:42:57.764+0900][1.130s][debug][gc,heap        ] GC(12)   region size 32768K, 1 young (32768K), 0 survivors (0K)
[2026-08-03T18:42:57.764+0900][1.130s][debug][gc,heap        ] GC(12)  Metaspace       used 9526K, committed 9792K, reserved 1114112K
[2026-08-03T18:42:57.764+0900][1.130s][debug][gc,heap        ] GC(12)   class space    used 895K, committed 1024K, reserved 1048576K
[2026-08-03T18:42:57.764+0900][1.130s][info ][gc,task        ] GC(12) Using 1 workers of 18 for full compaction
[2026-08-03T18:42:57.764+0900][1.131s][info ][gc,phases,start] GC(12) Phase 1: Mark live objects
[2026-08-03T18:42:57.777+0900][1.144s][info ][gc,phases      ] GC(12) Phase 1: Mark live objects 13.198ms
[2026-08-03T18:42:57.777+0900][1.144s][info ][gc,phases,start] GC(12) Phase 2: Prepare for compaction
[2026-08-03T18:42:57.780+0900][1.146s][info ][gc,phases      ] GC(12) Phase 2: Prepare for compaction 2.652ms
[2026-08-03T18:42:57.780+0900][1.147s][info ][gc,phases,start] GC(12) Phase 3: Adjust pointers
[2026-08-03T18:42:57.787+0900][1.153s][info ][gc,phases      ] GC(12) Phase 3: Adjust pointers 6.293ms
[2026-08-03T18:42:57.787+0900][1.153s][info ][gc,phases,start] GC(12) Phase 4: Compact heap
[2026-08-03T18:42:57.789+0900][1.155s][info ][gc,phases      ] GC(12) Phase 4: Compact heap 1.998ms
[2026-08-03T18:42:57.790+0900][1.156s][info ][gc,heap        ] GC(12) Eden regions: 1->0(1)
[2026-08-03T18:42:57.790+0900][1.156s][info ][gc,heap        ] GC(12) Survivor regions: 0->0(0)
[2026-08-03T18:42:57.790+0900][1.156s][info ][gc,heap        ] GC(12) Old regions: 1->1
[2026-08-03T18:42:57.790+0900][1.156s][info ][gc,heap        ] GC(12) Archive regions: 0->0
[2026-08-03T18:42:57.790+0900][1.156s][info ][gc,heap        ] GC(12) Humongous regions: 0->0
[2026-08-03T18:42:57.790+0900][1.156s][info ][gc,metaspace   ] GC(12) Metaspace: 9526K(9792K)->9526K(9792K) NonClass: 8630K(8768K)->8630K(8768K) Class: 895K(1024K)->895K(1024K)
[2026-08-03T18:42:57.790+0900][1.156s][debug][gc,heap        ] GC(12) Heap after GC invocations=13 (full 13):
[2026-08-03T18:42:57.790+0900][1.156s][debug][gc,heap        ] GC(12)  garbage-first heap   total 131072K, used 17972K [0x000002895a000000, 0x000002c05a000000)
[2026-08-03T18:42:57.790+0900][1.156s][debug][gc,heap        ] GC(12)   region size 32768K, 0 young (0K), 0 survivors (0K)
[2026-08-03T18:42:57.790+0900][1.157s][debug][gc,heap        ] GC(12)  Metaspace       used 9526K, committed 9792K, reserved 1114112K
[2026-08-03T18:42:57.790+0900][1.157s][debug][gc,heap        ] GC(12)   class space    used 895K, committed 1024K, reserved 1048576K
[2026-08-03T18:42:57.790+0900][1.157s][info ][gc             ] GC(12) Pause Full (System.gc()) 18M->17M(128M) 26.135ms
[2026-08-03T18:42:57.790+0900][1.157s][info ][gc,cpu         ] GC(12) User=0.03s Sys=0.00s Real=0.03s
[2026-08-03T18:42:57.790+0900][1.157s][info ][safepoint      ] Safepoint "G1CollectFull", Time since last: 1876300 ns, Reaching safepoint: 44300 ns, At safepoint: 26215900 ns, Total: 26260200 ns
[2026-08-03T18:42:57.793+0900][1.159s][info ][gc,start       ] GC(13) Pause Full (System.gc())
[2026-08-03T18:42:57.793+0900][1.159s][debug][gc,heap        ] GC(13) Heap before GC invocations=13 (full 13):
[2026-08-03T18:42:57.793+0900][1.159s][debug][gc,heap        ] GC(13)  garbage-first heap   total 131072K, used 17972K [0x000002895a000000, 0x000002c05a000000)
[2026-08-03T18:42:57.793+0900][1.159s][debug][gc,heap        ] GC(13)   region size 32768K, 1 young (32768K), 0 survivors (0K)
[2026-08-03T18:42:57.793+0900][1.159s][debug][gc,heap        ] GC(13)  Metaspace       used 9532K, committed 9792K, reserved 1114112K
[2026-08-03T18:42:57.793+0900][1.159s][debug][gc,heap        ] GC(13)   class space    used 895K, committed 1024K, reserved 1048576K
[2026-08-03T18:42:57.793+0900][1.159s][info ][gc,task        ] GC(13) Using 1 workers of 18 for full compaction
[2026-08-03T18:42:57.793+0900][1.159s][info ][gc,phases,start] GC(13) Phase 1: Mark live objects
[2026-08-03T18:42:57.805+0900][1.172s][info ][gc,phases      ] GC(13) Phase 1: Mark live objects 13.061ms
[2026-08-03T18:42:57.805+0900][1.172s][info ][gc,phases,start] GC(13) Phase 2: Prepare for compaction
[2026-08-03T18:42:57.808+0900][1.175s][info ][gc,phases      ] GC(13) Phase 2: Prepare for compaction 2.485ms
[2026-08-03T18:42:57.808+0900][1.175s][info ][gc,phases,start] GC(13) Phase 3: Adjust pointers
[2026-08-03T18:42:57.813+0900][1.180s][info ][gc,phases      ] GC(13) Phase 3: Adjust pointers 5.487ms
[2026-08-03T18:42:57.813+0900][1.180s][info ][gc,phases,start] GC(13) Phase 4: Compact heap
[2026-08-03T18:42:57.816+0900][1.183s][info ][gc,phases      ] GC(13) Phase 4: Compact heap 2.393ms
[2026-08-03T18:42:57.817+0900][1.184s][info ][gc,heap        ] GC(13) Eden regions: 1->0(1)
[2026-08-03T18:42:57.817+0900][1.184s][info ][gc,heap        ] GC(13) Survivor regions: 0->0(0)
[2026-08-03T18:42:57.817+0900][1.184s][info ][gc,heap        ] GC(13) Old regions: 1->1
[2026-08-03T18:42:57.817+0900][1.184s][info ][gc,heap        ] GC(13) Archive regions: 0->0
[2026-08-03T18:42:57.817+0900][1.184s][info ][gc,heap        ] GC(13) Humongous regions: 0->0
[2026-08-03T18:42:57.817+0900][1.184s][info ][gc,metaspace   ] GC(13) Metaspace: 9532K(9792K)->9532K(9792K) NonClass: 8636K(8768K)->8636K(8768K) Class: 895K(1024K)->895K(1024K)
[2026-08-03T18:42:57.817+0900][1.184s][debug][gc,heap        ] GC(13) Heap after GC invocations=14 (full 14):
[2026-08-03T18:42:57.817+0900][1.184s][debug][gc,heap        ] GC(13)  garbage-first heap   total 131072K, used 17984K [0x000002895a000000, 0x000002c05a000000)
[2026-08-03T18:42:57.817+0900][1.184s][debug][gc,heap        ] GC(13)   region size 32768K, 0 young (0K), 0 survivors (0K)
[2026-08-03T18:42:57.817+0900][1.184s][debug][gc,heap        ] GC(13)  Metaspace       used 9532K, committed 9792K, reserved 1114112K
[2026-08-03T18:42:57.817+0900][1.184s][debug][gc,heap        ] GC(13)   class space    used 895K, committed 1024K, reserved 1048576K
[2026-08-03T18:42:57.817+0900][1.184s][info ][gc             ] GC(13) Pause Full (System.gc()) 18M->17M(128M) 25.353ms
[2026-08-03T18:42:57.817+0900][1.184s][info ][gc,cpu         ] GC(13) User=0.03s Sys=0.00s Real=0.02s
[2026-08-03T18:42:57.817+0900][1.184s][info ][safepoint      ] Safepoint "G1CollectFull", Time since last: 2280500 ns, Reaching safepoint: 18000 ns, At safepoint: 25465500 ns, Total: 25483500 ns
[2026-08-03T18:42:57.820+0900][1.187s][info ][gc,start       ] GC(14) Pause Full (System.gc())
[2026-08-03T18:42:57.820+0900][1.187s][debug][gc,heap        ] GC(14) Heap before GC invocations=14 (full 14):
[2026-08-03T18:42:57.820+0900][1.187s][debug][gc,heap        ] GC(14)  garbage-first heap   total 131072K, used 17984K [0x000002895a000000, 0x000002c05a000000)
[2026-08-03T18:42:57.820+0900][1.187s][debug][gc,heap        ] GC(14)   region size 32768K, 1 young (32768K), 0 survivors (0K)
[2026-08-03T18:42:57.820+0900][1.187s][debug][gc,heap        ] GC(14)  Metaspace       used 9536K, committed 9792K, reserved 1114112K
[2026-08-03T18:42:57.820+0900][1.187s][debug][gc,heap        ] GC(14)   class space    used 895K, committed 1024K, reserved 1048576K
[2026-08-03T18:42:57.820+0900][1.187s][info ][gc,task        ] GC(14) Using 1 workers of 18 for full compaction
[2026-08-03T18:42:57.820+0900][1.187s][info ][gc,phases,start] GC(14) Phase 1: Mark live objects
[2026-08-03T18:42:57.832+0900][1.199s][info ][gc,phases      ] GC(14) Phase 1: Mark live objects 12.480ms
[2026-08-03T18:42:57.832+0900][1.199s][info ][gc,phases,start] GC(14) Phase 2: Prepare for compaction
[2026-08-03T18:42:57.835+0900][1.202s][info ][gc,phases      ] GC(14) Phase 2: Prepare for compaction 2.420ms
[2026-08-03T18:42:57.835+0900][1.202s][info ][gc,phases,start] GC(14) Phase 3: Adjust pointers
[2026-08-03T18:42:57.840+0900][1.208s][info ][gc,phases      ] GC(14) Phase 3: Adjust pointers 5.813ms
[2026-08-03T18:42:57.841+0900][1.208s][info ][gc,phases,start] GC(14) Phase 4: Compact heap
[2026-08-03T18:42:57.843+0900][1.210s][info ][gc,phases      ] GC(14) Phase 4: Compact heap 2.081ms
[2026-08-03T18:42:57.844+0900][1.211s][info ][gc,heap        ] GC(14) Eden regions: 1->0(1)
[2026-08-03T18:42:57.844+0900][1.211s][info ][gc,heap        ] GC(14) Survivor regions: 0->0(0)
[2026-08-03T18:42:57.844+0900][1.211s][info ][gc,heap        ] GC(14) Old regions: 1->1
[2026-08-03T18:42:57.844+0900][1.211s][info ][gc,heap        ] GC(14) Archive regions: 0->0
[2026-08-03T18:42:57.844+0900][1.211s][info ][gc,heap        ] GC(14) Humongous regions: 0->0
[2026-08-03T18:42:57.844+0900][1.211s][info ][gc,metaspace   ] GC(14) Metaspace: 9536K(9792K)->9536K(9792K) NonClass: 8640K(8768K)->8640K(8768K) Class: 895K(1024K)->895K(1024K)
[2026-08-03T18:42:57.844+0900][1.212s][debug][gc,heap        ] GC(14) Heap after GC invocations=15 (full 15):
[2026-08-03T18:42:57.844+0900][1.212s][debug][gc,heap        ] GC(14)  garbage-first heap   total 131072K, used 17996K [0x000002895a000000, 0x000002c05a000000)
[2026-08-03T18:42:57.844+0900][1.212s][debug][gc,heap        ] GC(14)   region size 32768K, 0 young (0K), 0 survivors (0K)
[2026-08-03T18:42:57.844+0900][1.212s][debug][gc,heap        ] GC(14)  Metaspace       used 9536K, committed 9792K, reserved 1114112K
[2026-08-03T18:42:57.844+0900][1.212s][debug][gc,heap        ] GC(14)   class space    used 895K, committed 1024K, reserved 1048576K
[2026-08-03T18:42:57.844+0900][1.212s][info ][gc             ] GC(14) Pause Full (System.gc()) 18M->17M(128M) 24.958ms
[2026-08-03T18:42:57.844+0900][1.212s][info ][gc,cpu         ] GC(14) User=0.03s Sys=0.00s Real=0.02s
[2026-08-03T18:42:57.845+0900][1.212s][info ][safepoint      ] Safepoint "G1CollectFull", Time since last: 2209800 ns, Reaching safepoint: 22000 ns, At safepoint: 25086000 ns, Total: 25108000 ns
[2026-08-03T18:42:57.847+0900][1.214s][info ][gc,start       ] GC(15) Pause Full (System.gc())
[2026-08-03T18:42:57.847+0900][1.214s][debug][gc,heap        ] GC(15) Heap before GC invocations=15 (full 15):
[2026-08-03T18:42:57.847+0900][1.214s][debug][gc,heap        ] GC(15)  garbage-first heap   total 131072K, used 17996K [0x000002895a000000, 0x000002c05a000000)
[2026-08-03T18:42:57.847+0900][1.214s][debug][gc,heap        ] GC(15)   region size 32768K, 1 young (32768K), 0 survivors (0K)
[2026-08-03T18:42:57.847+0900][1.214s][debug][gc,heap        ] GC(15)  Metaspace       used 9548K, committed 9792K, reserved 1114112K
[2026-08-03T18:42:57.847+0900][1.214s][debug][gc,heap        ] GC(15)   class space    used 895K, committed 1024K, reserved 1048576K
[2026-08-03T18:42:57.847+0900][1.214s][info ][gc,task        ] GC(15) Using 1 workers of 18 for full compaction
[2026-08-03T18:42:57.847+0900][1.214s][info ][gc,phases,start] GC(15) Phase 1: Mark live objects
[2026-08-03T18:42:57.861+0900][1.228s][info ][gc,phases      ] GC(15) Phase 1: Mark live objects 13.472ms
[2026-08-03T18:42:57.861+0900][1.228s][info ][gc,phases,start] GC(15) Phase 2: Prepare for compaction
[2026-08-03T18:42:57.865+0900][1.231s][info ][gc,phases      ] GC(15) Phase 2: Prepare for compaction 3.125ms
[2026-08-03T18:42:57.865+0900][1.231s][info ][gc,phases,start] GC(15) Phase 3: Adjust pointers
[2026-08-03T18:42:57.871+0900][1.238s][info ][gc,phases      ] GC(15) Phase 3: Adjust pointers 6.457ms
[2026-08-03T18:42:57.871+0900][1.238s][info ][gc,phases,start] GC(15) Phase 4: Compact heap
[2026-08-03T18:42:57.874+0900][1.240s][info ][gc,phases      ] GC(15) Phase 4: Compact heap 2.454ms
[2026-08-03T18:42:57.875+0900][1.242s][info ][gc,heap        ] GC(15) Eden regions: 1->0(1)
[2026-08-03T18:42:57.875+0900][1.242s][info ][gc,heap        ] GC(15) Survivor regions: 0->0(0)
[2026-08-03T18:42:57.875+0900][1.242s][info ][gc,heap        ] GC(15) Old regions: 1->1
[2026-08-03T18:42:57.875+0900][1.242s][info ][gc,heap        ] GC(15) Archive regions: 0->0
[2026-08-03T18:42:57.875+0900][1.242s][info ][gc,heap        ] GC(15) Humongous regions: 0->0
[2026-08-03T18:42:57.875+0900][1.242s][info ][gc,metaspace   ] GC(15) Metaspace: 9548K(9792K)->9548K(9792K) NonClass: 8652K(8768K)->8652K(8768K) Class: 895K(1024K)->895K(1024K)
[2026-08-03T18:42:57.875+0900][1.242s][debug][gc,heap        ] GC(15) Heap after GC invocations=16 (full 16):
[2026-08-03T18:42:57.875+0900][1.242s][debug][gc,heap        ] GC(15)  garbage-first heap   total 131072K, used 18008K [0x000002895a000000, 0x000002c05a000000)
[2026-08-03T18:42:57.875+0900][1.242s][debug][gc,heap        ] GC(15)   region size 32768K, 0 young (0K), 0 survivors (0K)
[2026-08-03T18:42:57.875+0900][1.242s][debug][gc,heap        ] GC(15)  Metaspace       used 9548K, committed 9792K, reserved 1114112K
[2026-08-03T18:42:57.875+0900][1.242s][debug][gc,heap        ] GC(15)   class space    used 895K, committed 1024K, reserved 1048576K
[2026-08-03T18:42:57.875+0900][1.242s][info ][gc             ] GC(15) Pause Full (System.gc()) 18M->17M(128M) 27.569ms
[2026-08-03T18:42:57.875+0900][1.242s][info ][gc,cpu         ] GC(15) User=0.02s Sys=0.00s Real=0.03s
[2026-08-03T18:42:57.875+0900][1.242s][info ][safepoint      ] Safepoint "G1CollectFull", Time since last: 2477100 ns, Reaching safepoint: 23600 ns, At safepoint: 27685200 ns, Total: 27708800 ns
[2026-08-03T18:42:57.878+0900][1.244s][info ][gc,start       ] GC(16) Pause Full (System.gc())
[2026-08-03T18:42:57.878+0900][1.244s][debug][gc,heap        ] GC(16) Heap before GC invocations=16 (full 16):
[2026-08-03T18:42:57.878+0900][1.244s][debug][gc,heap        ] GC(16)  garbage-first heap   total 131072K, used 18008K [0x000002895a000000, 0x000002c05a000000)
[2026-08-03T18:42:57.878+0900][1.244s][debug][gc,heap        ] GC(16)   region size 32768K, 1 young (32768K), 0 survivors (0K)
[2026-08-03T18:42:57.878+0900][1.244s][debug][gc,heap        ] GC(16)  Metaspace       used 9552K, committed 9792K, reserved 1114112K
[2026-08-03T18:42:57.878+0900][1.244s][debug][gc,heap        ] GC(16)   class space    used 895K, committed 1024K, reserved 1048576K
[2026-08-03T18:42:57.878+0900][1.244s][info ][gc,task        ] GC(16) Using 1 workers of 18 for full compaction
[2026-08-03T18:42:57.878+0900][1.244s][info ][gc,phases,start] GC(16) Phase 1: Mark live objects
[2026-08-03T18:42:57.894+0900][1.260s][info ][gc,phases      ] GC(16) Phase 1: Mark live objects 15.242ms
[2026-08-03T18:42:57.894+0900][1.260s][info ][gc,phases,start] GC(16) Phase 2: Prepare for compaction
[2026-08-03T18:42:57.897+0900][1.263s][info ][gc,phases      ] GC(16) Phase 2: Prepare for compaction 3.089ms
[2026-08-03T18:42:57.897+0900][1.263s][info ][gc,phases,start] GC(16) Phase 3: Adjust pointers
[2026-08-03T18:42:57.902+0900][1.269s][info ][gc,phases      ] GC(16) Phase 3: Adjust pointers 6.021ms
[2026-08-03T18:42:57.902+0900][1.269s][info ][gc,phases,start] GC(16) Phase 4: Compact heap
[2026-08-03T18:42:57.905+0900][1.271s][info ][gc,phases      ] GC(16) Phase 4: Compact heap 2.211ms
[2026-08-03T18:42:57.906+0900][1.273s][info ][gc,heap        ] GC(16) Eden regions: 1->0(1)
[2026-08-03T18:42:57.906+0900][1.273s][info ][gc,heap        ] GC(16) Survivor regions: 0->0(0)
[2026-08-03T18:42:57.906+0900][1.273s][info ][gc,heap        ] GC(16) Old regions: 1->1
[2026-08-03T18:42:57.906+0900][1.273s][info ][gc,heap        ] GC(16) Archive regions: 0->0
[2026-08-03T18:42:57.906+0900][1.273s][info ][gc,heap        ] GC(16) Humongous regions: 0->0
[2026-08-03T18:42:57.906+0900][1.273s][info ][gc,metaspace   ] GC(16) Metaspace: 9552K(9792K)->9552K(9792K) NonClass: 8656K(8768K)->8656K(8768K) Class: 895K(1024K)->895K(1024K)
[2026-08-03T18:42:57.906+0900][1.273s][debug][gc,heap        ] GC(16) Heap after GC invocations=17 (full 17):
[2026-08-03T18:42:57.906+0900][1.273s][debug][gc,heap        ] GC(16)  garbage-first heap   total 131072K, used 18020K [0x000002895a000000, 0x000002c05a000000)
[2026-08-03T18:42:57.907+0900][1.273s][debug][gc,heap        ] GC(16)   region size 32768K, 0 young (0K), 0 survivors (0K)
[2026-08-03T18:42:57.907+0900][1.273s][debug][gc,heap        ] GC(16)  Metaspace       used 9552K, committed 9792K, reserved 1114112K
[2026-08-03T18:42:57.907+0900][1.273s][debug][gc,heap        ] GC(16)   class space    used 895K, committed 1024K, reserved 1048576K
[2026-08-03T18:42:57.907+0900][1.273s][info ][gc             ] GC(16) Pause Full (System.gc()) 18M->17M(128M) 28.745ms
[2026-08-03T18:42:57.907+0900][1.273s][info ][gc,cpu         ] GC(16) User=0.02s Sys=0.02s Real=0.03s
[2026-08-03T18:42:57.907+0900][1.273s][info ][safepoint      ] Safepoint "G1CollectFull", Time since last: 2324700 ns, Reaching safepoint: 32400 ns, At safepoint: 28862200 ns, Total: 28894600 ns
[2026-08-03T18:42:57.910+0900][1.276s][info ][gc,start       ] GC(17) Pause Full (System.gc())
[2026-08-03T18:42:57.910+0900][1.276s][debug][gc,heap        ] GC(17) Heap before GC invocations=17 (full 17):
[2026-08-03T18:42:57.910+0900][1.276s][debug][gc,heap        ] GC(17)  garbage-first heap   total 131072K, used 18020K [0x000002895a000000, 0x000002c05a000000)
[2026-08-03T18:42:57.910+0900][1.276s][debug][gc,heap        ] GC(17)   region size 32768K, 1 young (32768K), 0 survivors (0K)
[2026-08-03T18:42:57.910+0900][1.276s][debug][gc,heap        ] GC(17)  Metaspace       used 9576K, committed 9856K, reserved 1114112K
[2026-08-03T18:42:57.910+0900][1.276s][debug][gc,heap        ] GC(17)   class space    used 896K, committed 1024K, reserved 1048576K
[2026-08-03T18:42:57.910+0900][1.276s][info ][gc,task        ] GC(17) Using 1 workers of 18 for full compaction
[2026-08-03T18:42:57.910+0900][1.276s][info ][gc,phases,start] GC(17) Phase 1: Mark live objects
[2026-08-03T18:42:57.926+0900][1.292s][info ][gc,phases      ] GC(17) Phase 1: Mark live objects 16.048ms
[2026-08-03T18:42:57.926+0900][1.292s][info ][gc,phases,start] GC(17) Phase 2: Prepare for compaction
[2026-08-03T18:42:57.929+0900][1.295s][info ][gc,phases      ] GC(17) Phase 2: Prepare for compaction 2.634ms
[2026-08-03T18:42:57.929+0900][1.295s][info ][gc,phases,start] GC(17) Phase 3: Adjust pointers
[2026-08-03T18:42:57.934+0900][1.301s][info ][gc,phases      ] GC(17) Phase 3: Adjust pointers 5.803ms
[2026-08-03T18:42:57.934+0900][1.301s][info ][gc,phases,start] GC(17) Phase 4: Compact heap
[2026-08-03T18:42:57.936+0900][1.303s][info ][gc,phases      ] GC(17) Phase 4: Compact heap 2.076ms
[2026-08-03T18:42:57.938+0900][1.304s][info ][gc,heap        ] GC(17) Eden regions: 1->0(1)
[2026-08-03T18:42:57.938+0900][1.304s][info ][gc,heap        ] GC(17) Survivor regions: 0->0(0)
[2026-08-03T18:42:57.938+0900][1.304s][info ][gc,heap        ] GC(17) Old regions: 1->1
[2026-08-03T18:42:57.938+0900][1.304s][info ][gc,heap        ] GC(17) Archive regions: 0->0
[2026-08-03T18:42:57.938+0900][1.304s][info ][gc,heap        ] GC(17) Humongous regions: 0->0
[2026-08-03T18:42:57.938+0900][1.304s][info ][gc,metaspace   ] GC(17) Metaspace: 9576K(9856K)->9576K(9856K) NonClass: 8680K(8832K)->8680K(8832K) Class: 896K(1024K)->896K(1024K)
[2026-08-03T18:42:57.938+0900][1.304s][debug][gc,heap        ] GC(17) Heap after GC invocations=18 (full 18):
[2026-08-03T18:42:57.938+0900][1.304s][debug][gc,heap        ] GC(17)  garbage-first heap   total 131072K, used 18033K [0x000002895a000000, 0x000002c05a000000)
[2026-08-03T18:42:57.938+0900][1.304s][debug][gc,heap        ] GC(17)   region size 32768K, 0 young (0K), 0 survivors (0K)
[2026-08-03T18:42:57.938+0900][1.304s][debug][gc,heap        ] GC(17)  Metaspace       used 9576K, committed 9856K, reserved 1114112K
[2026-08-03T18:42:57.938+0900][1.304s][debug][gc,heap        ] GC(17)   class space    used 896K, committed 1024K, reserved 1048576K
[2026-08-03T18:42:57.938+0900][1.304s][info ][gc             ] GC(17) Pause Full (System.gc()) 18M->17M(128M) 28.546ms
[2026-08-03T18:42:57.938+0900][1.305s][info ][gc,cpu         ] GC(17) User=0.03s Sys=0.00s Real=0.03s
[2026-08-03T18:42:57.938+0900][1.305s][info ][safepoint      ] Safepoint "G1CollectFull", Time since last: 2821200 ns, Reaching safepoint: 23300 ns, At safepoint: 28663000 ns, Total: 28686300 ns
[2026-08-03T18:42:57.941+0900][1.307s][info ][gc,start       ] GC(18) Pause Full (System.gc())
[2026-08-03T18:42:57.941+0900][1.307s][debug][gc,heap        ] GC(18) Heap before GC invocations=18 (full 18):
[2026-08-03T18:42:57.941+0900][1.307s][debug][gc,heap        ] GC(18)  garbage-first heap   total 131072K, used 18033K [0x000002895a000000, 0x000002c05a000000)
[2026-08-03T18:42:57.941+0900][1.307s][debug][gc,heap        ] GC(18)   region size 32768K, 1 young (32768K), 0 survivors (0K)
[2026-08-03T18:42:57.941+0900][1.307s][debug][gc,heap        ] GC(18)  Metaspace       used 9578K, committed 9856K, reserved 1114112K
[2026-08-03T18:42:57.941+0900][1.307s][debug][gc,heap        ] GC(18)   class space    used 896K, committed 1024K, reserved 1048576K
[2026-08-03T18:42:57.941+0900][1.307s][info ][gc,task        ] GC(18) Using 1 workers of 18 for full compaction
[2026-08-03T18:42:57.941+0900][1.307s][info ][gc,phases,start] GC(18) Phase 1: Mark live objects
[2026-08-03T18:42:57.954+0900][1.321s][info ][gc,phases      ] GC(18) Phase 1: Mark live objects 13.609ms
[2026-08-03T18:42:57.954+0900][1.321s][info ][gc,phases,start] GC(18) Phase 2: Prepare for compaction
[2026-08-03T18:42:57.958+0900][1.324s][info ][gc,phases      ] GC(18) Phase 2: Prepare for compaction 3.241ms
[2026-08-03T18:42:57.958+0900][1.324s][info ][gc,phases,start] GC(18) Phase 3: Adjust pointers
[2026-08-03T18:42:57.963+0900][1.330s][info ][gc,phases      ] GC(18) Phase 3: Adjust pointers 5.907ms
[2026-08-03T18:42:57.963+0900][1.330s][info ][gc,phases,start] GC(18) Phase 4: Compact heap
[2026-08-03T18:42:57.966+0900][1.332s][info ][gc,phases      ] GC(18) Phase 4: Compact heap 2.122ms
[2026-08-03T18:42:57.967+0900][1.334s][info ][gc,heap        ] GC(18) Eden regions: 1->0(1)
[2026-08-03T18:42:57.967+0900][1.334s][info ][gc,heap        ] GC(18) Survivor regions: 0->0(0)
[2026-08-03T18:42:57.967+0900][1.334s][info ][gc,heap        ] GC(18) Old regions: 1->1
[2026-08-03T18:42:57.967+0900][1.334s][info ][gc,heap        ] GC(18) Archive regions: 0->0
[2026-08-03T18:42:57.967+0900][1.334s][info ][gc,heap        ] GC(18) Humongous regions: 0->0
[2026-08-03T18:42:57.967+0900][1.334s][info ][gc,metaspace   ] GC(18) Metaspace: 9578K(9856K)->9578K(9856K) NonClass: 8681K(8832K)->8681K(8832K) Class: 896K(1024K)->896K(1024K)
[2026-08-03T18:42:57.967+0900][1.334s][debug][gc,heap        ] GC(18) Heap after GC invocations=19 (full 19):
[2026-08-03T18:42:57.967+0900][1.334s][debug][gc,heap        ] GC(18)  garbage-first heap   total 131072K, used 18045K [0x000002895a000000, 0x000002c05a000000)
[2026-08-03T18:42:57.967+0900][1.334s][debug][gc,heap        ] GC(18)   region size 32768K, 0 young (0K), 0 survivors (0K)
[2026-08-03T18:42:57.967+0900][1.334s][debug][gc,heap        ] GC(18)  Metaspace       used 9578K, committed 9856K, reserved 1114112K
[2026-08-03T18:42:57.967+0900][1.334s][debug][gc,heap        ] GC(18)   class space    used 896K, committed 1024K, reserved 1048576K
[2026-08-03T18:42:57.967+0900][1.334s][info ][gc             ] GC(18) Pause Full (System.gc()) 18M->17M(128M) 27.035ms
[2026-08-03T18:42:57.967+0900][1.334s][info ][gc,cpu         ] GC(18) User=0.02s Sys=0.00s Real=0.03s
[2026-08-03T18:42:57.967+0900][1.334s][info ][safepoint      ] Safepoint "G1CollectFull", Time since last: 2332600 ns, Reaching safepoint: 25600 ns, At safepoint: 27087700 ns, Total: 27113300 ns
[2026-08-03T18:42:57.969+0900][1.336s][info ][gc,start       ] GC(19) Pause Full (System.gc())
[2026-08-03T18:42:57.969+0900][1.336s][debug][gc,heap        ] GC(19) Heap before GC invocations=19 (full 19):
[2026-08-03T18:42:57.970+0900][1.336s][debug][gc,heap        ] GC(19)  garbage-first heap   total 131072K, used 18045K [0x000002895a000000, 0x000002c05a000000)
[2026-08-03T18:42:57.970+0900][1.336s][debug][gc,heap        ] GC(19)   region size 32768K, 1 young (32768K), 0 survivors (0K)
[2026-08-03T18:42:57.970+0900][1.336s][debug][gc,heap        ] GC(19)  Metaspace       used 9584K, committed 9856K, reserved 1114112K
[2026-08-03T18:42:57.970+0900][1.336s][debug][gc,heap        ] GC(19)   class space    used 896K, committed 1024K, reserved 1048576K
[2026-08-03T18:42:57.970+0900][1.336s][info ][gc,task        ] GC(19) Using 1 workers of 18 for full compaction
[2026-08-03T18:42:57.970+0900][1.336s][info ][gc,phases,start] GC(19) Phase 1: Mark live objects
[2026-08-03T18:42:57.986+0900][1.353s][info ][gc,phases      ] GC(19) Phase 1: Mark live objects 16.204ms
[2026-08-03T18:42:57.986+0900][1.353s][info ][gc,phases,start] GC(19) Phase 2: Prepare for compaction
[2026-08-03T18:42:57.989+0900][1.356s][info ][gc,phases      ] GC(19) Phase 2: Prepare for compaction 3.003ms
[2026-08-03T18:42:57.989+0900][1.356s][info ][gc,phases,start] GC(19) Phase 3: Adjust pointers
[2026-08-03T18:42:57.995+0900][1.362s][info ][gc,phases      ] GC(19) Phase 3: Adjust pointers 6.319ms
[2026-08-03T18:42:57.995+0900][1.362s][info ][gc,phases,start] GC(19) Phase 4: Compact heap
[2026-08-03T18:42:57.998+0900][1.365s][info ][gc,phases      ] GC(19) Phase 4: Compact heap 2.617ms
[2026-08-03T18:42:58.000+0900][1.366s][info ][gc,heap        ] GC(19) Eden regions: 1->0(1)
[2026-08-03T18:42:58.000+0900][1.366s][info ][gc,heap        ] GC(19) Survivor regions: 0->0(0)
[2026-08-03T18:42:58.000+0900][1.366s][info ][gc,heap        ] GC(19) Old regions: 1->1
[2026-08-03T18:42:58.000+0900][1.366s][info ][gc,heap        ] GC(19) Archive regions: 0->0
[2026-08-03T18:42:58.000+0900][1.366s][info ][gc,heap        ] GC(19) Humongous regions: 0->0
[2026-08-03T18:42:58.000+0900][1.366s][info ][gc,metaspace   ] GC(19) Metaspace: 9584K(9856K)->9584K(9856K) NonClass: 8688K(8832K)->8688K(8832K) Class: 896K(1024K)->896K(1024K)
[2026-08-03T18:42:58.000+0900][1.366s][debug][gc,heap        ] GC(19) Heap after GC invocations=20 (full 20):
[2026-08-03T18:42:58.000+0900][1.366s][debug][gc,heap        ] GC(19)  garbage-first heap   total 131072K, used 18057K [0x000002895a000000, 0x000002c05a000000)
[2026-08-03T18:42:58.000+0900][1.366s][debug][gc,heap        ] GC(19)   region size 32768K, 0 young (0K), 0 survivors (0K)
[2026-08-03T18:42:58.000+0900][1.366s][debug][gc,heap        ] GC(19)  Metaspace       used 9584K, committed 9856K, reserved 1114112K
[2026-08-03T18:42:58.000+0900][1.366s][debug][gc,heap        ] GC(19)   class space    used 896K, committed 1024K, reserved 1048576K
[2026-08-03T18:42:58.000+0900][1.366s][info ][gc             ] GC(19) Pause Full (System.gc()) 18M->17M(128M) 30.265ms
[2026-08-03T18:42:58.000+0900][1.366s][info ][gc,cpu         ] GC(19) User=0.02s Sys=0.05s Real=0.03s
[2026-08-03T18:42:58.000+0900][1.366s][info ][safepoint      ] Safepoint "G1CollectFull", Time since last: 2062600 ns, Reaching safepoint: 19400 ns, At safepoint: 30348200 ns, Total: 30367600 ns
[2026-08-03T18:42:58.002+0900][1.369s][info ][gc,start       ] GC(20) Pause Full (System.gc())
[2026-08-03T18:42:58.002+0900][1.369s][debug][gc,heap        ] GC(20) Heap before GC invocations=20 (full 20):
[2026-08-03T18:42:58.002+0900][1.369s][debug][gc,heap        ] GC(20)  garbage-first heap   total 131072K, used 18057K [0x000002895a000000, 0x000002c05a000000)
[2026-08-03T18:42:58.002+0900][1.369s][debug][gc,heap        ] GC(20)   region size 32768K, 1 young (32768K), 0 survivors (0K)
[2026-08-03T18:42:58.002+0900][1.369s][debug][gc,heap        ] GC(20)  Metaspace       used 9589K, committed 9856K, reserved 1114112K
[2026-08-03T18:42:58.002+0900][1.369s][debug][gc,heap        ] GC(20)   class space    used 896K, committed 1024K, reserved 1048576K
[2026-08-03T18:42:58.002+0900][1.369s][info ][gc,task        ] GC(20) Using 1 workers of 18 for full compaction
[2026-08-03T18:42:58.002+0900][1.369s][info ][gc,phases,start] GC(20) Phase 1: Mark live objects
[2026-08-03T18:42:58.017+0900][1.383s][info ][gc,phases      ] GC(20) Phase 1: Mark live objects 14.611ms
[2026-08-03T18:42:58.017+0900][1.384s][info ][gc,phases,start] GC(20) Phase 2: Prepare for compaction
[2026-08-03T18:42:58.020+0900][1.386s][info ][gc,phases      ] GC(20) Phase 2: Prepare for compaction 2.749ms
[2026-08-03T18:42:58.020+0900][1.386s][info ][gc,phases,start] GC(20) Phase 3: Adjust pointers
[2026-08-03T18:42:58.026+0900][1.392s][info ][gc,phases      ] GC(20) Phase 3: Adjust pointers 6.178ms
[2026-08-03T18:42:58.026+0900][1.393s][info ][gc,phases,start] GC(20) Phase 4: Compact heap
[2026-08-03T18:42:58.028+0900][1.395s][info ][gc,phases      ] GC(20) Phase 4: Compact heap 2.267ms
[2026-08-03T18:42:58.030+0900][1.397s][info ][gc,heap        ] GC(20) Eden regions: 1->0(1)
[2026-08-03T18:42:58.030+0900][1.397s][info ][gc,heap        ] GC(20) Survivor regions: 0->0(0)
[2026-08-03T18:42:58.030+0900][1.397s][info ][gc,heap        ] GC(20) Old regions: 1->1
[2026-08-03T18:42:58.030+0900][1.397s][info ][gc,heap        ] GC(20) Archive regions: 0->0
[2026-08-03T18:42:58.030+0900][1.397s][info ][gc,heap        ] GC(20) Humongous regions: 0->0
[2026-08-03T18:42:58.030+0900][1.397s][info ][gc,metaspace   ] GC(20) Metaspace: 9589K(9856K)->9589K(9856K) NonClass: 8693K(8832K)->8693K(8832K) Class: 896K(1024K)->896K(1024K)
[2026-08-03T18:42:58.030+0900][1.397s][debug][gc,heap        ] GC(20) Heap after GC invocations=21 (full 21):
[2026-08-03T18:42:58.030+0900][1.397s][debug][gc,heap        ] GC(20)  garbage-first heap   total 131072K, used 18069K [0x000002895a000000, 0x000002c05a000000)
[2026-08-03T18:42:58.030+0900][1.397s][debug][gc,heap        ] GC(20)   region size 32768K, 0 young (0K), 0 survivors (0K)
[2026-08-03T18:42:58.030+0900][1.397s][debug][gc,heap        ] GC(20)  Metaspace       used 9589K, committed 9856K, reserved 1114112K
[2026-08-03T18:42:58.030+0900][1.397s][debug][gc,heap        ] GC(20)   class space    used 896K, committed 1024K, reserved 1048576K
[2026-08-03T18:42:58.030+0900][1.397s][info ][gc             ] GC(20) Pause Full (System.gc()) 18M->17M(128M) 28.039ms
[2026-08-03T18:42:58.030+0900][1.397s][info ][gc,cpu         ] GC(20) User=0.02s Sys=0.02s Real=0.03s
[2026-08-03T18:42:58.030+0900][1.397s][info ][safepoint      ] Safepoint "G1CollectFull", Time since last: 2175100 ns, Reaching safepoint: 32200 ns, At safepoint: 28091900 ns, Total: 28124100 ns
[2026-08-03T18:42:58.033+0900][1.399s][info ][gc,start       ] GC(21) Pause Full (System.gc())
[2026-08-03T18:42:58.033+0900][1.399s][debug][gc,heap        ] GC(21) Heap before GC invocations=21 (full 21):
[2026-08-03T18:42:58.033+0900][1.399s][debug][gc,heap        ] GC(21)  garbage-first heap   total 131072K, used 18069K [0x000002895a000000, 0x000002c05a000000)
[2026-08-03T18:42:58.033+0900][1.399s][debug][gc,heap        ] GC(21)   region size 32768K, 1 young (32768K), 0 survivors (0K)
[2026-08-03T18:42:58.033+0900][1.399s][debug][gc,heap        ] GC(21)  Metaspace       used 9592K, committed 9856K, reserved 1114112K
[2026-08-03T18:42:58.033+0900][1.399s][debug][gc,heap        ] GC(21)   class space    used 896K, committed 1024K, reserved 1048576K
[2026-08-03T18:42:58.033+0900][1.399s][info ][gc,task        ] GC(21) Using 1 workers of 18 for full compaction
[2026-08-03T18:42:58.033+0900][1.399s][info ][gc,phases,start] GC(21) Phase 1: Mark live objects
[2026-08-03T18:42:58.049+0900][1.415s][info ][gc,phases      ] GC(21) Phase 1: Mark live objects 15.856ms
[2026-08-03T18:42:58.049+0900][1.415s][info ][gc,phases,start] GC(21) Phase 2: Prepare for compaction
[2026-08-03T18:42:58.051+0900][1.418s][info ][gc,phases      ] GC(21) Phase 2: Prepare for compaction 2.656ms
[2026-08-03T18:42:58.051+0900][1.418s][info ][gc,phases,start] GC(21) Phase 3: Adjust pointers
[2026-08-03T18:42:58.059+0900][1.425s][info ][gc,phases      ] GC(21) Phase 3: Adjust pointers 7.284ms
[2026-08-03T18:42:58.059+0900][1.425s][info ][gc,phases,start] GC(21) Phase 4: Compact heap
[2026-08-03T18:42:58.061+0900][1.428s][info ][gc,phases      ] GC(21) Phase 4: Compact heap 2.213ms
[2026-08-03T18:42:58.063+0900][1.429s][info ][gc,heap        ] GC(21) Eden regions: 1->0(1)
[2026-08-03T18:42:58.063+0900][1.429s][info ][gc,heap        ] GC(21) Survivor regions: 0->0(0)
[2026-08-03T18:42:58.063+0900][1.429s][info ][gc,heap        ] GC(21) Old regions: 1->1
[2026-08-03T18:42:58.063+0900][1.429s][info ][gc,heap        ] GC(21) Archive regions: 0->0
[2026-08-03T18:42:58.063+0900][1.429s][info ][gc,heap        ] GC(21) Humongous regions: 0->0
[2026-08-03T18:42:58.063+0900][1.429s][info ][gc,metaspace   ] GC(21) Metaspace: 9592K(9856K)->9592K(9856K) NonClass: 8696K(8832K)->8696K(8832K) Class: 896K(1024K)->896K(1024K)
[2026-08-03T18:42:58.063+0900][1.429s][debug][gc,heap        ] GC(21) Heap after GC invocations=22 (full 22):
[2026-08-03T18:42:58.063+0900][1.429s][debug][gc,heap        ] GC(21)  garbage-first heap   total 131072K, used 18081K [0x000002895a000000, 0x000002c05a000000)
[2026-08-03T18:42:58.063+0900][1.429s][debug][gc,heap        ] GC(21)   region size 32768K, 0 young (0K), 0 survivors (0K)
[2026-08-03T18:42:58.063+0900][1.429s][debug][gc,heap        ] GC(21)  Metaspace       used 9592K, committed 9856K, reserved 1114112K
[2026-08-03T18:42:58.063+0900][1.429s][debug][gc,heap        ] GC(21)   class space    used 896K, committed 1024K, reserved 1048576K
[2026-08-03T18:42:58.063+0900][1.429s][info ][gc             ] GC(21) Pause Full (System.gc()) 18M->17M(128M) 30.098ms
[2026-08-03T18:42:58.063+0900][1.429s][info ][gc,cpu         ] GC(21) User=0.03s Sys=0.03s Real=0.03s
[2026-08-03T18:42:58.063+0900][1.429s][info ][safepoint      ] Safepoint "G1CollectFull", Time since last: 2464100 ns, Reaching safepoint: 28000 ns, At safepoint: 30188800 ns, Total: 30216800 ns
[2026-08-03T18:42:58.065+0900][1.432s][info ][gc,start       ] GC(22) Pause Full (System.gc())
[2026-08-03T18:42:58.065+0900][1.432s][debug][gc,heap        ] GC(22) Heap before GC invocations=22 (full 22):
[2026-08-03T18:42:58.065+0900][1.432s][debug][gc,heap        ] GC(22)  garbage-first heap   total 131072K, used 18081K [0x000002895a000000, 0x000002c05a000000)
[2026-08-03T18:42:58.065+0900][1.432s][debug][gc,heap        ] GC(22)   region size 32768K, 1 young (32768K), 0 survivors (0K)
[2026-08-03T18:42:58.065+0900][1.432s][debug][gc,heap        ] GC(22)  Metaspace       used 9600K, committed 9920K, reserved 1114112K
[2026-08-03T18:42:58.065+0900][1.432s][debug][gc,heap        ] GC(22)   class space    used 896K, committed 1024K, reserved 1048576K
[2026-08-03T18:42:58.065+0900][1.432s][info ][gc,task        ] GC(22) Using 1 workers of 18 for full compaction
[2026-08-03T18:42:58.065+0900][1.432s][info ][gc,phases,start] GC(22) Phase 1: Mark live objects
[2026-08-03T18:42:58.079+0900][1.446s][info ][gc,phases      ] GC(22) Phase 1: Mark live objects 14.035ms
[2026-08-03T18:42:58.079+0900][1.446s][info ][gc,phases,start] GC(22) Phase 2: Prepare for compaction
[2026-08-03T18:42:58.082+0900][1.449s][info ][gc,phases      ] GC(22) Phase 2: Prepare for compaction 2.793ms
[2026-08-03T18:42:58.082+0900][1.449s][info ][gc,phases,start] GC(22) Phase 3: Adjust pointers
[2026-08-03T18:42:58.089+0900][1.455s][info ][gc,phases      ] GC(22) Phase 3: Adjust pointers 6.480ms
[2026-08-03T18:42:58.089+0900][1.455s][info ][gc,phases,start] GC(22) Phase 4: Compact heap
[2026-08-03T18:42:58.091+0900][1.458s][info ][gc,phases      ] GC(22) Phase 4: Compact heap 2.263ms
[2026-08-03T18:42:58.093+0900][1.459s][info ][gc,heap        ] GC(22) Eden regions: 1->0(1)
[2026-08-03T18:42:58.093+0900][1.459s][info ][gc,heap        ] GC(22) Survivor regions: 0->0(0)
[2026-08-03T18:42:58.093+0900][1.459s][info ][gc,heap        ] GC(22) Old regions: 1->1
[2026-08-03T18:42:58.093+0900][1.459s][info ][gc,heap        ] GC(22) Archive regions: 0->0
[2026-08-03T18:42:58.093+0900][1.459s][info ][gc,heap        ] GC(22) Humongous regions: 0->0
[2026-08-03T18:42:58.093+0900][1.459s][info ][gc,metaspace   ] GC(22) Metaspace: 9600K(9920K)->9600K(9920K) NonClass: 8704K(8896K)->8704K(8896K) Class: 896K(1024K)->896K(1024K)
[2026-08-03T18:42:58.093+0900][1.459s][debug][gc,heap        ] GC(22) Heap after GC invocations=23 (full 23):
[2026-08-03T18:42:58.093+0900][1.459s][debug][gc,heap        ] GC(22)  garbage-first heap   total 131072K, used 18094K [0x000002895a000000, 0x000002c05a000000)
[2026-08-03T18:42:58.093+0900][1.459s][debug][gc,heap        ] GC(22)   region size 32768K, 0 young (0K), 0 survivors (0K)
[2026-08-03T18:42:58.093+0900][1.459s][debug][gc,heap        ] GC(22)  Metaspace       used 9600K, committed 9920K, reserved 1114112K
[2026-08-03T18:42:58.093+0900][1.459s][debug][gc,heap        ] GC(22)   class space    used 896K, committed 1024K, reserved 1048576K
[2026-08-03T18:42:58.093+0900][1.459s][info ][gc             ] GC(22) Pause Full (System.gc()) 18M->17M(128M) 27.684ms
[2026-08-03T18:42:58.093+0900][1.459s][info ][gc,cpu         ] GC(22) User=0.02s Sys=0.02s Real=0.03s
[2026-08-03T18:42:58.093+0900][1.460s][info ][safepoint      ] Safepoint "G1CollectFull", Time since last: 2247200 ns, Reaching safepoint: 27800 ns, At safepoint: 27770000 ns, Total: 27797800 ns
[2026-08-03T18:42:58.095+0900][1.462s][info ][gc,start       ] GC(23) Pause Full (System.gc())
[2026-08-03T18:42:58.096+0900][1.462s][debug][gc,heap        ] GC(23) Heap before GC invocations=23 (full 23):
[2026-08-03T18:42:58.096+0900][1.462s][debug][gc,heap        ] GC(23)  garbage-first heap   total 131072K, used 18094K [0x000002895a000000, 0x000002c05a000000)
[2026-08-03T18:42:58.096+0900][1.462s][debug][gc,heap        ] GC(23)   region size 32768K, 1 young (32768K), 0 survivors (0K)
[2026-08-03T18:42:58.096+0900][1.462s][debug][gc,heap        ] GC(23)  Metaspace       used 9607K, committed 9920K, reserved 1114112K
[2026-08-03T18:42:58.096+0900][1.462s][debug][gc,heap        ] GC(23)   class space    used 896K, committed 1024K, reserved 1048576K
[2026-08-03T18:42:58.096+0900][1.462s][info ][gc,task        ] GC(23) Using 1 workers of 18 for full compaction
[2026-08-03T18:42:58.096+0900][1.462s][info ][gc,phases,start] GC(23) Phase 1: Mark live objects
[2026-08-03T18:42:58.112+0900][1.478s][info ][gc,phases      ] GC(23) Phase 1: Mark live objects 16.101ms
[2026-08-03T18:42:58.112+0900][1.478s][info ][gc,phases,start] GC(23) Phase 2: Prepare for compaction
[2026-08-03T18:42:58.115+0900][1.481s][info ][gc,phases      ] GC(23) Phase 2: Prepare for compaction 2.691ms
[2026-08-03T18:42:58.115+0900][1.481s][info ][gc,phases,start] GC(23) Phase 3: Adjust pointers
[2026-08-03T18:42:58.122+0900][1.488s][info ][gc,phases      ] GC(23) Phase 3: Adjust pointers 7.225ms
[2026-08-03T18:42:58.122+0900][1.488s][info ][gc,phases,start] GC(23) Phase 4: Compact heap
[2026-08-03T18:42:58.124+0900][1.491s][info ][gc,phases      ] GC(23) Phase 4: Compact heap 2.271ms
[2026-08-03T18:42:58.126+0900][1.493s][info ][gc,heap        ] GC(23) Eden regions: 1->0(1)
[2026-08-03T18:42:58.126+0900][1.493s][info ][gc,heap        ] GC(23) Survivor regions: 0->0(0)
[2026-08-03T18:42:58.126+0900][1.493s][info ][gc,heap        ] GC(23) Old regions: 1->1
[2026-08-03T18:42:58.126+0900][1.493s][info ][gc,heap        ] GC(23) Archive regions: 0->0
[2026-08-03T18:42:58.126+0900][1.493s][info ][gc,heap        ] GC(23) Humongous regions: 0->0
[2026-08-03T18:42:58.126+0900][1.493s][info ][gc,metaspace   ] GC(23) Metaspace: 9607K(9920K)->9607K(9920K) NonClass: 8710K(8896K)->8710K(8896K) Class: 896K(1024K)->896K(1024K)
[2026-08-03T18:42:58.126+0900][1.493s][debug][gc,heap        ] GC(23) Heap after GC invocations=24 (full 24):
[2026-08-03T18:42:58.126+0900][1.493s][debug][gc,heap        ] GC(23)  garbage-first heap   total 131072K, used 18106K [0x000002895a000000, 0x000002c05a000000)
[2026-08-03T18:42:58.126+0900][1.493s][debug][gc,heap        ] GC(23)   region size 32768K, 0 young (0K), 0 survivors (0K)
[2026-08-03T18:42:58.126+0900][1.493s][debug][gc,heap        ] GC(23)  Metaspace       used 9607K, committed 9920K, reserved 1114112K
[2026-08-03T18:42:58.126+0900][1.493s][debug][gc,heap        ] GC(23)   class space    used 896K, committed 1024K, reserved 1048576K
[2026-08-03T18:42:58.126+0900][1.493s][info ][gc             ] GC(23) Pause Full (System.gc()) 18M->17M(128M) 30.699ms
[2026-08-03T18:42:58.126+0900][1.493s][info ][gc,cpu         ] GC(23) User=0.03s Sys=0.03s Real=0.03s
[2026-08-03T18:42:58.126+0900][1.493s][info ][safepoint      ] Safepoint "G1CollectFull", Time since last: 2607300 ns, Reaching safepoint: 37300 ns, At safepoint: 30809800 ns, Total: 30847100 ns
[2026-08-03T18:42:58.128+0900][1.495s][info ][gc,start       ] GC(24) Pause Full (System.gc())
[2026-08-03T18:42:58.128+0900][1.495s][debug][gc,heap        ] GC(24) Heap before GC invocations=24 (full 24):
[2026-08-03T18:42:58.128+0900][1.495s][debug][gc,heap        ] GC(24)  garbage-first heap   total 131072K, used 18106K [0x000002895a000000, 0x000002c05a000000)
[2026-08-03T18:42:58.128+0900][1.495s][debug][gc,heap        ] GC(24)   region size 32768K, 1 young (32768K), 0 survivors (0K)
[2026-08-03T18:42:58.128+0900][1.495s][debug][gc,heap        ] GC(24)  Metaspace       used 9607K, committed 9920K, reserved 1114112K
[2026-08-03T18:42:58.128+0900][1.495s][debug][gc,heap        ] GC(24)   class space    used 896K, committed 1024K, reserved 1048576K
[2026-08-03T18:42:58.128+0900][1.495s][info ][gc,task        ] GC(24) Using 1 workers of 18 for full compaction
[2026-08-03T18:42:58.128+0900][1.495s][info ][gc,phases,start] GC(24) Phase 1: Mark live objects
[2026-08-03T18:42:58.143+0900][1.509s][info ][gc,phases      ] GC(24) Phase 1: Mark live objects 14.096ms
[2026-08-03T18:42:58.143+0900][1.509s][info ][gc,phases,start] GC(24) Phase 2: Prepare for compaction
[2026-08-03T18:42:58.146+0900][1.513s][info ][gc,phases      ] GC(24) Phase 2: Prepare for compaction 3.327ms
[2026-08-03T18:42:58.146+0900][1.513s][info ][gc,phases,start] GC(24) Phase 3: Adjust pointers
[2026-08-03T18:42:58.153+0900][1.519s][info ][gc,phases      ] GC(24) Phase 3: Adjust pointers 6.811ms
[2026-08-03T18:42:58.153+0900][1.520s][info ][gc,phases,start] GC(24) Phase 4: Compact heap
[2026-08-03T18:42:58.155+0900][1.522s][info ][gc,phases      ] GC(24) Phase 4: Compact heap 2.431ms
[2026-08-03T18:42:58.157+0900][1.524s][info ][gc,heap        ] GC(24) Eden regions: 1->0(1)
[2026-08-03T18:42:58.157+0900][1.524s][info ][gc,heap        ] GC(24) Survivor regions: 0->0(0)
[2026-08-03T18:42:58.157+0900][1.524s][info ][gc,heap        ] GC(24) Old regions: 1->1
[2026-08-03T18:42:58.157+0900][1.524s][info ][gc,heap        ] GC(24) Archive regions: 0->0
[2026-08-03T18:42:58.157+0900][1.524s][info ][gc,heap        ] GC(24) Humongous regions: 0->0
[2026-08-03T18:42:58.157+0900][1.524s][info ][gc,metaspace   ] GC(24) Metaspace: 9607K(9920K)->9607K(9920K) NonClass: 8710K(8896K)->8710K(8896K) Class: 896K(1024K)->896K(1024K)
[2026-08-03T18:42:58.157+0900][1.524s][debug][gc,heap        ] GC(24) Heap after GC invocations=25 (full 25):
[2026-08-03T18:42:58.157+0900][1.524s][debug][gc,heap        ] GC(24)  garbage-first heap   total 131072K, used 18118K [0x000002895a000000, 0x000002c05a000000)
[2026-08-03T18:42:58.157+0900][1.524s][debug][gc,heap        ] GC(24)   region size 32768K, 0 young (0K), 0 survivors (0K)
[2026-08-03T18:42:58.157+0900][1.524s][debug][gc,heap        ] GC(24)  Metaspace       used 9607K, committed 9920K, reserved 1114112K
[2026-08-03T18:42:58.157+0900][1.524s][debug][gc,heap        ] GC(24)   class space    used 896K, committed 1024K, reserved 1048576K
[2026-08-03T18:42:58.157+0900][1.524s][info ][gc             ] GC(24) Pause Full (System.gc()) 18M->17M(128M) 28.911ms
[2026-08-03T18:42:58.157+0900][1.524s][info ][gc,cpu         ] GC(24) User=0.03s Sys=0.03s Real=0.03s
[2026-08-03T18:42:58.157+0900][1.524s][info ][safepoint      ] Safepoint "G1CollectFull", Time since last: 1983200 ns, Reaching safepoint: 27100 ns, At safepoint: 28960200 ns, Total: 28987300 ns
[2026-08-03T18:42:58.160+0900][1.526s][info ][gc,start       ] GC(25) Pause Full (System.gc())
[2026-08-03T18:42:58.160+0900][1.526s][debug][gc,heap        ] GC(25) Heap before GC invocations=25 (full 25):
[2026-08-03T18:42:58.160+0900][1.526s][debug][gc,heap        ] GC(25)  garbage-first heap   total 131072K, used 18118K [0x000002895a000000, 0x000002c05a000000)
[2026-08-03T18:42:58.160+0900][1.526s][debug][gc,heap        ] GC(25)   region size 32768K, 1 young (32768K), 0 survivors (0K)
[2026-08-03T18:42:58.160+0900][1.526s][debug][gc,heap        ] GC(25)  Metaspace       used 9609K, committed 9920K, reserved 1114112K
[2026-08-03T18:42:58.160+0900][1.526s][debug][gc,heap        ] GC(25)   class space    used 896K, committed 1024K, reserved 1048576K
[2026-08-03T18:42:58.160+0900][1.526s][info ][gc,task        ] GC(25) Using 1 workers of 18 for full compaction
[2026-08-03T18:42:58.160+0900][1.526s][info ][gc,phases,start] GC(25) Phase 1: Mark live objects
[2026-08-03T18:42:58.175+0900][1.542s][info ][gc,phases      ] GC(25) Phase 1: Mark live objects 15.513ms
[2026-08-03T18:42:58.175+0900][1.542s][info ][gc,phases,start] GC(25) Phase 2: Prepare for compaction
[2026-08-03T18:42:58.178+0900][1.545s][info ][gc,phases      ] GC(25) Phase 2: Prepare for compaction 2.831ms
[2026-08-03T18:42:58.178+0900][1.545s][info ][gc,phases,start] GC(25) Phase 3: Adjust pointers
[2026-08-03T18:42:58.185+0900][1.552s][info ][gc,phases      ] GC(25) Phase 3: Adjust pointers 6.840ms
[2026-08-03T18:42:58.185+0900][1.552s][info ][gc,phases,start] GC(25) Phase 4: Compact heap
[2026-08-03T18:42:58.188+0900][1.555s][info ][gc,phases      ] GC(25) Phase 4: Compact heap 2.731ms
[2026-08-03T18:42:58.190+0900][1.556s][info ][gc,heap        ] GC(25) Eden regions: 1->0(1)
[2026-08-03T18:42:58.190+0900][1.556s][info ][gc,heap        ] GC(25) Survivor regions: 0->0(0)
[2026-08-03T18:42:58.190+0900][1.556s][info ][gc,heap        ] GC(25) Old regions: 1->1
[2026-08-03T18:42:58.190+0900][1.556s][info ][gc,heap        ] GC(25) Archive regions: 0->0
[2026-08-03T18:42:58.190+0900][1.556s][info ][gc,heap        ] GC(25) Humongous regions: 0->0
[2026-08-03T18:42:58.190+0900][1.556s][info ][gc,metaspace   ] GC(25) Metaspace: 9609K(9920K)->9609K(9920K) NonClass: 8712K(8896K)->8712K(8896K) Class: 896K(1024K)->896K(1024K)
[2026-08-03T18:42:58.190+0900][1.556s][debug][gc,heap        ] GC(25) Heap after GC invocations=26 (full 26):
[2026-08-03T18:42:58.190+0900][1.556s][debug][gc,heap        ] GC(25)  garbage-first heap   total 131072K, used 18130K [0x000002895a000000, 0x000002c05a000000)
[2026-08-03T18:42:58.190+0900][1.556s][debug][gc,heap        ] GC(25)   region size 32768K, 0 young (0K), 0 survivors (0K)
[2026-08-03T18:42:58.190+0900][1.556s][debug][gc,heap        ] GC(25)  Metaspace       used 9609K, committed 9920K, reserved 1114112K
[2026-08-03T18:42:58.190+0900][1.556s][debug][gc,heap        ] GC(25)   class space    used 896K, committed 1024K, reserved 1048576K
[2026-08-03T18:42:58.190+0900][1.556s][info ][gc             ] GC(25) Pause Full (System.gc()) 18M->17M(128M) 30.081ms
[2026-08-03T18:42:58.190+0900][1.556s][info ][gc,cpu         ] GC(25) User=0.05s Sys=0.02s Real=0.03s
[2026-08-03T18:42:58.190+0900][1.556s][info ][safepoint      ] Safepoint "G1CollectFull", Time since last: 2322900 ns, Reaching safepoint: 21100 ns, At safepoint: 30190300 ns, Total: 30211400 ns
[2026-08-03T18:42:58.192+0900][1.559s][info ][gc,start       ] GC(26) Pause Full (System.gc())
[2026-08-03T18:42:58.192+0900][1.559s][debug][gc,heap        ] GC(26) Heap before GC invocations=26 (full 26):
[2026-08-03T18:42:58.192+0900][1.559s][debug][gc,heap        ] GC(26)  garbage-first heap   total 131072K, used 18130K [0x000002895a000000, 0x000002c05a000000)
[2026-08-03T18:42:58.192+0900][1.559s][debug][gc,heap        ] GC(26)   region size 32768K, 1 young (32768K), 0 survivors (0K)
[2026-08-03T18:42:58.192+0900][1.559s][debug][gc,heap        ] GC(26)  Metaspace       used 9611K, committed 9920K, reserved 1114112K
[2026-08-03T18:42:58.192+0900][1.559s][debug][gc,heap        ] GC(26)   class space    used 896K, committed 1024K, reserved 1048576K
[2026-08-03T18:42:58.192+0900][1.559s][info ][gc,task        ] GC(26) Using 1 workers of 18 for full compaction
[2026-08-03T18:42:58.192+0900][1.559s][info ][gc,phases,start] GC(26) Phase 1: Mark live objects
[2026-08-03T18:42:58.207+0900][1.573s][info ][gc,phases      ] GC(26) Phase 1: Mark live objects 14.322ms
[2026-08-03T18:42:58.207+0900][1.573s][info ][gc,phases,start] GC(26) Phase 2: Prepare for compaction
[2026-08-03T18:42:58.210+0900][1.577s][info ][gc,phases      ] GC(26) Phase 2: Prepare for compaction 3.276ms
[2026-08-03T18:42:58.210+0900][1.577s][info ][gc,phases,start] GC(26) Phase 3: Adjust pointers
[2026-08-03T18:42:58.216+0900][1.583s][info ][gc,phases      ] GC(26) Phase 3: Adjust pointers 6.378ms
[2026-08-03T18:42:58.216+0900][1.583s][info ][gc,phases,start] GC(26) Phase 4: Compact heap
[2026-08-03T18:42:58.219+0900][1.585s][info ][gc,phases      ] GC(26) Phase 4: Compact heap 2.301ms
[2026-08-03T18:42:58.220+0900][1.587s][info ][gc,heap        ] GC(26) Eden regions: 1->0(1)
[2026-08-03T18:42:58.220+0900][1.587s][info ][gc,heap        ] GC(26) Survivor regions: 0->0(0)
[2026-08-03T18:42:58.220+0900][1.587s][info ][gc,heap        ] GC(26) Old regions: 1->1
[2026-08-03T18:42:58.220+0900][1.587s][info ][gc,heap        ] GC(26) Archive regions: 0->0
[2026-08-03T18:42:58.220+0900][1.587s][info ][gc,heap        ] GC(26) Humongous regions: 0->0
[2026-08-03T18:42:58.220+0900][1.587s][info ][gc,metaspace   ] GC(26) Metaspace: 9611K(9920K)->9611K(9920K) NonClass: 8714K(8896K)->8714K(8896K) Class: 896K(1024K)->896K(1024K)
[2026-08-03T18:42:58.220+0900][1.587s][debug][gc,heap        ] GC(26) Heap after GC invocations=27 (full 27):
[2026-08-03T18:42:58.220+0900][1.587s][debug][gc,heap        ] GC(26)  garbage-first heap   total 131072K, used 18142K [0x000002895a000000, 0x000002c05a000000)
[2026-08-03T18:42:58.220+0900][1.587s][debug][gc,heap        ] GC(26)   region size 32768K, 0 young (0K), 0 survivors (0K)
[2026-08-03T18:42:58.220+0900][1.587s][debug][gc,heap        ] GC(26)  Metaspace       used 9611K, committed 9920K, reserved 1114112K
[2026-08-03T18:42:58.220+0900][1.587s][debug][gc,heap        ] GC(26)   class space    used 896K, committed 1024K, reserved 1048576K
[2026-08-03T18:42:58.220+0900][1.587s][info ][gc             ] GC(26) Pause Full (System.gc()) 18M->17M(128M) 28.483ms
[2026-08-03T18:42:58.220+0900][1.587s][info ][gc,cpu         ] GC(26) User=0.05s Sys=0.02s Real=0.03s
[2026-08-03T18:42:58.221+0900][1.587s][info ][safepoint      ] Safepoint "G1CollectFull", Time since last: 2180900 ns, Reaching safepoint: 26000 ns, At safepoint: 28593800 ns, Total: 28619800 ns
[2026-08-03T18:42:58.223+0900][1.589s][info ][gc,start       ] GC(27) Pause Full (System.gc())
[2026-08-03T18:42:58.223+0900][1.589s][debug][gc,heap        ] GC(27) Heap before GC invocations=27 (full 27):
[2026-08-03T18:42:58.223+0900][1.589s][debug][gc,heap        ] GC(27)  garbage-first heap   total 131072K, used 18142K [0x000002895a000000, 0x000002c05a000000)
[2026-08-03T18:42:58.223+0900][1.589s][debug][gc,heap        ] GC(27)   region size 32768K, 1 young (32768K), 0 survivors (0K)
[2026-08-03T18:42:58.223+0900][1.589s][debug][gc,heap        ] GC(27)  Metaspace       used 9621K, committed 9920K, reserved 1114112K
[2026-08-03T18:42:58.223+0900][1.589s][debug][gc,heap        ] GC(27)   class space    used 898K, committed 1024K, reserved 1048576K
[2026-08-03T18:42:58.223+0900][1.589s][info ][gc,task        ] GC(27) Using 1 workers of 18 for full compaction
[2026-08-03T18:42:58.223+0900][1.590s][info ][gc,phases,start] GC(27) Phase 1: Mark live objects
[2026-08-03T18:42:58.239+0900][1.605s][info ][gc,phases      ] GC(27) Phase 1: Mark live objects 15.687ms
[2026-08-03T18:42:58.239+0900][1.605s][info ][gc,phases,start] GC(27) Phase 2: Prepare for compaction
[2026-08-03T18:42:58.241+0900][1.608s][info ][gc,phases      ] GC(27) Phase 2: Prepare for compaction 2.802ms
[2026-08-03T18:42:58.241+0900][1.608s][info ][gc,phases,start] GC(27) Phase 3: Adjust pointers
[2026-08-03T18:42:58.248+0900][1.615s][info ][gc,phases      ] GC(27) Phase 3: Adjust pointers 6.519ms
[2026-08-03T18:42:58.248+0900][1.615s][info ][gc,phases,start] GC(27) Phase 4: Compact heap
[2026-08-03T18:42:58.251+0900][1.617s][info ][gc,phases      ] GC(27) Phase 4: Compact heap 2.713ms
[2026-08-03T18:42:58.253+0900][1.619s][info ][gc,heap        ] GC(27) Eden regions: 1->0(1)
[2026-08-03T18:42:58.253+0900][1.619s][info ][gc,heap        ] GC(27) Survivor regions: 0->0(0)
[2026-08-03T18:42:58.253+0900][1.619s][info ][gc,heap        ] GC(27) Old regions: 1->1
[2026-08-03T18:42:58.253+0900][1.619s][info ][gc,heap        ] GC(27) Archive regions: 0->0
[2026-08-03T18:42:58.253+0900][1.619s][info ][gc,heap        ] GC(27) Humongous regions: 0->0
[2026-08-03T18:42:58.253+0900][1.619s][info ][gc,metaspace   ] GC(27) Metaspace: 9621K(9920K)->9621K(9920K) NonClass: 8723K(8896K)->8723K(8896K) Class: 898K(1024K)->898K(1024K)
[2026-08-03T18:42:58.253+0900][1.619s][debug][gc,heap        ] GC(27) Heap after GC invocations=28 (full 28):
[2026-08-03T18:42:58.253+0900][1.619s][debug][gc,heap        ] GC(27)  garbage-first heap   total 131072K, used 18155K [0x000002895a000000, 0x000002c05a000000)
[2026-08-03T18:42:58.253+0900][1.619s][debug][gc,heap        ] GC(27)   region size 32768K, 0 young (0K), 0 survivors (0K)
[2026-08-03T18:42:58.253+0900][1.619s][debug][gc,heap        ] GC(27)  Metaspace       used 9621K, committed 9920K, reserved 1114112K
[2026-08-03T18:42:58.253+0900][1.619s][debug][gc,heap        ] GC(27)   class space    used 898K, committed 1024K, reserved 1048576K
[2026-08-03T18:42:58.253+0900][1.619s][info ][gc             ] GC(27) Pause Full (System.gc()) 18M->17M(128M) 29.964ms
[2026-08-03T18:42:58.253+0900][1.619s][info ][gc,cpu         ] GC(27) User=0.05s Sys=0.02s Real=0.03s
[2026-08-03T18:42:58.253+0900][1.619s][info ][safepoint      ] Safepoint "G1CollectFull", Time since last: 2121300 ns, Reaching safepoint: 23100 ns, At safepoint: 30004700 ns, Total: 30027800 ns
[2026-08-03T18:42:58.265+0900][1.632s][info ][gc,start       ] GC(28) Pause Full (System.gc())
[2026-08-03T18:42:58.265+0900][1.632s][debug][gc,heap        ] GC(28) Heap before GC invocations=28 (full 28):
[2026-08-03T18:42:58.265+0900][1.632s][debug][gc,heap        ] GC(28)  garbage-first heap   total 131072K, used 18155K [0x000002895a000000, 0x000002c05a000000)
[2026-08-03T18:42:58.265+0900][1.632s][debug][gc,heap        ] GC(28)   region size 32768K, 1 young (32768K), 0 survivors (0K)
[2026-08-03T18:42:58.265+0900][1.632s][debug][gc,heap        ] GC(28)  Metaspace       used 9649K, committed 9920K, reserved 1114112K
[2026-08-03T18:42:58.265+0900][1.632s][debug][gc,heap        ] GC(28)   class space    used 900K, committed 1024K, reserved 1048576K
[2026-08-03T18:42:58.265+0900][1.632s][info ][gc,task        ] GC(28) Using 1 workers of 18 for full compaction
[2026-08-03T18:42:58.265+0900][1.632s][info ][gc,phases,start] GC(28) Phase 1: Mark live objects
[2026-08-03T18:42:58.283+0900][1.649s][info ][gc,phases      ] GC(28) Phase 1: Mark live objects 17.466ms
[2026-08-03T18:42:58.283+0900][1.650s][info ][gc,phases,start] GC(28) Phase 2: Prepare for compaction
[2026-08-03T18:42:58.286+0900][1.653s][info ][gc,phases      ] GC(28) Phase 2: Prepare for compaction 3.515ms
[2026-08-03T18:42:58.286+0900][1.653s][info ][gc,phases,start] GC(28) Phase 3: Adjust pointers
[2026-08-03T18:42:58.297+0900][1.664s][info ][gc,phases      ] GC(28) Phase 3: Adjust pointers 10.539ms
[2026-08-03T18:42:58.297+0900][1.664s][info ][gc,phases,start] GC(28) Phase 4: Compact heap
[2026-08-03T18:42:58.301+0900][1.668s][info ][gc,phases      ] GC(28) Phase 4: Compact heap 3.954ms
[2026-08-03T18:42:58.303+0900][1.670s][info ][gc,heap        ] GC(28) Eden regions: 1->0(1)
[2026-08-03T18:42:58.303+0900][1.670s][info ][gc,heap        ] GC(28) Survivor regions: 0->0(0)
[2026-08-03T18:42:58.303+0900][1.670s][info ][gc,heap        ] GC(28) Old regions: 1->1
[2026-08-03T18:42:58.303+0900][1.670s][info ][gc,heap        ] GC(28) Archive regions: 0->0
[2026-08-03T18:42:58.303+0900][1.670s][info ][gc,heap        ] GC(28) Humongous regions: 0->0
[2026-08-03T18:42:58.303+0900][1.670s][info ][gc,metaspace   ] GC(28) Metaspace: 9649K(9920K)->9649K(9920K) NonClass: 8748K(8896K)->8748K(8896K) Class: 900K(1024K)->900K(1024K)
[2026-08-03T18:42:58.303+0900][1.670s][debug][gc,heap        ] GC(28) Heap after GC invocations=29 (full 29):
[2026-08-03T18:42:58.303+0900][1.670s][debug][gc,heap        ] GC(28)  garbage-first heap   total 131072K, used 20769K [0x000002895a000000, 0x000002c05a000000)
[2026-08-03T18:42:58.303+0900][1.670s][debug][gc,heap        ] GC(28)   region size 32768K, 0 young (0K), 0 survivors (0K)
[2026-08-03T18:42:58.303+0900][1.670s][debug][gc,heap        ] GC(28)  Metaspace       used 9649K, committed 9920K, reserved 1114112K
[2026-08-03T18:42:58.303+0900][1.670s][debug][gc,heap        ] GC(28)   class space    used 900K, committed 1024K, reserved 1048576K
[2026-08-03T18:42:58.303+0900][1.670s][info ][gc             ] GC(28) Pause Full (System.gc()) 23M->20M(128M) 37.785ms
[2026-08-03T18:42:58.303+0900][1.670s][info ][gc,cpu         ] GC(28) User=0.11s Sys=0.02s Real=0.04s
[2026-08-03T18:42:58.303+0900][1.670s][info ][safepoint      ] Safepoint "G1CollectFull", Time since last: 12418500 ns, Reaching safepoint: 26200 ns, At safepoint: 37842800 ns, Total: 37869000 ns
[2026-08-03T18:42:58.375+0900][1.742s][info ][gc,start       ] GC(29) Pause Young (Normal) (G1 Evacuation Pause)
[2026-08-03T18:42:58.375+0900][1.742s][debug][gc,heap        ] GC(29) Heap before GC invocations=29 (full 29):
[2026-08-03T18:42:58.375+0900][1.742s][debug][gc,heap        ] GC(29)  garbage-first heap   total 131072K, used 53537K [0x000002895a000000, 0x000002c05a000000)
[2026-08-03T18:42:58.375+0900][1.742s][debug][gc,heap        ] GC(29)   region size 32768K, 1 young (32768K), 0 survivors (0K)
[2026-08-03T18:42:58.375+0900][1.742s][debug][gc,heap        ] GC(29)  Metaspace       used 9661K, committed 9920K, reserved 1114112K
[2026-08-03T18:42:58.375+0900][1.742s][debug][gc,heap        ] GC(29)   class space    used 901K, committed 1024K, reserved 1048576K
[2026-08-03T18:42:58.375+0900][1.742s][info ][gc,task        ] GC(29) Using 3 workers of 18 for evacuation
[2026-08-03T18:42:58.388+0900][1.755s][info ][gc,phases      ] GC(29)   Pre Evacuate Collection Set: 0.1ms
[2026-08-03T18:42:58.388+0900][1.755s][info ][gc,phases      ] GC(29)   Merge Heap Roots: 0.3ms
[2026-08-03T18:42:58.388+0900][1.755s][info ][gc,phases      ] GC(29)   Evacuate Collection Set: 11.6ms
[2026-08-03T18:42:58.388+0900][1.755s][info ][gc,phases      ] GC(29)   Post Evacuate Collection Set: 0.5ms
[2026-08-03T18:42:58.388+0900][1.755s][info ][gc,phases      ] GC(29)   Other: 0.1ms
[2026-08-03T18:42:58.388+0900][1.755s][info ][gc,heap        ] GC(29) Eden regions: 1->0(1)
[2026-08-03T18:42:58.388+0900][1.755s][info ][gc,heap        ] GC(29) Survivor regions: 0->1(1)
[2026-08-03T18:42:58.388+0900][1.755s][info ][gc,heap        ] GC(29) Old regions: 1->1
[2026-08-03T18:42:58.388+0900][1.755s][info ][gc,heap        ] GC(29) Archive regions: 0->0
[2026-08-03T18:42:58.388+0900][1.755s][info ][gc,heap        ] GC(29) Humongous regions: 0->0
[2026-08-03T18:42:58.388+0900][1.755s][info ][gc,metaspace   ] GC(29) Metaspace: 9661K(9920K)->9661K(9920K) NonClass: 8760K(8896K)->8760K(8896K) Class: 901K(1024K)->901K(1024K)
[2026-08-03T18:42:58.388+0900][1.755s][debug][gc,heap        ] GC(29) Heap after GC invocations=30 (full 29):
[2026-08-03T18:42:58.388+0900][1.755s][debug][gc,heap        ] GC(29)  garbage-first heap   total 131072K, used 36878K [0x000002895a000000, 0x000002c05a000000)
[2026-08-03T18:42:58.388+0900][1.755s][debug][gc,heap        ] GC(29)   region size 32768K, 1 young (32768K), 1 survivors (32768K)
[2026-08-03T18:42:58.388+0900][1.755s][debug][gc,heap        ] GC(29)  Metaspace       used 9661K, committed 9920K, reserved 1114112K
[2026-08-03T18:42:58.388+0900][1.755s][debug][gc,heap        ] GC(29)   class space    used 901K, committed 1024K, reserved 1048576K
[2026-08-03T18:42:58.388+0900][1.755s][info ][gc             ] GC(29) Pause Young (Normal) (G1 Evacuation Pause) 52M->36M(128M) 12.863ms
[2026-08-03T18:42:58.388+0900][1.755s][info ][gc,cpu         ] GC(29) User=0.00s Sys=0.00s Real=0.01s
[2026-08-03T18:42:58.388+0900][1.755s][info ][safepoint      ] Safepoint "G1CollectForAllocation", Time since last: 72266900 ns, Reaching safepoint: 33200 ns, At safepoint: 12931700 ns, Total: 12964900 ns
[2026-08-03T18:42:58.444+0900][1.811s][info ][gc,start       ] GC(30) Pause Young (Normal) (G1 Evacuation Pause)
[2026-08-03T18:42:58.444+0900][1.811s][debug][gc,heap        ] GC(30) Heap before GC invocations=30 (full 29):
[2026-08-03T18:42:58.444+0900][1.811s][debug][gc,heap        ] GC(30)  garbage-first heap   total 131072K, used 69646K [0x000002895a000000, 0x000002c05a000000)
[2026-08-03T18:42:58.444+0900][1.811s][debug][gc,heap        ] GC(30)   region size 32768K, 2 young (65536K), 1 survivors (32768K)
[2026-08-03T18:42:58.444+0900][1.811s][debug][gc,heap        ] GC(30)  Metaspace       used 9661K, committed 9920K, reserved 1114112K
[2026-08-03T18:42:58.444+0900][1.811s][debug][gc,heap        ] GC(30)   class space    used 901K, committed 1024K, reserved 1048576K
[2026-08-03T18:42:58.444+0900][1.811s][info ][gc,task        ] GC(30) Using 3 workers of 18 for evacuation
[2026-08-03T18:42:58.465+0900][1.831s][info ][gc,phases      ] GC(30)   Pre Evacuate Collection Set: 0.1ms
[2026-08-03T18:42:58.465+0900][1.831s][info ][gc,phases      ] GC(30)   Merge Heap Roots: 0.1ms
[2026-08-03T18:42:58.465+0900][1.831s][info ][gc,phases      ] GC(30)   Evacuate Collection Set: 20.3ms
[2026-08-03T18:42:58.465+0900][1.831s][info ][gc,phases      ] GC(30)   Post Evacuate Collection Set: 0.2ms
[2026-08-03T18:42:58.465+0900][1.831s][info ][gc,phases      ] GC(30)   Other: 0.1ms
[2026-08-03T18:42:58.465+0900][1.831s][info ][gc,heap        ] GC(30) Eden regions: 1->0(1)
[2026-08-03T18:42:58.465+0900][1.831s][info ][gc,heap        ] GC(30) Survivor regions: 1->1(1)
[2026-08-03T18:42:58.465+0900][1.831s][info ][gc,heap        ] GC(30) Old regions: 1->1
[2026-08-03T18:42:58.465+0900][1.831s][info ][gc,heap        ] GC(30) Archive regions: 0->0
[2026-08-03T18:42:58.465+0900][1.831s][info ][gc,heap        ] GC(30) Humongous regions: 0->0
[2026-08-03T18:42:58.465+0900][1.831s][info ][gc,metaspace   ] GC(30) Metaspace: 9661K(9920K)->9661K(9920K) NonClass: 8760K(8896K)->8760K(8896K) Class: 901K(1024K)->901K(1024K)
[2026-08-03T18:42:58.465+0900][1.831s][debug][gc,heap        ] GC(30) Heap after GC invocations=31 (full 29):
[2026-08-03T18:42:58.465+0900][1.831s][debug][gc,heap        ] GC(30)  garbage-first heap   total 131072K, used 53251K [0x000002895a000000, 0x000002c05a000000)
[2026-08-03T18:42:58.465+0900][1.831s][debug][gc,heap        ] GC(30)   region size 32768K, 1 young (32768K), 1 survivors (32768K)
[2026-08-03T18:42:58.465+0900][1.831s][debug][gc,heap        ] GC(30)  Metaspace       used 9661K, committed 9920K, reserved 1114112K
[2026-08-03T18:42:58.465+0900][1.831s][debug][gc,heap        ] GC(30)   class space    used 901K, committed 1024K, reserved 1048576K
[2026-08-03T18:42:58.465+0900][1.832s][info ][gc             ] GC(30) Pause Young (Normal) (G1 Evacuation Pause) 68M->52M(128M) 21.013ms
[2026-08-03T18:42:58.465+0900][1.832s][info ][gc,cpu         ] GC(30) User=0.05s Sys=0.00s Real=0.02s
[2026-08-03T18:42:58.465+0900][1.832s][info ][safepoint      ] Safepoint "G1CollectForAllocation", Time since last: 55478100 ns, Reaching safepoint: 79900 ns, At safepoint: 21073000 ns, Total: 21152900 ns
[2026-08-03T18:42:58.485+0900][1.852s][info ][gc,start       ] GC(31) Pause Young (Normal) (G1 Evacuation Pause)
[2026-08-03T18:42:58.485+0900][1.852s][debug][gc,heap        ] GC(31) Heap before GC invocations=31 (full 29):
[2026-08-03T18:42:58.485+0900][1.852s][debug][gc,heap        ] GC(31)  garbage-first heap   total 131072K, used 86019K [0x000002895a000000, 0x000002c05a000000)
[2026-08-03T18:42:58.485+0900][1.852s][debug][gc,heap        ] GC(31)   region size 32768K, 2 young (65536K), 1 survivors (32768K)
[2026-08-03T18:42:58.485+0900][1.852s][debug][gc,heap        ] GC(31)  Metaspace       used 9663K, committed 9920K, reserved 1114112K
[2026-08-03T18:42:58.485+0900][1.852s][debug][gc,heap        ] GC(31)   class space    used 901K, committed 1024K, reserved 1048576K
[2026-08-03T18:42:58.485+0900][1.852s][info ][gc,task        ] GC(31) Using 3 workers of 18 for evacuation
[2026-08-03T18:42:58.510+0900][1.877s][info ][gc,phases      ] GC(31)   Pre Evacuate Collection Set: 0.0ms
[2026-08-03T18:42:58.510+0900][1.877s][info ][gc,phases      ] GC(31)   Merge Heap Roots: 0.1ms
[2026-08-03T18:42:58.510+0900][1.877s][info ][gc,phases      ] GC(31)   Evacuate Collection Set: 24.4ms
[2026-08-03T18:42:58.510+0900][1.877s][info ][gc,phases      ] GC(31)   Post Evacuate Collection Set: 0.2ms
[2026-08-03T18:42:58.510+0900][1.877s][info ][gc,phases      ] GC(31)   Other: 0.1ms
[2026-08-03T18:42:58.510+0900][1.877s][info ][gc,heap        ] GC(31) Eden regions: 1->0(1)
[2026-08-03T18:42:58.510+0900][1.877s][info ][gc,heap        ] GC(31) Survivor regions: 1->1(1)
[2026-08-03T18:42:58.510+0900][1.877s][info ][gc,heap        ] GC(31) Old regions: 1->2
[2026-08-03T18:42:58.510+0900][1.877s][info ][gc,heap        ] GC(31) Archive regions: 0->0
[2026-08-03T18:42:58.510+0900][1.877s][info ][gc,heap        ] GC(31) Humongous regions: 0->0
[2026-08-03T18:42:58.510+0900][1.877s][info ][gc,metaspace   ] GC(31) Metaspace: 9663K(9920K)->9663K(9920K) NonClass: 8762K(8896K)->8762K(8896K) Class: 901K(1024K)->901K(1024K)
[2026-08-03T18:42:58.510+0900][1.877s][debug][gc,heap        ] GC(31) Heap after GC invocations=32 (full 29):
[2026-08-03T18:42:58.510+0900][1.877s][debug][gc,heap        ] GC(31)  garbage-first heap   total 163840K, used 69152K [0x000002895a000000, 0x000002c05a000000)
[2026-08-03T18:42:58.510+0900][1.877s][debug][gc,heap        ] GC(31)   region size 32768K, 1 young (32768K), 1 survivors (32768K)
[2026-08-03T18:42:58.510+0900][1.877s][debug][gc,heap        ] GC(31)  Metaspace       used 9663K, committed 9920K, reserved 1114112K
[2026-08-03T18:42:58.510+0900][1.877s][debug][gc,heap        ] GC(31)   class space    used 901K, committed 1024K, reserved 1048576K
[2026-08-03T18:42:58.510+0900][1.877s][info ][gc             ] GC(31) Pause Young (Normal) (G1 Evacuation Pause) 84M->67M(160M) 25.173ms
[2026-08-03T18:42:58.510+0900][1.877s][info ][gc,cpu         ] GC(31) User=0.03s Sys=0.03s Real=0.03s
[2026-08-03T18:42:58.510+0900][1.877s][info ][safepoint      ] Safepoint "G1CollectForAllocation", Time since last: 20049400 ns, Reaching safepoint: 23500 ns, At safepoint: 25238700 ns, Total: 25262200 ns
[2026-08-03T18:42:58.559+0900][1.926s][info ][gc,start       ] GC(32) Pause Young (Normal) (G1 Evacuation Pause)
[2026-08-03T18:42:58.559+0900][1.926s][debug][gc,heap        ] GC(32) Heap before GC invocations=32 (full 29):
[2026-08-03T18:42:58.559+0900][1.926s][debug][gc,heap        ] GC(32)  garbage-first heap   total 163840K, used 101920K [0x000002895a000000, 0x000002c05a000000)
[2026-08-03T18:42:58.559+0900][1.926s][debug][gc,heap        ] GC(32)   region size 32768K, 2 young (65536K), 1 survivors (32768K)
[2026-08-03T18:42:58.559+0900][1.926s][debug][gc,heap        ] GC(32)  Metaspace       used 9685K, committed 9920K, reserved 1114112K
[2026-08-03T18:42:58.559+0900][1.926s][debug][gc,heap        ] GC(32)   class space    used 901K, committed 1024K, reserved 1048576K
[2026-08-03T18:42:58.559+0900][1.926s][info ][gc,task        ] GC(32) Using 3 workers of 18 for evacuation
[2026-08-03T18:42:58.587+0900][1.953s][info ][gc,phases      ] GC(32)   Pre Evacuate Collection Set: 0.1ms
[2026-08-03T18:42:58.587+0900][1.954s][info ][gc,phases      ] GC(32)   Merge Heap Roots: 0.1ms
[2026-08-03T18:42:58.587+0900][1.954s][info ][gc,phases      ] GC(32)   Evacuate Collection Set: 25.3ms
[2026-08-03T18:42:58.587+0900][1.954s][info ][gc,phases      ] GC(32)   Post Evacuate Collection Set: 2.2ms
[2026-08-03T18:42:58.587+0900][1.954s][info ][gc,phases      ] GC(32)   Other: 0.1ms
[2026-08-03T18:42:58.587+0900][1.954s][info ][gc,heap        ] GC(32) Eden regions: 1->0(1)
[2026-08-03T18:42:58.587+0900][1.954s][info ][gc,heap        ] GC(32) Survivor regions: 1->1(1)
[2026-08-03T18:42:58.587+0900][1.954s][info ][gc,heap        ] GC(32) Old regions: 2->3
[2026-08-03T18:42:58.587+0900][1.954s][info ][gc,heap        ] GC(32) Archive regions: 0->0
[2026-08-03T18:42:58.587+0900][1.954s][info ][gc,heap        ] GC(32) Humongous regions: 0->0
[2026-08-03T18:42:58.587+0900][1.954s][info ][gc,metaspace   ] GC(32) Metaspace: 9685K(9920K)->9685K(9920K) NonClass: 8784K(8896K)->8784K(8896K) Class: 901K(1024K)->901K(1024K)
[2026-08-03T18:42:58.587+0900][1.954s][debug][gc,heap        ] GC(32) Heap after GC invocations=33 (full 29):
[2026-08-03T18:42:58.587+0900][1.954s][debug][gc,heap        ] GC(32)  garbage-first heap   total 1146880K, used 85318K [0x000002895a000000, 0x000002c05a000000)
[2026-08-03T18:42:58.587+0900][1.954s][debug][gc,heap        ] GC(32)   region size 32768K, 1 young (32768K), 1 survivors (32768K)
[2026-08-03T18:42:58.587+0900][1.954s][debug][gc,heap        ] GC(32)  Metaspace       used 9685K, committed 9920K, reserved 1114112K
[2026-08-03T18:42:58.587+0900][1.954s][debug][gc,heap        ] GC(32)   class space    used 901K, committed 1024K, reserved 1048576K
[2026-08-03T18:42:58.587+0900][1.954s][info ][gc             ] GC(32) Pause Young (Normal) (G1 Evacuation Pause) 99M->83M(1120M) 28.094ms
[2026-08-03T18:42:58.587+0900][1.954s][info ][gc,cpu         ] GC(32) User=0.17s Sys=0.02s Real=0.03s
[2026-08-03T18:42:58.587+0900][1.954s][info ][safepoint      ] Safepoint "G1CollectForAllocation", Time since last: 48684200 ns, Reaching safepoint: 37600 ns, At safepoint: 28244700 ns, Total: 28282300 ns
[2026-08-03T18:42:58.592+0900][1.958s][info ][gc,start       ] GC(33) Pause Full (System.gc())
[2026-08-03T18:42:58.592+0900][1.958s][debug][gc,heap        ] GC(33) Heap before GC invocations=33 (full 29):
[2026-08-03T18:42:58.592+0900][1.958s][debug][gc,heap        ] GC(33)  garbage-first heap   total 1146880K, used 85318K [0x000002895a000000, 0x000002c05a000000)
[2026-08-03T18:42:58.592+0900][1.958s][debug][gc,heap        ] GC(33)   region size 32768K, 2 young (65536K), 1 survivors (32768K)
[2026-08-03T18:42:58.592+0900][1.958s][debug][gc,heap        ] GC(33)  Metaspace       used 9685K, committed 9920K, reserved 1114112K
[2026-08-03T18:42:58.592+0900][1.958s][debug][gc,heap        ] GC(33)   class space    used 901K, committed 1024K, reserved 1048576K
[2026-08-03T18:42:58.592+0900][1.958s][info ][gc,task        ] GC(33) Using 2 workers of 18 for full compaction
[2026-08-03T18:42:58.592+0900][1.959s][info ][gc,phases,start] GC(33) Phase 1: Mark live objects
[2026-08-03T18:42:58.631+0900][1.998s][info ][gc,phases      ] GC(33) Phase 1: Mark live objects 39.129ms
[2026-08-03T18:42:58.631+0900][1.998s][info ][gc,phases,start] GC(33) Phase 2: Prepare for compaction
[2026-08-03T18:42:58.638+0900][2.005s][info ][gc,phases      ] GC(33) Phase 2: Prepare for compaction 6.728ms
[2026-08-03T18:42:58.638+0900][2.005s][info ][gc,phases,start] GC(33) Phase 3: Adjust pointers
[2026-08-03T18:42:58.653+0900][2.019s][info ][gc,phases      ] GC(33) Phase 3: Adjust pointers 14.730ms
[2026-08-03T18:42:58.653+0900][2.019s][info ][gc,phases,start] GC(33) Phase 4: Compact heap
[2026-08-03T18:42:58.659+0900][2.025s][info ][gc,phases      ] GC(33) Phase 4: Compact heap 6.006ms
[2026-08-03T18:42:58.662+0900][2.029s][debug][gc,heap        ] GC(33) Uncommittable regions after shrink: 25
[2026-08-03T18:42:58.663+0900][2.030s][info ][gc,heap        ] GC(33) Eden regions: 1->0(1)
[2026-08-03T18:42:58.663+0900][2.030s][info ][gc,heap        ] GC(33) Survivor regions: 1->0(1)
[2026-08-03T18:42:58.663+0900][2.030s][info ][gc,heap        ] GC(33) Old regions: 3->3
[2026-08-03T18:42:58.663+0900][2.030s][info ][gc,heap        ] GC(33) Archive regions: 0->0
[2026-08-03T18:42:58.663+0900][2.030s][info ][gc,heap        ] GC(33) Humongous regions: 0->0
[2026-08-03T18:42:58.663+0900][2.030s][info ][gc,metaspace   ] GC(33) Metaspace: 9685K(9920K)->9685K(9920K) NonClass: 8784K(8896K)->8784K(8896K) Class: 901K(1024K)->901K(1024K)
[2026-08-03T18:42:58.663+0900][2.030s][debug][gc,heap        ] GC(33) Heap after GC invocations=34 (full 30):
[2026-08-03T18:42:58.663+0900][2.030s][debug][gc,heap        ] GC(33)  garbage-first heap   total 327680K, used 82526K [0x000002895a000000, 0x000002c05a000000)
[2026-08-03T18:42:58.663+0900][2.030s][debug][gc,heap        ] GC(33)   region size 32768K, 0 young (0K), 0 survivors (0K)
[2026-08-03T18:42:58.663+0900][2.030s][debug][gc,heap        ] GC(33)  Metaspace       used 9685K, committed 9920K, reserved 1114112K
[2026-08-03T18:42:58.664+0900][2.030s][debug][gc,heap        ] GC(33)   class space    used 901K, committed 1024K, reserved 1048576K
[2026-08-03T18:42:58.664+0900][2.030s][info ][gc             ] GC(33) Pause Full (System.gc()) 85M->80M(320M) 71.844ms
[2026-08-03T18:42:58.664+0900][2.030s][info ][gc,cpu         ] GC(33) User=0.27s Sys=0.00s Real=0.07s
[2026-08-03T18:42:58.664+0900][2.030s][info ][safepoint      ] Safepoint "G1CollectFull", Time since last: 4417200 ns, Reaching safepoint: 102100 ns, At safepoint: 71914000 ns, Total: 72016100 ns
[2026-08-03T18:42:58.698+0900][2.065s][info ][gc,start       ] GC(34) Pause Young (Normal) (G1 Evacuation Pause)
[2026-08-03T18:42:58.698+0900][2.065s][debug][gc,heap        ] GC(34) Heap before GC invocations=34 (full 30):
[2026-08-03T18:42:58.698+0900][2.065s][debug][gc,heap        ] GC(34)  garbage-first heap   total 327680K, used 115294K [0x000002895a000000, 0x000002c05a000000)
[2026-08-03T18:42:58.698+0900][2.065s][debug][gc,heap        ] GC(34)   region size 32768K, 1 young (32768K), 0 survivors (0K)
[2026-08-03T18:42:58.698+0900][2.065s][debug][gc,heap        ] GC(34)  Metaspace       used 9687K, committed 9920K, reserved 1114112K
[2026-08-03T18:42:58.698+0900][2.065s][debug][gc,heap        ] GC(34)   class space    used 901K, committed 1024K, reserved 1048576K
[2026-08-03T18:42:58.698+0900][2.065s][info ][gc,task        ] GC(34) Using 7 workers of 18 for evacuation
[2026-08-03T18:42:58.705+0900][2.071s][info ][gc,phases      ] GC(34)   Pre Evacuate Collection Set: 0.1ms
[2026-08-03T18:42:58.705+0900][2.071s][info ][gc,phases      ] GC(34)   Merge Heap Roots: 0.1ms
[2026-08-03T18:42:58.705+0900][2.071s][info ][gc,phases      ] GC(34)   Evacuate Collection Set: 5.5ms
[2026-08-03T18:42:58.705+0900][2.071s][info ][gc,phases      ] GC(34)   Post Evacuate Collection Set: 0.2ms
[2026-08-03T18:42:58.705+0900][2.071s][info ][gc,phases      ] GC(34)   Other: 0.1ms
[2026-08-03T18:42:58.705+0900][2.071s][info ][gc,heap        ] GC(34) Eden regions: 1->0(1)
[2026-08-03T18:42:58.705+0900][2.071s][info ][gc,heap        ] GC(34) Survivor regions: 0->1(1)
[2026-08-03T18:42:58.705+0900][2.071s][info ][gc,heap        ] GC(34) Old regions: 3->3
[2026-08-03T18:42:58.705+0900][2.071s][info ][gc,heap        ] GC(34) Archive regions: 0->0
[2026-08-03T18:42:58.705+0900][2.071s][info ][gc,heap        ] GC(34) Humongous regions: 0->0
[2026-08-03T18:42:58.705+0900][2.071s][info ][gc,metaspace   ] GC(34) Metaspace: 9687K(9920K)->9687K(9920K) NonClass: 8786K(8896K)->8786K(8896K) Class: 901K(1024K)->901K(1024K)
[2026-08-03T18:42:58.705+0900][2.071s][debug][gc,heap        ] GC(34) Heap after GC invocations=35 (full 30):
[2026-08-03T18:42:58.705+0900][2.071s][debug][gc,heap        ] GC(34)  garbage-first heap   total 327680K, used 99689K [0x000002895a000000, 0x000002c05a000000)
[2026-08-03T18:42:58.705+0900][2.071s][debug][gc,heap        ] GC(34)   region size 32768K, 1 young (32768K), 1 survivors (32768K)
[2026-08-03T18:42:58.705+0900][2.071s][debug][gc,heap        ] GC(34)  Metaspace       used 9687K, committed 9920K, reserved 1114112K
[2026-08-03T18:42:58.705+0900][2.071s][debug][gc,heap        ] GC(34)   class space    used 901K, committed 1024K, reserved 1048576K
[2026-08-03T18:42:58.705+0900][2.071s][info ][gc             ] GC(34) Pause Young (Normal) (G1 Evacuation Pause) 112M->97M(320M) 6.336ms
[2026-08-03T18:42:58.705+0900][2.071s][info ][gc,cpu         ] GC(34) User=0.09s Sys=0.02s Real=0.01s
[2026-08-03T18:42:58.705+0900][2.071s][info ][safepoint      ] Safepoint "G1CollectForAllocation", Time since last: 34484900 ns, Reaching safepoint: 73800 ns, At safepoint: 6394100 ns, Total: 6467900 ns
[2026-08-03T18:42:58.756+0900][2.122s][info ][gc,start       ] GC(35) Pause Young (Normal) (G1 Evacuation Pause)
[2026-08-03T18:42:58.756+0900][2.122s][debug][gc,heap        ] GC(35) Heap before GC invocations=35 (full 30):
[2026-08-03T18:42:58.756+0900][2.122s][debug][gc,heap        ] GC(35)  garbage-first heap   total 327680K, used 132457K [0x000002895a000000, 0x000002c05a000000)
[2026-08-03T18:42:58.756+0900][2.122s][debug][gc,heap        ] GC(35)   region size 32768K, 2 young (65536K), 1 survivors (32768K)
[2026-08-03T18:42:58.756+0900][2.122s][debug][gc,heap        ] GC(35)  Metaspace       used 9795K, committed 10048K, reserved 1114112K
[2026-08-03T18:42:58.756+0900][2.122s][debug][gc,heap        ] GC(35)   class space    used 914K, committed 1024K, reserved 1048576K
[2026-08-03T18:42:58.756+0900][2.122s][info ][gc,task        ] GC(35) Using 7 workers of 18 for evacuation
[2026-08-03T18:42:58.764+0900][2.130s][info ][gc,phases      ] GC(35)   Pre Evacuate Collection Set: 0.1ms
[2026-08-03T18:42:58.764+0900][2.130s][info ][gc,phases      ] GC(35)   Merge Heap Roots: 0.1ms
[2026-08-03T18:42:58.764+0900][2.130s][info ][gc,phases      ] GC(35)   Evacuate Collection Set: 7.5ms
[2026-08-03T18:42:58.764+0900][2.130s][info ][gc,phases      ] GC(35)   Post Evacuate Collection Set: 0.3ms
[2026-08-03T18:42:58.764+0900][2.130s][info ][gc,phases      ] GC(35)   Other: 0.1ms
[2026-08-03T18:42:58.764+0900][2.130s][info ][gc,heap        ] GC(35) Eden regions: 1->0(1)
[2026-08-03T18:42:58.764+0900][2.130s][info ][gc,heap        ] GC(35) Survivor regions: 1->1(1)
[2026-08-03T18:42:58.764+0900][2.130s][info ][gc,heap        ] GC(35) Old regions: 3->3
[2026-08-03T18:42:58.764+0900][2.130s][info ][gc,heap        ] GC(35) Archive regions: 0->0
[2026-08-03T18:42:58.764+0900][2.130s][info ][gc,heap        ] GC(35) Humongous regions: 0->0
[2026-08-03T18:42:58.764+0900][2.130s][info ][gc,metaspace   ] GC(35) Metaspace: 9795K(10048K)->9795K(10048K) NonClass: 8881K(9024K)->8881K(9024K) Class: 914K(1024K)->914K(1024K)
[2026-08-03T18:42:58.764+0900][2.130s][debug][gc,heap        ] GC(35) Heap after GC invocations=36 (full 30):
[2026-08-03T18:42:58.764+0900][2.130s][debug][gc,heap        ] GC(35)  garbage-first heap   total 327680K, used 110963K [0x000002895a000000, 0x000002c05a000000)
[2026-08-03T18:42:58.764+0900][2.130s][debug][gc,heap        ] GC(35)   region size 32768K, 1 young (32768K), 1 survivors (32768K)
[2026-08-03T18:42:58.764+0900][2.130s][debug][gc,heap        ] GC(35)  Metaspace       used 9795K, committed 10048K, reserved 1114112K
[2026-08-03T18:42:58.764+0900][2.130s][debug][gc,heap        ] GC(35)   class space    used 914K, committed 1024K, reserved 1048576K
[2026-08-03T18:42:58.764+0900][2.130s][info ][gc             ] GC(35) Pause Young (Normal) (G1 Evacuation Pause) 129M->108M(320M) 8.301ms
[2026-08-03T18:42:58.764+0900][2.130s][info ][gc,cpu         ] GC(35) User=0.00s Sys=0.00s Real=0.01s
[2026-08-03T18:42:58.764+0900][2.130s][info ][safepoint      ] Safepoint "G1CollectForAllocation", Time since last: 50571100 ns, Reaching safepoint: 95200 ns, At safepoint: 8358600 ns, Total: 8453800 ns
[2026-08-03T18:42:58.870+0900][2.237s][debug][gc,heap        ] Concurrent Uncommit Summary: 800M, 25 regions, 7.899ms
[2026-08-03T18:42:58.871+0900][2.237s][info ][gc,start       ] GC(36) Pause Young (Normal) (G1 Evacuation Pause)
[2026-08-03T18:42:58.871+0900][2.237s][debug][gc,heap        ] GC(36) Heap before GC invocations=36 (full 30):
[2026-08-03T18:42:58.871+0900][2.237s][debug][gc,heap        ] GC(36)  garbage-first heap   total 327680K, used 143731K [0x000002895a000000, 0x000002c05a000000)
[2026-08-03T18:42:58.871+0900][2.237s][debug][gc,heap        ] GC(36)   region size 32768K, 2 young (65536K), 1 survivors (32768K)
[2026-08-03T18:42:58.871+0900][2.237s][debug][gc,heap        ] GC(36)  Metaspace       used 10390K, committed 10752K, reserved 1114112K
[2026-08-03T18:42:58.871+0900][2.237s][debug][gc,heap        ] GC(36)   class space    used 959K, committed 1152K, reserved 1048576K
[2026-08-03T18:42:58.871+0900][2.237s][info ][gc,task        ] GC(36) Using 7 workers of 18 for evacuation
[2026-08-03T18:42:58.877+0900][2.244s][info ][gc,phases      ] GC(36)   Pre Evacuate Collection Set: 0.1ms
[2026-08-03T18:42:58.877+0900][2.244s][info ][gc,phases      ] GC(36)   Merge Heap Roots: 0.1ms
[2026-08-03T18:42:58.877+0900][2.244s][info ][gc,phases      ] GC(36)   Evacuate Collection Set: 6.0ms
[2026-08-03T18:42:58.877+0900][2.244s][info ][gc,phases      ] GC(36)   Post Evacuate Collection Set: 0.3ms
[2026-08-03T18:42:58.877+0900][2.244s][info ][gc,phases      ] GC(36)   Other: 0.1ms
[2026-08-03T18:42:58.877+0900][2.244s][info ][gc,heap        ] GC(36) Eden regions: 1->0(1)
[2026-08-03T18:42:58.877+0900][2.244s][info ][gc,heap        ] GC(36) Survivor regions: 1->1(1)
[2026-08-03T18:42:58.877+0900][2.244s][info ][gc,heap        ] GC(36) Old regions: 3->4
[2026-08-03T18:42:58.877+0900][2.244s][info ][gc,heap        ] GC(36) Archive regions: 0->0
[2026-08-03T18:42:58.877+0900][2.244s][info ][gc,heap        ] GC(36) Humongous regions: 0->0
[2026-08-03T18:42:58.877+0900][2.244s][info ][gc,metaspace   ] GC(36) Metaspace: 10390K(10752K)->10390K(10752K) NonClass: 9430K(9600K)->9430K(9600K) Class: 959K(1152K)->959K(1152K)
[2026-08-03T18:42:58.877+0900][2.244s][debug][gc,heap        ] GC(36) Heap after GC invocations=37 (full 30):
[2026-08-03T18:42:58.877+0900][2.244s][debug][gc,heap        ] GC(36)  garbage-first heap   total 327680K, used 118145K [0x000002895a000000, 0x000002c05a000000)
[2026-08-03T18:42:58.877+0900][2.244s][debug][gc,heap        ] GC(36)   region size 32768K, 1 young (32768K), 1 survivors (32768K)
[2026-08-03T18:42:58.877+0900][2.244s][debug][gc,heap        ] GC(36)  Metaspace       used 10390K, committed 10752K, reserved 1114112K
[2026-08-03T18:42:58.877+0900][2.244s][debug][gc,heap        ] GC(36)   class space    used 959K, committed 1152K, reserved 1048576K
[2026-08-03T18:42:58.877+0900][2.244s][info ][gc             ] GC(36) Pause Young (Normal) (G1 Evacuation Pause) 140M->115M(320M) 6.806ms
[2026-08-03T18:42:58.877+0900][2.244s][info ][gc,cpu         ] GC(36) User=0.11s Sys=0.00s Real=0.01s
[2026-08-03T18:42:58.877+0900][2.244s][info ][safepoint      ] Safepoint "G1CollectForAllocation", Time since last: 105817600 ns, Reaching safepoint: 844400 ns, At safepoint: 6854300 ns, Total: 7698700 ns
[2026-08-03T18:42:58.917+0900][2.283s][info ][gc,start       ] GC(37) Pause Young (Normal) (G1 Evacuation Pause)
[2026-08-03T18:42:58.917+0900][2.284s][debug][gc,heap        ] GC(37) Heap before GC invocations=37 (full 30):
[2026-08-03T18:42:58.917+0900][2.284s][debug][gc,heap        ] GC(37)  garbage-first heap   total 327680K, used 150913K [0x000002895a000000, 0x000002c05a000000)
[2026-08-03T18:42:58.917+0900][2.284s][debug][gc,heap        ] GC(37)   region size 32768K, 2 young (65536K), 1 survivors (32768K)
[2026-08-03T18:42:58.917+0900][2.284s][debug][gc,heap        ] GC(37)  Metaspace       used 10397K, committed 10752K, reserved 1114112K
[2026-08-03T18:42:58.917+0900][2.284s][debug][gc,heap        ] GC(37)   class space    used 959K, committed 1152K, reserved 1048576K
[2026-08-03T18:42:58.917+0900][2.284s][info ][gc,task        ] GC(37) Using 7 workers of 18 for evacuation
[2026-08-03T18:42:58.928+0900][2.294s][info ][gc,phases      ] GC(37)   Pre Evacuate Collection Set: 0.1ms
[2026-08-03T18:42:58.928+0900][2.294s][info ][gc,phases      ] GC(37)   Merge Heap Roots: 0.2ms
[2026-08-03T18:42:58.928+0900][2.294s][info ][gc,phases      ] GC(37)   Evacuate Collection Set: 7.9ms
[2026-08-03T18:42:58.928+0900][2.294s][info ][gc,phases      ] GC(37)   Post Evacuate Collection Set: 2.0ms
[2026-08-03T18:42:58.928+0900][2.294s][info ][gc,phases      ] GC(37)   Other: 0.1ms
[2026-08-03T18:42:58.928+0900][2.294s][info ][gc,heap        ] GC(37) Eden regions: 1->0(5)
[2026-08-03T18:42:58.928+0900][2.294s][info ][gc,heap        ] GC(37) Survivor regions: 1->1(1)
[2026-08-03T18:42:58.928+0900][2.294s][info ][gc,heap        ] GC(37) Old regions: 4->4
[2026-08-03T18:42:58.928+0900][2.294s][info ][gc,heap        ] GC(37) Archive regions: 0->0
[2026-08-03T18:42:58.928+0900][2.294s][info ][gc,heap        ] GC(37) Humongous regions: 0->0
[2026-08-03T18:42:58.928+0900][2.294s][info ][gc,metaspace   ] GC(37) Metaspace: 10397K(10752K)->10397K(10752K) NonClass: 9437K(9600K)->9437K(9600K) Class: 959K(1152K)->959K(1152K)
[2026-08-03T18:42:58.928+0900][2.294s][debug][gc,heap        ] GC(37) Heap after GC invocations=38 (full 30):
[2026-08-03T18:42:58.928+0900][2.294s][debug][gc,heap        ] GC(37)  garbage-first heap   total 1212416K, used 133923K [0x000002895a000000, 0x000002c05a000000)
[2026-08-03T18:42:58.928+0900][2.294s][debug][gc,heap        ] GC(37)   region size 32768K, 1 young (32768K), 1 survivors (32768K)
[2026-08-03T18:42:58.928+0900][2.294s][debug][gc,heap        ] GC(37)  Metaspace       used 10397K, committed 10752K, reserved 1114112K
[2026-08-03T18:42:58.928+0900][2.294s][debug][gc,heap        ] GC(37)   class space    used 959K, committed 1152K, reserved 1048576K
[2026-08-03T18:42:58.928+0900][2.294s][info ][gc             ] GC(37) Pause Young (Normal) (G1 Evacuation Pause) 147M->130M(1184M) 10.544ms
[2026-08-03T18:42:58.928+0900][2.294s][info ][gc,cpu         ] GC(37) User=0.16s Sys=0.00s Real=0.01s
[2026-08-03T18:42:58.928+0900][2.294s][info ][safepoint      ] Safepoint "G1CollectForAllocation", Time since last: 39614300 ns, Reaching safepoint: 98700 ns, At safepoint: 10754700 ns, Total: 10853400 ns
[2026-08-03T18:42:59.053+0900][2.419s][info ][gc,start       ] GC(38) Pause Full (System.gc())
[2026-08-03T18:42:59.053+0900][2.420s][debug][gc,heap        ] GC(38) Heap before GC invocations=38 (full 30):
[2026-08-03T18:42:59.053+0900][2.420s][debug][gc,heap        ] GC(38)  garbage-first heap   total 1212416K, used 166691K [0x000002895a000000, 0x000002c05a000000)
[2026-08-03T18:42:59.053+0900][2.420s][debug][gc,heap        ] GC(38)   region size 32768K, 3 young (98304K), 1 survivors (32768K)
[2026-08-03T18:42:59.053+0900][2.420s][debug][gc,heap        ] GC(38)  Metaspace       used 10452K, committed 10816K, reserved 1114112K
[2026-08-03T18:42:59.053+0900][2.420s][debug][gc,heap        ] GC(38)   class space    used 963K, committed 1152K, reserved 1048576K
[2026-08-03T18:42:59.053+0900][2.420s][info ][gc,task        ] GC(38) Using 2 workers of 18 for full compaction
[2026-08-03T18:42:59.053+0900][2.420s][info ][gc,phases,start] GC(38) Phase 1: Mark live objects
[2026-08-03T18:42:59.081+0900][2.447s][info ][gc,phases      ] GC(38) Phase 1: Mark live objects 27.315ms
[2026-08-03T18:42:59.081+0900][2.447s][info ][gc,phases,start] GC(38) Phase 2: Prepare for compaction
[2026-08-03T18:42:59.084+0900][2.451s][info ][gc,phases      ] GC(38) Phase 2: Prepare for compaction 3.647ms
[2026-08-03T18:42:59.084+0900][2.451s][info ][gc,phases,start] GC(38) Phase 3: Adjust pointers
[2026-08-03T18:42:59.095+0900][2.462s][info ][gc,phases      ] GC(38) Phase 3: Adjust pointers 10.924ms
[2026-08-03T18:42:59.095+0900][2.462s][info ][gc,phases,start] GC(38) Phase 4: Compact heap
[2026-08-03T18:42:59.099+0900][2.466s][info ][gc,phases      ] GC(38) Phase 4: Compact heap 4.003ms
[2026-08-03T18:42:59.103+0900][2.469s][debug][gc,heap        ] GC(38) Uncommittable regions after shrink: 27
[2026-08-03T18:42:59.105+0900][2.471s][info ][gc,heap        ] GC(38) Eden regions: 2->0(2)
[2026-08-03T18:42:59.105+0900][2.471s][info ][gc,heap        ] GC(38) Survivor regions: 1->0(1)
[2026-08-03T18:42:59.105+0900][2.471s][info ][gc,heap        ] GC(38) Old regions: 4->3
[2026-08-03T18:42:59.105+0900][2.471s][info ][gc,heap        ] GC(38) Archive regions: 0->0
[2026-08-03T18:42:59.105+0900][2.471s][info ][gc,heap        ] GC(38) Humongous regions: 0->0
[2026-08-03T18:42:59.105+0900][2.471s][info ][gc,metaspace   ] GC(38) Metaspace: 10452K(10816K)->10452K(10816K) NonClass: 9488K(9664K)->9488K(9664K) Class: 963K(1152K)->963K(1152K)
[2026-08-03T18:42:59.105+0900][2.471s][debug][gc,heap        ] GC(38) Heap after GC invocations=39 (full 31):
[2026-08-03T18:42:59.105+0900][2.471s][debug][gc,heap        ] GC(38)  garbage-first heap   total 327680K, used 59368K [0x000002895a000000, 0x000002c05a000000)
[2026-08-03T18:42:59.105+0900][2.471s][debug][gc,heap        ] GC(38)   region size 32768K, 0 young (0K), 0 survivors (0K)
[2026-08-03T18:42:59.105+0900][2.471s][debug][gc,heap        ] GC(38)  Metaspace       used 10452K, committed 10816K, reserved 1114112K
[2026-08-03T18:42:59.105+0900][2.471s][debug][gc,heap        ] GC(38)   class space    used 963K, committed 1152K, reserved 1048576K
[2026-08-03T18:42:59.105+0900][2.471s][info ][gc             ] GC(38) Pause Full (System.gc()) 192M->57M(320M) 51.664ms
[2026-08-03T18:42:59.105+0900][2.471s][info ][gc,cpu         ] GC(38) User=0.09s Sys=0.00s Real=0.05s
[2026-08-03T18:42:59.105+0900][2.471s][info ][safepoint      ] Safepoint "G1CollectFull", Time since last: 125159400 ns, Reaching safepoint: 48000 ns, At safepoint: 51787500 ns, Total: 51835500 ns
[2026-08-03T18:42:59.128+0900][2.495s][info ][gc,start       ] GC(39) Pause Full (System.gc())
[2026-08-03T18:42:59.128+0900][2.495s][debug][gc,heap        ] GC(39) Heap before GC invocations=39 (full 31):
[2026-08-03T18:42:59.128+0900][2.495s][debug][gc,heap        ] GC(39)  garbage-first heap   total 327680K, used 59368K [0x000002895a000000, 0x000002c05a000000)
[2026-08-03T18:42:59.128+0900][2.495s][debug][gc,heap        ] GC(39)   region size 32768K, 1 young (32768K), 0 survivors (0K)
[2026-08-03T18:42:59.128+0900][2.495s][debug][gc,heap        ] GC(39)  Metaspace       used 10452K, committed 10816K, reserved 1114112K
[2026-08-03T18:42:59.128+0900][2.495s][debug][gc,heap        ] GC(39)   class space    used 963K, committed 1152K, reserved 1048576K
[2026-08-03T18:42:59.129+0900][2.495s][info ][gc,task        ] GC(39) Using 1 workers of 18 for full compaction
[2026-08-03T18:42:59.129+0900][2.495s][info ][gc,phases,start] GC(39) Phase 1: Mark live objects
[2026-08-03T18:42:59.147+0900][2.514s][info ][gc,phases      ] GC(39) Phase 1: Mark live objects 18.759ms
[2026-08-03T18:42:59.147+0900][2.514s][info ][gc,phases,start] GC(39) Phase 2: Prepare for compaction
[2026-08-03T18:42:59.152+0900][2.519s][info ][gc,phases      ] GC(39) Phase 2: Prepare for compaction 4.574ms
[2026-08-03T18:42:59.152+0900][2.519s][info ][gc,phases,start] GC(39) Phase 3: Adjust pointers
[2026-08-03T18:42:59.163+0900][2.529s][info ][gc,phases      ] GC(39) Phase 3: Adjust pointers 10.261ms
[2026-08-03T18:42:59.163+0900][2.529s][info ][gc,phases,start] GC(39) Phase 4: Compact heap
[2026-08-03T18:42:59.166+0900][2.533s][info ][gc,phases      ] GC(39) Phase 4: Compact heap 3.799ms
[2026-08-03T18:42:59.167+0900][2.533s][debug][gc,heap        ] GC(39) Uncommittable regions after shrink: 6
[2026-08-03T18:42:59.169+0900][2.535s][info ][gc,heap        ] GC(39) Eden regions: 1->0(1)
[2026-08-03T18:42:59.169+0900][2.535s][info ][gc,heap        ] GC(39) Survivor regions: 0->0(1)
[2026-08-03T18:42:59.169+0900][2.535s][info ][gc,heap        ] GC(39) Old regions: 3->1
[2026-08-03T18:42:59.169+0900][2.535s][info ][gc,heap        ] GC(39) Archive regions: 0->0
[2026-08-03T18:42:59.169+0900][2.535s][info ][gc,heap        ] GC(39) Humongous regions: 0->0
[2026-08-03T18:42:59.169+0900][2.535s][info ][gc,metaspace   ] GC(39) Metaspace: 10452K(10816K)->10452K(10816K) NonClass: 9488K(9664K)->9488K(9664K) Class: 963K(1152K)->963K(1152K)
[2026-08-03T18:42:59.169+0900][2.535s][debug][gc,heap        ] GC(39) Heap after GC invocations=40 (full 32):
[2026-08-03T18:42:59.169+0900][2.535s][debug][gc,heap        ] GC(39)  garbage-first heap   total 131072K, used 21840K [0x000002895a000000, 0x000002c05a000000)
[2026-08-03T18:42:59.169+0900][2.535s][debug][gc,heap        ] GC(39)   region size 32768K, 0 young (0K), 0 survivors (0K)
[2026-08-03T18:42:59.169+0900][2.535s][debug][gc,heap        ] GC(39)  Metaspace       used 10452K, committed 10816K, reserved 1114112K
[2026-08-03T18:42:59.169+0900][2.535s][debug][gc,heap        ] GC(39)   class space    used 963K, committed 1152K, reserved 1048576K
[2026-08-03T18:42:59.169+0900][2.535s][info ][gc             ] GC(39) Pause Full (System.gc()) 72M->21M(128M) 40.194ms
[2026-08-03T18:42:59.169+0900][2.535s][info ][gc,cpu         ] GC(39) User=0.03s Sys=0.00s Real=0.04s
[2026-08-03T18:42:59.169+0900][2.535s][info ][safepoint      ] Safepoint "G1CollectFull", Time since last: 23736600 ns, Reaching safepoint: 29500 ns, At safepoint: 40314900 ns, Total: 40344400 ns
[2026-08-03T18:42:59.212+0900][2.579s][info ][gc,start       ] GC(40) Pause Young (Normal) (G1 Evacuation Pause)
[2026-08-03T18:42:59.212+0900][2.579s][debug][gc,heap        ] GC(40) Heap before GC invocations=40 (full 32):
[2026-08-03T18:42:59.212+0900][2.579s][debug][gc,heap        ] GC(40)  garbage-first heap   total 131072K, used 54608K [0x000002895a000000, 0x000002c05a000000)
[2026-08-03T18:42:59.212+0900][2.579s][debug][gc,heap        ] GC(40)   region size 32768K, 1 young (32768K), 0 survivors (0K)
[2026-08-03T18:42:59.212+0900][2.579s][debug][gc,heap        ] GC(40)  Metaspace       used 10634K, committed 11008K, reserved 1114112K
[2026-08-03T18:42:59.212+0900][2.579s][debug][gc,heap        ] GC(40)   class space    used 988K, committed 1152K, reserved 1048576K
[2026-08-03T18:42:59.212+0900][2.579s][info ][gc,task        ] GC(40) Using 3 workers of 18 for evacuation
[2026-08-03T18:42:59.222+0900][2.588s][info ][gc,phases      ] GC(40)   Pre Evacuate Collection Set: 0.1ms
[2026-08-03T18:42:59.222+0900][2.588s][info ][gc,phases      ] GC(40)   Merge Heap Roots: 0.1ms
[2026-08-03T18:42:59.222+0900][2.588s][info ][gc,phases      ] GC(40)   Evacuate Collection Set: 8.8ms
[2026-08-03T18:42:59.222+0900][2.588s][info ][gc,phases      ] GC(40)   Post Evacuate Collection Set: 0.3ms
[2026-08-03T18:42:59.222+0900][2.588s][info ][gc,phases      ] GC(40)   Other: 0.1ms
[2026-08-03T18:42:59.222+0900][2.588s][info ][gc,heap        ] GC(40) Eden regions: 1->0(1)
[2026-08-03T18:42:59.222+0900][2.588s][info ][gc,heap        ] GC(40) Survivor regions: 0->1(1)
[2026-08-03T18:42:59.222+0900][2.588s][info ][gc,heap        ] GC(40) Old regions: 1->1
[2026-08-03T18:42:59.222+0900][2.588s][info ][gc,heap        ] GC(40) Archive regions: 0->0
[2026-08-03T18:42:59.222+0900][2.588s][info ][gc,heap        ] GC(40) Humongous regions: 0->0
[2026-08-03T18:42:59.222+0900][2.588s][info ][gc,metaspace   ] GC(40) Metaspace: 10634K(11008K)->10634K(11008K) NonClass: 9646K(9856K)->9646K(9856K) Class: 988K(1152K)->988K(1152K)
[2026-08-03T18:42:59.222+0900][2.588s][debug][gc,heap        ] GC(40) Heap after GC invocations=41 (full 32):
[2026-08-03T18:42:59.222+0900][2.588s][debug][gc,heap        ] GC(40)  garbage-first heap   total 131072K, used 37683K [0x000002895a000000, 0x000002c05a000000)
[2026-08-03T18:42:59.222+0900][2.588s][debug][gc,heap        ] GC(40)   region size 32768K, 1 young (32768K), 1 survivors (32768K)
[2026-08-03T18:42:59.222+0900][2.588s][debug][gc,heap        ] GC(40)  Metaspace       used 10634K, committed 11008K, reserved 1114112K
[2026-08-03T18:42:59.222+0900][2.588s][debug][gc,heap        ] GC(40)   class space    used 988K, committed 1152K, reserved 1048576K
[2026-08-03T18:42:59.222+0900][2.588s][info ][gc             ] GC(40) Pause Young (Normal) (G1 Evacuation Pause) 53M->36M(128M) 9.714ms
[2026-08-03T18:42:59.222+0900][2.588s][info ][gc,cpu         ] GC(40) User=0.05s Sys=0.00s Real=0.01s
[2026-08-03T18:42:59.222+0900][2.588s][info ][safepoint      ] Safepoint "G1CollectForAllocation", Time since last: 43216200 ns, Reaching safepoint: 102700 ns, At safepoint: 9766100 ns, Total: 9868800 ns
[2026-08-03T18:42:59.255+0900][2.621s][info ][gc,start       ] GC(41) Pause Young (Normal) (G1 Evacuation Pause)
[2026-08-03T18:42:59.255+0900][2.621s][debug][gc,heap        ] GC(41) Heap before GC invocations=41 (full 32):
[2026-08-03T18:42:59.255+0900][2.621s][debug][gc,heap        ] GC(41)  garbage-first heap   total 131072K, used 70451K [0x000002895a000000, 0x000002c05a000000)
[2026-08-03T18:42:59.255+0900][2.621s][debug][gc,heap        ] GC(41)   region size 32768K, 2 young (65536K), 1 survivors (32768K)
[2026-08-03T18:42:59.255+0900][2.621s][debug][gc,heap        ] GC(41)  Metaspace       used 10634K, committed 11008K, reserved 1114112K
[2026-08-03T18:42:59.255+0900][2.621s][debug][gc,heap        ] GC(41)   class space    used 988K, committed 1152K, reserved 1048576K
[2026-08-03T18:42:59.255+0900][2.621s][info ][gc,task        ] GC(41) Using 3 workers of 18 for evacuation
[2026-08-03T18:42:59.268+0900][2.635s][info ][gc,phases      ] GC(41)   Pre Evacuate Collection Set: 0.1ms
[2026-08-03T18:42:59.269+0900][2.635s][info ][gc,phases      ] GC(41)   Merge Heap Roots: 0.1ms
[2026-08-03T18:42:59.269+0900][2.635s][info ][gc,phases      ] GC(41)   Evacuate Collection Set: 13.3ms
[2026-08-03T18:42:59.269+0900][2.635s][info ][gc,phases      ] GC(41)   Post Evacuate Collection Set: 0.2ms
[2026-08-03T18:42:59.269+0900][2.635s][info ][gc,phases      ] GC(41)   Other: 0.1ms
[2026-08-03T18:42:59.269+0900][2.635s][info ][gc,heap        ] GC(41) Eden regions: 1->0(1)
[2026-08-03T18:42:59.269+0900][2.635s][info ][gc,heap        ] GC(41) Survivor regions: 1->1(1)
[2026-08-03T18:42:59.269+0900][2.635s][info ][gc,heap        ] GC(41) Old regions: 1->1
[2026-08-03T18:42:59.269+0900][2.635s][info ][gc,heap        ] GC(41) Archive regions: 0->0
[2026-08-03T18:42:59.269+0900][2.635s][info ][gc,heap        ] GC(41) Humongous regions: 0->0
[2026-08-03T18:42:59.269+0900][2.635s][info ][gc,metaspace   ] GC(41) Metaspace: 10634K(11008K)->10634K(11008K) NonClass: 9646K(9856K)->9646K(9856K) Class: 988K(1152K)->988K(1152K)
[2026-08-03T18:42:59.269+0900][2.635s][debug][gc,heap        ] GC(41) Heap after GC invocations=42 (full 32):
[2026-08-03T18:42:59.269+0900][2.635s][debug][gc,heap        ] GC(41)  garbage-first heap   total 131072K, used 50407K [0x000002895a000000, 0x000002c05a000000)
[2026-08-03T18:42:59.269+0900][2.635s][debug][gc,heap        ] GC(41)   region size 32768K, 1 young (32768K), 1 survivors (32768K)
[2026-08-03T18:42:59.269+0900][2.635s][debug][gc,heap        ] GC(41)  Metaspace       used 10634K, committed 11008K, reserved 1114112K
[2026-08-03T18:42:59.269+0900][2.635s][debug][gc,heap        ] GC(41)   class space    used 988K, committed 1152K, reserved 1048576K
[2026-08-03T18:42:59.269+0900][2.635s][info ][gc             ] GC(41) Pause Young (Normal) (G1 Evacuation Pause) 68M->49M(128M) 14.130ms
[2026-08-03T18:42:59.269+0900][2.635s][info ][gc,cpu         ] GC(41) User=0.05s Sys=0.00s Real=0.01s
[2026-08-03T18:42:59.269+0900][2.635s][info ][safepoint      ] Safepoint "G1CollectForAllocation", Time since last: 32429000 ns, Reaching safepoint: 80400 ns, At safepoint: 14185300 ns, Total: 14265700 ns
[2026-08-03T18:42:59.284+0900][2.651s][info ][gc,start       ] GC(42) Pause Young (Normal) (G1 Evacuation Pause)
[2026-08-03T18:42:59.284+0900][2.651s][debug][gc,heap        ] GC(42) Heap before GC invocations=42 (full 32):
[2026-08-03T18:42:59.285+0900][2.651s][debug][gc,heap        ] GC(42)  garbage-first heap   total 131072K, used 83175K [0x000002895a000000, 0x000002c05a000000)
[2026-08-03T18:42:59.285+0900][2.651s][debug][gc,heap        ] GC(42)   region size 32768K, 2 young (65536K), 1 survivors (32768K)
[2026-08-03T18:42:59.285+0900][2.651s][debug][gc,heap        ] GC(42)  Metaspace       used 10634K, committed 11008K, reserved 1114112K
[2026-08-03T18:42:59.285+0900][2.651s][debug][gc,heap        ] GC(42)   class space    used 988K, committed 1152K, reserved 1048576K
[2026-08-03T18:42:59.285+0900][2.651s][info ][gc,task        ] GC(42) Using 3 workers of 18 for evacuation
[2026-08-03T18:42:59.305+0900][2.671s][info ][gc,phases      ] GC(42)   Pre Evacuate Collection Set: 0.1ms
[2026-08-03T18:42:59.305+0900][2.671s][info ][gc,phases      ] GC(42)   Merge Heap Roots: 0.2ms
[2026-08-03T18:42:59.305+0900][2.671s][info ][gc,phases      ] GC(42)   Evacuate Collection Set: 19.8ms
[2026-08-03T18:42:59.305+0900][2.671s][info ][gc,phases      ] GC(42)   Post Evacuate Collection Set: 0.2ms
[2026-08-03T18:42:59.305+0900][2.671s][info ][gc,phases      ] GC(42)   Other: 0.1ms
[2026-08-03T18:42:59.305+0900][2.671s][info ][gc,heap        ] GC(42) Eden regions: 1->0(1)
[2026-08-03T18:42:59.305+0900][2.671s][info ][gc,heap        ] GC(42) Survivor regions: 1->1(1)
[2026-08-03T18:42:59.305+0900][2.671s][info ][gc,heap        ] GC(42) Old regions: 1->2
[2026-08-03T18:42:59.305+0900][2.671s][info ][gc,heap        ] GC(42) Archive regions: 0->0
[2026-08-03T18:42:59.305+0900][2.671s][info ][gc,heap        ] GC(42) Humongous regions: 0->0
[2026-08-03T18:42:59.305+0900][2.671s][info ][gc,metaspace   ] GC(42) Metaspace: 10634K(11008K)->10634K(11008K) NonClass: 9646K(9856K)->9646K(9856K) Class: 988K(1152K)->988K(1152K)
[2026-08-03T18:42:59.305+0900][2.671s][debug][gc,heap        ] GC(42) Heap after GC invocations=43 (full 32):
[2026-08-03T18:42:59.305+0900][2.671s][debug][gc,heap        ] GC(42)  garbage-first heap   total 163840K, used 67515K [0x000002895a000000, 0x000002c05a000000)
[2026-08-03T18:42:59.305+0900][2.671s][debug][gc,heap        ] GC(42)   region size 32768K, 1 young (32768K), 1 survivors (32768K)
[2026-08-03T18:42:59.305+0900][2.671s][debug][gc,heap        ] GC(42)  Metaspace       used 10634K, committed 11008K, reserved 1114112K
[2026-08-03T18:42:59.305+0900][2.671s][debug][gc,heap        ] GC(42)   class space    used 988K, committed 1152K, reserved 1048576K
[2026-08-03T18:42:59.305+0900][2.671s][info ][gc             ] GC(42) Pause Young (Normal) (G1 Evacuation Pause) 81M->65M(160M) 20.697ms
[2026-08-03T18:42:59.305+0900][2.671s][info ][gc,cpu         ] GC(42) User=0.05s Sys=0.00s Real=0.02s
[2026-08-03T18:42:59.305+0900][2.672s][info ][safepoint      ] Safepoint "G1CollectForAllocation", Time since last: 15568900 ns, Reaching safepoint: 109500 ns, At safepoint: 20757700 ns, Total: 20867200 ns
[2026-08-03T18:42:59.346+0900][2.712s][info ][gc,start       ] GC(43) Pause Young (Normal) (G1 Evacuation Pause)
[2026-08-03T18:42:59.346+0900][2.712s][debug][gc,heap        ] GC(43) Heap before GC invocations=43 (full 32):
[2026-08-03T18:42:59.346+0900][2.712s][debug][gc,heap        ] GC(43)  garbage-first heap   total 163840K, used 100283K [0x000002895a000000, 0x000002c05a000000)
[2026-08-03T18:42:59.346+0900][2.712s][debug][gc,heap        ] GC(43)   region size 32768K, 2 young (65536K), 1 survivors (32768K)
[2026-08-03T18:42:59.346+0900][2.712s][debug][gc,heap        ] GC(43)  Metaspace       used 10702K, committed 11072K, reserved 1114112K
[2026-08-03T18:42:59.346+0900][2.712s][debug][gc,heap        ] GC(43)   class space    used 992K, committed 1152K, reserved 1048576K
[2026-08-03T18:42:59.346+0900][2.712s][info ][gc,task        ] GC(43) Using 3 workers of 18 for evacuation
[2026-08-03T18:42:59.369+0900][2.735s][info ][gc,phases      ] GC(43)   Pre Evacuate Collection Set: 0.1ms
[2026-08-03T18:42:59.369+0900][2.736s][info ][gc,phases      ] GC(43)   Merge Heap Roots: 0.1ms
[2026-08-03T18:42:59.369+0900][2.736s][info ][gc,phases      ] GC(43)   Evacuate Collection Set: 20.7ms
[2026-08-03T18:42:59.369+0900][2.736s][info ][gc,phases      ] GC(43)   Post Evacuate Collection Set: 2.3ms
[2026-08-03T18:42:59.369+0900][2.736s][info ][gc,phases      ] GC(43)   Other: 0.1ms
[2026-08-03T18:42:59.369+0900][2.736s][info ][gc,heap        ] GC(43) Eden regions: 1->0(6)
[2026-08-03T18:42:59.369+0900][2.736s][info ][gc,heap        ] GC(43) Survivor regions: 1->1(1)
[2026-08-03T18:42:59.369+0900][2.736s][info ][gc,heap        ] GC(43) Old regions: 2->3
[2026-08-03T18:42:59.369+0900][2.736s][info ][gc,heap        ] GC(43) Archive regions: 0->0
[2026-08-03T18:42:59.369+0900][2.736s][info ][gc,heap        ] GC(43) Humongous regions: 0->0
[2026-08-03T18:42:59.369+0900][2.736s][info ][gc,metaspace   ] GC(43) Metaspace: 10702K(11072K)->10702K(11072K) NonClass: 9710K(9920K)->9710K(9920K) Class: 992K(1152K)->992K(1152K)
[2026-08-03T18:42:59.369+0900][2.736s][debug][gc,heap        ] GC(43) Heap after GC invocations=44 (full 32):
[2026-08-03T18:42:59.369+0900][2.736s][debug][gc,heap        ] GC(43)  garbage-first heap   total 1146880K, used 80621K [0x000002895a000000, 0x000002c05a000000)
[2026-08-03T18:42:59.369+0900][2.736s][debug][gc,heap        ] GC(43)   region size 32768K, 1 young (32768K), 1 survivors (32768K)
[2026-08-03T18:42:59.369+0900][2.736s][debug][gc,heap        ] GC(43)  Metaspace       used 10702K, committed 11072K, reserved 1114112K
[2026-08-03T18:42:59.369+0900][2.736s][debug][gc,heap        ] GC(43)   class space    used 992K, committed 1152K, reserved 1048576K
[2026-08-03T18:42:59.369+0900][2.736s][info ][gc             ] GC(43) Pause Young (Normal) (G1 Evacuation Pause) 97M->78M(1120M) 23.686ms
[2026-08-03T18:42:59.369+0900][2.736s][info ][gc,cpu         ] GC(43) User=0.05s Sys=0.00s Real=0.02s
[2026-08-03T18:42:59.369+0900][2.736s][info ][safepoint      ] Safepoint "G1CollectForAllocation", Time since last: 39646600 ns, Reaching safepoint: 805300 ns, At safepoint: 23842500 ns, Total: 24647800 ns
[2026-08-03T18:42:59.370+0900][2.736s][debug][gc,heap        ] Concurrent Uncommit Summary: 896M, 28 regions, 11.463ms
[2026-08-03T18:42:59.612+0900][2.978s][info ][gc,start       ] GC(44) Pause Young (Normal) (G1 Evacuation Pause)
[2026-08-03T18:42:59.612+0900][2.978s][debug][gc,heap        ] GC(44) Heap before GC invocations=44 (full 32):
[2026-08-03T18:42:59.612+0900][2.978s][debug][gc,heap        ] GC(44)  garbage-first heap   total 1146880K, used 277229K [0x000002895a000000, 0x000002c05a000000)
[2026-08-03T18:42:59.612+0900][2.978s][debug][gc,heap        ] GC(44)   region size 32768K, 7 young (229376K), 1 survivors (32768K)
[2026-08-03T18:42:59.612+0900][2.978s][debug][gc,heap        ] GC(44)  Metaspace       used 11491K, committed 11904K, reserved 1114112K
[2026-08-03T18:42:59.612+0900][2.978s][debug][gc,heap        ] GC(44)   class space    used 1056K, committed 1280K, reserved 1048576K
[2026-08-03T18:42:59.612+0900][2.979s][info ][gc,task        ] GC(44) Using 18 workers of 18 for evacuation
[2026-08-03T18:42:59.618+0900][2.984s][info ][gc,phases      ] GC(44)   Pre Evacuate Collection Set: 0.1ms
[2026-08-03T18:42:59.618+0900][2.984s][info ][gc,phases      ] GC(44)   Merge Heap Roots: 0.2ms
[2026-08-03T18:42:59.618+0900][2.984s][info ][gc,phases      ] GC(44)   Evacuate Collection Set: 4.6ms
[2026-08-03T18:42:59.618+0900][2.984s][info ][gc,phases      ] GC(44)   Post Evacuate Collection Set: 0.3ms
[2026-08-03T18:42:59.618+0900][2.984s][info ][gc,phases      ] GC(44)   Other: 0.3ms
[2026-08-03T18:42:59.618+0900][2.984s][info ][gc,heap        ] GC(44) Eden regions: 6->0(6)
[2026-08-03T18:42:59.618+0900][2.984s][info ][gc,heap        ] GC(44) Survivor regions: 1->1(1)
[2026-08-03T18:42:59.618+0900][2.984s][info ][gc,heap        ] GC(44) Old regions: 3->3
[2026-08-03T18:42:59.618+0900][2.984s][info ][gc,heap        ] GC(44) Archive regions: 0->0
[2026-08-03T18:42:59.618+0900][2.984s][info ][gc,heap        ] GC(44) Humongous regions: 0->0
[2026-08-03T18:42:59.618+0900][2.984s][info ][gc,metaspace   ] GC(44) Metaspace: 11491K(11904K)->11491K(11904K) NonClass: 10434K(10624K)->10434K(10624K) Class: 1056K(1280K)->1056K(1280K)
[2026-08-03T18:42:59.618+0900][2.984s][debug][gc,heap        ] GC(44) Heap after GC invocations=45 (full 32):
[2026-08-03T18:42:59.618+0900][2.984s][debug][gc,heap        ] GC(44)  garbage-first heap   total 1146880K, used 88730K [0x000002895a000000, 0x000002c05a000000)
[2026-08-03T18:42:59.618+0900][2.984s][debug][gc,heap        ] GC(44)   region size 32768K, 1 young (32768K), 1 survivors (32768K)
[2026-08-03T18:42:59.618+0900][2.984s][debug][gc,heap        ] GC(44)  Metaspace       used 11491K, committed 11904K, reserved 1114112K
[2026-08-03T18:42:59.618+0900][2.984s][debug][gc,heap        ] GC(44)   class space    used 1056K, committed 1280K, reserved 1048576K
[2026-08-03T18:42:59.618+0900][2.984s][info ][gc             ] GC(44) Pause Young (Normal) (G1 Evacuation Pause) 270M->86M(1120M) 5.922ms
[2026-08-03T18:42:59.618+0900][2.984s][info ][gc,cpu         ] GC(44) User=0.00s Sys=0.00s Real=0.01s
[2026-08-03T18:42:59.618+0900][2.984s][info ][safepoint      ] Safepoint "G1CollectForAllocation", Time since last: 242223700 ns, Reaching safepoint: 140000 ns, At safepoint: 5983700 ns, Total: 6123700 ns
[2026-08-03T18:42:59.816+0900][3.183s][info ][gc,start       ] GC(45) Pause Young (Normal) (G1 Evacuation Pause)
[2026-08-03T18:42:59.816+0900][3.183s][debug][gc,heap        ] GC(45) Heap before GC invocations=45 (full 32):
[2026-08-03T18:42:59.816+0900][3.183s][debug][gc,heap        ] GC(45)  garbage-first heap   total 1146880K, used 285338K [0x000002895a000000, 0x000002c05a000000)
[2026-08-03T18:42:59.816+0900][3.183s][debug][gc,heap        ] GC(45)   region size 32768K, 7 young (229376K), 1 survivors (32768K)
[2026-08-03T18:42:59.816+0900][3.183s][debug][gc,heap        ] GC(45)  Metaspace       used 11842K, committed 12352K, reserved 1114112K
[2026-08-03T18:42:59.816+0900][3.183s][debug][gc,heap        ] GC(45)   class space    used 1091K, committed 1344K, reserved 1048576K
[2026-08-03T18:42:59.816+0900][3.183s][info ][gc,task        ] GC(45) Using 18 workers of 18 for evacuation
[2026-08-03T18:42:59.830+0900][3.196s][info ][gc,phases      ] GC(45)   Pre Evacuate Collection Set: 0.1ms
[2026-08-03T18:42:59.830+0900][3.196s][info ][gc,phases      ] GC(45)   Merge Heap Roots: 0.2ms
[2026-08-03T18:42:59.830+0900][3.196s][info ][gc,phases      ] GC(45)   Evacuate Collection Set: 12.6ms
[2026-08-03T18:42:59.830+0900][3.196s][info ][gc,phases      ] GC(45)   Post Evacuate Collection Set: 0.3ms
[2026-08-03T18:42:59.830+0900][3.196s][info ][gc,phases      ] GC(45)   Other: 0.1ms
[2026-08-03T18:42:59.830+0900][3.196s][info ][gc,heap        ] GC(45) Eden regions: 6->0(6)
[2026-08-03T18:42:59.830+0900][3.196s][info ][gc,heap        ] GC(45) Survivor regions: 1->1(1)
[2026-08-03T18:42:59.830+0900][3.196s][info ][gc,heap        ] GC(45) Old regions: 3->4
[2026-08-03T18:42:59.830+0900][3.196s][info ][gc,heap        ] GC(45) Archive regions: 0->0
[2026-08-03T18:42:59.830+0900][3.196s][info ][gc,heap        ] GC(45) Humongous regions: 0->0
[2026-08-03T18:42:59.830+0900][3.196s][info ][gc,metaspace   ] GC(45) Metaspace: 11842K(12352K)->11842K(12352K) NonClass: 10751K(11008K)->10751K(11008K) Class: 1091K(1344K)->1091K(1344K)
[2026-08-03T18:42:59.830+0900][3.196s][debug][gc,heap        ] GC(45) Heap after GC invocations=46 (full 32):
[2026-08-03T18:42:59.830+0900][3.196s][debug][gc,heap        ] GC(45)  garbage-first heap   total 1146880K, used 141221K [0x000002895a000000, 0x000002c05a000000)
[2026-08-03T18:42:59.830+0900][3.196s][debug][gc,heap        ] GC(45)   region size 32768K, 1 young (32768K), 1 survivors (32768K)
[2026-08-03T18:42:59.830+0900][3.196s][debug][gc,heap        ] GC(45)  Metaspace       used 11842K, committed 12352K, reserved 1114112K
[2026-08-03T18:42:59.830+0900][3.196s][debug][gc,heap        ] GC(45)   class space    used 1091K, committed 1344K, reserved 1048576K
[2026-08-03T18:42:59.830+0900][3.196s][info ][gc             ] GC(45) Pause Young (Normal) (G1 Evacuation Pause) 278M->137M(1120M) 13.695ms
[2026-08-03T18:42:59.830+0900][3.196s][info ][gc,cpu         ] GC(45) User=0.31s Sys=0.00s Real=0.01s
[2026-08-03T18:42:59.830+0900][3.196s][info ][safepoint      ] Safepoint "G1CollectForAllocation", Time since last: 198386700 ns, Reaching safepoint: 106300 ns, At safepoint: 13754100 ns, Total: 13860400 ns
[2026-08-03T18:43:00.006+0900][3.373s][info ][gc,start       ] GC(46) Pause Young (Normal) (G1 Evacuation Pause)
[2026-08-03T18:43:00.007+0900][3.373s][debug][gc,heap        ] GC(46) Heap before GC invocations=46 (full 32):
[2026-08-03T18:43:00.007+0900][3.373s][debug][gc,heap        ] GC(46)  garbage-first heap   total 1146880K, used 337829K [0x000002895a000000, 0x000002c05a000000)
[2026-08-03T18:43:00.007+0900][3.373s][debug][gc,heap        ] GC(46)   region size 32768K, 7 young (229376K), 1 survivors (32768K)
[2026-08-03T18:43:00.007+0900][3.373s][debug][gc,heap        ] GC(46)  Metaspace       used 11883K, committed 12416K, reserved 1114112K
[2026-08-03T18:43:00.007+0900][3.373s][debug][gc,heap        ] GC(46)   class space    used 1091K, committed 1344K, reserved 1048576K
[2026-08-03T18:43:00.007+0900][3.373s][info ][gc,task        ] GC(46) Using 18 workers of 18 for evacuation
[2026-08-03T18:43:00.018+0900][3.385s][info ][gc,phases      ] GC(46)   Pre Evacuate Collection Set: 0.1ms
[2026-08-03T18:43:00.019+0900][3.385s][info ][gc,phases      ] GC(46)   Merge Heap Roots: 0.3ms
[2026-08-03T18:43:00.019+0900][3.385s][info ][gc,phases      ] GC(46)   Evacuate Collection Set: 11.2ms
[2026-08-03T18:43:00.019+0900][3.385s][info ][gc,phases      ] GC(46)   Post Evacuate Collection Set: 0.3ms
[2026-08-03T18:43:00.019+0900][3.385s][info ][gc,phases      ] GC(46)   Other: 0.1ms
[2026-08-03T18:43:00.019+0900][3.385s][info ][gc,heap        ] GC(46) Eden regions: 6->0(6)
[2026-08-03T18:43:00.019+0900][3.385s][info ][gc,heap        ] GC(46) Survivor regions: 1->1(1)
[2026-08-03T18:43:00.019+0900][3.385s][info ][gc,heap        ] GC(46) Old regions: 4->6
[2026-08-03T18:43:00.019+0900][3.385s][info ][gc,heap        ] GC(46) Archive regions: 0->0
[2026-08-03T18:43:00.019+0900][3.385s][info ][gc,heap        ] GC(46) Humongous regions: 0->0
[2026-08-03T18:43:00.019+0900][3.385s][info ][gc,metaspace   ] GC(46) Metaspace: 11883K(12416K)->11883K(12416K) NonClass: 10791K(11072K)->10791K(11072K) Class: 1091K(1344K)->1091K(1344K)
[2026-08-03T18:43:00.019+0900][3.385s][debug][gc,heap        ] GC(46) Heap after GC invocations=47 (full 32):
[2026-08-03T18:43:00.019+0900][3.385s][debug][gc,heap        ] GC(46)  garbage-first heap   total 1146880K, used 191077K [0x000002895a000000, 0x000002c05a000000)
[2026-08-03T18:43:00.019+0900][3.385s][debug][gc,heap        ] GC(46)   region size 32768K, 1 young (32768K), 1 survivors (32768K)
[2026-08-03T18:43:00.019+0900][3.385s][debug][gc,heap        ] GC(46)  Metaspace       used 11883K, committed 12416K, reserved 1114112K
[2026-08-03T18:43:00.019+0900][3.385s][debug][gc,heap        ] GC(46)   class space    used 1091K, committed 1344K, reserved 1048576K
[2026-08-03T18:43:00.019+0900][3.385s][info ][gc             ] GC(46) Pause Young (Normal) (G1 Evacuation Pause) 329M->186M(1120M) 12.260ms
[2026-08-03T18:43:00.019+0900][3.385s][info ][gc,cpu         ] GC(46) User=0.28s Sys=0.00s Real=0.01s
[2026-08-03T18:43:00.019+0900][3.385s][info ][safepoint      ] Safepoint "G1CollectForAllocation", Time since last: 176264900 ns, Reaching safepoint: 87600 ns, At safepoint: 12319600 ns, Total: 12407200 ns
[2026-08-03T18:43:00.144+0900][3.510s][info ][gc,start       ] GC(47) Pause Young (Normal) (G1 Evacuation Pause)
[2026-08-03T18:43:00.144+0900][3.510s][debug][gc,heap        ] GC(47) Heap before GC invocations=47 (full 32):
[2026-08-03T18:43:00.144+0900][3.510s][debug][gc,heap        ] GC(47)  garbage-first heap   total 1146880K, used 387685K [0x000002895a000000, 0x000002c05a000000)
[2026-08-03T18:43:00.144+0900][3.510s][debug][gc,heap        ] GC(47)   region size 32768K, 7 young (229376K), 1 survivors (32768K)
[2026-08-03T18:43:00.144+0900][3.510s][debug][gc,heap        ] GC(47)  Metaspace       used 11889K, committed 12416K, reserved 1114112K
[2026-08-03T18:43:00.144+0900][3.510s][debug][gc,heap        ] GC(47)   class space    used 1091K, committed 1344K, reserved 1048576K
[2026-08-03T18:43:00.144+0900][3.510s][info ][gc,task        ] GC(47) Using 18 workers of 18 for evacuation
[2026-08-03T18:43:00.156+0900][3.523s][info ][gc,phases      ] GC(47)   Pre Evacuate Collection Set: 0.1ms
[2026-08-03T18:43:00.156+0900][3.523s][info ][gc,phases      ] GC(47)   Merge Heap Roots: 0.3ms
[2026-08-03T18:43:00.156+0900][3.523s][info ][gc,phases      ] GC(47)   Evacuate Collection Set: 9.0ms
[2026-08-03T18:43:00.156+0900][3.523s][info ][gc,phases      ] GC(47)   Post Evacuate Collection Set: 2.7ms
[2026-08-03T18:43:00.156+0900][3.523s][info ][gc,phases      ] GC(47)   Other: 0.1ms
[2026-08-03T18:43:00.156+0900][3.523s][info ][gc,heap        ] GC(47) Eden regions: 6->0(13)
[2026-08-03T18:43:00.156+0900][3.523s][info ][gc,heap        ] GC(47) Survivor regions: 1->1(1)
[2026-08-03T18:43:00.156+0900][3.523s][info ][gc,heap        ] GC(47) Old regions: 6->7
[2026-08-03T18:43:00.156+0900][3.523s][info ][gc,heap        ] GC(47) Archive regions: 0->0
[2026-08-03T18:43:00.156+0900][3.523s][info ][gc,heap        ] GC(47) Humongous regions: 0->0
[2026-08-03T18:43:00.156+0900][3.523s][info ][gc,metaspace   ] GC(47) Metaspace: 11889K(12416K)->11889K(12416K) NonClass: 10797K(11072K)->10797K(11072K) Class: 1091K(1344K)->1091K(1344K)
[2026-08-03T18:43:00.156+0900][3.523s][debug][gc,heap        ] GC(47) Heap after GC invocations=48 (full 32):
[2026-08-03T18:43:00.156+0900][3.523s][debug][gc,heap        ] GC(47)  garbage-first heap   total 2326528K, used 222744K [0x000002895a000000, 0x000002c05a000000)
[2026-08-03T18:43:00.156+0900][3.523s][debug][gc,heap        ] GC(47)   region size 32768K, 1 young (32768K), 1 survivors (32768K)
[2026-08-03T18:43:00.156+0900][3.523s][debug][gc,heap        ] GC(47)  Metaspace       used 11889K, committed 12416K, reserved 1114112K
[2026-08-03T18:43:00.156+0900][3.523s][debug][gc,heap        ] GC(47)   class space    used 1091K, committed 1344K, reserved 1048576K
[2026-08-03T18:43:00.156+0900][3.523s][info ][gc             ] GC(47) Pause Young (Normal) (G1 Evacuation Pause) 378M->217M(2272M) 12.570ms
[2026-08-03T18:43:00.156+0900][3.523s][info ][gc,cpu         ] GC(47) User=0.00s Sys=0.00s Real=0.01s
[2026-08-03T18:43:00.156+0900][3.523s][info ][safepoint      ] Safepoint "G1CollectForAllocation", Time since last: 124950600 ns, Reaching safepoint: 109900 ns, At safepoint: 12621900 ns, Total: 12731800 ns
[2026-08-03T18:43:00.447+0900][3.814s][info ][gc,start       ] GC(48) Pause Young (Normal) (G1 Evacuation Pause)
[2026-08-03T18:43:00.447+0900][3.814s][debug][gc,heap        ] GC(48) Heap before GC invocations=48 (full 32):
[2026-08-03T18:43:00.447+0900][3.814s][debug][gc,heap        ] GC(48)  garbage-first heap   total 2326528K, used 648728K [0x000002895a000000, 0x000002c05a000000)
[2026-08-03T18:43:00.447+0900][3.814s][debug][gc,heap        ] GC(48)   region size 32768K, 14 young (458752K), 1 survivors (32768K)
[2026-08-03T18:43:00.447+0900][3.814s][debug][gc,heap        ] GC(48)  Metaspace       used 11889K, committed 12416K, reserved 1114112K
[2026-08-03T18:43:00.447+0900][3.814s][debug][gc,heap        ] GC(48)   class space    used 1091K, committed 1344K, reserved 1048576K
[2026-08-03T18:43:00.447+0900][3.814s][info ][gc,task        ] GC(48) Using 18 workers of 18 for evacuation
[2026-08-03T18:43:00.473+0900][3.839s][info ][gc,phases      ] GC(48)   Pre Evacuate Collection Set: 0.1ms
[2026-08-03T18:43:00.473+0900][3.840s][info ][gc,phases      ] GC(48)   Merge Heap Roots: 0.2ms
[2026-08-03T18:43:00.473+0900][3.840s][info ][gc,phases      ] GC(48)   Evacuate Collection Set: 24.9ms
[2026-08-03T18:43:00.473+0900][3.840s][info ][gc,phases      ] GC(48)   Post Evacuate Collection Set: 0.4ms
[2026-08-03T18:43:00.473+0900][3.840s][info ][gc,phases      ] GC(48)   Other: 0.1ms
[2026-08-03T18:43:00.473+0900][3.840s][info ][gc,heap        ] GC(48) Eden regions: 13->0(12)
[2026-08-03T18:43:00.473+0900][3.840s][info ][gc,heap        ] GC(48) Survivor regions: 1->2(2)
[2026-08-03T18:43:00.473+0900][3.840s][info ][gc,heap        ] GC(48) Old regions: 7->9
[2026-08-03T18:43:00.473+0900][3.840s][info ][gc,heap        ] GC(48) Archive regions: 0->0
[2026-08-03T18:43:00.473+0900][3.840s][info ][gc,heap        ] GC(48) Humongous regions: 0->0
[2026-08-03T18:43:00.473+0900][3.840s][info ][gc,metaspace   ] GC(48) Metaspace: 11889K(12416K)->11889K(12416K) NonClass: 10797K(11072K)->10797K(11072K) Class: 1091K(1344K)->1091K(1344K)
[2026-08-03T18:43:00.473+0900][3.840s][debug][gc,heap        ] GC(48) Heap after GC invocations=49 (full 32):
[2026-08-03T18:43:00.473+0900][3.840s][debug][gc,heap        ] GC(48)  garbage-first heap   total 2326528K, used 331577K [0x000002895a000000, 0x000002c05a000000)
[2026-08-03T18:43:00.473+0900][3.840s][debug][gc,heap        ] GC(48)   region size 32768K, 2 young (65536K), 2 survivors (65536K)
[2026-08-03T18:43:00.473+0900][3.840s][debug][gc,heap        ] GC(48)  Metaspace       used 11889K, committed 12416K, reserved 1114112K
[2026-08-03T18:43:00.473+0900][3.840s][debug][gc,heap        ] GC(48)   class space    used 1091K, committed 1344K, reserved 1048576K
[2026-08-03T18:43:00.473+0900][3.840s][info ][gc             ] GC(48) Pause Young (Normal) (G1 Evacuation Pause) 633M->323M(2272M) 26.083ms
[2026-08-03T18:43:00.473+0900][3.840s][info ][gc,cpu         ] GC(48) User=0.31s Sys=0.25s Real=0.03s
[2026-08-03T18:43:00.473+0900][3.840s][info ][safepoint      ] Safepoint "G1CollectForAllocation", Time since last: 290698300 ns, Reaching safepoint: 96000 ns, At safepoint: 26138800 ns, Total: 26234800 ns
[2026-08-03T18:43:00.657+0900][4.024s][info ][gc,start       ] GC(49) Pause Young (Normal) (G1 Evacuation Pause)
[2026-08-03T18:43:00.657+0900][4.024s][debug][gc,heap        ] GC(49) Heap before GC invocations=49 (full 32):
[2026-08-03T18:43:00.657+0900][4.024s][debug][gc,heap        ] GC(49)  garbage-first heap   total 2326528K, used 724793K [0x000002895a000000, 0x000002c05a000000)
[2026-08-03T18:43:00.657+0900][4.024s][debug][gc,heap        ] GC(49)   region size 32768K, 14 young (458752K), 2 survivors (65536K)
[2026-08-03T18:43:00.657+0900][4.024s][debug][gc,heap        ] GC(49)  Metaspace       used 11889K, committed 12416K, reserved 1114112K
[2026-08-03T18:43:00.658+0900][4.024s][debug][gc,heap        ] GC(49)   class space    used 1091K, committed 1344K, reserved 1048576K
[2026-08-03T18:43:00.658+0900][4.024s][info ][gc,task        ] GC(49) Using 18 workers of 18 for evacuation
[2026-08-03T18:43:00.686+0900][4.052s][info ][gc,phases      ] GC(49)   Pre Evacuate Collection Set: 0.1ms
[2026-08-03T18:43:00.686+0900][4.053s][info ][gc,phases      ] GC(49)   Merge Heap Roots: 0.7ms
[2026-08-03T18:43:00.686+0900][4.053s][info ][gc,phases      ] GC(49)   Evacuate Collection Set: 27.4ms
[2026-08-03T18:43:00.686+0900][4.053s][info ][gc,phases      ] GC(49)   Post Evacuate Collection Set: 0.3ms
[2026-08-03T18:43:00.686+0900][4.053s][info ][gc,phases      ] GC(49)   Other: 0.1ms
[2026-08-03T18:43:00.686+0900][4.053s][info ][gc,heap        ] GC(49) Eden regions: 12->0(12)
[2026-08-03T18:43:00.686+0900][4.053s][info ][gc,heap        ] GC(49) Survivor regions: 2->2(2)
[2026-08-03T18:43:00.686+0900][4.053s][info ][gc,heap        ] GC(49) Old regions: 9->12
[2026-08-03T18:43:00.686+0900][4.053s][info ][gc,heap        ] GC(49) Archive regions: 0->0
[2026-08-03T18:43:00.686+0900][4.053s][info ][gc,heap        ] GC(49) Humongous regions: 0->0
[2026-08-03T18:43:00.686+0900][4.053s][info ][gc,metaspace   ] GC(49) Metaspace: 11889K(12416K)->11889K(12416K) NonClass: 10797K(11072K)->10797K(11072K) Class: 1091K(1344K)->1091K(1344K)
[2026-08-03T18:43:00.686+0900][4.053s][debug][gc,heap        ] GC(49) Heap after GC invocations=50 (full 32):
[2026-08-03T18:43:00.686+0900][4.053s][debug][gc,heap        ] GC(49)  garbage-first heap   total 2326528K, used 433789K [0x000002895a000000, 0x000002c05a000000)
[2026-08-03T18:43:00.686+0900][4.053s][debug][gc,heap        ] GC(49)   region size 32768K, 2 young (65536K), 2 survivors (65536K)
[2026-08-03T18:43:00.686+0900][4.053s][debug][gc,heap        ] GC(49)  Metaspace       used 11889K, committed 12416K, reserved 1114112K
[2026-08-03T18:43:00.686+0900][4.053s][debug][gc,heap        ] GC(49)   class space    used 1091K, committed 1344K, reserved 1048576K
[2026-08-03T18:43:00.686+0900][4.053s][info ][gc             ] GC(49) Pause Young (Normal) (G1 Evacuation Pause) 707M->423M(2272M) 28.955ms
[2026-08-03T18:43:00.686+0900][4.053s][info ][gc,cpu         ] GC(49) User=0.14s Sys=0.14s Real=0.03s
[2026-08-03T18:43:00.686+0900][4.053s][info ][safepoint      ] Safepoint "G1CollectForAllocation", Time since last: 183908500 ns, Reaching safepoint: 103900 ns, At safepoint: 29011700 ns, Total: 29115600 ns
[2026-08-03T18:43:00.858+0900][4.224s][info ][gc,start       ] GC(50) Pause Young (Normal) (G1 Evacuation Pause)
[2026-08-03T18:43:00.858+0900][4.225s][debug][gc,heap        ] GC(50) Heap before GC invocations=50 (full 32):
[2026-08-03T18:43:00.858+0900][4.225s][debug][gc,heap        ] GC(50)  garbage-first heap   total 2326528K, used 827005K [0x000002895a000000, 0x000002c05a000000)
[2026-08-03T18:43:00.858+0900][4.225s][debug][gc,heap        ] GC(50)   region size 32768K, 14 young (458752K), 2 survivors (65536K)
[2026-08-03T18:43:00.858+0900][4.225s][debug][gc,heap        ] GC(50)  Metaspace       used 11889K, committed 12416K, reserved 1114112K
[2026-08-03T18:43:00.858+0900][4.225s][debug][gc,heap        ] GC(50)   class space    used 1091K, committed 1344K, reserved 1048576K
[2026-08-03T18:43:00.858+0900][4.225s][info ][gc,task        ] GC(50) Using 18 workers of 18 for evacuation
[2026-08-03T18:43:00.882+0900][4.249s][info ][gc,phases      ] GC(50)   Pre Evacuate Collection Set: 0.1ms
[2026-08-03T18:43:00.883+0900][4.249s][info ][gc,phases      ] GC(50)   Merge Heap Roots: 0.5ms
[2026-08-03T18:43:00.883+0900][4.249s][info ][gc,phases      ] GC(50)   Evacuate Collection Set: 23.2ms
[2026-08-03T18:43:00.883+0900][4.249s][info ][gc,phases      ] GC(50)   Post Evacuate Collection Set: 0.3ms
[2026-08-03T18:43:00.883+0900][4.249s][info ][gc,phases      ] GC(50)   Other: 0.1ms
[2026-08-03T18:43:00.883+0900][4.249s][info ][gc,heap        ] GC(50) Eden regions: 12->0(12)
[2026-08-03T18:43:00.883+0900][4.249s][info ][gc,heap        ] GC(50) Survivor regions: 2->2(2)
[2026-08-03T18:43:00.883+0900][4.249s][info ][gc,heap        ] GC(50) Old regions: 12->15
[2026-08-03T18:43:00.883+0900][4.249s][info ][gc,heap        ] GC(50) Archive regions: 0->0
[2026-08-03T18:43:00.883+0900][4.249s][info ][gc,heap        ] GC(50) Humongous regions: 0->0
[2026-08-03T18:43:00.883+0900][4.249s][info ][gc,metaspace   ] GC(50) Metaspace: 11889K(12416K)->11889K(12416K) NonClass: 10797K(11072K)->10797K(11072K) Class: 1091K(1344K)->1091K(1344K)
[2026-08-03T18:43:00.883+0900][4.249s][debug][gc,heap        ] GC(50) Heap after GC invocations=51 (full 32):
[2026-08-03T18:43:00.883+0900][4.249s][debug][gc,heap        ] GC(50)  garbage-first heap   total 2326528K, used 533776K [0x000002895a000000, 0x000002c05a000000)
[2026-08-03T18:43:00.883+0900][4.249s][debug][gc,heap        ] GC(50)   region size 32768K, 2 young (65536K), 2 survivors (65536K)
[2026-08-03T18:43:00.883+0900][4.249s][debug][gc,heap        ] GC(50)  Metaspace       used 11889K, committed 12416K, reserved 1114112K
[2026-08-03T18:43:00.883+0900][4.249s][debug][gc,heap        ] GC(50)   class space    used 1091K, committed 1344K, reserved 1048576K
[2026-08-03T18:43:00.883+0900][4.249s][info ][gc             ] GC(50) Pause Young (Normal) (G1 Evacuation Pause) 807M->521M(2272M) 24.553ms
[2026-08-03T18:43:00.883+0900][4.249s][info ][gc,cpu         ] GC(50) User=0.53s Sys=0.03s Real=0.02s
[2026-08-03T18:43:00.883+0900][4.249s][info ][safepoint      ] Safepoint "G1CollectForAllocation", Time since last: 171636100 ns, Reaching safepoint: 105100 ns, At safepoint: 24606800 ns, Total: 24711900 ns
[2026-08-03T18:43:01.067+0900][4.434s][info ][gc,start       ] GC(51) Pause Young (Normal) (G1 Evacuation Pause)
[2026-08-03T18:43:01.067+0900][4.434s][debug][gc,heap        ] GC(51) Heap before GC invocations=51 (full 32):
[2026-08-03T18:43:01.067+0900][4.434s][debug][gc,heap        ] GC(51)  garbage-first heap   total 2326528K, used 926992K [0x000002895a000000, 0x000002c05a000000)
[2026-08-03T18:43:01.067+0900][4.434s][debug][gc,heap        ] GC(51)   region size 32768K, 14 young (458752K), 2 survivors (65536K)
[2026-08-03T18:43:01.067+0900][4.434s][debug][gc,heap        ] GC(51)  Metaspace       used 11894K, committed 12416K, reserved 1114112K
[2026-08-03T18:43:01.067+0900][4.434s][debug][gc,heap        ] GC(51)   class space    used 1091K, committed 1344K, reserved 1048576K
[2026-08-03T18:43:01.067+0900][4.434s][info ][gc,task        ] GC(51) Using 18 workers of 18 for evacuation
[2026-08-03T18:43:01.096+0900][4.463s][info ][gc,phases      ] GC(51)   Pre Evacuate Collection Set: 0.1ms
[2026-08-03T18:43:01.096+0900][4.463s][info ][gc,phases      ] GC(51)   Merge Heap Roots: 0.4ms
[2026-08-03T18:43:01.097+0900][4.463s][info ][gc,phases      ] GC(51)   Evacuate Collection Set: 23.4ms
[2026-08-03T18:43:01.097+0900][4.463s][info ][gc,phases      ] GC(51)   Post Evacuate Collection Set: 4.9ms
[2026-08-03T18:43:01.097+0900][4.463s][info ][gc,phases      ] GC(51)   Other: 0.1ms
[2026-08-03T18:43:01.097+0900][4.463s][info ][gc,heap        ] GC(51) Eden regions: 12->0(26)
[2026-08-03T18:43:01.097+0900][4.463s][info ][gc,heap        ] GC(51) Survivor regions: 2->2(2)
[2026-08-03T18:43:01.097+0900][4.463s][info ][gc,heap        ] GC(51) Old regions: 15->18
[2026-08-03T18:43:01.097+0900][4.463s][info ][gc,heap        ] GC(51) Archive regions: 0->0
[2026-08-03T18:43:01.097+0900][4.463s][info ][gc,heap        ] GC(51) Humongous regions: 0->0
[2026-08-03T18:43:01.097+0900][4.463s][info ][gc,metaspace   ] GC(51) Metaspace: 11894K(12416K)->11894K(12416K) NonClass: 10802K(11072K)->10802K(11072K) Class: 1091K(1344K)->1091K(1344K)
[2026-08-03T18:43:01.097+0900][4.463s][debug][gc,heap        ] GC(51) Heap after GC invocations=52 (full 32):
[2026-08-03T18:43:01.097+0900][4.463s][debug][gc,heap        ] GC(51)  garbage-first heap   total 4653056K, used 637607K [0x000002895a000000, 0x000002c05a000000)
[2026-08-03T18:43:01.097+0900][4.463s][debug][gc,heap        ] GC(51)   region size 32768K, 2 young (65536K), 2 survivors (65536K)
[2026-08-03T18:43:01.097+0900][4.463s][debug][gc,heap        ] GC(51)  Metaspace       used 11894K, committed 12416K, reserved 1114112K
[2026-08-03T18:43:01.097+0900][4.463s][debug][gc,heap        ] GC(51)   class space    used 1091K, committed 1344K, reserved 1048576K
[2026-08-03T18:43:01.097+0900][4.463s][info ][gc             ] GC(51) Pause Young (Normal) (G1 Evacuation Pause) 905M->622M(4544M) 29.383ms
[2026-08-03T18:43:01.097+0900][4.463s][info ][gc,cpu         ] GC(51) User=0.23s Sys=0.06s Real=0.03s
[2026-08-03T18:43:01.097+0900][4.463s][info ][safepoint      ] Safepoint "G1CollectForAllocation", Time since last: 184486600 ns, Reaching safepoint: 109600 ns, At safepoint: 29507300 ns, Total: 29616900 ns
[2026-08-03T18:43:01.806+0900][5.173s][info ][gc,start       ] GC(52) Pause Young (Normal) (G1 Evacuation Pause)
[2026-08-03T18:43:01.806+0900][5.173s][debug][gc,heap        ] GC(52) Heap before GC invocations=52 (full 32):
[2026-08-03T18:43:01.806+0900][5.173s][debug][gc,heap        ] GC(52)  garbage-first heap   total 4653056K, used 1489575K [0x000002895a000000, 0x000002c05a000000)
[2026-08-03T18:43:01.806+0900][5.173s][debug][gc,heap        ] GC(52)   region size 32768K, 28 young (917504K), 2 survivors (65536K)
[2026-08-03T18:43:01.806+0900][5.173s][debug][gc,heap        ] GC(52)  Metaspace       used 11903K, committed 12416K, reserved 1114112K
[2026-08-03T18:43:01.806+0900][5.173s][debug][gc,heap        ] GC(52)   class space    used 1091K, committed 1344K, reserved 1048576K
[2026-08-03T18:43:01.806+0900][5.173s][info ][gc,task        ] GC(52) Using 18 workers of 18 for evacuation
[2026-08-03T18:43:01.881+0900][5.247s][info ][gc,phases      ] GC(52)   Pre Evacuate Collection Set: 0.1ms
[2026-08-03T18:43:01.881+0900][5.247s][info ][gc,phases      ] GC(52)   Merge Heap Roots: 0.4ms
[2026-08-03T18:43:01.881+0900][5.247s][info ][gc,phases      ] GC(52)   Evacuate Collection Set: 73.3ms
[2026-08-03T18:43:01.881+0900][5.247s][info ][gc,phases      ] GC(52)   Post Evacuate Collection Set: 0.7ms
[2026-08-03T18:43:01.881+0900][5.247s][info ][gc,phases      ] GC(52)   Other: 0.1ms
[2026-08-03T18:43:01.881+0900][5.247s][info ][gc,heap        ] GC(52) Eden regions: 26->0(24)
[2026-08-03T18:43:01.881+0900][5.248s][info ][gc,heap        ] GC(52) Survivor regions: 2->4(4)
[2026-08-03T18:43:01.881+0900][5.248s][info ][gc,heap        ] GC(52) Old regions: 18->27
[2026-08-03T18:43:01.881+0900][5.248s][info ][gc,heap        ] GC(52) Archive regions: 0->0
[2026-08-03T18:43:01.881+0900][5.248s][info ][gc,heap        ] GC(52) Humongous regions: 0->0
[2026-08-03T18:43:01.881+0900][5.248s][info ][gc,metaspace   ] GC(52) Metaspace: 11903K(12416K)->11903K(12416K) NonClass: 10811K(11072K)->10811K(11072K) Class: 1091K(1344K)->1091K(1344K)
[2026-08-03T18:43:01.881+0900][5.248s][debug][gc,heap        ] GC(52) Heap after GC invocations=53 (full 32):
[2026-08-03T18:43:01.881+0900][5.248s][debug][gc,heap        ] GC(52)  garbage-first heap   total 4653056K, used 979349K [0x000002895a000000, 0x000002c05a000000)
[2026-08-03T18:43:01.881+0900][5.248s][debug][gc,heap        ] GC(52)   region size 32768K, 4 young (131072K), 4 survivors (131072K)
[2026-08-03T18:43:01.881+0900][5.248s][debug][gc,heap        ] GC(52)  Metaspace       used 11903K, committed 12416K, reserved 1114112K
[2026-08-03T18:43:01.881+0900][5.248s][debug][gc,heap        ] GC(52)   class space    used 1091K, committed 1344K, reserved 1048576K
[2026-08-03T18:43:01.881+0900][5.248s][info ][gc             ] GC(52) Pause Young (Normal) (G1 Evacuation Pause) 1454M->956M(4544M) 75.002ms
[2026-08-03T18:43:01.881+0900][5.248s][info ][gc,cpu         ] GC(52) User=1.12s Sys=0.28s Real=0.08s
[2026-08-03T18:43:01.881+0900][5.248s][info ][safepoint      ] Safepoint "G1CollectForAllocation", Time since last: 709320400 ns, Reaching safepoint: 101300 ns, At safepoint: 75058600 ns, Total: 75159900 ns
[2026-08-03T18:43:02.207+0900][5.574s][info ][gc,start       ] GC(53) Pause Young (Normal) (G1 Evacuation Pause)
[2026-08-03T18:43:02.208+0900][5.574s][debug][gc,heap        ] GC(53) Heap before GC invocations=53 (full 32):
[2026-08-03T18:43:02.208+0900][5.574s][debug][gc,heap        ] GC(53)  garbage-first heap   total 4653056K, used 1438101K [0x000002895a000000, 0x000002c05a000000)
[2026-08-03T18:43:02.208+0900][5.574s][debug][gc,heap        ] GC(53)   region size 32768K, 18 young (589824K), 4 survivors (131072K)
[2026-08-03T18:43:02.208+0900][5.574s][debug][gc,heap        ] GC(53)  Metaspace       used 11903K, committed 12416K, reserved 1114112K
[2026-08-03T18:43:02.208+0900][5.574s][debug][gc,heap        ] GC(53)   class space    used 1091K, committed 1344K, reserved 1048576K
[2026-08-03T18:43:02.208+0900][5.574s][info ][gc,task        ] GC(53) Using 18 workers of 18 for evacuation
[2026-08-03T18:43:02.266+0900][5.632s][info ][gc,phases      ] GC(53)   Pre Evacuate Collection Set: 0.1ms
[2026-08-03T18:43:02.266+0900][5.632s][info ][gc,phases      ] GC(53)   Merge Heap Roots: 1.5ms
[2026-08-03T18:43:02.266+0900][5.632s][info ][gc,phases      ] GC(53)   Evacuate Collection Set: 55.9ms
[2026-08-03T18:43:02.266+0900][5.632s][info ][gc,phases      ] GC(53)   Post Evacuate Collection Set: 0.5ms
[2026-08-03T18:43:02.266+0900][5.632s][info ][gc,phases      ] GC(53)   Other: 0.1ms
[2026-08-03T18:43:02.266+0900][5.632s][info ][gc,heap        ] GC(53) Eden regions: 14->0(25)
[2026-08-03T18:43:02.266+0900][5.632s][info ][gc,heap        ] GC(53) Survivor regions: 4->3(3)
[2026-08-03T18:43:02.266+0900][5.632s][info ][gc,heap        ] GC(53) Old regions: 27->34
[2026-08-03T18:43:02.266+0900][5.632s][info ][gc,heap        ] GC(53) Archive regions: 0->0
[2026-08-03T18:43:02.266+0900][5.632s][info ][gc,heap        ] GC(53) Humongous regions: 0->0
[2026-08-03T18:43:02.266+0900][5.632s][info ][gc,metaspace   ] GC(53) Metaspace: 11903K(12416K)->11903K(12416K) NonClass: 10812K(11072K)->10812K(11072K) Class: 1091K(1344K)->1091K(1344K)
[2026-08-03T18:43:02.266+0900][5.632s][debug][gc,heap        ] GC(53) Heap after GC invocations=54 (full 32):
[2026-08-03T18:43:02.266+0900][5.632s][debug][gc,heap        ] GC(53)  garbage-first heap   total 4653056K, used 1195914K [0x000002895a000000, 0x000002c05a000000)
[2026-08-03T18:43:02.266+0900][5.632s][debug][gc,heap        ] GC(53)   region size 32768K, 3 young (98304K), 3 survivors (98304K)
[2026-08-03T18:43:02.266+0900][5.632s][debug][gc,heap        ] GC(53)  Metaspace       used 11903K, committed 12416K, reserved 1114112K
[2026-08-03T18:43:02.266+0900][5.632s][debug][gc,heap        ] GC(53)   class space    used 1091K, committed 1344K, reserved 1048576K
[2026-08-03T18:43:02.266+0900][5.632s][info ][gc             ] GC(53) Pause Young (Normal) (G1 Evacuation Pause) 1404M->1167M(4544M) 58.584ms
[2026-08-03T18:43:02.266+0900][5.632s][info ][gc,cpu         ] GC(53) User=1.12s Sys=0.00s Real=0.06s
[2026-08-03T18:43:02.266+0900][5.632s][info ][safepoint      ] Safepoint "G1CollectForAllocation", Time since last: 326024700 ns, Reaching safepoint: 106000 ns, At safepoint: 58642700 ns, Total: 58748700 ns
[2026-08-03T18:43:03.239+0900][6.605s][info ][gc,start       ] GC(54) Pause Young (Normal) (G1 Evacuation Pause)
[2026-08-03T18:43:03.239+0900][6.605s][debug][gc,heap        ] GC(54) Heap before GC invocations=54 (full 32):
[2026-08-03T18:43:03.239+0900][6.605s][debug][gc,heap        ] GC(54)  garbage-first heap   total 4653056K, used 1884042K [0x000002895a000000, 0x000002c05a000000)
[2026-08-03T18:43:03.239+0900][6.605s][debug][gc,heap        ] GC(54)   region size 32768K, 24 young (786432K), 3 survivors (98304K)
[2026-08-03T18:43:03.239+0900][6.605s][debug][gc,heap        ] GC(54)  Metaspace       used 11903K, committed 12416K, reserved 1114112K
[2026-08-03T18:43:03.239+0900][6.605s][debug][gc,heap        ] GC(54)   class space    used 1091K, committed 1344K, reserved 1048576K
[2026-08-03T18:43:03.239+0900][6.606s][info ][gc,task        ] GC(54) Using 18 workers of 18 for evacuation
[2026-08-03T18:43:03.299+0900][6.666s][info ][gc,phases      ] GC(54)   Pre Evacuate Collection Set: 0.1ms
[2026-08-03T18:43:03.299+0900][6.666s][info ][gc,phases      ] GC(54)   Merge Heap Roots: 1.1ms
[2026-08-03T18:43:03.299+0900][6.666s][info ][gc,phases      ] GC(54)   Evacuate Collection Set: 58.4ms
[2026-08-03T18:43:03.300+0900][6.666s][info ][gc,phases      ] GC(54)   Post Evacuate Collection Set: 0.5ms
[2026-08-03T18:43:03.300+0900][6.666s][info ][gc,phases      ] GC(54)   Other: 0.1ms
[2026-08-03T18:43:03.300+0900][6.666s][info ][gc,heap        ] GC(54) Eden regions: 21->0(25)
[2026-08-03T18:43:03.300+0900][6.666s][info ][gc,heap        ] GC(54) Survivor regions: 3->3(3)
[2026-08-03T18:43:03.300+0900][6.666s][info ][gc,heap        ] GC(54) Old regions: 34->43
[2026-08-03T18:43:03.300+0900][6.666s][info ][gc,heap        ] GC(54) Archive regions: 0->0
[2026-08-03T18:43:03.300+0900][6.666s][info ][gc,heap        ] GC(54) Humongous regions: 0->0
[2026-08-03T18:43:03.300+0900][6.666s][info ][gc,metaspace   ] GC(54) Metaspace: 11903K(12416K)->11903K(12416K) NonClass: 10812K(11072K)->10812K(11072K) Class: 1091K(1344K)->1091K(1344K)
[2026-08-03T18:43:03.300+0900][6.666s][debug][gc,heap        ] GC(54) Heap after GC invocations=55 (full 32):
[2026-08-03T18:43:03.300+0900][6.666s][debug][gc,heap        ] GC(54)  garbage-first heap   total 4653056K, used 1485941K [0x000002895a000000, 0x000002c05a000000)
[2026-08-03T18:43:03.300+0900][6.666s][debug][gc,heap        ] GC(54)   region size 32768K, 3 young (98304K), 3 survivors (98304K)
[2026-08-03T18:43:03.300+0900][6.666s][debug][gc,heap        ] GC(54)  Metaspace       used 11903K, committed 12416K, reserved 1114112K
[2026-08-03T18:43:03.300+0900][6.666s][debug][gc,heap        ] GC(54)   class space    used 1091K, committed 1344K, reserved 1048576K
[2026-08-03T18:43:03.300+0900][6.666s][info ][gc             ] GC(54) Pause Young (Normal) (G1 Evacuation Pause) 1839M->1451M(4544M) 60.657ms
[2026-08-03T18:43:03.300+0900][6.666s][info ][gc,cpu         ] GC(54) User=0.98s Sys=0.14s Real=0.06s
[2026-08-03T18:43:03.300+0900][6.666s][info ][safepoint      ] Safepoint "G1CollectForAllocation", Time since last: 972820800 ns, Reaching safepoint: 94700 ns, At safepoint: 60717200 ns, Total: 60811900 ns
[2026-08-03T18:43:04.753+0900][8.119s][info ][gc,start       ] GC(55) Pause Young (Normal) (G1 Evacuation Pause)
[2026-08-03T18:43:04.753+0900][8.119s][debug][gc,heap        ] GC(55) Heap before GC invocations=55 (full 32):
[2026-08-03T18:43:04.753+0900][8.119s][debug][gc,heap        ] GC(55)  garbage-first heap   total 4653056K, used 2272373K [0x000002895a000000, 0x000002c05a000000)
[2026-08-03T18:43:04.753+0900][8.119s][debug][gc,heap        ] GC(55)   region size 32768K, 27 young (884736K), 3 survivors (98304K)
[2026-08-03T18:43:04.753+0900][8.119s][debug][gc,heap        ] GC(55)  Metaspace       used 11905K, committed 12416K, reserved 1114112K
[2026-08-03T18:43:04.753+0900][8.119s][debug][gc,heap        ] GC(55)   class space    used 1091K, committed 1344K, reserved 1048576K
[2026-08-03T18:43:04.753+0900][8.119s][info ][gc,task        ] GC(55) Using 18 workers of 18 for evacuation
[2026-08-03T18:43:04.855+0900][8.222s][info ][gc,phases      ] GC(55)   Pre Evacuate Collection Set: 0.1ms
[2026-08-03T18:43:04.855+0900][8.222s][info ][gc,phases      ] GC(55)   Merge Heap Roots: 1.1ms
[2026-08-03T18:43:04.855+0900][8.222s][info ][gc,phases      ] GC(55)   Evacuate Collection Set: 90.7ms
[2026-08-03T18:43:04.855+0900][8.222s][info ][gc,phases      ] GC(55)   Post Evacuate Collection Set: 10.2ms
[2026-08-03T18:43:04.855+0900][8.222s][info ][gc,phases      ] GC(55)   Other: 0.1ms
[2026-08-03T18:43:04.855+0900][8.222s][info ][gc,heap        ] GC(55) Eden regions: 24->0(31)
[2026-08-03T18:43:04.855+0900][8.222s][info ][gc,heap        ] GC(55) Survivor regions: 3->4(4)
[2026-08-03T18:43:04.855+0900][8.222s][info ][gc,heap        ] GC(55) Old regions: 43->56
[2026-08-03T18:43:04.855+0900][8.222s][info ][gc,heap        ] GC(55) Archive regions: 0->0
[2026-08-03T18:43:04.856+0900][8.222s][info ][gc,heap        ] GC(55) Humongous regions: 0->0
[2026-08-03T18:43:04.856+0900][8.222s][info ][gc,metaspace   ] GC(55) Metaspace: 11905K(12416K)->11905K(12416K) NonClass: 10814K(11072K)->10814K(11072K) Class: 1091K(1344K)->1091K(1344K)
[2026-08-03T18:43:04.856+0900][8.222s][debug][gc,heap        ] GC(55) Heap after GC invocations=56 (full 32):
[2026-08-03T18:43:04.856+0900][8.222s][debug][gc,heap        ] GC(55)  garbage-first heap   total 9306112K, used 1953688K [0x000002895a000000, 0x000002c05a000000)
[2026-08-03T18:43:04.856+0900][8.222s][debug][gc,heap        ] GC(55)   region size 32768K, 4 young (131072K), 4 survivors (131072K)
[2026-08-03T18:43:04.856+0900][8.222s][debug][gc,heap        ] GC(55)  Metaspace       used 11905K, committed 12416K, reserved 1114112K
[2026-08-03T18:43:04.856+0900][8.222s][debug][gc,heap        ] GC(55)   class space    used 1091K, committed 1344K, reserved 1048576K
[2026-08-03T18:43:04.856+0900][8.222s][info ][gc             ] GC(55) Pause Young (Normal) (G1 Evacuation Pause) 2219M->1907M(9088M) 102.604ms
[2026-08-03T18:43:04.856+0900][8.222s][info ][gc,cpu         ] GC(55) User=1.45s Sys=0.23s Real=0.10s
[2026-08-03T18:43:04.856+0900][8.222s][info ][safepoint      ] Safepoint "G1CollectForAllocation", Time since last: 1453156500 ns, Reaching safepoint: 106900 ns, At safepoint: 102667700 ns, Total: 102774600 ns
[2026-08-03T18:43:06.863+0900][10.229s][info ][safepoint      ] Safepoint "Cleanup", Time since last: 2006862900 ns, Reaching safepoint: 192300 ns, At safepoint: 8600 ns, Total: 200900 ns
[2026-08-03T18:43:07.869+0900][11.235s][info ][safepoint      ] Safepoint "Cleanup", Time since last: 1005797400 ns, Reaching safepoint: 103200 ns, At safepoint: 15500 ns, Total: 118700 ns
[2026-08-03T18:43:11.895+0900][15.261s][info ][safepoint      ] Safepoint "Cleanup", Time since last: 4025883000 ns, Reaching safepoint: 161400 ns, At safepoint: 19800 ns, Total: 181200 ns
[2026-08-03T18:43:12.251+0900][15.617s][info ][gc,start       ] GC(56) Pause Young (Normal) (G1 Evacuation Pause)
[2026-08-03T18:43:12.251+0900][15.617s][debug][gc,heap        ] GC(56) Heap before GC invocations=56 (full 32):
[2026-08-03T18:43:12.251+0900][15.617s][debug][gc,heap        ] GC(56)  garbage-first heap   total 9306112K, used 2543512K [0x000002895a000000, 0x000002c05a000000)
[2026-08-03T18:43:12.251+0900][15.617s][debug][gc,heap        ] GC(56)   region size 32768K, 22 young (720896K), 4 survivors (131072K)
[2026-08-03T18:43:12.251+0900][15.617s][debug][gc,heap        ] GC(56)  Metaspace       used 11936K, committed 12416K, reserved 1114112K
[2026-08-03T18:43:12.251+0900][15.617s][debug][gc,heap        ] GC(56)   class space    used 1091K, committed 1344K, reserved 1048576K
[2026-08-03T18:43:12.251+0900][15.617s][info ][gc,task        ] GC(56) Using 18 workers of 18 for evacuation
[2026-08-03T18:43:12.310+0900][15.676s][info ][gc,phases      ] GC(56)   Pre Evacuate Collection Set: 0.1ms
[2026-08-03T18:43:12.310+0900][15.676s][info ][gc,phases      ] GC(56)   Merge Heap Roots: 1.2ms
[2026-08-03T18:43:12.310+0900][15.676s][info ][gc,phases      ] GC(56)   Evacuate Collection Set: 56.9ms
[2026-08-03T18:43:12.310+0900][15.676s][info ][gc,phases      ] GC(56)   Post Evacuate Collection Set: 0.8ms
[2026-08-03T18:43:12.310+0900][15.676s][info ][gc,phases      ] GC(56)   Other: 0.1ms
[2026-08-03T18:43:12.310+0900][15.676s][info ][gc,heap        ] GC(56) Eden regions: 18->0(43)
[2026-08-03T18:43:12.310+0900][15.676s][info ][gc,heap        ] GC(56) Survivor regions: 4->3(3)
[2026-08-03T18:43:12.310+0900][15.676s][info ][gc,heap        ] GC(56) Old regions: 56->67
[2026-08-03T18:43:12.310+0900][15.676s][info ][gc,heap        ] GC(56) Archive regions: 0->0
[2026-08-03T18:43:12.310+0900][15.676s][info ][gc,heap        ] GC(56) Humongous regions: 0->0
[2026-08-03T18:43:12.310+0900][15.676s][info ][gc,metaspace   ] GC(56) Metaspace: 11936K(12416K)->11936K(12416K) NonClass: 10844K(11072K)->10844K(11072K) Class: 1091K(1344K)->1091K(1344K)
[2026-08-03T18:43:12.310+0900][15.676s][debug][gc,heap        ] GC(56) Heap after GC invocations=57 (full 32):
[2026-08-03T18:43:12.310+0900][15.676s][debug][gc,heap        ] GC(56)  garbage-first heap   total 9306112K, used 2262468K [0x000002895a000000, 0x000002c05a000000)
[2026-08-03T18:43:12.310+0900][15.676s][debug][gc,heap        ] GC(56)   region size 32768K, 3 young (98304K), 3 survivors (98304K)
[2026-08-03T18:43:12.310+0900][15.676s][debug][gc,heap        ] GC(56)  Metaspace       used 11936K, committed 12416K, reserved 1114112K
[2026-08-03T18:43:12.310+0900][15.676s][debug][gc,heap        ] GC(56)   class space    used 1091K, committed 1344K, reserved 1048576K
[2026-08-03T18:43:12.310+0900][15.677s][info ][gc             ] GC(56) Pause Young (Normal) (G1 Evacuation Pause) 2483M->2209M(9088M) 59.426ms
[2026-08-03T18:43:12.310+0900][15.677s][info ][gc,cpu         ] GC(56) User=0.78s Sys=0.06s Real=0.06s
[2026-08-03T18:43:12.310+0900][15.677s][info ][safepoint      ] Safepoint "G1CollectForAllocation", Time since last: 355925000 ns, Reaching safepoint: 96200 ns, At safepoint: 59483300 ns, Total: 59579500 ns
[2026-08-03T18:43:13.550+0900][16.916s][info ][gc,start       ] GC(57) Pause Young (Normal) (G1 Evacuation Pause)
[2026-08-03T18:43:13.550+0900][16.916s][debug][gc,heap        ] GC(57) Heap before GC invocations=57 (full 32):
[2026-08-03T18:43:13.550+0900][16.916s][debug][gc,heap        ] GC(57)  garbage-first heap   total 9306112K, used 3245508K [0x000002895a000000, 0x000002c05a000000)
[2026-08-03T18:43:13.550+0900][16.916s][debug][gc,heap        ] GC(57)   region size 32768K, 33 young (1081344K), 3 survivors (98304K)
[2026-08-03T18:43:13.550+0900][16.916s][debug][gc,heap        ] GC(57)  Metaspace       used 11936K, committed 12416K, reserved 1114112K
[2026-08-03T18:43:13.550+0900][16.916s][debug][gc,heap        ] GC(57)   class space    used 1091K, committed 1344K, reserved 1048576K
[2026-08-03T18:43:13.550+0900][16.916s][info ][gc,task        ] GC(57) Using 18 workers of 18 for evacuation
[2026-08-03T18:43:13.649+0900][17.016s][info ][gc,phases      ] GC(57)   Pre Evacuate Collection Set: 0.1ms
[2026-08-03T18:43:13.649+0900][17.016s][info ][gc,phases      ] GC(57)   Merge Heap Roots: 1.7ms
[2026-08-03T18:43:13.649+0900][17.016s][info ][gc,phases      ] GC(57)   Evacuate Collection Set: 96.7ms
[2026-08-03T18:43:13.649+0900][17.016s][info ][gc,phases      ] GC(57)   Post Evacuate Collection Set: 0.6ms
[2026-08-03T18:43:13.649+0900][17.016s][info ][gc,phases      ] GC(57)   Other: 0.1ms
[2026-08-03T18:43:13.649+0900][17.016s][info ][gc,heap        ] GC(57) Eden regions: 30->0(32)
[2026-08-03T18:43:13.649+0900][17.016s][info ][gc,heap        ] GC(57) Survivor regions: 3->5(5)
[2026-08-03T18:43:13.649+0900][17.016s][info ][gc,heap        ] GC(57) Old regions: 67->80
[2026-08-03T18:43:13.649+0900][17.016s][info ][gc,heap        ] GC(57) Archive regions: 0->0
[2026-08-03T18:43:13.649+0900][17.016s][info ][gc,heap        ] GC(57) Humongous regions: 0->0
[2026-08-03T18:43:13.649+0900][17.016s][info ][gc,metaspace   ] GC(57) Metaspace: 11936K(12416K)->11936K(12416K) NonClass: 10844K(11072K)->10844K(11072K) Class: 1091K(1344K)->1091K(1344K)
[2026-08-03T18:43:13.649+0900][17.016s][debug][gc,heap        ] GC(57) Heap after GC invocations=58 (full 32):
[2026-08-03T18:43:13.649+0900][17.016s][debug][gc,heap        ] GC(57)  garbage-first heap   total 9306112K, used 2763197K [0x000002895a000000, 0x000002c05a000000)
[2026-08-03T18:43:13.649+0900][17.016s][debug][gc,heap        ] GC(57)   region size 32768K, 5 young (163840K), 5 survivors (163840K)
[2026-08-03T18:43:13.649+0900][17.016s][debug][gc,heap        ] GC(57)  Metaspace       used 11936K, committed 12416K, reserved 1114112K
[2026-08-03T18:43:13.649+0900][17.016s][debug][gc,heap        ] GC(57)   class space    used 1091K, committed 1344K, reserved 1048576K
[2026-08-03T18:43:13.649+0900][17.016s][info ][gc             ] GC(57) Pause Young (Normal) (G1 Evacuation Pause) 3169M->2698M(9088M) 99.489ms
[2026-08-03T18:43:13.649+0900][17.016s][info ][gc,cpu         ] GC(57) User=1.48s Sys=0.20s Real=0.10s
[2026-08-03T18:43:13.649+0900][17.016s][info ][safepoint      ] Safepoint "G1CollectForAllocation", Time since last: 1239602900 ns, Reaching safepoint: 112300 ns, At safepoint: 99554400 ns, Total: 99666700 ns
[2026-08-03T18:43:14.889+0900][18.255s][info ][gc,start       ] GC(58) Pause Full (System.gc())
[2026-08-03T18:43:14.889+0900][18.255s][debug][gc,heap        ] GC(58) Heap before GC invocations=58 (full 32):
[2026-08-03T18:43:14.889+0900][18.255s][debug][gc,heap        ] GC(58)  garbage-first heap   total 9306112K, used 3516861K [0x000002895a000000, 0x000002c05a000000)
[2026-08-03T18:43:14.889+0900][18.255s][debug][gc,heap        ] GC(58)   region size 32768K, 29 young (950272K), 5 survivors (163840K)
[2026-08-03T18:43:14.889+0900][18.255s][debug][gc,heap        ] GC(58)  Metaspace       used 12163K, committed 12672K, reserved 1114112K
[2026-08-03T18:43:14.889+0900][18.255s][debug][gc,heap        ] GC(58)   class space    used 1112K, committed 1408K, reserved 1048576K
[2026-08-03T18:43:14.889+0900][18.255s][info ][gc,task        ] GC(58) Using 18 workers of 18 for full compaction
[2026-08-03T18:43:14.890+0900][18.256s][info ][gc,phases,start] GC(58) Phase 1: Mark live objects
[2026-08-03T18:43:14.900+0900][18.266s][info ][gc,phases      ] GC(58) Phase 1: Mark live objects 9.966ms
[2026-08-03T18:43:14.900+0900][18.266s][info ][gc,phases,start] GC(58) Phase 2: Prepare for compaction
[2026-08-03T18:43:14.916+0900][18.282s][info ][gc,phases      ] GC(58) Phase 2: Prepare for compaction 16.476ms
[2026-08-03T18:43:14.916+0900][18.282s][info ][gc,phases,start] GC(58) Phase 3: Adjust pointers
[2026-08-03T18:43:14.931+0900][18.298s][info ][gc,phases      ] GC(58) Phase 3: Adjust pointers 15.364ms
[2026-08-03T18:43:14.932+0900][18.298s][info ][gc,phases,start] GC(58) Phase 4: Compact heap
[2026-08-03T18:43:14.939+0900][18.306s][info ][gc,phases      ] GC(58) Phase 4: Compact heap 7.919ms
[2026-08-03T18:43:14.959+0900][18.325s][debug][gc,heap        ] GC(58) Uncommittable regions after shrink: 227
[2026-08-03T18:43:14.961+0900][18.327s][info ][gc,heap        ] GC(58) Eden regions: 24->0(11)
[2026-08-03T18:43:14.961+0900][18.327s][info ][gc,heap        ] GC(58) Survivor regions: 5->0(5)
[2026-08-03T18:43:14.961+0900][18.327s][info ][gc,heap        ] GC(58) Old regions: 80->17
[2026-08-03T18:43:14.961+0900][18.327s][info ][gc,heap        ] GC(58) Archive regions: 0->0
[2026-08-03T18:43:14.961+0900][18.327s][info ][gc,heap        ] GC(58) Humongous regions: 0->0
[2026-08-03T18:43:14.961+0900][18.327s][info ][gc,metaspace   ] GC(58) Metaspace: 12163K(12672K)->12163K(12672K) NonClass: 11050K(11264K)->11050K(11264K) Class: 1112K(1408K)->1112K(1408K)
[2026-08-03T18:43:14.961+0900][18.327s][debug][gc,heap        ] GC(58) Heap after GC invocations=59 (full 33):
[2026-08-03T18:43:14.961+0900][18.327s][debug][gc,heap        ] GC(58)  garbage-first heap   total 1867776K, used 86495K [0x000002895a000000, 0x000002c05a000000)
[2026-08-03T18:43:14.961+0900][18.327s][debug][gc,heap        ] GC(58)   region size 32768K, 0 young (0K), 0 survivors (0K)
[2026-08-03T18:43:14.961+0900][18.327s][debug][gc,heap        ] GC(58)  Metaspace       used 12163K, committed 12672K, reserved 1114112K
[2026-08-03T18:43:14.961+0900][18.327s][debug][gc,heap        ] GC(58)   class space    used 1112K, committed 1408K, reserved 1048576K
[2026-08-03T18:43:14.961+0900][18.327s][info ][gc             ] GC(58) Pause Full (System.gc()) 3450M->84M(1824M) 71.840ms
[2026-08-03T18:43:14.961+0900][18.327s][info ][gc,cpu         ] GC(58) User=0.42s Sys=0.53s Real=0.07s
[2026-08-03T18:43:14.961+0900][18.327s][info ][safepoint      ] Safepoint "G1CollectFull", Time since last: 1239351900 ns, Reaching safepoint: 109200 ns, At safepoint: 71964000 ns, Total: 72073200 ns
[2026-08-03T18:43:15.373+0900][18.740s][info ][gc,start       ] GC(59) Pause Young (Normal) (G1 Evacuation Pause)
[2026-08-03T18:43:15.373+0900][18.740s][debug][gc,heap        ] GC(59) Heap before GC invocations=59 (full 33):
[2026-08-03T18:43:15.373+0900][18.740s][debug][gc,heap        ] GC(59)  garbage-first heap   total 1867776K, used 446943K [0x000002895a000000, 0x000002c05a000000)
[2026-08-03T18:43:15.373+0900][18.740s][debug][gc,heap        ] GC(59)   region size 32768K, 11 young (360448K), 0 survivors (0K)
[2026-08-03T18:43:15.373+0900][18.740s][debug][gc,heap        ] GC(59)  Metaspace       used 12170K, committed 12672K, reserved 1114112K
[2026-08-03T18:43:15.373+0900][18.740s][debug][gc,heap        ] GC(59)   class space    used 1112K, committed 1408K, reserved 1048576K
[2026-08-03T18:43:15.373+0900][18.740s][info ][gc,task        ] GC(59) Using 18 workers of 18 for evacuation
[2026-08-03T18:43:15.403+0900][18.769s][info ][gc,phases      ] GC(59)   Pre Evacuate Collection Set: 0.1ms
[2026-08-03T18:43:15.403+0900][18.769s][info ][gc,phases      ] GC(59)   Merge Heap Roots: 0.1ms
[2026-08-03T18:43:15.403+0900][18.769s][info ][gc,phases      ] GC(59)   Evacuate Collection Set: 28.9ms
[2026-08-03T18:43:15.403+0900][18.769s][info ][gc,phases      ] GC(59)   Post Evacuate Collection Set: 0.3ms
[2026-08-03T18:43:15.403+0900][18.769s][info ][gc,phases      ] GC(59)   Other: 0.1ms
[2026-08-03T18:43:15.403+0900][18.769s][info ][gc,heap        ] GC(59) Eden regions: 11->0(9)
[2026-08-03T18:43:15.403+0900][18.769s][info ][gc,heap        ] GC(59) Survivor regions: 0->2(2)
[2026-08-03T18:43:15.403+0900][18.769s][info ][gc,heap        ] GC(59) Old regions: 17->21
[2026-08-03T18:43:15.403+0900][18.769s][info ][gc,heap        ] GC(59) Archive regions: 0->0
[2026-08-03T18:43:15.403+0900][18.769s][info ][gc,heap        ] GC(59) Humongous regions: 0->0
[2026-08-03T18:43:15.403+0900][18.769s][info ][gc,metaspace   ] GC(59) Metaspace: 12170K(12672K)->12170K(12672K) NonClass: 11057K(11264K)->11057K(11264K) Class: 1112K(1408K)->1112K(1408K)
[2026-08-03T18:43:15.403+0900][18.769s][debug][gc,heap        ] GC(59) Heap after GC invocations=60 (full 33):
[2026-08-03T18:43:15.403+0900][18.769s][debug][gc,heap        ] GC(59)  garbage-first heap   total 1867776K, used 280218K [0x000002895a000000, 0x000002c05a000000)
[2026-08-03T18:43:15.403+0900][18.769s][debug][gc,heap        ] GC(59)   region size 32768K, 2 young (65536K), 2 survivors (65536K)
[2026-08-03T18:43:15.403+0900][18.769s][debug][gc,heap        ] GC(59)  Metaspace       used 12170K, committed 12672K, reserved 1114112K
[2026-08-03T18:43:15.403+0900][18.769s][debug][gc,heap        ] GC(59)   class space    used 1112K, committed 1408K, reserved 1048576K
[2026-08-03T18:43:15.403+0900][18.769s][info ][gc             ] GC(59) Pause Young (Normal) (G1 Evacuation Pause) 436M->273M(1824M) 29.875ms
[2026-08-03T18:43:15.403+0900][18.769s][info ][gc,cpu         ] GC(59) User=0.56s Sys=0.00s Real=0.03s
[2026-08-03T18:43:15.403+0900][18.770s][info ][safepoint      ] Safepoint "G1CollectForAllocation", Time since last: 410792900 ns, Reaching safepoint: 1550500 ns, At safepoint: 29934100 ns, Total: 31484600 ns
[2026-08-03T18:43:15.576+0900][18.943s][info ][gc,start       ] GC(60) Pause Young (Normal) (G1 Evacuation Pause)
[2026-08-03T18:43:15.577+0900][18.943s][debug][gc,heap        ] GC(60) Heap before GC invocations=60 (full 33):
[2026-08-03T18:43:15.577+0900][18.943s][debug][gc,heap        ] GC(60)  garbage-first heap   total 1867776K, used 575130K [0x000002895a000000, 0x000002c05a000000)
[2026-08-03T18:43:15.577+0900][18.943s][debug][gc,heap        ] GC(60)   region size 32768K, 11 young (360448K), 2 survivors (65536K)
[2026-08-03T18:43:15.577+0900][18.943s][debug][gc,heap        ] GC(60)  Metaspace       used 12170K, committed 12672K, reserved 1114112K
[2026-08-03T18:43:15.577+0900][18.943s][debug][gc,heap        ] GC(60)   class space    used 1112K, committed 1408K, reserved 1048576K
[2026-08-03T18:43:15.577+0900][18.943s][info ][gc,task        ] GC(60) Using 18 workers of 18 for evacuation
[2026-08-03T18:43:15.610+0900][18.976s][info ][gc,phases      ] GC(60)   Pre Evacuate Collection Set: 0.1ms
[2026-08-03T18:43:15.610+0900][18.976s][info ][gc,phases      ] GC(60)   Merge Heap Roots: 0.3ms
[2026-08-03T18:43:15.610+0900][18.976s][info ][gc,phases      ] GC(60)   Evacuate Collection Set: 32.3ms
[2026-08-03T18:43:15.610+0900][18.976s][info ][gc,phases      ] GC(60)   Post Evacuate Collection Set: 0.4ms
[2026-08-03T18:43:15.610+0900][18.976s][info ][gc,phases      ] GC(60)   Other: 0.1ms
[2026-08-03T18:43:15.610+0900][18.976s][info ][gc,heap        ] GC(60) Eden regions: 9->0(9)
[2026-08-03T18:43:15.610+0900][18.976s][info ][gc,heap        ] GC(60) Survivor regions: 2->2(2)
[2026-08-03T18:43:15.610+0900][18.976s][info ][gc,heap        ] GC(60) Old regions: 21->27
[2026-08-03T18:43:15.610+0900][18.976s][info ][gc,heap        ] GC(60) Archive regions: 0->0
[2026-08-03T18:43:15.610+0900][18.976s][info ][gc,heap        ] GC(60) Humongous regions: 0->0
[2026-08-03T18:43:15.610+0900][18.976s][info ][gc,metaspace   ] GC(60) Metaspace: 12170K(12672K)->12170K(12672K) NonClass: 11057K(11264K)->11057K(11264K) Class: 1112K(1408K)->1112K(1408K)
[2026-08-03T18:43:15.610+0900][18.976s][debug][gc,heap        ] GC(60) Heap after GC invocations=61 (full 33):
[2026-08-03T18:43:15.610+0900][18.976s][debug][gc,heap        ] GC(60)  garbage-first heap   total 1867776K, used 468095K [0x000002895a000000, 0x000002c05a000000)
[2026-08-03T18:43:15.610+0900][18.976s][debug][gc,heap        ] GC(60)   region size 32768K, 2 young (65536K), 2 survivors (65536K)
[2026-08-03T18:43:15.610+0900][18.976s][debug][gc,heap        ] GC(60)  Metaspace       used 12170K, committed 12672K, reserved 1114112K
[2026-08-03T18:43:15.610+0900][18.976s][debug][gc,heap        ] GC(60)   class space    used 1112K, committed 1408K, reserved 1048576K
[2026-08-03T18:43:15.610+0900][18.976s][info ][gc             ] GC(60) Pause Young (Normal) (G1 Evacuation Pause) 561M->457M(1824M) 33.621ms
[2026-08-03T18:43:15.610+0900][18.976s][info ][gc,cpu         ] GC(60) User=0.56s Sys=0.00s Real=0.03s
[2026-08-03T18:43:15.610+0900][18.976s][info ][safepoint      ] Safepoint "G1CollectForAllocation", Time since last: 169407800 ns, Reaching safepoint: 3832500 ns, At safepoint: 33682500 ns, Total: 37515000 ns
[2026-08-03T18:43:15.792+0900][19.158s][info ][gc,start       ] GC(61) Pause Young (Concurrent Start) (G1 Evacuation Pause)
[2026-08-03T18:43:15.792+0900][19.158s][debug][gc,heap        ] GC(61) Heap before GC invocations=61 (full 33):
[2026-08-03T18:43:15.792+0900][19.158s][debug][gc,heap        ] GC(61)  garbage-first heap   total 1867776K, used 763007K [0x000002895a000000, 0x000002c05a000000)
[2026-08-03T18:43:15.792+0900][19.158s][debug][gc,heap        ] GC(61)   region size 32768K, 11 young (360448K), 2 survivors (65536K)
[2026-08-03T18:43:15.792+0900][19.158s][debug][gc,heap        ] GC(61)  Metaspace       used 12170K, committed 12672K, reserved 1114112K
[2026-08-03T18:43:15.792+0900][19.158s][debug][gc,heap        ] GC(61)   class space    used 1112K, committed 1408K, reserved 1048576K
[2026-08-03T18:43:15.792+0900][19.158s][info ][gc,task        ] GC(61) Using 18 workers of 18 for evacuation
[2026-08-03T18:43:15.842+0900][19.209s][info ][gc,phases      ] GC(61)   Pre Evacuate Collection Set: 0.2ms
[2026-08-03T18:43:15.842+0900][19.209s][info ][gc,phases      ] GC(61)   Merge Heap Roots: 1.5ms
[2026-08-03T18:43:15.842+0900][19.209s][info ][gc,phases      ] GC(61)   Evacuate Collection Set: 37.7ms
[2026-08-03T18:43:15.842+0900][19.209s][info ][gc,phases      ] GC(61)   Post Evacuate Collection Set: 10.7ms
[2026-08-03T18:43:15.842+0900][19.209s][info ][gc,phases      ] GC(61)   Other: 0.1ms
[2026-08-03T18:43:15.842+0900][19.209s][info ][gc,heap        ] GC(61) Eden regions: 9->0(20)
[2026-08-03T18:43:15.842+0900][19.209s][info ][gc,heap        ] GC(61) Survivor regions: 2->2(2)
[2026-08-03T18:43:15.842+0900][19.209s][info ][gc,heap        ] GC(61) Old regions: 27->33
[2026-08-03T18:43:15.842+0900][19.209s][info ][gc,heap        ] GC(61) Archive regions: 0->0
[2026-08-03T18:43:15.842+0900][19.209s][info ][gc,heap        ] GC(61) Humongous regions: 0->0
[2026-08-03T18:43:15.842+0900][19.209s][info ][gc,metaspace   ] GC(61) Metaspace: 12170K(12672K)->12170K(12672K) NonClass: 11057K(11264K)->11057K(11264K) Class: 1112K(1408K)->1112K(1408K)
[2026-08-03T18:43:15.842+0900][19.209s][debug][gc,heap        ] GC(61) Heap after GC invocations=62 (full 33):
[2026-08-03T18:43:15.842+0900][19.209s][debug][gc,heap        ] GC(61)  garbage-first heap   total 3735552K, used 652187K [0x000002895a000000, 0x000002c05a000000)
[2026-08-03T18:43:15.842+0900][19.209s][debug][gc,heap        ] GC(61)   region size 32768K, 2 young (65536K), 2 survivors (65536K)
[2026-08-03T18:43:15.842+0900][19.209s][debug][gc,heap        ] GC(61)  Metaspace       used 12170K, committed 12672K, reserved 1114112K
[2026-08-03T18:43:15.842+0900][19.209s][debug][gc,heap        ] GC(61)   class space    used 1112K, committed 1408K, reserved 1048576K
[2026-08-03T18:43:15.842+0900][19.209s][info ][gc             ] GC(61) Pause Young (Concurrent Start) (G1 Evacuation Pause) 745M->636M(3648M) 50.592ms
[2026-08-03T18:43:15.842+0900][19.209s][info ][gc,cpu         ] GC(61) User=0.83s Sys=0.02s Real=0.05s
[2026-08-03T18:43:15.843+0900][19.209s][info ][gc             ] GC(62) Concurrent Mark Cycle
[2026-08-03T18:43:15.843+0900][19.209s][info ][safepoint      ] Safepoint "G1CollectForAllocation", Time since last: 181022600 ns, Reaching safepoint: 740600 ns, At safepoint: 50696100 ns, Total: 51436700 ns
[2026-08-03T18:43:15.843+0900][19.209s][info ][gc,marking     ] GC(62) Concurrent Clear Claimed Marks
[2026-08-03T18:43:15.843+0900][19.209s][info ][gc,marking     ] GC(62) Concurrent Clear Claimed Marks 0.048ms
[2026-08-03T18:43:15.843+0900][19.209s][info ][gc,marking     ] GC(62) Concurrent Scan Root Regions
[2026-08-03T18:43:15.867+0900][19.234s][info ][gc,marking     ] GC(62) Concurrent Scan Root Regions 24.726ms
[2026-08-03T18:43:15.867+0900][19.234s][info ][gc,marking     ] GC(62) Concurrent Mark
[2026-08-03T18:43:15.867+0900][19.234s][info ][gc,marking     ] GC(62) Concurrent Mark From Roots
[2026-08-03T18:43:15.867+0900][19.234s][info ][gc,task        ] GC(62) Using 5 workers of 5 for marking
[2026-08-03T18:43:15.936+0900][19.302s][info ][gc,marking     ] GC(62) Concurrent Mark From Roots 68.315ms
[2026-08-03T18:43:15.936+0900][19.302s][info ][gc,marking     ] GC(62) Concurrent Preclean
[2026-08-03T18:43:15.936+0900][19.302s][info ][gc,marking     ] GC(62) Concurrent Preclean 0.028ms
[2026-08-03T18:43:15.936+0900][19.303s][info ][gc,start       ] GC(62) Pause Remark
[2026-08-03T18:43:15.938+0900][19.304s][info ][gc             ] GC(62) Pause Remark 738M->738M(3648M) 1.464ms
[2026-08-03T18:43:15.938+0900][19.304s][info ][gc,cpu         ] GC(62) User=0.02s Sys=0.00s Real=0.00s
[2026-08-03T18:43:15.938+0900][19.304s][info ][safepoint      ] Safepoint "G1Concurrent", Time since last: 93413500 ns, Reaching safepoint: 194400 ns, At safepoint: 1528500 ns, Total: 1722900 ns
[2026-08-03T18:43:15.938+0900][19.304s][info ][gc,marking     ] GC(62) Concurrent Mark 70.246ms
[2026-08-03T18:43:15.938+0900][19.304s][info ][gc,marking     ] GC(62) Concurrent Rebuild Remembered Sets
[2026-08-03T18:43:16.079+0900][19.445s][info ][gc,marking     ] GC(62) Concurrent Rebuild Remembered Sets 141.116ms
[2026-08-03T18:43:16.085+0900][19.452s][info ][gc,start       ] GC(62) Pause Cleanup
[2026-08-03T18:43:16.085+0900][19.452s][debug][gc,ergo,cset   ] GC(62) Pruned 9 regions out of 20, leaving 179731248 bytes waste (allowed 191260262)
[2026-08-03T18:43:16.085+0900][19.452s][info ][gc             ] GC(62) Pause Cleanup 872M->872M(3648M) 0.154ms
[2026-08-03T18:43:16.085+0900][19.452s][info ][gc,cpu         ] GC(62) User=0.00s Sys=0.00s Real=0.00s
[2026-08-03T18:43:16.085+0900][19.452s][info ][safepoint      ] Safepoint "G1Concurrent", Time since last: 141223600 ns, Reaching safepoint: 6244100 ns, At safepoint: 191000 ns, Total: 6435100 ns
[2026-08-03T18:43:16.085+0900][19.452s][info ][gc,marking     ] GC(62) Concurrent Cleanup for Next Mark
[2026-08-03T18:43:16.086+0900][19.453s][info ][gc,marking     ] GC(62) Concurrent Cleanup for Next Mark 1.010ms
[2026-08-03T18:43:16.086+0900][19.453s][info ][gc             ] GC(62) Concurrent Mark Cycle 243.916ms
[2026-08-03T18:43:16.176+0900][19.543s][debug][gc,heap        ] Concurrent Uncommit Summary: 5440M, 170 regions, 244.033ms
[2026-08-03T18:43:16.682+0900][20.049s][info ][gc,start       ] GC(63) Pause Young (Prepare Mixed) (G1 Evacuation Pause)
[2026-08-03T18:43:16.682+0900][20.049s][debug][gc,heap        ] GC(63) Heap before GC invocations=63 (full 33):
[2026-08-03T18:43:16.682+0900][20.049s][debug][gc,heap        ] GC(63)  garbage-first heap   total 3735552K, used 1307547K [0x000002895a000000, 0x000002c05a000000)
[2026-08-03T18:43:16.682+0900][20.049s][debug][gc,heap        ] GC(63)   region size 32768K, 22 young (720896K), 2 survivors (65536K)
[2026-08-03T18:43:16.682+0900][20.049s][debug][gc,heap        ] GC(63)  Metaspace       used 12171K, committed 12672K, reserved 1114112K
[2026-08-03T18:43:16.682+0900][20.049s][debug][gc,heap        ] GC(63)   class space    used 1112K, committed 1408K, reserved 1048576K
[2026-08-03T18:43:16.682+0900][20.049s][info ][gc,task        ] GC(63) Using 18 workers of 18 for evacuation
[2026-08-03T18:43:16.756+0900][20.123s][info ][gc,phases      ] GC(63)   Pre Evacuate Collection Set: 0.1ms
[2026-08-03T18:43:16.756+0900][20.123s][info ][gc,phases      ] GC(63)   Merge Heap Roots: 1.0ms
[2026-08-03T18:43:16.756+0900][20.123s][info ][gc,phases      ] GC(63)   Evacuate Collection Set: 72.2ms
[2026-08-03T18:43:16.756+0900][20.123s][info ][gc,phases      ] GC(63)   Post Evacuate Collection Set: 0.7ms
[2026-08-03T18:43:16.756+0900][20.123s][info ][gc,phases      ] GC(63)   Other: 0.1ms
[2026-08-03T18:43:16.756+0900][20.123s][info ][gc,heap        ] GC(63) Eden regions: 20->0(2)
[2026-08-03T18:43:16.756+0900][20.123s][info ][gc,heap        ] GC(63) Survivor regions: 2->3(3)
[2026-08-03T18:43:16.756+0900][20.123s][info ][gc,heap        ] GC(63) Old regions: 33->45
[2026-08-03T18:43:16.756+0900][20.123s][info ][gc,heap        ] GC(63) Archive regions: 0->0
[2026-08-03T18:43:16.757+0900][20.123s][info ][gc,heap        ] GC(63) Humongous regions: 0->0
[2026-08-03T18:43:16.757+0900][20.123s][info ][gc,metaspace   ] GC(63) Metaspace: 12171K(12672K)->12171K(12672K) NonClass: 11058K(11264K)->11058K(11264K) Class: 1112K(1408K)->1112K(1408K)
[2026-08-03T18:43:16.757+0900][20.123s][debug][gc,heap        ] GC(63) Heap after GC invocations=64 (full 33):
[2026-08-03T18:43:16.757+0900][20.123s][debug][gc,heap        ] GC(63)  garbage-first heap   total 3735552K, used 1073120K [0x000002895a000000, 0x000002c05a000000)
[2026-08-03T18:43:16.757+0900][20.123s][debug][gc,heap        ] GC(63)   region size 32768K, 3 young (98304K), 3 survivors (98304K)
[2026-08-03T18:43:16.757+0900][20.123s][debug][gc,heap        ] GC(63)  Metaspace       used 12171K, committed 12672K, reserved 1114112K
[2026-08-03T18:43:16.757+0900][20.123s][debug][gc,heap        ] GC(63)   class space    used 1112K, committed 1408K, reserved 1048576K
[2026-08-03T18:43:16.757+0900][20.123s][info ][gc             ] GC(63) Pause Young (Prepare Mixed) (G1 Evacuation Pause) 1276M->1047M(3648M) 74.460ms
[2026-08-03T18:43:16.757+0900][20.123s][info ][gc,cpu         ] GC(63) User=1.41s Sys=0.00s Real=0.08s
[2026-08-03T18:43:16.757+0900][20.123s][info ][safepoint      ] Safepoint "G1CollectForAllocation", Time since last: 596722700 ns, Reaching safepoint: 113900 ns, At safepoint: 74522100 ns, Total: 74636000 ns
[2026-08-03T18:43:16.825+0900][20.191s][info ][gc,start       ] GC(64) Pause Young (Mixed) (G1 Evacuation Pause)
[2026-08-03T18:43:16.825+0900][20.191s][debug][gc,heap        ] GC(64) Heap before GC invocations=64 (full 33):
[2026-08-03T18:43:16.825+0900][20.191s][debug][gc,heap        ] GC(64)  garbage-first heap   total 3735552K, used 1138656K [0x000002895a000000, 0x000002c05a000000)
[2026-08-03T18:43:16.825+0900][20.192s][debug][gc,heap        ] GC(64)   region size 32768K, 5 young (163840K), 3 survivors (98304K)
[2026-08-03T18:43:16.825+0900][20.192s][debug][gc,heap        ] GC(64)  Metaspace       used 12171K, committed 12672K, reserved 1114112K
[2026-08-03T18:43:16.825+0900][20.192s][debug][gc,heap        ] GC(64)   class space    used 1112K, committed 1408K, reserved 1048576K
[2026-08-03T18:43:16.825+0900][20.192s][info ][gc,task        ] GC(64) Using 18 workers of 18 for evacuation
[2026-08-03T18:43:16.825+0900][20.192s][debug][gc,ergo,cset   ] GC(64) Start adding old regions to collection set. Min 2 regions, max 12 regions, time remaining 143.76ms, optional threshold 28.75ms
[2026-08-03T18:43:16.825+0900][20.192s][debug][gc,ergo,cset   ] GC(64) Old candidate collection set empty.
[2026-08-03T18:43:16.825+0900][20.192s][debug][gc,ergo,cset   ] GC(64) Finish choosing collection set old regions. Initial: 11, optional: 0, predicted old time: 0.00ms, predicted optional time: 0.00ms, time remaining: 135.72
[2026-08-03T18:43:16.856+0900][20.222s][info ][gc,phases      ] GC(64)   Pre Evacuate Collection Set: 0.1ms
[2026-08-03T18:43:16.856+0900][20.222s][info ][gc,phases      ] GC(64)   Merge Heap Roots: 1.4ms
[2026-08-03T18:43:16.856+0900][20.222s][info ][gc,phases      ] GC(64)   Evacuate Collection Set: 28.6ms
[2026-08-03T18:43:16.856+0900][20.222s][info ][gc,phases      ] GC(64)   Post Evacuate Collection Set: 0.3ms
[2026-08-03T18:43:16.856+0900][20.222s][info ][gc,phases      ] GC(64)   Other: 0.1ms
[2026-08-03T18:43:16.856+0900][20.222s][info ][gc,heap        ] GC(64) Eden regions: 2->0(21)
[2026-08-03T18:43:16.856+0900][20.222s][info ][gc,heap        ] GC(64) Survivor regions: 3->1(1)
[2026-08-03T18:43:16.856+0900][20.222s][info ][gc,heap        ] GC(64) Old regions: 45->38
[2026-08-03T18:43:16.856+0900][20.222s][info ][gc,heap        ] GC(64) Archive regions: 0->0
[2026-08-03T18:43:16.856+0900][20.222s][info ][gc,heap        ] GC(64) Humongous regions: 0->0
[2026-08-03T18:43:16.856+0900][20.222s][info ][gc,metaspace   ] GC(64) Metaspace: 12171K(12672K)->12171K(12672K) NonClass: 11058K(11264K)->11058K(11264K) Class: 1112K(1408K)->1112K(1408K)
[2026-08-03T18:43:16.856+0900][20.222s][debug][gc,heap        ] GC(64) Heap after GC invocations=65 (full 33):
[2026-08-03T18:43:16.856+0900][20.222s][debug][gc,heap        ] GC(64)  garbage-first heap   total 3735552K, used 1151138K [0x000002895a000000, 0x000002c05a000000)
[2026-08-03T18:43:16.856+0900][20.222s][debug][gc,heap        ] GC(64)   region size 32768K, 1 young (32768K), 1 survivors (32768K)
[2026-08-03T18:43:16.856+0900][20.222s][debug][gc,heap        ] GC(64)  Metaspace       used 12171K, committed 12672K, reserved 1114112K
[2026-08-03T18:43:16.856+0900][20.222s][debug][gc,heap        ] GC(64)   class space    used 1112K, committed 1408K, reserved 1048576K
[2026-08-03T18:43:16.856+0900][20.222s][info ][gc             ] GC(64) Pause Young (Mixed) (G1 Evacuation Pause) 1111M->1124M(3648M) 30.838ms
[2026-08-03T18:43:16.856+0900][20.222s][info ][gc,cpu         ] GC(64) User=0.58s Sys=0.02s Real=0.03s
[2026-08-03T18:43:16.856+0900][20.222s][info ][safepoint      ] Safepoint "G1CollectForAllocation", Time since last: 68283500 ns, Reaching safepoint: 67600 ns, At safepoint: 30932700 ns, Total: 31000300 ns
[2026-08-03T18:43:17.808+0900][21.175s][info ][gc,start       ] GC(65) Pause Young (Normal) (G1 Evacuation Pause)
[2026-08-03T18:43:17.808+0900][21.175s][debug][gc,heap        ] GC(65) Heap before GC invocations=65 (full 33):
[2026-08-03T18:43:17.808+0900][21.175s][debug][gc,heap        ] GC(65)  garbage-first heap   total 3735552K, used 1839266K [0x000002895a000000, 0x000002c05a000000)
[2026-08-03T18:43:17.808+0900][21.175s][debug][gc,heap        ] GC(65)   region size 32768K, 22 young (720896K), 1 survivors (32768K)
[2026-08-03T18:43:17.808+0900][21.175s][debug][gc,heap        ] GC(65)  Metaspace       used 12171K, committed 12672K, reserved 1114112K
[2026-08-03T18:43:17.808+0900][21.175s][debug][gc,heap        ] GC(65)   class space    used 1112K, committed 1408K, reserved 1048576K
[2026-08-03T18:43:17.808+0900][21.175s][info ][gc,task        ] GC(65) Using 18 workers of 18 for evacuation
[2026-08-03T18:43:17.860+0900][21.227s][info ][gc,phases      ] GC(65)   Pre Evacuate Collection Set: 0.1ms
[2026-08-03T18:43:17.860+0900][21.227s][info ][gc,phases      ] GC(65)   Merge Heap Roots: 0.3ms
[2026-08-03T18:43:17.860+0900][21.227s][info ][gc,phases      ] GC(65)   Evacuate Collection Set: 51.0ms
[2026-08-03T18:43:17.860+0900][21.227s][info ][gc,phases      ] GC(65)   Post Evacuate Collection Set: 0.4ms
[2026-08-03T18:43:17.860+0900][21.227s][info ][gc,phases      ] GC(65)   Other: 0.1ms
[2026-08-03T18:43:17.860+0900][21.227s][info ][gc,heap        ] GC(65) Eden regions: 21->0(19)
[2026-08-03T18:43:17.860+0900][21.227s][info ][gc,heap        ] GC(65) Survivor regions: 1->3(3)
[2026-08-03T18:43:17.860+0900][21.227s][info ][gc,heap        ] GC(65) Old regions: 38->47
[2026-08-03T18:43:17.860+0900][21.227s][info ][gc,heap        ] GC(65) Archive regions: 0->0
[2026-08-03T18:43:17.860+0900][21.227s][info ][gc,heap        ] GC(65) Humongous regions: 0->0
[2026-08-03T18:43:17.860+0900][21.227s][info ][gc,metaspace   ] GC(65) Metaspace: 12171K(12672K)->12171K(12672K) NonClass: 11058K(11264K)->11058K(11264K) Class: 1112K(1408K)->1112K(1408K)
[2026-08-03T18:43:17.860+0900][21.227s][debug][gc,heap        ] GC(65) Heap after GC invocations=66 (full 33):
[2026-08-03T18:43:17.860+0900][21.227s][debug][gc,heap        ] GC(65)  garbage-first heap   total 3735552K, used 1501764K [0x000002895a000000, 0x000002c05a000000)
[2026-08-03T18:43:17.860+0900][21.227s][debug][gc,heap        ] GC(65)   region size 32768K, 3 young (98304K), 3 survivors (98304K)
[2026-08-03T18:43:17.861+0900][21.227s][debug][gc,heap        ] GC(65)  Metaspace       used 12171K, committed 12672K, reserved 1114112K
[2026-08-03T18:43:17.861+0900][21.227s][debug][gc,heap        ] GC(65)   class space    used 1112K, committed 1408K, reserved 1048576K
[2026-08-03T18:43:17.861+0900][21.227s][info ][gc             ] GC(65) Pause Young (Normal) (G1 Evacuation Pause) 1796M->1466M(3648M) 52.256ms
[2026-08-03T18:43:17.861+0900][21.227s][info ][gc,cpu         ] GC(65) User=1.11s Sys=0.02s Real=0.05s
[2026-08-03T18:43:17.861+0900][21.227s][info ][safepoint      ] Safepoint "G1CollectForAllocation", Time since last: 952210800 ns, Reaching safepoint: 116000 ns, At safepoint: 52313800 ns, Total: 52429800 ns
[2026-08-03T18:43:18.802+0900][22.169s][info ][gc,start       ] GC(66) Pause Young (Normal) (G1 Evacuation Pause)
[2026-08-03T18:43:18.802+0900][22.169s][debug][gc,heap        ] GC(66) Heap before GC invocations=66 (full 33):
[2026-08-03T18:43:18.802+0900][22.169s][debug][gc,heap        ] GC(66)  garbage-first heap   total 3735552K, used 2124356K [0x000002895a000000, 0x000002c05a000000)
[2026-08-03T18:43:18.802+0900][22.169s][debug][gc,heap        ] GC(66)   region size 32768K, 22 young (720896K), 3 survivors (98304K)
[2026-08-03T18:43:18.802+0900][22.169s][debug][gc,heap        ] GC(66)  Metaspace       used 12241K, committed 12800K, reserved 1114112K
[2026-08-03T18:43:18.802+0900][22.169s][debug][gc,heap        ] GC(66)   class space    used 1119K, committed 1408K, reserved 1048576K
[2026-08-03T18:43:18.802+0900][22.169s][info ][gc,task        ] GC(66) Using 18 workers of 18 for evacuation
[2026-08-03T18:43:18.821+0900][22.187s][info ][gc,phases      ] GC(66)   Pre Evacuate Collection Set: 0.1ms
[2026-08-03T18:43:18.821+0900][22.187s][info ][gc,phases      ] GC(66)   Merge Heap Roots: 0.4ms
[2026-08-03T18:43:18.821+0900][22.187s][info ][gc,phases      ] GC(66)   Evacuate Collection Set: 17.5ms
[2026-08-03T18:43:18.821+0900][22.187s][info ][gc,phases      ] GC(66)   Post Evacuate Collection Set: 0.3ms
[2026-08-03T18:43:18.821+0900][22.187s][info ][gc,phases      ] GC(66)   Other: 0.1ms
[2026-08-03T18:43:18.821+0900][22.187s][info ][gc,heap        ] GC(66) Eden regions: 19->0(19)
[2026-08-03T18:43:18.821+0900][22.187s][info ][gc,heap        ] GC(66) Survivor regions: 3->3(3)
[2026-08-03T18:43:18.821+0900][22.187s][info ][gc,heap        ] GC(66) Old regions: 47->51
[2026-08-03T18:43:18.821+0900][22.187s][info ][gc,heap        ] GC(66) Archive regions: 0->0
[2026-08-03T18:43:18.821+0900][22.187s][info ][gc,heap        ] GC(66) Humongous regions: 0->0
[2026-08-03T18:43:18.821+0900][22.187s][info ][gc,metaspace   ] GC(66) Metaspace: 12241K(12800K)->12241K(12800K) NonClass: 11122K(11392K)->11122K(11392K) Class: 1119K(1408K)->1119K(1408K)
[2026-08-03T18:43:18.821+0900][22.187s][debug][gc,heap        ] GC(66) Heap after GC invocations=67 (full 33):
[2026-08-03T18:43:18.821+0900][22.187s][debug][gc,heap        ] GC(66)  garbage-first heap   total 3735552K, used 1595494K [0x000002895a000000, 0x000002c05a000000)
[2026-08-03T18:43:18.821+0900][22.187s][debug][gc,heap        ] GC(66)   region size 32768K, 3 young (98304K), 3 survivors (98304K)
[2026-08-03T18:43:18.821+0900][22.187s][debug][gc,heap        ] GC(66)  Metaspace       used 12241K, committed 12800K, reserved 1114112K
[2026-08-03T18:43:18.821+0900][22.187s][debug][gc,heap        ] GC(66)   class space    used 1119K, committed 1408K, reserved 1048576K
[2026-08-03T18:43:18.821+0900][22.187s][info ][gc             ] GC(66) Pause Young (Normal) (G1 Evacuation Pause) 2074M->1558M(3648M) 18.831ms
[2026-08-03T18:43:18.821+0900][22.187s][info ][gc,cpu         ] GC(66) User=0.28s Sys=0.00s Real=0.02s
[2026-08-03T18:43:18.821+0900][22.187s][info ][safepoint      ] Safepoint "G1CollectForAllocation", Time since last: 941473900 ns, Reaching safepoint: 104000 ns, At safepoint: 18889100 ns, Total: 18993100 ns
[2026-08-03T18:43:19.632+0900][22.999s][info ][gc,start       ] GC(67) Pause Young (Normal) (G1 Evacuation Pause)
[2026-08-03T18:43:19.633+0900][22.999s][debug][gc,heap        ] GC(67) Heap before GC invocations=67 (full 33):
[2026-08-03T18:43:19.633+0900][22.999s][debug][gc,heap        ] GC(67)  garbage-first heap   total 3735552K, used 2218086K [0x000002895a000000, 0x000002c05a000000)
[2026-08-03T18:43:19.633+0900][22.999s][debug][gc,heap        ] GC(67)   region size 32768K, 22 young (720896K), 3 survivors (98304K)
[2026-08-03T18:43:19.633+0900][22.999s][debug][gc,heap        ] GC(67)  Metaspace       used 12312K, committed 12864K, reserved 1114112K
[2026-08-03T18:43:19.633+0900][22.999s][debug][gc,heap        ] GC(67)   class space    used 1128K, committed 1408K, reserved 1048576K
[2026-08-03T18:43:19.633+0900][22.999s][info ][gc,task        ] GC(67) Using 18 workers of 18 for evacuation
[2026-08-03T18:43:19.662+0900][23.028s][info ][gc,phases      ] GC(67)   Pre Evacuate Collection Set: 0.1ms
[2026-08-03T18:43:19.662+0900][23.028s][info ][gc,phases      ] GC(67)   Merge Heap Roots: 0.2ms
[2026-08-03T18:43:19.662+0900][23.028s][info ][gc,phases      ] GC(67)   Evacuate Collection Set: 20.9ms
[2026-08-03T18:43:19.662+0900][23.028s][info ][gc,phases      ] GC(67)   Post Evacuate Collection Set: 7.7ms
[2026-08-03T18:43:19.662+0900][23.028s][info ][gc,phases      ] GC(67)   Other: 0.1ms
[2026-08-03T18:43:19.662+0900][23.028s][info ][gc,heap        ] GC(67) Eden regions: 19->0(42)
[2026-08-03T18:43:19.662+0900][23.028s][info ][gc,heap        ] GC(67) Survivor regions: 3->3(3)
[2026-08-03T18:43:19.662+0900][23.028s][info ][gc,heap        ] GC(67) Old regions: 51->53
[2026-08-03T18:43:19.662+0900][23.028s][info ][gc,heap        ] GC(67) Archive regions: 0->0
[2026-08-03T18:43:19.662+0900][23.028s][info ][gc,heap        ] GC(67) Humongous regions: 0->0
[2026-08-03T18:43:19.662+0900][23.028s][info ][gc,metaspace   ] GC(67) Metaspace: 12312K(12864K)->12312K(12864K) NonClass: 11183K(11456K)->11183K(11456K) Class: 1128K(1408K)->1128K(1408K)
[2026-08-03T18:43:19.662+0900][23.028s][debug][gc,heap        ] GC(67) Heap after GC invocations=68 (full 33):
[2026-08-03T18:43:19.662+0900][23.028s][debug][gc,heap        ] GC(67)  garbage-first heap   total 7471104K, used 1702522K [0x000002895a000000, 0x000002c05a000000)
[2026-08-03T18:43:19.662+0900][23.028s][debug][gc,heap        ] GC(67)   region size 32768K, 3 young (98304K), 3 survivors (98304K)
[2026-08-03T18:43:19.662+0900][23.028s][debug][gc,heap        ] GC(67)  Metaspace       used 12312K, committed 12864K, reserved 1114112K
[2026-08-03T18:43:19.662+0900][23.028s][debug][gc,heap        ] GC(67)   class space    used 1128K, committed 1408K, reserved 1048576K
[2026-08-03T18:43:19.662+0900][23.028s][info ][gc             ] GC(67) Pause Young (Normal) (G1 Evacuation Pause) 2166M->1662M(7296M) 29.399ms
[2026-08-03T18:43:19.662+0900][23.028s][info ][gc,cpu         ] GC(67) User=0.34s Sys=0.02s Real=0.03s
[2026-08-03T18:43:19.662+0900][23.029s][info ][safepoint      ] Safepoint "G1CollectForAllocation", Time since last: 811336100 ns, Reaching safepoint: 70500 ns, At safepoint: 30018500 ns, Total: 30089000 ns
[2026-08-03T18:43:19.959+0900][23.325s][info ][gc,start       ] GC(68) Pause Young (Normal) (G1 Evacuation Pause)
[2026-08-03T18:43:19.959+0900][23.325s][debug][gc,heap        ] GC(68) Heap before GC invocations=68 (full 33):
[2026-08-03T18:43:19.959+0900][23.325s][debug][gc,heap        ] GC(68)  garbage-first heap   total 7471104K, used 3078778K [0x000002895a000000, 0x000002c05a000000)
[2026-08-03T18:43:19.959+0900][23.325s][debug][gc,heap        ] GC(68)   region size 32768K, 45 young (1474560K), 3 survivors (98304K)
[2026-08-03T18:43:19.959+0900][23.325s][debug][gc,heap        ] GC(68)  Metaspace       used 12319K, committed 12864K, reserved 1114112K
[2026-08-03T18:43:19.959+0900][23.325s][debug][gc,heap        ] GC(68)   class space    used 1128K, committed 1408K, reserved 1048576K
[2026-08-03T18:43:19.959+0900][23.326s][info ][gc,task        ] GC(68) Using 18 workers of 18 for evacuation
[2026-08-03T18:43:19.974+0900][23.340s][info ][gc,phases      ] GC(68)   Pre Evacuate Collection Set: 0.1ms
[2026-08-03T18:43:19.974+0900][23.340s][info ][gc,phases      ] GC(68)   Merge Heap Roots: 0.2ms
[2026-08-03T18:43:19.974+0900][23.340s][info ][gc,phases      ] GC(68)   Evacuate Collection Set: 13.7ms
[2026-08-03T18:43:19.974+0900][23.340s][info ][gc,phases      ] GC(68)   Post Evacuate Collection Set: 0.4ms
[2026-08-03T18:43:19.974+0900][23.340s][info ][gc,phases      ] GC(68)   Other: 0.1ms
[2026-08-03T18:43:19.974+0900][23.340s][info ][gc,heap        ] GC(68) Eden regions: 42->0(41)
[2026-08-03T18:43:19.974+0900][23.340s][info ][gc,heap        ] GC(68) Survivor regions: 3->4(6)
[2026-08-03T18:43:19.974+0900][23.340s][info ][gc,heap        ] GC(68) Old regions: 53->53
[2026-08-03T18:43:19.974+0900][23.340s][info ][gc,heap        ] GC(68) Archive regions: 0->0
[2026-08-03T18:43:19.974+0900][23.340s][info ][gc,heap        ] GC(68) Humongous regions: 0->0
[2026-08-03T18:43:19.974+0900][23.340s][info ][gc,metaspace   ] GC(68) Metaspace: 12319K(12864K)->12319K(12864K) NonClass: 11190K(11456K)->11190K(11456K) Class: 1128K(1408K)->1128K(1408K)
[2026-08-03T18:43:19.974+0900][23.340s][debug][gc,heap        ] GC(68) Heap after GC invocations=69 (full 33):
[2026-08-03T18:43:19.974+0900][23.340s][debug][gc,heap        ] GC(68)  garbage-first heap   total 7471104K, used 1706013K [0x000002895a000000, 0x000002c05a000000)
[2026-08-03T18:43:19.974+0900][23.340s][debug][gc,heap        ] GC(68)   region size 32768K, 4 young (131072K), 4 survivors (131072K)
[2026-08-03T18:43:19.974+0900][23.340s][debug][gc,heap        ] GC(68)  Metaspace       used 12319K, committed 12864K, reserved 1114112K
[2026-08-03T18:43:19.974+0900][23.340s][debug][gc,heap        ] GC(68)   class space    used 1128K, committed 1408K, reserved 1048576K
[2026-08-03T18:43:19.974+0900][23.340s][info ][gc             ] GC(68) Pause Young (Normal) (G1 Evacuation Pause) 3006M->1666M(7296M) 14.827ms
[2026-08-03T18:43:19.974+0900][23.340s][info ][gc,cpu         ] GC(68) User=0.25s Sys=0.05s Real=0.01s
[2026-08-03T18:43:19.974+0900][23.340s][info ][safepoint      ] Safepoint "G1CollectForAllocation", Time since last: 296285100 ns, Reaching safepoint: 206000 ns, At safepoint: 14938000 ns, Total: 15144000 ns
[2026-08-03T18:43:20.329+0900][23.695s][info ][gc,start       ] GC(69) Pause Young (Normal) (G1 Evacuation Pause)
[2026-08-03T18:43:20.329+0900][23.695s][debug][gc,heap        ] GC(69) Heap before GC invocations=69 (full 33):
[2026-08-03T18:43:20.329+0900][23.695s][debug][gc,heap        ] GC(69)  garbage-first heap   total 7471104K, used 3049501K [0x000002895a000000, 0x000002c05a000000)
[2026-08-03T18:43:20.329+0900][23.695s][debug][gc,heap        ] GC(69)   region size 32768K, 45 young (1474560K), 4 survivors (131072K)
[2026-08-03T18:43:20.329+0900][23.695s][debug][gc,heap        ] GC(69)  Metaspace       used 12319K, committed 12864K, reserved 1114112K
[2026-08-03T18:43:20.329+0900][23.695s][debug][gc,heap        ] GC(69)   class space    used 1128K, committed 1408K, reserved 1048576K
[2026-08-03T18:43:20.329+0900][23.695s][info ][gc,task        ] GC(69) Using 18 workers of 18 for evacuation
[2026-08-03T18:43:20.338+0900][23.704s][info ][gc,phases      ] GC(69)   Pre Evacuate Collection Set: 0.1ms
[2026-08-03T18:43:20.338+0900][23.704s][info ][gc,phases      ] GC(69)   Merge Heap Roots: 0.2ms
[2026-08-03T18:43:20.338+0900][23.704s][info ][gc,phases      ] GC(69)   Evacuate Collection Set: 8.4ms
[2026-08-03T18:43:20.338+0900][23.704s][info ][gc,phases      ] GC(69)   Post Evacuate Collection Set: 0.3ms
[2026-08-03T18:43:20.338+0900][23.704s][info ][gc,phases      ] GC(69)   Other: 0.1ms
[2026-08-03T18:43:20.338+0900][23.704s][info ][gc,heap        ] GC(69) Eden regions: 41->0(41)
[2026-08-03T18:43:20.338+0900][23.704s][info ][gc,heap        ] GC(69) Survivor regions: 4->4(6)
[2026-08-03T18:43:20.338+0900][23.705s][info ][gc,heap        ] GC(69) Old regions: 53->53
[2026-08-03T18:43:20.338+0900][23.705s][info ][gc,heap        ] GC(69) Archive regions: 0->0
[2026-08-03T18:43:20.338+0900][23.705s][info ][gc,heap        ] GC(69) Humongous regions: 0->0
[2026-08-03T18:43:20.338+0900][23.705s][info ][gc,metaspace   ] GC(69) Metaspace: 12319K(12864K)->12319K(12864K) NonClass: 11190K(11456K)->11190K(11456K) Class: 1128K(1408K)->1128K(1408K)
[2026-08-03T18:43:20.338+0900][23.705s][debug][gc,heap        ] GC(69) Heap after GC invocations=70 (full 33):
[2026-08-03T18:43:20.338+0900][23.705s][debug][gc,heap        ] GC(69)  garbage-first heap   total 7471104K, used 1706155K [0x000002895a000000, 0x000002c05a000000)
[2026-08-03T18:43:20.338+0900][23.705s][debug][gc,heap        ] GC(69)   region size 32768K, 4 young (131072K), 4 survivors (131072K)
[2026-08-03T18:43:20.338+0900][23.705s][debug][gc,heap        ] GC(69)  Metaspace       used 12319K, committed 12864K, reserved 1114112K
[2026-08-03T18:43:20.338+0900][23.705s][debug][gc,heap        ] GC(69)   class space    used 1128K, committed 1408K, reserved 1048576K
[2026-08-03T18:43:20.338+0900][23.705s][info ][gc             ] GC(69) Pause Young (Normal) (G1 Evacuation Pause) 2978M->1666M(7296M) 9.547ms
[2026-08-03T18:43:20.338+0900][23.705s][info ][gc,cpu         ] GC(69) User=0.00s Sys=0.00s Real=0.01s
[2026-08-03T18:43:20.338+0900][23.705s][info ][safepoint      ] Safepoint "G1CollectForAllocation", Time since last: 354650800 ns, Reaching safepoint: 91400 ns, At safepoint: 9642700 ns, Total: 9734100 ns
[2026-08-03T18:43:20.955+0900][24.321s][info ][gc,start       ] GC(70) Pause Young (Normal) (G1 Evacuation Pause)
[2026-08-03T18:43:20.955+0900][24.321s][debug][gc,heap        ] GC(70) Heap before GC invocations=70 (full 33):
[2026-08-03T18:43:20.955+0900][24.321s][debug][gc,heap        ] GC(70)  garbage-first heap   total 7471104K, used 3049643K [0x000002895a000000, 0x000002c05a000000)
[2026-08-03T18:43:20.955+0900][24.321s][debug][gc,heap        ] GC(70)   region size 32768K, 45 young (1474560K), 4 survivors (131072K)
[2026-08-03T18:43:20.955+0900][24.321s][debug][gc,heap        ] GC(70)  Metaspace       used 12326K, committed 12864K, reserved 1114112K
[2026-08-03T18:43:20.955+0900][24.321s][debug][gc,heap        ] GC(70)   class space    used 1128K, committed 1408K, reserved 1048576K
[2026-08-03T18:43:20.955+0900][24.321s][info ][gc,task        ] GC(70) Using 18 workers of 18 for evacuation
[2026-08-03T18:43:20.974+0900][24.340s][info ][gc,phases      ] GC(70)   Pre Evacuate Collection Set: 0.1ms
[2026-08-03T18:43:20.974+0900][24.340s][info ][gc,phases      ] GC(70)   Merge Heap Roots: 0.2ms
[2026-08-03T18:43:20.974+0900][24.340s][info ][gc,phases      ] GC(70)   Evacuate Collection Set: 18.3ms
[2026-08-03T18:43:20.974+0900][24.341s][info ][gc,phases      ] GC(70)   Post Evacuate Collection Set: 0.4ms
[2026-08-03T18:43:20.974+0900][24.341s][info ][gc,phases      ] GC(70)   Other: 0.1ms
[2026-08-03T18:43:20.974+0900][24.341s][info ][gc,heap        ] GC(70) Eden regions: 41->0(40)
[2026-08-03T18:43:20.974+0900][24.341s][info ][gc,heap        ] GC(70) Survivor regions: 4->5(6)
[2026-08-03T18:43:20.974+0900][24.341s][info ][gc,heap        ] GC(70) Old regions: 53->53
[2026-08-03T18:43:20.974+0900][24.341s][info ][gc,heap        ] GC(70) Archive regions: 0->0
[2026-08-03T18:43:20.974+0900][24.341s][info ][gc,heap        ] GC(70) Humongous regions: 0->0
[2026-08-03T18:43:20.974+0900][24.341s][info ][gc,metaspace   ] GC(70) Metaspace: 12326K(12864K)->12326K(12864K) NonClass: 11197K(11456K)->11197K(11456K) Class: 1128K(1408K)->1128K(1408K)
[2026-08-03T18:43:20.974+0900][24.341s][debug][gc,heap        ] GC(70) Heap after GC invocations=71 (full 33):
[2026-08-03T18:43:20.974+0900][24.341s][debug][gc,heap        ] GC(70)  garbage-first heap   total 7471104K, used 1750765K [0x000002895a000000, 0x000002c05a000000)
[2026-08-03T18:43:20.974+0900][24.341s][debug][gc,heap        ] GC(70)   region size 32768K, 5 young (163840K), 5 survivors (163840K)
[2026-08-03T18:43:20.974+0900][24.341s][debug][gc,heap        ] GC(70)  Metaspace       used 12326K, committed 12864K, reserved 1114112K
[2026-08-03T18:43:20.974+0900][24.341s][debug][gc,heap        ] GC(70)   class space    used 1128K, committed 1408K, reserved 1048576K
[2026-08-03T18:43:20.974+0900][24.341s][info ][gc             ] GC(70) Pause Young (Normal) (G1 Evacuation Pause) 2978M->1709M(7296M) 19.459ms
[2026-08-03T18:43:20.974+0900][24.341s][info ][gc,cpu         ] GC(70) User=0.23s Sys=0.05s Real=0.02s
[2026-08-03T18:43:20.974+0900][24.341s][info ][safepoint      ] Safepoint "G1CollectForAllocation", Time since last: 616390500 ns, Reaching safepoint: 103900 ns, At safepoint: 19519000 ns, Total: 19622900 ns
[2026-08-03T18:43:21.902+0900][25.268s][info ][gc,start       ] GC(71) Pause Young (Normal) (G1 Evacuation Pause)
[2026-08-03T18:43:21.902+0900][25.268s][debug][gc,heap        ] GC(71) Heap before GC invocations=71 (full 33):
[2026-08-03T18:43:21.902+0900][25.268s][debug][gc,heap        ] GC(71)  garbage-first heap   total 7471104K, used 3061485K [0x000002895a000000, 0x000002c05a000000)
[2026-08-03T18:43:21.902+0900][25.268s][debug][gc,heap        ] GC(71)   region size 32768K, 45 young (1474560K), 5 survivors (163840K)
[2026-08-03T18:43:21.902+0900][25.268s][debug][gc,heap        ] GC(71)  Metaspace       used 12330K, committed 12864K, reserved 1114112K
[2026-08-03T18:43:21.902+0900][25.268s][debug][gc,heap        ] GC(71)   class space    used 1128K, committed 1408K, reserved 1048576K
[2026-08-03T18:43:21.902+0900][25.269s][info ][gc,task        ] GC(71) Using 18 workers of 18 for evacuation
[2026-08-03T18:43:22.020+0900][25.386s][info ][gc,phases      ] GC(71)   Pre Evacuate Collection Set: 0.1ms
[2026-08-03T18:43:22.020+0900][25.387s][info ][gc,phases      ] GC(71)   Merge Heap Roots: 0.3ms
[2026-08-03T18:43:22.020+0900][25.387s][info ][gc,phases      ] GC(71)   Evacuate Collection Set: 111.9ms
[2026-08-03T18:43:22.020+0900][25.387s][info ][gc,phases      ] GC(71)   Post Evacuate Collection Set: 5.6ms
[2026-08-03T18:43:22.020+0900][25.387s][info ][gc,phases      ] GC(71)   Other: 0.1ms
[2026-08-03T18:43:22.020+0900][25.387s][info ][gc,heap        ] GC(71) Eden regions: 40->0(54)
[2026-08-03T18:43:22.020+0900][25.387s][info ][gc,heap        ] GC(71) Survivor regions: 5->6(6)
[2026-08-03T18:43:22.020+0900][25.387s][info ][gc,heap        ] GC(71) Old regions: 53->65
[2026-08-03T18:43:22.020+0900][25.387s][info ][gc,heap        ] GC(71) Archive regions: 0->0
[2026-08-03T18:43:22.020+0900][25.387s][info ][gc,heap        ] GC(71) Humongous regions: 0->0
[2026-08-03T18:43:22.020+0900][25.387s][info ][gc,metaspace   ] GC(71) Metaspace: 12330K(12864K)->12330K(12864K) NonClass: 11201K(11456K)->11201K(11456K) Class: 1128K(1408K)->1128K(1408K)
[2026-08-03T18:43:22.020+0900][25.387s][debug][gc,heap        ] GC(71) Heap after GC invocations=72 (full 33):
[2026-08-03T18:43:22.020+0900][25.387s][debug][gc,heap        ] GC(71)  garbage-first heap   total 9830400K, used 2193973K [0x000002895a000000, 0x000002c05a000000)
[2026-08-03T18:43:22.020+0900][25.387s][debug][gc,heap        ] GC(71)   region size 32768K, 6 young (196608K), 6 survivors (196608K)
[2026-08-03T18:43:22.020+0900][25.387s][debug][gc,heap        ] GC(71)  Metaspace       used 12330K, committed 12864K, reserved 1114112K
[2026-08-03T18:43:22.020+0900][25.387s][debug][gc,heap        ] GC(71)   class space    used 1128K, committed 1408K, reserved 1048576K
[2026-08-03T18:43:22.020+0900][25.387s][info ][gc             ] GC(71) Pause Young (Normal) (G1 Evacuation Pause) 2989M->2142M(9600M) 118.355ms
[2026-08-03T18:43:22.020+0900][25.387s][info ][gc,cpu         ] GC(71) User=1.44s Sys=0.55s Real=0.12s
[2026-08-03T18:43:22.020+0900][25.387s][info ][safepoint      ] Safepoint "G1CollectForAllocation", Time since last: 927528800 ns, Reaching safepoint: 110700 ns, At safepoint: 118421000 ns, Total: 118531700 ns
[2026-08-03T18:43:24.032+0900][27.398s][info ][safepoint      ] Safepoint "Cleanup", Time since last: 2011228100 ns, Reaching safepoint: 137500 ns, At safepoint: 9300 ns, Total: 146800 ns
[2026-08-03T18:43:31.081+0900][34.447s][info ][safepoint      ] Safepoint "Cleanup", Time since last: 7048854700 ns, Reaching safepoint: 138600 ns, At safepoint: 10100 ns, Total: 148700 ns
[2026-08-03T18:43:32.089+0900][35.455s][info ][safepoint      ] Safepoint "Cleanup", Time since last: 1007849200 ns, Reaching safepoint: 111800 ns, At safepoint: 16600 ns, Total: 128400 ns
[2026-08-03T18:43:56.952+0900][60.319s][info ][safepoint      ] Safepoint "PrintThreads", Time since last: 24862980800 ns, Reaching safepoint: 121400 ns, At safepoint: 504100 ns, Total: 625500 ns
[2026-08-03T18:43:56.952+0900][60.319s][info ][safepoint      ] Safepoint "FindDeadlocks", Time since last: 67600 ns, Reaching safepoint: 49400 ns, At safepoint: 19100 ns, Total: 68500 ns
[2026-08-03T18:44:35.187+0900][98.553s][info ][safepoint      ] Safepoint "Cleanup", Time since last: 38234142300 ns, Reaching safepoint: 283200 ns, At safepoint: 10500 ns, Total: 293700 ns
[2026-08-03T18:44:56.952+0900][120.319s][info ][safepoint      ] Safepoint "PrintThreads", Time since last: 21764776500 ns, Reaching safepoint: 114400 ns, At safepoint: 554100 ns, Total: 668500 ns
[2026-08-03T18:44:56.952+0900][120.319s][info ][safepoint      ] Safepoint "FindDeadlocks", Time since last: 75700 ns, Reaching safepoint: 48100 ns, At safepoint: 11800 ns, Total: 59900 ns
[2026-08-03T18:45:49.276+0900][172.642s][info ][safepoint      ] Safepoint "Cleanup", Time since last: 52323111600 ns, Reaching safepoint: 206100 ns, At safepoint: 9700 ns, Total: 215800 ns
[2026-08-03T18:45:56.961+0900][180.328s][info ][safepoint      ] Safepoint "PrintThreads", Time since last: 7684832200 ns, Reaching safepoint: 116600 ns, At safepoint: 506000 ns, Total: 622600 ns
[2026-08-03T18:45:56.961+0900][180.328s][info ][safepoint      ] Safepoint "FindDeadlocks", Time since last: 78500 ns, Reaching safepoint: 46400 ns, At safepoint: 12100 ns, Total: 58500 ns
[2026-08-03T18:46:56.968+0900][240.335s][info ][safepoint      ] Safepoint "PrintThreads", Time since last: 60006283200 ns, Reaching safepoint: 108600 ns, At safepoint: 503700 ns, Total: 612300 ns
[2026-08-03T18:46:56.968+0900][240.335s][info ][safepoint      ] Safepoint "FindDeadlocks", Time since last: 70500 ns, Reaching safepoint: 52200 ns, At safepoint: 12000 ns, Total: 64200 ns
[2026-08-03T18:47:56.976+0900][300.343s][info ][safepoint      ] Safepoint "PrintThreads", Time since last: 60007382800 ns, Reaching safepoint: 118400 ns, At safepoint: 505600 ns, Total: 624000 ns
[2026-08-03T18:47:56.976+0900][300.343s][info ][safepoint      ] Safepoint "FindDeadlocks", Time since last: 78600 ns, Reaching safepoint: 51400 ns, At safepoint: 11400 ns, Total: 62800 ns
[2026-08-03T18:48:56.977+0900][360.344s][info ][safepoint      ] Safepoint "PrintThreads", Time since last: 60000256400 ns, Reaching safepoint: 115800 ns, At safepoint: 510100 ns, Total: 625900 ns
[2026-08-03T18:48:56.977+0900][360.344s][info ][safepoint      ] Safepoint "FindDeadlocks", Time since last: 82000 ns, Reaching safepoint: 46600 ns, At safepoint: 11000 ns, Total: 57600 ns
[2026-08-03T18:49:56.982+0900][420.349s][info ][safepoint      ] Safepoint "PrintThreads", Time since last: 60004267900 ns, Reaching safepoint: 172300 ns, At safepoint: 510700 ns, Total: 683000 ns
[2026-08-03T18:49:56.982+0900][420.349s][info ][safepoint      ] Safepoint "FindDeadlocks", Time since last: 81500 ns, Reaching safepoint: 41700 ns, At safepoint: 11700 ns, Total: 53400 ns
[2026-08-03T18:50:56.983+0900][480.350s][info ][safepoint      ] Safepoint "PrintThreads", Time since last: 60000106800 ns, Reaching safepoint: 125100 ns, At safepoint: 508100 ns, Total: 633200 ns
[2026-08-03T18:50:56.983+0900][480.350s][info ][safepoint      ] Safepoint "FindDeadlocks", Time since last: 70100 ns, Reaching safepoint: 55000 ns, At safepoint: 11600 ns, Total: 66600 ns
[2026-08-03T18:51:56.983+0900][540.350s][info ][safepoint      ] Safepoint "PrintThreads", Time since last: 59999256100 ns, Reaching safepoint: 117900 ns, At safepoint: 504400 ns, Total: 622300 ns
[2026-08-03T18:51:56.983+0900][540.350s][info ][safepoint      ] Safepoint "FindDeadlocks", Time since last: 76500 ns, Reaching safepoint: 53700 ns, At safepoint: 12600 ns, Total: 66300 ns
[2026-08-03T18:52:56.983+0900][600.350s][info ][safepoint      ] Safepoint "PrintThreads", Time since last: 59999215100 ns, Reaching safepoint: 119100 ns, At safepoint: 504700 ns, Total: 623800 ns
[2026-08-03T18:52:56.983+0900][600.350s][info ][safepoint      ] Safepoint "FindDeadlocks", Time since last: 67400 ns, Reaching safepoint: 48100 ns, At safepoint: 10800 ns, Total: 58900 ns
[2026-08-03T18:53:56.999+0900][660.366s][info ][safepoint      ] Safepoint "PrintThreads", Time since last: 60015301500 ns, Reaching safepoint: 171200 ns, At safepoint: 504300 ns, Total: 675500 ns
[2026-08-03T18:53:56.999+0900][660.366s][info ][safepoint      ] Safepoint "FindDeadlocks", Time since last: 68500 ns, Reaching safepoint: 46900 ns, At safepoint: 11300 ns, Total: 58200 ns
[2026-08-03T18:54:57.006+0900][720.373s][info ][safepoint      ] Safepoint "PrintThreads", Time since last: 60006194900 ns, Reaching safepoint: 150400 ns, At safepoint: 499900 ns, Total: 650300 ns
[2026-08-03T18:54:57.006+0900][720.373s][info ][safepoint      ] Safepoint "FindDeadlocks", Time since last: 73300 ns, Reaching safepoint: 80200 ns, At safepoint: 17700 ns, Total: 97900 ns
[2026-08-03T18:55:57.017+0900][780.384s][info ][safepoint      ] Safepoint "PrintThreads", Time since last: 60010175600 ns, Reaching safepoint: 162500 ns, At safepoint: 501400 ns, Total: 663900 ns
[2026-08-03T18:55:57.017+0900][780.384s][info ][safepoint      ] Safepoint "FindDeadlocks", Time since last: 69100 ns, Reaching safepoint: 50100 ns, At safepoint: 12100 ns, Total: 62200 ns
[2026-08-03T18:56:57.023+0900][840.390s][info ][safepoint      ] Safepoint "PrintThreads", Time since last: 60005185600 ns, Reaching safepoint: 161100 ns, At safepoint: 522800 ns, Total: 683900 ns
[2026-08-03T18:56:57.023+0900][840.390s][info ][safepoint      ] Safepoint "FindDeadlocks", Time since last: 75700 ns, Reaching safepoint: 47700 ns, At safepoint: 12300 ns, Total: 60000 ns
[2026-08-03T18:57:57.023+0900][900.390s][info ][safepoint      ] Safepoint "PrintThreads", Time since last: 59999183300 ns, Reaching safepoint: 168100 ns, At safepoint: 505200 ns, Total: 673300 ns
[2026-08-03T18:57:57.023+0900][900.390s][info ][safepoint      ] Safepoint "FindDeadlocks", Time since last: 77000 ns, Reaching safepoint: 51000 ns, At safepoint: 11500 ns, Total: 62500 ns
[2026-08-03T18:58:57.029+0900][960.396s][info ][safepoint      ] Safepoint "PrintThreads", Time since last: 60005190200 ns, Reaching safepoint: 174600 ns, At safepoint: 517200 ns, Total: 691800 ns
[2026-08-03T18:58:57.029+0900][960.396s][info ][safepoint      ] Safepoint "FindDeadlocks", Time since last: 68300 ns, Reaching safepoint: 46500 ns, At safepoint: 12700 ns, Total: 59200 ns
[2026-08-03T18:59:57.034+0900][1020.401s][info ][safepoint      ] Safepoint "PrintThreads", Time since last: 60004224900 ns, Reaching safepoint: 187300 ns, At safepoint: 509800 ns, Total: 697100 ns
[2026-08-03T18:59:57.034+0900][1020.401s][info ][safepoint      ] Safepoint "FindDeadlocks", Time since last: 82400 ns, Reaching safepoint: 48100 ns, At safepoint: 12200 ns, Total: 60300 ns
[2026-08-03T19:00:57.044+0900][1080.411s][info ][safepoint      ] Safepoint "PrintThreads", Time since last: 60009111900 ns, Reaching safepoint: 156000 ns, At safepoint: 501800 ns, Total: 657800 ns
[2026-08-03T19:00:57.044+0900][1080.411s][info ][safepoint      ] Safepoint "FindDeadlocks", Time since last: 71200 ns, Reaching safepoint: 48100 ns, At safepoint: 13200 ns, Total: 61300 ns
[2026-08-03T19:01:57.044+0900][1140.411s][info ][safepoint      ] Safepoint "PrintThreads", Time since last: 59999199600 ns, Reaching safepoint: 122600 ns, At safepoint: 512400 ns, Total: 635000 ns
[2026-08-03T19:01:57.044+0900][1140.411s][info ][safepoint      ] Safepoint "FindDeadlocks", Time since last: 149500 ns, Reaching safepoint: 50000 ns, At safepoint: 13700 ns, Total: 63700 ns
[2026-08-03T19:02:57.045+0900][1200.412s][info ][safepoint      ] Safepoint "PrintThreads", Time since last: 60000165100 ns, Reaching safepoint: 178200 ns, At safepoint: 504900 ns, Total: 683100 ns
[2026-08-03T19:02:57.045+0900][1200.412s][info ][safepoint      ] Safepoint "FindDeadlocks", Time since last: 75200 ns, Reaching safepoint: 47300 ns, At safepoint: 12000 ns, Total: 59300 ns
[2026-08-03T19:03:57.045+0900][1260.412s][info ][safepoint      ] Safepoint "PrintThreads", Time since last: 59999182300 ns, Reaching safepoint: 161000 ns, At safepoint: 497000 ns, Total: 658000 ns
[2026-08-03T19:03:57.045+0900][1260.412s][info ][safepoint      ] Safepoint "FindDeadlocks", Time since last: 68300 ns, Reaching safepoint: 54400 ns, At safepoint: 12200 ns, Total: 66600 ns
[2026-08-03T19:04:24.217+0900][1287.583s][info ][safepoint      ] Safepoint "Cleanup", Time since last: 27171187100 ns, Reaching safepoint: 185800 ns, At safepoint: 10700 ns, Total: 196500 ns
[2026-08-03T19:04:57.046+0900][1320.413s][info ][safepoint      ] Safepoint "PrintThreads", Time since last: 32828824600 ns, Reaching safepoint: 119600 ns, At safepoint: 499200 ns, Total: 618800 ns
[2026-08-03T19:04:57.046+0900][1320.413s][info ][safepoint      ] Safepoint "FindDeadlocks", Time since last: 75300 ns, Reaching safepoint: 52200 ns, At safepoint: 13700 ns, Total: 65900 ns
[2026-08-03T19:05:57.060+0900][1380.427s][info ][safepoint      ] Safepoint "PrintThreads", Time since last: 60013309100 ns, Reaching safepoint: 139700 ns, At safepoint: 498300 ns, Total: 638000 ns
[2026-08-03T19:05:57.060+0900][1380.427s][info ][safepoint      ] Safepoint "FindDeadlocks", Time since last: 79300 ns, Reaching safepoint: 81100 ns, At safepoint: 11400 ns, Total: 92500 ns
[2026-08-03T19:06:57.067+0900][1440.434s][info ][safepoint      ] Safepoint "PrintThreads", Time since last: 60006139000 ns, Reaching safepoint: 114100 ns, At safepoint: 496800 ns, Total: 610900 ns
[2026-08-03T19:06:57.067+0900][1440.434s][info ][safepoint      ] Safepoint "FindDeadlocks", Time since last: 77900 ns, Reaching safepoint: 49300 ns, At safepoint: 13200 ns, Total: 62500 ns
[2026-08-03T19:07:57.094+0900][1500.460s][info ][safepoint      ] Safepoint "PrintThreads", Time since last: 60025649200 ns, Reaching safepoint: 112700 ns, At safepoint: 514400 ns, Total: 627100 ns
[2026-08-03T19:07:57.094+0900][1500.460s][info ][safepoint      ] Safepoint "FindDeadlocks", Time since last: 64100 ns, Reaching safepoint: 47600 ns, At safepoint: 14900 ns, Total: 62500 ns
[2026-08-03T19:08:57.091+0900][1560.458s][info ][safepoint      ] Safepoint "PrintThreads", Time since last: 59996827400 ns, Reaching safepoint: 150300 ns, At safepoint: 500700 ns, Total: 651000 ns
[2026-08-03T19:08:57.091+0900][1560.458s][info ][safepoint      ] Safepoint "FindDeadlocks", Time since last: 68800 ns, Reaching safepoint: 49900 ns, At safepoint: 11400 ns, Total: 61300 ns
[2026-08-03T19:09:57.092+0900][1620.459s][info ][safepoint      ] Safepoint "PrintThreads", Time since last: 60000229700 ns, Reaching safepoint: 115400 ns, At safepoint: 514400 ns, Total: 629800 ns
[2026-08-03T19:09:57.092+0900][1620.459s][info ][safepoint      ] Safepoint "FindDeadlocks", Time since last: 74100 ns, Reaching safepoint: 51100 ns, At safepoint: 10400 ns, Total: 61500 ns
[2026-08-03T19:10:57.093+0900][1680.460s][info ][safepoint      ] Safepoint "PrintThreads", Time since last: 60000231400 ns, Reaching safepoint: 109900 ns, At safepoint: 511100 ns, Total: 621000 ns
[2026-08-03T19:10:57.093+0900][1680.460s][info ][safepoint      ] Safepoint "FindDeadlocks", Time since last: 71600 ns, Reaching safepoint: 48600 ns, At safepoint: 12800 ns, Total: 61400 ns
[2026-08-03T19:11:06.549+0900][1689.915s][info ][gc,start       ] GC(72) Pause Young (Normal) (G1 Evacuation Pause)
[2026-08-03T19:11:06.549+0900][1689.915s][debug][gc,heap        ] GC(72) Heap before GC invocations=72 (full 33):
[2026-08-03T19:11:06.549+0900][1689.915s][debug][gc,heap        ] GC(72)  garbage-first heap   total 9830400K, used 3963445K [0x000002895a000000, 0x000002c05a000000)
[2026-08-03T19:11:06.549+0900][1689.915s][debug][gc,heap        ] GC(72)   region size 32768K, 60 young (1966080K), 6 survivors (196608K)
[2026-08-03T19:11:06.549+0900][1689.915s][debug][gc,heap        ] GC(72)  Metaspace       used 12343K, committed 12864K, reserved 1114112K
[2026-08-03T19:11:06.549+0900][1689.915s][debug][gc,heap        ] GC(72)   class space    used 1128K, committed 1408K, reserved 1048576K
[2026-08-03T19:11:06.549+0900][1689.916s][info ][gc,task        ] GC(72) Using 18 workers of 18 for evacuation
[2026-08-03T19:11:06.707+0900][1690.074s][info ][gc,phases      ] GC(72)   Pre Evacuate Collection Set: 0.1ms
[2026-08-03T19:11:06.707+0900][1690.074s][info ][gc,phases      ] GC(72)   Merge Heap Roots: 1.2ms
[2026-08-03T19:11:06.707+0900][1690.074s][info ][gc,phases      ] GC(72)   Evacuate Collection Set: 155.9ms
[2026-08-03T19:11:06.707+0900][1690.074s][info ][gc,phases      ] GC(72)   Post Evacuate Collection Set: 0.6ms
[2026-08-03T19:11:06.707+0900][1690.074s][info ][gc,phases      ] GC(72)   Other: 0.1ms
[2026-08-03T19:11:06.707+0900][1690.074s][info ][gc,heap        ] GC(72) Eden regions: 54->0(52)
[2026-08-03T19:11:06.707+0900][1690.074s][info ][gc,heap        ] GC(72) Survivor regions: 6->8(8)
[2026-08-03T19:11:06.707+0900][1690.074s][info ][gc,heap        ] GC(72) Old regions: 65->85
[2026-08-03T19:11:06.707+0900][1690.074s][info ][gc,heap        ] GC(72) Archive regions: 0->0
[2026-08-03T19:11:06.707+0900][1690.074s][info ][gc,heap        ] GC(72) Humongous regions: 0->0
[2026-08-03T19:11:06.707+0900][1690.074s][info ][gc,metaspace   ] GC(72) Metaspace: 12343K(12864K)->12343K(12864K) NonClass: 11214K(11456K)->11214K(11456K) Class: 1128K(1408K)->1128K(1408K)
[2026-08-03T19:11:06.707+0900][1690.074s][debug][gc,heap        ] GC(72) Heap after GC invocations=73 (full 33):
[2026-08-03T19:11:06.707+0900][1690.074s][debug][gc,heap        ] GC(72)  garbage-first heap   total 9830400K, used 2929913K [0x000002895a000000, 0x000002c05a000000)
[2026-08-03T19:11:06.707+0900][1690.074s][debug][gc,heap        ] GC(72)   region size 32768K, 8 young (262144K), 8 survivors (262144K)
[2026-08-03T19:11:06.707+0900][1690.074s][debug][gc,heap        ] GC(72)  Metaspace       used 12343K, committed 12864K, reserved 1114112K
[2026-08-03T19:11:06.707+0900][1690.074s][debug][gc,heap        ] GC(72)   class space    used 1128K, committed 1408K, reserved 1048576K
[2026-08-03T19:11:06.707+0900][1690.074s][info ][gc             ] GC(72) Pause Young (Normal) (G1 Evacuation Pause) 3870M->2861M(9600M) 158.345ms
[2026-08-03T19:11:06.707+0900][1690.074s][info ][gc,cpu         ] GC(72) User=2.27s Sys=0.55s Real=0.16s
[2026-08-03T19:11:06.707+0900][1690.074s][info ][safepoint      ] Safepoint "G1CollectForAllocation", Time since last: 9455276100 ns, Reaching safepoint: 99600 ns, At safepoint: 158405200 ns, Total: 158504800 ns
[2026-08-03T19:11:07.717+0900][1691.083s][info ][safepoint      ] Safepoint "Cleanup", Time since last: 1009433500 ns, Reaching safepoint: 145200 ns, At safepoint: 11100 ns, Total: 156300 ns
[2026-08-03T19:11:09.391+0900][1692.757s][info ][safepoint      ] Safepoint "Cleanup", Time since last: 1673955600 ns, Reaching safepoint: 103400 ns, At safepoint: 11100 ns, Total: 114500 ns
[2026-08-03T19:11:43.389+0900][1726.755s][info ][gc,start       ] GC(73) Pause Young (Normal) (G1 Evacuation Pause)
[2026-08-03T19:11:43.389+0900][1726.755s][debug][gc,heap        ] GC(73) Heap before GC invocations=73 (full 33):
[2026-08-03T19:11:43.389+0900][1726.755s][debug][gc,heap        ] GC(73)  garbage-first heap   total 9830400K, used 4633849K [0x000002895a000000, 0x000002c05a000000)
[2026-08-03T19:11:43.389+0900][1726.755s][debug][gc,heap        ] GC(73)   region size 32768K, 60 young (1966080K), 8 survivors (262144K)
[2026-08-03T19:11:43.389+0900][1726.755s][debug][gc,heap        ] GC(73)  Metaspace       used 13326K, committed 13952K, reserved 1114112K
[2026-08-03T19:11:43.389+0900][1726.755s][debug][gc,heap        ] GC(73)   class space    used 1222K, committed 1536K, reserved 1048576K
[2026-08-03T19:11:43.389+0900][1726.755s][info ][gc,task        ] GC(73) Using 18 workers of 18 for evacuation
[2026-08-03T19:11:43.441+0900][1726.808s][info ][gc,phases      ] GC(73)   Pre Evacuate Collection Set: 0.2ms
[2026-08-03T19:11:43.441+0900][1726.808s][info ][gc,phases      ] GC(73)   Merge Heap Roots: 0.9ms
[2026-08-03T19:11:43.441+0900][1726.808s][info ][gc,phases      ] GC(73)   Evacuate Collection Set: 51.0ms
[2026-08-03T19:11:43.441+0900][1726.808s][info ][gc,phases      ] GC(73)   Post Evacuate Collection Set: 0.5ms
[2026-08-03T19:11:43.441+0900][1726.808s][info ][gc,phases      ] GC(73)   Other: 0.1ms
[2026-08-03T19:11:43.441+0900][1726.808s][info ][gc,heap        ] GC(73) Eden regions: 52->0(55)
[2026-08-03T19:11:43.441+0900][1726.808s][info ][gc,heap        ] GC(73) Survivor regions: 8->5(8)
[2026-08-03T19:11:43.441+0900][1726.808s][info ][gc,heap        ] GC(73) Old regions: 85->95
[2026-08-03T19:11:43.441+0900][1726.808s][info ][gc,heap        ] GC(73) Archive regions: 0->0
[2026-08-03T19:11:43.441+0900][1726.808s][info ][gc,heap        ] GC(73) Humongous regions: 0->0
[2026-08-03T19:11:43.442+0900][1726.808s][info ][gc,metaspace   ] GC(73) Metaspace: 13326K(13952K)->13326K(13952K) NonClass: 12104K(12416K)->12104K(12416K) Class: 1222K(1536K)->1222K(1536K)
[2026-08-03T19:11:43.442+0900][1726.808s][debug][gc,heap        ] GC(73) Heap after GC invocations=74 (full 33):
[2026-08-03T19:11:43.442+0900][1726.808s][debug][gc,heap        ] GC(73)  garbage-first heap   total 9830400K, used 3142778K [0x000002895a000000, 0x000002c05a000000)
[2026-08-03T19:11:43.442+0900][1726.808s][debug][gc,heap        ] GC(73)   region size 32768K, 5 young (163840K), 5 survivors (163840K)
[2026-08-03T19:11:43.442+0900][1726.808s][debug][gc,heap        ] GC(73)  Metaspace       used 13326K, committed 13952K, reserved 1114112K
[2026-08-03T19:11:43.442+0900][1726.808s][debug][gc,heap        ] GC(73)   class space    used 1222K, committed 1536K, reserved 1048576K
[2026-08-03T19:11:43.442+0900][1726.808s][info ][gc             ] GC(73) Pause Young (Normal) (G1 Evacuation Pause) 4525M->3069M(9600M) 53.063ms
[2026-08-03T19:11:43.442+0900][1726.808s][info ][gc,cpu         ] GC(73) User=0.95s Sys=0.17s Real=0.05s
[2026-08-03T19:11:43.442+0900][1726.808s][info ][safepoint      ] Safepoint "G1CollectForAllocation", Time since last: 33997668000 ns, Reaching safepoint: 120300 ns, At safepoint: 53127400 ns, Total: 53247700 ns
[2026-08-03T19:11:57.108+0900][1740.475s][info ][safepoint      ] Safepoint "PrintThreads", Time since last: 13666004100 ns, Reaching safepoint: 127200 ns, At safepoint: 433800 ns, Total: 561000 ns
[2026-08-03T19:11:57.108+0900][1740.475s][info ][safepoint      ] Safepoint "FindDeadlocks", Time since last: 71300 ns, Reaching safepoint: 51100 ns, At safepoint: 13100 ns, Total: 64200 ns
[2026-08-03T19:12:25.271+0900][1768.637s][info ][safepoint      ] Safepoint "Cleanup", Time since last: 28162274800 ns, Reaching safepoint: 115900 ns, At safepoint: 9800 ns, Total: 125700 ns
[2026-08-03T19:12:57.117+0900][1800.484s][info ][safepoint      ] Safepoint "PrintThreads", Time since last: 31846070000 ns, Reaching safepoint: 101300 ns, At safepoint: 428000 ns, Total: 529300 ns
[2026-08-03T19:12:57.117+0900][1800.484s][info ][safepoint      ] Safepoint "FindDeadlocks", Time since last: 160100 ns, Reaching safepoint: 51300 ns, At safepoint: 12700 ns, Total: 64000 ns
[2026-08-03T19:13:38.800+0900][1842.167s][info ][safepoint      ] Safepoint "Cleanup", Time since last: 41682191500 ns, Reaching safepoint: 308400 ns, At safepoint: 10100 ns, Total: 318500 ns
[2026-08-03T19:13:42.998+0900][1846.365s][info ][safepoint      ] Safepoint "Cleanup", Time since last: 4198342700 ns, Reaching safepoint: 127700 ns, At safepoint: 13800 ns, Total: 141500 ns
[2026-08-03T19:13:43.027+0900][1846.394s][info ][safepoint      ] Safepoint "ClassLoaderStatsOperation", Time since last: 28145000 ns, Reaching safepoint: 44500 ns, At safepoint: 500300 ns, Total: 544800 ns
[2026-08-03T19:13:43.031+0900][1846.398s][info ][safepoint      ] Safepoint "JFRCheckpoint", Time since last: 2953600 ns, Reaching safepoint: 106100 ns, At safepoint: 981200 ns, Total: 1087300 ns
[2026-08-03T19:13:43.035+0900][1846.402s][info ][safepoint      ] Safepoint "JFROldObject", Time since last: 3485000 ns, Reaching safepoint: 81400 ns, At safepoint: 104000 ns, Total: 185400 ns
[2026-08-03T19:13:43.101+0900][1846.469s][info ][gc,heap,exit   ] Heap
[2026-08-03T19:13:43.102+0900][1846.469s][info ][gc,heap,exit   ]  garbage-first heap   total 9830400K, used 4764032K [0x000002895a000000, 0x000002c05a000000)
[2026-08-03T19:13:43.102+0900][1846.469s][info ][gc,heap,exit   ]   region size 32768K, 55 young (1802240K), 5 survivors (163840K)
[2026-08-03T19:13:43.102+0900][1846.469s][info ][gc,heap,exit   ]  Metaspace       used 13483K, committed 14080K, reserved 1114112K
[2026-08-03T19:13:43.102+0900][1846.469s][info ][gc,heap,exit   ]   class space    used 1249K, committed 1536K, reserved 1048576K
