[2026-08-03T01:15:43.201+0900][0.007s][info][gc,init] CardTable entry size: 512
[2026-08-03T01:15:43.202+0900][0.007s][debug][gc,heap] Minimum heap 33554432  Initial heap 2147483648  Maximum heap 236223201280
[2026-08-03T01:15:43.202+0900][0.007s][info ][gc     ] Using G1
[2026-08-03T01:15:43.208+0900][0.013s][info ][gc,init] Version: 18.0.1.1+2-6 (release)
[2026-08-03T01:15:43.208+0900][0.013s][info ][gc,init] CPUs: 24 total, 24 available
[2026-08-03T01:15:43.208+0900][0.013s][info ][gc,init] Memory: 255G
[2026-08-03T01:15:43.208+0900][0.013s][info ][gc,init] Large Page Support: Disabled
[2026-08-03T01:15:43.208+0900][0.014s][info ][gc,init] NUMA Support: Disabled
[2026-08-03T01:15:43.208+0900][0.014s][info ][gc,init] Compressed Oops: Disabled
[2026-08-03T01:15:43.208+0900][0.014s][info ][gc,init] Heap Region Size: 32M
[2026-08-03T01:15:43.208+0900][0.014s][info ][gc,init] Heap Min Capacity: 32M
[2026-08-03T01:15:43.208+0900][0.014s][info ][gc,init] Heap Initial Capacity: 2G
[2026-08-03T01:15:43.208+0900][0.014s][info ][gc,init] Heap Max Capacity: 220G
[2026-08-03T01:15:43.208+0900][0.014s][info ][gc,init] Pre-touch: Disabled
[2026-08-03T01:15:43.208+0900][0.014s][info ][gc,init] Parallel Workers: 18
[2026-08-03T01:15:43.208+0900][0.014s][info ][gc,init] Concurrent Workers: 5
[2026-08-03T01:15:43.208+0900][0.014s][info ][gc,init] Concurrent Refinement Workers: 18
[2026-08-03T01:15:43.208+0900][0.014s][info ][gc,init] Periodic GC: Disabled
[2026-08-03T01:15:43.209+0900][0.014s][info ][gc,metaspace] CDS archive(s) mapped at: [0x0000000800000000-0x0000000800ba0000-0x0000000800ba0000), size 12189696, SharedBaseAddress: 0x0000000800000000, ArchiveRelocationMode: 0.
[2026-08-03T01:15:43.209+0900][0.014s][info ][gc,metaspace] Compressed class space mapped at: 0x0000000800c00000-0x0000000840c00000, reserved size: 1073741824
[2026-08-03T01:15:43.209+0900][0.014s][info ][gc,metaspace] Narrow klass base: 0x0000000800000000, Narrow klass shift: 0, Narrow klass range: 0x100000000
[2026-08-03T01:15:43.441+0900][0.246s][info ][safepoint   ] Safepoint "ICBufferFull", Time since last: 226529801 ns, Reaching safepoint: 97599 ns, At safepoint: 6301 ns, Total: 103900 ns
[2026-08-03T01:15:43.482+0900][0.287s][info ][safepoint   ] Safepoint "RedefineClasses", Time since last: 36605400 ns, Reaching safepoint: 74900 ns, At safepoint: 4767000 ns, Total: 4841900 ns
[2026-08-03T01:15:43.525+0900][0.330s][info ][safepoint   ] Safepoint "ICBufferFull", Time since last: 42724700 ns, Reaching safepoint: 119299 ns, At safepoint: 15101 ns, Total: 134400 ns
[2026-08-03T01:15:43.534+0900][0.339s][info ][safepoint   ] Safepoint "JFRCheckpoint", Time since last: 9146500 ns, Reaching safepoint: 26200 ns, At safepoint: 19400 ns, Total: 45600 ns
[2026-08-03T01:15:43.539+0900][0.344s][info ][safepoint   ] Safepoint "JFROldObject", Time since last: 4418999 ns, Reaching safepoint: 52901 ns, At safepoint: 20500 ns, Total: 73401 ns
[2026-08-03T01:15:43.544+0900][0.349s][info ][safepoint   ] Safepoint "ClassLoaderStatsOperation", Time since last: 4580200 ns, Reaching safepoint: 43100 ns, At safepoint: 342600 ns, Total: 385700 ns
[2026-08-03T01:15:43.570+0900][0.375s][info ][gc,start    ] GC(0) Pause Full (System.gc())
[2026-08-03T01:15:43.570+0900][0.375s][debug][gc,heap     ] GC(0) Heap before GC invocations=0 (full 0):
[2026-08-03T01:15:43.570+0900][0.375s][debug][gc,heap     ] GC(0)  garbage-first heap   total 2097152K, used 32768K [0x0000025ea8000000, 0x00000295a8000000)
[2026-08-03T01:15:43.570+0900][0.375s][debug][gc,heap     ] GC(0)   region size 32768K, 2 young (65536K), 0 survivors (0K)
[2026-08-03T01:15:43.570+0900][0.375s][debug][gc,heap     ] GC(0)  Metaspace       used 3801K, committed 3904K, reserved 1114112K
[2026-08-03T01:15:43.570+0900][0.375s][debug][gc,heap     ] GC(0)   class space    used 339K, committed 384K, reserved 1048576K
[2026-08-03T01:15:43.570+0900][0.376s][info ][gc,task     ] GC(0) Using 2 workers of 18 for full compaction
[2026-08-03T01:15:43.570+0900][0.376s][info ][gc,phases,start] GC(0) Phase 1: Mark live objects
[2026-08-03T01:15:43.574+0900][0.379s][info ][gc,phases      ] GC(0) Phase 1: Mark live objects 3.638ms
[2026-08-03T01:15:43.574+0900][0.379s][info ][gc,phases,start] GC(0) Phase 2: Prepare for compaction
[2026-08-03T01:15:43.578+0900][0.383s][info ][gc,phases      ] GC(0) Phase 2: Prepare for compaction 3.508ms
[2026-08-03T01:15:43.578+0900][0.383s][info ][gc,phases,start] GC(0) Phase 3: Adjust pointers
[2026-08-03T01:15:43.580+0900][0.386s][info ][gc,phases      ] GC(0) Phase 3: Adjust pointers 2.735ms
[2026-08-03T01:15:43.580+0900][0.386s][info ][gc,phases,start] GC(0) Phase 4: Compact heap
[2026-08-03T01:15:43.584+0900][0.390s][info ][gc,phases      ] GC(0) Phase 4: Compact heap 3.877ms
[2026-08-03T01:15:43.590+0900][0.395s][debug][gc,heap        ] GC(0) Uncommittable regions after shrink: 57
[2026-08-03T01:15:43.591+0900][0.396s][info ][gc,heap        ] GC(0) Eden regions: 2->0(1)
[2026-08-03T01:15:43.591+0900][0.396s][info ][gc,heap        ] GC(0) Survivor regions: 0->0(0)
[2026-08-03T01:15:43.591+0900][0.396s][info ][gc,heap        ] GC(0) Old regions: 0->2
[2026-08-03T01:15:43.591+0900][0.396s][info ][gc,heap        ] GC(0) Archive regions: 0->0
[2026-08-03T01:15:43.591+0900][0.396s][info ][gc,heap        ] GC(0) Humongous regions: 0->0
[2026-08-03T01:15:43.591+0900][0.396s][info ][gc,metaspace   ] GC(0) Metaspace: 3801K(3904K)->3801K(3904K) NonClass: 3462K(3520K)->3462K(3520K) Class: 339K(384K)->339K(384K)
[2026-08-03T01:15:43.591+0900][0.396s][debug][gc,heap        ] GC(0) Heap after GC invocations=1 (full 1):
[2026-08-03T01:15:43.591+0900][0.396s][debug][gc,heap        ] GC(0)  garbage-first heap   total 229376K, used 8471K [0x0000025ea8000000, 0x00000295a8000000)
[2026-08-03T01:15:43.591+0900][0.396s][debug][gc,heap        ] GC(0)   region size 32768K, 0 young (0K), 0 survivors (0K)
[2026-08-03T01:15:43.591+0900][0.396s][debug][gc,heap        ] GC(0)  Metaspace       used 3801K, committed 3904K, reserved 1114112K
[2026-08-03T01:15:43.591+0900][0.396s][debug][gc,heap        ] GC(0)   class space    used 339K, committed 384K, reserved 1048576K
[2026-08-03T01:15:43.591+0900][0.396s][info ][gc             ] GC(0) Pause Full (System.gc()) 43M->8M(224M) 20.636ms
[2026-08-03T01:15:43.591+0900][0.396s][info ][gc,cpu         ] GC(0) User=0.08s Sys=0.02s Real=0.02s
[2026-08-03T01:15:43.591+0900][0.396s][info ][safepoint      ] Safepoint "G1CollectFull", Time since last: 26447499 ns, Reaching safepoint: 26700 ns, At safepoint: 20696001 ns, Total: 20722701 ns
[2026-08-03T01:15:43.814+0900][0.620s][debug][gc,heap        ] Concurrent Uncommit Summary: 1824M, 57 regions, 17.085ms
[2026-08-03T01:15:43.850+0900][0.656s][info ][gc,start       ] GC(1) Pause Full (System.gc())
[2026-08-03T01:15:43.850+0900][0.656s][debug][gc,heap        ] GC(1) Heap before GC invocations=1 (full 1):
[2026-08-03T01:15:43.850+0900][0.656s][debug][gc,heap        ] GC(1)  garbage-first heap   total 229376K, used 8471K [0x0000025ea8000000, 0x00000295a8000000)
[2026-08-03T01:15:43.850+0900][0.656s][debug][gc,heap        ] GC(1)   region size 32768K, 1 young (32768K), 0 survivors (0K)
[2026-08-03T01:15:43.850+0900][0.656s][debug][gc,heap        ] GC(1)  Metaspace       used 8887K, committed 9152K, reserved 1114112K
[2026-08-03T01:15:43.850+0900][0.656s][debug][gc,heap        ] GC(1)   class space    used 830K, committed 960K, reserved 1048576K
[2026-08-03T01:15:43.850+0900][0.656s][info ][gc,task        ] GC(1) Using 1 workers of 18 for full compaction
[2026-08-03T01:15:43.850+0900][0.656s][info ][gc,phases,start] GC(1) Phase 1: Mark live objects
[2026-08-03T01:15:43.861+0900][0.666s][info ][gc,phases      ] GC(1) Phase 1: Mark live objects 10.353ms
[2026-08-03T01:15:43.861+0900][0.666s][info ][gc,phases,start] GC(1) Phase 2: Prepare for compaction
[2026-08-03T01:15:43.863+0900][0.668s][info ][gc,phases      ] GC(1) Phase 2: Prepare for compaction 2.228ms
[2026-08-03T01:15:43.863+0900][0.668s][info ][gc,phases,start] GC(1) Phase 3: Adjust pointers
[2026-08-03T01:15:43.868+0900][0.673s][info ][gc,phases      ] GC(1) Phase 3: Adjust pointers 4.513ms
[2026-08-03T01:15:43.868+0900][0.673s][info ][gc,phases,start] GC(1) Phase 4: Compact heap
[2026-08-03T01:15:43.871+0900][0.676s][info ][gc,phases      ] GC(1) Phase 4: Compact heap 3.147ms
[2026-08-03T01:15:43.872+0900][0.677s][debug][gc,heap        ] GC(1) Uncommittable regions after shrink: 3
[2026-08-03T01:15:43.873+0900][0.678s][info ][gc,heap        ] GC(1) Eden regions: 1->0(1)
[2026-08-03T01:15:43.873+0900][0.678s][info ][gc,heap        ] GC(1) Survivor regions: 0->0(0)
[2026-08-03T01:15:43.873+0900][0.678s][info ][gc,heap        ] GC(1) Old regions: 2->1
[2026-08-03T01:15:43.873+0900][0.678s][info ][gc,heap        ] GC(1) Archive regions: 0->0
[2026-08-03T01:15:43.873+0900][0.678s][info ][gc,heap        ] GC(1) Humongous regions: 0->0
[2026-08-03T01:15:43.873+0900][0.678s][info ][gc,metaspace   ] GC(1) Metaspace: 8887K(9152K)->8887K(9152K) NonClass: 8056K(8192K)->8056K(8192K) Class: 830K(960K)->830K(960K)
[2026-08-03T01:15:43.873+0900][0.678s][debug][gc,heap        ] GC(1) Heap after GC invocations=2 (full 2):
[2026-08-03T01:15:43.873+0900][0.678s][debug][gc,heap        ] GC(1)  garbage-first heap   total 131072K, used 11700K [0x0000025ea8000000, 0x00000295a8000000)
[2026-08-03T01:15:43.873+0900][0.678s][debug][gc,heap        ] GC(1)   region size 32768K, 0 young (0K), 0 survivors (0K)
[2026-08-03T01:15:43.873+0900][0.678s][debug][gc,heap        ] GC(1)  Metaspace       used 8887K, committed 9152K, reserved 1114112K
[2026-08-03T01:15:43.873+0900][0.678s][debug][gc,heap        ] GC(1)   class space    used 830K, committed 960K, reserved 1048576K
[2026-08-03T01:15:43.873+0900][0.678s][info ][gc             ] GC(1) Pause Full (System.gc()) 26M->11M(128M) 22.671ms
[2026-08-03T01:15:43.873+0900][0.678s][info ][gc,cpu         ] GC(1) User=0.02s Sys=0.02s Real=0.02s
[2026-08-03T01:15:43.873+0900][0.678s][info ][safepoint      ] Safepoint "G1CollectFull", Time since last: 259381199 ns, Reaching safepoint: 90101 ns, At safepoint: 22780500 ns, Total: 22870601 ns
[2026-08-03T01:15:43.953+0900][0.758s][info ][gc,start       ] GC(2) Pause Full (System.gc())
[2026-08-03T01:15:43.953+0900][0.758s][debug][gc,heap        ] GC(2) Heap before GC invocations=2 (full 2):
[2026-08-03T01:15:43.953+0900][0.758s][debug][gc,heap        ] GC(2)  garbage-first heap   total 131072K, used 11700K [0x0000025ea8000000, 0x00000295a8000000)
[2026-08-03T01:15:43.953+0900][0.758s][debug][gc,heap        ] GC(2)   region size 32768K, 1 young (32768K), 0 survivors (0K)
[2026-08-03T01:15:43.953+0900][0.758s][debug][gc,heap        ] GC(2)  Metaspace       used 9250K, committed 9536K, reserved 1114112K
[2026-08-03T01:15:43.953+0900][0.758s][debug][gc,heap        ] GC(2)   class space    used 875K, committed 1024K, reserved 1048576K
[2026-08-03T01:15:43.953+0900][0.758s][info ][gc,task        ] GC(2) Using 1 workers of 18 for full compaction
[2026-08-03T01:15:43.953+0900][0.758s][info ][gc,phases,start] GC(2) Phase 1: Mark live objects
[2026-08-03T01:15:43.972+0900][0.778s][info ][gc,phases      ] GC(2) Phase 1: Mark live objects 19.458ms
[2026-08-03T01:15:43.973+0900][0.778s][info ][gc,phases,start] GC(2) Phase 2: Prepare for compaction
[2026-08-03T01:15:43.977+0900][0.783s][info ][gc,phases      ] GC(2) Phase 2: Prepare for compaction 4.947ms
[2026-08-03T01:15:43.978+0900][0.783s][info ][gc,phases,start] GC(2) Phase 3: Adjust pointers
[2026-08-03T01:15:43.987+0900][0.792s][info ][gc,phases      ] GC(2) Phase 3: Adjust pointers 9.322ms
[2026-08-03T01:15:43.987+0900][0.792s][info ][gc,phases,start] GC(2) Phase 4: Compact heap
[2026-08-03T01:15:43.992+0900][0.797s][info ][gc,phases      ] GC(2) Phase 4: Compact heap 5.174ms
[2026-08-03T01:15:43.994+0900][0.799s][info ][gc,heap        ] GC(2) Eden regions: 1->0(1)
[2026-08-03T01:15:43.994+0900][0.799s][info ][gc,heap        ] GC(2) Survivor regions: 0->0(0)
[2026-08-03T01:15:43.994+0900][0.799s][info ][gc,heap        ] GC(2) Old regions: 1->1
[2026-08-03T01:15:43.994+0900][0.799s][info ][gc,heap        ] GC(2) Archive regions: 0->0
[2026-08-03T01:15:43.994+0900][0.799s][info ][gc,heap        ] GC(2) Humongous regions: 0->0
[2026-08-03T01:15:43.994+0900][0.799s][info ][gc,metaspace   ] GC(2) Metaspace: 9250K(9536K)->9250K(9536K) NonClass: 8375K(8512K)->8375K(8512K) Class: 875K(1024K)->875K(1024K)
[2026-08-03T01:15:43.994+0900][0.799s][debug][gc,heap        ] GC(2) Heap after GC invocations=3 (full 3):
[2026-08-03T01:15:43.994+0900][0.799s][debug][gc,heap        ] GC(2)  garbage-first heap   total 131072K, used 17839K [0x0000025ea8000000, 0x00000295a8000000)
[2026-08-03T01:15:43.994+0900][0.799s][debug][gc,heap        ] GC(2)   region size 32768K, 0 young (0K), 0 survivors (0K)
[2026-08-03T01:15:43.994+0900][0.799s][debug][gc,heap        ] GC(2)  Metaspace       used 9250K, committed 9536K, reserved 1114112K
[2026-08-03T01:15:43.994+0900][0.799s][debug][gc,heap        ] GC(2)   class space    used 875K, committed 1024K, reserved 1048576K
[2026-08-03T01:15:43.994+0900][0.799s][info ][gc             ] GC(2) Pause Full (System.gc()) 30M->17M(128M) 41.152ms
[2026-08-03T01:15:43.994+0900][0.799s][info ][gc,cpu         ] GC(2) User=0.06s Sys=0.00s Real=0.04s
[2026-08-03T01:15:43.994+0900][0.799s][info ][safepoint      ] Safepoint "G1CollectFull", Time since last: 79725900 ns, Reaching safepoint: 43100 ns, At safepoint: 41268799 ns, Total: 41311899 ns
[2026-08-03T01:15:43.996+0900][0.801s][debug][gc,heap        ] Concurrent Uncommit Summary: 98304K, 3 regions, 1.889ms
[2026-08-03T01:15:44.010+0900][0.815s][info ][gc,start       ] GC(3) Pause Full (System.gc())
[2026-08-03T01:15:44.010+0900][0.815s][debug][gc,heap        ] GC(3) Heap before GC invocations=3 (full 3):
[2026-08-03T01:15:44.010+0900][0.816s][debug][gc,heap        ] GC(3)  garbage-first heap   total 131072K, used 17839K [0x0000025ea8000000, 0x00000295a8000000)
[2026-08-03T01:15:44.010+0900][0.816s][debug][gc,heap        ] GC(3)   region size 32768K, 1 young (32768K), 0 survivors (0K)
[2026-08-03T01:15:44.010+0900][0.816s][debug][gc,heap        ] GC(3)  Metaspace       used 9426K, committed 9728K, reserved 1114112K
[2026-08-03T01:15:44.010+0900][0.816s][debug][gc,heap        ] GC(3)   class space    used 895K, committed 1024K, reserved 1048576K
[2026-08-03T01:15:44.010+0900][0.816s][info ][gc,task        ] GC(3) Using 1 workers of 18 for full compaction
[2026-08-03T01:15:44.010+0900][0.816s][info ][gc,phases,start] GC(3) Phase 1: Mark live objects
[2026-08-03T01:15:44.026+0900][0.831s][info ][gc,phases      ] GC(3) Phase 1: Mark live objects 15.880ms
[2026-08-03T01:15:44.026+0900][0.832s][info ][gc,phases,start] GC(3) Phase 2: Prepare for compaction
[2026-08-03T01:15:44.029+0900][0.834s][info ][gc,phases      ] GC(3) Phase 2: Prepare for compaction 2.786ms
[2026-08-03T01:15:44.029+0900][0.834s][info ][gc,phases,start] GC(3) Phase 3: Adjust pointers
[2026-08-03T01:15:44.035+0900][0.841s][info ][gc,phases      ] GC(3) Phase 3: Adjust pointers 6.137ms
[2026-08-03T01:15:44.035+0900][0.841s][info ][gc,phases,start] GC(3) Phase 4: Compact heap
[2026-08-03T01:15:44.038+0900][0.843s][info ][gc,phases      ] GC(3) Phase 4: Compact heap 2.363ms
[2026-08-03T01:15:44.039+0900][0.844s][info ][gc,heap        ] GC(3) Eden regions: 1->0(1)
[2026-08-03T01:15:44.039+0900][0.845s][info ][gc,heap        ] GC(3) Survivor regions: 0->0(0)
[2026-08-03T01:15:44.039+0900][0.845s][info ][gc,heap        ] GC(3) Old regions: 1->1
[2026-08-03T01:15:44.039+0900][0.845s][info ][gc,heap        ] GC(3) Archive regions: 0->0
[2026-08-03T01:15:44.039+0900][0.845s][info ][gc,heap        ] GC(3) Humongous regions: 0->0
[2026-08-03T01:15:44.039+0900][0.845s][info ][gc,metaspace   ] GC(3) Metaspace: 9426K(9728K)->9426K(9728K) NonClass: 8530K(8704K)->8530K(8704K) Class: 895K(1024K)->895K(1024K)
[2026-08-03T01:15:44.039+0900][0.845s][debug][gc,heap        ] GC(3) Heap after GC invocations=4 (full 4):
[2026-08-03T01:15:44.039+0900][0.845s][debug][gc,heap        ] GC(3)  garbage-first heap   total 131072K, used 17900K [0x0000025ea8000000, 0x00000295a8000000)
[2026-08-03T01:15:44.039+0900][0.845s][debug][gc,heap        ] GC(3)   region size 32768K, 0 young (0K), 0 survivors (0K)
[2026-08-03T01:15:44.039+0900][0.845s][debug][gc,heap        ] GC(3)  Metaspace       used 9426K, committed 9728K, reserved 1114112K
[2026-08-03T01:15:44.039+0900][0.845s][debug][gc,heap        ] GC(3)   class space    used 895K, committed 1024K, reserved 1048576K
[2026-08-03T01:15:44.039+0900][0.845s][info ][gc             ] GC(3) Pause Full (System.gc()) 19M->17M(128M) 29.225ms
[2026-08-03T01:15:44.039+0900][0.845s][info ][gc,cpu         ] GC(3) User=0.06s Sys=0.00s Real=0.03s
[2026-08-03T01:15:44.040+0900][0.845s][info ][safepoint      ] Safepoint "G1CollectFull", Time since last: 16034401 ns, Reaching safepoint: 66500 ns, At safepoint: 29352900 ns, Total: 29419400 ns
[2026-08-03T01:15:44.043+0900][0.848s][info ][gc,start       ] GC(4) Pause Full (System.gc())
[2026-08-03T01:15:44.043+0900][0.848s][debug][gc,heap        ] GC(4) Heap before GC invocations=4 (full 4):
[2026-08-03T01:15:44.043+0900][0.848s][debug][gc,heap        ] GC(4)  garbage-first heap   total 131072K, used 17900K [0x0000025ea8000000, 0x00000295a8000000)
[2026-08-03T01:15:44.043+0900][0.848s][debug][gc,heap        ] GC(4)   region size 32768K, 1 young (32768K), 0 survivors (0K)
[2026-08-03T01:15:44.043+0900][0.848s][debug][gc,heap        ] GC(4)  Metaspace       used 9439K, committed 9728K, reserved 1114112K
[2026-08-03T01:15:44.043+0900][0.849s][debug][gc,heap        ] GC(4)   class space    used 895K, committed 1024K, reserved 1048576K
[2026-08-03T01:15:44.043+0900][0.849s][info ][gc,task        ] GC(4) Using 1 workers of 18 for full compaction
[2026-08-03T01:15:44.043+0900][0.849s][info ][gc,phases,start] GC(4) Phase 1: Mark live objects
[2026-08-03T01:15:44.058+0900][0.863s][info ][gc,phases      ] GC(4) Phase 1: Mark live objects 14.610ms
[2026-08-03T01:15:44.058+0900][0.863s][info ][gc,phases,start] GC(4) Phase 2: Prepare for compaction
[2026-08-03T01:15:44.061+0900][0.866s][info ][gc,phases      ] GC(4) Phase 2: Prepare for compaction 2.648ms
[2026-08-03T01:15:44.061+0900][0.866s][info ][gc,phases,start] GC(4) Phase 3: Adjust pointers
[2026-08-03T01:15:44.067+0900][0.872s][info ][gc,phases      ] GC(4) Phase 3: Adjust pointers 5.846ms
[2026-08-03T01:15:44.067+0900][0.872s][info ][gc,phases,start] GC(4) Phase 4: Compact heap
[2026-08-03T01:15:44.069+0900][0.874s][info ][gc,phases      ] GC(4) Phase 4: Compact heap 2.115ms
[2026-08-03T01:15:44.070+0900][0.875s][info ][gc,heap        ] GC(4) Eden regions: 1->0(1)
[2026-08-03T01:15:44.070+0900][0.875s][info ][gc,heap        ] GC(4) Survivor regions: 0->0(0)
[2026-08-03T01:15:44.070+0900][0.876s][info ][gc,heap        ] GC(4) Old regions: 1->1
[2026-08-03T01:15:44.070+0900][0.876s][info ][gc,heap        ] GC(4) Archive regions: 0->0
[2026-08-03T01:15:44.070+0900][0.876s][info ][gc,heap        ] GC(4) Humongous regions: 0->0
[2026-08-03T01:15:44.070+0900][0.876s][info ][gc,metaspace   ] GC(4) Metaspace: 9439K(9728K)->9439K(9728K) NonClass: 8544K(8704K)->8544K(8704K) Class: 895K(1024K)->895K(1024K)
[2026-08-03T01:15:44.070+0900][0.876s][debug][gc,heap        ] GC(4) Heap after GC invocations=5 (full 5):
[2026-08-03T01:15:44.070+0900][0.876s][debug][gc,heap        ] GC(4)  garbage-first heap   total 131072K, used 17908K [0x0000025ea8000000, 0x00000295a8000000)
[2026-08-03T01:15:44.070+0900][0.876s][debug][gc,heap        ] GC(4)   region size 32768K, 0 young (0K), 0 survivors (0K)
[2026-08-03T01:15:44.070+0900][0.876s][debug][gc,heap        ] GC(4)  Metaspace       used 9439K, committed 9728K, reserved 1114112K
[2026-08-03T01:15:44.070+0900][0.876s][debug][gc,heap        ] GC(4)   class space    used 895K, committed 1024K, reserved 1048576K
[2026-08-03T01:15:44.070+0900][0.876s][info ][gc             ] GC(4) Pause Full (System.gc()) 18M->17M(128M) 27.193ms
[2026-08-03T01:15:44.070+0900][0.876s][info ][gc,cpu         ] GC(4) User=0.02s Sys=0.00s Real=0.03s
[2026-08-03T01:15:44.070+0900][0.876s][info ][safepoint      ] Safepoint "G1CollectFull", Time since last: 3579900 ns, Reaching safepoint: 37000 ns, At safepoint: 27315600 ns, Total: 27352600 ns
[2026-08-03T01:15:44.074+0900][0.879s][info ][gc,start       ] GC(5) Pause Full (System.gc())
[2026-08-03T01:15:44.074+0900][0.879s][debug][gc,heap        ] GC(5) Heap before GC invocations=5 (full 5):
[2026-08-03T01:15:44.074+0900][0.879s][debug][gc,heap        ] GC(5)  garbage-first heap   total 131072K, used 17908K [0x0000025ea8000000, 0x00000295a8000000)
[2026-08-03T01:15:44.074+0900][0.879s][debug][gc,heap        ] GC(5)   region size 32768K, 1 young (32768K), 0 survivors (0K)
[2026-08-03T01:15:44.074+0900][0.879s][debug][gc,heap        ] GC(5)  Metaspace       used 9450K, committed 9728K, reserved 1114112K
[2026-08-03T01:15:44.074+0900][0.879s][debug][gc,heap        ] GC(5)   class space    used 895K, committed 1024K, reserved 1048576K
[2026-08-03T01:15:44.074+0900][0.879s][info ][gc,task        ] GC(5) Using 1 workers of 18 for full compaction
[2026-08-03T01:15:44.074+0900][0.879s][info ][gc,phases,start] GC(5) Phase 1: Mark live objects
[2026-08-03T01:15:44.089+0900][0.894s][info ][gc,phases      ] GC(5) Phase 1: Mark live objects 14.864ms
[2026-08-03T01:15:44.089+0900][0.894s][info ][gc,phases,start] GC(5) Phase 2: Prepare for compaction
[2026-08-03T01:15:44.092+0900][0.897s][info ][gc,phases      ] GC(5) Phase 2: Prepare for compaction 2.721ms
[2026-08-03T01:15:44.092+0900][0.897s][info ][gc,phases,start] GC(5) Phase 3: Adjust pointers
[2026-08-03T01:15:44.098+0900][0.903s][info ][gc,phases      ] GC(5) Phase 3: Adjust pointers 6.104ms
[2026-08-03T01:15:44.098+0900][0.903s][info ][gc,phases,start] GC(5) Phase 4: Compact heap
[2026-08-03T01:15:44.100+0900][0.905s][info ][gc,phases      ] GC(5) Phase 4: Compact heap 2.203ms
[2026-08-03T01:15:44.102+0900][0.907s][info ][gc,heap        ] GC(5) Eden regions: 1->0(1)
[2026-08-03T01:15:44.102+0900][0.907s][info ][gc,heap        ] GC(5) Survivor regions: 0->0(0)
[2026-08-03T01:15:44.102+0900][0.907s][info ][gc,heap        ] GC(5) Old regions: 1->1
[2026-08-03T01:15:44.102+0900][0.907s][info ][gc,heap        ] GC(5) Archive regions: 0->0
[2026-08-03T01:15:44.102+0900][0.907s][info ][gc,heap        ] GC(5) Humongous regions: 0->0
[2026-08-03T01:15:44.102+0900][0.907s][info ][gc,metaspace   ] GC(5) Metaspace: 9450K(9728K)->9450K(9728K) NonClass: 8554K(8704K)->8554K(8704K) Class: 895K(1024K)->895K(1024K)
[2026-08-03T01:15:44.102+0900][0.907s][debug][gc,heap        ] GC(5) Heap after GC invocations=6 (full 6):
[2026-08-03T01:15:44.102+0900][0.907s][debug][gc,heap        ] GC(5)  garbage-first heap   total 131072K, used 17918K [0x0000025ea8000000, 0x00000295a8000000)
[2026-08-03T01:15:44.102+0900][0.907s][debug][gc,heap        ] GC(5)   region size 32768K, 0 young (0K), 0 survivors (0K)
[2026-08-03T01:15:44.102+0900][0.907s][debug][gc,heap        ] GC(5)  Metaspace       used 9450K, committed 9728K, reserved 1114112K
[2026-08-03T01:15:44.102+0900][0.907s][debug][gc,heap        ] GC(5)   class space    used 895K, committed 1024K, reserved 1048576K
[2026-08-03T01:15:44.102+0900][0.907s][info ][gc             ] GC(5) Pause Full (System.gc()) 18M->17M(128M) 27.891ms
[2026-08-03T01:15:44.102+0900][0.907s][info ][gc,cpu         ] GC(5) User=0.03s Sys=0.00s Real=0.03s
[2026-08-03T01:15:44.102+0900][0.907s][info ][safepoint      ] Safepoint "G1CollectFull", Time since last: 3322000 ns, Reaching safepoint: 39300 ns, At safepoint: 27997200 ns, Total: 28036500 ns
[2026-08-03T01:15:44.105+0900][0.910s][info ][gc,start       ] GC(6) Pause Full (System.gc())
[2026-08-03T01:15:44.105+0900][0.910s][debug][gc,heap        ] GC(6) Heap before GC invocations=6 (full 6):
[2026-08-03T01:15:44.105+0900][0.910s][debug][gc,heap        ] GC(6)  garbage-first heap   total 131072K, used 17918K [0x0000025ea8000000, 0x00000295a8000000)
[2026-08-03T01:15:44.105+0900][0.910s][debug][gc,heap        ] GC(6)   region size 32768K, 1 young (32768K), 0 survivors (0K)
[2026-08-03T01:15:44.105+0900][0.910s][debug][gc,heap        ] GC(6)  Metaspace       used 9472K, committed 9792K, reserved 1114112K
[2026-08-03T01:15:44.105+0900][0.910s][debug][gc,heap        ] GC(6)   class space    used 895K, committed 1024K, reserved 1048576K
[2026-08-03T01:15:44.105+0900][0.910s][info ][gc,task        ] GC(6) Using 1 workers of 18 for full compaction
[2026-08-03T01:15:44.105+0900][0.910s][info ][gc,phases,start] GC(6) Phase 1: Mark live objects
[2026-08-03T01:15:44.120+0900][0.925s][info ][gc,phases      ] GC(6) Phase 1: Mark live objects 15.055ms
[2026-08-03T01:15:44.120+0900][0.925s][info ][gc,phases,start] GC(6) Phase 2: Prepare for compaction
[2026-08-03T01:15:44.123+0900][0.928s][info ][gc,phases      ] GC(6) Phase 2: Prepare for compaction 2.806ms
[2026-08-03T01:15:44.123+0900][0.928s][info ][gc,phases,start] GC(6) Phase 3: Adjust pointers
[2026-08-03T01:15:44.129+0900][0.935s][info ][gc,phases      ] GC(6) Phase 3: Adjust pointers 6.680ms
[2026-08-03T01:15:44.129+0900][0.935s][info ][gc,phases,start] GC(6) Phase 4: Compact heap
[2026-08-03T01:15:44.132+0900][0.937s][info ][gc,phases      ] GC(6) Phase 4: Compact heap 2.236ms
[2026-08-03T01:15:44.133+0900][0.939s][info ][gc,heap        ] GC(6) Eden regions: 1->0(1)
[2026-08-03T01:15:44.133+0900][0.939s][info ][gc,heap        ] GC(6) Survivor regions: 0->0(0)
[2026-08-03T01:15:44.133+0900][0.939s][info ][gc,heap        ] GC(6) Old regions: 1->1
[2026-08-03T01:15:44.133+0900][0.939s][info ][gc,heap        ] GC(6) Archive regions: 0->0
[2026-08-03T01:15:44.133+0900][0.939s][info ][gc,heap        ] GC(6) Humongous regions: 0->0
[2026-08-03T01:15:44.133+0900][0.939s][info ][gc,metaspace   ] GC(6) Metaspace: 9472K(9792K)->9472K(9792K) NonClass: 8577K(8768K)->8577K(8768K) Class: 895K(1024K)->895K(1024K)
[2026-08-03T01:15:44.133+0900][0.939s][debug][gc,heap        ] GC(6) Heap after GC invocations=7 (full 7):
[2026-08-03T01:15:44.133+0900][0.939s][debug][gc,heap        ] GC(6)  garbage-first heap   total 131072K, used 17927K [0x0000025ea8000000, 0x00000295a8000000)
[2026-08-03T01:15:44.133+0900][0.939s][debug][gc,heap        ] GC(6)   region size 32768K, 0 young (0K), 0 survivors (0K)
[2026-08-03T01:15:44.133+0900][0.939s][debug][gc,heap        ] GC(6)  Metaspace       used 9472K, committed 9792K, reserved 1114112K
[2026-08-03T01:15:44.133+0900][0.939s][debug][gc,heap        ] GC(6)   class space    used 895K, committed 1024K, reserved 1048576K
[2026-08-03T01:15:44.134+0900][0.939s][info ][gc             ] GC(6) Pause Full (System.gc()) 18M->17M(128M) 28.951ms
[2026-08-03T01:15:44.134+0900][0.939s][info ][gc,cpu         ] GC(6) User=0.03s Sys=0.00s Real=0.03s
[2026-08-03T01:15:44.134+0900][0.939s][info ][safepoint      ] Safepoint "G1CollectFull", Time since last: 2712500 ns, Reaching safepoint: 23400 ns, At safepoint: 29048300 ns, Total: 29071700 ns
[2026-08-03T01:15:44.137+0900][0.942s][info ][gc,start       ] GC(7) Pause Full (System.gc())
[2026-08-03T01:15:44.137+0900][0.942s][debug][gc,heap        ] GC(7) Heap before GC invocations=7 (full 7):
[2026-08-03T01:15:44.137+0900][0.942s][debug][gc,heap        ] GC(7)  garbage-first heap   total 131072K, used 17927K [0x0000025ea8000000, 0x00000295a8000000)
[2026-08-03T01:15:44.137+0900][0.942s][debug][gc,heap        ] GC(7)   region size 32768K, 1 young (32768K), 0 survivors (0K)
[2026-08-03T01:15:44.137+0900][0.942s][debug][gc,heap        ] GC(7)  Metaspace       used 9484K, committed 9792K, reserved 1114112K
[2026-08-03T01:15:44.137+0900][0.942s][debug][gc,heap        ] GC(7)   class space    used 895K, committed 1024K, reserved 1048576K
[2026-08-03T01:15:44.137+0900][0.942s][info ][gc,task        ] GC(7) Using 1 workers of 18 for full compaction
[2026-08-03T01:15:44.137+0900][0.942s][info ][gc,phases,start] GC(7) Phase 1: Mark live objects
[2026-08-03T01:15:44.153+0900][0.958s][info ][gc,phases      ] GC(7) Phase 1: Mark live objects 15.904ms
[2026-08-03T01:15:44.153+0900][0.958s][info ][gc,phases,start] GC(7) Phase 2: Prepare for compaction
[2026-08-03T01:15:44.156+0900][0.961s][info ][gc,phases      ] GC(7) Phase 2: Prepare for compaction 2.860ms
[2026-08-03T01:15:44.156+0900][0.961s][info ][gc,phases,start] GC(7) Phase 3: Adjust pointers
[2026-08-03T01:15:44.163+0900][0.968s][info ][gc,phases      ] GC(7) Phase 3: Adjust pointers 6.787ms
[2026-08-03T01:15:44.163+0900][0.968s][info ][gc,phases,start] GC(7) Phase 4: Compact heap
[2026-08-03T01:15:44.165+0900][0.970s][info ][gc,phases      ] GC(7) Phase 4: Compact heap 2.274ms
[2026-08-03T01:15:44.166+0900][0.972s][info ][gc,heap        ] GC(7) Eden regions: 1->0(1)
[2026-08-03T01:15:44.166+0900][0.972s][info ][gc,heap        ] GC(7) Survivor regions: 0->0(0)
[2026-08-03T01:15:44.166+0900][0.972s][info ][gc,heap        ] GC(7) Old regions: 1->1
[2026-08-03T01:15:44.166+0900][0.972s][info ][gc,heap        ] GC(7) Archive regions: 0->0
[2026-08-03T01:15:44.166+0900][0.972s][info ][gc,heap        ] GC(7) Humongous regions: 0->0
[2026-08-03T01:15:44.166+0900][0.972s][info ][gc,metaspace   ] GC(7) Metaspace: 9484K(9792K)->9484K(9792K) NonClass: 8588K(8768K)->8588K(8768K) Class: 895K(1024K)->895K(1024K)
[2026-08-03T01:15:44.166+0900][0.972s][debug][gc,heap        ] GC(7) Heap after GC invocations=8 (full 8):
[2026-08-03T01:15:44.167+0900][0.972s][debug][gc,heap        ] GC(7)  garbage-first heap   total 131072K, used 17935K [0x0000025ea8000000, 0x00000295a8000000)
[2026-08-03T01:15:44.167+0900][0.972s][debug][gc,heap        ] GC(7)   region size 32768K, 0 young (0K), 0 survivors (0K)
[2026-08-03T01:15:44.167+0900][0.972s][debug][gc,heap        ] GC(7)  Metaspace       used 9484K, committed 9792K, reserved 1114112K
[2026-08-03T01:15:44.167+0900][0.972s][debug][gc,heap        ] GC(7)   class space    used 895K, committed 1024K, reserved 1048576K
[2026-08-03T01:15:44.167+0900][0.972s][info ][gc             ] GC(7) Pause Full (System.gc()) 19M->17M(128M) 29.837ms
[2026-08-03T01:15:44.167+0900][0.972s][info ][gc,cpu         ] GC(7) User=0.02s Sys=0.00s Real=0.03s
[2026-08-03T01:15:44.167+0900][0.972s][info ][safepoint      ] Safepoint "G1CollectFull", Time since last: 3082200 ns, Reaching safepoint: 29700 ns, At safepoint: 29936500 ns, Total: 29966200 ns
[2026-08-03T01:15:44.169+0900][0.974s][info ][gc,start       ] GC(8) Pause Full (System.gc())
[2026-08-03T01:15:44.169+0900][0.974s][debug][gc,heap        ] GC(8) Heap before GC invocations=8 (full 8):
[2026-08-03T01:15:44.169+0900][0.974s][debug][gc,heap        ] GC(8)  garbage-first heap   total 131072K, used 17935K [0x0000025ea8000000, 0x00000295a8000000)
[2026-08-03T01:15:44.169+0900][0.974s][debug][gc,heap        ] GC(8)   region size 32768K, 1 young (32768K), 0 survivors (0K)
[2026-08-03T01:15:44.169+0900][0.974s][debug][gc,heap        ] GC(8)  Metaspace       used 9497K, committed 9792K, reserved 1114112K
[2026-08-03T01:15:44.169+0900][0.974s][debug][gc,heap        ] GC(8)   class space    used 895K, committed 1024K, reserved 1048576K
[2026-08-03T01:15:44.169+0900][0.974s][info ][gc,task        ] GC(8) Using 1 workers of 18 for full compaction
[2026-08-03T01:15:44.169+0900][0.974s][info ][gc,phases,start] GC(8) Phase 1: Mark live objects
[2026-08-03T01:15:44.182+0900][0.988s][info ][gc,phases      ] GC(8) Phase 1: Mark live objects 13.355ms
[2026-08-03T01:15:44.182+0900][0.988s][info ][gc,phases,start] GC(8) Phase 2: Prepare for compaction
[2026-08-03T01:15:44.185+0900][0.990s][info ][gc,phases      ] GC(8) Phase 2: Prepare for compaction 2.710ms
[2026-08-03T01:15:44.185+0900][0.990s][info ][gc,phases,start] GC(8) Phase 3: Adjust pointers
[2026-08-03T01:15:44.191+0900][0.996s][info ][gc,phases      ] GC(8) Phase 3: Adjust pointers 6.025ms
[2026-08-03T01:15:44.191+0900][0.996s][info ][gc,phases,start] GC(8) Phase 4: Compact heap
[2026-08-03T01:15:44.193+0900][0.999s][info ][gc,phases      ] GC(8) Phase 4: Compact heap 2.141ms
[2026-08-03T01:15:44.195+0900][1.000s][info ][gc,heap        ] GC(8) Eden regions: 1->0(1)
[2026-08-03T01:15:44.195+0900][1.000s][info ][gc,heap        ] GC(8) Survivor regions: 0->0(0)
[2026-08-03T01:15:44.195+0900][1.000s][info ][gc,heap        ] GC(8) Old regions: 1->1
[2026-08-03T01:15:44.195+0900][1.000s][info ][gc,heap        ] GC(8) Archive regions: 0->0
[2026-08-03T01:15:44.195+0900][1.000s][info ][gc,heap        ] GC(8) Humongous regions: 0->0
[2026-08-03T01:15:44.195+0900][1.000s][info ][gc,metaspace   ] GC(8) Metaspace: 9497K(9792K)->9497K(9792K) NonClass: 8601K(8768K)->8601K(8768K) Class: 895K(1024K)->895K(1024K)
[2026-08-03T01:15:44.195+0900][1.000s][debug][gc,heap        ] GC(8) Heap after GC invocations=9 (full 9):
[2026-08-03T01:15:44.195+0900][1.000s][debug][gc,heap        ] GC(8)  garbage-first heap   total 131072K, used 17944K [0x0000025ea8000000, 0x00000295a8000000)
[2026-08-03T01:15:44.195+0900][1.000s][debug][gc,heap        ] GC(8)   region size 32768K, 0 young (0K), 0 survivors (0K)
[2026-08-03T01:15:44.195+0900][1.000s][debug][gc,heap        ] GC(8)  Metaspace       used 9497K, committed 9792K, reserved 1114112K
[2026-08-03T01:15:44.195+0900][1.000s][debug][gc,heap        ] GC(8)   class space    used 895K, committed 1024K, reserved 1048576K
[2026-08-03T01:15:44.195+0900][1.000s][info ][gc             ] GC(8) Pause Full (System.gc()) 18M->17M(128M) 26.231ms
[2026-08-03T01:15:44.195+0900][1.000s][info ][gc,cpu         ] GC(8) User=0.02s Sys=0.00s Real=0.03s
[2026-08-03T01:15:44.195+0900][1.000s][info ][safepoint      ] Safepoint "G1CollectFull", Time since last: 2148000 ns, Reaching safepoint: 23299 ns, At safepoint: 26345601 ns, Total: 26368900 ns
[2026-08-03T01:15:44.198+0900][1.003s][info ][gc,start       ] GC(9) Pause Full (System.gc())
[2026-08-03T01:15:44.198+0900][1.003s][debug][gc,heap        ] GC(9) Heap before GC invocations=9 (full 9):
[2026-08-03T01:15:44.198+0900][1.003s][debug][gc,heap        ] GC(9)  garbage-first heap   total 131072K, used 17944K [0x0000025ea8000000, 0x00000295a8000000)
[2026-08-03T01:15:44.198+0900][1.003s][debug][gc,heap        ] GC(9)   region size 32768K, 1 young (32768K), 0 survivors (0K)
[2026-08-03T01:15:44.198+0900][1.003s][debug][gc,heap        ] GC(9)  Metaspace       used 9513K, committed 9792K, reserved 1114112K
[2026-08-03T01:15:44.198+0900][1.003s][debug][gc,heap        ] GC(9)   class space    used 895K, committed 1024K, reserved 1048576K
[2026-08-03T01:15:44.198+0900][1.003s][info ][gc,task        ] GC(9) Using 1 workers of 18 for full compaction
[2026-08-03T01:15:44.198+0900][1.003s][info ][gc,phases,start] GC(9) Phase 1: Mark live objects
[2026-08-03T01:15:44.212+0900][1.018s][info ][gc,phases      ] GC(9) Phase 1: Mark live objects 14.379ms
[2026-08-03T01:15:44.212+0900][1.018s][info ][gc,phases,start] GC(9) Phase 2: Prepare for compaction
[2026-08-03T01:15:44.215+0900][1.020s][info ][gc,phases      ] GC(9) Phase 2: Prepare for compaction 2.600ms
[2026-08-03T01:15:44.215+0900][1.020s][info ][gc,phases,start] GC(9) Phase 3: Adjust pointers
[2026-08-03T01:15:44.221+0900][1.026s][info ][gc,phases      ] GC(9) Phase 3: Adjust pointers 5.940ms
[2026-08-03T01:15:44.221+0900][1.026s][info ][gc,phases,start] GC(9) Phase 4: Compact heap
[2026-08-03T01:15:44.223+0900][1.028s][info ][gc,phases      ] GC(9) Phase 4: Compact heap 2.236ms
[2026-08-03T01:15:44.225+0900][1.030s][info ][gc,heap        ] GC(9) Eden regions: 1->0(1)
[2026-08-03T01:15:44.225+0900][1.030s][info ][gc,heap        ] GC(9) Survivor regions: 0->0(0)
[2026-08-03T01:15:44.225+0900][1.030s][info ][gc,heap        ] GC(9) Old regions: 1->1
[2026-08-03T01:15:44.225+0900][1.030s][info ][gc,heap        ] GC(9) Archive regions: 0->0
[2026-08-03T01:15:44.225+0900][1.030s][info ][gc,heap        ] GC(9) Humongous regions: 0->0
[2026-08-03T01:15:44.225+0900][1.030s][info ][gc,metaspace   ] GC(9) Metaspace: 9513K(9792K)->9513K(9792K) NonClass: 8617K(8768K)->8617K(8768K) Class: 895K(1024K)->895K(1024K)
[2026-08-03T01:15:44.225+0900][1.030s][debug][gc,heap        ] GC(9) Heap after GC invocations=10 (full 10):
[2026-08-03T01:15:44.225+0900][1.030s][debug][gc,heap        ] GC(9)  garbage-first heap   total 131072K, used 17954K [0x0000025ea8000000, 0x00000295a8000000)
[2026-08-03T01:15:44.225+0900][1.030s][debug][gc,heap        ] GC(9)   region size 32768K, 0 young (0K), 0 survivors (0K)
[2026-08-03T01:15:44.225+0900][1.030s][debug][gc,heap        ] GC(9)  Metaspace       used 9513K, committed 9792K, reserved 1114112K
[2026-08-03T01:15:44.225+0900][1.030s][debug][gc,heap        ] GC(9)   class space    used 895K, committed 1024K, reserved 1048576K
[2026-08-03T01:15:44.225+0900][1.030s][info ][gc             ] GC(9) Pause Full (System.gc()) 18M->17M(128M) 27.141ms
[2026-08-03T01:15:44.225+0900][1.030s][info ][gc,cpu         ] GC(9) User=0.03s Sys=0.00s Real=0.03s
[2026-08-03T01:15:44.225+0900][1.030s][info ][safepoint      ] Safepoint "G1CollectFull", Time since last: 2594800 ns, Reaching safepoint: 26200 ns, At safepoint: 27227099 ns, Total: 27253299 ns
[2026-08-03T01:15:44.227+0900][1.032s][info ][gc,start       ] GC(10) Pause Full (System.gc())
[2026-08-03T01:15:44.227+0900][1.032s][debug][gc,heap        ] GC(10) Heap before GC invocations=10 (full 10):
[2026-08-03T01:15:44.227+0900][1.032s][debug][gc,heap        ] GC(10)  garbage-first heap   total 131072K, used 17954K [0x0000025ea8000000, 0x00000295a8000000)
[2026-08-03T01:15:44.227+0900][1.032s][debug][gc,heap        ] GC(10)   region size 32768K, 1 young (32768K), 0 survivors (0K)
[2026-08-03T01:15:44.227+0900][1.032s][debug][gc,heap        ] GC(10)  Metaspace       used 9514K, committed 9792K, reserved 1114112K
[2026-08-03T01:15:44.227+0900][1.032s][debug][gc,heap        ] GC(10)   class space    used 895K, committed 1024K, reserved 1048576K
[2026-08-03T01:15:44.227+0900][1.032s][info ][gc,task        ] GC(10) Using 1 workers of 18 for full compaction
[2026-08-03T01:15:44.227+0900][1.032s][info ][gc,phases,start] GC(10) Phase 1: Mark live objects
[2026-08-03T01:15:44.239+0900][1.045s][info ][gc,phases      ] GC(10) Phase 1: Mark live objects 12.409ms
[2026-08-03T01:15:44.239+0900][1.045s][info ][gc,phases,start] GC(10) Phase 2: Prepare for compaction
[2026-08-03T01:15:44.242+0900][1.047s][info ][gc,phases      ] GC(10) Phase 2: Prepare for compaction 2.509ms
[2026-08-03T01:15:44.242+0900][1.047s][info ][gc,phases,start] GC(10) Phase 3: Adjust pointers
[2026-08-03T01:15:44.248+0900][1.053s][info ][gc,phases      ] GC(10) Phase 3: Adjust pointers 5.583ms
[2026-08-03T01:15:44.248+0900][1.053s][info ][gc,phases,start] GC(10) Phase 4: Compact heap
[2026-08-03T01:15:44.250+0900][1.055s][info ][gc,phases      ] GC(10) Phase 4: Compact heap 1.981ms
[2026-08-03T01:15:44.251+0900][1.056s][info ][gc,heap        ] GC(10) Eden regions: 1->0(1)
[2026-08-03T01:15:44.251+0900][1.056s][info ][gc,heap        ] GC(10) Survivor regions: 0->0(0)
[2026-08-03T01:15:44.251+0900][1.056s][info ][gc,heap        ] GC(10) Old regions: 1->1
[2026-08-03T01:15:44.251+0900][1.056s][info ][gc,heap        ] GC(10) Archive regions: 0->0
[2026-08-03T01:15:44.251+0900][1.056s][info ][gc,heap        ] GC(10) Humongous regions: 0->0
[2026-08-03T01:15:44.251+0900][1.056s][info ][gc,metaspace   ] GC(10) Metaspace: 9514K(9792K)->9514K(9792K) NonClass: 8618K(8768K)->8618K(8768K) Class: 895K(1024K)->895K(1024K)
[2026-08-03T01:15:44.251+0900][1.056s][debug][gc,heap        ] GC(10) Heap after GC invocations=11 (full 11):
[2026-08-03T01:15:44.251+0900][1.057s][debug][gc,heap        ] GC(10)  garbage-first heap   total 131072K, used 17963K [0x0000025ea8000000, 0x00000295a8000000)
[2026-08-03T01:15:44.251+0900][1.057s][debug][gc,heap        ] GC(10)   region size 32768K, 0 young (0K), 0 survivors (0K)
[2026-08-03T01:15:44.251+0900][1.057s][debug][gc,heap        ] GC(10)  Metaspace       used 9514K, committed 9792K, reserved 1114112K
[2026-08-03T01:15:44.251+0900][1.057s][debug][gc,heap        ] GC(10)   class space    used 895K, committed 1024K, reserved 1048576K
[2026-08-03T01:15:44.251+0900][1.057s][info ][gc             ] GC(10) Pause Full (System.gc()) 18M->17M(128M) 24.378ms
[2026-08-03T01:15:44.251+0900][1.057s][info ][gc,cpu         ] GC(10) User=0.03s Sys=0.00s Real=0.02s
[2026-08-03T01:15:44.251+0900][1.057s][info ][safepoint      ] Safepoint "G1CollectFull", Time since last: 1869300 ns, Reaching safepoint: 21601 ns, At safepoint: 24488700 ns, Total: 24510301 ns
[2026-08-03T01:15:44.253+0900][1.058s][info ][gc,start       ] GC(11) Pause Full (System.gc())
[2026-08-03T01:15:44.253+0900][1.059s][debug][gc,heap        ] GC(11) Heap before GC invocations=11 (full 11):
[2026-08-03T01:15:44.253+0900][1.059s][debug][gc,heap        ] GC(11)  garbage-first heap   total 131072K, used 17963K [0x0000025ea8000000, 0x00000295a8000000)
[2026-08-03T01:15:44.253+0900][1.059s][debug][gc,heap        ] GC(11)   region size 32768K, 1 young (32768K), 0 survivors (0K)
[2026-08-03T01:15:44.253+0900][1.059s][debug][gc,heap        ] GC(11)  Metaspace       used 9521K, committed 9792K, reserved 1114112K
[2026-08-03T01:15:44.253+0900][1.059s][debug][gc,heap        ] GC(11)   class space    used 895K, committed 1024K, reserved 1048576K
[2026-08-03T01:15:44.253+0900][1.059s][info ][gc,task        ] GC(11) Using 1 workers of 18 for full compaction
[2026-08-03T01:15:44.253+0900][1.059s][info ][gc,phases,start] GC(11) Phase 1: Mark live objects
[2026-08-03T01:15:44.266+0900][1.072s][info ][gc,phases      ] GC(11) Phase 1: Mark live objects 13.068ms
[2026-08-03T01:15:44.267+0900][1.072s][info ][gc,phases,start] GC(11) Phase 2: Prepare for compaction
[2026-08-03T01:15:44.270+0900][1.075s][info ][gc,phases      ] GC(11) Phase 2: Prepare for compaction 3.191ms
[2026-08-03T01:15:44.270+0900][1.075s][info ][gc,phases,start] GC(11) Phase 3: Adjust pointers
[2026-08-03T01:15:44.276+0900][1.081s][info ][gc,phases      ] GC(11) Phase 3: Adjust pointers 6.288ms
[2026-08-03T01:15:44.276+0900][1.081s][info ][gc,phases,start] GC(11) Phase 4: Compact heap
[2026-08-03T01:15:44.278+0900][1.083s][info ][gc,phases      ] GC(11) Phase 4: Compact heap 2.148ms
[2026-08-03T01:15:44.280+0900][1.085s][info ][gc,heap        ] GC(11) Eden regions: 1->0(1)
[2026-08-03T01:15:44.280+0900][1.085s][info ][gc,heap        ] GC(11) Survivor regions: 0->0(0)
[2026-08-03T01:15:44.280+0900][1.085s][info ][gc,heap        ] GC(11) Old regions: 1->1
[2026-08-03T01:15:44.280+0900][1.085s][info ][gc,heap        ] GC(11) Archive regions: 0->0
[2026-08-03T01:15:44.280+0900][1.085s][info ][gc,heap        ] GC(11) Humongous regions: 0->0
[2026-08-03T01:15:44.280+0900][1.085s][info ][gc,metaspace   ] GC(11) Metaspace: 9521K(9792K)->9521K(9792K) NonClass: 8625K(8768K)->8625K(8768K) Class: 895K(1024K)->895K(1024K)
[2026-08-03T01:15:44.280+0900][1.085s][debug][gc,heap        ] GC(11) Heap after GC invocations=12 (full 12):
[2026-08-03T01:15:44.280+0900][1.085s][debug][gc,heap        ] GC(11)  garbage-first heap   total 131072K, used 17972K [0x0000025ea8000000, 0x00000295a8000000)
[2026-08-03T01:15:44.280+0900][1.085s][debug][gc,heap        ] GC(11)   region size 32768K, 0 young (0K), 0 survivors (0K)
[2026-08-03T01:15:44.280+0900][1.085s][debug][gc,heap        ] GC(11)  Metaspace       used 9521K, committed 9792K, reserved 1114112K
[2026-08-03T01:15:44.280+0900][1.085s][debug][gc,heap        ] GC(11)   class space    used 895K, committed 1024K, reserved 1048576K
[2026-08-03T01:15:44.280+0900][1.085s][info ][gc             ] GC(11) Pause Full (System.gc()) 18M->17M(128M) 26.683ms
[2026-08-03T01:15:44.280+0900][1.085s][info ][gc,cpu         ] GC(11) User=0.03s Sys=0.00s Real=0.03s
[2026-08-03T01:15:44.280+0900][1.085s][info ][safepoint      ] Safepoint "G1CollectFull", Time since last: 1810400 ns, Reaching safepoint: 16500 ns, At safepoint: 26775599 ns, Total: 26792099 ns
[2026-08-03T01:15:44.282+0900][1.087s][info ][gc,start       ] GC(12) Pause Full (System.gc())
[2026-08-03T01:15:44.282+0900][1.087s][debug][gc,heap        ] GC(12) Heap before GC invocations=12 (full 12):
[2026-08-03T01:15:44.282+0900][1.087s][debug][gc,heap        ] GC(12)  garbage-first heap   total 131072K, used 17972K [0x0000025ea8000000, 0x00000295a8000000)
[2026-08-03T01:15:44.282+0900][1.087s][debug][gc,heap        ] GC(12)   region size 32768K, 1 young (32768K), 0 survivors (0K)
[2026-08-03T01:15:44.282+0900][1.087s][debug][gc,heap        ] GC(12)  Metaspace       used 9524K, committed 9792K, reserved 1114112K
[2026-08-03T01:15:44.282+0900][1.087s][debug][gc,heap        ] GC(12)   class space    used 895K, committed 1024K, reserved 1048576K
[2026-08-03T01:15:44.282+0900][1.087s][info ][gc,task        ] GC(12) Using 1 workers of 18 for full compaction
[2026-08-03T01:15:44.282+0900][1.087s][info ][gc,phases,start] GC(12) Phase 1: Mark live objects
[2026-08-03T01:15:44.296+0900][1.101s][info ][gc,phases      ] GC(12) Phase 1: Mark live objects 13.560ms
[2026-08-03T01:15:44.296+0900][1.101s][info ][gc,phases,start] GC(12) Phase 2: Prepare for compaction
[2026-08-03T01:15:44.298+0900][1.103s][info ][gc,phases      ] GC(12) Phase 2: Prepare for compaction 2.483ms
[2026-08-03T01:15:44.298+0900][1.103s][info ][gc,phases,start] GC(12) Phase 3: Adjust pointers
[2026-08-03T01:15:44.304+0900][1.109s][info ][gc,phases      ] GC(12) Phase 3: Adjust pointers 5.892ms
[2026-08-03T01:15:44.304+0900][1.109s][info ][gc,phases,start] GC(12) Phase 4: Compact heap
[2026-08-03T01:15:44.306+0900][1.111s][info ][gc,phases      ] GC(12) Phase 4: Compact heap 2.025ms
[2026-08-03T01:15:44.308+0900][1.113s][info ][gc,heap        ] GC(12) Eden regions: 1->0(1)
[2026-08-03T01:15:44.308+0900][1.113s][info ][gc,heap        ] GC(12) Survivor regions: 0->0(0)
[2026-08-03T01:15:44.308+0900][1.113s][info ][gc,heap        ] GC(12) Old regions: 1->1
[2026-08-03T01:15:44.308+0900][1.113s][info ][gc,heap        ] GC(12) Archive regions: 0->0
[2026-08-03T01:15:44.308+0900][1.113s][info ][gc,heap        ] GC(12) Humongous regions: 0->0
[2026-08-03T01:15:44.308+0900][1.113s][info ][gc,metaspace   ] GC(12) Metaspace: 9524K(9792K)->9524K(9792K) NonClass: 8628K(8768K)->8628K(8768K) Class: 895K(1024K)->895K(1024K)
[2026-08-03T01:15:44.308+0900][1.113s][debug][gc,heap        ] GC(12) Heap after GC invocations=13 (full 13):
[2026-08-03T01:15:44.308+0900][1.113s][debug][gc,heap        ] GC(12)  garbage-first heap   total 131072K, used 17987K [0x0000025ea8000000, 0x00000295a8000000)
[2026-08-03T01:15:44.308+0900][1.113s][debug][gc,heap        ] GC(12)   region size 32768K, 0 young (0K), 0 survivors (0K)
[2026-08-03T01:15:44.308+0900][1.113s][debug][gc,heap        ] GC(12)  Metaspace       used 9524K, committed 9792K, reserved 1114112K
[2026-08-03T01:15:44.308+0900][1.113s][debug][gc,heap        ] GC(12)   class space    used 895K, committed 1024K, reserved 1048576K
[2026-08-03T01:15:44.308+0900][1.113s][info ][gc             ] GC(12) Pause Full (System.gc()) 18M->17M(128M) 25.862ms
[2026-08-03T01:15:44.308+0900][1.113s][info ][gc,cpu         ] GC(12) User=0.02s Sys=0.00s Real=0.03s
[2026-08-03T01:15:44.308+0900][1.113s][info ][safepoint      ] Safepoint "G1CollectFull", Time since last: 1889401 ns, Reaching safepoint: 23900 ns, At safepoint: 25910500 ns, Total: 25934400 ns
[2026-08-03T01:15:44.310+0900][1.116s][info ][gc,start       ] GC(13) Pause Full (System.gc())
[2026-08-03T01:15:44.310+0900][1.116s][debug][gc,heap        ] GC(13) Heap before GC invocations=13 (full 13):
[2026-08-03T01:15:44.310+0900][1.116s][debug][gc,heap        ] GC(13)  garbage-first heap   total 131072K, used 17987K [0x0000025ea8000000, 0x00000295a8000000)
[2026-08-03T01:15:44.310+0900][1.116s][debug][gc,heap        ] GC(13)   region size 32768K, 1 young (32768K), 0 survivors (0K)
[2026-08-03T01:15:44.310+0900][1.116s][debug][gc,heap        ] GC(13)  Metaspace       used 9530K, committed 9792K, reserved 1114112K
[2026-08-03T01:15:44.310+0900][1.116s][debug][gc,heap        ] GC(13)   class space    used 895K, committed 1024K, reserved 1048576K
[2026-08-03T01:15:44.310+0900][1.116s][info ][gc,task        ] GC(13) Using 1 workers of 18 for full compaction
[2026-08-03T01:15:44.310+0900][1.116s][info ][gc,phases,start] GC(13) Phase 1: Mark live objects
[2026-08-03T01:15:44.323+0900][1.128s][info ][gc,phases      ] GC(13) Phase 1: Mark live objects 12.800ms
[2026-08-03T01:15:44.323+0900][1.128s][info ][gc,phases,start] GC(13) Phase 2: Prepare for compaction
[2026-08-03T01:15:44.326+0900][1.131s][info ][gc,phases      ] GC(13) Phase 2: Prepare for compaction 2.654ms
[2026-08-03T01:15:44.326+0900][1.131s][info ][gc,phases,start] GC(13) Phase 3: Adjust pointers
[2026-08-03T01:15:44.332+0900][1.138s][info ][gc,phases      ] GC(13) Phase 3: Adjust pointers 6.395ms
[2026-08-03T01:15:44.332+0900][1.138s][info ][gc,phases,start] GC(13) Phase 4: Compact heap
[2026-08-03T01:15:44.335+0900][1.140s][info ][gc,phases      ] GC(13) Phase 4: Compact heap 2.149ms
[2026-08-03T01:15:44.336+0900][1.141s][info ][gc,heap        ] GC(13) Eden regions: 1->0(1)
[2026-08-03T01:15:44.336+0900][1.141s][info ][gc,heap        ] GC(13) Survivor regions: 0->0(0)
[2026-08-03T01:15:44.336+0900][1.142s][info ][gc,heap        ] GC(13) Old regions: 1->1
[2026-08-03T01:15:44.336+0900][1.142s][info ][gc,heap        ] GC(13) Archive regions: 0->0
[2026-08-03T01:15:44.336+0900][1.142s][info ][gc,heap        ] GC(13) Humongous regions: 0->0
[2026-08-03T01:15:44.336+0900][1.142s][info ][gc,metaspace   ] GC(13) Metaspace: 9530K(9792K)->9530K(9792K) NonClass: 8634K(8768K)->8634K(8768K) Class: 895K(1024K)->895K(1024K)
[2026-08-03T01:15:44.336+0900][1.142s][debug][gc,heap        ] GC(13) Heap after GC invocations=14 (full 14):
[2026-08-03T01:15:44.336+0900][1.142s][debug][gc,heap        ] GC(13)  garbage-first heap   total 131072K, used 18013K [0x0000025ea8000000, 0x00000295a8000000)
[2026-08-03T01:15:44.336+0900][1.142s][debug][gc,heap        ] GC(13)   region size 32768K, 0 young (0K), 0 survivors (0K)
[2026-08-03T01:15:44.336+0900][1.142s][debug][gc,heap        ] GC(13)  Metaspace       used 9530K, committed 9792K, reserved 1114112K
[2026-08-03T01:15:44.336+0900][1.142s][debug][gc,heap        ] GC(13)   class space    used 895K, committed 1024K, reserved 1048576K
[2026-08-03T01:15:44.336+0900][1.142s][info ][gc             ] GC(13) Pause Full (System.gc()) 18M->17M(128M) 26.107ms
[2026-08-03T01:15:44.336+0900][1.142s][info ][gc,cpu         ] GC(13) User=0.02s Sys=0.00s Real=0.03s
[2026-08-03T01:15:44.336+0900][1.142s][info ][safepoint      ] Safepoint "G1CollectFull", Time since last: 2397100 ns, Reaching safepoint: 22000 ns, At safepoint: 26192300 ns, Total: 26214300 ns
[2026-08-03T01:15:44.339+0900][1.144s][info ][gc,start       ] GC(14) Pause Full (System.gc())
[2026-08-03T01:15:44.339+0900][1.144s][debug][gc,heap        ] GC(14) Heap before GC invocations=14 (full 14):
[2026-08-03T01:15:44.339+0900][1.144s][debug][gc,heap        ] GC(14)  garbage-first heap   total 131072K, used 18013K [0x0000025ea8000000, 0x00000295a8000000)
[2026-08-03T01:15:44.339+0900][1.144s][debug][gc,heap        ] GC(14)   region size 32768K, 1 young (32768K), 0 survivors (0K)
[2026-08-03T01:15:44.339+0900][1.144s][debug][gc,heap        ] GC(14)  Metaspace       used 9534K, committed 9792K, reserved 1114112K
[2026-08-03T01:15:44.339+0900][1.144s][debug][gc,heap        ] GC(14)   class space    used 895K, committed 1024K, reserved 1048576K
[2026-08-03T01:15:44.339+0900][1.144s][info ][gc,task        ] GC(14) Using 1 workers of 18 for full compaction
[2026-08-03T01:15:44.339+0900][1.144s][info ][gc,phases,start] GC(14) Phase 1: Mark live objects
[2026-08-03T01:15:44.352+0900][1.157s][info ][gc,phases      ] GC(14) Phase 1: Mark live objects 13.041ms
[2026-08-03T01:15:44.352+0900][1.157s][info ][gc,phases,start] GC(14) Phase 2: Prepare for compaction
[2026-08-03T01:15:44.355+0900][1.160s][info ][gc,phases      ] GC(14) Phase 2: Prepare for compaction 3.060ms
[2026-08-03T01:15:44.355+0900][1.160s][info ][gc,phases,start] GC(14) Phase 3: Adjust pointers
[2026-08-03T01:15:44.361+0900][1.166s][info ][gc,phases      ] GC(14) Phase 3: Adjust pointers 5.710ms
[2026-08-03T01:15:44.361+0900][1.166s][info ][gc,phases,start] GC(14) Phase 4: Compact heap
[2026-08-03T01:15:44.363+0900][1.168s][info ][gc,phases      ] GC(14) Phase 4: Compact heap 2.025ms
[2026-08-03T01:15:44.364+0900][1.170s][info ][gc,heap        ] GC(14) Eden regions: 1->0(1)
[2026-08-03T01:15:44.364+0900][1.170s][info ][gc,heap        ] GC(14) Survivor regions: 0->0(0)
[2026-08-03T01:15:44.364+0900][1.170s][info ][gc,heap        ] GC(14) Old regions: 1->1
[2026-08-03T01:15:44.364+0900][1.170s][info ][gc,heap        ] GC(14) Archive regions: 0->0
[2026-08-03T01:15:44.364+0900][1.170s][info ][gc,heap        ] GC(14) Humongous regions: 0->0
[2026-08-03T01:15:44.364+0900][1.170s][info ][gc,metaspace   ] GC(14) Metaspace: 9534K(9792K)->9534K(9792K) NonClass: 8638K(8768K)->8638K(8768K) Class: 895K(1024K)->895K(1024K)
[2026-08-03T01:15:44.364+0900][1.170s][debug][gc,heap        ] GC(14) Heap after GC invocations=15 (full 15):
[2026-08-03T01:15:44.364+0900][1.170s][debug][gc,heap        ] GC(14)  garbage-first heap   total 131072K, used 18027K [0x0000025ea8000000, 0x00000295a8000000)
[2026-08-03T01:15:44.364+0900][1.170s][debug][gc,heap        ] GC(14)   region size 32768K, 0 young (0K), 0 survivors (0K)
[2026-08-03T01:15:44.364+0900][1.170s][debug][gc,heap        ] GC(14)  Metaspace       used 9534K, committed 9792K, reserved 1114112K
[2026-08-03T01:15:44.364+0900][1.170s][debug][gc,heap        ] GC(14)   class space    used 895K, committed 1024K, reserved 1048576K
[2026-08-03T01:15:44.365+0900][1.170s][info ][gc             ] GC(14) Pause Full (System.gc()) 18M->17M(128M) 25.780ms
[2026-08-03T01:15:44.365+0900][1.170s][info ][gc,cpu         ] GC(14) User=0.05s Sys=0.00s Real=0.03s
[2026-08-03T01:15:44.365+0900][1.170s][info ][safepoint      ] Safepoint "G1CollectFull", Time since last: 2265099 ns, Reaching safepoint: 19500 ns, At safepoint: 25869501 ns, Total: 25889001 ns
[2026-08-03T01:15:44.367+0900][1.172s][info ][gc,start       ] GC(15) Pause Full (System.gc())
[2026-08-03T01:15:44.367+0900][1.172s][debug][gc,heap        ] GC(15) Heap before GC invocations=15 (full 15):
[2026-08-03T01:15:44.367+0900][1.172s][debug][gc,heap        ] GC(15)  garbage-first heap   total 131072K, used 18027K [0x0000025ea8000000, 0x00000295a8000000)
[2026-08-03T01:15:44.367+0900][1.172s][debug][gc,heap        ] GC(15)   region size 32768K, 1 young (32768K), 0 survivors (0K)
[2026-08-03T01:15:44.367+0900][1.172s][debug][gc,heap        ] GC(15)  Metaspace       used 9546K, committed 9792K, reserved 1114112K
[2026-08-03T01:15:44.367+0900][1.172s][debug][gc,heap        ] GC(15)   class space    used 895K, committed 1024K, reserved 1048576K
[2026-08-03T01:15:44.367+0900][1.172s][info ][gc,task        ] GC(15) Using 1 workers of 18 for full compaction
[2026-08-03T01:15:44.367+0900][1.172s][info ][gc,phases,start] GC(15) Phase 1: Mark live objects
[2026-08-03T01:15:44.381+0900][1.186s][info ][gc,phases      ] GC(15) Phase 1: Mark live objects 13.986ms
[2026-08-03T01:15:44.381+0900][1.186s][info ][gc,phases,start] GC(15) Phase 2: Prepare for compaction
[2026-08-03T01:15:44.384+0900][1.189s][info ][gc,phases      ] GC(15) Phase 2: Prepare for compaction 2.547ms
[2026-08-03T01:15:44.384+0900][1.189s][info ][gc,phases,start] GC(15) Phase 3: Adjust pointers
[2026-08-03T01:15:44.389+0900][1.195s][info ][gc,phases      ] GC(15) Phase 3: Adjust pointers 5.799ms
[2026-08-03T01:15:44.390+0900][1.195s][info ][gc,phases,start] GC(15) Phase 4: Compact heap
[2026-08-03T01:15:44.392+0900][1.197s][info ][gc,phases      ] GC(15) Phase 4: Compact heap 2.551ms
[2026-08-03T01:15:44.394+0900][1.199s][info ][gc,heap        ] GC(15) Eden regions: 1->0(1)
[2026-08-03T01:15:44.394+0900][1.199s][info ][gc,heap        ] GC(15) Survivor regions: 0->0(0)
[2026-08-03T01:15:44.394+0900][1.199s][info ][gc,heap        ] GC(15) Old regions: 1->1
[2026-08-03T01:15:44.394+0900][1.199s][info ][gc,heap        ] GC(15) Archive regions: 0->0
[2026-08-03T01:15:44.394+0900][1.199s][info ][gc,heap        ] GC(15) Humongous regions: 0->0
[2026-08-03T01:15:44.394+0900][1.199s][info ][gc,metaspace   ] GC(15) Metaspace: 9546K(9792K)->9546K(9792K) NonClass: 8650K(8768K)->8650K(8768K) Class: 895K(1024K)->895K(1024K)
[2026-08-03T01:15:44.394+0900][1.199s][debug][gc,heap        ] GC(15) Heap after GC invocations=16 (full 16):
[2026-08-03T01:15:44.394+0900][1.199s][debug][gc,heap        ] GC(15)  garbage-first heap   total 131072K, used 18041K [0x0000025ea8000000, 0x00000295a8000000)
[2026-08-03T01:15:44.394+0900][1.199s][debug][gc,heap        ] GC(15)   region size 32768K, 0 young (0K), 0 survivors (0K)
[2026-08-03T01:15:44.394+0900][1.199s][debug][gc,heap        ] GC(15)  Metaspace       used 9546K, committed 9792K, reserved 1114112K
[2026-08-03T01:15:44.394+0900][1.199s][debug][gc,heap        ] GC(15)   class space    used 895K, committed 1024K, reserved 1048576K
[2026-08-03T01:15:44.394+0900][1.199s][info ][gc             ] GC(15) Pause Full (System.gc()) 18M->17M(128M) 26.942ms
[2026-08-03T01:15:44.394+0900][1.199s][info ][gc,cpu         ] GC(15) User=0.03s Sys=0.00s Real=0.03s
[2026-08-03T01:15:44.394+0900][1.199s][info ][safepoint      ] Safepoint "G1CollectFull", Time since last: 2282200 ns, Reaching safepoint: 31100 ns, At safepoint: 27054499 ns, Total: 27085599 ns
[2026-08-03T01:15:44.396+0900][1.201s][info ][gc,start       ] GC(16) Pause Full (System.gc())
[2026-08-03T01:15:44.396+0900][1.202s][debug][gc,heap        ] GC(16) Heap before GC invocations=16 (full 16):
[2026-08-03T01:15:44.396+0900][1.202s][debug][gc,heap        ] GC(16)  garbage-first heap   total 131072K, used 18041K [0x0000025ea8000000, 0x00000295a8000000)
[2026-08-03T01:15:44.396+0900][1.202s][debug][gc,heap        ] GC(16)   region size 32768K, 1 young (32768K), 0 survivors (0K)
[2026-08-03T01:15:44.396+0900][1.202s][debug][gc,heap        ] GC(16)  Metaspace       used 9549K, committed 9792K, reserved 1114112K
[2026-08-03T01:15:44.396+0900][1.202s][debug][gc,heap        ] GC(16)   class space    used 895K, committed 1024K, reserved 1048576K
[2026-08-03T01:15:44.396+0900][1.202s][info ][gc,task        ] GC(16) Using 1 workers of 18 for full compaction
[2026-08-03T01:15:44.396+0900][1.202s][info ][gc,phases,start] GC(16) Phase 1: Mark live objects
[2026-08-03T01:15:44.412+0900][1.217s][info ][gc,phases      ] GC(16) Phase 1: Mark live objects 15.425ms
[2026-08-03T01:15:44.412+0900][1.217s][info ][gc,phases,start] GC(16) Phase 2: Prepare for compaction
[2026-08-03T01:15:44.414+0900][1.220s][info ][gc,phases      ] GC(16) Phase 2: Prepare for compaction 2.534ms
[2026-08-03T01:15:44.414+0900][1.220s][info ][gc,phases,start] GC(16) Phase 3: Adjust pointers
[2026-08-03T01:15:44.420+0900][1.226s][info ][gc,phases      ] GC(16) Phase 3: Adjust pointers 5.899ms
[2026-08-03T01:15:44.420+0900][1.226s][info ][gc,phases,start] GC(16) Phase 4: Compact heap
[2026-08-03T01:15:44.422+0900][1.228s][info ][gc,phases      ] GC(16) Phase 4: Compact heap 2.097ms
[2026-08-03T01:15:44.424+0900][1.229s][info ][gc,heap        ] GC(16) Eden regions: 1->0(1)
[2026-08-03T01:15:44.424+0900][1.229s][info ][gc,heap        ] GC(16) Survivor regions: 0->0(0)
[2026-08-03T01:15:44.424+0900][1.229s][info ][gc,heap        ] GC(16) Old regions: 1->1
[2026-08-03T01:15:44.424+0900][1.229s][info ][gc,heap        ] GC(16) Archive regions: 0->0
[2026-08-03T01:15:44.424+0900][1.229s][info ][gc,heap        ] GC(16) Humongous regions: 0->0
[2026-08-03T01:15:44.424+0900][1.229s][info ][gc,metaspace   ] GC(16) Metaspace: 9549K(9792K)->9549K(9792K) NonClass: 8654K(8768K)->8654K(8768K) Class: 895K(1024K)->895K(1024K)
[2026-08-03T01:15:44.424+0900][1.229s][debug][gc,heap        ] GC(16) Heap after GC invocations=17 (full 17):
[2026-08-03T01:15:44.424+0900][1.229s][debug][gc,heap        ] GC(16)  garbage-first heap   total 131072K, used 18054K [0x0000025ea8000000, 0x00000295a8000000)
[2026-08-03T01:15:44.424+0900][1.229s][debug][gc,heap        ] GC(16)   region size 32768K, 0 young (0K), 0 survivors (0K)
[2026-08-03T01:15:44.424+0900][1.229s][debug][gc,heap        ] GC(16)  Metaspace       used 9549K, committed 9792K, reserved 1114112K
[2026-08-03T01:15:44.424+0900][1.229s][debug][gc,heap        ] GC(16)   class space    used 895K, committed 1024K, reserved 1048576K
[2026-08-03T01:15:44.424+0900][1.229s][info ][gc             ] GC(16) Pause Full (System.gc()) 18M->17M(128M) 28.002ms
[2026-08-03T01:15:44.424+0900][1.229s][info ][gc,cpu         ] GC(16) User=0.03s Sys=0.00s Real=0.03s
[2026-08-03T01:15:44.424+0900][1.230s][info ][safepoint      ] Safepoint "G1CollectFull", Time since last: 2229401 ns, Reaching safepoint: 21899 ns, At safepoint: 28120401 ns, Total: 28142300 ns
[2026-08-03T01:15:44.428+0900][1.233s][info ][gc,start       ] GC(17) Pause Full (System.gc())
[2026-08-03T01:15:44.428+0900][1.233s][debug][gc,heap        ] GC(17) Heap before GC invocations=17 (full 17):
[2026-08-03T01:15:44.428+0900][1.233s][debug][gc,heap        ] GC(17)  garbage-first heap   total 131072K, used 18054K [0x0000025ea8000000, 0x00000295a8000000)
[2026-08-03T01:15:44.428+0900][1.233s][debug][gc,heap        ] GC(17)   region size 32768K, 1 young (32768K), 0 survivors (0K)
[2026-08-03T01:15:44.428+0900][1.233s][debug][gc,heap        ] GC(17)  Metaspace       used 9573K, committed 9856K, reserved 1114112K
[2026-08-03T01:15:44.428+0900][1.233s][debug][gc,heap        ] GC(17)   class space    used 896K, committed 1024K, reserved 1048576K
[2026-08-03T01:15:44.428+0900][1.233s][info ][gc,task        ] GC(17) Using 1 workers of 18 for full compaction
[2026-08-03T01:15:44.428+0900][1.233s][info ][gc,phases,start] GC(17) Phase 1: Mark live objects
[2026-08-03T01:15:44.442+0900][1.247s][info ][gc,phases      ] GC(17) Phase 1: Mark live objects 13.688ms
[2026-08-03T01:15:44.442+0900][1.247s][info ][gc,phases,start] GC(17) Phase 2: Prepare for compaction
[2026-08-03T01:15:44.444+0900][1.249s][info ][gc,phases      ] GC(17) Phase 2: Prepare for compaction 2.480ms
[2026-08-03T01:15:44.444+0900][1.249s][info ][gc,phases,start] GC(17) Phase 3: Adjust pointers
[2026-08-03T01:15:44.450+0900][1.255s][info ][gc,phases      ] GC(17) Phase 3: Adjust pointers 6.039ms
[2026-08-03T01:15:44.450+0900][1.255s][info ][gc,phases,start] GC(17) Phase 4: Compact heap
[2026-08-03T01:15:44.452+0900][1.257s][info ][gc,phases      ] GC(17) Phase 4: Compact heap 2.127ms
[2026-08-03T01:15:44.454+0900][1.259s][info ][gc,heap        ] GC(17) Eden regions: 1->0(1)
[2026-08-03T01:15:44.454+0900][1.259s][info ][gc,heap        ] GC(17) Survivor regions: 0->0(0)
[2026-08-03T01:15:44.454+0900][1.259s][info ][gc,heap        ] GC(17) Old regions: 1->1
[2026-08-03T01:15:44.454+0900][1.259s][info ][gc,heap        ] GC(17) Archive regions: 0->0
[2026-08-03T01:15:44.454+0900][1.259s][info ][gc,heap        ] GC(17) Humongous regions: 0->0
[2026-08-03T01:15:44.454+0900][1.259s][info ][gc,metaspace   ] GC(17) Metaspace: 9573K(9856K)->9573K(9856K) NonClass: 8676K(8832K)->8676K(8832K) Class: 896K(1024K)->896K(1024K)
[2026-08-03T01:15:44.454+0900][1.259s][debug][gc,heap        ] GC(17) Heap after GC invocations=18 (full 18):
[2026-08-03T01:15:44.454+0900][1.259s][debug][gc,heap        ] GC(17)  garbage-first heap   total 131072K, used 18068K [0x0000025ea8000000, 0x00000295a8000000)
[2026-08-03T01:15:44.454+0900][1.259s][debug][gc,heap        ] GC(17)   region size 32768K, 0 young (0K), 0 survivors (0K)
[2026-08-03T01:15:44.454+0900][1.259s][debug][gc,heap        ] GC(17)  Metaspace       used 9573K, committed 9856K, reserved 1114112K
[2026-08-03T01:15:44.454+0900][1.259s][debug][gc,heap        ] GC(17)   class space    used 896K, committed 1024K, reserved 1048576K
[2026-08-03T01:15:44.454+0900][1.259s][info ][gc             ] GC(17) Pause Full (System.gc()) 18M->17M(128M) 26.400ms
[2026-08-03T01:15:44.454+0900][1.259s][info ][gc,cpu         ] GC(17) User=0.03s Sys=0.00s Real=0.03s
[2026-08-03T01:15:44.454+0900][1.259s][info ][safepoint      ] Safepoint "G1CollectFull", Time since last: 3112500 ns, Reaching safepoint: 25399 ns, At safepoint: 26449901 ns, Total: 26475300 ns
[2026-08-03T01:15:44.457+0900][1.262s][info ][gc,start       ] GC(18) Pause Full (System.gc())
[2026-08-03T01:15:44.457+0900][1.262s][debug][gc,heap        ] GC(18) Heap before GC invocations=18 (full 18):
[2026-08-03T01:15:44.457+0900][1.262s][debug][gc,heap        ] GC(18)  garbage-first heap   total 131072K, used 18068K [0x0000025ea8000000, 0x00000295a8000000)
[2026-08-03T01:15:44.457+0900][1.262s][debug][gc,heap        ] GC(18)   region size 32768K, 1 young (32768K), 0 survivors (0K)
[2026-08-03T01:15:44.457+0900][1.262s][debug][gc,heap        ] GC(18)  Metaspace       used 9575K, committed 9856K, reserved 1114112K
[2026-08-03T01:15:44.457+0900][1.262s][debug][gc,heap        ] GC(18)   class space    used 896K, committed 1024K, reserved 1048576K
[2026-08-03T01:15:44.457+0900][1.262s][info ][gc,task        ] GC(18) Using 1 workers of 18 for full compaction
[2026-08-03T01:15:44.457+0900][1.262s][info ][gc,phases,start] GC(18) Phase 1: Mark live objects
[2026-08-03T01:15:44.471+0900][1.276s][info ][gc,phases      ] GC(18) Phase 1: Mark live objects 14.249ms
[2026-08-03T01:15:44.471+0900][1.276s][info ][gc,phases,start] GC(18) Phase 2: Prepare for compaction
[2026-08-03T01:15:44.474+0900][1.279s][info ][gc,phases      ] GC(18) Phase 2: Prepare for compaction 2.683ms
[2026-08-03T01:15:44.474+0900][1.279s][info ][gc,phases,start] GC(18) Phase 3: Adjust pointers
[2026-08-03T01:15:44.480+0900][1.285s][info ][gc,phases      ] GC(18) Phase 3: Adjust pointers 6.092ms
[2026-08-03T01:15:44.480+0900][1.285s][info ][gc,phases,start] GC(18) Phase 4: Compact heap
[2026-08-03T01:15:44.482+0900][1.288s][info ][gc,phases      ] GC(18) Phase 4: Compact heap 2.792ms
[2026-08-03T01:15:44.484+0900][1.289s][info ][gc,heap        ] GC(18) Eden regions: 1->0(1)
[2026-08-03T01:15:44.484+0900][1.289s][info ][gc,heap        ] GC(18) Survivor regions: 0->0(0)
[2026-08-03T01:15:44.484+0900][1.289s][info ][gc,heap        ] GC(18) Old regions: 1->1
[2026-08-03T01:15:44.484+0900][1.289s][info ][gc,heap        ] GC(18) Archive regions: 0->0
[2026-08-03T01:15:44.484+0900][1.289s][info ][gc,heap        ] GC(18) Humongous regions: 0->0
[2026-08-03T01:15:44.484+0900][1.289s][info ][gc,metaspace   ] GC(18) Metaspace: 9575K(9856K)->9575K(9856K) NonClass: 8679K(8832K)->8679K(8832K) Class: 896K(1024K)->896K(1024K)
[2026-08-03T01:15:44.484+0900][1.289s][debug][gc,heap        ] GC(18) Heap after GC invocations=19 (full 19):
[2026-08-03T01:15:44.484+0900][1.290s][debug][gc,heap        ] GC(18)  garbage-first heap   total 131072K, used 18083K [0x0000025ea8000000, 0x00000295a8000000)
[2026-08-03T01:15:44.484+0900][1.290s][debug][gc,heap        ] GC(18)   region size 32768K, 0 young (0K), 0 survivors (0K)
[2026-08-03T01:15:44.484+0900][1.290s][debug][gc,heap        ] GC(18)  Metaspace       used 9575K, committed 9856K, reserved 1114112K
[2026-08-03T01:15:44.484+0900][1.290s][debug][gc,heap        ] GC(18)   class space    used 896K, committed 1024K, reserved 1048576K
[2026-08-03T01:15:44.484+0900][1.290s][info ][gc             ] GC(18) Pause Full (System.gc()) 18M->17M(128M) 27.898ms
[2026-08-03T01:15:44.484+0900][1.290s][info ][gc,cpu         ] GC(18) User=0.03s Sys=0.00s Real=0.03s
[2026-08-03T01:15:44.484+0900][1.290s][info ][safepoint      ] Safepoint "G1CollectFull", Time since last: 2380900 ns, Reaching safepoint: 99099 ns, At safepoint: 27982801 ns, Total: 28081900 ns
[2026-08-03T01:15:44.486+0900][1.292s][info ][gc,start       ] GC(19) Pause Full (System.gc())
[2026-08-03T01:15:44.486+0900][1.292s][debug][gc,heap        ] GC(19) Heap before GC invocations=19 (full 19):
[2026-08-03T01:15:44.486+0900][1.292s][debug][gc,heap        ] GC(19)  garbage-first heap   total 131072K, used 18083K [0x0000025ea8000000, 0x00000295a8000000)
[2026-08-03T01:15:44.486+0900][1.292s][debug][gc,heap        ] GC(19)   region size 32768K, 1 young (32768K), 0 survivors (0K)
[2026-08-03T01:15:44.486+0900][1.292s][debug][gc,heap        ] GC(19)  Metaspace       used 9581K, committed 9856K, reserved 1114112K
[2026-08-03T01:15:44.486+0900][1.292s][debug][gc,heap        ] GC(19)   class space    used 896K, committed 1024K, reserved 1048576K
[2026-08-03T01:15:44.486+0900][1.292s][info ][gc,task        ] GC(19) Using 1 workers of 18 for full compaction
[2026-08-03T01:15:44.487+0900][1.292s][info ][gc,phases,start] GC(19) Phase 1: Mark live objects
[2026-08-03T01:15:44.500+0900][1.305s][info ][gc,phases      ] GC(19) Phase 1: Mark live objects 13.085ms
[2026-08-03T01:15:44.500+0900][1.305s][info ][gc,phases,start] GC(19) Phase 2: Prepare for compaction
[2026-08-03T01:15:44.503+0900][1.308s][info ][gc,phases      ] GC(19) Phase 2: Prepare for compaction 2.547ms
[2026-08-03T01:15:44.503+0900][1.308s][info ][gc,phases,start] GC(19) Phase 3: Adjust pointers
[2026-08-03T01:15:44.510+0900][1.315s][info ][gc,phases      ] GC(19) Phase 3: Adjust pointers 6.865ms
[2026-08-03T01:15:44.510+0900][1.315s][info ][gc,phases,start] GC(19) Phase 4: Compact heap
[2026-08-03T01:15:44.512+0900][1.317s][info ][gc,phases      ] GC(19) Phase 4: Compact heap 2.432ms
[2026-08-03T01:15:44.513+0900][1.319s][info ][gc,heap        ] GC(19) Eden regions: 1->0(1)
[2026-08-03T01:15:44.513+0900][1.319s][info ][gc,heap        ] GC(19) Survivor regions: 0->0(0)
[2026-08-03T01:15:44.513+0900][1.319s][info ][gc,heap        ] GC(19) Old regions: 1->1
[2026-08-03T01:15:44.513+0900][1.319s][info ][gc,heap        ] GC(19) Archive regions: 0->0
[2026-08-03T01:15:44.513+0900][1.319s][info ][gc,heap        ] GC(19) Humongous regions: 0->0
[2026-08-03T01:15:44.513+0900][1.319s][info ][gc,metaspace   ] GC(19) Metaspace: 9581K(9856K)->9581K(9856K) NonClass: 8685K(8832K)->8685K(8832K) Class: 896K(1024K)->896K(1024K)
[2026-08-03T01:15:44.513+0900][1.319s][debug][gc,heap        ] GC(19) Heap after GC invocations=20 (full 20):
[2026-08-03T01:15:44.514+0900][1.319s][debug][gc,heap        ] GC(19)  garbage-first heap   total 131072K, used 18097K [0x0000025ea8000000, 0x00000295a8000000)
[2026-08-03T01:15:44.514+0900][1.319s][debug][gc,heap        ] GC(19)   region size 32768K, 0 young (0K), 0 survivors (0K)
[2026-08-03T01:15:44.514+0900][1.319s][debug][gc,heap        ] GC(19)  Metaspace       used 9581K, committed 9856K, reserved 1114112K
[2026-08-03T01:15:44.514+0900][1.319s][debug][gc,heap        ] GC(19)   class space    used 896K, committed 1024K, reserved 1048576K
[2026-08-03T01:15:44.514+0900][1.319s][info ][gc             ] GC(19) Pause Full (System.gc()) 18M->17M(128M) 26.904ms
[2026-08-03T01:15:44.514+0900][1.319s][info ][gc,cpu         ] GC(19) User=0.03s Sys=0.00s Real=0.03s
[2026-08-03T01:15:44.514+0900][1.319s][info ][safepoint      ] Safepoint "G1CollectFull", Time since last: 2208399 ns, Reaching safepoint: 19100 ns, At safepoint: 27023401 ns, Total: 27042501 ns
[2026-08-03T01:15:44.516+0900][1.321s][info ][gc,start       ] GC(20) Pause Full (System.gc())
[2026-08-03T01:15:44.516+0900][1.321s][debug][gc,heap        ] GC(20) Heap before GC invocations=20 (full 20):
[2026-08-03T01:15:44.516+0900][1.321s][debug][gc,heap        ] GC(20)  garbage-first heap   total 131072K, used 18097K [0x0000025ea8000000, 0x00000295a8000000)
[2026-08-03T01:15:44.516+0900][1.321s][debug][gc,heap        ] GC(20)   region size 32768K, 1 young (32768K), 0 survivors (0K)
[2026-08-03T01:15:44.516+0900][1.321s][debug][gc,heap        ] GC(20)  Metaspace       used 9587K, committed 9856K, reserved 1114112K
[2026-08-03T01:15:44.516+0900][1.321s][debug][gc,heap        ] GC(20)   class space    used 896K, committed 1024K, reserved 1048576K
[2026-08-03T01:15:44.516+0900][1.321s][info ][gc,task        ] GC(20) Using 1 workers of 18 for full compaction
[2026-08-03T01:15:44.516+0900][1.321s][info ][gc,phases,start] GC(20) Phase 1: Mark live objects
[2026-08-03T01:15:44.532+0900][1.337s][info ][gc,phases      ] GC(20) Phase 1: Mark live objects 15.882ms
[2026-08-03T01:15:44.532+0900][1.337s][info ][gc,phases,start] GC(20) Phase 2: Prepare for compaction
[2026-08-03T01:15:44.535+0900][1.340s][info ][gc,phases      ] GC(20) Phase 2: Prepare for compaction 2.783ms
[2026-08-03T01:15:44.535+0900][1.340s][info ][gc,phases,start] GC(20) Phase 3: Adjust pointers
[2026-08-03T01:15:44.541+0900][1.346s][info ][gc,phases      ] GC(20) Phase 3: Adjust pointers 6.411ms
[2026-08-03T01:15:44.541+0900][1.346s][info ][gc,phases,start] GC(20) Phase 4: Compact heap
[2026-08-03T01:15:44.543+0900][1.349s][info ][gc,phases      ] GC(20) Phase 4: Compact heap 2.263ms
[2026-08-03T01:15:44.545+0900][1.350s][info ][gc,heap        ] GC(20) Eden regions: 1->0(1)
[2026-08-03T01:15:44.545+0900][1.350s][info ][gc,heap        ] GC(20) Survivor regions: 0->0(0)
[2026-08-03T01:15:44.545+0900][1.350s][info ][gc,heap        ] GC(20) Old regions: 1->1
[2026-08-03T01:15:44.545+0900][1.350s][info ][gc,heap        ] GC(20) Archive regions: 0->0
[2026-08-03T01:15:44.545+0900][1.350s][info ][gc,heap        ] GC(20) Humongous regions: 0->0
[2026-08-03T01:15:44.545+0900][1.350s][info ][gc,metaspace   ] GC(20) Metaspace: 9587K(9856K)->9587K(9856K) NonClass: 8690K(8832K)->8690K(8832K) Class: 896K(1024K)->896K(1024K)
[2026-08-03T01:15:44.545+0900][1.350s][debug][gc,heap        ] GC(20) Heap after GC invocations=21 (full 21):
[2026-08-03T01:15:44.545+0900][1.350s][debug][gc,heap        ] GC(20)  garbage-first heap   total 131072K, used 18110K [0x0000025ea8000000, 0x00000295a8000000)
[2026-08-03T01:15:44.545+0900][1.350s][debug][gc,heap        ] GC(20)   region size 32768K, 0 young (0K), 0 survivors (0K)
[2026-08-03T01:15:44.545+0900][1.350s][debug][gc,heap        ] GC(20)  Metaspace       used 9587K, committed 9856K, reserved 1114112K
[2026-08-03T01:15:44.545+0900][1.350s][debug][gc,heap        ] GC(20)   class space    used 896K, committed 1024K, reserved 1048576K
[2026-08-03T01:15:44.545+0900][1.351s][info ][gc             ] GC(20) Pause Full (System.gc()) 18M->17M(128M) 29.482ms
[2026-08-03T01:15:44.545+0900][1.351s][info ][gc,cpu         ] GC(20) User=0.05s Sys=0.02s Real=0.03s
[2026-08-03T01:15:44.545+0900][1.351s][info ][safepoint      ] Safepoint "G1CollectFull", Time since last: 2106100 ns, Reaching safepoint: 23100 ns, At safepoint: 29607300 ns, Total: 29630400 ns
[2026-08-03T01:15:44.548+0900][1.353s][info ][gc,start       ] GC(21) Pause Full (System.gc())
[2026-08-03T01:15:44.548+0900][1.353s][debug][gc,heap        ] GC(21) Heap before GC invocations=21 (full 21):
[2026-08-03T01:15:44.548+0900][1.353s][debug][gc,heap        ] GC(21)  garbage-first heap   total 131072K, used 18110K [0x0000025ea8000000, 0x00000295a8000000)
[2026-08-03T01:15:44.548+0900][1.353s][debug][gc,heap        ] GC(21)   region size 32768K, 1 young (32768K), 0 survivors (0K)
[2026-08-03T01:15:44.548+0900][1.353s][debug][gc,heap        ] GC(21)  Metaspace       used 9590K, committed 9856K, reserved 1114112K
[2026-08-03T01:15:44.548+0900][1.353s][debug][gc,heap        ] GC(21)   class space    used 896K, committed 1024K, reserved 1048576K
[2026-08-03T01:15:44.548+0900][1.353s][info ][gc,task        ] GC(21) Using 1 workers of 18 for full compaction
[2026-08-03T01:15:44.548+0900][1.353s][info ][gc,phases,start] GC(21) Phase 1: Mark live objects
[2026-08-03T01:15:44.563+0900][1.368s][info ][gc,phases      ] GC(21) Phase 1: Mark live objects 14.882ms
[2026-08-03T01:15:44.563+0900][1.368s][info ][gc,phases,start] GC(21) Phase 2: Prepare for compaction
[2026-08-03T01:15:44.566+0900][1.371s][info ][gc,phases      ] GC(21) Phase 2: Prepare for compaction 2.796ms
[2026-08-03T01:15:44.566+0900][1.371s][info ][gc,phases,start] GC(21) Phase 3: Adjust pointers
[2026-08-03T01:15:44.572+0900][1.377s][info ][gc,phases      ] GC(21) Phase 3: Adjust pointers 6.308ms
[2026-08-03T01:15:44.572+0900][1.377s][info ][gc,phases,start] GC(21) Phase 4: Compact heap
[2026-08-03T01:15:44.574+0900][1.379s][info ][gc,phases      ] GC(21) Phase 4: Compact heap 2.214ms
[2026-08-03T01:15:44.576+0900][1.381s][info ][gc,heap        ] GC(21) Eden regions: 1->0(1)
[2026-08-03T01:15:44.576+0900][1.381s][info ][gc,heap        ] GC(21) Survivor regions: 0->0(0)
[2026-08-03T01:15:44.576+0900][1.381s][info ][gc,heap        ] GC(21) Old regions: 1->1
[2026-08-03T01:15:44.576+0900][1.381s][info ][gc,heap        ] GC(21) Archive regions: 0->0
[2026-08-03T01:15:44.576+0900][1.381s][info ][gc,heap        ] GC(21) Humongous regions: 0->0
[2026-08-03T01:15:44.576+0900][1.381s][info ][gc,metaspace   ] GC(21) Metaspace: 9590K(9856K)->9590K(9856K) NonClass: 8693K(8832K)->8693K(8832K) Class: 896K(1024K)->896K(1024K)
[2026-08-03T01:15:44.576+0900][1.381s][debug][gc,heap        ] GC(21) Heap after GC invocations=22 (full 22):
[2026-08-03T01:15:44.576+0900][1.381s][debug][gc,heap        ] GC(21)  garbage-first heap   total 131072K, used 18124K [0x0000025ea8000000, 0x00000295a8000000)
[2026-08-03T01:15:44.576+0900][1.381s][debug][gc,heap        ] GC(21)   region size 32768K, 0 young (0K), 0 survivors (0K)
[2026-08-03T01:15:44.576+0900][1.381s][debug][gc,heap        ] GC(21)  Metaspace       used 9590K, committed 9856K, reserved 1114112K
[2026-08-03T01:15:44.576+0900][1.381s][debug][gc,heap        ] GC(21)   class space    used 896K, committed 1024K, reserved 1048576K
[2026-08-03T01:15:44.576+0900][1.381s][info ][gc             ] GC(21) Pause Full (System.gc()) 18M->17M(128M) 28.436ms
[2026-08-03T01:15:44.576+0900][1.381s][info ][gc,cpu         ] GC(21) User=0.05s Sys=0.03s Real=0.03s
[2026-08-03T01:15:44.576+0900][1.382s][info ][safepoint      ] Safepoint "G1CollectFull", Time since last: 2317000 ns, Reaching safepoint: 32700 ns, At safepoint: 28534799 ns, Total: 28567499 ns
[2026-08-03T01:15:44.579+0900][1.384s][info ][gc,start       ] GC(22) Pause Full (System.gc())
[2026-08-03T01:15:44.579+0900][1.384s][debug][gc,heap        ] GC(22) Heap before GC invocations=22 (full 22):
[2026-08-03T01:15:44.579+0900][1.384s][debug][gc,heap        ] GC(22)  garbage-first heap   total 131072K, used 18124K [0x0000025ea8000000, 0x00000295a8000000)
[2026-08-03T01:15:44.579+0900][1.384s][debug][gc,heap        ] GC(22)   region size 32768K, 1 young (32768K), 0 survivors (0K)
[2026-08-03T01:15:44.579+0900][1.384s][debug][gc,heap        ] GC(22)  Metaspace       used 9598K, committed 9920K, reserved 1114112K
[2026-08-03T01:15:44.579+0900][1.384s][debug][gc,heap        ] GC(22)   class space    used 896K, committed 1024K, reserved 1048576K
[2026-08-03T01:15:44.579+0900][1.384s][info ][gc,task        ] GC(22) Using 1 workers of 18 for full compaction
[2026-08-03T01:15:44.579+0900][1.384s][info ][gc,phases,start] GC(22) Phase 1: Mark live objects
[2026-08-03T01:15:44.595+0900][1.400s][info ][gc,phases      ] GC(22) Phase 1: Mark live objects 16.284ms
[2026-08-03T01:15:44.595+0900][1.400s][info ][gc,phases,start] GC(22) Phase 2: Prepare for compaction
[2026-08-03T01:15:44.598+0900][1.403s][info ][gc,phases      ] GC(22) Phase 2: Prepare for compaction 2.820ms
[2026-08-03T01:15:44.598+0900][1.403s][info ][gc,phases,start] GC(22) Phase 3: Adjust pointers
[2026-08-03T01:15:44.605+0900][1.410s][info ][gc,phases      ] GC(22) Phase 3: Adjust pointers 6.494ms
[2026-08-03T01:15:44.605+0900][1.410s][info ][gc,phases,start] GC(22) Phase 4: Compact heap
[2026-08-03T01:15:44.607+0900][1.412s][info ][gc,phases      ] GC(22) Phase 4: Compact heap 2.361ms
[2026-08-03T01:15:44.609+0900][1.414s][info ][gc,heap        ] GC(22) Eden regions: 1->0(1)
[2026-08-03T01:15:44.609+0900][1.414s][info ][gc,heap        ] GC(22) Survivor regions: 0->0(0)
[2026-08-03T01:15:44.609+0900][1.414s][info ][gc,heap        ] GC(22) Old regions: 1->1
[2026-08-03T01:15:44.609+0900][1.414s][info ][gc,heap        ] GC(22) Archive regions: 0->0
[2026-08-03T01:15:44.609+0900][1.414s][info ][gc,heap        ] GC(22) Humongous regions: 0->0
[2026-08-03T01:15:44.609+0900][1.414s][info ][gc,metaspace   ] GC(22) Metaspace: 9598K(9920K)->9598K(9920K) NonClass: 8701K(8896K)->8701K(8896K) Class: 896K(1024K)->896K(1024K)
[2026-08-03T01:15:44.609+0900][1.414s][debug][gc,heap        ] GC(22) Heap after GC invocations=23 (full 23):
[2026-08-03T01:15:44.609+0900][1.414s][debug][gc,heap        ] GC(22)  garbage-first heap   total 131072K, used 18137K [0x0000025ea8000000, 0x00000295a8000000)
[2026-08-03T01:15:44.609+0900][1.414s][debug][gc,heap        ] GC(22)   region size 32768K, 0 young (0K), 0 survivors (0K)
[2026-08-03T01:15:44.609+0900][1.414s][debug][gc,heap        ] GC(22)  Metaspace       used 9598K, committed 9920K, reserved 1114112K
[2026-08-03T01:15:44.609+0900][1.414s][debug][gc,heap        ] GC(22)   class space    used 896K, committed 1024K, reserved 1048576K
[2026-08-03T01:15:44.609+0900][1.414s][info ][gc             ] GC(22) Pause Full (System.gc()) 18M->17M(128M) 30.029ms
[2026-08-03T01:15:44.609+0900][1.414s][info ][gc,cpu         ] GC(22) User=0.03s Sys=0.03s Real=0.03s
[2026-08-03T01:15:44.609+0900][1.414s][info ][safepoint      ] Safepoint "G1CollectFull", Time since last: 2382601 ns, Reaching safepoint: 47700 ns, At safepoint: 30116400 ns, Total: 30164100 ns
[2026-08-03T01:15:44.611+0900][1.416s][info ][gc,start       ] GC(23) Pause Full (System.gc())
[2026-08-03T01:15:44.611+0900][1.416s][debug][gc,heap        ] GC(23) Heap before GC invocations=23 (full 23):
[2026-08-03T01:15:44.611+0900][1.416s][debug][gc,heap        ] GC(23)  garbage-first heap   total 131072K, used 18137K [0x0000025ea8000000, 0x00000295a8000000)
[2026-08-03T01:15:44.611+0900][1.417s][debug][gc,heap        ] GC(23)   region size 32768K, 1 young (32768K), 0 survivors (0K)
[2026-08-03T01:15:44.611+0900][1.417s][debug][gc,heap        ] GC(23)  Metaspace       used 9604K, committed 9920K, reserved 1114112K
[2026-08-03T01:15:44.611+0900][1.417s][debug][gc,heap        ] GC(23)   class space    used 896K, committed 1024K, reserved 1048576K
[2026-08-03T01:15:44.611+0900][1.417s][info ][gc,task        ] GC(23) Using 1 workers of 18 for full compaction
[2026-08-03T01:15:44.611+0900][1.417s][info ][gc,phases,start] GC(23) Phase 1: Mark live objects
[2026-08-03T01:15:44.626+0900][1.431s][info ][gc,phases      ] GC(23) Phase 1: Mark live objects 14.163ms
[2026-08-03T01:15:44.626+0900][1.431s][info ][gc,phases,start] GC(23) Phase 2: Prepare for compaction
[2026-08-03T01:15:44.628+0900][1.434s][info ][gc,phases      ] GC(23) Phase 2: Prepare for compaction 2.759ms
[2026-08-03T01:15:44.628+0900][1.434s][info ][gc,phases,start] GC(23) Phase 3: Adjust pointers
[2026-08-03T01:15:44.635+0900][1.440s][info ][gc,phases      ] GC(23) Phase 3: Adjust pointers 6.427ms
[2026-08-03T01:15:44.635+0900][1.440s][info ][gc,phases,start] GC(23) Phase 4: Compact heap
[2026-08-03T01:15:44.637+0900][1.442s][info ][gc,phases      ] GC(23) Phase 4: Compact heap 2.224ms
[2026-08-03T01:15:44.639+0900][1.444s][info ][gc,heap        ] GC(23) Eden regions: 1->0(1)
[2026-08-03T01:15:44.639+0900][1.444s][info ][gc,heap        ] GC(23) Survivor regions: 0->0(0)
[2026-08-03T01:15:44.639+0900][1.444s][info ][gc,heap        ] GC(23) Old regions: 1->1
[2026-08-03T01:15:44.639+0900][1.444s][info ][gc,heap        ] GC(23) Archive regions: 0->0
[2026-08-03T01:15:44.639+0900][1.444s][info ][gc,heap        ] GC(23) Humongous regions: 0->0
[2026-08-03T01:15:44.639+0900][1.444s][info ][gc,metaspace   ] GC(23) Metaspace: 9604K(9920K)->9604K(9920K) NonClass: 8708K(8896K)->8708K(8896K) Class: 896K(1024K)->896K(1024K)
[2026-08-03T01:15:44.639+0900][1.444s][debug][gc,heap        ] GC(23) Heap after GC invocations=24 (full 24):
[2026-08-03T01:15:44.639+0900][1.444s][debug][gc,heap        ] GC(23)  garbage-first heap   total 131072K, used 18150K [0x0000025ea8000000, 0x00000295a8000000)
[2026-08-03T01:15:44.639+0900][1.444s][debug][gc,heap        ] GC(23)   region size 32768K, 0 young (0K), 0 survivors (0K)
[2026-08-03T01:15:44.639+0900][1.444s][debug][gc,heap        ] GC(23)  Metaspace       used 9604K, committed 9920K, reserved 1114112K
[2026-08-03T01:15:44.639+0900][1.444s][debug][gc,heap        ] GC(23)   class space    used 896K, committed 1024K, reserved 1048576K
[2026-08-03T01:15:44.639+0900][1.444s][info ][gc             ] GC(23) Pause Full (System.gc()) 18M->17M(128M) 27.765ms
[2026-08-03T01:15:44.639+0900][1.444s][info ][gc,cpu         ] GC(23) User=0.03s Sys=0.03s Real=0.03s
[2026-08-03T01:15:44.639+0900][1.444s][info ][safepoint      ] Safepoint "G1CollectFull", Time since last: 2352400 ns, Reaching safepoint: 25600 ns, At safepoint: 27878300 ns, Total: 27903900 ns
[2026-08-03T01:15:44.641+0900][1.446s][info ][gc,start       ] GC(24) Pause Full (System.gc())
[2026-08-03T01:15:44.641+0900][1.446s][debug][gc,heap        ] GC(24) Heap before GC invocations=24 (full 24):
[2026-08-03T01:15:44.641+0900][1.446s][debug][gc,heap        ] GC(24)  garbage-first heap   total 131072K, used 18150K [0x0000025ea8000000, 0x00000295a8000000)
[2026-08-03T01:15:44.641+0900][1.446s][debug][gc,heap        ] GC(24)   region size 32768K, 1 young (32768K), 0 survivors (0K)
[2026-08-03T01:15:44.641+0900][1.446s][debug][gc,heap        ] GC(24)  Metaspace       used 9604K, committed 9920K, reserved 1114112K
[2026-08-03T01:15:44.641+0900][1.446s][debug][gc,heap        ] GC(24)   class space    used 896K, committed 1024K, reserved 1048576K
[2026-08-03T01:15:44.641+0900][1.447s][info ][gc,task        ] GC(24) Using 1 workers of 18 for full compaction
[2026-08-03T01:15:44.641+0900][1.447s][info ][gc,phases,start] GC(24) Phase 1: Mark live objects
[2026-08-03T01:15:44.657+0900][1.462s][info ][gc,phases      ] GC(24) Phase 1: Mark live objects 15.351ms
[2026-08-03T01:15:44.657+0900][1.462s][info ][gc,phases,start] GC(24) Phase 2: Prepare for compaction
[2026-08-03T01:15:44.660+0900][1.465s][info ][gc,phases      ] GC(24) Phase 2: Prepare for compaction 2.917ms
[2026-08-03T01:15:44.660+0900][1.465s][info ][gc,phases,start] GC(24) Phase 3: Adjust pointers
[2026-08-03T01:15:44.666+0900][1.472s][info ][gc,phases      ] GC(24) Phase 3: Adjust pointers 6.668ms
[2026-08-03T01:15:44.666+0900][1.472s][info ][gc,phases,start] GC(24) Phase 4: Compact heap
[2026-08-03T01:15:44.669+0900][1.474s][info ][gc,phases      ] GC(24) Phase 4: Compact heap 2.296ms
[2026-08-03T01:15:44.670+0900][1.476s][info ][gc,heap        ] GC(24) Eden regions: 1->0(1)
[2026-08-03T01:15:44.671+0900][1.476s][info ][gc,heap        ] GC(24) Survivor regions: 0->0(0)
[2026-08-03T01:15:44.671+0900][1.476s][info ][gc,heap        ] GC(24) Old regions: 1->1
[2026-08-03T01:15:44.671+0900][1.476s][info ][gc,heap        ] GC(24) Archive regions: 0->0
[2026-08-03T01:15:44.671+0900][1.476s][info ][gc,heap        ] GC(24) Humongous regions: 0->0
[2026-08-03T01:15:44.671+0900][1.476s][info ][gc,metaspace   ] GC(24) Metaspace: 9604K(9920K)->9604K(9920K) NonClass: 8708K(8896K)->8708K(8896K) Class: 896K(1024K)->896K(1024K)
[2026-08-03T01:15:44.671+0900][1.476s][debug][gc,heap        ] GC(24) Heap after GC invocations=25 (full 25):
[2026-08-03T01:15:44.671+0900][1.476s][debug][gc,heap        ] GC(24)  garbage-first heap   total 131072K, used 18164K [0x0000025ea8000000, 0x00000295a8000000)
[2026-08-03T01:15:44.671+0900][1.476s][debug][gc,heap        ] GC(24)   region size 32768K, 0 young (0K), 0 survivors (0K)
[2026-08-03T01:15:44.671+0900][1.476s][debug][gc,heap        ] GC(24)  Metaspace       used 9604K, committed 9920K, reserved 1114112K
[2026-08-03T01:15:44.671+0900][1.476s][debug][gc,heap        ] GC(24)   class space    used 896K, committed 1024K, reserved 1048576K
[2026-08-03T01:15:44.671+0900][1.476s][info ][gc             ] GC(24) Pause Full (System.gc()) 18M->17M(128M) 29.419ms
[2026-08-03T01:15:44.671+0900][1.476s][info ][gc,cpu         ] GC(24) User=0.05s Sys=0.02s Real=0.03s
[2026-08-03T01:15:44.671+0900][1.476s][info ][safepoint      ] Safepoint "G1CollectFull", Time since last: 2054300 ns, Reaching safepoint: 30000 ns, At safepoint: 29458600 ns, Total: 29488600 ns
[2026-08-03T01:15:44.673+0900][1.478s][info ][gc,start       ] GC(25) Pause Full (System.gc())
[2026-08-03T01:15:44.673+0900][1.478s][debug][gc,heap        ] GC(25) Heap before GC invocations=25 (full 25):
[2026-08-03T01:15:44.673+0900][1.478s][debug][gc,heap        ] GC(25)  garbage-first heap   total 131072K, used 18164K [0x0000025ea8000000, 0x00000295a8000000)
[2026-08-03T01:15:44.673+0900][1.478s][debug][gc,heap        ] GC(25)   region size 32768K, 1 young (32768K), 0 survivors (0K)
[2026-08-03T01:15:44.673+0900][1.478s][debug][gc,heap        ] GC(25)  Metaspace       used 9606K, committed 9920K, reserved 1114112K
[2026-08-03T01:15:44.673+0900][1.478s][debug][gc,heap        ] GC(25)   class space    used 896K, committed 1024K, reserved 1048576K
[2026-08-03T01:15:44.673+0900][1.478s][info ][gc,task        ] GC(25) Using 1 workers of 18 for full compaction
[2026-08-03T01:15:44.673+0900][1.478s][info ][gc,phases,start] GC(25) Phase 1: Mark live objects
[2026-08-03T01:15:44.687+0900][1.492s][info ][gc,phases      ] GC(25) Phase 1: Mark live objects 14.154ms
[2026-08-03T01:15:44.687+0900][1.492s][info ][gc,phases,start] GC(25) Phase 2: Prepare for compaction
[2026-08-03T01:15:44.690+0900][1.495s][info ][gc,phases      ] GC(25) Phase 2: Prepare for compaction 2.779ms
[2026-08-03T01:15:44.690+0900][1.495s][info ][gc,phases,start] GC(25) Phase 3: Adjust pointers
[2026-08-03T01:15:44.697+0900][1.502s][info ][gc,phases      ] GC(25) Phase 3: Adjust pointers 6.439ms
[2026-08-03T01:15:44.697+0900][1.502s][info ][gc,phases,start] GC(25) Phase 4: Compact heap
[2026-08-03T01:15:44.699+0900][1.504s][info ][gc,phases      ] GC(25) Phase 4: Compact heap 2.246ms
[2026-08-03T01:15:44.701+0900][1.506s][info ][gc,heap        ] GC(25) Eden regions: 1->0(1)
[2026-08-03T01:15:44.701+0900][1.506s][info ][gc,heap        ] GC(25) Survivor regions: 0->0(0)
[2026-08-03T01:15:44.701+0900][1.506s][info ][gc,heap        ] GC(25) Old regions: 1->1
[2026-08-03T01:15:44.701+0900][1.506s][info ][gc,heap        ] GC(25) Archive regions: 0->0
[2026-08-03T01:15:44.701+0900][1.506s][info ][gc,heap        ] GC(25) Humongous regions: 0->0
[2026-08-03T01:15:44.701+0900][1.506s][info ][gc,metaspace   ] GC(25) Metaspace: 9606K(9920K)->9606K(9920K) NonClass: 8710K(8896K)->8710K(8896K) Class: 896K(1024K)->896K(1024K)
[2026-08-03T01:15:44.701+0900][1.506s][debug][gc,heap        ] GC(25) Heap after GC invocations=26 (full 26):
[2026-08-03T01:15:44.701+0900][1.506s][debug][gc,heap        ] GC(25)  garbage-first heap   total 131072K, used 18178K [0x0000025ea8000000, 0x00000295a8000000)
[2026-08-03T01:15:44.701+0900][1.506s][debug][gc,heap        ] GC(25)   region size 32768K, 0 young (0K), 0 survivors (0K)
[2026-08-03T01:15:44.701+0900][1.506s][debug][gc,heap        ] GC(25)  Metaspace       used 9606K, committed 9920K, reserved 1114112K
[2026-08-03T01:15:44.701+0900][1.506s][debug][gc,heap        ] GC(25)   class space    used 896K, committed 1024K, reserved 1048576K
[2026-08-03T01:15:44.701+0900][1.506s][info ][gc             ] GC(25) Pause Full (System.gc()) 18M->17M(128M) 27.811ms
[2026-08-03T01:15:44.701+0900][1.506s][info ][gc,cpu         ] GC(25) User=0.03s Sys=0.03s Real=0.03s
[2026-08-03T01:15:44.701+0900][1.506s][info ][safepoint      ] Safepoint "G1CollectFull", Time since last: 2221900 ns, Reaching safepoint: 18899 ns, At safepoint: 27927301 ns, Total: 27946200 ns
[2026-08-03T01:15:44.703+0900][1.508s][info ][gc,start       ] GC(26) Pause Full (System.gc())
[2026-08-03T01:15:44.703+0900][1.508s][debug][gc,heap        ] GC(26) Heap before GC invocations=26 (full 26):
[2026-08-03T01:15:44.703+0900][1.508s][debug][gc,heap        ] GC(26)  garbage-first heap   total 131072K, used 18178K [0x0000025ea8000000, 0x00000295a8000000)
[2026-08-03T01:15:44.703+0900][1.508s][debug][gc,heap        ] GC(26)   region size 32768K, 1 young (32768K), 0 survivors (0K)
[2026-08-03T01:15:44.703+0900][1.508s][debug][gc,heap        ] GC(26)  Metaspace       used 9608K, committed 9920K, reserved 1114112K
[2026-08-03T01:15:44.703+0900][1.509s][debug][gc,heap        ] GC(26)   class space    used 896K, committed 1024K, reserved 1048576K
[2026-08-03T01:15:44.703+0900][1.509s][info ][gc,task        ] GC(26) Using 1 workers of 18 for full compaction
[2026-08-03T01:15:44.703+0900][1.509s][info ][gc,phases,start] GC(26) Phase 1: Mark live objects
[2026-08-03T01:15:44.720+0900][1.525s][info ][gc,phases      ] GC(26) Phase 1: Mark live objects 16.316ms
[2026-08-03T01:15:44.720+0900][1.525s][info ][gc,phases,start] GC(26) Phase 2: Prepare for compaction
[2026-08-03T01:15:44.723+0900][1.528s][info ][gc,phases      ] GC(26) Phase 2: Prepare for compaction 3.368ms
[2026-08-03T01:15:44.723+0900][1.528s][info ][gc,phases,start] GC(26) Phase 3: Adjust pointers
[2026-08-03T01:15:44.731+0900][1.536s][info ][gc,phases      ] GC(26) Phase 3: Adjust pointers 7.369ms
[2026-08-03T01:15:44.731+0900][1.536s][info ][gc,phases,start] GC(26) Phase 4: Compact heap
[2026-08-03T01:15:44.733+0900][1.539s][info ][gc,phases      ] GC(26) Phase 4: Compact heap 2.716ms
[2026-08-03T01:15:44.735+0900][1.540s][info ][gc,heap        ] GC(26) Eden regions: 1->0(1)
[2026-08-03T01:15:44.735+0900][1.540s][info ][gc,heap        ] GC(26) Survivor regions: 0->0(0)
[2026-08-03T01:15:44.735+0900][1.540s][info ][gc,heap        ] GC(26) Old regions: 1->1
[2026-08-03T01:15:44.735+0900][1.540s][info ][gc,heap        ] GC(26) Archive regions: 0->0
[2026-08-03T01:15:44.735+0900][1.540s][info ][gc,heap        ] GC(26) Humongous regions: 0->0
[2026-08-03T01:15:44.735+0900][1.540s][info ][gc,metaspace   ] GC(26) Metaspace: 9608K(9920K)->9608K(9920K) NonClass: 8712K(8896K)->8712K(8896K) Class: 896K(1024K)->896K(1024K)
[2026-08-03T01:15:44.735+0900][1.540s][debug][gc,heap        ] GC(26) Heap after GC invocations=27 (full 27):
[2026-08-03T01:15:44.735+0900][1.540s][debug][gc,heap        ] GC(26)  garbage-first heap   total 131072K, used 18191K [0x0000025ea8000000, 0x00000295a8000000)
[2026-08-03T01:15:44.735+0900][1.540s][debug][gc,heap        ] GC(26)   region size 32768K, 0 young (0K), 0 survivors (0K)
[2026-08-03T01:15:44.735+0900][1.540s][debug][gc,heap        ] GC(26)  Metaspace       used 9608K, committed 9920K, reserved 1114112K
[2026-08-03T01:15:44.735+0900][1.540s][debug][gc,heap        ] GC(26)   class space    used 896K, committed 1024K, reserved 1048576K
[2026-08-03T01:15:44.735+0900][1.540s][info ][gc             ] GC(26) Pause Full (System.gc()) 18M->17M(128M) 31.999ms
[2026-08-03T01:15:44.735+0900][1.540s][info ][gc,cpu         ] GC(26) User=0.03s Sys=0.03s Real=0.03s
[2026-08-03T01:15:44.735+0900][1.541s][info ][safepoint      ] Safepoint "G1CollectFull", Time since last: 2379900 ns, Reaching safepoint: 25399 ns, At safepoint: 32085701 ns, Total: 32111100 ns
[2026-08-03T01:15:44.737+0900][1.543s][info ][gc,start       ] GC(27) Pause Full (System.gc())
[2026-08-03T01:15:44.738+0900][1.543s][debug][gc,heap        ] GC(27) Heap before GC invocations=27 (full 27):
[2026-08-03T01:15:44.738+0900][1.543s][debug][gc,heap        ] GC(27)  garbage-first heap   total 131072K, used 18191K [0x0000025ea8000000, 0x00000295a8000000)
[2026-08-03T01:15:44.738+0900][1.543s][debug][gc,heap        ] GC(27)   region size 32768K, 1 young (32768K), 0 survivors (0K)
[2026-08-03T01:15:44.738+0900][1.543s][debug][gc,heap        ] GC(27)  Metaspace       used 9609K, committed 9920K, reserved 1114112K
[2026-08-03T01:15:44.738+0900][1.543s][debug][gc,heap        ] GC(27)   class space    used 896K, committed 1024K, reserved 1048576K
[2026-08-03T01:15:44.738+0900][1.543s][info ][gc,task        ] GC(27) Using 1 workers of 18 for full compaction
[2026-08-03T01:15:44.738+0900][1.543s][info ][gc,phases,start] GC(27) Phase 1: Mark live objects
[2026-08-03T01:15:44.752+0900][1.557s][info ][gc,phases      ] GC(27) Phase 1: Mark live objects 14.132ms
[2026-08-03T01:15:44.752+0900][1.557s][info ][gc,phases,start] GC(27) Phase 2: Prepare for compaction
[2026-08-03T01:15:44.755+0900][1.560s][info ][gc,phases      ] GC(27) Phase 2: Prepare for compaction 2.736ms
[2026-08-03T01:15:44.755+0900][1.560s][info ][gc,phases,start] GC(27) Phase 3: Adjust pointers
[2026-08-03T01:15:44.761+0900][1.566s][info ][gc,phases      ] GC(27) Phase 3: Adjust pointers 6.507ms
[2026-08-03T01:15:44.761+0900][1.566s][info ][gc,phases,start] GC(27) Phase 4: Compact heap
[2026-08-03T01:15:44.764+0900][1.569s][info ][gc,phases      ] GC(27) Phase 4: Compact heap 2.542ms
[2026-08-03T01:15:44.765+0900][1.571s][info ][gc,heap        ] GC(27) Eden regions: 1->0(1)
[2026-08-03T01:15:44.765+0900][1.571s][info ][gc,heap        ] GC(27) Survivor regions: 0->0(0)
[2026-08-03T01:15:44.765+0900][1.571s][info ][gc,heap        ] GC(27) Old regions: 1->1
[2026-08-03T01:15:44.765+0900][1.571s][info ][gc,heap        ] GC(27) Archive regions: 0->0
[2026-08-03T01:15:44.766+0900][1.571s][info ][gc,heap        ] GC(27) Humongous regions: 0->0
[2026-08-03T01:15:44.766+0900][1.571s][info ][gc,metaspace   ] GC(27) Metaspace: 9609K(9920K)->9609K(9920K) NonClass: 8712K(8896K)->8712K(8896K) Class: 896K(1024K)->896K(1024K)
[2026-08-03T01:15:44.766+0900][1.571s][debug][gc,heap        ] GC(27) Heap after GC invocations=28 (full 28):
[2026-08-03T01:15:44.766+0900][1.571s][debug][gc,heap        ] GC(27)  garbage-first heap   total 131072K, used 18209K [0x0000025ea8000000, 0x00000295a8000000)
[2026-08-03T01:15:44.766+0900][1.571s][debug][gc,heap        ] GC(27)   region size 32768K, 0 young (0K), 0 survivors (0K)
[2026-08-03T01:15:44.766+0900][1.571s][debug][gc,heap        ] GC(27)  Metaspace       used 9609K, committed 9920K, reserved 1114112K
[2026-08-03T01:15:44.766+0900][1.571s][debug][gc,heap        ] GC(27)   class space    used 896K, committed 1024K, reserved 1048576K
[2026-08-03T01:15:44.766+0900][1.571s][info ][gc             ] GC(27) Pause Full (System.gc()) 18M->17M(128M) 28.104ms
[2026-08-03T01:15:44.766+0900][1.571s][info ][gc,cpu         ] GC(27) User=0.03s Sys=0.03s Real=0.03s
[2026-08-03T01:15:44.766+0900][1.571s][info ][safepoint      ] Safepoint "G1CollectFull", Time since last: 2123200 ns, Reaching safepoint: 28700 ns, At safepoint: 28152200 ns, Total: 28180900 ns
[2026-08-03T01:15:44.780+0900][1.585s][info ][gc,start       ] GC(28) Pause Full (System.gc())
[2026-08-03T01:15:44.780+0900][1.585s][debug][gc,heap        ] GC(28) Heap before GC invocations=28 (full 28):
[2026-08-03T01:15:44.780+0900][1.585s][debug][gc,heap        ] GC(28)  garbage-first heap   total 131072K, used 18209K [0x0000025ea8000000, 0x00000295a8000000)
[2026-08-03T01:15:44.780+0900][1.585s][debug][gc,heap        ] GC(28)   region size 32768K, 1 young (32768K), 0 survivors (0K)
[2026-08-03T01:15:44.780+0900][1.585s][debug][gc,heap        ] GC(28)  Metaspace       used 9647K, committed 9920K, reserved 1114112K
[2026-08-03T01:15:44.780+0900][1.585s][debug][gc,heap        ] GC(28)   class space    used 900K, committed 1024K, reserved 1048576K
[2026-08-03T01:15:44.780+0900][1.585s][info ][gc,task        ] GC(28) Using 1 workers of 18 for full compaction
[2026-08-03T01:15:44.780+0900][1.586s][info ][gc,phases,start] GC(28) Phase 1: Mark live objects
[2026-08-03T01:15:44.799+0900][1.604s][info ][gc,phases      ] GC(28) Phase 1: Mark live objects 18.847ms
[2026-08-03T01:15:44.799+0900][1.604s][info ][gc,phases,start] GC(28) Phase 2: Prepare for compaction
[2026-08-03T01:15:44.803+0900][1.608s][info ][gc,phases      ] GC(28) Phase 2: Prepare for compaction 3.384ms
[2026-08-03T01:15:44.803+0900][1.608s][info ][gc,phases,start] GC(28) Phase 3: Adjust pointers
[2026-08-03T01:15:44.811+0900][1.616s][info ][gc,phases      ] GC(28) Phase 3: Adjust pointers 8.442ms
[2026-08-03T01:15:44.811+0900][1.616s][info ][gc,phases,start] GC(28) Phase 4: Compact heap
[2026-08-03T01:15:44.815+0900][1.620s][info ][gc,phases      ] GC(28) Phase 4: Compact heap 4.022ms
[2026-08-03T01:15:44.817+0900][1.622s][info ][gc,heap        ] GC(28) Eden regions: 1->0(1)
[2026-08-03T01:15:44.817+0900][1.622s][info ][gc,heap        ] GC(28) Survivor regions: 0->0(0)
[2026-08-03T01:15:44.817+0900][1.622s][info ][gc,heap        ] GC(28) Old regions: 1->1
[2026-08-03T01:15:44.817+0900][1.622s][info ][gc,heap        ] GC(28) Archive regions: 0->0
[2026-08-03T01:15:44.817+0900][1.623s][info ][gc,heap        ] GC(28) Humongous regions: 0->0
[2026-08-03T01:15:44.817+0900][1.623s][info ][gc,metaspace   ] GC(28) Metaspace: 9647K(9920K)->9647K(9920K) NonClass: 8746K(8896K)->8746K(8896K) Class: 900K(1024K)->900K(1024K)
[2026-08-03T01:15:44.817+0900][1.623s][debug][gc,heap        ] GC(28) Heap after GC invocations=29 (full 29):
[2026-08-03T01:15:44.817+0900][1.623s][debug][gc,heap        ] GC(28)  garbage-first heap   total 131072K, used 20824K [0x0000025ea8000000, 0x00000295a8000000)
[2026-08-03T01:15:44.817+0900][1.623s][debug][gc,heap        ] GC(28)   region size 32768K, 0 young (0K), 0 survivors (0K)
[2026-08-03T01:15:44.817+0900][1.623s][debug][gc,heap        ] GC(28)  Metaspace       used 9647K, committed 9920K, reserved 1114112K
[2026-08-03T01:15:44.817+0900][1.623s][debug][gc,heap        ] GC(28)   class space    used 900K, committed 1024K, reserved 1048576K
[2026-08-03T01:15:44.817+0900][1.623s][info ][gc             ] GC(28) Pause Full (System.gc()) 23M->20M(128M) 37.241ms
[2026-08-03T01:15:44.817+0900][1.623s][info ][gc,cpu         ] GC(28) User=0.03s Sys=0.03s Real=0.04s
[2026-08-03T01:15:44.817+0900][1.623s][info ][safepoint      ] Safepoint "G1CollectFull", Time since last: 14520500 ns, Reaching safepoint: 28600 ns, At safepoint: 37295600 ns, Total: 37324200 ns
[2026-08-03T01:15:44.888+0900][1.693s][info ][gc,start       ] GC(29) Pause Young (Normal) (G1 Evacuation Pause)
[2026-08-03T01:15:44.888+0900][1.693s][debug][gc,heap        ] GC(29) Heap before GC invocations=29 (full 29):
[2026-08-03T01:15:44.888+0900][1.693s][debug][gc,heap        ] GC(29)  garbage-first heap   total 131072K, used 53592K [0x0000025ea8000000, 0x00000295a8000000)
[2026-08-03T01:15:44.888+0900][1.693s][debug][gc,heap        ] GC(29)   region size 32768K, 1 young (32768K), 0 survivors (0K)
[2026-08-03T01:15:44.888+0900][1.693s][debug][gc,heap        ] GC(29)  Metaspace       used 9658K, committed 9920K, reserved 1114112K
[2026-08-03T01:15:44.888+0900][1.693s][debug][gc,heap        ] GC(29)   class space    used 901K, committed 1024K, reserved 1048576K
[2026-08-03T01:15:44.888+0900][1.693s][info ][gc,task        ] GC(29) Using 3 workers of 18 for evacuation
[2026-08-03T01:15:44.902+0900][1.707s][info ][gc,phases      ] GC(29)   Pre Evacuate Collection Set: 0.0ms
[2026-08-03T01:15:44.902+0900][1.707s][info ][gc,phases      ] GC(29)   Merge Heap Roots: 0.4ms
[2026-08-03T01:15:44.902+0900][1.707s][info ][gc,phases      ] GC(29)   Evacuate Collection Set: 12.7ms
[2026-08-03T01:15:44.902+0900][1.707s][info ][gc,phases      ] GC(29)   Post Evacuate Collection Set: 0.2ms
[2026-08-03T01:15:44.902+0900][1.707s][info ][gc,phases      ] GC(29)   Other: 0.1ms
[2026-08-03T01:15:44.902+0900][1.707s][info ][gc,heap        ] GC(29) Eden regions: 1->0(1)
[2026-08-03T01:15:44.902+0900][1.707s][info ][gc,heap        ] GC(29) Survivor regions: 0->1(1)
[2026-08-03T01:15:44.902+0900][1.707s][info ][gc,heap        ] GC(29) Old regions: 1->1
[2026-08-03T01:15:44.902+0900][1.707s][info ][gc,heap        ] GC(29) Archive regions: 0->0
[2026-08-03T01:15:44.902+0900][1.707s][info ][gc,heap        ] GC(29) Humongous regions: 0->0
[2026-08-03T01:15:44.902+0900][1.707s][info ][gc,metaspace   ] GC(29) Metaspace: 9658K(9920K)->9658K(9920K) NonClass: 8757K(8896K)->8757K(8896K) Class: 901K(1024K)->901K(1024K)
[2026-08-03T01:15:44.902+0900][1.707s][debug][gc,heap        ] GC(29) Heap after GC invocations=30 (full 29):
[2026-08-03T01:15:44.902+0900][1.707s][debug][gc,heap        ] GC(29)  garbage-first heap   total 131072K, used 37061K [0x0000025ea8000000, 0x00000295a8000000)
[2026-08-03T01:15:44.902+0900][1.707s][debug][gc,heap        ] GC(29)   region size 32768K, 1 young (32768K), 1 survivors (32768K)
[2026-08-03T01:15:44.902+0900][1.707s][debug][gc,heap        ] GC(29)  Metaspace       used 9658K, committed 9920K, reserved 1114112K
[2026-08-03T01:15:44.902+0900][1.707s][debug][gc,heap        ] GC(29)   class space    used 901K, committed 1024K, reserved 1048576K
[2026-08-03T01:15:44.902+0900][1.707s][info ][gc             ] GC(29) Pause Young (Normal) (G1 Evacuation Pause) 52M->36M(128M) 13.817ms
[2026-08-03T01:15:44.902+0900][1.707s][info ][gc,cpu         ] GC(29) User=0.00s Sys=0.00s Real=0.01s
[2026-08-03T01:15:44.902+0900][1.707s][info ][safepoint      ] Safepoint "G1CollectForAllocation", Time since last: 70414099 ns, Reaching safepoint: 35501 ns, At safepoint: 13883200 ns, Total: 13918701 ns
[2026-08-03T01:15:44.955+0900][1.760s][info ][gc,start       ] GC(30) Pause Young (Normal) (G1 Evacuation Pause)
[2026-08-03T01:15:44.955+0900][1.760s][debug][gc,heap        ] GC(30) Heap before GC invocations=30 (full 29):
[2026-08-03T01:15:44.955+0900][1.760s][debug][gc,heap        ] GC(30)  garbage-first heap   total 131072K, used 69829K [0x0000025ea8000000, 0x00000295a8000000)
[2026-08-03T01:15:44.955+0900][1.760s][debug][gc,heap        ] GC(30)   region size 32768K, 2 young (65536K), 1 survivors (32768K)
[2026-08-03T01:15:44.955+0900][1.760s][debug][gc,heap        ] GC(30)  Metaspace       used 9659K, committed 9920K, reserved 1114112K
[2026-08-03T01:15:44.955+0900][1.760s][debug][gc,heap        ] GC(30)   class space    used 901K, committed 1024K, reserved 1048576K
[2026-08-03T01:15:44.955+0900][1.760s][info ][gc,task        ] GC(30) Using 3 workers of 18 for evacuation
[2026-08-03T01:15:44.976+0900][1.781s][info ][gc,phases      ] GC(30)   Pre Evacuate Collection Set: 0.0ms
[2026-08-03T01:15:44.976+0900][1.781s][info ][gc,phases      ] GC(30)   Merge Heap Roots: 0.1ms
[2026-08-03T01:15:44.976+0900][1.781s][info ][gc,phases      ] GC(30)   Evacuate Collection Set: 20.5ms
[2026-08-03T01:15:44.976+0900][1.781s][info ][gc,phases      ] GC(30)   Post Evacuate Collection Set: 0.2ms
[2026-08-03T01:15:44.976+0900][1.781s][info ][gc,phases      ] GC(30)   Other: 0.1ms
[2026-08-03T01:15:44.976+0900][1.781s][info ][gc,heap        ] GC(30) Eden regions: 1->0(1)
[2026-08-03T01:15:44.976+0900][1.781s][info ][gc,heap        ] GC(30) Survivor regions: 1->1(1)
[2026-08-03T01:15:44.976+0900][1.782s][info ][gc,heap        ] GC(30) Old regions: 1->1
[2026-08-03T01:15:44.976+0900][1.782s][info ][gc,heap        ] GC(30) Archive regions: 0->0
[2026-08-03T01:15:44.976+0900][1.782s][info ][gc,heap        ] GC(30) Humongous regions: 0->0
[2026-08-03T01:15:44.976+0900][1.782s][info ][gc,metaspace   ] GC(30) Metaspace: 9659K(9920K)->9659K(9920K) NonClass: 8757K(8896K)->8757K(8896K) Class: 901K(1024K)->901K(1024K)
[2026-08-03T01:15:44.976+0900][1.782s][debug][gc,heap        ] GC(30) Heap after GC invocations=31 (full 29):
[2026-08-03T01:15:44.976+0900][1.782s][debug][gc,heap        ] GC(30)  garbage-first heap   total 131072K, used 52326K [0x0000025ea8000000, 0x00000295a8000000)
[2026-08-03T01:15:44.976+0900][1.782s][debug][gc,heap        ] GC(30)   region size 32768K, 1 young (32768K), 1 survivors (32768K)
[2026-08-03T01:15:44.976+0900][1.782s][debug][gc,heap        ] GC(30)  Metaspace       used 9659K, committed 9920K, reserved 1114112K
[2026-08-03T01:15:44.976+0900][1.782s][debug][gc,heap        ] GC(30)   class space    used 901K, committed 1024K, reserved 1048576K
[2026-08-03T01:15:44.976+0900][1.782s][info ][gc             ] GC(30) Pause Young (Normal) (G1 Evacuation Pause) 68M->51M(128M) 21.288ms
[2026-08-03T01:15:44.976+0900][1.782s][info ][gc,cpu         ] GC(30) User=0.06s Sys=0.00s Real=0.02s
[2026-08-03T01:15:44.976+0900][1.782s][info ][safepoint      ] Safepoint "G1CollectForAllocation", Time since last: 53272300 ns, Reaching safepoint: 33199 ns, At safepoint: 21351101 ns, Total: 21384300 ns
[2026-08-03T01:15:44.998+0900][1.804s][info ][gc,start       ] GC(31) Pause Young (Normal) (G1 Evacuation Pause)
[2026-08-03T01:15:44.998+0900][1.804s][debug][gc,heap        ] GC(31) Heap before GC invocations=31 (full 29):
[2026-08-03T01:15:44.998+0900][1.804s][debug][gc,heap        ] GC(31)  garbage-first heap   total 131072K, used 85094K [0x0000025ea8000000, 0x00000295a8000000)
[2026-08-03T01:15:44.998+0900][1.804s][debug][gc,heap        ] GC(31)   region size 32768K, 2 young (65536K), 1 survivors (32768K)
[2026-08-03T01:15:44.998+0900][1.804s][debug][gc,heap        ] GC(31)  Metaspace       used 9661K, committed 9920K, reserved 1114112K
[2026-08-03T01:15:44.998+0900][1.804s][debug][gc,heap        ] GC(31)   class space    used 901K, committed 1024K, reserved 1048576K
[2026-08-03T01:15:44.999+0900][1.804s][info ][gc,task        ] GC(31) Using 3 workers of 18 for evacuation
[2026-08-03T01:15:45.024+0900][1.830s][info ][gc,phases      ] GC(31)   Pre Evacuate Collection Set: 0.0ms
[2026-08-03T01:15:45.024+0900][1.830s][info ][gc,phases      ] GC(31)   Merge Heap Roots: 0.1ms
[2026-08-03T01:15:45.024+0900][1.830s][info ][gc,phases      ] GC(31)   Evacuate Collection Set: 25.3ms
[2026-08-03T01:15:45.024+0900][1.830s][info ][gc,phases      ] GC(31)   Post Evacuate Collection Set: 0.2ms
[2026-08-03T01:15:45.024+0900][1.830s][info ][gc,phases      ] GC(31)   Other: 0.2ms
[2026-08-03T01:15:45.025+0900][1.830s][info ][gc,heap        ] GC(31) Eden regions: 1->0(1)
[2026-08-03T01:15:45.025+0900][1.830s][info ][gc,heap        ] GC(31) Survivor regions: 1->1(1)
[2026-08-03T01:15:45.025+0900][1.830s][info ][gc,heap        ] GC(31) Old regions: 1->2
[2026-08-03T01:15:45.025+0900][1.830s][info ][gc,heap        ] GC(31) Archive regions: 0->0
[2026-08-03T01:15:45.025+0900][1.830s][info ][gc,heap        ] GC(31) Humongous regions: 0->0
[2026-08-03T01:15:45.025+0900][1.830s][info ][gc,metaspace   ] GC(31) Metaspace: 9661K(9920K)->9661K(9920K) NonClass: 8760K(8896K)->8760K(8896K) Class: 901K(1024K)->901K(1024K)
[2026-08-03T01:15:45.025+0900][1.830s][debug][gc,heap        ] GC(31) Heap after GC invocations=32 (full 29):
[2026-08-03T01:15:45.025+0900][1.830s][debug][gc,heap        ] GC(31)  garbage-first heap   total 163840K, used 70149K [0x0000025ea8000000, 0x00000295a8000000)
[2026-08-03T01:15:45.025+0900][1.830s][debug][gc,heap        ] GC(31)   region size 32768K, 1 young (32768K), 1 survivors (32768K)
[2026-08-03T01:15:45.025+0900][1.830s][debug][gc,heap        ] GC(31)  Metaspace       used 9661K, committed 9920K, reserved 1114112K
[2026-08-03T01:15:45.025+0900][1.830s][debug][gc,heap        ] GC(31)   class space    used 901K, committed 1024K, reserved 1048576K
[2026-08-03T01:15:45.025+0900][1.830s][info ][gc             ] GC(31) Pause Young (Normal) (G1 Evacuation Pause) 83M->68M(160M) 26.260ms
[2026-08-03T01:15:45.025+0900][1.830s][info ][gc,cpu         ] GC(31) User=0.03s Sys=0.03s Real=0.03s
[2026-08-03T01:15:45.025+0900][1.830s][info ][safepoint      ] Safepoint "G1CollectForAllocation", Time since last: 21580400 ns, Reaching safepoint: 306500 ns, At safepoint: 26323600 ns, Total: 26630100 ns
[2026-08-03T01:15:45.075+0900][1.880s][info ][gc,start       ] GC(32) Pause Young (Normal) (G1 Evacuation Pause)
[2026-08-03T01:15:45.075+0900][1.880s][debug][gc,heap        ] GC(32) Heap before GC invocations=32 (full 29):
[2026-08-03T01:15:45.075+0900][1.880s][debug][gc,heap        ] GC(32)  garbage-first heap   total 163840K, used 102917K [0x0000025ea8000000, 0x00000295a8000000)
[2026-08-03T01:15:45.075+0900][1.880s][debug][gc,heap        ] GC(32)   region size 32768K, 2 young (65536K), 1 survivors (32768K)
[2026-08-03T01:15:45.075+0900][1.880s][debug][gc,heap        ] GC(32)  Metaspace       used 9684K, committed 9984K, reserved 1114112K
[2026-08-03T01:15:45.075+0900][1.880s][debug][gc,heap        ] GC(32)   class space    used 901K, committed 1024K, reserved 1048576K
[2026-08-03T01:15:45.075+0900][1.880s][info ][gc,task        ] GC(32) Using 3 workers of 18 for evacuation
[2026-08-03T01:15:45.108+0900][1.913s][info ][gc,phases      ] GC(32)   Pre Evacuate Collection Set: 0.1ms
[2026-08-03T01:15:45.108+0900][1.913s][info ][gc,phases      ] GC(32)   Merge Heap Roots: 0.1ms
[2026-08-03T01:15:45.108+0900][1.913s][info ][gc,phases      ] GC(32)   Evacuate Collection Set: 30.0ms
[2026-08-03T01:15:45.108+0900][1.913s][info ][gc,phases      ] GC(32)   Post Evacuate Collection Set: 2.5ms
[2026-08-03T01:15:45.108+0900][1.913s][info ][gc,phases      ] GC(32)   Other: 0.1ms
[2026-08-03T01:15:45.108+0900][1.913s][info ][gc,heap        ] GC(32) Eden regions: 1->0(1)
[2026-08-03T01:15:45.108+0900][1.913s][info ][gc,heap        ] GC(32) Survivor regions: 1->1(1)
[2026-08-03T01:15:45.108+0900][1.913s][info ][gc,heap        ] GC(32) Old regions: 2->3
[2026-08-03T01:15:45.108+0900][1.913s][info ][gc,heap        ] GC(32) Archive regions: 0->0
[2026-08-03T01:15:45.108+0900][1.913s][info ][gc,heap        ] GC(32) Humongous regions: 0->0
[2026-08-03T01:15:45.108+0900][1.913s][info ][gc,metaspace   ] GC(32) Metaspace: 9684K(9984K)->9684K(9984K) NonClass: 8782K(8960K)->8782K(8960K) Class: 901K(1024K)->901K(1024K)
[2026-08-03T01:15:45.108+0900][1.913s][debug][gc,heap        ] GC(32) Heap after GC invocations=33 (full 29):
[2026-08-03T01:15:45.108+0900][1.913s][debug][gc,heap        ] GC(32)  garbage-first heap   total 1146880K, used 88230K [0x0000025ea8000000, 0x00000295a8000000)
[2026-08-03T01:15:45.108+0900][1.913s][debug][gc,heap        ] GC(32)   region size 32768K, 1 young (32768K), 1 survivors (32768K)
[2026-08-03T01:15:45.108+0900][1.913s][debug][gc,heap        ] GC(32)  Metaspace       used 9684K, committed 9984K, reserved 1114112K
[2026-08-03T01:15:45.108+0900][1.913s][debug][gc,heap        ] GC(32)   class space    used 901K, committed 1024K, reserved 1048576K
[2026-08-03T01:15:45.108+0900][1.913s][info ][gc             ] GC(32) Pause Young (Normal) (G1 Evacuation Pause) 100M->86M(1120M) 33.214ms
[2026-08-03T01:15:45.108+0900][1.913s][info ][gc,cpu         ] GC(32) User=0.09s Sys=0.00s Real=0.03s
[2026-08-03T01:15:45.108+0900][1.913s][info ][safepoint      ] Safepoint "G1CollectForAllocation", Time since last: 49977700 ns, Reaching safepoint: 81800 ns, At safepoint: 33359600 ns, Total: 33441400 ns
[2026-08-03T01:15:45.112+0900][1.917s][info ][gc,start       ] GC(33) Pause Full (System.gc())
[2026-08-03T01:15:45.112+0900][1.917s][debug][gc,heap        ] GC(33) Heap before GC invocations=33 (full 29):
[2026-08-03T01:15:45.112+0900][1.917s][debug][gc,heap        ] GC(33)  garbage-first heap   total 1146880K, used 88230K [0x0000025ea8000000, 0x00000295a8000000)
[2026-08-03T01:15:45.112+0900][1.917s][debug][gc,heap        ] GC(33)   region size 32768K, 2 young (65536K), 1 survivors (32768K)
[2026-08-03T01:15:45.112+0900][1.917s][debug][gc,heap        ] GC(33)  Metaspace       used 9684K, committed 9984K, reserved 1114112K
[2026-08-03T01:15:45.112+0900][1.917s][debug][gc,heap        ] GC(33)   class space    used 901K, committed 1024K, reserved 1048576K
[2026-08-03T01:15:45.112+0900][1.917s][info ][gc,task        ] GC(33) Using 2 workers of 18 for full compaction
[2026-08-03T01:15:45.112+0900][1.917s][info ][gc,phases,start] GC(33) Phase 1: Mark live objects
[2026-08-03T01:15:45.153+0900][1.958s][info ][gc,phases      ] GC(33) Phase 1: Mark live objects 41.216ms
[2026-08-03T01:15:45.153+0900][1.958s][info ][gc,phases,start] GC(33) Phase 2: Prepare for compaction
[2026-08-03T01:15:45.160+0900][1.966s][info ][gc,phases      ] GC(33) Phase 2: Prepare for compaction 7.370ms
[2026-08-03T01:15:45.160+0900][1.966s][info ][gc,phases,start] GC(33) Phase 3: Adjust pointers
[2026-08-03T01:15:45.177+0900][1.982s][info ][gc,phases      ] GC(33) Phase 3: Adjust pointers 16.194ms
[2026-08-03T01:15:45.177+0900][1.982s][info ][gc,phases,start] GC(33) Phase 4: Compact heap
[2026-08-03T01:15:45.185+0900][1.991s][info ][gc,phases      ] GC(33) Phase 4: Compact heap 8.739ms
[2026-08-03T01:15:45.189+0900][1.994s][debug][gc,heap        ] GC(33) Uncommittable regions after shrink: 21
[2026-08-03T01:15:45.191+0900][1.996s][info ][gc,heap        ] GC(33) Eden regions: 1->0(1)
[2026-08-03T01:15:45.191+0900][1.996s][info ][gc,heap        ] GC(33) Survivor regions: 1->0(1)
[2026-08-03T01:15:45.191+0900][1.996s][info ][gc,heap        ] GC(33) Old regions: 3->4
[2026-08-03T01:15:45.191+0900][1.996s][info ][gc,heap        ] GC(33) Archive regions: 0->0
[2026-08-03T01:15:45.191+0900][1.996s][info ][gc,heap        ] GC(33) Humongous regions: 0->0
[2026-08-03T01:15:45.191+0900][1.996s][info ][gc,metaspace   ] GC(33) Metaspace: 9684K(9984K)->9684K(9984K) NonClass: 8782K(8960K)->8782K(8960K) Class: 901K(1024K)->901K(1024K)
[2026-08-03T01:15:45.191+0900][1.996s][debug][gc,heap        ] GC(33) Heap after GC invocations=34 (full 30):
[2026-08-03T01:15:45.191+0900][1.996s][debug][gc,heap        ] GC(33)  garbage-first heap   total 458752K, used 86171K [0x0000025ea8000000, 0x00000295a8000000)
[2026-08-03T01:15:45.191+0900][1.996s][debug][gc,heap        ] GC(33)   region size 32768K, 0 young (0K), 0 survivors (0K)
[2026-08-03T01:15:45.191+0900][1.996s][debug][gc,heap        ] GC(33)  Metaspace       used 9684K, committed 9984K, reserved 1114112K
[2026-08-03T01:15:45.191+0900][1.996s][debug][gc,heap        ] GC(33)   class space    used 901K, committed 1024K, reserved 1048576K
[2026-08-03T01:15:45.191+0900][1.996s][info ][gc             ] GC(33) Pause Full (System.gc()) 87M->84M(448M) 79.220ms
[2026-08-03T01:15:45.191+0900][1.996s][info ][gc,cpu         ] GC(33) User=0.12s Sys=0.02s Real=0.08s
[2026-08-03T01:15:45.191+0900][1.996s][info ][safepoint      ] Safepoint "G1CollectFull", Time since last: 3367300 ns, Reaching safepoint: 28700 ns, At safepoint: 79358499 ns, Total: 79387199 ns
[2026-08-03T01:15:45.228+0900][2.033s][info ][gc,start       ] GC(34) Pause Young (Normal) (G1 Evacuation Pause)
[2026-08-03T01:15:45.228+0900][2.033s][debug][gc,heap        ] GC(34) Heap before GC invocations=34 (full 30):
[2026-08-03T01:15:45.228+0900][2.033s][debug][gc,heap        ] GC(34)  garbage-first heap   total 458752K, used 118939K [0x0000025ea8000000, 0x00000295a8000000)
[2026-08-03T01:15:45.228+0900][2.033s][debug][gc,heap        ] GC(34)   region size 32768K, 1 young (32768K), 0 survivors (0K)
[2026-08-03T01:15:45.228+0900][2.033s][debug][gc,heap        ] GC(34)  Metaspace       used 9685K, committed 9984K, reserved 1114112K
[2026-08-03T01:15:45.228+0900][2.033s][debug][gc,heap        ] GC(34)   class space    used 901K, committed 1024K, reserved 1048576K
[2026-08-03T01:15:45.228+0900][2.033s][info ][gc,task        ] GC(34) Using 10 workers of 18 for evacuation
[2026-08-03T01:15:45.232+0900][2.038s][info ][gc,phases      ] GC(34)   Pre Evacuate Collection Set: 0.1ms
[2026-08-03T01:15:45.232+0900][2.038s][info ][gc,phases      ] GC(34)   Merge Heap Roots: 0.2ms
[2026-08-03T01:15:45.232+0900][2.038s][info ][gc,phases      ] GC(34)   Evacuate Collection Set: 4.2ms
[2026-08-03T01:15:45.232+0900][2.038s][info ][gc,phases      ] GC(34)   Post Evacuate Collection Set: 0.2ms
[2026-08-03T01:15:45.232+0900][2.038s][info ][gc,phases      ] GC(34)   Other: 0.1ms
[2026-08-03T01:15:45.233+0900][2.038s][info ][gc,heap        ] GC(34) Eden regions: 1->0(1)
[2026-08-03T01:15:45.233+0900][2.038s][info ][gc,heap        ] GC(34) Survivor regions: 0->1(1)
[2026-08-03T01:15:45.233+0900][2.038s][info ][gc,heap        ] GC(34) Old regions: 4->4
[2026-08-03T01:15:45.233+0900][2.038s][info ][gc,heap        ] GC(34) Archive regions: 0->0
[2026-08-03T01:15:45.233+0900][2.038s][info ][gc,heap        ] GC(34) Humongous regions: 0->0
[2026-08-03T01:15:45.233+0900][2.038s][info ][gc,metaspace   ] GC(34) Metaspace: 9685K(9984K)->9685K(9984K) NonClass: 8784K(8960K)->8784K(8960K) Class: 901K(1024K)->901K(1024K)
[2026-08-03T01:15:45.233+0900][2.038s][debug][gc,heap        ] GC(34) Heap after GC invocations=35 (full 30):
[2026-08-03T01:15:45.233+0900][2.038s][debug][gc,heap        ] GC(34)  garbage-first heap   total 458752K, used 103879K [0x0000025ea8000000, 0x00000295a8000000)
[2026-08-03T01:15:45.233+0900][2.038s][debug][gc,heap        ] GC(34)   region size 32768K, 1 young (32768K), 1 survivors (32768K)
[2026-08-03T01:15:45.233+0900][2.038s][debug][gc,heap        ] GC(34)  Metaspace       used 9685K, committed 9984K, reserved 1114112K
[2026-08-03T01:15:45.233+0900][2.038s][debug][gc,heap        ] GC(34)   class space    used 901K, committed 1024K, reserved 1048576K
[2026-08-03T01:15:45.233+0900][2.038s][info ][gc             ] GC(34) Pause Young (Normal) (G1 Evacuation Pause) 116M->101M(448M) 5.052ms
[2026-08-03T01:15:45.233+0900][2.038s][info ][gc,cpu         ] GC(34) User=0.16s Sys=0.00s Real=0.01s
[2026-08-03T01:15:45.233+0900][2.038s][info ][safepoint      ] Safepoint "G1CollectForAllocation", Time since last: 36620200 ns, Reaching safepoint: 82601 ns, At safepoint: 5100599 ns, Total: 5183200 ns
[2026-08-03T01:15:45.284+0900][2.089s][info ][gc,start       ] GC(35) Pause Young (Normal) (G1 Evacuation Pause)
[2026-08-03T01:15:45.284+0900][2.089s][debug][gc,heap        ] GC(35) Heap before GC invocations=35 (full 30):
[2026-08-03T01:15:45.284+0900][2.089s][debug][gc,heap        ] GC(35)  garbage-first heap   total 458752K, used 136647K [0x0000025ea8000000, 0x00000295a8000000)
[2026-08-03T01:15:45.284+0900][2.089s][debug][gc,heap        ] GC(35)   region size 32768K, 2 young (65536K), 1 survivors (32768K)
[2026-08-03T01:15:45.284+0900][2.089s][debug][gc,heap        ] GC(35)  Metaspace       used 9796K, committed 10048K, reserved 1114112K
[2026-08-03T01:15:45.284+0900][2.089s][debug][gc,heap        ] GC(35)   class space    used 914K, committed 1024K, reserved 1048576K
[2026-08-03T01:15:45.284+0900][2.089s][info ][gc,task        ] GC(35) Using 10 workers of 18 for evacuation
[2026-08-03T01:15:45.291+0900][2.096s][info ][gc,phases      ] GC(35)   Pre Evacuate Collection Set: 0.1ms
[2026-08-03T01:15:45.291+0900][2.096s][info ][gc,phases      ] GC(35)   Merge Heap Roots: 0.1ms
[2026-08-03T01:15:45.291+0900][2.096s][info ][gc,phases      ] GC(35)   Evacuate Collection Set: 6.7ms
[2026-08-03T01:15:45.291+0900][2.096s][info ][gc,phases      ] GC(35)   Post Evacuate Collection Set: 0.3ms
[2026-08-03T01:15:45.291+0900][2.096s][info ][gc,phases      ] GC(35)   Other: 0.1ms
[2026-08-03T01:15:45.291+0900][2.096s][info ][gc,heap        ] GC(35) Eden regions: 1->0(1)
[2026-08-03T01:15:45.291+0900][2.096s][info ][gc,heap        ] GC(35) Survivor regions: 1->1(1)
[2026-08-03T01:15:45.291+0900][2.096s][info ][gc,heap        ] GC(35) Old regions: 4->4
[2026-08-03T01:15:45.291+0900][2.096s][info ][gc,heap        ] GC(35) Archive regions: 0->0
[2026-08-03T01:15:45.291+0900][2.096s][info ][gc,heap        ] GC(35) Humongous regions: 0->0
[2026-08-03T01:15:45.291+0900][2.096s][info ][gc,metaspace   ] GC(35) Metaspace: 9796K(10048K)->9796K(10048K) NonClass: 8882K(9024K)->8882K(9024K) Class: 914K(1024K)->914K(1024K)
[2026-08-03T01:15:45.291+0900][2.096s][debug][gc,heap        ] GC(35) Heap after GC invocations=36 (full 30):
[2026-08-03T01:15:45.291+0900][2.096s][debug][gc,heap        ] GC(35)  garbage-first heap   total 458752K, used 116846K [0x0000025ea8000000, 0x00000295a8000000)
[2026-08-03T01:15:45.291+0900][2.096s][debug][gc,heap        ] GC(35)   region size 32768K, 1 young (32768K), 1 survivors (32768K)
[2026-08-03T01:15:45.291+0900][2.096s][debug][gc,heap        ] GC(35)  Metaspace       used 9796K, committed 10048K, reserved 1114112K
[2026-08-03T01:15:45.291+0900][2.096s][debug][gc,heap        ] GC(35)   class space    used 914K, committed 1024K, reserved 1048576K
[2026-08-03T01:15:45.291+0900][2.096s][info ][gc             ] GC(35) Pause Young (Normal) (G1 Evacuation Pause) 133M->114M(448M) 7.574ms
[2026-08-03T01:15:45.291+0900][2.096s][info ][gc,cpu         ] GC(35) User=0.00s Sys=0.00s Real=0.01s
[2026-08-03T01:15:45.291+0900][2.096s][info ][safepoint      ] Safepoint "G1CollectForAllocation", Time since last: 50824501 ns, Reaching safepoint: 75599 ns, At safepoint: 7626101 ns, Total: 7701700 ns
[2026-08-03T01:15:45.374+0900][2.179s][debug][gc,heap        ] Concurrent Uncommit Summary: 672M, 21 regions, 7.218ms
[2026-08-03T01:15:45.397+0900][2.202s][info ][gc,start       ] GC(36) Pause Young (Normal) (G1 Evacuation Pause)
[2026-08-03T01:15:45.397+0900][2.202s][debug][gc,heap        ] GC(36) Heap before GC invocations=36 (full 30):
[2026-08-03T01:15:45.397+0900][2.202s][debug][gc,heap        ] GC(36)  garbage-first heap   total 458752K, used 149614K [0x0000025ea8000000, 0x00000295a8000000)
[2026-08-03T01:15:45.397+0900][2.202s][debug][gc,heap        ] GC(36)   region size 32768K, 2 young (65536K), 1 survivors (32768K)
[2026-08-03T01:15:45.397+0900][2.202s][debug][gc,heap        ] GC(36)  Metaspace       used 10390K, committed 10752K, reserved 1114112K
[2026-08-03T01:15:45.397+0900][2.202s][debug][gc,heap        ] GC(36)   class space    used 959K, committed 1152K, reserved 1048576K
[2026-08-03T01:15:45.397+0900][2.202s][info ][gc,task        ] GC(36) Using 10 workers of 18 for evacuation
[2026-08-03T01:15:45.403+0900][2.208s][info ][gc,phases      ] GC(36)   Pre Evacuate Collection Set: 0.1ms
[2026-08-03T01:15:45.403+0900][2.208s][info ][gc,phases      ] GC(36)   Merge Heap Roots: 0.1ms
[2026-08-03T01:15:45.403+0900][2.208s][info ][gc,phases      ] GC(36)   Evacuate Collection Set: 5.1ms
[2026-08-03T01:15:45.403+0900][2.208s][info ][gc,phases      ] GC(36)   Post Evacuate Collection Set: 0.4ms
[2026-08-03T01:15:45.403+0900][2.208s][info ][gc,phases      ] GC(36)   Other: 0.1ms
[2026-08-03T01:15:45.403+0900][2.208s][info ][gc,heap        ] GC(36) Eden regions: 1->0(1)
[2026-08-03T01:15:45.403+0900][2.208s][info ][gc,heap        ] GC(36) Survivor regions: 1->1(1)
[2026-08-03T01:15:45.403+0900][2.208s][info ][gc,heap        ] GC(36) Old regions: 4->5
[2026-08-03T01:15:45.403+0900][2.208s][info ][gc,heap        ] GC(36) Archive regions: 0->0
[2026-08-03T01:15:45.403+0900][2.208s][info ][gc,heap        ] GC(36) Humongous regions: 0->0
[2026-08-03T01:15:45.403+0900][2.208s][info ][gc,metaspace   ] GC(36) Metaspace: 10390K(10752K)->10390K(10752K) NonClass: 9431K(9600K)->9431K(9600K) Class: 959K(1152K)->959K(1152K)
[2026-08-03T01:15:45.403+0900][2.208s][debug][gc,heap        ] GC(36) Heap after GC invocations=37 (full 30):
[2026-08-03T01:15:45.403+0900][2.208s][debug][gc,heap        ] GC(36)  garbage-first heap   total 458752K, used 123785K [0x0000025ea8000000, 0x00000295a8000000)
[2026-08-03T01:15:45.403+0900][2.208s][debug][gc,heap        ] GC(36)   region size 32768K, 1 young (32768K), 1 survivors (32768K)
[2026-08-03T01:15:45.403+0900][2.208s][debug][gc,heap        ] GC(36)  Metaspace       used 10390K, committed 10752K, reserved 1114112K
[2026-08-03T01:15:45.403+0900][2.208s][debug][gc,heap        ] GC(36)   class space    used 959K, committed 1152K, reserved 1048576K
[2026-08-03T01:15:45.403+0900][2.208s][info ][gc             ] GC(36) Pause Young (Normal) (G1 Evacuation Pause) 146M->120M(448M) 6.067ms
[2026-08-03T01:15:45.403+0900][2.208s][info ][gc,cpu         ] GC(36) User=0.02s Sys=0.00s Real=0.01s
[2026-08-03T01:15:45.403+0900][2.208s][info ][safepoint      ] Safepoint "G1CollectForAllocation", Time since last: 105733100 ns, Reaching safepoint: 61200 ns, At safepoint: 6129600 ns, Total: 6190800 ns
[2026-08-03T01:15:45.445+0900][2.250s][info ][gc,start       ] GC(37) Pause Young (Normal) (G1 Evacuation Pause)
[2026-08-03T01:15:45.445+0900][2.250s][debug][gc,heap        ] GC(37) Heap before GC invocations=37 (full 30):
[2026-08-03T01:15:45.445+0900][2.250s][debug][gc,heap        ] GC(37)  garbage-first heap   total 458752K, used 156553K [0x0000025ea8000000, 0x00000295a8000000)
[2026-08-03T01:15:45.445+0900][2.250s][debug][gc,heap        ] GC(37)   region size 32768K, 2 young (65536K), 1 survivors (32768K)
[2026-08-03T01:15:45.445+0900][2.250s][debug][gc,heap        ] GC(37)  Metaspace       used 10398K, committed 10752K, reserved 1114112K
[2026-08-03T01:15:45.445+0900][2.250s][debug][gc,heap        ] GC(37)   class space    used 959K, committed 1152K, reserved 1048576K
[2026-08-03T01:15:45.445+0900][2.250s][info ][gc,task        ] GC(37) Using 10 workers of 18 for evacuation
[2026-08-03T01:15:45.453+0900][2.258s][info ][gc,phases      ] GC(37)   Pre Evacuate Collection Set: 0.1ms
[2026-08-03T01:15:45.453+0900][2.258s][info ][gc,phases      ] GC(37)   Merge Heap Roots: 0.2ms
[2026-08-03T01:15:45.453+0900][2.258s][info ][gc,phases      ] GC(37)   Evacuate Collection Set: 5.9ms
[2026-08-03T01:15:45.453+0900][2.258s][info ][gc,phases      ] GC(37)   Post Evacuate Collection Set: 1.8ms
[2026-08-03T01:15:45.453+0900][2.258s][info ][gc,phases      ] GC(37)   Other: 0.1ms
[2026-08-03T01:15:45.453+0900][2.258s][info ][gc,heap        ] GC(37) Eden regions: 1->0(5)
[2026-08-03T01:15:45.453+0900][2.258s][info ][gc,heap        ] GC(37) Survivor regions: 1->1(1)
[2026-08-03T01:15:45.453+0900][2.258s][info ][gc,heap        ] GC(37) Old regions: 5->5
[2026-08-03T01:15:45.453+0900][2.258s][info ][gc,heap        ] GC(37) Archive regions: 0->0
[2026-08-03T01:15:45.453+0900][2.258s][info ][gc,heap        ] GC(37) Humongous regions: 0->0
[2026-08-03T01:15:45.453+0900][2.258s][info ][gc,metaspace   ] GC(37) Metaspace: 10398K(10752K)->10398K(10752K) NonClass: 9438K(9600K)->9438K(9600K) Class: 959K(1152K)->959K(1152K)
[2026-08-03T01:15:45.453+0900][2.258s][debug][gc,heap        ] GC(37) Heap after GC invocations=38 (full 30):
[2026-08-03T01:15:45.453+0900][2.258s][debug][gc,heap        ] GC(37)  garbage-first heap   total 1277952K, used 139192K [0x0000025ea8000000, 0x00000295a8000000)
[2026-08-03T01:15:45.453+0900][2.258s][debug][gc,heap        ] GC(37)   region size 32768K, 1 young (32768K), 1 survivors (32768K)
[2026-08-03T01:15:45.453+0900][2.258s][debug][gc,heap        ] GC(37)  Metaspace       used 10398K, committed 10752K, reserved 1114112K
[2026-08-03T01:15:45.453+0900][2.258s][debug][gc,heap        ] GC(37)   class space    used 959K, committed 1152K, reserved 1048576K
[2026-08-03T01:15:45.453+0900][2.258s][info ][gc             ] GC(37) Pause Young (Normal) (G1 Evacuation Pause) 152M->135M(1248M) 8.354ms
[2026-08-03T01:15:45.453+0900][2.259s][info ][gc,cpu         ] GC(37) User=0.22s Sys=0.00s Real=0.01s
[2026-08-03T01:15:45.453+0900][2.259s][info ][safepoint      ] Safepoint "G1CollectForAllocation", Time since last: 41715200 ns, Reaching safepoint: 73100 ns, At safepoint: 8492800 ns, Total: 8565900 ns
[2026-08-03T01:15:45.579+0900][2.385s][info ][gc,start       ] GC(38) Pause Full (System.gc())
[2026-08-03T01:15:45.579+0900][2.385s][debug][gc,heap        ] GC(38) Heap before GC invocations=38 (full 30):
[2026-08-03T01:15:45.580+0900][2.385s][debug][gc,heap        ] GC(38)  garbage-first heap   total 1277952K, used 171960K [0x0000025ea8000000, 0x00000295a8000000)
[2026-08-03T01:15:45.580+0900][2.385s][debug][gc,heap        ] GC(38)   region size 32768K, 3 young (98304K), 1 survivors (32768K)
[2026-08-03T01:15:45.580+0900][2.385s][debug][gc,heap        ] GC(38)  Metaspace       used 10453K, committed 10816K, reserved 1114112K
[2026-08-03T01:15:45.580+0900][2.385s][debug][gc,heap        ] GC(38)   class space    used 963K, committed 1152K, reserved 1048576K
[2026-08-03T01:15:45.580+0900][2.385s][info ][gc,task        ] GC(38) Using 2 workers of 18 for full compaction
[2026-08-03T01:15:45.580+0900][2.385s][info ][gc,phases,start] GC(38) Phase 1: Mark live objects
[2026-08-03T01:15:45.623+0900][2.428s][info ][gc,phases      ] GC(38) Phase 1: Mark live objects 43.191ms
[2026-08-03T01:15:45.623+0900][2.428s][info ][gc,phases,start] GC(38) Phase 2: Prepare for compaction
[2026-08-03T01:15:45.630+0900][2.435s][info ][gc,phases      ] GC(38) Phase 2: Prepare for compaction 7.085ms
[2026-08-03T01:15:45.630+0900][2.435s][info ][gc,phases,start] GC(38) Phase 3: Adjust pointers
[2026-08-03T01:15:45.651+0900][2.456s][info ][gc,phases      ] GC(38) Phase 3: Adjust pointers 20.635ms
[2026-08-03T01:15:45.651+0900][2.456s][info ][gc,phases,start] GC(38) Phase 4: Compact heap
[2026-08-03T01:15:45.657+0900][2.463s][info ][gc,phases      ] GC(38) Phase 4: Compact heap 6.583ms
[2026-08-03T01:15:45.662+0900][2.467s][debug][gc,heap        ] GC(38) Uncommittable regions after shrink: 29
[2026-08-03T01:15:45.664+0900][2.469s][info ][gc,heap        ] GC(38) Eden regions: 2->0(2)
[2026-08-03T01:15:45.664+0900][2.469s][info ][gc,heap        ] GC(38) Survivor regions: 1->0(1)
[2026-08-03T01:15:45.664+0900][2.469s][info ][gc,heap        ] GC(38) Old regions: 5->3
[2026-08-03T01:15:45.664+0900][2.469s][info ][gc,heap        ] GC(38) Archive regions: 0->0
[2026-08-03T01:15:45.664+0900][2.469s][info ][gc,heap        ] GC(38) Humongous regions: 0->0
[2026-08-03T01:15:45.664+0900][2.469s][info ][gc,metaspace   ] GC(38) Metaspace: 10453K(10816K)->10453K(10816K) NonClass: 9489K(9664K)->9489K(9664K) Class: 963K(1152K)->963K(1152K)
[2026-08-03T01:15:45.664+0900][2.469s][debug][gc,heap        ] GC(38) Heap after GC invocations=39 (full 31):
[2026-08-03T01:15:45.664+0900][2.469s][debug][gc,heap        ] GC(38)  garbage-first heap   total 327680K, used 89001K [0x0000025ea8000000, 0x00000295a8000000)
[2026-08-03T01:15:45.664+0900][2.469s][debug][gc,heap        ] GC(38)   region size 32768K, 0 young (0K), 0 survivors (0K)
[2026-08-03T01:15:45.664+0900][2.469s][debug][gc,heap        ] GC(38)  Metaspace       used 10453K, committed 10816K, reserved 1114112K
[2026-08-03T01:15:45.664+0900][2.469s][debug][gc,heap        ] GC(38)   class space    used 963K, committed 1152K, reserved 1048576K
[2026-08-03T01:15:45.664+0900][2.469s][info ][gc             ] GC(38) Pause Full (System.gc()) 197M->86M(320M) 84.281ms
[2026-08-03T01:15:45.664+0900][2.469s][info ][gc,cpu         ] GC(38) User=0.16s Sys=0.00s Real=0.09s
[2026-08-03T01:15:45.664+0900][2.469s][info ][safepoint      ] Safepoint "G1CollectFull", Time since last: 125974100 ns, Reaching safepoint: 41399 ns, At safepoint: 84347400 ns, Total: 84388799 ns
[2026-08-03T01:15:45.689+0900][2.495s][info ][gc,start       ] GC(39) Pause Full (System.gc())
[2026-08-03T01:15:45.689+0900][2.495s][debug][gc,heap        ] GC(39) Heap before GC invocations=39 (full 31):
[2026-08-03T01:15:45.689+0900][2.495s][debug][gc,heap        ] GC(39)  garbage-first heap   total 327680K, used 89001K [0x0000025ea8000000, 0x00000295a8000000)
[2026-08-03T01:15:45.689+0900][2.495s][debug][gc,heap        ] GC(39)   region size 32768K, 1 young (32768K), 0 survivors (0K)
[2026-08-03T01:15:45.689+0900][2.495s][debug][gc,heap        ] GC(39)  Metaspace       used 10453K, committed 10816K, reserved 1114112K
[2026-08-03T01:15:45.689+0900][2.495s][debug][gc,heap        ] GC(39)   class space    used 963K, committed 1152K, reserved 1048576K
[2026-08-03T01:15:45.689+0900][2.495s][info ][gc,task        ] GC(39) Using 1 workers of 18 for full compaction
[2026-08-03T01:15:45.690+0900][2.495s][info ][gc,phases,start] GC(39) Phase 1: Mark live objects
[2026-08-03T01:15:45.741+0900][2.546s][info ][gc,phases      ] GC(39) Phase 1: Mark live objects 51.252ms
[2026-08-03T01:15:45.741+0900][2.546s][info ][gc,phases,start] GC(39) Phase 2: Prepare for compaction
[2026-08-03T01:15:45.753+0900][2.559s][info ][gc,phases      ] GC(39) Phase 2: Prepare for compaction 12.510ms
[2026-08-03T01:15:45.753+0900][2.559s][info ][gc,phases,start] GC(39) Phase 3: Adjust pointers
[2026-08-03T01:15:45.780+0900][2.585s][info ][gc,phases      ] GC(39) Phase 3: Adjust pointers 26.231ms
[2026-08-03T01:15:45.780+0900][2.585s][info ][gc,phases,start] GC(39) Phase 4: Compact heap
[2026-08-03T01:15:45.792+0900][2.598s][info ][gc,phases      ] GC(39) Phase 4: Compact heap 12.703ms
[2026-08-03T01:15:45.794+0900][2.599s][debug][gc,heap        ] GC(39) Uncommittable regions after shrink: 3
[2026-08-03T01:15:45.796+0900][2.601s][info ][gc,heap        ] GC(39) Eden regions: 1->0(1)
[2026-08-03T01:15:45.796+0900][2.601s][info ][gc,heap        ] GC(39) Survivor regions: 0->0(1)
[2026-08-03T01:15:45.796+0900][2.601s][info ][gc,heap        ] GC(39) Old regions: 3->2
[2026-08-03T01:15:45.796+0900][2.601s][info ][gc,heap        ] GC(39) Archive regions: 0->0
[2026-08-03T01:15:45.796+0900][2.601s][info ][gc,heap        ] GC(39) Humongous regions: 0->0
[2026-08-03T01:15:45.796+0900][2.601s][info ][gc,metaspace   ] GC(39) Metaspace: 10453K(10816K)->10453K(10816K) NonClass: 9489K(9664K)->9489K(9664K) Class: 963K(1152K)->963K(1152K)
[2026-08-03T01:15:45.796+0900][2.601s][debug][gc,heap        ] GC(39) Heap after GC invocations=40 (full 32):
[2026-08-03T01:15:45.796+0900][2.601s][debug][gc,heap        ] GC(39)  garbage-first heap   total 229376K, used 51292K [0x0000025ea8000000, 0x00000295a8000000)
[2026-08-03T01:15:45.796+0900][2.601s][debug][gc,heap        ] GC(39)   region size 32768K, 0 young (0K), 0 survivors (0K)
[2026-08-03T01:15:45.796+0900][2.601s][debug][gc,heap        ] GC(39)  Metaspace       used 10453K, committed 10816K, reserved 1114112K
[2026-08-03T01:15:45.796+0900][2.601s][debug][gc,heap        ] GC(39)   class space    used 963K, committed 1152K, reserved 1048576K
[2026-08-03T01:15:45.796+0900][2.601s][info ][gc             ] GC(39) Pause Full (System.gc()) 101M->50M(224M) 106.607ms
[2026-08-03T01:15:45.796+0900][2.601s][info ][gc,cpu         ] GC(39) User=0.11s Sys=0.00s Real=0.11s
[2026-08-03T01:15:45.796+0900][2.601s][info ][safepoint      ] Safepoint "G1CollectFull", Time since last: 25476301 ns, Reaching safepoint: 81400 ns, At safepoint: 106731900 ns, Total: 106813300 ns
[2026-08-03T01:15:45.837+0900][2.642s][info ][gc,start       ] GC(40) Pause Full (System.gc())
[2026-08-03T01:15:45.837+0900][2.642s][debug][gc,heap        ] GC(40) Heap before GC invocations=40 (full 32):
[2026-08-03T01:15:45.837+0900][2.642s][debug][gc,heap        ] GC(40)  garbage-first heap   total 229376K, used 51292K [0x0000025ea8000000, 0x00000295a8000000)
[2026-08-03T01:15:45.837+0900][2.642s][debug][gc,heap        ] GC(40)   region size 32768K, 1 young (32768K), 0 survivors (0K)
[2026-08-03T01:15:45.837+0900][2.642s][debug][gc,heap        ] GC(40)  Metaspace       used 10547K, committed 10880K, reserved 1114112K
[2026-08-03T01:15:45.837+0900][2.642s][debug][gc,heap        ] GC(40)   class space    used 971K, committed 1152K, reserved 1048576K
[2026-08-03T01:15:45.837+0900][2.642s][info ][gc,task        ] GC(40) Using 1 workers of 18 for full compaction
[2026-08-03T01:15:45.837+0900][2.642s][info ][gc,phases,start] GC(40) Phase 1: Mark live objects
[2026-08-03T01:15:45.898+0900][2.702s][info ][gc,phases      ] GC(40) Phase 1: Mark live objects 60.191ms
[2026-08-03T01:15:45.898+0900][2.702s][info ][gc,phases,start] GC(40) Phase 2: Prepare for compaction
[2026-08-03T01:15:45.905+0900][2.710s][info ][gc,phases      ] GC(40) Phase 2: Prepare for compaction 7.828ms
[2026-08-03T01:15:45.905+0900][2.710s][info ][gc,phases,start] GC(40) Phase 3: Adjust pointers
[2026-08-03T01:15:45.928+0900][2.733s][info ][gc,phases      ] GC(40) Phase 3: Adjust pointers 23.052ms
[2026-08-03T01:15:45.928+0900][2.733s][info ][gc,phases,start] GC(40) Phase 4: Compact heap
[2026-08-03T01:15:45.936+0900][2.740s][info ][gc,phases      ] GC(40) Phase 4: Compact heap 6.933ms
[2026-08-03T01:15:45.939+0900][2.743s][info ][gc,heap        ] GC(40) Eden regions: 1->0(1)
[2026-08-03T01:15:45.939+0900][2.743s][info ][gc,heap        ] GC(40) Survivor regions: 0->0(1)
[2026-08-03T01:15:45.939+0900][2.743s][info ][gc,heap        ] GC(40) Old regions: 2->2
[2026-08-03T01:15:45.939+0900][2.743s][info ][gc,heap        ] GC(40) Archive regions: 0->0
[2026-08-03T01:15:45.939+0900][2.744s][info ][gc,heap        ] GC(40) Humongous regions: 0->0
[2026-08-03T01:15:45.939+0900][2.744s][info ][gc,metaspace   ] GC(40) Metaspace: 10547K(10880K)->10547K(10880K) NonClass: 9575K(9728K)->9575K(9728K) Class: 971K(1152K)->971K(1152K)
[2026-08-03T01:15:45.939+0900][2.744s][debug][gc,heap        ] GC(40) Heap after GC invocations=41 (full 33):
[2026-08-03T01:15:45.939+0900][2.744s][debug][gc,heap        ] GC(40)  garbage-first heap   total 229376K, used 58105K [0x0000025ea8000000, 0x00000295a8000000)
[2026-08-03T01:15:45.939+0900][2.744s][debug][gc,heap        ] GC(40)   region size 32768K, 0 young (0K), 0 survivors (0K)
[2026-08-03T01:15:45.939+0900][2.744s][debug][gc,heap        ] GC(40)  Metaspace       used 10547K, committed 10880K, reserved 1114112K
[2026-08-03T01:15:45.939+0900][2.744s][debug][gc,heap        ] GC(40)   class space    used 971K, committed 1152K, reserved 1048576K
[2026-08-03T01:15:45.939+0900][2.744s][info ][gc             ] GC(40) Pause Full (System.gc()) 72M->56M(224M) 101.786ms
[2026-08-03T01:15:45.939+0900][2.744s][info ][gc,cpu         ] GC(40) User=0.16s Sys=0.00s Real=0.10s
[2026-08-03T01:15:45.939+0900][2.744s][info ][safepoint      ] Safepoint "G1CollectFull", Time since last: 40279500 ns, Reaching safepoint: 304800 ns, At safepoint: 101913700 ns, Total: 102218500 ns
[2026-08-03T01:15:45.972+0900][2.777s][info ][gc,start       ] GC(41) Pause Young (Normal) (G1 Evacuation Pause)
[2026-08-03T01:15:45.972+0900][2.777s][debug][gc,heap        ] GC(41) Heap before GC invocations=41 (full 33):
[2026-08-03T01:15:45.972+0900][2.777s][debug][gc,heap        ] GC(41)  garbage-first heap   total 229376K, used 90873K [0x0000025ea8000000, 0x00000295a8000000)
[2026-08-03T01:15:45.972+0900][2.777s][debug][gc,heap        ] GC(41)   region size 32768K, 1 young (32768K), 0 survivors (0K)
[2026-08-03T01:15:45.972+0900][2.777s][debug][gc,heap        ] GC(41)  Metaspace       used 10572K, committed 10880K, reserved 1114112K
[2026-08-03T01:15:45.972+0900][2.777s][debug][gc,heap        ] GC(41)   class space    used 975K, committed 1152K, reserved 1048576K
[2026-08-03T01:15:45.972+0900][2.777s][info ][gc,task        ] GC(41) Using 5 workers of 18 for evacuation
[2026-08-03T01:15:45.980+0900][2.785s][info ][gc,phases      ] GC(41)   Pre Evacuate Collection Set: 0.1ms
[2026-08-03T01:15:45.980+0900][2.785s][info ][gc,phases      ] GC(41)   Merge Heap Roots: 0.1ms
[2026-08-03T01:15:45.980+0900][2.785s][info ][gc,phases      ] GC(41)   Evacuate Collection Set: 7.1ms
[2026-08-03T01:15:45.980+0900][2.785s][info ][gc,phases      ] GC(41)   Post Evacuate Collection Set: 0.2ms
[2026-08-03T01:15:45.980+0900][2.785s][info ][gc,phases      ] GC(41)   Other: 0.1ms
[2026-08-03T01:15:45.980+0900][2.785s][info ][gc,heap        ] GC(41) Eden regions: 1->0(1)
[2026-08-03T01:15:45.980+0900][2.785s][info ][gc,heap        ] GC(41) Survivor regions: 0->1(1)
[2026-08-03T01:15:45.980+0900][2.785s][info ][gc,heap        ] GC(41) Old regions: 2->2
[2026-08-03T01:15:45.980+0900][2.785s][info ][gc,heap        ] GC(41) Archive regions: 0->0
[2026-08-03T01:15:45.980+0900][2.785s][info ][gc,heap        ] GC(41) Humongous regions: 0->0
[2026-08-03T01:15:45.980+0900][2.785s][info ][gc,metaspace   ] GC(41) Metaspace: 10572K(10880K)->10572K(10880K) NonClass: 9596K(9728K)->9596K(9728K) Class: 975K(1152K)->975K(1152K)
[2026-08-03T01:15:45.980+0900][2.785s][debug][gc,heap        ] GC(41) Heap after GC invocations=42 (full 33):
[2026-08-03T01:15:45.980+0900][2.785s][debug][gc,heap        ] GC(41)  garbage-first heap   total 229376K, used 73640K [0x0000025ea8000000, 0x00000295a8000000)
[2026-08-03T01:15:45.980+0900][2.785s][debug][gc,heap        ] GC(41)   region size 32768K, 1 young (32768K), 1 survivors (32768K)
[2026-08-03T01:15:45.980+0900][2.785s][debug][gc,heap        ] GC(41)  Metaspace       used 10572K, committed 10880K, reserved 1114112K
[2026-08-03T01:15:45.980+0900][2.785s][debug][gc,heap        ] GC(41)   class space    used 975K, committed 1152K, reserved 1048576K
[2026-08-03T01:15:45.980+0900][2.785s][info ][gc             ] GC(41) Pause Young (Normal) (G1 Evacuation Pause) 88M->71M(224M) 7.862ms
[2026-08-03T01:15:45.980+0900][2.785s][info ][gc,cpu         ] GC(41) User=0.00s Sys=0.00s Real=0.01s
[2026-08-03T01:15:45.980+0900][2.785s][info ][safepoint      ] Safepoint "G1CollectForAllocation", Time since last: 33205999 ns, Reaching safepoint: 30800 ns, At safepoint: 7917601 ns, Total: 7948401 ns
[2026-08-03T01:15:46.019+0900][2.824s][debug][gc,heap        ] Concurrent Uncommit Summary: 1024M, 32 regions, 21.058ms
[2026-08-03T01:15:46.029+0900][2.833s][info ][gc,start       ] GC(42) Pause Young (Normal) (G1 Evacuation Pause)
[2026-08-03T01:15:46.029+0900][2.833s][debug][gc,heap        ] GC(42) Heap before GC invocations=42 (full 33):
[2026-08-03T01:15:46.029+0900][2.833s][debug][gc,heap        ] GC(42)  garbage-first heap   total 229376K, used 106408K [0x0000025ea8000000, 0x00000295a8000000)
[2026-08-03T01:15:46.029+0900][2.833s][debug][gc,heap        ] GC(42)   region size 32768K, 2 young (65536K), 1 survivors (32768K)
[2026-08-03T01:15:46.029+0900][2.833s][debug][gc,heap        ] GC(42)  Metaspace       used 10653K, committed 11008K, reserved 1114112K
[2026-08-03T01:15:46.029+0900][2.833s][debug][gc,heap        ] GC(42)   class space    used 989K, committed 1152K, reserved 1048576K
[2026-08-03T01:15:46.029+0900][2.833s][info ][gc,task        ] GC(42) Using 5 workers of 18 for evacuation
[2026-08-03T01:15:46.042+0900][2.846s][info ][gc,phases      ] GC(42)   Pre Evacuate Collection Set: 0.1ms
[2026-08-03T01:15:46.042+0900][2.846s][info ][gc,phases      ] GC(42)   Merge Heap Roots: 0.2ms
[2026-08-03T01:15:46.042+0900][2.846s][info ][gc,phases      ] GC(42)   Evacuate Collection Set: 12.3ms
[2026-08-03T01:15:46.042+0900][2.846s][info ][gc,phases      ] GC(42)   Post Evacuate Collection Set: 0.2ms
[2026-08-03T01:15:46.042+0900][2.846s][info ][gc,phases      ] GC(42)   Other: 0.1ms
[2026-08-03T01:15:46.042+0900][2.846s][info ][gc,heap        ] GC(42) Eden regions: 1->0(1)
[2026-08-03T01:15:46.042+0900][2.846s][info ][gc,heap        ] GC(42) Survivor regions: 1->1(1)
[2026-08-03T01:15:46.042+0900][2.846s][info ][gc,heap        ] GC(42) Old regions: 2->2
[2026-08-03T01:15:46.042+0900][2.846s][info ][gc,heap        ] GC(42) Archive regions: 0->0
[2026-08-03T01:15:46.042+0900][2.846s][info ][gc,heap        ] GC(42) Humongous regions: 0->0
[2026-08-03T01:15:46.042+0900][2.846s][info ][gc,metaspace   ] GC(42) Metaspace: 10653K(11008K)->10653K(11008K) NonClass: 9664K(9856K)->9664K(9856K) Class: 989K(1152K)->989K(1152K)
[2026-08-03T01:15:46.042+0900][2.846s][debug][gc,heap        ] GC(42) Heap after GC invocations=43 (full 33):
[2026-08-03T01:15:46.042+0900][2.846s][debug][gc,heap        ] GC(42)  garbage-first heap   total 229376K, used 86417K [0x0000025ea8000000, 0x00000295a8000000)
[2026-08-03T01:15:46.042+0900][2.846s][debug][gc,heap        ] GC(42)   region size 32768K, 1 young (32768K), 1 survivors (32768K)
[2026-08-03T01:15:46.042+0900][2.846s][debug][gc,heap        ] GC(42)  Metaspace       used 10653K, committed 11008K, reserved 1114112K
[2026-08-03T01:15:46.042+0900][2.847s][debug][gc,heap        ] GC(42)   class space    used 989K, committed 1152K, reserved 1048576K
[2026-08-03T01:15:46.042+0900][2.847s][info ][gc             ] GC(42) Pause Young (Normal) (G1 Evacuation Pause) 103M->84M(224M) 13.178ms
[2026-08-03T01:15:46.042+0900][2.847s][info ][gc,cpu         ] GC(42) User=0.00s Sys=0.00s Real=0.01s
[2026-08-03T01:15:46.042+0900][2.847s][info ][safepoint      ] Safepoint "G1CollectForAllocation", Time since last: 48422200 ns, Reaching safepoint: 36499 ns, At safepoint: 13229701 ns, Total: 13266200 ns
[2026-08-03T01:15:46.061+0900][2.866s][info ][gc,start       ] GC(43) Pause Young (Normal) (G1 Evacuation Pause)
[2026-08-03T01:15:46.061+0900][2.866s][debug][gc,heap        ] GC(43) Heap before GC invocations=43 (full 33):
[2026-08-03T01:15:46.061+0900][2.866s][debug][gc,heap        ] GC(43)  garbage-first heap   total 229376K, used 119185K [0x0000025ea8000000, 0x00000295a8000000)
[2026-08-03T01:15:46.061+0900][2.866s][debug][gc,heap        ] GC(43)   region size 32768K, 2 young (65536K), 1 survivors (32768K)
[2026-08-03T01:15:46.061+0900][2.866s][debug][gc,heap        ] GC(43)  Metaspace       used 10653K, committed 11008K, reserved 1114112K
[2026-08-03T01:15:46.061+0900][2.866s][debug][gc,heap        ] GC(43)   class space    used 989K, committed 1152K, reserved 1048576K
[2026-08-03T01:15:46.061+0900][2.866s][info ][gc,task        ] GC(43) Using 5 workers of 18 for evacuation
[2026-08-03T01:15:46.078+0900][2.882s][info ][gc,phases      ] GC(43)   Pre Evacuate Collection Set: 0.1ms
[2026-08-03T01:15:46.078+0900][2.882s][info ][gc,phases      ] GC(43)   Merge Heap Roots: 0.2ms
[2026-08-03T01:15:46.078+0900][2.882s][info ][gc,phases      ] GC(43)   Evacuate Collection Set: 15.8ms
[2026-08-03T01:15:46.078+0900][2.882s][info ][gc,phases      ] GC(43)   Post Evacuate Collection Set: 0.3ms
[2026-08-03T01:15:46.078+0900][2.882s][info ][gc,phases      ] GC(43)   Other: 0.1ms
[2026-08-03T01:15:46.078+0900][2.882s][info ][gc,heap        ] GC(43) Eden regions: 1->0(1)
[2026-08-03T01:15:46.078+0900][2.882s][info ][gc,heap        ] GC(43) Survivor regions: 1->1(1)
[2026-08-03T01:15:46.078+0900][2.882s][info ][gc,heap        ] GC(43) Old regions: 2->3
[2026-08-03T01:15:46.078+0900][2.882s][info ][gc,heap        ] GC(43) Archive regions: 0->0
[2026-08-03T01:15:46.078+0900][2.882s][info ][gc,heap        ] GC(43) Humongous regions: 0->0
[2026-08-03T01:15:46.078+0900][2.882s][info ][gc,metaspace   ] GC(43) Metaspace: 10653K(11008K)->10653K(11008K) NonClass: 9664K(9856K)->9664K(9856K) Class: 989K(1152K)->989K(1152K)
[2026-08-03T01:15:46.078+0900][2.883s][debug][gc,heap        ] GC(43) Heap after GC invocations=44 (full 33):
[2026-08-03T01:15:46.078+0900][2.883s][debug][gc,heap        ] GC(43)  garbage-first heap   total 229376K, used 104329K [0x0000025ea8000000, 0x00000295a8000000)
[2026-08-03T01:15:46.078+0900][2.883s][debug][gc,heap        ] GC(43)   region size 32768K, 1 young (32768K), 1 survivors (32768K)
[2026-08-03T01:15:46.078+0900][2.883s][debug][gc,heap        ] GC(43)  Metaspace       used 10653K, committed 11008K, reserved 1114112K
[2026-08-03T01:15:46.078+0900][2.883s][debug][gc,heap        ] GC(43)   class space    used 989K, committed 1152K, reserved 1048576K
[2026-08-03T01:15:46.078+0900][2.883s][info ][gc             ] GC(43) Pause Young (Normal) (G1 Evacuation Pause) 116M->101M(224M) 16.703ms
[2026-08-03T01:15:46.078+0900][2.883s][info ][gc,cpu         ] GC(43) User=0.06s Sys=0.02s Real=0.02s
[2026-08-03T01:15:46.078+0900][2.883s][info ][safepoint      ] Safepoint "G1CollectForAllocation", Time since last: 19210500 ns, Reaching safepoint: 77600 ns, At safepoint: 16762300 ns, Total: 16839900 ns
[2026-08-03T01:15:46.112+0900][2.917s][info ][gc,start       ] GC(44) Pause Young (Normal) (G1 Evacuation Pause)
[2026-08-03T01:15:46.112+0900][2.917s][debug][gc,heap        ] GC(44) Heap before GC invocations=44 (full 33):
[2026-08-03T01:15:46.112+0900][2.917s][debug][gc,heap        ] GC(44)  garbage-first heap   total 229376K, used 137097K [0x0000025ea8000000, 0x00000295a8000000)
[2026-08-03T01:15:46.112+0900][2.917s][debug][gc,heap        ] GC(44)   region size 32768K, 2 young (65536K), 1 survivors (32768K)
[2026-08-03T01:15:46.112+0900][2.917s][debug][gc,heap        ] GC(44)  Metaspace       used 10721K, committed 11072K, reserved 1114112K
[2026-08-03T01:15:46.112+0900][2.917s][debug][gc,heap        ] GC(44)   class space    used 993K, committed 1152K, reserved 1048576K
[2026-08-03T01:15:46.113+0900][2.917s][info ][gc,task        ] GC(44) Using 5 workers of 18 for evacuation
[2026-08-03T01:15:46.129+0900][2.934s][info ][gc,phases      ] GC(44)   Pre Evacuate Collection Set: 0.1ms
[2026-08-03T01:15:46.129+0900][2.934s][info ][gc,phases      ] GC(44)   Merge Heap Roots: 0.2ms
[2026-08-03T01:15:46.129+0900][2.934s][info ][gc,phases      ] GC(44)   Evacuate Collection Set: 14.1ms
[2026-08-03T01:15:46.129+0900][2.934s][info ][gc,phases      ] GC(44)   Post Evacuate Collection Set: 2.0ms
[2026-08-03T01:15:46.129+0900][2.934s][info ][gc,phases      ] GC(44)   Other: 0.1ms
[2026-08-03T01:15:46.129+0900][2.934s][info ][gc,heap        ] GC(44) Eden regions: 1->0(6)
[2026-08-03T01:15:46.129+0900][2.934s][info ][gc,heap        ] GC(44) Survivor regions: 1->1(1)
[2026-08-03T01:15:46.129+0900][2.934s][info ][gc,heap        ] GC(44) Old regions: 3->4
[2026-08-03T01:15:46.129+0900][2.934s][info ][gc,heap        ] GC(44) Archive regions: 0->0
[2026-08-03T01:15:46.129+0900][2.934s][info ][gc,heap        ] GC(44) Humongous regions: 0->0
[2026-08-03T01:15:46.129+0900][2.934s][info ][gc,metaspace   ] GC(44) Metaspace: 10721K(11072K)->10721K(11072K) NonClass: 9728K(9920K)->9728K(9920K) Class: 993K(1152K)->993K(1152K)
[2026-08-03T01:15:46.129+0900][2.934s][debug][gc,heap        ] GC(44) Heap after GC invocations=45 (full 33):
[2026-08-03T01:15:46.129+0900][2.934s][debug][gc,heap        ] GC(44)  garbage-first heap   total 1179648K, used 124539K [0x0000025ea8000000, 0x00000295a8000000)
[2026-08-03T01:15:46.129+0900][2.934s][debug][gc,heap        ] GC(44)   region size 32768K, 1 young (32768K), 1 survivors (32768K)
[2026-08-03T01:15:46.129+0900][2.934s][debug][gc,heap        ] GC(44)  Metaspace       used 10721K, committed 11072K, reserved 1114112K
[2026-08-03T01:15:46.129+0900][2.934s][debug][gc,heap        ] GC(44)   class space    used 993K, committed 1152K, reserved 1048576K
[2026-08-03T01:15:46.129+0900][2.934s][info ][gc             ] GC(44) Pause Young (Normal) (G1 Evacuation Pause) 133M->121M(1152M) 16.740ms
[2026-08-03T01:15:46.129+0900][2.934s][info ][gc,cpu         ] GC(44) User=0.08s Sys=0.00s Real=0.02s
[2026-08-03T01:15:46.129+0900][2.934s][info ][safepoint      ] Safepoint "G1CollectForAllocation", Time since last: 34535100 ns, Reaching safepoint: 39399 ns, At safepoint: 16866401 ns, Total: 16905800 ns
[2026-08-03T01:15:46.351+0900][3.156s][info ][gc,start       ] GC(45) Pause Young (Normal) (G1 Evacuation Pause)
[2026-08-03T01:15:46.351+0900][3.156s][debug][gc,heap        ] GC(45) Heap before GC invocations=45 (full 33):
[2026-08-03T01:15:46.351+0900][3.156s][debug][gc,heap        ] GC(45)  garbage-first heap   total 1179648K, used 321147K [0x0000025ea8000000, 0x00000295a8000000)
[2026-08-03T01:15:46.351+0900][3.156s][debug][gc,heap        ] GC(45)   region size 32768K, 7 young (229376K), 1 survivors (32768K)
[2026-08-03T01:15:46.351+0900][3.156s][debug][gc,heap        ] GC(45)  Metaspace       used 10947K, committed 11264K, reserved 1114112K
[2026-08-03T01:15:46.351+0900][3.156s][debug][gc,heap        ] GC(45)   class space    used 996K, committed 1152K, reserved 1048576K
[2026-08-03T01:15:46.351+0900][3.156s][info ][gc,task        ] GC(45) Using 18 workers of 18 for evacuation
[2026-08-03T01:15:46.367+0900][3.172s][info ][gc,phases      ] GC(45)   Pre Evacuate Collection Set: 0.1ms
[2026-08-03T01:15:46.367+0900][3.172s][info ][gc,phases      ] GC(45)   Merge Heap Roots: 0.3ms
[2026-08-03T01:15:46.367+0900][3.172s][info ][gc,phases      ] GC(45)   Evacuate Collection Set: 14.7ms
[2026-08-03T01:15:46.367+0900][3.172s][info ][gc,phases      ] GC(45)   Post Evacuate Collection Set: 0.4ms
[2026-08-03T01:15:46.367+0900][3.172s][info ][gc,phases      ] GC(45)   Other: 0.3ms
[2026-08-03T01:15:46.367+0900][3.172s][info ][gc,heap        ] GC(45) Eden regions: 6->0(6)
[2026-08-03T01:15:46.367+0900][3.172s][info ][gc,heap        ] GC(45) Survivor regions: 1->1(1)
[2026-08-03T01:15:46.367+0900][3.172s][info ][gc,heap        ] GC(45) Old regions: 4->5
[2026-08-03T01:15:46.367+0900][3.172s][info ][gc,heap        ] GC(45) Archive regions: 0->0
[2026-08-03T01:15:46.367+0900][3.172s][info ][gc,heap        ] GC(45) Humongous regions: 0->0
[2026-08-03T01:15:46.367+0900][3.172s][info ][gc,metaspace   ] GC(45) Metaspace: 10947K(11264K)->10947K(11264K) NonClass: 9951K(10112K)->9951K(10112K) Class: 996K(1152K)->996K(1152K)
[2026-08-03T01:15:46.367+0900][3.172s][debug][gc,heap        ] GC(45) Heap after GC invocations=46 (full 33):
[2026-08-03T01:15:46.367+0900][3.172s][debug][gc,heap        ] GC(45)  garbage-first heap   total 1179648K, used 185321K [0x0000025ea8000000, 0x00000295a8000000)
[2026-08-03T01:15:46.367+0900][3.172s][debug][gc,heap        ] GC(45)   region size 32768K, 1 young (32768K), 1 survivors (32768K)
[2026-08-03T01:15:46.367+0900][3.172s][debug][gc,heap        ] GC(45)  Metaspace       used 10947K, committed 11264K, reserved 1114112K
[2026-08-03T01:15:46.367+0900][3.172s][debug][gc,heap        ] GC(45)   class space    used 996K, committed 1152K, reserved 1048576K
[2026-08-03T01:15:46.367+0900][3.172s][info ][gc             ] GC(45) Pause Young (Normal) (G1 Evacuation Pause) 313M->180M(1152M) 16.178ms
[2026-08-03T01:15:46.367+0900][3.172s][info ][gc,cpu         ] GC(45) User=0.22s Sys=0.08s Real=0.02s
[2026-08-03T01:15:46.367+0900][3.172s][info ][safepoint      ] Safepoint "G1CollectForAllocation", Time since last: 221467800 ns, Reaching safepoint: 95200 ns, At safepoint: 16232600 ns, Total: 16327800 ns
[2026-08-03T01:15:46.607+0900][3.412s][info ][gc,start       ] GC(46) Pause Young (Normal) (G1 Evacuation Pause)
[2026-08-03T01:15:46.607+0900][3.412s][debug][gc,heap        ] GC(46) Heap before GC invocations=46 (full 33):
[2026-08-03T01:15:46.607+0900][3.412s][debug][gc,heap        ] GC(46)  garbage-first heap   total 1179648K, used 381929K [0x0000025ea8000000, 0x00000295a8000000)
[2026-08-03T01:15:46.607+0900][3.412s][debug][gc,heap        ] GC(46)   region size 32768K, 7 young (229376K), 1 survivors (32768K)
[2026-08-03T01:15:46.607+0900][3.412s][debug][gc,heap        ] GC(46)  Metaspace       used 10978K, committed 11328K, reserved 1114112K
[2026-08-03T01:15:46.607+0900][3.412s][debug][gc,heap        ] GC(46)   class space    used 997K, committed 1152K, reserved 1048576K
[2026-08-03T01:15:46.607+0900][3.412s][info ][gc,task        ] GC(46) Using 18 workers of 18 for evacuation
[2026-08-03T01:15:46.629+0900][3.434s][info ][gc,phases      ] GC(46)   Pre Evacuate Collection Set: 0.1ms
[2026-08-03T01:15:46.629+0900][3.434s][info ][gc,phases      ] GC(46)   Merge Heap Roots: 0.6ms
[2026-08-03T01:15:46.629+0900][3.434s][info ][gc,phases      ] GC(46)   Evacuate Collection Set: 20.4ms
[2026-08-03T01:15:46.629+0900][3.434s][info ][gc,phases      ] GC(46)   Post Evacuate Collection Set: 0.4ms
[2026-08-03T01:15:46.629+0900][3.434s][info ][gc,phases      ] GC(46)   Other: 0.1ms
[2026-08-03T01:15:46.629+0900][3.434s][info ][gc,heap        ] GC(46) Eden regions: 6->0(6)
[2026-08-03T01:15:46.629+0900][3.434s][info ][gc,heap        ] GC(46) Survivor regions: 1->1(1)
[2026-08-03T01:15:46.629+0900][3.434s][info ][gc,heap        ] GC(46) Old regions: 5->8
[2026-08-03T01:15:46.629+0900][3.434s][info ][gc,heap        ] GC(46) Archive regions: 0->0
[2026-08-03T01:15:46.629+0900][3.434s][info ][gc,heap        ] GC(46) Humongous regions: 0->0
[2026-08-03T01:15:46.629+0900][3.434s][info ][gc,metaspace   ] GC(46) Metaspace: 10978K(11328K)->10978K(11328K) NonClass: 9980K(10176K)->9980K(10176K) Class: 997K(1152K)->997K(1152K)
[2026-08-03T01:15:46.629+0900][3.434s][debug][gc,heap        ] GC(46) Heap after GC invocations=47 (full 33):
[2026-08-03T01:15:46.629+0900][3.434s][debug][gc,heap        ] GC(46)  garbage-first heap   total 1179648K, used 271348K [0x0000025ea8000000, 0x00000295a8000000)
[2026-08-03T01:15:46.629+0900][3.434s][debug][gc,heap        ] GC(46)   region size 32768K, 1 young (32768K), 1 survivors (32768K)
[2026-08-03T01:15:46.629+0900][3.434s][debug][gc,heap        ] GC(46)  Metaspace       used 10978K, committed 11328K, reserved 1114112K
[2026-08-03T01:15:46.629+0900][3.434s][debug][gc,heap        ] GC(46)   class space    used 997K, committed 1152K, reserved 1048576K
[2026-08-03T01:15:46.629+0900][3.434s][info ][gc             ] GC(46) Pause Young (Normal) (G1 Evacuation Pause) 372M->264M(1152M) 22.008ms
[2026-08-03T01:15:46.629+0900][3.434s][info ][gc,cpu         ] GC(46) User=0.20s Sys=0.08s Real=0.02s
[2026-08-03T01:15:46.629+0900][3.434s][info ][safepoint      ] Safepoint "G1CollectForAllocation", Time since last: 240097000 ns, Reaching safepoint: 102100 ns, At safepoint: 22078200 ns, Total: 22180300 ns
[2026-08-03T01:15:46.745+0900][3.550s][info ][gc,start       ] GC(47) Pause Young (Normal) (G1 Evacuation Pause)
[2026-08-03T01:15:46.745+0900][3.550s][debug][gc,heap        ] GC(47) Heap before GC invocations=47 (full 33):
[2026-08-03T01:15:46.745+0900][3.550s][debug][gc,heap        ] GC(47)  garbage-first heap   total 1179648K, used 435188K [0x0000025ea8000000, 0x00000295a8000000)
[2026-08-03T01:15:46.745+0900][3.550s][debug][gc,heap        ] GC(47)   region size 32768K, 7 young (229376K), 1 survivors (32768K)
[2026-08-03T01:15:46.745+0900][3.550s][debug][gc,heap        ] GC(47)  Metaspace       used 10997K, committed 11328K, reserved 1114112K
[2026-08-03T01:15:46.745+0900][3.550s][debug][gc,heap        ] GC(47)   class space    used 998K, committed 1152K, reserved 1048576K
[2026-08-03T01:15:46.745+0900][3.550s][info ][gc,task        ] GC(47) Using 18 workers of 18 for evacuation
[2026-08-03T01:15:46.772+0900][3.577s][info ][gc,phases      ] GC(47)   Pre Evacuate Collection Set: 0.1ms
[2026-08-03T01:15:46.773+0900][3.577s][info ][gc,phases      ] GC(47)   Merge Heap Roots: 0.6ms
[2026-08-03T01:15:46.773+0900][3.577s][info ][gc,phases      ] GC(47)   Evacuate Collection Set: 26.4ms
[2026-08-03T01:15:46.773+0900][3.577s][info ][gc,phases      ] GC(47)   Post Evacuate Collection Set: 0.3ms
[2026-08-03T01:15:46.773+0900][3.577s][info ][gc,phases      ] GC(47)   Other: 0.1ms
[2026-08-03T01:15:46.773+0900][3.577s][info ][gc,heap        ] GC(47) Eden regions: 6->0(6)
[2026-08-03T01:15:46.773+0900][3.577s][info ][gc,heap        ] GC(47) Survivor regions: 1->1(1)
[2026-08-03T01:15:46.773+0900][3.577s][info ][gc,heap        ] GC(47) Old regions: 8->12
[2026-08-03T01:15:46.773+0900][3.577s][info ][gc,heap        ] GC(47) Archive regions: 0->0
[2026-08-03T01:15:46.773+0900][3.577s][info ][gc,heap        ] GC(47) Humongous regions: 0->0
[2026-08-03T01:15:46.773+0900][3.577s][info ][gc,metaspace   ] GC(47) Metaspace: 10997K(11328K)->10997K(11328K) NonClass: 9999K(10176K)->9999K(10176K) Class: 998K(1152K)->998K(1152K)
[2026-08-03T01:15:46.773+0900][3.577s][debug][gc,heap        ] GC(47) Heap after GC invocations=48 (full 33):
[2026-08-03T01:15:46.773+0900][3.577s][debug][gc,heap        ] GC(47)  garbage-first heap   total 1179648K, used 400428K [0x0000025ea8000000, 0x00000295a8000000)
[2026-08-03T01:15:46.773+0900][3.577s][debug][gc,heap        ] GC(47)   region size 32768K, 1 young (32768K), 1 survivors (32768K)
[2026-08-03T01:15:46.773+0900][3.577s][debug][gc,heap        ] GC(47)  Metaspace       used 10997K, committed 11328K, reserved 1114112K
[2026-08-03T01:15:46.773+0900][3.577s][debug][gc,heap        ] GC(47)   class space    used 998K, committed 1152K, reserved 1048576K
[2026-08-03T01:15:46.773+0900][3.578s][info ][gc             ] GC(47) Pause Young (Normal) (G1 Evacuation Pause) 456M->391M(1152M) 27.941ms
[2026-08-03T01:15:46.773+0900][3.578s][info ][gc,cpu         ] GC(47) User=0.47s Sys=0.09s Real=0.03s
[2026-08-03T01:15:46.773+0900][3.578s][info ][safepoint      ] Safepoint "G1CollectForAllocation", Time since last: 115322000 ns, Reaching safepoint: 112700 ns, At safepoint: 28007300 ns, Total: 28120000 ns
[2026-08-03T01:15:46.905+0900][3.710s][info ][gc,start       ] GC(48) Pause Full (System.gc())
[2026-08-03T01:15:46.905+0900][3.710s][debug][gc,heap        ] GC(48) Heap before GC invocations=48 (full 33):
[2026-08-03T01:15:46.905+0900][3.710s][debug][gc,heap        ] GC(48)  garbage-first heap   total 1179648K, used 531500K [0x0000025ea8000000, 0x00000295a8000000)
[2026-08-03T01:15:46.905+0900][3.710s][debug][gc,heap        ] GC(48)   region size 32768K, 6 young (196608K), 1 survivors (32768K)
[2026-08-03T01:15:46.905+0900][3.710s][debug][gc,heap        ] GC(48)  Metaspace       used 11043K, committed 11392K, reserved 1114112K
[2026-08-03T01:15:46.905+0900][3.710s][debug][gc,heap        ] GC(48)   class space    used 1002K, committed 1216K, reserved 1048576K
[2026-08-03T01:15:46.905+0900][3.710s][info ][gc,task        ] GC(48) Using 2 workers of 18 for full compaction
[2026-08-03T01:15:46.905+0900][3.710s][info ][gc,phases,start] GC(48) Phase 1: Mark live objects
[2026-08-03T01:15:47.062+0900][3.866s][info ][gc,phases      ] GC(48) Phase 1: Mark live objects 156.237ms
[2026-08-03T01:15:47.062+0900][3.866s][info ][gc,phases,start] GC(48) Phase 2: Prepare for compaction
[2026-08-03T01:15:47.090+0900][3.894s][info ][gc,phases      ] GC(48) Phase 2: Prepare for compaction 28.004ms
[2026-08-03T01:15:47.090+0900][3.894s][info ][gc,phases,start] GC(48) Phase 3: Adjust pointers
[2026-08-03T01:15:47.170+0900][3.974s][info ][gc,phases      ] GC(48) Phase 3: Adjust pointers 79.921ms
[2026-08-03T01:15:47.170+0900][3.974s][info ][gc,phases,start] GC(48) Phase 4: Compact heap
[2026-08-03T01:15:47.197+0900][4.002s][info ][gc,phases      ] GC(48) Phase 4: Compact heap 27.831ms
[2026-08-03T01:15:47.203+0900][4.008s][debug][gc,heap        ] GC(48) Uncommittable regions after shrink: 2
[2026-08-03T01:15:47.205+0900][4.009s][info ][gc,heap        ] GC(48) Eden regions: 5->0(6)
[2026-08-03T01:15:47.205+0900][4.009s][info ][gc,heap        ] GC(48) Survivor regions: 1->0(1)
[2026-08-03T01:15:47.205+0900][4.009s][info ][gc,heap        ] GC(48) Old regions: 12->10
[2026-08-03T01:15:47.205+0900][4.009s][info ][gc,heap        ] GC(48) Archive regions: 0->0
[2026-08-03T01:15:47.205+0900][4.009s][info ][gc,heap        ] GC(48) Humongous regions: 0->0
[2026-08-03T01:15:47.205+0900][4.009s][info ][gc,metaspace   ] GC(48) Metaspace: 11043K(11392K)->11043K(11392K) NonClass: 10041K(10176K)->10041K(10176K) Class: 1002K(1216K)->1002K(1216K)
[2026-08-03T01:15:47.205+0900][4.009s][debug][gc,heap        ] GC(48) Heap after GC invocations=49 (full 34):
[2026-08-03T01:15:47.205+0900][4.009s][debug][gc,heap        ] GC(48)  garbage-first heap   total 1114112K, used 290738K [0x0000025ea8000000, 0x00000295a8000000)
[2026-08-03T01:15:47.205+0900][4.009s][debug][gc,heap        ] GC(48)   region size 32768K, 0 young (0K), 0 survivors (0K)
[2026-08-03T01:15:47.205+0900][4.009s][debug][gc,heap        ] GC(48)  Metaspace       used 11043K, committed 11392K, reserved 1114112K
[2026-08-03T01:15:47.205+0900][4.009s][debug][gc,heap        ] GC(48)   class space    used 1002K, committed 1216K, reserved 1048576K
[2026-08-03T01:15:47.205+0900][4.010s][info ][gc             ] GC(48) Pause Full (System.gc()) 533M->283M(1088M) 299.658ms
[2026-08-03T01:15:47.205+0900][4.010s][info ][gc,cpu         ] GC(48) User=0.56s Sys=0.00s Real=0.30s
[2026-08-03T01:15:47.205+0900][4.010s][info ][safepoint      ] Safepoint "G1CollectFull", Time since last: 132168900 ns, Reaching safepoint: 108999 ns, At safepoint: 299775501 ns, Total: 299884500 ns
[2026-08-03T01:15:47.324+0900][4.128s][debug][gc,heap        ] Concurrent Uncommit Summary: 65536K, 2 regions, 5.008ms
[2026-08-03T01:15:47.505+0900][4.310s][info ][gc,start       ] GC(49) Pause Young (Normal) (G1 Evacuation Pause)
[2026-08-03T01:15:47.505+0900][4.310s][debug][gc,heap        ] GC(49) Heap before GC invocations=49 (full 34):
[2026-08-03T01:15:47.505+0900][4.310s][debug][gc,heap        ] GC(49)  garbage-first heap   total 1114112K, used 487346K [0x0000025ea8000000, 0x00000295a8000000)
[2026-08-03T01:15:47.505+0900][4.310s][debug][gc,heap        ] GC(49)   region size 32768K, 6 young (196608K), 0 survivors (0K)
[2026-08-03T01:15:47.505+0900][4.310s][debug][gc,heap        ] GC(49)  Metaspace       used 11043K, committed 11392K, reserved 1114112K
[2026-08-03T01:15:47.505+0900][4.310s][debug][gc,heap        ] GC(49)   class space    used 1002K, committed 1216K, reserved 1048576K
[2026-08-03T01:15:47.505+0900][4.310s][info ][gc,task        ] GC(49) Using 18 workers of 18 for evacuation
[2026-08-03T01:15:47.564+0900][4.368s][info ][gc,phases      ] GC(49)   Pre Evacuate Collection Set: 0.1ms
[2026-08-03T01:15:47.564+0900][4.368s][info ][gc,phases      ] GC(49)   Merge Heap Roots: 0.1ms
[2026-08-03T01:15:47.564+0900][4.368s][info ][gc,phases      ] GC(49)   Evacuate Collection Set: 53.1ms
[2026-08-03T01:15:47.564+0900][4.368s][info ][gc,phases      ] GC(49)   Post Evacuate Collection Set: 4.7ms
[2026-08-03T01:15:47.564+0900][4.368s][info ][gc,phases      ] GC(49)   Other: 0.1ms
[2026-08-03T01:15:47.564+0900][4.368s][info ][gc,heap        ] GC(49) Eden regions: 6->0(17)
[2026-08-03T01:15:47.564+0900][4.368s][info ][gc,heap        ] GC(49) Survivor regions: 0->1(1)
[2026-08-03T01:15:47.564+0900][4.368s][info ][gc,heap        ] GC(49) Old regions: 10->13
[2026-08-03T01:15:47.564+0900][4.368s][info ][gc,heap        ] GC(49) Archive regions: 0->0
[2026-08-03T01:15:47.564+0900][4.368s][info ][gc,heap        ] GC(49) Humongous regions: 0->0
[2026-08-03T01:15:47.564+0900][4.368s][info ][gc,metaspace   ] GC(49) Metaspace: 11043K(11392K)->11043K(11392K) NonClass: 10041K(10176K)->10041K(10176K) Class: 1002K(1216K)->1002K(1216K)
[2026-08-03T01:15:47.564+0900][4.368s][debug][gc,heap        ] GC(49) Heap after GC invocations=50 (full 34):
[2026-08-03T01:15:47.564+0900][4.368s][debug][gc,heap        ] GC(49)  garbage-first heap   total 3342336K, used 406989K [0x0000025ea8000000, 0x00000295a8000000)
[2026-08-03T01:15:47.564+0900][4.369s][debug][gc,heap        ] GC(49)   region size 32768K, 1 young (32768K), 1 survivors (32768K)
[2026-08-03T01:15:47.564+0900][4.369s][debug][gc,heap        ] GC(49)  Metaspace       used 11043K, committed 11392K, reserved 1114112K
[2026-08-03T01:15:47.564+0900][4.369s][debug][gc,heap        ] GC(49)   class space    used 1002K, committed 1216K, reserved 1048576K
[2026-08-03T01:15:47.564+0900][4.369s][info ][gc             ] GC(49) Pause Young (Normal) (G1 Evacuation Pause) 475M->397M(3264M) 58.494ms
[2026-08-03T01:15:47.564+0900][4.369s][info ][gc,cpu         ] GC(49) User=0.38s Sys=0.00s Real=0.06s
[2026-08-03T01:15:47.564+0900][4.369s][info ][safepoint      ] Safepoint "G1CollectForAllocation", Time since last: 300378700 ns, Reaching safepoint: 34000 ns, At safepoint: 58621400 ns, Total: 58655400 ns
[2026-08-03T01:15:48.577+0900][5.382s][info ][safepoint      ] Safepoint "Cleanup", Time since last: 1012746600 ns, Reaching safepoint: 142000 ns, At safepoint: 10700 ns, Total: 152700 ns
[2026-08-03T01:15:48.616+0900][5.420s][info ][gc,start       ] GC(50) Pause Young (Normal) (G1 Evacuation Pause)
[2026-08-03T01:15:48.616+0900][5.420s][debug][gc,heap        ] GC(50) Heap before GC invocations=50 (full 34):
[2026-08-03T01:15:48.616+0900][5.420s][debug][gc,heap        ] GC(50)  garbage-first heap   total 3342336K, used 964045K [0x0000025ea8000000, 0x00000295a8000000)
[2026-08-03T01:15:48.616+0900][5.420s][debug][gc,heap        ] GC(50)   region size 32768K, 18 young (589824K), 1 survivors (32768K)
[2026-08-03T01:15:48.616+0900][5.420s][debug][gc,heap        ] GC(50)  Metaspace       used 11050K, committed 11392K, reserved 1114112K
[2026-08-03T01:15:48.616+0900][5.420s][debug][gc,heap        ] GC(50)   class space    used 1002K, committed 1216K, reserved 1048576K
[2026-08-03T01:15:48.616+0900][5.421s][info ][gc,task        ] GC(50) Using 18 workers of 18 for evacuation
[2026-08-03T01:15:48.774+0900][5.579s][info ][gc,phases      ] GC(50)   Pre Evacuate Collection Set: 0.1ms
[2026-08-03T01:15:48.774+0900][5.579s][info ][gc,phases      ] GC(50)   Merge Heap Roots: 0.3ms
[2026-08-03T01:15:48.774+0900][5.579s][info ][gc,phases      ] GC(50)   Evacuate Collection Set: 157.4ms
[2026-08-03T01:15:48.774+0900][5.579s][info ][gc,phases      ] GC(50)   Post Evacuate Collection Set: 0.3ms
[2026-08-03T01:15:48.774+0900][5.579s][info ][gc,phases      ] GC(50)   Other: 0.1ms
[2026-08-03T01:15:48.774+0900][5.579s][info ][gc,heap        ] GC(50) Eden regions: 17->0(12)
[2026-08-03T01:15:48.774+0900][5.579s][info ][gc,heap        ] GC(50) Survivor regions: 1->3(3)
[2026-08-03T01:15:48.774+0900][5.579s][info ][gc,heap        ] GC(50) Old regions: 13->20
[2026-08-03T01:15:48.774+0900][5.579s][info ][gc,heap        ] GC(50) Archive regions: 0->0
[2026-08-03T01:15:48.774+0900][5.579s][info ][gc,heap        ] GC(50) Humongous regions: 1->1
[2026-08-03T01:15:48.774+0900][5.579s][info ][gc,metaspace   ] GC(50) Metaspace: 11050K(11392K)->11050K(11392K) NonClass: 10047K(10176K)->10047K(10176K) Class: 1002K(1216K)->1002K(1216K)
[2026-08-03T01:15:48.774+0900][5.579s][debug][gc,heap        ] GC(50) Heap after GC invocations=51 (full 34):
[2026-08-03T01:15:48.774+0900][5.579s][debug][gc,heap        ] GC(50)  garbage-first heap   total 3342336K, used 728215K [0x0000025ea8000000, 0x00000295a8000000)
[2026-08-03T01:15:48.774+0900][5.579s][debug][gc,heap        ] GC(50)   region size 32768K, 3 young (98304K), 3 survivors (98304K)
[2026-08-03T01:15:48.774+0900][5.579s][debug][gc,heap        ] GC(50)  Metaspace       used 11050K, committed 11392K, reserved 1114112K
[2026-08-03T01:15:48.774+0900][5.579s][debug][gc,heap        ] GC(50)   class space    used 1002K, committed 1216K, reserved 1048576K
[2026-08-03T01:15:48.774+0900][5.579s][info ][gc             ] GC(50) Pause Young (Normal) (G1 Evacuation Pause) 973M->711M(3264M) 158.574ms
[2026-08-03T01:15:48.774+0900][5.579s][info ][gc,cpu         ] GC(50) User=0.97s Sys=0.11s Real=0.16s
[2026-08-03T01:15:48.774+0900][5.579s][info ][safepoint      ] Safepoint "G1CollectForAllocation", Time since last: 38704300 ns, Reaching safepoint: 102400 ns, At safepoint: 158631800 ns, Total: 158734200 ns
[2026-08-03T01:15:49.099+0900][5.904s][info ][gc,start       ] GC(51) Pause Young (Normal) (G1 Evacuation Pause)
[2026-08-03T01:15:49.099+0900][5.904s][debug][gc,heap        ] GC(51) Heap before GC invocations=51 (full 34):
[2026-08-03T01:15:49.099+0900][5.904s][debug][gc,heap        ] GC(51)  garbage-first heap   total 3342336K, used 1121431K [0x0000025ea8000000, 0x00000295a8000000)
[2026-08-03T01:15:49.099+0900][5.904s][debug][gc,heap        ] GC(51)   region size 32768K, 15 young (491520K), 3 survivors (98304K)
[2026-08-03T01:15:49.099+0900][5.904s][debug][gc,heap        ] GC(51)  Metaspace       used 11050K, committed 11392K, reserved 1114112K
[2026-08-03T01:15:49.099+0900][5.904s][debug][gc,heap        ] GC(51)   class space    used 1002K, committed 1216K, reserved 1048576K
[2026-08-03T01:15:49.099+0900][5.904s][info ][gc,task        ] GC(51) Using 18 workers of 18 for evacuation
[2026-08-03T01:15:49.142+0900][5.947s][info ][gc,phases      ] GC(51)   Pre Evacuate Collection Set: 0.1ms
[2026-08-03T01:15:49.142+0900][5.947s][info ][gc,phases      ] GC(51)   Merge Heap Roots: 0.6ms
[2026-08-03T01:15:49.142+0900][5.947s][info ][gc,phases      ] GC(51)   Evacuate Collection Set: 41.5ms
[2026-08-03T01:15:49.142+0900][5.947s][info ][gc,phases      ] GC(51)   Post Evacuate Collection Set: 0.5ms
[2026-08-03T01:15:49.142+0900][5.947s][info ][gc,phases      ] GC(51)   Other: 0.1ms
[2026-08-03T01:15:49.142+0900][5.947s][info ][gc,heap        ] GC(51) Eden regions: 12->0(14)
[2026-08-03T01:15:49.142+0900][5.947s][info ][gc,heap        ] GC(51) Survivor regions: 3->2(2)
[2026-08-03T01:15:49.142+0900][5.947s][info ][gc,heap        ] GC(51) Old regions: 20->27
[2026-08-03T01:15:49.142+0900][5.947s][info ][gc,heap        ] GC(51) Archive regions: 0->0
[2026-08-03T01:15:49.142+0900][5.947s][info ][gc,heap        ] GC(51) Humongous regions: 1->1
[2026-08-03T01:15:49.142+0900][5.947s][info ][gc,metaspace   ] GC(51) Metaspace: 11050K(11392K)->11050K(11392K) NonClass: 10047K(10176K)->10047K(10176K) Class: 1002K(1216K)->1002K(1216K)
[2026-08-03T01:15:49.142+0900][5.947s][debug][gc,heap        ] GC(51) Heap after GC invocations=52 (full 34):
[2026-08-03T01:15:49.142+0900][5.947s][debug][gc,heap        ] GC(51)  garbage-first heap   total 3342336K, used 941302K [0x0000025ea8000000, 0x00000295a8000000)
[2026-08-03T01:15:49.142+0900][5.947s][debug][gc,heap        ] GC(51)   region size 32768K, 2 young (65536K), 2 survivors (65536K)
[2026-08-03T01:15:49.142+0900][5.947s][debug][gc,heap        ] GC(51)  Metaspace       used 11050K, committed 11392K, reserved 1114112K
[2026-08-03T01:15:49.142+0900][5.947s][debug][gc,heap        ] GC(51)   class space    used 1002K, committed 1216K, reserved 1048576K
[2026-08-03T01:15:49.142+0900][5.947s][info ][gc             ] GC(51) Pause Young (Normal) (G1 Evacuation Pause) 1095M->919M(3264M) 43.181ms
[2026-08-03T01:15:49.142+0900][5.947s][info ][gc,cpu         ] GC(51) User=0.61s Sys=0.23s Real=0.04s
[2026-08-03T01:15:49.142+0900][5.947s][info ][safepoint      ] Safepoint "G1CollectForAllocation", Time since last: 324629500 ns, Reaching safepoint: 117799 ns, At safepoint: 43242601 ns, Total: 43360400 ns
[2026-08-03T01:15:49.451+0900][6.256s][info ][gc,start       ] GC(52) Pause Young (Normal) (G1 Evacuation Pause)
[2026-08-03T01:15:49.451+0900][6.256s][debug][gc,heap        ] GC(52) Heap before GC invocations=52 (full 34):
[2026-08-03T01:15:49.451+0900][6.256s][debug][gc,heap        ] GC(52)  garbage-first heap   total 3342336K, used 1367286K [0x0000025ea8000000, 0x00000295a8000000)
[2026-08-03T01:15:49.451+0900][6.256s][debug][gc,heap        ] GC(52)   region size 32768K, 16 young (524288K), 2 survivors (65536K)
[2026-08-03T01:15:49.451+0900][6.256s][debug][gc,heap        ] GC(52)  Metaspace       used 11053K, committed 11392K, reserved 1114112K
[2026-08-03T01:15:49.451+0900][6.256s][debug][gc,heap        ] GC(52)   class space    used 1002K, committed 1216K, reserved 1048576K
[2026-08-03T01:15:49.451+0900][6.256s][info ][gc,task        ] GC(52) Using 18 workers of 18 for evacuation
[2026-08-03T01:15:49.507+0900][6.312s][info ][gc,phases      ] GC(52)   Pre Evacuate Collection Set: 0.1ms
[2026-08-03T01:15:49.507+0900][6.312s][info ][gc,phases      ] GC(52)   Merge Heap Roots: 0.9ms
[2026-08-03T01:15:49.507+0900][6.312s][info ][gc,phases      ] GC(52)   Evacuate Collection Set: 54.1ms
[2026-08-03T01:15:49.507+0900][6.312s][info ][gc,phases      ] GC(52)   Post Evacuate Collection Set: 0.5ms
[2026-08-03T01:15:49.507+0900][6.312s][info ][gc,phases      ] GC(52)   Other: 0.1ms
[2026-08-03T01:15:49.507+0900][6.312s][info ][gc,heap        ] GC(52) Eden regions: 14->0(15)
[2026-08-03T01:15:49.507+0900][6.312s][info ][gc,heap        ] GC(52) Survivor regions: 2->2(2)
[2026-08-03T01:15:49.507+0900][6.312s][info ][gc,heap        ] GC(52) Old regions: 27->36
[2026-08-03T01:15:49.507+0900][6.312s][info ][gc,heap        ] GC(52) Archive regions: 0->0
[2026-08-03T01:15:49.507+0900][6.312s][info ][gc,heap        ] GC(52) Humongous regions: 1->1
[2026-08-03T01:15:49.507+0900][6.312s][info ][gc,metaspace   ] GC(52) Metaspace: 11053K(11392K)->11053K(11392K) NonClass: 10051K(10176K)->10051K(10176K) Class: 1002K(1216K)->1002K(1216K)
[2026-08-03T01:15:49.507+0900][6.312s][debug][gc,heap        ] GC(52) Heap after GC invocations=53 (full 34):
[2026-08-03T01:15:49.507+0900][6.312s][debug][gc,heap        ] GC(52)  garbage-first heap   total 3342336K, used 1227313K [0x0000025ea8000000, 0x00000295a8000000)
[2026-08-03T01:15:49.507+0900][6.312s][debug][gc,heap        ] GC(52)   region size 32768K, 2 young (65536K), 2 survivors (65536K)
[2026-08-03T01:15:49.507+0900][6.312s][debug][gc,heap        ] GC(52)  Metaspace       used 11053K, committed 11392K, reserved 1114112K
[2026-08-03T01:15:49.507+0900][6.312s][debug][gc,heap        ] GC(52)   class space    used 1002K, committed 1216K, reserved 1048576K
[2026-08-03T01:15:49.507+0900][6.312s][info ][gc             ] GC(52) Pause Young (Normal) (G1 Evacuation Pause) 1367M->1198M(3264M) 56.024ms
[2026-08-03T01:15:49.507+0900][6.312s][info ][gc,cpu         ] GC(52) User=0.81s Sys=0.03s Real=0.06s
[2026-08-03T01:15:49.507+0900][6.312s][info ][safepoint      ] Safepoint "G1CollectForAllocation", Time since last: 308719400 ns, Reaching safepoint: 104400 ns, At safepoint: 56087099 ns, Total: 56191499 ns
[2026-08-03T01:15:49.822+0900][6.627s][info ][gc,start       ] GC(53) Pause Young (Normal) (G1 Evacuation Pause)
[2026-08-03T01:15:49.822+0900][6.627s][debug][gc,heap        ] GC(53) Heap before GC invocations=53 (full 34):
[2026-08-03T01:15:49.822+0900][6.627s][debug][gc,heap        ] GC(53)  garbage-first heap   total 3342336K, used 1686065K [0x0000025ea8000000, 0x00000295a8000000)
[2026-08-03T01:15:49.822+0900][6.627s][debug][gc,heap        ] GC(53)   region size 32768K, 15 young (491520K), 2 survivors (65536K)
[2026-08-03T01:15:49.822+0900][6.627s][debug][gc,heap        ] GC(53)  Metaspace       used 11053K, committed 11392K, reserved 1114112K
[2026-08-03T01:15:49.822+0900][6.627s][debug][gc,heap        ] GC(53)   class space    used 1002K, committed 1216K, reserved 1048576K
[2026-08-03T01:15:49.822+0900][6.627s][info ][gc,task        ] GC(53) Using 18 workers of 18 for evacuation
[2026-08-03T01:15:49.889+0900][6.694s][info ][gc,phases      ] GC(53)   Pre Evacuate Collection Set: 0.1ms
[2026-08-03T01:15:49.889+0900][6.694s][info ][gc,phases      ] GC(53)   Merge Heap Roots: 1.8ms
[2026-08-03T01:15:49.889+0900][6.694s][info ][gc,phases      ] GC(53)   Evacuate Collection Set: 57.6ms
[2026-08-03T01:15:49.889+0900][6.694s][info ][gc,phases      ] GC(53)   Post Evacuate Collection Set: 7.6ms
[2026-08-03T01:15:49.889+0900][6.694s][info ][gc,phases      ] GC(53)   Other: 0.1ms
[2026-08-03T01:15:49.889+0900][6.694s][info ][gc,heap        ] GC(53) Eden regions: 13->0(16)
[2026-08-03T01:15:49.889+0900][6.694s][info ][gc,heap        ] GC(53) Survivor regions: 2->2(2)
[2026-08-03T01:15:49.889+0900][6.694s][info ][gc,heap        ] GC(53) Old regions: 36->44
[2026-08-03T01:15:49.889+0900][6.694s][info ][gc,heap        ] GC(53) Archive regions: 0->0
[2026-08-03T01:15:49.889+0900][6.694s][info ][gc,heap        ] GC(53) Humongous regions: 2->2
[2026-08-03T01:15:49.889+0900][6.694s][info ][gc,metaspace   ] GC(53) Metaspace: 11053K(11392K)->11053K(11392K) NonClass: 10051K(10176K)->10051K(10176K) Class: 1002K(1216K)->1002K(1216K)
[2026-08-03T01:15:49.889+0900][6.694s][debug][gc,heap        ] GC(53) Heap after GC invocations=54 (full 34):
[2026-08-03T01:15:49.889+0900][6.694s][debug][gc,heap        ] GC(53)  garbage-first heap   total 7012352K, used 1519602K [0x0000025ea8000000, 0x00000295a8000000)
[2026-08-03T01:15:49.889+0900][6.694s][debug][gc,heap        ] GC(53)   region size 32768K, 2 young (65536K), 2 survivors (65536K)
[2026-08-03T01:15:49.889+0900][6.694s][debug][gc,heap        ] GC(53)  Metaspace       used 11053K, committed 11392K, reserved 1114112K
[2026-08-03T01:15:49.889+0900][6.694s][debug][gc,heap        ] GC(53)   class space    used 1002K, committed 1216K, reserved 1048576K
[2026-08-03T01:15:49.889+0900][6.694s][info ][gc             ] GC(53) Pause Young (Normal) (G1 Evacuation Pause) 1646M->1483M(6848M) 67.472ms
[2026-08-03T01:15:49.889+0900][6.694s][info ][gc,cpu         ] GC(53) User=1.09s Sys=0.05s Real=0.07s
[2026-08-03T01:15:49.889+0900][6.694s][info ][safepoint      ] Safepoint "G1CollectForAllocation", Time since last: 314724600 ns, Reaching safepoint: 107701 ns, At safepoint: 67536799 ns, Total: 67644500 ns
[2026-08-03T01:15:50.335+0900][7.140s][info ][gc,start       ] GC(54) Pause Young (Normal) (G1 Evacuation Pause)
[2026-08-03T01:15:50.336+0900][7.140s][debug][gc,heap        ] GC(54) Heap before GC invocations=54 (full 34):
[2026-08-03T01:15:50.336+0900][7.140s][debug][gc,heap        ] GC(54)  garbage-first heap   total 7012352K, used 2043890K [0x0000025ea8000000, 0x00000295a8000000)
[2026-08-03T01:15:50.336+0900][7.140s][debug][gc,heap        ] GC(54)   region size 32768K, 18 young (589824K), 2 survivors (65536K)
[2026-08-03T01:15:50.336+0900][7.140s][debug][gc,heap        ] GC(54)  Metaspace       used 11053K, committed 11392K, reserved 1114112K
[2026-08-03T01:15:50.336+0900][7.140s][debug][gc,heap        ] GC(54)   class space    used 1002K, committed 1216K, reserved 1048576K
[2026-08-03T01:15:50.336+0900][7.141s][info ][gc,task        ] GC(54) Using 18 workers of 18 for evacuation
[2026-08-03T01:15:50.407+0900][7.212s][info ][gc,phases      ] GC(54)   Pre Evacuate Collection Set: 0.1ms
[2026-08-03T01:15:50.407+0900][7.212s][info ][gc,phases      ] GC(54)   Merge Heap Roots: 1.2ms
[2026-08-03T01:15:50.407+0900][7.212s][info ][gc,phases      ] GC(54)   Evacuate Collection Set: 69.1ms
[2026-08-03T01:15:50.407+0900][7.212s][info ][gc,phases      ] GC(54)   Post Evacuate Collection Set: 0.6ms
[2026-08-03T01:15:50.407+0900][7.212s][info ][gc,phases      ] GC(54)   Other: 0.1ms
[2026-08-03T01:15:50.407+0900][7.212s][info ][gc,heap        ] GC(54) Eden regions: 16->0(18)
[2026-08-03T01:15:50.407+0900][7.212s][info ][gc,heap        ] GC(54) Survivor regions: 2->3(3)
[2026-08-03T01:15:50.407+0900][7.212s][info ][gc,heap        ] GC(54) Old regions: 44->53
[2026-08-03T01:15:50.407+0900][7.212s][info ][gc,heap        ] GC(54) Archive regions: 0->0
[2026-08-03T01:15:50.407+0900][7.212s][info ][gc,heap        ] GC(54) Humongous regions: 2->2
[2026-08-03T01:15:50.407+0900][7.212s][info ][gc,metaspace   ] GC(54) Metaspace: 11053K(11392K)->11053K(11392K) NonClass: 10051K(10176K)->10051K(10176K) Class: 1002K(1216K)->1002K(1216K)
[2026-08-03T01:15:50.407+0900][7.212s][debug][gc,heap        ] GC(54) Heap after GC invocations=55 (full 34):
[2026-08-03T01:15:50.407+0900][7.212s][debug][gc,heap        ] GC(54)  garbage-first heap   total 7012352K, used 1844108K [0x0000025ea8000000, 0x00000295a8000000)
[2026-08-03T01:15:50.407+0900][7.212s][debug][gc,heap        ] GC(54)   region size 32768K, 3 young (98304K), 3 survivors (98304K)
[2026-08-03T01:15:50.407+0900][7.212s][debug][gc,heap        ] GC(54)  Metaspace       used 11053K, committed 11392K, reserved 1114112K
[2026-08-03T01:15:50.407+0900][7.212s][debug][gc,heap        ] GC(54)   class space    used 1002K, committed 1216K, reserved 1048576K
[2026-08-03T01:15:50.407+0900][7.212s][info ][gc             ] GC(54) Pause Young (Normal) (G1 Evacuation Pause) 1995M->1800M(6848M) 71.443ms
[2026-08-03T01:15:50.407+0900][7.212s][info ][gc,cpu         ] GC(54) User=0.95s Sys=0.45s Real=0.07s
[2026-08-03T01:15:50.407+0900][7.212s][info ][safepoint      ] Safepoint "G1CollectForAllocation", Time since last: 445951401 ns, Reaching safepoint: 115200 ns, At safepoint: 71502200 ns, Total: 71617400 ns
[2026-08-03T01:15:51.043+0900][7.847s][info ][gc,start       ] GC(55) Pause Young (Normal) (G1 Evacuation Pause)
[2026-08-03T01:15:51.043+0900][7.847s][debug][gc,heap        ] GC(55) Heap before GC invocations=55 (full 34):
[2026-08-03T01:15:51.043+0900][7.848s][debug][gc,heap        ] GC(55)  garbage-first heap   total 7012352K, used 2335628K [0x0000025ea8000000, 0x00000295a8000000)
[2026-08-03T01:15:51.043+0900][7.848s][debug][gc,heap        ] GC(55)   region size 32768K, 18 young (589824K), 3 survivors (98304K)
[2026-08-03T01:15:51.043+0900][7.848s][debug][gc,heap        ] GC(55)  Metaspace       used 11112K, committed 11456K, reserved 1114112K
[2026-08-03T01:15:51.043+0900][7.848s][debug][gc,heap        ] GC(55)   class space    used 1003K, committed 1216K, reserved 1048576K
[2026-08-03T01:15:51.043+0900][7.848s][info ][gc,task        ] GC(55) Using 18 workers of 18 for evacuation
[2026-08-03T01:15:51.107+0900][7.912s][info ][gc,phases      ] GC(55)   Pre Evacuate Collection Set: 0.1ms
[2026-08-03T01:15:51.107+0900][7.912s][info ][gc,phases      ] GC(55)   Merge Heap Roots: 1.6ms
[2026-08-03T01:15:51.107+0900][7.912s][info ][gc,phases      ] GC(55)   Evacuate Collection Set: 61.6ms
[2026-08-03T01:15:51.107+0900][7.912s][info ][gc,phases      ] GC(55)   Post Evacuate Collection Set: 1.0ms
[2026-08-03T01:15:51.107+0900][7.912s][info ][gc,phases      ] GC(55)   Other: 0.1ms
[2026-08-03T01:15:51.107+0900][7.912s][info ][gc,heap        ] GC(55) Eden regions: 15->0(18)
[2026-08-03T01:15:51.107+0900][7.912s][info ][gc,heap        ] GC(55) Survivor regions: 3->3(3)
[2026-08-03T01:15:51.107+0900][7.912s][info ][gc,heap        ] GC(55) Old regions: 53->59
[2026-08-03T01:15:51.107+0900][7.912s][info ][gc,heap        ] GC(55) Archive regions: 0->0
[2026-08-03T01:15:51.107+0900][7.912s][info ][gc,heap        ] GC(55) Humongous regions: 2->2
[2026-08-03T01:15:51.107+0900][7.912s][info ][gc,metaspace   ] GC(55) Metaspace: 11112K(11456K)->11112K(11456K) NonClass: 10108K(10240K)->10108K(10240K) Class: 1003K(1216K)->1003K(1216K)
[2026-08-03T01:15:51.107+0900][7.912s][debug][gc,heap        ] GC(55) Heap after GC invocations=56 (full 34):
[2026-08-03T01:15:51.107+0900][7.912s][debug][gc,heap        ] GC(55)  garbage-first heap   total 7012352K, used 2036126K [0x0000025ea8000000, 0x00000295a8000000)
[2026-08-03T01:15:51.107+0900][7.912s][debug][gc,heap        ] GC(55)   region size 32768K, 3 young (98304K), 3 survivors (98304K)
[2026-08-03T01:15:51.107+0900][7.912s][debug][gc,heap        ] GC(55)  Metaspace       used 11112K, committed 11456K, reserved 1114112K
[2026-08-03T01:15:51.107+0900][7.912s][debug][gc,heap        ] GC(55)   class space    used 1003K, committed 1216K, reserved 1048576K
[2026-08-03T01:15:51.107+0900][7.912s][info ][gc             ] GC(55) Pause Young (Normal) (G1 Evacuation Pause) 2280M->1988M(6848M) 64.851ms
[2026-08-03T01:15:51.107+0900][7.912s][info ][gc,cpu         ] GC(55) User=1.00s Sys=0.17s Real=0.06s
[2026-08-03T01:15:51.107+0900][7.912s][info ][safepoint      ] Safepoint "G1CollectForAllocation", Time since last: 635470299 ns, Reaching safepoint: 101001 ns, At safepoint: 64910199 ns, Total: 65011200 ns
[2026-08-03T01:15:51.512+0900][8.317s][info ][gc,start       ] GC(56) Pause Young (Normal) (G1 Evacuation Pause)
[2026-08-03T01:15:51.512+0900][8.317s][debug][gc,heap        ] GC(56) Heap before GC invocations=56 (full 34):
[2026-08-03T01:15:51.512+0900][8.317s][debug][gc,heap        ] GC(56)  garbage-first heap   total 7012352K, used 2265502K [0x0000025ea8000000, 0x00000295a8000000)
[2026-08-03T01:15:51.512+0900][8.317s][debug][gc,heap        ] GC(56)   region size 32768K, 10 young (327680K), 3 survivors (98304K)
[2026-08-03T01:15:51.512+0900][8.317s][debug][gc,heap        ] GC(56)  Metaspace       used 11112K, committed 11456K, reserved 1114112K
[2026-08-03T01:15:51.512+0900][8.317s][debug][gc,heap        ] GC(56)   class space    used 1003K, committed 1216K, reserved 1048576K
[2026-08-03T01:15:51.512+0900][8.317s][info ][gc,task        ] GC(56) Using 18 workers of 18 for evacuation
[2026-08-03T01:15:51.546+0900][8.350s][info ][gc,phases      ] GC(56)   Pre Evacuate Collection Set: 0.1ms
[2026-08-03T01:15:51.546+0900][8.350s][info ][gc,phases      ] GC(56)   Merge Heap Roots: 1.7ms
[2026-08-03T01:15:51.546+0900][8.350s][info ][gc,phases      ] GC(56)   Evacuate Collection Set: 31.0ms
[2026-08-03T01:15:51.546+0900][8.350s][info ][gc,phases      ] GC(56)   Post Evacuate Collection Set: 0.4ms
[2026-08-03T01:15:51.546+0900][8.350s][info ][gc,phases      ] GC(56)   Other: 0.1ms
[2026-08-03T01:15:51.546+0900][8.350s][info ][gc,heap        ] GC(56) Eden regions: 7->0(29)
[2026-08-03T01:15:51.546+0900][8.351s][info ][gc,heap        ] GC(56) Survivor regions: 3->1(2)
[2026-08-03T01:15:51.546+0900][8.351s][info ][gc,heap        ] GC(56) Old regions: 59->62
[2026-08-03T01:15:51.546+0900][8.351s][info ][gc,heap        ] GC(56) Archive regions: 0->0
[2026-08-03T01:15:51.546+0900][8.351s][info ][gc,heap        ] GC(56) Humongous regions: 2->2
[2026-08-03T01:15:51.546+0900][8.351s][info ][gc,metaspace   ] GC(56) Metaspace: 11112K(11456K)->11112K(11456K) NonClass: 10108K(10240K)->10108K(10240K) Class: 1003K(1216K)->1003K(1216K)
[2026-08-03T01:15:51.546+0900][8.351s][debug][gc,heap        ] GC(56) Heap after GC invocations=57 (full 34):
[2026-08-03T01:15:51.546+0900][8.351s][debug][gc,heap        ] GC(56)  garbage-first heap   total 7012352K, used 2075631K [0x0000025ea8000000, 0x00000295a8000000)
[2026-08-03T01:15:51.546+0900][8.351s][debug][gc,heap        ] GC(56)   region size 32768K, 1 young (32768K), 1 survivors (32768K)
[2026-08-03T01:15:51.546+0900][8.351s][debug][gc,heap        ] GC(56)  Metaspace       used 11112K, committed 11456K, reserved 1114112K
[2026-08-03T01:15:51.546+0900][8.351s][debug][gc,heap        ] GC(56)   class space    used 1003K, committed 1216K, reserved 1048576K
[2026-08-03T01:15:51.546+0900][8.351s][info ][gc             ] GC(56) Pause Young (Normal) (G1 Evacuation Pause) 2212M->2026M(6848M) 33.731ms
[2026-08-03T01:15:51.546+0900][8.351s][info ][gc,cpu         ] GC(56) User=0.70s Sys=0.14s Real=0.03s
[2026-08-03T01:15:51.546+0900][8.351s][info ][safepoint      ] Safepoint "G1CollectForAllocation", Time since last: 404455301 ns, Reaching safepoint: 102800 ns, At safepoint: 33790599 ns, Total: 33893399 ns
[2026-08-03T01:15:52.553+0900][9.358s][info ][safepoint      ] Safepoint "Cleanup", Time since last: 1006705701 ns, Reaching safepoint: 116699 ns, At safepoint: 12701 ns, Total: 129400 ns
[2026-08-03T01:15:53.555+0900][10.360s][info ][safepoint      ] Safepoint "Cleanup", Time since last: 1001932599 ns, Reaching safepoint: 163701 ns, At safepoint: 9000 ns, Total: 172701 ns
[2026-08-03T01:16:06.011+0900][22.816s][info ][gc,start       ] GC(57) Pause Young (Normal) (G1 Evacuation Pause)
[2026-08-03T01:16:06.011+0900][22.816s][debug][gc,heap        ] GC(57) Heap before GC invocations=57 (full 34):
[2026-08-03T01:16:06.011+0900][22.816s][debug][gc,heap        ] GC(57)  garbage-first heap   total 7012352K, used 3025903K [0x0000025ea8000000, 0x00000295a8000000)
[2026-08-03T01:16:06.011+0900][22.816s][debug][gc,heap        ] GC(57)   region size 32768K, 30 young (983040K), 1 survivors (32768K)
[2026-08-03T01:16:06.011+0900][22.816s][debug][gc,heap        ] GC(57)  Metaspace       used 11153K, committed 11520K, reserved 1114112K
[2026-08-03T01:16:06.011+0900][22.816s][debug][gc,heap        ] GC(57)   class space    used 1003K, committed 1216K, reserved 1048576K
[2026-08-03T01:16:06.011+0900][22.816s][info ][gc,task        ] GC(57) Using 18 workers of 18 for evacuation
[2026-08-03T01:16:06.052+0900][22.857s][info ][gc,phases      ] GC(57)   Pre Evacuate Collection Set: 0.1ms
[2026-08-03T01:16:06.052+0900][22.857s][info ][gc,phases      ] GC(57)   Merge Heap Roots: 1.1ms
[2026-08-03T01:16:06.052+0900][22.857s][info ][gc,phases      ] GC(57)   Evacuate Collection Set: 27.0ms
[2026-08-03T01:16:06.052+0900][22.857s][info ][gc,phases      ] GC(57)   Post Evacuate Collection Set: 12.9ms
[2026-08-03T01:16:06.052+0900][22.857s][info ][gc,phases      ] GC(57)   Other: 0.1ms
[2026-08-03T01:16:06.052+0900][22.857s][info ][gc,heap        ] GC(57) Eden regions: 29->0(82)
[2026-08-03T01:16:06.052+0900][22.857s][info ][gc,heap        ] GC(57) Survivor regions: 1->3(4)
[2026-08-03T01:16:06.052+0900][22.857s][info ][gc,heap        ] GC(57) Old regions: 62->62
[2026-08-03T01:16:06.052+0900][22.857s][info ][gc,heap        ] GC(57) Archive regions: 0->0
[2026-08-03T01:16:06.052+0900][22.857s][info ][gc,heap        ] GC(57) Humongous regions: 2->2
[2026-08-03T01:16:06.052+0900][22.857s][info ][gc,metaspace   ] GC(57) Metaspace: 11153K(11520K)->11153K(11520K) NonClass: 10149K(10304K)->10149K(10304K) Class: 1003K(1216K)->1003K(1216K)
[2026-08-03T01:16:06.052+0900][22.857s][debug][gc,heap        ] GC(57) Heap after GC invocations=58 (full 34):
[2026-08-03T01:16:06.052+0900][22.857s][debug][gc,heap        ] GC(57)  garbage-first heap   total 14024704K, used 2128223K [0x0000025ea8000000, 0x00000295a8000000)
[2026-08-03T01:16:06.052+0900][22.857s][debug][gc,heap        ] GC(57)   region size 32768K, 3 young (98304K), 3 survivors (98304K)
[2026-08-03T01:16:06.052+0900][22.857s][debug][gc,heap        ] GC(57)  Metaspace       used 11153K, committed 11520K, reserved 1114112K
[2026-08-03T01:16:06.052+0900][22.857s][debug][gc,heap        ] GC(57)   class space    used 1003K, committed 1216K, reserved 1048576K
[2026-08-03T01:16:06.052+0900][22.857s][info ][gc             ] GC(57) Pause Young (Normal) (G1 Evacuation Pause) 2954M->2078M(13696M) 41.541ms
[2026-08-03T01:16:06.052+0900][22.857s][info ][gc,cpu         ] GC(57) User=0.50s Sys=0.08s Real=0.04s
[2026-08-03T01:16:06.053+0900][22.857s][info ][safepoint      ] Safepoint "G1CollectForAllocation", Time since last: 12456045700 ns, Reaching safepoint: 107900 ns, At safepoint: 41645700 ns, Total: 41753600 ns
[2026-08-03T01:16:17.122+0900][33.927s][info ][safepoint      ] Safepoint "Cleanup", Time since last: 11069022100 ns, Reaching safepoint: 147600 ns, At safepoint: 9699 ns, Total: 157299 ns
[2026-08-03T01:16:19.135+0900][35.940s][info ][safepoint      ] Safepoint "Cleanup", Time since last: 2012842401 ns, Reaching safepoint: 164499 ns, At safepoint: 9001 ns, Total: 173500 ns
[2026-08-03T01:16:43.488+0900][60.293s][info ][safepoint      ] Safepoint "PrintThreads", Time since last: 24352910999 ns, Reaching safepoint: 127601 ns, At safepoint: 476399 ns, Total: 604000 ns
[2026-08-03T01:16:43.488+0900][60.293s][info ][safepoint      ] Safepoint "FindDeadlocks", Time since last: 64300 ns, Reaching safepoint: 55201 ns, At safepoint: 18200 ns, Total: 73401 ns
[2026-08-03T01:17:43.500+0900][120.305s][info ][safepoint      ] Safepoint "PrintThreads", Time since last: 60011306500 ns, Reaching safepoint: 144700 ns, At safepoint: 458199 ns, Total: 602899 ns
[2026-08-03T01:17:43.500+0900][120.305s][info ][safepoint      ] Safepoint "FindDeadlocks", Time since last: 64600 ns, Reaching safepoint: 68800 ns, At safepoint: 11700 ns, Total: 80500 ns
[2026-08-03T01:18:36.813+0900][173.618s][info ][safepoint      ] Safepoint "Cleanup", Time since last: 53312205201 ns, Reaching safepoint: 135700 ns, At safepoint: 15900 ns, Total: 151600 ns
[2026-08-03T01:18:43.514+0900][180.319s][info ][safepoint      ] Safepoint "PrintThreads", Time since last: 6700898799 ns, Reaching safepoint: 130501 ns, At safepoint: 458099 ns, Total: 588600 ns
[2026-08-03T01:18:43.514+0900][180.319s][info ][safepoint      ] Safepoint "FindDeadlocks", Time since last: 72500 ns, Reaching safepoint: 70401 ns, At safepoint: 11500 ns, Total: 81901 ns
[2026-08-03T01:18:46.530+0900][183.335s][info ][safepoint      ] Safepoint "Cleanup", Time since last: 3015194999 ns, Reaching safepoint: 165601 ns, At safepoint: 9700 ns, Total: 175301 ns
[2026-08-03T01:18:49.552+0900][186.357s][info ][safepoint      ] Safepoint "Cleanup", Time since last: 3021812800 ns, Reaching safepoint: 139300 ns, At safepoint: 12300 ns, Total: 151600 ns
[2026-08-03T01:18:52.570+0900][189.375s][info ][safepoint      ] Safepoint "Cleanup", Time since last: 3017872600 ns, Reaching safepoint: 176300 ns, At safepoint: 12500 ns, Total: 188800 ns
[2026-08-03T01:18:54.929+0900][191.734s][info ][gc,start       ] GC(58) Pause Young (Normal) (G1 Evacuation Pause)
[2026-08-03T01:18:54.929+0900][191.734s][debug][gc,heap        ] GC(58) Heap before GC invocations=58 (full 34):
[2026-08-03T01:18:54.929+0900][191.734s][debug][gc,heap        ] GC(58)  garbage-first heap   total 14024704K, used 4815199K [0x0000025ea8000000, 0x00000295a8000000)
[2026-08-03T01:18:54.929+0900][191.734s][debug][gc,heap        ] GC(58)   region size 32768K, 85 young (2785280K), 3 survivors (98304K)
[2026-08-03T01:18:54.929+0900][191.734s][debug][gc,heap        ] GC(58)  Metaspace       used 11169K, committed 11584K, reserved 1114112K
[2026-08-03T01:18:54.929+0900][191.734s][debug][gc,heap        ] GC(58)   class space    used 1003K, committed 1216K, reserved 1048576K
[2026-08-03T01:18:54.929+0900][191.734s][info ][gc,task        ] GC(58) Using 18 workers of 18 for evacuation
[2026-08-03T01:18:55.067+0900][191.872s][info ][gc,phases      ] GC(58)   Pre Evacuate Collection Set: 0.1ms
[2026-08-03T01:18:55.067+0900][191.872s][info ][gc,phases      ] GC(58)   Merge Heap Roots: 0.9ms
[2026-08-03T01:18:55.067+0900][191.872s][info ][gc,phases      ] GC(58)   Evacuate Collection Set: 136.4ms
[2026-08-03T01:18:55.067+0900][191.872s][info ][gc,phases      ] GC(58)   Post Evacuate Collection Set: 0.5ms
[2026-08-03T01:18:55.067+0900][191.872s][info ][gc,phases      ] GC(58)   Other: 0.1ms
[2026-08-03T01:18:55.067+0900][191.872s][info ][gc,heap        ] GC(58) Eden regions: 82->0(30)
[2026-08-03T01:18:55.067+0900][191.872s][info ][gc,heap        ] GC(58) Survivor regions: 3->11(11)
[2026-08-03T01:18:55.067+0900][191.872s][info ][gc,heap        ] GC(58) Old regions: 62->75
[2026-08-03T01:18:55.067+0900][191.872s][info ][gc,heap        ] GC(58) Archive regions: 0->0
[2026-08-03T01:18:55.067+0900][191.872s][info ][gc,heap        ] GC(58) Humongous regions: 2->2
[2026-08-03T01:18:55.067+0900][191.872s][info ][gc,metaspace   ] GC(58) Metaspace: 11169K(11584K)->11169K(11584K) NonClass: 10165K(10368K)->10165K(10368K) Class: 1003K(1216K)->1003K(1216K)
[2026-08-03T01:18:55.067+0900][191.872s][debug][gc,heap        ] GC(58) Heap after GC invocations=59 (full 34):
[2026-08-03T01:18:55.067+0900][191.872s][debug][gc,heap        ] GC(58)  garbage-first heap   total 14024704K, used 2835380K [0x0000025ea8000000, 0x00000295a8000000)
[2026-08-03T01:18:55.067+0900][191.872s][debug][gc,heap        ] GC(58)   region size 32768K, 11 young (360448K), 11 survivors (360448K)
[2026-08-03T01:18:55.067+0900][191.872s][debug][gc,heap        ] GC(58)  Metaspace       used 11169K, committed 11584K, reserved 1114112K
[2026-08-03T01:18:55.067+0900][191.872s][debug][gc,heap        ] GC(58)   class space    used 1003K, committed 1216K, reserved 1048576K
[2026-08-03T01:18:55.067+0900][191.872s][info ][gc             ] GC(58) Pause Young (Normal) (G1 Evacuation Pause) 4702M->2768M(13696M) 138.514ms
[2026-08-03T01:18:55.067+0900][191.872s][info ][gc,cpu         ] GC(58) User=2.09s Sys=0.44s Real=0.14s
[2026-08-03T01:18:55.067+0900][191.872s][info ][safepoint      ] Safepoint "G1CollectForAllocation", Time since last: 2358845200 ns, Reaching safepoint: 144099 ns, At safepoint: 138570201 ns, Total: 138714300 ns
[2026-08-03T01:19:12.166+0900][208.971s][info ][safepoint      ] Safepoint "Cleanup", Time since last: 17098240400 ns, Reaching safepoint: 131900 ns, At safepoint: 13900 ns, Total: 145800 ns
[2026-08-03T01:19:12.641+0900][209.446s][info ][gc,start       ] GC(59) Pause Full (System.gc())
[2026-08-03T01:19:12.641+0900][209.446s][debug][gc,heap        ] GC(59) Heap before GC invocations=59 (full 34):
[2026-08-03T01:19:12.641+0900][209.446s][debug][gc,heap        ] GC(59)  garbage-first heap   total 14024704K, used 3392436K [0x0000025ea8000000, 0x00000295a8000000)
[2026-08-03T01:19:12.641+0900][209.446s][debug][gc,heap        ] GC(59)   region size 32768K, 29 young (950272K), 11 survivors (360448K)
[2026-08-03T01:19:12.641+0900][209.446s][debug][gc,heap        ] GC(59)  Metaspace       used 11244K, committed 11648K, reserved 1114112K
[2026-08-03T01:19:12.641+0900][209.446s][debug][gc,heap        ] GC(59)   class space    used 1015K, committed 1216K, reserved 1048576K
[2026-08-03T01:19:12.641+0900][209.446s][info ][gc,task        ] GC(59) Using 18 workers of 18 for full compaction
[2026-08-03T01:19:12.641+0900][209.446s][info ][gc,phases,start] GC(59) Phase 1: Mark live objects
[2026-08-03T01:19:12.857+0900][209.662s][info ][gc,phases      ] GC(59) Phase 1: Mark live objects 215.670ms
[2026-08-03T01:19:12.857+0900][209.662s][info ][gc,phases,start] GC(59) Phase 2: Prepare for compaction
[2026-08-03T01:19:12.898+0900][209.703s][info ][gc,phases      ] GC(59) Phase 2: Prepare for compaction 40.536ms
[2026-08-03T01:19:12.898+0900][209.703s][info ][gc,phases,start] GC(59) Phase 3: Adjust pointers
[2026-08-03T01:19:12.990+0900][209.795s][info ][gc,phases      ] GC(59) Phase 3: Adjust pointers 92.638ms
[2026-08-03T01:19:12.990+0900][209.795s][info ][gc,phases,start] GC(59) Phase 4: Compact heap
[2026-08-03T01:19:13.038+0900][209.843s][info ][gc,phases      ] GC(59) Phase 4: Compact heap 47.555ms
[2026-08-03T01:19:13.077+0900][209.882s][debug][gc,heap        ] GC(59) Uncommittable regions after shrink: 134
[2026-08-03T01:19:13.079+0900][209.884s][info ][gc,heap        ] GC(59) Eden regions: 18->0(33)
[2026-08-03T01:19:13.079+0900][209.884s][info ][gc,heap        ] GC(59) Survivor regions: 11->0(11)
[2026-08-03T01:19:13.079+0900][209.884s][info ][gc,heap        ] GC(59) Old regions: 75->86
[2026-08-03T01:19:13.079+0900][209.884s][info ][gc,heap        ] GC(59) Archive regions: 0->0
[2026-08-03T01:19:13.079+0900][209.884s][info ][gc,heap        ] GC(59) Humongous regions: 2->2
[2026-08-03T01:19:13.079+0900][209.884s][info ][gc,metaspace   ] GC(59) Metaspace: 11244K(11648K)->11244K(11648K) NonClass: 10229K(10432K)->10229K(10432K) Class: 1015K(1216K)->1015K(1216K)
[2026-08-03T01:19:13.079+0900][209.884s][debug][gc,heap        ] GC(59) Heap after GC invocations=60 (full 35):
[2026-08-03T01:19:13.079+0900][209.884s][debug][gc,heap        ] GC(59)  garbage-first heap   total 9633792K, used 2552372K [0x0000025ea8000000, 0x00000295a8000000)
[2026-08-03T01:19:13.079+0900][209.884s][debug][gc,heap        ] GC(59)   region size 32768K, 0 young (0K), 0 survivors (0K)
[2026-08-03T01:19:13.079+0900][209.884s][debug][gc,heap        ] GC(59)  Metaspace       used 11244K, committed 11648K, reserved 1114112K
[2026-08-03T01:19:13.079+0900][209.884s][debug][gc,heap        ] GC(59)   class space    used 1015K, committed 1216K, reserved 1048576K
[2026-08-03T01:19:13.079+0900][209.884s][info ][gc             ] GC(59) Pause Full (System.gc()) 3328M->2492M(9408M) 437.959ms
[2026-08-03T01:19:13.079+0900][209.884s][info ][gc,cpu         ] GC(59) User=6.80s Sys=0.59s Real=0.44s
[2026-08-03T01:19:13.079+0900][209.884s][info ][safepoint      ] Safepoint "G1CollectFull", Time since last: 474999000 ns, Reaching safepoint: 102800 ns, At safepoint: 438019199 ns, Total: 438121999 ns
[2026-08-03T01:19:14.017+0900][210.822s][debug][gc,heap        ] Concurrent Uncommit Summary: 4288M, 134 regions, 149.821ms
[2026-08-03T01:19:14.094+0900][210.899s][info ][safepoint      ] Safepoint "Cleanup", Time since last: 1014745001 ns, Reaching safepoint: 153599 ns, At safepoint: 9401 ns, Total: 163000 ns
[2026-08-03T01:19:14.466+0900][211.271s][info ][gc,start       ] GC(60) Pause Young (Normal) (G1 Evacuation Pause)
[2026-08-03T01:19:14.466+0900][211.271s][debug][gc,heap        ] GC(60) Heap before GC invocations=60 (full 35):
[2026-08-03T01:19:14.466+0900][211.271s][debug][gc,heap        ] GC(60)  garbage-first heap   total 9633792K, used 3633716K [0x0000025ea8000000, 0x00000295a8000000)
[2026-08-03T01:19:14.466+0900][211.271s][debug][gc,heap        ] GC(60)   region size 32768K, 33 young (1081344K), 0 survivors (0K)
[2026-08-03T01:19:14.466+0900][211.271s][debug][gc,heap        ] GC(60)  Metaspace       used 11246K, committed 11648K, reserved 1114112K
[2026-08-03T01:19:14.466+0900][211.271s][debug][gc,heap        ] GC(60)   class space    used 1015K, committed 1216K, reserved 1048576K
[2026-08-03T01:19:14.466+0900][211.271s][info ][gc,task        ] GC(60) Using 18 workers of 18 for evacuation
[2026-08-03T01:19:14.567+0900][211.372s][info ][gc,phases      ] GC(60)   Pre Evacuate Collection Set: 0.1ms
[2026-08-03T01:19:14.567+0900][211.372s][info ][gc,phases      ] GC(60)   Merge Heap Roots: 0.7ms
[2026-08-03T01:19:14.567+0900][211.372s][info ][gc,phases      ] GC(60)   Evacuate Collection Set: 99.3ms
[2026-08-03T01:19:14.567+0900][211.372s][info ][gc,phases      ] GC(60)   Post Evacuate Collection Set: 0.9ms
[2026-08-03T01:19:14.567+0900][211.372s][info ][gc,phases      ] GC(60)   Other: 0.1ms
[2026-08-03T01:19:14.567+0900][211.372s][info ][gc,heap        ] GC(60) Eden regions: 33->0(33)
[2026-08-03T01:19:14.567+0900][211.372s][info ][gc,heap        ] GC(60) Survivor regions: 0->5(5)
[2026-08-03T01:19:14.567+0900][211.372s][info ][gc,heap        ] GC(60) Old regions: 86->98
[2026-08-03T01:19:14.567+0900][211.372s][info ][gc,heap        ] GC(60) Archive regions: 0->0
[2026-08-03T01:19:14.567+0900][211.372s][info ][gc,heap        ] GC(60) Humongous regions: 2->2
[2026-08-03T01:19:14.567+0900][211.372s][info ][gc,metaspace   ] GC(60) Metaspace: 11246K(11648K)->11246K(11648K) NonClass: 10231K(10432K)->10231K(10432K) Class: 1015K(1216K)->1015K(1216K)
[2026-08-03T01:19:14.567+0900][211.372s][debug][gc,heap        ] GC(60) Heap after GC invocations=61 (full 35):
[2026-08-03T01:19:14.567+0900][211.372s][debug][gc,heap        ] GC(60)  garbage-first heap   total 9633792K, used 3109428K [0x0000025ea8000000, 0x00000295a8000000)
[2026-08-03T01:19:14.567+0900][211.372s][debug][gc,heap        ] GC(60)   region size 32768K, 5 young (163840K), 5 survivors (163840K)
[2026-08-03T01:19:14.567+0900][211.372s][debug][gc,heap        ] GC(60)  Metaspace       used 11246K, committed 11648K, reserved 1114112K
[2026-08-03T01:19:14.567+0900][211.372s][debug][gc,heap        ] GC(60)   class space    used 1015K, committed 1216K, reserved 1048576K
[2026-08-03T01:19:14.567+0900][211.372s][info ][gc             ] GC(60) Pause Young (Normal) (G1 Evacuation Pause) 3548M->3036M(9408M) 101.434ms
[2026-08-03T01:19:14.567+0900][211.372s][info ][gc,cpu         ] GC(60) User=1.44s Sys=0.25s Real=0.10s
[2026-08-03T01:19:14.567+0900][211.372s][info ][safepoint      ] Safepoint "G1CollectForAllocation", Time since last: 371761700 ns, Reaching safepoint: 106699 ns, At safepoint: 101492101 ns, Total: 101598800 ns
[2026-08-03T01:19:15.157+0900][211.962s][info ][gc,start       ] GC(61) Pause Young (Normal) (G1 Evacuation Pause)
[2026-08-03T01:19:15.157+0900][211.962s][debug][gc,heap        ] GC(61) Heap before GC invocations=61 (full 35):
[2026-08-03T01:19:15.157+0900][211.962s][debug][gc,heap        ] GC(61)  garbage-first heap   total 9633792K, used 3764788K [0x0000025ea8000000, 0x00000295a8000000)
[2026-08-03T01:19:15.157+0900][211.962s][debug][gc,heap        ] GC(61)   region size 32768K, 23 young (753664K), 5 survivors (163840K)
[2026-08-03T01:19:15.157+0900][211.962s][debug][gc,heap        ] GC(61)  Metaspace       used 11293K, committed 11648K, reserved 1114112K
[2026-08-03T01:19:15.157+0900][211.962s][debug][gc,heap        ] GC(61)   class space    used 1021K, committed 1216K, reserved 1048576K
[2026-08-03T01:19:15.157+0900][211.962s][info ][gc,task        ] GC(61) Using 18 workers of 18 for evacuation
[2026-08-03T01:19:15.248+0900][212.053s][info ][gc,phases      ] GC(61)   Pre Evacuate Collection Set: 0.1ms
[2026-08-03T01:19:15.248+0900][212.053s][info ][gc,phases      ] GC(61)   Merge Heap Roots: 4.6ms
[2026-08-03T01:19:15.248+0900][212.053s][info ][gc,phases      ] GC(61)   Evacuate Collection Set: 85.3ms
[2026-08-03T01:19:15.248+0900][212.053s][info ][gc,phases      ] GC(61)   Post Evacuate Collection Set: 0.8ms
[2026-08-03T01:19:15.248+0900][212.053s][info ][gc,phases      ] GC(61)   Other: 0.1ms
[2026-08-03T01:19:15.248+0900][212.053s][info ][gc,heap        ] GC(61) Eden regions: 18->0(30)
[2026-08-03T01:19:15.248+0900][212.053s][info ][gc,heap        ] GC(61) Survivor regions: 5->3(3)
[2026-08-03T01:19:15.248+0900][212.053s][info ][gc,heap        ] GC(61) Old regions: 98->111
[2026-08-03T01:19:15.248+0900][212.053s][info ][gc,heap        ] GC(61) Archive regions: 0->0
[2026-08-03T01:19:15.248+0900][212.053s][info ][gc,heap        ] GC(61) Humongous regions: 4->4
[2026-08-03T01:19:15.248+0900][212.053s][info ][gc,metaspace   ] GC(61) Metaspace: 11293K(11648K)->11293K(11648K) NonClass: 10271K(10432K)->10271K(10432K) Class: 1021K(1216K)->1021K(1216K)
[2026-08-03T01:19:15.248+0900][212.053s][debug][gc,heap        ] GC(61) Heap after GC invocations=62 (full 35):
[2026-08-03T01:19:15.248+0900][212.053s][debug][gc,heap        ] GC(61)  garbage-first heap   total 9633792K, used 3535412K [0x0000025ea8000000, 0x00000295a8000000)
[2026-08-03T01:19:15.248+0900][212.053s][debug][gc,heap        ] GC(61)   region size 32768K, 3 young (98304K), 3 survivors (98304K)
[2026-08-03T01:19:15.248+0900][212.053s][debug][gc,heap        ] GC(61)  Metaspace       used 11293K, committed 11648K, reserved 1114112K
[2026-08-03T01:19:15.248+0900][212.053s][debug][gc,heap        ] GC(61)   class space    used 1021K, committed 1216K, reserved 1048576K
[2026-08-03T01:19:15.248+0900][212.053s][info ][gc             ] GC(61) Pause Young (Normal) (G1 Evacuation Pause) 3676M->3452M(9408M) 91.284ms
[2026-08-03T01:19:15.248+0900][212.053s][info ][gc,cpu         ] GC(61) User=1.69s Sys=0.00s Real=0.09s
[2026-08-03T01:19:15.248+0900][212.053s][info ][safepoint      ] Safepoint "G1CollectForAllocation", Time since last: 589775000 ns, Reaching safepoint: 111699 ns, At safepoint: 91343001 ns, Total: 91454700 ns
[2026-08-03T01:19:16.183+0900][212.988s][info ][gc,start       ] GC(62) Pause Young (Normal) (G1 Evacuation Pause)
[2026-08-03T01:19:16.183+0900][212.988s][debug][gc,heap        ] GC(62) Heap before GC invocations=62 (full 35):
[2026-08-03T01:19:16.183+0900][212.988s][debug][gc,heap        ] GC(62)  garbage-first heap   total 9633792K, used 4190772K [0x0000025ea8000000, 0x00000295a8000000)
[2026-08-03T01:19:16.183+0900][212.988s][debug][gc,heap        ] GC(62)   region size 32768K, 23 young (753664K), 3 survivors (98304K)
[2026-08-03T01:19:16.183+0900][212.988s][debug][gc,heap        ] GC(62)  Metaspace       used 11315K, committed 11648K, reserved 1114112K
[2026-08-03T01:19:16.183+0900][212.988s][debug][gc,heap        ] GC(62)   class space    used 1022K, committed 1216K, reserved 1048576K
[2026-08-03T01:19:16.183+0900][212.988s][info ][gc,task        ] GC(62) Using 18 workers of 18 for evacuation
[2026-08-03T01:19:16.236+0900][213.041s][info ][gc,phases      ] GC(62)   Pre Evacuate Collection Set: 0.1ms
[2026-08-03T01:19:16.236+0900][213.041s][info ][gc,phases      ] GC(62)   Merge Heap Roots: 2.7ms
[2026-08-03T01:19:16.236+0900][213.041s][info ][gc,phases      ] GC(62)   Evacuate Collection Set: 48.7ms
[2026-08-03T01:19:16.236+0900][213.041s][info ][gc,phases      ] GC(62)   Post Evacuate Collection Set: 0.8ms
[2026-08-03T01:19:16.236+0900][213.041s][info ][gc,phases      ] GC(62)   Other: 0.1ms
[2026-08-03T01:19:16.236+0900][213.041s][info ][gc,heap        ] GC(62) Eden regions: 20->0(40)
[2026-08-03T01:19:16.236+0900][213.041s][info ][gc,heap        ] GC(62) Survivor regions: 3->3(3)
[2026-08-03T01:19:16.236+0900][213.041s][info ][gc,heap        ] GC(62) Old regions: 111->116
[2026-08-03T01:19:16.236+0900][213.041s][info ][gc,heap        ] GC(62) Archive regions: 0->0
[2026-08-03T01:19:16.236+0900][213.041s][info ][gc,heap        ] GC(62) Humongous regions: 4->4
[2026-08-03T01:19:16.236+0900][213.041s][info ][gc,metaspace   ] GC(62) Metaspace: 11315K(11648K)->11315K(11648K) NonClass: 10292K(10432K)->10292K(10432K) Class: 1022K(1216K)->1022K(1216K)
[2026-08-03T01:19:16.236+0900][213.041s][debug][gc,heap        ] GC(62) Heap after GC invocations=63 (full 35):
[2026-08-03T01:19:16.236+0900][213.041s][debug][gc,heap        ] GC(62)  garbage-first heap   total 9633792K, used 3678856K [0x0000025ea8000000, 0x00000295a8000000)
[2026-08-03T01:19:16.236+0900][213.041s][debug][gc,heap        ] GC(62)   region size 32768K, 3 young (98304K), 3 survivors (98304K)
[2026-08-03T01:19:16.236+0900][213.041s][debug][gc,heap        ] GC(62)  Metaspace       used 11315K, committed 11648K, reserved 1114112K
[2026-08-03T01:19:16.236+0900][213.041s][debug][gc,heap        ] GC(62)   class space    used 1022K, committed 1216K, reserved 1048576K
[2026-08-03T01:19:16.236+0900][213.041s][info ][gc             ] GC(62) Pause Young (Normal) (G1 Evacuation Pause) 4092M->3592M(9408M) 52.831ms
[2026-08-03T01:19:16.236+0900][213.041s][info ][gc,cpu         ] GC(62) User=0.86s Sys=0.00s Real=0.05s
[2026-08-03T01:19:16.236+0900][213.041s][info ][safepoint      ] Safepoint "G1CollectForAllocation", Time since last: 934696200 ns, Reaching safepoint: 102900 ns, At safepoint: 52886000 ns, Total: 52988900 ns
[2026-08-03T01:19:18.242+0900][215.047s][info ][safepoint      ] Safepoint "Cleanup", Time since last: 2005574800 ns, Reaching safepoint: 133200 ns, At safepoint: 12000 ns, Total: 145200 ns
[2026-08-03T01:19:18.275+0900][215.080s][info ][gc,start       ] GC(63) Pause Young (Normal) (G1 Evacuation Pause)
[2026-08-03T01:19:18.275+0900][215.080s][debug][gc,heap        ] GC(63) Heap before GC invocations=63 (full 35):
[2026-08-03T01:19:18.275+0900][215.080s][debug][gc,heap        ] GC(63)  garbage-first heap   total 9633792K, used 4989576K [0x0000025ea8000000, 0x00000295a8000000)
[2026-08-03T01:19:18.275+0900][215.080s][debug][gc,heap        ] GC(63)   region size 32768K, 43 young (1409024K), 3 survivors (98304K)
[2026-08-03T01:19:18.275+0900][215.080s][debug][gc,heap        ] GC(63)  Metaspace       used 11381K, committed 11840K, reserved 1114112K
[2026-08-03T01:19:18.275+0900][215.080s][debug][gc,heap        ] GC(63)   class space    used 1031K, committed 1280K, reserved 1048576K
[2026-08-03T01:19:18.275+0900][215.080s][info ][gc,task        ] GC(63) Using 18 workers of 18 for evacuation
[2026-08-03T01:19:18.342+0900][215.146s][info ][gc,phases      ] GC(63)   Pre Evacuate Collection Set: 0.1ms
[2026-08-03T01:19:18.342+0900][215.147s][info ][gc,phases      ] GC(63)   Merge Heap Roots: 1.5ms
[2026-08-03T01:19:18.342+0900][215.147s][info ][gc,phases      ] GC(63)   Evacuate Collection Set: 50.1ms
[2026-08-03T01:19:18.342+0900][215.147s][info ][gc,phases      ] GC(63)   Post Evacuate Collection Set: 14.9ms
[2026-08-03T01:19:18.342+0900][215.147s][info ][gc,phases      ] GC(63)   Other: 0.1ms
[2026-08-03T01:19:18.342+0900][215.147s][info ][gc,heap        ] GC(63) Eden regions: 40->0(50)
[2026-08-03T01:19:18.342+0900][215.147s][info ][gc,heap        ] GC(63) Survivor regions: 3->6(6)
[2026-08-03T01:19:18.342+0900][215.147s][info ][gc,heap        ] GC(63) Old regions: 116->118
[2026-08-03T01:19:18.342+0900][215.147s][info ][gc,heap        ] GC(63) Archive regions: 0->0
[2026-08-03T01:19:18.342+0900][215.147s][info ][gc,heap        ] GC(63) Humongous regions: 4->4
[2026-08-03T01:19:18.342+0900][215.147s][info ][gc,metaspace   ] GC(63) Metaspace: 11381K(11840K)->11381K(11840K) NonClass: 10349K(10560K)->10349K(10560K) Class: 1031K(1280K)->1031K(1280K)
[2026-08-03T01:19:18.342+0900][215.147s][debug][gc,heap        ] GC(63) Heap after GC invocations=64 (full 35):
[2026-08-03T01:19:18.342+0900][215.147s][debug][gc,heap        ] GC(63)  garbage-first heap   total 17137664K, used 3845712K [0x0000025ea8000000, 0x00000295a8000000)
[2026-08-03T01:19:18.342+0900][215.147s][debug][gc,heap        ] GC(63)   region size 32768K, 6 young (196608K), 6 survivors (196608K)
[2026-08-03T01:19:18.342+0900][215.147s][debug][gc,heap        ] GC(63)  Metaspace       used 11381K, committed 11840K, reserved 1114112K
[2026-08-03T01:19:18.342+0900][215.147s][debug][gc,heap        ] GC(63)   class space    used 1031K, committed 1280K, reserved 1048576K
[2026-08-03T01:19:18.342+0900][215.147s][info ][gc             ] GC(63) Pause Young (Normal) (G1 Evacuation Pause) 4872M->3755M(16736M) 67.179ms
[2026-08-03T01:19:18.342+0900][215.147s][info ][gc,cpu         ] GC(63) User=0.94s Sys=0.33s Real=0.07s
[2026-08-03T01:19:18.342+0900][215.147s][info ][safepoint      ] Safepoint "G1CollectForAllocation", Time since last: 32798699 ns, Reaching safepoint: 52001 ns, At safepoint: 67252699 ns, Total: 67304700 ns
[2026-08-03T01:19:18.960+0900][215.765s][info ][gc,start       ] GC(64) Pause Young (Normal) (G1 Evacuation Pause)
[2026-08-03T01:19:18.960+0900][215.765s][debug][gc,heap        ] GC(64) Heap before GC invocations=64 (full 35):
[2026-08-03T01:19:18.960+0900][215.765s][debug][gc,heap        ] GC(64)  garbage-first heap   total 17137664K, used 5484112K [0x0000025ea8000000, 0x00000295a8000000)
[2026-08-03T01:19:18.960+0900][215.765s][debug][gc,heap        ] GC(64)   region size 32768K, 56 young (1835008K), 6 survivors (196608K)
[2026-08-03T01:19:18.960+0900][215.765s][debug][gc,heap        ] GC(64)  Metaspace       used 11393K, committed 11840K, reserved 1114112K
[2026-08-03T01:19:18.960+0900][215.765s][debug][gc,heap        ] GC(64)   class space    used 1031K, committed 1280K, reserved 1048576K
[2026-08-03T01:19:18.961+0900][215.765s][info ][gc,task        ] GC(64) Using 18 workers of 18 for evacuation
[2026-08-03T01:19:19.001+0900][215.806s][info ][gc,phases      ] GC(64)   Pre Evacuate Collection Set: 0.1ms
[2026-08-03T01:19:19.001+0900][215.806s][info ][gc,phases      ] GC(64)   Merge Heap Roots: 1.3ms
[2026-08-03T01:19:19.001+0900][215.806s][info ][gc,phases      ] GC(64)   Evacuate Collection Set: 38.6ms
[2026-08-03T01:19:19.001+0900][215.806s][info ][gc,phases      ] GC(64)   Post Evacuate Collection Set: 0.4ms
[2026-08-03T01:19:19.001+0900][215.806s][info ][gc,phases      ] GC(64)   Other: 0.1ms
[2026-08-03T01:19:19.001+0900][215.806s][info ][gc,heap        ] GC(64) Eden regions: 50->0(98)
[2026-08-03T01:19:19.001+0900][215.806s][info ][gc,heap        ] GC(64) Survivor regions: 6->2(7)
[2026-08-03T01:19:19.001+0900][215.806s][info ][gc,heap        ] GC(64) Old regions: 118->124
[2026-08-03T01:19:19.001+0900][215.806s][info ][gc,heap        ] GC(64) Archive regions: 0->0
[2026-08-03T01:19:19.001+0900][215.806s][info ][gc,heap        ] GC(64) Humongous regions: 4->4
[2026-08-03T01:19:19.001+0900][215.806s][info ][gc,metaspace   ] GC(64) Metaspace: 11393K(11840K)->11393K(11840K) NonClass: 10361K(10560K)->10361K(10560K) Class: 1031K(1280K)->1031K(1280K)
[2026-08-03T01:19:19.001+0900][215.806s][debug][gc,heap        ] GC(64) Heap after GC invocations=65 (full 35):
[2026-08-03T01:19:19.001+0900][215.806s][debug][gc,heap        ] GC(64)  garbage-first heap   total 17137664K, used 3888837K [0x0000025ea8000000, 0x00000295a8000000)
[2026-08-03T01:19:19.001+0900][215.806s][debug][gc,heap        ] GC(64)   region size 32768K, 2 young (65536K), 2 survivors (65536K)
[2026-08-03T01:19:19.001+0900][215.806s][debug][gc,heap        ] GC(64)  Metaspace       used 11393K, committed 11840K, reserved 1114112K
[2026-08-03T01:19:19.001+0900][215.806s][debug][gc,heap        ] GC(64)   class space    used 1031K, committed 1280K, reserved 1048576K
[2026-08-03T01:19:19.001+0900][215.806s][info ][gc             ] GC(64) Pause Young (Normal) (G1 Evacuation Pause) 5355M->3797M(16736M) 40.986ms
[2026-08-03T01:19:19.001+0900][215.806s][info ][gc,cpu         ] GC(64) User=0.70s Sys=0.14s Real=0.04s
[2026-08-03T01:19:19.001+0900][215.806s][info ][safepoint      ] Safepoint "G1CollectForAllocation", Time since last: 618402501 ns, Reaching safepoint: 119299 ns, At safepoint: 41090901 ns, Total: 41210200 ns
[2026-08-03T01:19:20.015+0900][216.820s][info ][safepoint      ] Safepoint "Cleanup", Time since last: 1013077700 ns, Reaching safepoint: 479600 ns, At safepoint: 260699 ns, Total: 740299 ns
[2026-08-03T01:19:21.742+0900][218.546s][info ][gc,start       ] GC(65) Pause Young (Normal) (G1 Evacuation Pause)
[2026-08-03T01:19:21.742+0900][218.547s][debug][gc,heap        ] GC(65) Heap before GC invocations=65 (full 35):
[2026-08-03T01:19:21.742+0900][218.547s][debug][gc,heap        ] GC(65)  garbage-first heap   total 17137664K, used 7100101K [0x0000025ea8000000, 0x00000295a8000000)
[2026-08-03T01:19:21.742+0900][218.547s][debug][gc,heap        ] GC(65)   region size 32768K, 100 young (3276800K), 2 survivors (65536K)
[2026-08-03T01:19:21.742+0900][218.547s][debug][gc,heap        ] GC(65)  Metaspace       used 11428K, committed 11904K, reserved 1114112K
[2026-08-03T01:19:21.742+0900][218.547s][debug][gc,heap        ] GC(65)   class space    used 1031K, committed 1280K, reserved 1048576K
[2026-08-03T01:19:21.742+0900][218.547s][info ][gc,task        ] GC(65) Using 18 workers of 18 for evacuation
[2026-08-03T01:19:21.764+0900][218.569s][info ][gc,phases      ] GC(65)   Pre Evacuate Collection Set: 0.2ms
[2026-08-03T01:19:21.764+0900][218.569s][info ][gc,phases      ] GC(65)   Merge Heap Roots: 0.9ms
[2026-08-03T01:19:21.764+0900][218.569s][info ][gc,phases      ] GC(65)   Evacuate Collection Set: 20.6ms
[2026-08-03T01:19:21.764+0900][218.569s][info ][gc,phases      ] GC(65)   Post Evacuate Collection Set: 0.6ms
[2026-08-03T01:19:21.764+0900][218.569s][info ][gc,phases      ] GC(65)   Other: 0.1ms
[2026-08-03T01:19:21.764+0900][218.569s][info ][gc,heap        ] GC(65) Eden regions: 98->0(101)
[2026-08-03T01:19:21.764+0900][218.569s][info ][gc,heap        ] GC(65) Survivor regions: 2->3(13)
[2026-08-03T01:19:21.764+0900][218.569s][info ][gc,heap        ] GC(65) Old regions: 124->124
[2026-08-03T01:19:21.764+0900][218.569s][info ][gc,heap        ] GC(65) Archive regions: 0->0
[2026-08-03T01:19:21.764+0900][218.569s][info ][gc,heap        ] GC(65) Humongous regions: 4->4
[2026-08-03T01:19:21.764+0900][218.569s][info ][gc,metaspace   ] GC(65) Metaspace: 11428K(11904K)->11428K(11904K) NonClass: 10396K(10624K)->10396K(10624K) Class: 1031K(1280K)->1031K(1280K)
[2026-08-03T01:19:21.764+0900][218.569s][debug][gc,heap        ] GC(65) Heap after GC invocations=66 (full 35):
[2026-08-03T01:19:21.764+0900][218.569s][debug][gc,heap        ] GC(65)  garbage-first heap   total 17137664K, used 3925974K [0x0000025ea8000000, 0x00000295a8000000)
[2026-08-03T01:19:21.764+0900][218.569s][debug][gc,heap        ] GC(65)   region size 32768K, 3 young (98304K), 3 survivors (98304K)
[2026-08-03T01:19:21.764+0900][218.569s][debug][gc,heap        ] GC(65)  Metaspace       used 11428K, committed 11904K, reserved 1114112K
[2026-08-03T01:19:21.764+0900][218.569s][debug][gc,heap        ] GC(65)   class space    used 1031K, committed 1280K, reserved 1048576K
[2026-08-03T01:19:21.764+0900][218.569s][info ][gc             ] GC(65) Pause Young (Normal) (G1 Evacuation Pause) 6933M->3833M(16736M) 22.796ms
[2026-08-03T01:19:21.764+0900][218.569s][info ][gc,cpu         ] GC(65) User=0.55s Sys=0.02s Real=0.02s
[2026-08-03T01:19:21.764+0900][218.569s][info ][safepoint      ] Safepoint "G1CollectForAllocation", Time since last: 1726103800 ns, Reaching safepoint: 106900 ns, At safepoint: 22856600 ns, Total: 22963500 ns
[2026-08-03T01:19:22.765+0900][219.570s][info ][safepoint      ] Safepoint "Cleanup", Time since last: 1000222801 ns, Reaching safepoint: 136000 ns, At safepoint: 13200 ns, Total: 149200 ns
[2026-08-03T01:19:23.773+0900][220.578s][info ][safepoint      ] Safepoint "Cleanup", Time since last: 1007862100 ns, Reaching safepoint: 118600 ns, At safepoint: 16700 ns, Total: 135300 ns
[2026-08-03T01:19:24.778+0900][221.583s][info ][safepoint      ] Safepoint "Cleanup", Time since last: 1004875700 ns, Reaching safepoint: 170999 ns, At safepoint: 9701 ns, Total: 180700 ns
[2026-08-03T01:19:26.789+0900][223.594s][info ][safepoint      ] Safepoint "Cleanup", Time since last: 2010756899 ns, Reaching safepoint: 124701 ns, At safepoint: 11600 ns, Total: 136301 ns
[2026-08-03T01:19:43.516+0900][240.321s][info ][safepoint      ] Safepoint "PrintThreads", Time since last: 16726974400 ns, Reaching safepoint: 60800 ns, At safepoint: 503799 ns, Total: 564599 ns
[2026-08-03T01:19:43.516+0900][240.321s][info ][safepoint      ] Safepoint "FindDeadlocks", Time since last: 69001 ns, Reaching safepoint: 44900 ns, At safepoint: 11000 ns, Total: 55900 ns
[2026-08-03T01:20:43.516+0900][300.321s][info ][safepoint      ] Safepoint "PrintThreads", Time since last: 59999307900 ns, Reaching safepoint: 128100 ns, At safepoint: 475200 ns, Total: 603300 ns
[2026-08-03T01:20:43.516+0900][300.321s][info ][safepoint      ] Safepoint "FindDeadlocks", Time since last: 74499 ns, Reaching safepoint: 54101 ns, At safepoint: 12300 ns, Total: 66401 ns
[2026-08-03T01:20:58.621+0900][315.426s][info ][safepoint      ] Safepoint "Cleanup", Time since last: 15104209399 ns, Reaching safepoint: 173201 ns, At safepoint: 9100 ns, Total: 182301 ns
[2026-08-03T01:21:43.522+0900][360.327s][info ][safepoint      ] Safepoint "PrintThreads", Time since last: 44900902200 ns, Reaching safepoint: 189599 ns, At safepoint: 484801 ns, Total: 674400 ns
[2026-08-03T01:21:43.522+0900][360.327s][info ][safepoint      ] Safepoint "FindDeadlocks", Time since last: 65899 ns, Reaching safepoint: 48900 ns, At safepoint: 13001 ns, Total: 61901 ns
[2026-08-03T01:22:43.533+0900][420.338s][info ][safepoint      ] Safepoint "PrintThreads", Time since last: 60010212700 ns, Reaching safepoint: 115900 ns, At safepoint: 505799 ns, Total: 621699 ns
[2026-08-03T01:22:43.533+0900][420.338s][info ][safepoint      ] Safepoint "FindDeadlocks", Time since last: 80200 ns, Reaching safepoint: 46901 ns, At safepoint: 11300 ns, Total: 58201 ns
[2026-08-03T01:23:43.534+0900][480.339s][info ][safepoint      ] Safepoint "PrintThreads", Time since last: 60000211800 ns, Reaching safepoint: 115800 ns, At safepoint: 478599 ns, Total: 594399 ns
[2026-08-03T01:23:43.534+0900][480.339s][info ][safepoint      ] Safepoint "FindDeadlocks", Time since last: 71101 ns, Reaching safepoint: 49800 ns, At safepoint: 12100 ns, Total: 61900 ns
[2026-08-03T01:24:43.535+0900][540.340s][info ][safepoint      ] Safepoint "PrintThreads", Time since last: 60000270900 ns, Reaching safepoint: 113900 ns, At safepoint: 482800 ns, Total: 596700 ns
[2026-08-03T01:24:43.535+0900][540.340s][info ][safepoint      ] Safepoint "FindDeadlocks", Time since last: 69299 ns, Reaching safepoint: 53400 ns, At safepoint: 10101 ns, Total: 63501 ns
[2026-08-03T01:25:43.536+0900][600.341s][info ][safepoint      ] Safepoint "PrintThreads", Time since last: 60000248700 ns, Reaching safepoint: 114500 ns, At safepoint: 484200 ns, Total: 598700 ns
[2026-08-03T01:25:43.536+0900][600.341s][info ][safepoint      ] Safepoint "FindDeadlocks", Time since last: 76700 ns, Reaching safepoint: 46800 ns, At safepoint: 11300 ns, Total: 58100 ns
[2026-08-03T01:26:43.536+0900][660.341s][info ][safepoint      ] Safepoint "PrintThreads", Time since last: 59999313299 ns, Reaching safepoint: 120701 ns, At safepoint: 479399 ns, Total: 600100 ns
[2026-08-03T01:26:43.536+0900][660.341s][info ][safepoint      ] Safepoint "FindDeadlocks", Time since last: 75201 ns, Reaching safepoint: 50400 ns, At safepoint: 12299 ns, Total: 62699 ns
[2026-08-03T01:27:43.545+0900][720.350s][info ][safepoint      ] Safepoint "PrintThreads", Time since last: 60008251201 ns, Reaching safepoint: 118000 ns, At safepoint: 481900 ns, Total: 599900 ns
[2026-08-03T01:27:43.545+0900][720.350s][info ][safepoint      ] Safepoint "FindDeadlocks", Time since last: 72900 ns, Reaching safepoint: 47300 ns, At safepoint: 11700 ns, Total: 59000 ns
[2026-08-03T01:28:43.557+0900][780.362s][info ][safepoint      ] Safepoint "PrintThreads", Time since last: 60011248800 ns, Reaching safepoint: 77600 ns, At safepoint: 478200 ns, Total: 555800 ns
[2026-08-03T01:28:43.557+0900][780.362s][info ][safepoint      ] Safepoint "FindDeadlocks", Time since last: 74900 ns, Reaching safepoint: 48599 ns, At safepoint: 10701 ns, Total: 59300 ns
[2026-08-03T01:29:43.558+0900][840.363s][info ][safepoint      ] Safepoint "PrintThreads", Time since last: 60000302999 ns, Reaching safepoint: 133500 ns, At safepoint: 491001 ns, Total: 624501 ns
[2026-08-03T01:29:43.558+0900][840.363s][info ][safepoint      ] Safepoint "FindDeadlocks", Time since last: 75300 ns, Reaching safepoint: 46800 ns, At safepoint: 12500 ns, Total: 59300 ns
[2026-08-03T01:30:43.568+0900][900.373s][info ][safepoint      ] Safepoint "PrintThreads", Time since last: 60009230900 ns, Reaching safepoint: 119599 ns, At safepoint: 481400 ns, Total: 600999 ns
[2026-08-03T01:30:43.568+0900][900.373s][info ][safepoint      ] Safepoint "FindDeadlocks", Time since last: 64101 ns, Reaching safepoint: 45600 ns, At safepoint: 12599 ns, Total: 58199 ns
[2026-08-03T01:31:43.568+0900][960.373s][info ][safepoint      ] Safepoint "PrintThreads", Time since last: 59999331300 ns, Reaching safepoint: 127001 ns, At safepoint: 492099 ns, Total: 619100 ns
[2026-08-03T01:31:43.569+0900][960.373s][info ][safepoint      ] Safepoint "FindDeadlocks", Time since last: 150301 ns, Reaching safepoint: 47700 ns, At safepoint: 12199 ns, Total: 59899 ns
[2026-08-03T01:32:43.578+0900][1020.383s][info ][safepoint      ] Safepoint "PrintThreads", Time since last: 60009159301 ns, Reaching safepoint: 122000 ns, At safepoint: 480800 ns, Total: 602800 ns
[2026-08-03T01:32:43.578+0900][1020.383s][info ][safepoint      ] Safepoint "FindDeadlocks", Time since last: 71600 ns, Reaching safepoint: 45100 ns, At safepoint: 11200 ns, Total: 56300 ns
[2026-08-03T01:33:43.579+0900][1080.384s][info ][safepoint      ] Safepoint "PrintThreads", Time since last: 60000205900 ns, Reaching safepoint: 67299 ns, At safepoint: 492800 ns, Total: 560099 ns
[2026-08-03T01:33:43.579+0900][1080.384s][info ][safepoint      ] Safepoint "FindDeadlocks", Time since last: 81301 ns, Reaching safepoint: 47500 ns, At safepoint: 11600 ns, Total: 59100 ns
[2026-08-03T01:34:43.580+0900][1140.385s][info ][safepoint      ] Safepoint "PrintThreads", Time since last: 60000357300 ns, Reaching safepoint: 117899 ns, At safepoint: 484101 ns, Total: 602000 ns
[2026-08-03T01:34:43.580+0900][1140.385s][info ][safepoint      ] Safepoint "FindDeadlocks", Time since last: 73299 ns, Reaching safepoint: 46300 ns, At safepoint: 10501 ns, Total: 56801 ns
[2026-08-03T01:35:43.582+0900][1200.387s][info ][safepoint      ] Safepoint "PrintThreads", Time since last: 60001275000 ns, Reaching safepoint: 114500 ns, At safepoint: 483400 ns, Total: 597900 ns
[2026-08-03T01:35:43.582+0900][1200.387s][info ][safepoint      ] Safepoint "FindDeadlocks", Time since last: 70099 ns, Reaching safepoint: 49400 ns, At safepoint: 12301 ns, Total: 61701 ns
[2026-08-03T01:36:43.590+0900][1260.395s][info ][safepoint      ] Safepoint "PrintThreads", Time since last: 60007272599 ns, Reaching safepoint: 115201 ns, At safepoint: 487100 ns, Total: 602301 ns
[2026-08-03T01:36:43.590+0900][1260.395s][info ][safepoint      ] Safepoint "FindDeadlocks", Time since last: 73899 ns, Reaching safepoint: 49001 ns, At safepoint: 10900 ns, Total: 59901 ns
[2026-08-03T01:37:43.600+0900][1320.405s][info ][safepoint      ] Safepoint "PrintThreads", Time since last: 60009254600 ns, Reaching safepoint: 112000 ns, At safepoint: 478500 ns, Total: 590500 ns
[2026-08-03T01:37:43.600+0900][1320.405s][info ][safepoint      ] Safepoint "FindDeadlocks", Time since last: 71299 ns, Reaching safepoint: 47901 ns, At safepoint: 11400 ns, Total: 59301 ns
[2026-08-03T01:38:43.612+0900][1380.417s][info ][safepoint      ] Safepoint "PrintThreads", Time since last: 60011263900 ns, Reaching safepoint: 119800 ns, At safepoint: 485599 ns, Total: 605399 ns
[2026-08-03T01:38:43.612+0900][1380.417s][info ][safepoint      ] Safepoint "FindDeadlocks", Time since last: 74701 ns, Reaching safepoint: 50600 ns, At safepoint: 10900 ns, Total: 61500 ns
[2026-08-03T01:39:43.624+0900][1440.429s][info ][safepoint      ] Safepoint "PrintThreads", Time since last: 60011237700 ns, Reaching safepoint: 125400 ns, At safepoint: 479299 ns, Total: 604699 ns
[2026-08-03T01:39:43.624+0900][1440.429s][info ][safepoint      ] Safepoint "FindDeadlocks", Time since last: 66201 ns, Reaching safepoint: 46100 ns, At safepoint: 10800 ns, Total: 56900 ns
[2026-08-03T01:40:43.625+0900][1500.430s][info ][safepoint      ] Safepoint "PrintThreads", Time since last: 60000312999 ns, Reaching safepoint: 119501 ns, At safepoint: 477400 ns, Total: 596901 ns
[2026-08-03T01:40:43.625+0900][1500.430s][info ][safepoint      ] Safepoint "FindDeadlocks", Time since last: 72800 ns, Reaching safepoint: 48200 ns, At safepoint: 11999 ns, Total: 60199 ns
[2026-08-03T01:41:43.625+0900][1560.430s][info ][safepoint      ] Safepoint "PrintThreads", Time since last: 59999270300 ns, Reaching safepoint: 118600 ns, At safepoint: 482001 ns, Total: 600601 ns
[2026-08-03T01:41:43.625+0900][1560.430s][info ][safepoint      ] Safepoint "FindDeadlocks", Time since last: 77600 ns, Reaching safepoint: 47499 ns, At safepoint: 12401 ns, Total: 59900 ns
[2026-08-03T01:42:43.625+0900][1620.430s][info ][safepoint      ] Safepoint "PrintThreads", Time since last: 59999251300 ns, Reaching safepoint: 118900 ns, At safepoint: 482400 ns, Total: 601300 ns
[2026-08-03T01:42:43.625+0900][1620.430s][info ][safepoint      ] Safepoint "FindDeadlocks", Time since last: 75400 ns, Reaching safepoint: 49300 ns, At safepoint: 11900 ns, Total: 61200 ns
[2026-08-03T01:43:43.637+0900][1680.442s][info ][safepoint      ] Safepoint "PrintThreads", Time since last: 60011262699 ns, Reaching safepoint: 114300 ns, At safepoint: 483201 ns, Total: 597501 ns
[2026-08-03T01:43:43.637+0900][1680.442s][info ][safepoint      ] Safepoint "FindDeadlocks", Time since last: 81000 ns, Reaching safepoint: 45500 ns, At safepoint: 12200 ns, Total: 57700 ns
[2026-08-03T01:44:43.638+0900][1740.443s][info ][safepoint      ] Safepoint "PrintThreads", Time since last: 60000273700 ns, Reaching safepoint: 122600 ns, At safepoint: 491000 ns, Total: 613600 ns
[2026-08-03T01:44:43.638+0900][1740.443s][info ][safepoint      ] Safepoint "FindDeadlocks", Time since last: 75000 ns, Reaching safepoint: 49400 ns, At safepoint: 12100 ns, Total: 61500 ns
[2026-08-03T01:45:43.663+0900][1800.468s][info ][safepoint      ] Safepoint "PrintThreads", Time since last: 60024510200 ns, Reaching safepoint: 112900 ns, At safepoint: 483700 ns, Total: 596600 ns
[2026-08-03T01:45:43.663+0900][1800.469s][info ][safepoint      ] Safepoint "FindDeadlocks", Time since last: 63000 ns, Reaching safepoint: 46799 ns, At safepoint: 9801 ns, Total: 56600 ns
[2026-08-03T01:46:43.654+0900][1860.459s][info ][safepoint      ] Safepoint "PrintThreads", Time since last: 59990174100 ns, Reaching safepoint: 122300 ns, At safepoint: 488700 ns, Total: 611000 ns
[2026-08-03T01:46:43.654+0900][1860.460s][info ][safepoint      ] Safepoint "FindDeadlocks", Time since last: 79200 ns, Reaching safepoint: 50800 ns, At safepoint: 12300 ns, Total: 63100 ns
[2026-08-03T01:47:43.658+0900][1920.463s][info ][safepoint      ] Safepoint "PrintThreads", Time since last: 60003176100 ns, Reaching safepoint: 120600 ns, At safepoint: 508600 ns, Total: 629200 ns
[2026-08-03T01:47:43.658+0900][1920.463s][info ][safepoint      ] Safepoint "FindDeadlocks", Time since last: 83800 ns, Reaching safepoint: 47300 ns, At safepoint: 10400 ns, Total: 57700 ns
[2026-08-03T01:48:43.665+0900][1980.470s][info ][safepoint      ] Safepoint "PrintThreads", Time since last: 60006304699 ns, Reaching safepoint: 120701 ns, At safepoint: 487900 ns, Total: 608601 ns
[2026-08-03T01:48:43.665+0900][1980.471s][info ][safepoint      ] Safepoint "FindDeadlocks", Time since last: 74700 ns, Reaching safepoint: 51400 ns, At safepoint: 13100 ns, Total: 64500 ns
[2026-08-03T01:49:43.671+0900][2040.476s][info ][safepoint      ] Safepoint "PrintThreads", Time since last: 60005254900 ns, Reaching safepoint: 125900 ns, At safepoint: 491599 ns, Total: 617499 ns
[2026-08-03T01:49:43.671+0900][2040.477s][info ][safepoint      ] Safepoint "FindDeadlocks", Time since last: 67301 ns, Reaching safepoint: 52100 ns, At safepoint: 11000 ns, Total: 63100 ns
[2026-08-03T01:50:43.680+0900][2100.485s][info ][safepoint      ] Safepoint "PrintThreads", Time since last: 60008213599 ns, Reaching safepoint: 116601 ns, At safepoint: 483299 ns, Total: 599900 ns
[2026-08-03T01:50:43.680+0900][2100.485s][info ][safepoint      ] Safepoint "FindDeadlocks", Time since last: 74801 ns, Reaching safepoint: 47399 ns, At safepoint: 11000 ns, Total: 58399 ns
[2026-08-03T01:51:43.681+0900][2160.486s][info ][safepoint      ] Safepoint "PrintThreads", Time since last: 60000261101 ns, Reaching safepoint: 119200 ns, At safepoint: 486400 ns, Total: 605600 ns
[2026-08-03T01:51:43.681+0900][2160.486s][info ][safepoint      ] Safepoint "FindDeadlocks", Time since last: 79200 ns, Reaching safepoint: 47999 ns, At safepoint: 11500 ns, Total: 59499 ns
[2026-08-03T01:52:43.692+0900][2220.497s][info ][safepoint      ] Safepoint "PrintThreads", Time since last: 60010269801 ns, Reaching safepoint: 106600 ns, At safepoint: 491400 ns, Total: 598000 ns
[2026-08-03T01:52:43.692+0900][2220.497s][info ][safepoint      ] Safepoint "FindDeadlocks", Time since last: 80200 ns, Reaching safepoint: 48299 ns, At safepoint: 11500 ns, Total: 59799 ns
[2026-08-03T01:53:43.693+0900][2280.498s][info ][safepoint      ] Safepoint "PrintThreads", Time since last: 59999375601 ns, Reaching safepoint: 550400 ns, At safepoint: 481400 ns, Total: 1031800 ns
[2026-08-03T01:53:43.693+0900][2280.498s][info ][safepoint      ] Safepoint "FindDeadlocks", Time since last: 71100 ns, Reaching safepoint: 43500 ns, At safepoint: 11500 ns, Total: 55000 ns
[2026-08-03T01:53:44.036+0900][2280.841s][info ][gc,start       ] GC(66) Pause Young (Normal) (G1 Evacuation Pause)
[2026-08-03T01:53:44.036+0900][2280.841s][debug][gc,heap        ] GC(66) Heap before GC invocations=66 (full 35):
[2026-08-03T01:53:44.036+0900][2280.841s][debug][gc,heap        ] GC(66)  garbage-first heap   total 17137664K, used 7235542K [0x0000025ea8000000, 0x00000295a8000000)
[2026-08-03T01:53:44.036+0900][2280.841s][debug][gc,heap        ] GC(66)   region size 32768K, 104 young (3407872K), 3 survivors (98304K)
[2026-08-03T01:53:44.036+0900][2280.842s][debug][gc,heap        ] GC(66)  Metaspace       used 11447K, committed 11904K, reserved 1114112K
[2026-08-03T01:53:44.036+0900][2280.842s][debug][gc,heap        ] GC(66)   class space    used 1031K, committed 1280K, reserved 1048576K
[2026-08-03T01:53:44.036+0900][2280.842s][info ][gc,task        ] GC(66) Using 18 workers of 18 for evacuation
[2026-08-03T01:53:44.153+0900][2280.958s][info ][gc,phases      ] GC(66)   Pre Evacuate Collection Set: 0.1ms
[2026-08-03T01:53:44.153+0900][2280.958s][info ][gc,phases      ] GC(66)   Merge Heap Roots: 0.9ms
[2026-08-03T01:53:44.153+0900][2280.958s][info ][gc,phases      ] GC(66)   Evacuate Collection Set: 114.8ms
[2026-08-03T01:53:44.153+0900][2280.958s][info ][gc,phases      ] GC(66)   Post Evacuate Collection Set: 0.7ms
[2026-08-03T01:53:44.153+0900][2280.958s][info ][gc,phases      ] GC(66)   Other: 0.1ms
[2026-08-03T01:53:44.153+0900][2280.958s][info ][gc,heap        ] GC(66) Eden regions: 101->0(91)
[2026-08-03T01:53:44.153+0900][2280.958s][info ][gc,heap        ] GC(66) Survivor regions: 3->13(13)
[2026-08-03T01:53:44.153+0900][2280.958s][info ][gc,heap        ] GC(66) Old regions: 124->130
[2026-08-03T01:53:44.153+0900][2280.958s][info ][gc,heap        ] GC(66) Archive regions: 0->0
[2026-08-03T01:53:44.153+0900][2280.958s][info ][gc,heap        ] GC(66) Humongous regions: 4->4
[2026-08-03T01:53:44.153+0900][2280.958s][info ][gc,metaspace   ] GC(66) Metaspace: 11447K(11904K)->11447K(11904K) NonClass: 10416K(10624K)->10416K(10624K) Class: 1031K(1280K)->1031K(1280K)
[2026-08-03T01:53:44.153+0900][2280.958s][debug][gc,heap        ] GC(66) Heap after GC invocations=67 (full 35):
[2026-08-03T01:53:44.153+0900][2280.958s][debug][gc,heap        ] GC(66)  garbage-first heap   total 17137664K, used 4461645K [0x0000025ea8000000, 0x00000295a8000000)
[2026-08-03T01:53:44.153+0900][2280.958s][debug][gc,heap        ] GC(66)   region size 32768K, 13 young (425984K), 13 survivors (425984K)
[2026-08-03T01:53:44.153+0900][2280.958s][debug][gc,heap        ] GC(66)  Metaspace       used 11447K, committed 11904K, reserved 1114112K
[2026-08-03T01:53:44.153+0900][2280.958s][debug][gc,heap        ] GC(66)   class space    used 1031K, committed 1280K, reserved 1048576K
[2026-08-03T01:53:44.153+0900][2280.958s][info ][gc             ] GC(66) Pause Young (Normal) (G1 Evacuation Pause) 7065M->4357M(16736M) 117.023ms
[2026-08-03T01:53:44.153+0900][2280.958s][info ][gc,cpu         ] GC(66) User=1.95s Sys=0.30s Real=0.12s
[2026-08-03T01:53:44.153+0900][2280.958s][info ][safepoint      ] Safepoint "G1CollectForAllocation", Time since last: 343265300 ns, Reaching safepoint: 102200 ns, At safepoint: 117084300 ns, Total: 117186500 ns
[2026-08-03T01:53:45.166+0900][2281.971s][info ][safepoint      ] Safepoint "Cleanup", Time since last: 1012362400 ns, Reaching safepoint: 134299 ns, At safepoint: 9101 ns, Total: 143400 ns
[2026-08-03T01:53:46.650+0900][2283.455s][info ][safepoint      ] Safepoint "Cleanup", Time since last: 1483908500 ns, Reaching safepoint: 97899 ns, At safepoint: 14301 ns, Total: 112200 ns
[2026-08-03T01:54:43.693+0900][2340.498s][info ][safepoint      ] Safepoint "PrintThreads", Time since last: 57042954200 ns, Reaching safepoint: 82500 ns, At safepoint: 438900 ns, Total: 521400 ns
[2026-08-03T01:54:43.693+0900][2340.499s][info ][safepoint      ] Safepoint "FindDeadlocks", Time since last: 82200 ns, Reaching safepoint: 47200 ns, At safepoint: 9800 ns, Total: 57000 ns
[2026-08-03T01:55:43.694+0900][2400.500s][info ][safepoint      ] Safepoint "PrintThreads", Time since last: 60000423000 ns, Reaching safepoint: 153500 ns, At safepoint: 429499 ns, Total: 582999 ns
[2026-08-03T01:55:43.694+0900][2400.500s][info ][safepoint      ] Safepoint "FindDeadlocks", Time since last: 79001 ns, Reaching safepoint: 51399 ns, At safepoint: 11800 ns, Total: 63199 ns
[2026-08-03T01:56:20.934+0900][2437.739s][info ][safepoint      ] Safepoint "Cleanup", Time since last: 37239185501 ns, Reaching safepoint: 91700 ns, At safepoint: 12899 ns, Total: 104599 ns
[2026-08-03T01:56:43.704+0900][2460.509s][info ][safepoint      ] Safepoint "PrintThreads", Time since last: 22769931001 ns, Reaching safepoint: 108199 ns, At safepoint: 400701 ns, Total: 508900 ns
[2026-08-03T01:56:43.704+0900][2460.510s][info ][safepoint      ] Safepoint "FindDeadlocks", Time since last: 65400 ns, Reaching safepoint: 48100 ns, At safepoint: 11600 ns, Total: 59700 ns
[2026-08-03T01:57:20.931+0900][2497.736s][info ][safepoint      ] Safepoint "Cleanup", Time since last: 37226293399 ns, Reaching safepoint: 150901 ns, At safepoint: 21700 ns, Total: 172601 ns
[2026-08-03T01:57:29.668+0900][2506.473s][info ][gc,start       ] GC(67) Pause Young (Normal) (G1 Evacuation Pause)
[2026-08-03T01:57:29.668+0900][2506.473s][debug][gc,heap        ] GC(67) Heap before GC invocations=67 (full 35):
[2026-08-03T01:57:29.668+0900][2506.473s][debug][gc,heap        ] GC(67)  garbage-first heap   total 17137664K, used 7443533K [0x0000025ea8000000, 0x00000295a8000000)
[2026-08-03T01:57:29.668+0900][2506.473s][debug][gc,heap        ] GC(67)   region size 32768K, 104 young (3407872K), 13 survivors (425984K)
[2026-08-03T01:57:29.668+0900][2506.473s][debug][gc,heap        ] GC(67)  Metaspace       used 12569K, committed 13120K, reserved 1114112K
[2026-08-03T01:57:29.668+0900][2506.473s][debug][gc,heap        ] GC(67)   class space    used 1142K, committed 1408K, reserved 1048576K
[2026-08-03T01:57:29.668+0900][2506.473s][info ][gc,task        ] GC(67) Using 18 workers of 18 for evacuation
[2026-08-03T01:57:29.738+0900][2506.543s][info ][gc,phases      ] GC(67)   Pre Evacuate Collection Set: 0.1ms
[2026-08-03T01:57:29.738+0900][2506.543s][info ][gc,phases      ] GC(67)   Merge Heap Roots: 1.6ms
[2026-08-03T01:57:29.738+0900][2506.543s][info ][gc,phases      ] GC(67)   Evacuate Collection Set: 67.4ms
[2026-08-03T01:57:29.738+0900][2506.543s][info ][gc,phases      ] GC(67)   Post Evacuate Collection Set: 0.7ms
[2026-08-03T01:57:29.738+0900][2506.543s][info ][gc,phases      ] GC(67)   Other: 0.1ms
[2026-08-03T01:57:29.738+0900][2506.543s][info ][gc,heap        ] GC(67) Eden regions: 91->0(93)
[2026-08-03T01:57:29.738+0900][2506.543s][info ][gc,heap        ] GC(67) Survivor regions: 13->11(13)
[2026-08-03T01:57:29.738+0900][2506.543s][info ][gc,heap        ] GC(67) Old regions: 130->131
[2026-08-03T01:57:29.738+0900][2506.543s][info ][gc,heap        ] GC(67) Archive regions: 0->0
[2026-08-03T01:57:29.738+0900][2506.543s][info ][gc,heap        ] GC(67) Humongous regions: 4->4
[2026-08-03T01:57:29.738+0900][2506.543s][info ][gc,metaspace   ] GC(67) Metaspace: 12569K(13120K)->12569K(13120K) NonClass: 11426K(11712K)->11426K(11712K) Class: 1142K(1408K)->1142K(1408K)
[2026-08-03T01:57:29.738+0900][2506.543s][debug][gc,heap        ] GC(67) Heap after GC invocations=68 (full 35):
[2026-08-03T01:57:29.738+0900][2506.543s][debug][gc,heap        ] GC(67)  garbage-first heap   total 17137664K, used 4419644K [0x0000025ea8000000, 0x00000295a8000000)
[2026-08-03T01:57:29.738+0900][2506.543s][debug][gc,heap        ] GC(67)   region size 32768K, 11 young (360448K), 11 survivors (360448K)
[2026-08-03T01:57:29.738+0900][2506.543s][debug][gc,heap        ] GC(67)  Metaspace       used 12569K, committed 13120K, reserved 1114112K
[2026-08-03T01:57:29.738+0900][2506.543s][debug][gc,heap        ] GC(67)   class space    used 1142K, committed 1408K, reserved 1048576K
[2026-08-03T01:57:29.738+0900][2506.544s][info ][gc             ] GC(67) Pause Young (Normal) (G1 Evacuation Pause) 7269M->4316M(16736M) 70.264ms
[2026-08-03T01:57:29.738+0900][2506.544s][info ][gc,cpu         ] GC(67) User=1.12s Sys=0.00s Real=0.07s
[2026-08-03T01:57:29.738+0900][2506.544s][info ][safepoint      ] Safepoint "G1CollectForAllocation", Time since last: 8737057199 ns, Reaching safepoint: 107100 ns, At safepoint: 70332401 ns, Total: 70439501 ns
[2026-08-03T01:57:31.963+0900][2508.768s][info ][safepoint      ] Safepoint "ClassLoaderStatsOperation", Time since last: 2224352399 ns, Reaching safepoint: 105101 ns, At safepoint: 434300 ns, Total: 539401 ns
[2026-08-03T01:57:31.967+0900][2508.772s][info ][safepoint      ] Safepoint "JFRCheckpoint", Time since last: 2556299 ns, Reaching safepoint: 97701 ns, At safepoint: 1216500 ns, Total: 1314201 ns
[2026-08-03T01:57:31.971+0900][2508.776s][info ][safepoint      ] Safepoint "JFROldObject", Time since last: 3451400 ns, Reaching safepoint: 31199 ns, At safepoint: 88400 ns, Total: 119599 ns
[2026-08-03T01:57:32.050+0900][2508.856s][info ][gc,heap,exit   ] Heap
[2026-08-03T01:57:32.050+0900][2508.856s][info ][gc,heap,exit   ]  garbage-first heap   total 17137664K, used 4578101K [0x0000025ea8000000, 0x00000295a8000000)
[2026-08-03T01:57:32.050+0900][2508.856s][info ][gc,heap,exit   ]   region size 32768K, 16 young (524288K), 11 survivors (360448K)
[2026-08-03T01:57:32.050+0900][2508.856s][info ][gc,heap,exit   ]  Metaspace       used 12704K, committed 13184K, reserved 1114112K
[2026-08-03T01:57:32.050+0900][2508.856s][info ][gc,heap,exit   ]   class space    used 1167K, committed 1408K, reserved 1048576K
