[2026-08-02T23:32:46.191+0900][0.006s][info][gc,init] CardTable entry size: 512
[2026-08-02T23:32:46.191+0900][0.006s][debug][gc,heap] Minimum heap 33554432  Initial heap 2147483648  Maximum heap 236223201280
[2026-08-02T23:32:46.191+0900][0.006s][info ][gc     ] Using G1
[2026-08-02T23:32:46.198+0900][0.014s][info ][gc,init] Version: 18.0.1.1+2-6 (release)
[2026-08-02T23:32:46.198+0900][0.014s][info ][gc,init] CPUs: 24 total, 24 available
[2026-08-02T23:32:46.198+0900][0.014s][info ][gc,init] Memory: 255G
[2026-08-02T23:32:46.198+0900][0.014s][info ][gc,init] Large Page Support: Disabled
[2026-08-02T23:32:46.198+0900][0.014s][info ][gc,init] NUMA Support: Disabled
[2026-08-02T23:32:46.198+0900][0.014s][info ][gc,init] Compressed Oops: Disabled
[2026-08-02T23:32:46.198+0900][0.014s][info ][gc,init] Heap Region Size: 32M
[2026-08-02T23:32:46.198+0900][0.014s][info ][gc,init] Heap Min Capacity: 32M
[2026-08-02T23:32:46.198+0900][0.014s][info ][gc,init] Heap Initial Capacity: 2G
[2026-08-02T23:32:46.198+0900][0.014s][info ][gc,init] Heap Max Capacity: 220G
[2026-08-02T23:32:46.198+0900][0.014s][info ][gc,init] Pre-touch: Disabled
[2026-08-02T23:32:46.198+0900][0.014s][info ][gc,init] Parallel Workers: 18
[2026-08-02T23:32:46.198+0900][0.014s][info ][gc,init] Concurrent Workers: 5
[2026-08-02T23:32:46.198+0900][0.014s][info ][gc,init] Concurrent Refinement Workers: 18
[2026-08-02T23:32:46.198+0900][0.014s][info ][gc,init] Periodic GC: Disabled
[2026-08-02T23:32:46.199+0900][0.015s][info ][gc,metaspace] CDS archive(s) mapped at: [0x0000000800000000-0x0000000800ba0000-0x0000000800ba0000), size 12189696, SharedBaseAddress: 0x0000000800000000, ArchiveRelocationMode: 0.
[2026-08-02T23:32:46.199+0900][0.015s][info ][gc,metaspace] Compressed class space mapped at: 0x0000000800c00000-0x0000000840c00000, reserved size: 1073741824
[2026-08-02T23:32:46.199+0900][0.015s][info ][gc,metaspace] Narrow klass base: 0x0000000800000000, Narrow klass shift: 0, Narrow klass range: 0x100000000
[2026-08-02T23:32:46.445+0900][0.261s][info ][safepoint   ] Safepoint "ICBufferFull", Time since last: 241202500 ns, Reaching safepoint: 120300 ns, At safepoint: 15700 ns, Total: 136000 ns
[2026-08-02T23:32:46.484+0900][0.299s][info ][safepoint   ] Safepoint "RedefineClasses", Time since last: 33125500 ns, Reaching safepoint: 183400 ns, At safepoint: 4907800 ns, Total: 5091200 ns
[2026-08-02T23:32:46.522+0900][0.337s][info ][safepoint   ] Safepoint "ICBufferFull", Time since last: 37795700 ns, Reaching safepoint: 134800 ns, At safepoint: 13100 ns, Total: 147900 ns
[2026-08-02T23:32:46.536+0900][0.351s][info ][safepoint   ] Safepoint "JFRCheckpoint", Time since last: 14269300 ns, Reaching safepoint: 33300 ns, At safepoint: 13800 ns, Total: 47100 ns
[2026-08-02T23:32:46.541+0900][0.356s][info ][safepoint   ] Safepoint "JFROldObject", Time since last: 4745000 ns, Reaching safepoint: 31400 ns, At safepoint: 20700 ns, Total: 52100 ns
[2026-08-02T23:32:46.546+0900][0.361s][info ][safepoint   ] Safepoint "ClassLoaderStatsOperation", Time since last: 4854100 ns, Reaching safepoint: 87300 ns, At safepoint: 332700 ns, Total: 420000 ns
[2026-08-02T23:32:46.583+0900][0.398s][info ][gc,start    ] GC(0) Pause Full (System.gc())
[2026-08-02T23:32:46.583+0900][0.399s][debug][gc,heap     ] GC(0) Heap before GC invocations=0 (full 0):
[2026-08-02T23:32:46.583+0900][0.399s][debug][gc,heap     ] GC(0)  garbage-first heap   total 2097152K, used 32768K [0x000001f4bc000000, 0x0000022bbc000000)
[2026-08-02T23:32:46.583+0900][0.399s][debug][gc,heap     ] GC(0)   region size 32768K, 2 young (65536K), 0 survivors (0K)
[2026-08-02T23:32:46.583+0900][0.399s][debug][gc,heap     ] GC(0)  Metaspace       used 3796K, committed 3904K, reserved 1114112K
[2026-08-02T23:32:46.583+0900][0.399s][debug][gc,heap     ] GC(0)   class space    used 339K, committed 384K, reserved 1048576K
[2026-08-02T23:32:46.583+0900][0.399s][info ][gc,task     ] GC(0) Using 2 workers of 18 for full compaction
[2026-08-02T23:32:46.583+0900][0.399s][info ][gc,phases,start] GC(0) Phase 1: Mark live objects
[2026-08-02T23:32:46.587+0900][0.403s][info ][gc,phases      ] GC(0) Phase 1: Mark live objects 3.702ms
[2026-08-02T23:32:46.587+0900][0.403s][info ][gc,phases,start] GC(0) Phase 2: Prepare for compaction
[2026-08-02T23:32:46.590+0900][0.405s][info ][gc,phases      ] GC(0) Phase 2: Prepare for compaction 2.802ms
[2026-08-02T23:32:46.590+0900][0.405s][info ][gc,phases,start] GC(0) Phase 3: Adjust pointers
[2026-08-02T23:32:46.593+0900][0.408s][info ][gc,phases      ] GC(0) Phase 3: Adjust pointers 2.273ms
[2026-08-02T23:32:46.593+0900][0.408s][info ][gc,phases,start] GC(0) Phase 4: Compact heap
[2026-08-02T23:32:46.597+0900][0.412s][info ][gc,phases      ] GC(0) Phase 4: Compact heap 4.172ms
[2026-08-02T23:32:46.602+0900][0.417s][debug][gc,heap        ] GC(0) Uncommittable regions after shrink: 57
[2026-08-02T23:32:46.603+0900][0.418s][info ][gc,heap        ] GC(0) Eden regions: 2->0(1)
[2026-08-02T23:32:46.603+0900][0.418s][info ][gc,heap        ] GC(0) Survivor regions: 0->0(0)
[2026-08-02T23:32:46.603+0900][0.418s][info ][gc,heap        ] GC(0) Old regions: 0->2
[2026-08-02T23:32:46.603+0900][0.418s][info ][gc,heap        ] GC(0) Archive regions: 0->0
[2026-08-02T23:32:46.603+0900][0.418s][info ][gc,heap        ] GC(0) Humongous regions: 0->0
[2026-08-02T23:32:46.603+0900][0.418s][info ][gc,metaspace   ] GC(0) Metaspace: 3796K(3904K)->3796K(3904K) NonClass: 3457K(3520K)->3457K(3520K) Class: 339K(384K)->339K(384K)
[2026-08-02T23:32:46.603+0900][0.418s][debug][gc,heap        ] GC(0) Heap after GC invocations=1 (full 1):
[2026-08-02T23:32:46.603+0900][0.418s][debug][gc,heap        ] GC(0)  garbage-first heap   total 229376K, used 8470K [0x000001f4bc000000, 0x0000022bbc000000)
[2026-08-02T23:32:46.603+0900][0.418s][debug][gc,heap        ] GC(0)   region size 32768K, 0 young (0K), 0 survivors (0K)
[2026-08-02T23:32:46.603+0900][0.418s][debug][gc,heap        ] GC(0)  Metaspace       used 3796K, committed 3904K, reserved 1114112K
[2026-08-02T23:32:46.603+0900][0.418s][debug][gc,heap        ] GC(0)   class space    used 339K, committed 384K, reserved 1048576K
[2026-08-02T23:32:46.603+0900][0.418s][info ][gc             ] GC(0) Pause Full (System.gc()) 41M->8M(224M) 19.748ms
[2026-08-02T23:32:46.603+0900][0.418s][info ][gc,cpu         ] GC(0) User=0.06s Sys=0.00s Real=0.02s
[2026-08-02T23:32:46.603+0900][0.418s][info ][safepoint      ] Safepoint "G1CollectFull", Time since last: 36976600 ns, Reaching safepoint: 36400 ns, At safepoint: 19893300 ns, Total: 19929700 ns
[2026-08-02T23:32:46.831+0900][0.646s][debug][gc,heap        ] Concurrent Uncommit Summary: 1824M, 57 regions, 17.542ms
[2026-08-02T23:32:46.885+0900][0.700s][info ][gc,start       ] GC(1) Pause Full (System.gc())
[2026-08-02T23:32:46.885+0900][0.701s][debug][gc,heap        ] GC(1) Heap before GC invocations=1 (full 1):
[2026-08-02T23:32:46.885+0900][0.701s][debug][gc,heap        ] GC(1)  garbage-first heap   total 229376K, used 8470K [0x000001f4bc000000, 0x0000022bbc000000)
[2026-08-02T23:32:46.885+0900][0.701s][debug][gc,heap        ] GC(1)   region size 32768K, 1 young (32768K), 0 survivors (0K)
[2026-08-02T23:32:46.885+0900][0.701s][debug][gc,heap        ] GC(1)  Metaspace       used 8886K, committed 9152K, reserved 1114112K
[2026-08-02T23:32:46.885+0900][0.701s][debug][gc,heap        ] GC(1)   class space    used 831K, committed 960K, reserved 1048576K
[2026-08-02T23:32:46.885+0900][0.701s][info ][gc,task        ] GC(1) Using 1 workers of 18 for full compaction
[2026-08-02T23:32:46.885+0900][0.701s][info ][gc,phases,start] GC(1) Phase 1: Mark live objects
[2026-08-02T23:32:46.896+0900][0.711s][info ][gc,phases      ] GC(1) Phase 1: Mark live objects 10.711ms
[2026-08-02T23:32:46.896+0900][0.711s][info ][gc,phases,start] GC(1) Phase 2: Prepare for compaction
[2026-08-02T23:32:46.899+0900][0.714s][info ][gc,phases      ] GC(1) Phase 2: Prepare for compaction 2.504ms
[2026-08-02T23:32:46.899+0900][0.714s][info ][gc,phases,start] GC(1) Phase 3: Adjust pointers
[2026-08-02T23:32:46.904+0900][0.719s][info ][gc,phases      ] GC(1) Phase 3: Adjust pointers 4.963ms
[2026-08-02T23:32:46.904+0900][0.719s][info ][gc,phases,start] GC(1) Phase 4: Compact heap
[2026-08-02T23:32:46.907+0900][0.722s][info ][gc,phases      ] GC(1) Phase 4: Compact heap 3.333ms
[2026-08-02T23:32:46.909+0900][0.724s][debug][gc,heap        ] GC(1) Uncommittable regions after shrink: 3
[2026-08-02T23:32:46.910+0900][0.725s][info ][gc,heap        ] GC(1) Eden regions: 1->0(1)
[2026-08-02T23:32:46.910+0900][0.725s][info ][gc,heap        ] GC(1) Survivor regions: 0->0(0)
[2026-08-02T23:32:46.910+0900][0.725s][info ][gc,heap        ] GC(1) Old regions: 2->1
[2026-08-02T23:32:46.910+0900][0.725s][info ][gc,heap        ] GC(1) Archive regions: 0->0
[2026-08-02T23:32:46.910+0900][0.725s][info ][gc,heap        ] GC(1) Humongous regions: 0->0
[2026-08-02T23:32:46.910+0900][0.725s][info ][gc,metaspace   ] GC(1) Metaspace: 8886K(9152K)->8886K(9152K) NonClass: 8055K(8192K)->8055K(8192K) Class: 831K(960K)->831K(960K)
[2026-08-02T23:32:46.910+0900][0.725s][debug][gc,heap        ] GC(1) Heap after GC invocations=2 (full 2):
[2026-08-02T23:32:46.910+0900][0.725s][debug][gc,heap        ] GC(1)  garbage-first heap   total 131072K, used 11698K [0x000001f4bc000000, 0x0000022bbc000000)
[2026-08-02T23:32:46.910+0900][0.725s][debug][gc,heap        ] GC(1)   region size 32768K, 0 young (0K), 0 survivors (0K)
[2026-08-02T23:32:46.910+0900][0.725s][debug][gc,heap        ] GC(1)  Metaspace       used 8886K, committed 9152K, reserved 1114112K
[2026-08-02T23:32:46.910+0900][0.725s][debug][gc,heap        ] GC(1)   class space    used 831K, committed 960K, reserved 1048576K
[2026-08-02T23:32:46.910+0900][0.725s][info ][gc             ] GC(1) Pause Full (System.gc()) 27M->11M(128M) 24.273ms
[2026-08-02T23:32:46.910+0900][0.725s][info ][gc,cpu         ] GC(1) User=0.03s Sys=0.00s Real=0.03s
[2026-08-02T23:32:46.910+0900][0.725s][info ][safepoint      ] Safepoint "G1CollectFull", Time since last: 281995300 ns, Reaching safepoint: 100300 ns, At safepoint: 24360100 ns, Total: 24460400 ns
[2026-08-02T23:32:46.993+0900][0.808s][info ][gc,start       ] GC(2) Pause Full (System.gc())
[2026-08-02T23:32:46.993+0900][0.808s][debug][gc,heap        ] GC(2) Heap before GC invocations=2 (full 2):
[2026-08-02T23:32:46.993+0900][0.808s][debug][gc,heap        ] GC(2)  garbage-first heap   total 131072K, used 11698K [0x000001f4bc000000, 0x0000022bbc000000)
[2026-08-02T23:32:46.993+0900][0.808s][debug][gc,heap        ] GC(2)   region size 32768K, 1 young (32768K), 0 survivors (0K)
[2026-08-02T23:32:46.993+0900][0.808s][debug][gc,heap        ] GC(2)  Metaspace       used 9250K, committed 9536K, reserved 1114112K
[2026-08-02T23:32:46.993+0900][0.808s][debug][gc,heap        ] GC(2)   class space    used 875K, committed 1024K, reserved 1048576K
[2026-08-02T23:32:46.993+0900][0.808s][info ][gc,task        ] GC(2) Using 1 workers of 18 for full compaction
[2026-08-02T23:32:46.993+0900][0.808s][info ][gc,phases,start] GC(2) Phase 1: Mark live objects
[2026-08-02T23:32:47.013+0900][0.828s][info ][gc,phases      ] GC(2) Phase 1: Mark live objects 19.511ms
[2026-08-02T23:32:47.013+0900][0.828s][info ][gc,phases,start] GC(2) Phase 2: Prepare for compaction
[2026-08-02T23:32:47.017+0900][0.832s][info ][gc,phases      ] GC(2) Phase 2: Prepare for compaction 4.790ms
[2026-08-02T23:32:47.017+0900][0.832s][info ][gc,phases,start] GC(2) Phase 3: Adjust pointers
[2026-08-02T23:32:47.028+0900][0.843s][info ][gc,phases      ] GC(2) Phase 3: Adjust pointers 10.188ms
[2026-08-02T23:32:47.028+0900][0.843s][info ][gc,phases,start] GC(2) Phase 4: Compact heap
[2026-08-02T23:32:47.033+0900][0.848s][info ][gc,phases      ] GC(2) Phase 4: Compact heap 5.545ms
[2026-08-02T23:32:47.035+0900][0.850s][info ][gc,heap        ] GC(2) Eden regions: 1->0(1)
[2026-08-02T23:32:47.035+0900][0.850s][info ][gc,heap        ] GC(2) Survivor regions: 0->0(0)
[2026-08-02T23:32:47.035+0900][0.850s][info ][gc,heap        ] GC(2) Old regions: 1->1
[2026-08-02T23:32:47.035+0900][0.850s][info ][gc,heap        ] GC(2) Archive regions: 0->0
[2026-08-02T23:32:47.035+0900][0.850s][info ][gc,heap        ] GC(2) Humongous regions: 0->0
[2026-08-02T23:32:47.035+0900][0.850s][info ][gc,metaspace   ] GC(2) Metaspace: 9250K(9536K)->9250K(9536K) NonClass: 8374K(8512K)->8374K(8512K) Class: 875K(1024K)->875K(1024K)
[2026-08-02T23:32:47.035+0900][0.850s][debug][gc,heap        ] GC(2) Heap after GC invocations=3 (full 3):
[2026-08-02T23:32:47.035+0900][0.850s][debug][gc,heap        ] GC(2)  garbage-first heap   total 131072K, used 17837K [0x000001f4bc000000, 0x0000022bbc000000)
[2026-08-02T23:32:47.035+0900][0.850s][debug][gc,heap        ] GC(2)   region size 32768K, 0 young (0K), 0 survivors (0K)
[2026-08-02T23:32:47.035+0900][0.850s][debug][gc,heap        ] GC(2)  Metaspace       used 9250K, committed 9536K, reserved 1114112K
[2026-08-02T23:32:47.035+0900][0.850s][debug][gc,heap        ] GC(2)   class space    used 875K, committed 1024K, reserved 1048576K
[2026-08-02T23:32:47.035+0900][0.850s][info ][gc             ] GC(2) Pause Full (System.gc()) 30M->17M(128M) 42.447ms
[2026-08-02T23:32:47.035+0900][0.850s][info ][gc,cpu         ] GC(2) User=0.09s Sys=0.00s Real=0.04s
[2026-08-02T23:32:47.035+0900][0.850s][info ][safepoint      ] Safepoint "G1CollectFull", Time since last: 82908400 ns, Reaching safepoint: 45600 ns, At safepoint: 42575700 ns, Total: 42621300 ns
[2026-08-02T23:32:47.037+0900][0.852s][debug][gc,heap        ] Concurrent Uncommit Summary: 98304K, 3 regions, 1.833ms
[2026-08-02T23:32:47.051+0900][0.866s][info ][gc,start       ] GC(3) Pause Full (System.gc())
[2026-08-02T23:32:47.051+0900][0.866s][debug][gc,heap        ] GC(3) Heap before GC invocations=3 (full 3):
[2026-08-02T23:32:47.051+0900][0.866s][debug][gc,heap        ] GC(3)  garbage-first heap   total 131072K, used 17837K [0x000001f4bc000000, 0x0000022bbc000000)
[2026-08-02T23:32:47.051+0900][0.866s][debug][gc,heap        ] GC(3)   region size 32768K, 1 young (32768K), 0 survivors (0K)
[2026-08-02T23:32:47.051+0900][0.866s][debug][gc,heap        ] GC(3)  Metaspace       used 9425K, committed 9728K, reserved 1114112K
[2026-08-02T23:32:47.051+0900][0.866s][debug][gc,heap        ] GC(3)   class space    used 895K, committed 1024K, reserved 1048576K
[2026-08-02T23:32:47.051+0900][0.866s][info ][gc,task        ] GC(3) Using 1 workers of 18 for full compaction
[2026-08-02T23:32:47.051+0900][0.866s][info ][gc,phases,start] GC(3) Phase 1: Mark live objects
[2026-08-02T23:32:47.067+0900][0.882s][info ][gc,phases      ] GC(3) Phase 1: Mark live objects 15.993ms
[2026-08-02T23:32:47.067+0900][0.882s][info ][gc,phases,start] GC(3) Phase 2: Prepare for compaction
[2026-08-02T23:32:47.070+0900][0.885s][info ][gc,phases      ] GC(3) Phase 2: Prepare for compaction 2.933ms
[2026-08-02T23:32:47.070+0900][0.885s][info ][gc,phases,start] GC(3) Phase 3: Adjust pointers
[2026-08-02T23:32:47.076+0900][0.891s][info ][gc,phases      ] GC(3) Phase 3: Adjust pointers 6.310ms
[2026-08-02T23:32:47.076+0900][0.891s][info ][gc,phases,start] GC(3) Phase 4: Compact heap
[2026-08-02T23:32:47.079+0900][0.894s][info ][gc,phases      ] GC(3) Phase 4: Compact heap 2.412ms
[2026-08-02T23:32:47.080+0900][0.895s][info ][gc,heap        ] GC(3) Eden regions: 1->0(1)
[2026-08-02T23:32:47.080+0900][0.895s][info ][gc,heap        ] GC(3) Survivor regions: 0->0(0)
[2026-08-02T23:32:47.080+0900][0.895s][info ][gc,heap        ] GC(3) Old regions: 1->1
[2026-08-02T23:32:47.080+0900][0.895s][info ][gc,heap        ] GC(3) Archive regions: 0->0
[2026-08-02T23:32:47.080+0900][0.895s][info ][gc,heap        ] GC(3) Humongous regions: 0->0
[2026-08-02T23:32:47.080+0900][0.895s][info ][gc,metaspace   ] GC(3) Metaspace: 9425K(9728K)->9425K(9728K) NonClass: 8529K(8704K)->8529K(8704K) Class: 895K(1024K)->895K(1024K)
[2026-08-02T23:32:47.080+0900][0.895s][debug][gc,heap        ] GC(3) Heap after GC invocations=4 (full 4):
[2026-08-02T23:32:47.080+0900][0.895s][debug][gc,heap        ] GC(3)  garbage-first heap   total 131072K, used 17898K [0x000001f4bc000000, 0x0000022bbc000000)
[2026-08-02T23:32:47.080+0900][0.895s][debug][gc,heap        ] GC(3)   region size 32768K, 0 young (0K), 0 survivors (0K)
[2026-08-02T23:32:47.081+0900][0.896s][debug][gc,heap        ] GC(3)  Metaspace       used 9425K, committed 9728K, reserved 1114112K
[2026-08-02T23:32:47.081+0900][0.896s][debug][gc,heap        ] GC(3)   class space    used 895K, committed 1024K, reserved 1048576K
[2026-08-02T23:32:47.081+0900][0.896s][info ][gc             ] GC(3) Pause Full (System.gc()) 19M->17M(128M) 29.758ms
[2026-08-02T23:32:47.081+0900][0.896s][info ][gc,cpu         ] GC(3) User=0.03s Sys=0.00s Real=0.03s
[2026-08-02T23:32:47.081+0900][0.896s][info ][safepoint      ] Safepoint "G1CollectFull", Time since last: 15373800 ns, Reaching safepoint: 38000 ns, At safepoint: 29903800 ns, Total: 29941800 ns
[2026-08-02T23:32:47.084+0900][0.899s][info ][gc,start       ] GC(4) Pause Full (System.gc())
[2026-08-02T23:32:47.084+0900][0.899s][debug][gc,heap        ] GC(4) Heap before GC invocations=4 (full 4):
[2026-08-02T23:32:47.084+0900][0.899s][debug][gc,heap        ] GC(4)  garbage-first heap   total 131072K, used 17898K [0x000001f4bc000000, 0x0000022bbc000000)
[2026-08-02T23:32:47.084+0900][0.899s][debug][gc,heap        ] GC(4)   region size 32768K, 1 young (32768K), 0 survivors (0K)
[2026-08-02T23:32:47.084+0900][0.899s][debug][gc,heap        ] GC(4)  Metaspace       used 9431K, committed 9728K, reserved 1114112K
[2026-08-02T23:32:47.084+0900][0.899s][debug][gc,heap        ] GC(4)   class space    used 895K, committed 1024K, reserved 1048576K
[2026-08-02T23:32:47.084+0900][0.899s][info ][gc,task        ] GC(4) Using 1 workers of 18 for full compaction
[2026-08-02T23:32:47.085+0900][0.900s][info ][gc,phases,start] GC(4) Phase 1: Mark live objects
[2026-08-02T23:32:47.100+0900][0.915s][info ][gc,phases      ] GC(4) Phase 1: Mark live objects 15.632ms
[2026-08-02T23:32:47.100+0900][0.915s][info ][gc,phases,start] GC(4) Phase 2: Prepare for compaction
[2026-08-02T23:32:47.103+0900][0.918s][info ][gc,phases      ] GC(4) Phase 2: Prepare for compaction 2.894ms
[2026-08-02T23:32:47.103+0900][0.918s][info ][gc,phases,start] GC(4) Phase 3: Adjust pointers
[2026-08-02T23:32:47.109+0900][0.925s][info ][gc,phases      ] GC(4) Phase 3: Adjust pointers 6.351ms
[2026-08-02T23:32:47.109+0900][0.925s][info ][gc,phases,start] GC(4) Phase 4: Compact heap
[2026-08-02T23:32:47.112+0900][0.927s][info ][gc,phases      ] GC(4) Phase 4: Compact heap 2.281ms
[2026-08-02T23:32:47.113+0900][0.928s][info ][gc,heap        ] GC(4) Eden regions: 1->0(1)
[2026-08-02T23:32:47.113+0900][0.928s][info ][gc,heap        ] GC(4) Survivor regions: 0->0(0)
[2026-08-02T23:32:47.113+0900][0.928s][info ][gc,heap        ] GC(4) Old regions: 1->1
[2026-08-02T23:32:47.113+0900][0.928s][info ][gc,heap        ] GC(4) Archive regions: 0->0
[2026-08-02T23:32:47.113+0900][0.928s][info ][gc,heap        ] GC(4) Humongous regions: 0->0
[2026-08-02T23:32:47.113+0900][0.928s][info ][gc,metaspace   ] GC(4) Metaspace: 9431K(9728K)->9431K(9728K) NonClass: 8536K(8704K)->8536K(8704K) Class: 895K(1024K)->895K(1024K)
[2026-08-02T23:32:47.113+0900][0.928s][debug][gc,heap        ] GC(4) Heap after GC invocations=5 (full 5):
[2026-08-02T23:32:47.113+0900][0.928s][debug][gc,heap        ] GC(4)  garbage-first heap   total 131072K, used 17906K [0x000001f4bc000000, 0x0000022bbc000000)
[2026-08-02T23:32:47.113+0900][0.928s][debug][gc,heap        ] GC(4)   region size 32768K, 0 young (0K), 0 survivors (0K)
[2026-08-02T23:32:47.113+0900][0.929s][debug][gc,heap        ] GC(4)  Metaspace       used 9431K, committed 9728K, reserved 1114112K
[2026-08-02T23:32:47.113+0900][0.929s][debug][gc,heap        ] GC(4)   class space    used 895K, committed 1024K, reserved 1048576K
[2026-08-02T23:32:47.113+0900][0.929s][info ][gc             ] GC(4) Pause Full (System.gc()) 18M->17M(128M) 29.158ms
[2026-08-02T23:32:47.113+0900][0.929s][info ][gc,cpu         ] GC(4) User=0.03s Sys=0.00s Real=0.03s
[2026-08-02T23:32:47.113+0900][0.929s][info ][safepoint      ] Safepoint "G1CollectFull", Time since last: 3506100 ns, Reaching safepoint: 184800 ns, At safepoint: 29284400 ns, Total: 29469200 ns
[2026-08-02T23:32:47.117+0900][0.932s][info ][gc,start       ] GC(5) Pause Full (System.gc())
[2026-08-02T23:32:47.117+0900][0.932s][debug][gc,heap        ] GC(5) Heap before GC invocations=5 (full 5):
[2026-08-02T23:32:47.117+0900][0.932s][debug][gc,heap        ] GC(5)  garbage-first heap   total 131072K, used 17906K [0x000001f4bc000000, 0x0000022bbc000000)
[2026-08-02T23:32:47.117+0900][0.932s][debug][gc,heap        ] GC(5)   region size 32768K, 1 young (32768K), 0 survivors (0K)
[2026-08-02T23:32:47.117+0900][0.932s][debug][gc,heap        ] GC(5)  Metaspace       used 9448K, committed 9728K, reserved 1114112K
[2026-08-02T23:32:47.117+0900][0.932s][debug][gc,heap        ] GC(5)   class space    used 895K, committed 1024K, reserved 1048576K
[2026-08-02T23:32:47.117+0900][0.932s][info ][gc,task        ] GC(5) Using 1 workers of 18 for full compaction
[2026-08-02T23:32:47.117+0900][0.932s][info ][gc,phases,start] GC(5) Phase 1: Mark live objects
[2026-08-02T23:32:47.130+0900][0.946s][info ][gc,phases      ] GC(5) Phase 1: Mark live objects 13.574ms
[2026-08-02T23:32:47.130+0900][0.946s][info ][gc,phases,start] GC(5) Phase 2: Prepare for compaction
[2026-08-02T23:32:47.134+0900][0.949s][info ][gc,phases      ] GC(5) Phase 2: Prepare for compaction 3.111ms
[2026-08-02T23:32:47.134+0900][0.949s][info ][gc,phases,start] GC(5) Phase 3: Adjust pointers
[2026-08-02T23:32:47.140+0900][0.955s][info ][gc,phases      ] GC(5) Phase 3: Adjust pointers 5.904ms
[2026-08-02T23:32:47.140+0900][0.955s][info ][gc,phases,start] GC(5) Phase 4: Compact heap
[2026-08-02T23:32:47.142+0900][0.957s][info ][gc,phases      ] GC(5) Phase 4: Compact heap 2.155ms
[2026-08-02T23:32:47.144+0900][0.959s][info ][gc,heap        ] GC(5) Eden regions: 1->0(1)
[2026-08-02T23:32:47.144+0900][0.959s][info ][gc,heap        ] GC(5) Survivor regions: 0->0(0)
[2026-08-02T23:32:47.144+0900][0.959s][info ][gc,heap        ] GC(5) Old regions: 1->1
[2026-08-02T23:32:47.144+0900][0.959s][info ][gc,heap        ] GC(5) Archive regions: 0->0
[2026-08-02T23:32:47.144+0900][0.959s][info ][gc,heap        ] GC(5) Humongous regions: 0->0
[2026-08-02T23:32:47.144+0900][0.959s][info ][gc,metaspace   ] GC(5) Metaspace: 9448K(9728K)->9448K(9728K) NonClass: 8552K(8704K)->8552K(8704K) Class: 895K(1024K)->895K(1024K)
[2026-08-02T23:32:47.144+0900][0.959s][debug][gc,heap        ] GC(5) Heap after GC invocations=6 (full 6):
[2026-08-02T23:32:47.144+0900][0.959s][debug][gc,heap        ] GC(5)  garbage-first heap   total 131072K, used 17915K [0x000001f4bc000000, 0x0000022bbc000000)
[2026-08-02T23:32:47.144+0900][0.959s][debug][gc,heap        ] GC(5)   region size 32768K, 0 young (0K), 0 survivors (0K)
[2026-08-02T23:32:47.144+0900][0.959s][debug][gc,heap        ] GC(5)  Metaspace       used 9448K, committed 9728K, reserved 1114112K
[2026-08-02T23:32:47.144+0900][0.959s][debug][gc,heap        ] GC(5)   class space    used 895K, committed 1024K, reserved 1048576K
[2026-08-02T23:32:47.144+0900][0.959s][info ][gc             ] GC(5) Pause Full (System.gc()) 18M->17M(128M) 27.353ms
[2026-08-02T23:32:47.144+0900][0.959s][info ][gc,cpu         ] GC(5) User=0.03s Sys=0.00s Real=0.03s
[2026-08-02T23:32:47.144+0900][0.960s][info ][safepoint      ] Safepoint "G1CollectFull", Time since last: 3431700 ns, Reaching safepoint: 27300 ns, At safepoint: 27436200 ns, Total: 27463500 ns
[2026-08-02T23:32:47.148+0900][0.963s][info ][gc,start       ] GC(6) Pause Full (System.gc())
[2026-08-02T23:32:47.148+0900][0.963s][debug][gc,heap        ] GC(6) Heap before GC invocations=6 (full 6):
[2026-08-02T23:32:47.148+0900][0.963s][debug][gc,heap        ] GC(6)  garbage-first heap   total 131072K, used 17915K [0x000001f4bc000000, 0x0000022bbc000000)
[2026-08-02T23:32:47.148+0900][0.963s][debug][gc,heap        ] GC(6)   region size 32768K, 1 young (32768K), 0 survivors (0K)
[2026-08-02T23:32:47.148+0900][0.963s][debug][gc,heap        ] GC(6)  Metaspace       used 9472K, committed 9792K, reserved 1114112K
[2026-08-02T23:32:47.148+0900][0.963s][debug][gc,heap        ] GC(6)   class space    used 895K, committed 1024K, reserved 1048576K
[2026-08-02T23:32:47.148+0900][0.963s][info ][gc,task        ] GC(6) Using 1 workers of 18 for full compaction
[2026-08-02T23:32:47.148+0900][0.963s][info ][gc,phases,start] GC(6) Phase 1: Mark live objects
[2026-08-02T23:32:47.163+0900][0.978s][info ][gc,phases      ] GC(6) Phase 1: Mark live objects 15.220ms
[2026-08-02T23:32:47.163+0900][0.978s][info ][gc,phases,start] GC(6) Phase 2: Prepare for compaction
[2026-08-02T23:32:47.166+0900][0.981s][info ][gc,phases      ] GC(6) Phase 2: Prepare for compaction 2.741ms
[2026-08-02T23:32:47.166+0900][0.981s][info ][gc,phases,start] GC(6) Phase 3: Adjust pointers
[2026-08-02T23:32:47.172+0900][0.987s][info ][gc,phases      ] GC(6) Phase 3: Adjust pointers 5.909ms
[2026-08-02T23:32:47.172+0900][0.987s][info ][gc,phases,start] GC(6) Phase 4: Compact heap
[2026-08-02T23:32:47.174+0900][0.989s][info ][gc,phases      ] GC(6) Phase 4: Compact heap 2.126ms
[2026-08-02T23:32:47.176+0900][0.990s][info ][gc,heap        ] GC(6) Eden regions: 1->0(1)
[2026-08-02T23:32:47.176+0900][0.990s][info ][gc,heap        ] GC(6) Survivor regions: 0->0(0)
[2026-08-02T23:32:47.176+0900][0.990s][info ][gc,heap        ] GC(6) Old regions: 1->1
[2026-08-02T23:32:47.176+0900][0.990s][info ][gc,heap        ] GC(6) Archive regions: 0->0
[2026-08-02T23:32:47.176+0900][0.990s][info ][gc,heap        ] GC(6) Humongous regions: 0->0
[2026-08-02T23:32:47.176+0900][0.990s][info ][gc,metaspace   ] GC(6) Metaspace: 9472K(9792K)->9472K(9792K) NonClass: 8576K(8768K)->8576K(8768K) Class: 895K(1024K)->895K(1024K)
[2026-08-02T23:32:47.176+0900][0.990s][debug][gc,heap        ] GC(6) Heap after GC invocations=7 (full 7):
[2026-08-02T23:32:47.176+0900][0.991s][debug][gc,heap        ] GC(6)  garbage-first heap   total 131072K, used 17925K [0x000001f4bc000000, 0x0000022bbc000000)
[2026-08-02T23:32:47.176+0900][0.991s][debug][gc,heap        ] GC(6)   region size 32768K, 0 young (0K), 0 survivors (0K)
[2026-08-02T23:32:47.176+0900][0.991s][debug][gc,heap        ] GC(6)  Metaspace       used 9472K, committed 9792K, reserved 1114112K
[2026-08-02T23:32:47.176+0900][0.991s][debug][gc,heap        ] GC(6)   class space    used 895K, committed 1024K, reserved 1048576K
[2026-08-02T23:32:47.176+0900][0.991s][info ][gc             ] GC(6) Pause Full (System.gc()) 18M->17M(128M) 27.967ms
[2026-08-02T23:32:47.176+0900][0.991s][info ][gc,cpu         ] GC(6) User=0.03s Sys=0.00s Real=0.03s
[2026-08-02T23:32:47.176+0900][0.991s][info ][safepoint      ] Safepoint "G1CollectFull", Time since last: 2982500 ns, Reaching safepoint: 52500 ns, At safepoint: 28088100 ns, Total: 28140600 ns
[2026-08-02T23:32:47.179+0900][0.994s][info ][gc,start       ] GC(7) Pause Full (System.gc())
[2026-08-02T23:32:47.179+0900][0.994s][debug][gc,heap        ] GC(7) Heap before GC invocations=7 (full 7):
[2026-08-02T23:32:47.179+0900][0.994s][debug][gc,heap        ] GC(7)  garbage-first heap   total 131072K, used 17925K [0x000001f4bc000000, 0x0000022bbc000000)
[2026-08-02T23:32:47.179+0900][0.994s][debug][gc,heap        ] GC(7)   region size 32768K, 1 young (32768K), 0 survivors (0K)
[2026-08-02T23:32:47.179+0900][0.994s][debug][gc,heap        ] GC(7)  Metaspace       used 9485K, committed 9792K, reserved 1114112K
[2026-08-02T23:32:47.179+0900][0.994s][debug][gc,heap        ] GC(7)   class space    used 896K, committed 1024K, reserved 1048576K
[2026-08-02T23:32:47.179+0900][0.994s][info ][gc,task        ] GC(7) Using 1 workers of 18 for full compaction
[2026-08-02T23:32:47.179+0900][0.994s][info ][gc,phases,start] GC(7) Phase 1: Mark live objects
[2026-08-02T23:32:47.196+0900][1.011s][info ][gc,phases      ] GC(7) Phase 1: Mark live objects 16.758ms
[2026-08-02T23:32:47.196+0900][1.011s][info ][gc,phases,start] GC(7) Phase 2: Prepare for compaction
[2026-08-02T23:32:47.199+0900][1.014s][info ][gc,phases      ] GC(7) Phase 2: Prepare for compaction 2.867ms
[2026-08-02T23:32:47.199+0900][1.014s][info ][gc,phases,start] GC(7) Phase 3: Adjust pointers
[2026-08-02T23:32:47.205+0900][1.020s][info ][gc,phases      ] GC(7) Phase 3: Adjust pointers 6.460ms
[2026-08-02T23:32:47.205+0900][1.020s][info ][gc,phases,start] GC(7) Phase 4: Compact heap
[2026-08-02T23:32:47.208+0900][1.023s][info ][gc,phases      ] GC(7) Phase 4: Compact heap 2.315ms
[2026-08-02T23:32:47.209+0900][1.025s][info ][gc,heap        ] GC(7) Eden regions: 1->0(1)
[2026-08-02T23:32:47.209+0900][1.025s][info ][gc,heap        ] GC(7) Survivor regions: 0->0(0)
[2026-08-02T23:32:47.209+0900][1.025s][info ][gc,heap        ] GC(7) Old regions: 1->1
[2026-08-02T23:32:47.209+0900][1.025s][info ][gc,heap        ] GC(7) Archive regions: 0->0
[2026-08-02T23:32:47.209+0900][1.025s][info ][gc,heap        ] GC(7) Humongous regions: 0->0
[2026-08-02T23:32:47.209+0900][1.025s][info ][gc,metaspace   ] GC(7) Metaspace: 9485K(9792K)->9485K(9792K) NonClass: 8588K(8768K)->8588K(8768K) Class: 896K(1024K)->896K(1024K)
[2026-08-02T23:32:47.209+0900][1.025s][debug][gc,heap        ] GC(7) Heap after GC invocations=8 (full 8):
[2026-08-02T23:32:47.209+0900][1.025s][debug][gc,heap        ] GC(7)  garbage-first heap   total 131072K, used 17933K [0x000001f4bc000000, 0x0000022bbc000000)
[2026-08-02T23:32:47.209+0900][1.025s][debug][gc,heap        ] GC(7)   region size 32768K, 0 young (0K), 0 survivors (0K)
[2026-08-02T23:32:47.209+0900][1.025s][debug][gc,heap        ] GC(7)  Metaspace       used 9485K, committed 9792K, reserved 1114112K
[2026-08-02T23:32:47.209+0900][1.025s][debug][gc,heap        ] GC(7)   class space    used 896K, committed 1024K, reserved 1048576K
[2026-08-02T23:32:47.209+0900][1.025s][info ][gc             ] GC(7) Pause Full (System.gc()) 19M->17M(128M) 30.626ms
[2026-08-02T23:32:47.209+0900][1.025s][info ][gc,cpu         ] GC(7) User=0.03s Sys=0.00s Real=0.03s
[2026-08-02T23:32:47.209+0900][1.025s][info ][safepoint      ] Safepoint "G1CollectFull", Time since last: 3369900 ns, Reaching safepoint: 38900 ns, At safepoint: 30738400 ns, Total: 30777300 ns
[2026-08-02T23:32:47.212+0900][1.027s][info ][gc,start       ] GC(8) Pause Full (System.gc())
[2026-08-02T23:32:47.212+0900][1.027s][debug][gc,heap        ] GC(8) Heap before GC invocations=8 (full 8):
[2026-08-02T23:32:47.212+0900][1.027s][debug][gc,heap        ] GC(8)  garbage-first heap   total 131072K, used 17933K [0x000001f4bc000000, 0x0000022bbc000000)
[2026-08-02T23:32:47.212+0900][1.027s][debug][gc,heap        ] GC(8)   region size 32768K, 1 young (32768K), 0 survivors (0K)
[2026-08-02T23:32:47.212+0900][1.027s][debug][gc,heap        ] GC(8)  Metaspace       used 9491K, committed 9792K, reserved 1114112K
[2026-08-02T23:32:47.212+0900][1.027s][debug][gc,heap        ] GC(8)   class space    used 896K, committed 1024K, reserved 1048576K
[2026-08-02T23:32:47.212+0900][1.027s][info ][gc,task        ] GC(8) Using 1 workers of 18 for full compaction
[2026-08-02T23:32:47.212+0900][1.028s][info ][gc,phases,start] GC(8) Phase 1: Mark live objects
[2026-08-02T23:32:47.228+0900][1.043s][info ][gc,phases      ] GC(8) Phase 1: Mark live objects 14.998ms
[2026-08-02T23:32:47.228+0900][1.043s][info ][gc,phases,start] GC(8) Phase 2: Prepare for compaction
[2026-08-02T23:32:47.230+0900][1.045s][info ][gc,phases      ] GC(8) Phase 2: Prepare for compaction 2.751ms
[2026-08-02T23:32:47.230+0900][1.045s][info ][gc,phases,start] GC(8) Phase 3: Adjust pointers
[2026-08-02T23:32:47.237+0900][1.051s][info ][gc,phases      ] GC(8) Phase 3: Adjust pointers 5.953ms
[2026-08-02T23:32:47.237+0900][1.051s][info ][gc,phases,start] GC(8) Phase 4: Compact heap
[2026-08-02T23:32:47.239+0900][1.054s][info ][gc,phases      ] GC(8) Phase 4: Compact heap 2.212ms
[2026-08-02T23:32:47.240+0900][1.055s][info ][gc,heap        ] GC(8) Eden regions: 1->0(1)
[2026-08-02T23:32:47.240+0900][1.055s][info ][gc,heap        ] GC(8) Survivor regions: 0->0(0)
[2026-08-02T23:32:47.240+0900][1.055s][info ][gc,heap        ] GC(8) Old regions: 1->1
[2026-08-02T23:32:47.240+0900][1.055s][info ][gc,heap        ] GC(8) Archive regions: 0->0
[2026-08-02T23:32:47.240+0900][1.055s][info ][gc,heap        ] GC(8) Humongous regions: 0->0
[2026-08-02T23:32:47.240+0900][1.055s][info ][gc,metaspace   ] GC(8) Metaspace: 9491K(9792K)->9491K(9792K) NonClass: 8595K(8768K)->8595K(8768K) Class: 896K(1024K)->896K(1024K)
[2026-08-02T23:32:47.240+0900][1.055s][debug][gc,heap        ] GC(8) Heap after GC invocations=9 (full 9):
[2026-08-02T23:32:47.240+0900][1.055s][debug][gc,heap        ] GC(8)  garbage-first heap   total 131072K, used 17942K [0x000001f4bc000000, 0x0000022bbc000000)
[2026-08-02T23:32:47.240+0900][1.055s][debug][gc,heap        ] GC(8)   region size 32768K, 0 young (0K), 0 survivors (0K)
[2026-08-02T23:32:47.240+0900][1.055s][debug][gc,heap        ] GC(8)  Metaspace       used 9491K, committed 9792K, reserved 1114112K
[2026-08-02T23:32:47.240+0900][1.055s][debug][gc,heap        ] GC(8)   class space    used 896K, committed 1024K, reserved 1048576K
[2026-08-02T23:32:47.240+0900][1.055s][info ][gc             ] GC(8) Pause Full (System.gc()) 18M->17M(128M) 27.970ms
[2026-08-02T23:32:47.240+0900][1.055s][info ][gc,cpu         ] GC(8) User=0.03s Sys=0.00s Real=0.03s
[2026-08-02T23:32:47.240+0900][1.055s][info ][safepoint      ] Safepoint "G1CollectFull", Time since last: 2513200 ns, Reaching safepoint: 23100 ns, At safepoint: 28079100 ns, Total: 28102200 ns
[2026-08-02T23:32:47.243+0900][1.058s][info ][gc,start       ] GC(9) Pause Full (System.gc())
[2026-08-02T23:32:47.243+0900][1.058s][debug][gc,heap        ] GC(9) Heap before GC invocations=9 (full 9):
[2026-08-02T23:32:47.243+0900][1.058s][debug][gc,heap        ] GC(9)  garbage-first heap   total 131072K, used 17942K [0x000001f4bc000000, 0x0000022bbc000000)
[2026-08-02T23:32:47.243+0900][1.058s][debug][gc,heap        ] GC(9)   region size 32768K, 1 young (32768K), 0 survivors (0K)
[2026-08-02T23:32:47.243+0900][1.058s][debug][gc,heap        ] GC(9)  Metaspace       used 9511K, committed 9792K, reserved 1114112K
[2026-08-02T23:32:47.243+0900][1.058s][debug][gc,heap        ] GC(9)   class space    used 896K, committed 1024K, reserved 1048576K
[2026-08-02T23:32:47.243+0900][1.058s][info ][gc,task        ] GC(9) Using 1 workers of 18 for full compaction
[2026-08-02T23:32:47.243+0900][1.058s][info ][gc,phases,start] GC(9) Phase 1: Mark live objects
[2026-08-02T23:32:47.259+0900][1.074s][info ][gc,phases      ] GC(9) Phase 1: Mark live objects 15.770ms
[2026-08-02T23:32:47.259+0900][1.074s][info ][gc,phases,start] GC(9) Phase 2: Prepare for compaction
[2026-08-02T23:32:47.261+0900][1.077s][info ][gc,phases      ] GC(9) Phase 2: Prepare for compaction 2.901ms
[2026-08-02T23:32:47.261+0900][1.077s][info ][gc,phases,start] GC(9) Phase 3: Adjust pointers
[2026-08-02T23:32:47.270+0900][1.084s][info ][gc,phases      ] GC(9) Phase 3: Adjust pointers 7.334ms
[2026-08-02T23:32:47.270+0900][1.084s][info ][gc,phases,start] GC(9) Phase 4: Compact heap
[2026-08-02T23:32:47.272+0900][1.087s][info ][gc,phases      ] GC(9) Phase 4: Compact heap 2.374ms
[2026-08-02T23:32:47.274+0900][1.088s][info ][gc,heap        ] GC(9) Eden regions: 1->0(1)
[2026-08-02T23:32:47.274+0900][1.088s][info ][gc,heap        ] GC(9) Survivor regions: 0->0(0)
[2026-08-02T23:32:47.274+0900][1.088s][info ][gc,heap        ] GC(9) Old regions: 1->1
[2026-08-02T23:32:47.274+0900][1.088s][info ][gc,heap        ] GC(9) Archive regions: 0->0
[2026-08-02T23:32:47.274+0900][1.088s][info ][gc,heap        ] GC(9) Humongous regions: 0->0
[2026-08-02T23:32:47.274+0900][1.088s][info ][gc,metaspace   ] GC(9) Metaspace: 9511K(9792K)->9511K(9792K) NonClass: 8615K(8768K)->8615K(8768K) Class: 896K(1024K)->896K(1024K)
[2026-08-02T23:32:47.274+0900][1.088s][debug][gc,heap        ] GC(9) Heap after GC invocations=10 (full 10):
[2026-08-02T23:32:47.274+0900][1.088s][debug][gc,heap        ] GC(9)  garbage-first heap   total 131072K, used 17952K [0x000001f4bc000000, 0x0000022bbc000000)
[2026-08-02T23:32:47.274+0900][1.089s][debug][gc,heap        ] GC(9)   region size 32768K, 0 young (0K), 0 survivors (0K)
[2026-08-02T23:32:47.274+0900][1.089s][debug][gc,heap        ] GC(9)  Metaspace       used 9511K, committed 9792K, reserved 1114112K
[2026-08-02T23:32:47.274+0900][1.089s][debug][gc,heap        ] GC(9)   class space    used 896K, committed 1024K, reserved 1048576K
[2026-08-02T23:32:47.274+0900][1.089s][info ][gc             ] GC(9) Pause Full (System.gc()) 18M->17M(128M) 30.636ms
[2026-08-02T23:32:47.274+0900][1.089s][info ][gc,cpu         ] GC(9) User=0.03s Sys=0.00s Real=0.03s
[2026-08-02T23:32:47.274+0900][1.089s][info ][safepoint      ] Safepoint "G1CollectFull", Time since last: 2438900 ns, Reaching safepoint: 97700 ns, At safepoint: 30695500 ns, Total: 30793200 ns
[2026-08-02T23:32:47.276+0900][1.091s][info ][gc,start       ] GC(10) Pause Full (System.gc())
[2026-08-02T23:32:47.276+0900][1.091s][debug][gc,heap        ] GC(10) Heap before GC invocations=10 (full 10):
[2026-08-02T23:32:47.276+0900][1.091s][debug][gc,heap        ] GC(10)  garbage-first heap   total 131072K, used 17952K [0x000001f4bc000000, 0x0000022bbc000000)
[2026-08-02T23:32:47.276+0900][1.091s][debug][gc,heap        ] GC(10)   region size 32768K, 1 young (32768K), 0 survivors (0K)
[2026-08-02T23:32:47.276+0900][1.091s][debug][gc,heap        ] GC(10)  Metaspace       used 9513K, committed 9792K, reserved 1114112K
[2026-08-02T23:32:47.276+0900][1.091s][debug][gc,heap        ] GC(10)   class space    used 896K, committed 1024K, reserved 1048576K
[2026-08-02T23:32:47.276+0900][1.091s][info ][gc,task        ] GC(10) Using 1 workers of 18 for full compaction
[2026-08-02T23:32:47.276+0900][1.091s][info ][gc,phases,start] GC(10) Phase 1: Mark live objects
[2026-08-02T23:32:47.292+0900][1.106s][info ][gc,phases      ] GC(10) Phase 1: Mark live objects 15.297ms
[2026-08-02T23:32:47.292+0900][1.106s][info ][gc,phases,start] GC(10) Phase 2: Prepare for compaction
[2026-08-02T23:32:47.294+0900][1.109s][info ][gc,phases      ] GC(10) Phase 2: Prepare for compaction 2.821ms
[2026-08-02T23:32:47.295+0900][1.109s][info ][gc,phases,start] GC(10) Phase 3: Adjust pointers
[2026-08-02T23:32:47.301+0900][1.117s][info ][gc,phases      ] GC(10) Phase 3: Adjust pointers 7.480ms
[2026-08-02T23:32:47.302+0900][1.117s][info ][gc,phases,start] GC(10) Phase 4: Compact heap
[2026-08-02T23:32:47.305+0900][1.119s][info ][gc,phases      ] GC(10) Phase 4: Compact heap 2.669ms
[2026-08-02T23:32:47.306+0900][1.121s][info ][gc,heap        ] GC(10) Eden regions: 1->0(1)
[2026-08-02T23:32:47.306+0900][1.121s][info ][gc,heap        ] GC(10) Survivor regions: 0->0(0)
[2026-08-02T23:32:47.306+0900][1.121s][info ][gc,heap        ] GC(10) Old regions: 1->1
[2026-08-02T23:32:47.306+0900][1.121s][info ][gc,heap        ] GC(10) Archive regions: 0->0
[2026-08-02T23:32:47.306+0900][1.121s][info ][gc,heap        ] GC(10) Humongous regions: 0->0
[2026-08-02T23:32:47.306+0900][1.121s][info ][gc,metaspace   ] GC(10) Metaspace: 9513K(9792K)->9513K(9792K) NonClass: 8616K(8768K)->8616K(8768K) Class: 896K(1024K)->896K(1024K)
[2026-08-02T23:32:47.306+0900][1.121s][debug][gc,heap        ] GC(10) Heap after GC invocations=11 (full 11):
[2026-08-02T23:32:47.306+0900][1.121s][debug][gc,heap        ] GC(10)  garbage-first heap   total 131072K, used 17961K [0x000001f4bc000000, 0x0000022bbc000000)
[2026-08-02T23:32:47.306+0900][1.121s][debug][gc,heap        ] GC(10)   region size 32768K, 0 young (0K), 0 survivors (0K)
[2026-08-02T23:32:47.306+0900][1.121s][debug][gc,heap        ] GC(10)  Metaspace       used 9513K, committed 9792K, reserved 1114112K
[2026-08-02T23:32:47.306+0900][1.121s][debug][gc,heap        ] GC(10)   class space    used 896K, committed 1024K, reserved 1048576K
[2026-08-02T23:32:47.306+0900][1.121s][info ][gc             ] GC(10) Pause Full (System.gc()) 18M->17M(128M) 30.483ms
[2026-08-02T23:32:47.306+0900][1.121s][info ][gc,cpu         ] GC(10) User=0.03s Sys=0.00s Real=0.03s
[2026-08-02T23:32:47.306+0900][1.121s][info ][safepoint      ] Safepoint "G1CollectFull", Time since last: 2179900 ns, Reaching safepoint: 25500 ns, At safepoint: 30570100 ns, Total: 30595600 ns
[2026-08-02T23:32:47.308+0900][1.124s][info ][gc,start       ] GC(11) Pause Full (System.gc())
[2026-08-02T23:32:47.308+0900][1.124s][debug][gc,heap        ] GC(11) Heap before GC invocations=11 (full 11):
[2026-08-02T23:32:47.308+0900][1.124s][debug][gc,heap        ] GC(11)  garbage-first heap   total 131072K, used 17961K [0x000001f4bc000000, 0x0000022bbc000000)
[2026-08-02T23:32:47.308+0900][1.124s][debug][gc,heap        ] GC(11)   region size 32768K, 1 young (32768K), 0 survivors (0K)
[2026-08-02T23:32:47.308+0900][1.124s][debug][gc,heap        ] GC(11)  Metaspace       used 9519K, committed 9792K, reserved 1114112K
[2026-08-02T23:32:47.308+0900][1.124s][debug][gc,heap        ] GC(11)   class space    used 896K, committed 1024K, reserved 1048576K
[2026-08-02T23:32:47.308+0900][1.124s][info ][gc,task        ] GC(11) Using 1 workers of 18 for full compaction
[2026-08-02T23:32:47.308+0900][1.124s][info ][gc,phases,start] GC(11) Phase 1: Mark live objects
[2026-08-02T23:32:47.325+0900][1.140s][info ][gc,phases      ] GC(11) Phase 1: Mark live objects 15.986ms
[2026-08-02T23:32:47.325+0900][1.140s][info ][gc,phases,start] GC(11) Phase 2: Prepare for compaction
[2026-08-02T23:32:47.327+0900][1.143s][info ][gc,phases      ] GC(11) Phase 2: Prepare for compaction 2.952ms
[2026-08-02T23:32:47.327+0900][1.143s][info ][gc,phases,start] GC(11) Phase 3: Adjust pointers
[2026-08-02T23:32:47.335+0900][1.151s][info ][gc,phases      ] GC(11) Phase 3: Adjust pointers 7.842ms
[2026-08-02T23:32:47.335+0900][1.151s][info ][gc,phases,start] GC(11) Phase 4: Compact heap
[2026-08-02T23:32:47.338+0900][1.153s][info ][gc,phases      ] GC(11) Phase 4: Compact heap 2.581ms
[2026-08-02T23:32:47.340+0900][1.155s][info ][gc,heap        ] GC(11) Eden regions: 1->0(1)
[2026-08-02T23:32:47.340+0900][1.155s][info ][gc,heap        ] GC(11) Survivor regions: 0->0(0)
[2026-08-02T23:32:47.340+0900][1.155s][info ][gc,heap        ] GC(11) Old regions: 1->1
[2026-08-02T23:32:47.340+0900][1.155s][info ][gc,heap        ] GC(11) Archive regions: 0->0
[2026-08-02T23:32:47.340+0900][1.155s][info ][gc,heap        ] GC(11) Humongous regions: 0->0
[2026-08-02T23:32:47.340+0900][1.155s][info ][gc,metaspace   ] GC(11) Metaspace: 9519K(9792K)->9519K(9792K) NonClass: 8623K(8768K)->8623K(8768K) Class: 896K(1024K)->896K(1024K)
[2026-08-02T23:32:47.340+0900][1.155s][debug][gc,heap        ] GC(11) Heap after GC invocations=12 (full 12):
[2026-08-02T23:32:47.340+0900][1.155s][debug][gc,heap        ] GC(11)  garbage-first heap   total 131072K, used 17970K [0x000001f4bc000000, 0x0000022bbc000000)
[2026-08-02T23:32:47.340+0900][1.155s][debug][gc,heap        ] GC(11)   region size 32768K, 0 young (0K), 0 survivors (0K)
[2026-08-02T23:32:47.340+0900][1.155s][debug][gc,heap        ] GC(11)  Metaspace       used 9519K, committed 9792K, reserved 1114112K
[2026-08-02T23:32:47.340+0900][1.155s][debug][gc,heap        ] GC(11)   class space    used 896K, committed 1024K, reserved 1048576K
[2026-08-02T23:32:47.340+0900][1.155s][info ][gc             ] GC(11) Pause Full (System.gc()) 18M->17M(128M) 31.562ms
[2026-08-02T23:32:47.340+0900][1.155s][info ][gc,cpu         ] GC(11) User=0.05s Sys=0.00s Real=0.03s
[2026-08-02T23:32:47.340+0900][1.155s][info ][safepoint      ] Safepoint "G1CollectFull", Time since last: 2048900 ns, Reaching safepoint: 24000 ns, At safepoint: 31621600 ns, Total: 31645600 ns
[2026-08-02T23:32:47.342+0900][1.157s][info ][gc,start       ] GC(12) Pause Full (System.gc())
[2026-08-02T23:32:47.342+0900][1.157s][debug][gc,heap        ] GC(12) Heap before GC invocations=12 (full 12):
[2026-08-02T23:32:47.342+0900][1.157s][debug][gc,heap        ] GC(12)  garbage-first heap   total 131072K, used 17970K [0x000001f4bc000000, 0x0000022bbc000000)
[2026-08-02T23:32:47.342+0900][1.157s][debug][gc,heap        ] GC(12)   region size 32768K, 1 young (32768K), 0 survivors (0K)
[2026-08-02T23:32:47.342+0900][1.157s][debug][gc,heap        ] GC(12)  Metaspace       used 9522K, committed 9792K, reserved 1114112K
[2026-08-02T23:32:47.342+0900][1.157s][debug][gc,heap        ] GC(12)   class space    used 896K, committed 1024K, reserved 1048576K
[2026-08-02T23:32:47.342+0900][1.157s][info ][gc,task        ] GC(12) Using 1 workers of 18 for full compaction
[2026-08-02T23:32:47.342+0900][1.157s][info ][gc,phases,start] GC(12) Phase 1: Mark live objects
[2026-08-02T23:32:47.359+0900][1.174s][info ][gc,phases      ] GC(12) Phase 1: Mark live objects 16.216ms
[2026-08-02T23:32:47.359+0900][1.174s][info ][gc,phases,start] GC(12) Phase 2: Prepare for compaction
[2026-08-02T23:32:47.361+0900][1.177s][info ][gc,phases      ] GC(12) Phase 2: Prepare for compaction 3.139ms
[2026-08-02T23:32:47.362+0900][1.177s][info ][gc,phases,start] GC(12) Phase 3: Adjust pointers
[2026-08-02T23:32:47.369+0900][1.185s][info ][gc,phases      ] GC(12) Phase 3: Adjust pointers 7.942ms
[2026-08-02T23:32:47.369+0900][1.185s][info ][gc,phases,start] GC(12) Phase 4: Compact heap
[2026-08-02T23:32:47.372+0900][1.187s][info ][gc,phases      ] GC(12) Phase 4: Compact heap 2.486ms
[2026-08-02T23:32:47.374+0900][1.189s][info ][gc,heap        ] GC(12) Eden regions: 1->0(1)
[2026-08-02T23:32:47.374+0900][1.189s][info ][gc,heap        ] GC(12) Survivor regions: 0->0(0)
[2026-08-02T23:32:47.374+0900][1.189s][info ][gc,heap        ] GC(12) Old regions: 1->1
[2026-08-02T23:32:47.374+0900][1.189s][info ][gc,heap        ] GC(12) Archive regions: 0->0
[2026-08-02T23:32:47.374+0900][1.189s][info ][gc,heap        ] GC(12) Humongous regions: 0->0
[2026-08-02T23:32:47.374+0900][1.189s][info ][gc,metaspace   ] GC(12) Metaspace: 9522K(9792K)->9522K(9792K) NonClass: 8626K(8768K)->8626K(8768K) Class: 896K(1024K)->896K(1024K)
[2026-08-02T23:32:47.374+0900][1.189s][debug][gc,heap        ] GC(12) Heap after GC invocations=13 (full 13):
[2026-08-02T23:32:47.374+0900][1.189s][debug][gc,heap        ] GC(12)  garbage-first heap   total 131072K, used 17985K [0x000001f4bc000000, 0x0000022bbc000000)
[2026-08-02T23:32:47.374+0900][1.189s][debug][gc,heap        ] GC(12)   region size 32768K, 0 young (0K), 0 survivors (0K)
[2026-08-02T23:32:47.374+0900][1.189s][debug][gc,heap        ] GC(12)  Metaspace       used 9522K, committed 9792K, reserved 1114112K
[2026-08-02T23:32:47.374+0900][1.189s][debug][gc,heap        ] GC(12)   class space    used 896K, committed 1024K, reserved 1048576K
[2026-08-02T23:32:47.374+0900][1.189s][info ][gc             ] GC(12) Pause Full (System.gc()) 18M->17M(128M) 31.930ms
[2026-08-02T23:32:47.374+0900][1.189s][info ][gc,cpu         ] GC(12) User=0.03s Sys=0.00s Real=0.03s
[2026-08-02T23:32:47.374+0900][1.189s][info ][safepoint      ] Safepoint "G1CollectFull", Time since last: 2149500 ns, Reaching safepoint: 21800 ns, At safepoint: 32030200 ns, Total: 32052000 ns
[2026-08-02T23:32:47.376+0900][1.192s][info ][gc,start       ] GC(13) Pause Full (System.gc())
[2026-08-02T23:32:47.376+0900][1.192s][debug][gc,heap        ] GC(13) Heap before GC invocations=13 (full 13):
[2026-08-02T23:32:47.376+0900][1.192s][debug][gc,heap        ] GC(13)  garbage-first heap   total 131072K, used 17985K [0x000001f4bc000000, 0x0000022bbc000000)
[2026-08-02T23:32:47.376+0900][1.192s][debug][gc,heap        ] GC(13)   region size 32768K, 1 young (32768K), 0 survivors (0K)
[2026-08-02T23:32:47.376+0900][1.192s][debug][gc,heap        ] GC(13)  Metaspace       used 9529K, committed 9792K, reserved 1114112K
[2026-08-02T23:32:47.376+0900][1.192s][debug][gc,heap        ] GC(13)   class space    used 896K, committed 1024K, reserved 1048576K
[2026-08-02T23:32:47.376+0900][1.192s][info ][gc,task        ] GC(13) Using 1 workers of 18 for full compaction
[2026-08-02T23:32:47.376+0900][1.192s][info ][gc,phases,start] GC(13) Phase 1: Mark live objects
[2026-08-02T23:32:47.391+0900][1.207s][info ][gc,phases      ] GC(13) Phase 1: Mark live objects 14.934ms
[2026-08-02T23:32:47.391+0900][1.207s][info ][gc,phases,start] GC(13) Phase 2: Prepare for compaction
[2026-08-02T23:32:47.394+0900][1.210s][info ][gc,phases      ] GC(13) Phase 2: Prepare for compaction 2.909ms
[2026-08-02T23:32:47.394+0900][1.210s][info ][gc,phases,start] GC(13) Phase 3: Adjust pointers
[2026-08-02T23:32:47.403+0900][1.218s][info ][gc,phases      ] GC(13) Phase 3: Adjust pointers 7.810ms
[2026-08-02T23:32:47.403+0900][1.218s][info ][gc,phases,start] GC(13) Phase 4: Compact heap
[2026-08-02T23:32:47.405+0900][1.220s][info ][gc,phases      ] GC(13) Phase 4: Compact heap 2.659ms
[2026-08-02T23:32:47.407+0900][1.222s][info ][gc,heap        ] GC(13) Eden regions: 1->0(1)
[2026-08-02T23:32:47.407+0900][1.222s][info ][gc,heap        ] GC(13) Survivor regions: 0->0(0)
[2026-08-02T23:32:47.407+0900][1.222s][info ][gc,heap        ] GC(13) Old regions: 1->1
[2026-08-02T23:32:47.407+0900][1.222s][info ][gc,heap        ] GC(13) Archive regions: 0->0
[2026-08-02T23:32:47.407+0900][1.222s][info ][gc,heap        ] GC(13) Humongous regions: 0->0
[2026-08-02T23:32:47.407+0900][1.222s][info ][gc,metaspace   ] GC(13) Metaspace: 9529K(9792K)->9529K(9792K) NonClass: 8632K(8768K)->8632K(8768K) Class: 896K(1024K)->896K(1024K)
[2026-08-02T23:32:47.407+0900][1.222s][debug][gc,heap        ] GC(13) Heap after GC invocations=14 (full 14):
[2026-08-02T23:32:47.407+0900][1.222s][debug][gc,heap        ] GC(13)  garbage-first heap   total 131072K, used 18011K [0x000001f4bc000000, 0x0000022bbc000000)
[2026-08-02T23:32:47.407+0900][1.222s][debug][gc,heap        ] GC(13)   region size 32768K, 0 young (0K), 0 survivors (0K)
[2026-08-02T23:32:47.407+0900][1.222s][debug][gc,heap        ] GC(13)  Metaspace       used 9529K, committed 9792K, reserved 1114112K
[2026-08-02T23:32:47.407+0900][1.222s][debug][gc,heap        ] GC(13)   class space    used 896K, committed 1024K, reserved 1048576K
[2026-08-02T23:32:47.407+0900][1.222s][info ][gc             ] GC(13) Pause Full (System.gc()) 18M->17M(128M) 30.629ms
[2026-08-02T23:32:47.407+0900][1.222s][info ][gc,cpu         ] GC(13) User=0.03s Sys=0.00s Real=0.03s
[2026-08-02T23:32:47.407+0900][1.222s][info ][safepoint      ] Safepoint "G1CollectFull", Time since last: 2346300 ns, Reaching safepoint: 48800 ns, At safepoint: 30728600 ns, Total: 30777400 ns
[2026-08-02T23:32:47.409+0900][1.225s][info ][gc,start       ] GC(14) Pause Full (System.gc())
[2026-08-02T23:32:47.409+0900][1.225s][debug][gc,heap        ] GC(14) Heap before GC invocations=14 (full 14):
[2026-08-02T23:32:47.409+0900][1.225s][debug][gc,heap        ] GC(14)  garbage-first heap   total 131072K, used 18011K [0x000001f4bc000000, 0x0000022bbc000000)
[2026-08-02T23:32:47.409+0900][1.225s][debug][gc,heap        ] GC(14)   region size 32768K, 1 young (32768K), 0 survivors (0K)
[2026-08-02T23:32:47.409+0900][1.225s][debug][gc,heap        ] GC(14)  Metaspace       used 9533K, committed 9792K, reserved 1114112K
[2026-08-02T23:32:47.409+0900][1.225s][debug][gc,heap        ] GC(14)   class space    used 896K, committed 1024K, reserved 1048576K
[2026-08-02T23:32:47.409+0900][1.225s][info ][gc,task        ] GC(14) Using 1 workers of 18 for full compaction
[2026-08-02T23:32:47.410+0900][1.225s][info ][gc,phases,start] GC(14) Phase 1: Mark live objects
[2026-08-02T23:32:47.425+0900][1.240s][info ][gc,phases      ] GC(14) Phase 1: Mark live objects 14.475ms
[2026-08-02T23:32:47.425+0900][1.240s][info ][gc,phases,start] GC(14) Phase 2: Prepare for compaction
[2026-08-02T23:32:47.428+0900][1.242s][info ][gc,phases      ] GC(14) Phase 2: Prepare for compaction 2.709ms
[2026-08-02T23:32:47.428+0900][1.242s][info ][gc,phases,start] GC(14) Phase 3: Adjust pointers
[2026-08-02T23:32:47.434+0900][1.248s][info ][gc,phases      ] GC(14) Phase 3: Adjust pointers 6.097ms
[2026-08-02T23:32:47.434+0900][1.249s][info ][gc,phases,start] GC(14) Phase 4: Compact heap
[2026-08-02T23:32:47.436+0900][1.251s][info ][gc,phases      ] GC(14) Phase 4: Compact heap 2.184ms
[2026-08-02T23:32:47.437+0900][1.252s][info ][gc,heap        ] GC(14) Eden regions: 1->0(1)
[2026-08-02T23:32:47.437+0900][1.252s][info ][gc,heap        ] GC(14) Survivor regions: 0->0(0)
[2026-08-02T23:32:47.437+0900][1.252s][info ][gc,heap        ] GC(14) Old regions: 1->1
[2026-08-02T23:32:47.437+0900][1.252s][info ][gc,heap        ] GC(14) Archive regions: 0->0
[2026-08-02T23:32:47.437+0900][1.252s][info ][gc,heap        ] GC(14) Humongous regions: 0->0
[2026-08-02T23:32:47.437+0900][1.252s][info ][gc,metaspace   ] GC(14) Metaspace: 9533K(9792K)->9533K(9792K) NonClass: 8637K(8768K)->8637K(8768K) Class: 896K(1024K)->896K(1024K)
[2026-08-02T23:32:47.437+0900][1.252s][debug][gc,heap        ] GC(14) Heap after GC invocations=15 (full 15):
[2026-08-02T23:32:47.437+0900][1.252s][debug][gc,heap        ] GC(14)  garbage-first heap   total 131072K, used 18025K [0x000001f4bc000000, 0x0000022bbc000000)
[2026-08-02T23:32:47.437+0900][1.252s][debug][gc,heap        ] GC(14)   region size 32768K, 0 young (0K), 0 survivors (0K)
[2026-08-02T23:32:47.437+0900][1.252s][debug][gc,heap        ] GC(14)  Metaspace       used 9533K, committed 9792K, reserved 1114112K
[2026-08-02T23:32:47.437+0900][1.252s][debug][gc,heap        ] GC(14)   class space    used 896K, committed 1024K, reserved 1048576K
[2026-08-02T23:32:47.437+0900][1.252s][info ][gc             ] GC(14) Pause Full (System.gc()) 18M->17M(128M) 27.509ms
[2026-08-02T23:32:47.437+0900][1.252s][info ][gc,cpu         ] GC(14) User=0.03s Sys=0.00s Real=0.03s
[2026-08-02T23:32:47.437+0900][1.253s][info ][safepoint      ] Safepoint "G1CollectFull", Time since last: 2462100 ns, Reaching safepoint: 18700 ns, At safepoint: 27620200 ns, Total: 27638900 ns
[2026-08-02T23:32:47.440+0900][1.255s][info ][gc,start       ] GC(15) Pause Full (System.gc())
[2026-08-02T23:32:47.440+0900][1.255s][debug][gc,heap        ] GC(15) Heap before GC invocations=15 (full 15):
[2026-08-02T23:32:47.440+0900][1.255s][debug][gc,heap        ] GC(15)  garbage-first heap   total 131072K, used 18025K [0x000001f4bc000000, 0x0000022bbc000000)
[2026-08-02T23:32:47.440+0900][1.255s][debug][gc,heap        ] GC(15)   region size 32768K, 1 young (32768K), 0 survivors (0K)
[2026-08-02T23:32:47.440+0900][1.255s][debug][gc,heap        ] GC(15)  Metaspace       used 9544K, committed 9792K, reserved 1114112K
[2026-08-02T23:32:47.440+0900][1.255s][debug][gc,heap        ] GC(15)   class space    used 896K, committed 1024K, reserved 1048576K
[2026-08-02T23:32:47.440+0900][1.255s][info ][gc,task        ] GC(15) Using 1 workers of 18 for full compaction
[2026-08-02T23:32:47.440+0900][1.255s][info ][gc,phases,start] GC(15) Phase 1: Mark live objects
[2026-08-02T23:32:47.455+0900][1.271s][info ][gc,phases      ] GC(15) Phase 1: Mark live objects 15.227ms
[2026-08-02T23:32:47.455+0900][1.271s][info ][gc,phases,start] GC(15) Phase 2: Prepare for compaction
[2026-08-02T23:32:47.459+0900][1.274s][info ][gc,phases      ] GC(15) Phase 2: Prepare for compaction 3.294ms
[2026-08-02T23:32:47.459+0900][1.274s][info ][gc,phases,start] GC(15) Phase 3: Adjust pointers
[2026-08-02T23:32:47.467+0900][1.282s][info ][gc,phases      ] GC(15) Phase 3: Adjust pointers 8.173ms
[2026-08-02T23:32:47.467+0900][1.282s][info ][gc,phases,start] GC(15) Phase 4: Compact heap
[2026-08-02T23:32:47.470+0900][1.285s][info ][gc,phases      ] GC(15) Phase 4: Compact heap 2.521ms
[2026-08-02T23:32:47.472+0900][1.287s][info ][gc,heap        ] GC(15) Eden regions: 1->0(1)
[2026-08-02T23:32:47.472+0900][1.287s][info ][gc,heap        ] GC(15) Survivor regions: 0->0(0)
[2026-08-02T23:32:47.472+0900][1.287s][info ][gc,heap        ] GC(15) Old regions: 1->1
[2026-08-02T23:32:47.472+0900][1.287s][info ][gc,heap        ] GC(15) Archive regions: 0->0
[2026-08-02T23:32:47.472+0900][1.287s][info ][gc,heap        ] GC(15) Humongous regions: 0->0
[2026-08-02T23:32:47.472+0900][1.287s][info ][gc,metaspace   ] GC(15) Metaspace: 9544K(9792K)->9544K(9792K) NonClass: 8648K(8768K)->8648K(8768K) Class: 896K(1024K)->896K(1024K)
[2026-08-02T23:32:47.472+0900][1.287s][debug][gc,heap        ] GC(15) Heap after GC invocations=16 (full 16):
[2026-08-02T23:32:47.472+0900][1.287s][debug][gc,heap        ] GC(15)  garbage-first heap   total 131072K, used 18039K [0x000001f4bc000000, 0x0000022bbc000000)
[2026-08-02T23:32:47.472+0900][1.287s][debug][gc,heap        ] GC(15)   region size 32768K, 0 young (0K), 0 survivors (0K)
[2026-08-02T23:32:47.472+0900][1.287s][debug][gc,heap        ] GC(15)  Metaspace       used 9544K, committed 9792K, reserved 1114112K
[2026-08-02T23:32:47.472+0900][1.287s][debug][gc,heap        ] GC(15)   class space    used 896K, committed 1024K, reserved 1048576K
[2026-08-02T23:32:47.472+0900][1.287s][info ][gc             ] GC(15) Pause Full (System.gc()) 18M->17M(128M) 31.510ms
[2026-08-02T23:32:47.472+0900][1.287s][info ][gc,cpu         ] GC(15) User=0.03s Sys=0.00s Real=0.03s
[2026-08-02T23:32:47.472+0900][1.287s][info ][safepoint      ] Safepoint "G1CollectFull", Time since last: 2544000 ns, Reaching safepoint: 18300 ns, At safepoint: 31630600 ns, Total: 31648900 ns
[2026-08-02T23:32:47.474+0900][1.289s][info ][gc,start       ] GC(16) Pause Full (System.gc())
[2026-08-02T23:32:47.474+0900][1.289s][debug][gc,heap        ] GC(16) Heap before GC invocations=16 (full 16):
[2026-08-02T23:32:47.474+0900][1.289s][debug][gc,heap        ] GC(16)  garbage-first heap   total 131072K, used 18039K [0x000001f4bc000000, 0x0000022bbc000000)
[2026-08-02T23:32:47.474+0900][1.289s][debug][gc,heap        ] GC(16)   region size 32768K, 1 young (32768K), 0 survivors (0K)
[2026-08-02T23:32:47.474+0900][1.289s][debug][gc,heap        ] GC(16)  Metaspace       used 9548K, committed 9792K, reserved 1114112K
[2026-08-02T23:32:47.474+0900][1.289s][debug][gc,heap        ] GC(16)   class space    used 896K, committed 1024K, reserved 1048576K
[2026-08-02T23:32:47.474+0900][1.289s][info ][gc,task        ] GC(16) Using 1 workers of 18 for full compaction
[2026-08-02T23:32:47.474+0900][1.289s][info ][gc,phases,start] GC(16) Phase 1: Mark live objects
[2026-08-02T23:32:47.490+0900][1.304s][info ][gc,phases      ] GC(16) Phase 1: Mark live objects 15.033ms
[2026-08-02T23:32:47.490+0900][1.304s][info ][gc,phases,start] GC(16) Phase 2: Prepare for compaction
[2026-08-02T23:32:47.492+0900][1.307s][info ][gc,phases      ] GC(16) Phase 2: Prepare for compaction 2.725ms
[2026-08-02T23:32:47.492+0900][1.307s][info ][gc,phases,start] GC(16) Phase 3: Adjust pointers
[2026-08-02T23:32:47.498+0900][1.313s][info ][gc,phases      ] GC(16) Phase 3: Adjust pointers 6.070ms
[2026-08-02T23:32:47.498+0900][1.313s][info ][gc,phases,start] GC(16) Phase 4: Compact heap
[2026-08-02T23:32:47.500+0900][1.315s][info ][gc,phases      ] GC(16) Phase 4: Compact heap 2.183ms
[2026-08-02T23:32:47.502+0900][1.317s][info ][gc,heap        ] GC(16) Eden regions: 1->0(1)
[2026-08-02T23:32:47.502+0900][1.317s][info ][gc,heap        ] GC(16) Survivor regions: 0->0(0)
[2026-08-02T23:32:47.502+0900][1.317s][info ][gc,heap        ] GC(16) Old regions: 1->1
[2026-08-02T23:32:47.502+0900][1.317s][info ][gc,heap        ] GC(16) Archive regions: 0->0
[2026-08-02T23:32:47.502+0900][1.317s][info ][gc,heap        ] GC(16) Humongous regions: 0->0
[2026-08-02T23:32:47.502+0900][1.317s][info ][gc,metaspace   ] GC(16) Metaspace: 9548K(9792K)->9548K(9792K) NonClass: 8652K(8768K)->8652K(8768K) Class: 896K(1024K)->896K(1024K)
[2026-08-02T23:32:47.502+0900][1.317s][debug][gc,heap        ] GC(16) Heap after GC invocations=17 (full 17):
[2026-08-02T23:32:47.502+0900][1.317s][debug][gc,heap        ] GC(16)  garbage-first heap   total 131072K, used 18052K [0x000001f4bc000000, 0x0000022bbc000000)
[2026-08-02T23:32:47.502+0900][1.317s][debug][gc,heap        ] GC(16)   region size 32768K, 0 young (0K), 0 survivors (0K)
[2026-08-02T23:32:47.502+0900][1.317s][debug][gc,heap        ] GC(16)  Metaspace       used 9548K, committed 9792K, reserved 1114112K
[2026-08-02T23:32:47.502+0900][1.317s][debug][gc,heap        ] GC(16)   class space    used 896K, committed 1024K, reserved 1048576K
[2026-08-02T23:32:47.502+0900][1.317s][info ][gc             ] GC(16) Pause Full (System.gc()) 18M->17M(128M) 28.083ms
[2026-08-02T23:32:47.502+0900][1.317s][info ][gc,cpu         ] GC(16) User=0.03s Sys=0.00s Real=0.03s
[2026-08-02T23:32:47.502+0900][1.317s][info ][safepoint      ] Safepoint "G1CollectFull", Time since last: 2401500 ns, Reaching safepoint: 27300 ns, At safepoint: 28204900 ns, Total: 28232200 ns
[2026-08-02T23:32:47.505+0900][1.320s][info ][gc,start       ] GC(17) Pause Full (System.gc())
[2026-08-02T23:32:47.505+0900][1.320s][debug][gc,heap        ] GC(17) Heap before GC invocations=17 (full 17):
[2026-08-02T23:32:47.505+0900][1.320s][debug][gc,heap        ] GC(17)  garbage-first heap   total 131072K, used 18052K [0x000001f4bc000000, 0x0000022bbc000000)
[2026-08-02T23:32:47.505+0900][1.320s][debug][gc,heap        ] GC(17)   region size 32768K, 1 young (32768K), 0 survivors (0K)
[2026-08-02T23:32:47.505+0900][1.320s][debug][gc,heap        ] GC(17)  Metaspace       used 9571K, committed 9792K, reserved 1114112K
[2026-08-02T23:32:47.505+0900][1.320s][debug][gc,heap        ] GC(17)   class space    used 896K, committed 1024K, reserved 1048576K
[2026-08-02T23:32:47.505+0900][1.320s][info ][gc,task        ] GC(17) Using 1 workers of 18 for full compaction
[2026-08-02T23:32:47.505+0900][1.320s][info ][gc,phases,start] GC(17) Phase 1: Mark live objects
[2026-08-02T23:32:47.520+0900][1.336s][info ][gc,phases      ] GC(17) Phase 1: Mark live objects 15.670ms
[2026-08-02T23:32:47.521+0900][1.336s][info ][gc,phases,start] GC(17) Phase 2: Prepare for compaction
[2026-08-02T23:32:47.524+0900][1.339s][info ][gc,phases      ] GC(17) Phase 2: Prepare for compaction 3.006ms
[2026-08-02T23:32:47.524+0900][1.339s][info ][gc,phases,start] GC(17) Phase 3: Adjust pointers
[2026-08-02T23:32:47.531+0900][1.346s][info ][gc,phases      ] GC(17) Phase 3: Adjust pointers 7.326ms
[2026-08-02T23:32:47.531+0900][1.346s][info ][gc,phases,start] GC(17) Phase 4: Compact heap
[2026-08-02T23:32:47.533+0900][1.349s][info ][gc,phases      ] GC(17) Phase 4: Compact heap 2.364ms
[2026-08-02T23:32:47.536+0900][1.351s][info ][gc,heap        ] GC(17) Eden regions: 1->0(1)
[2026-08-02T23:32:47.536+0900][1.351s][info ][gc,heap        ] GC(17) Survivor regions: 0->0(0)
[2026-08-02T23:32:47.536+0900][1.351s][info ][gc,heap        ] GC(17) Old regions: 1->1
[2026-08-02T23:32:47.536+0900][1.351s][info ][gc,heap        ] GC(17) Archive regions: 0->0
[2026-08-02T23:32:47.536+0900][1.351s][info ][gc,heap        ] GC(17) Humongous regions: 0->0
[2026-08-02T23:32:47.536+0900][1.351s][info ][gc,metaspace   ] GC(17) Metaspace: 9571K(9792K)->9571K(9792K) NonClass: 8675K(8768K)->8675K(8768K) Class: 896K(1024K)->896K(1024K)
[2026-08-02T23:32:47.536+0900][1.351s][debug][gc,heap        ] GC(17) Heap after GC invocations=18 (full 18):
[2026-08-02T23:32:47.536+0900][1.351s][debug][gc,heap        ] GC(17)  garbage-first heap   total 131072K, used 18066K [0x000001f4bc000000, 0x0000022bbc000000)
[2026-08-02T23:32:47.536+0900][1.351s][debug][gc,heap        ] GC(17)   region size 32768K, 0 young (0K), 0 survivors (0K)
[2026-08-02T23:32:47.536+0900][1.351s][debug][gc,heap        ] GC(17)  Metaspace       used 9571K, committed 9792K, reserved 1114112K
[2026-08-02T23:32:47.536+0900][1.351s][debug][gc,heap        ] GC(17)   class space    used 896K, committed 1024K, reserved 1048576K
[2026-08-02T23:32:47.536+0900][1.351s][info ][gc             ] GC(17) Pause Full (System.gc()) 18M->17M(128M) 30.607ms
[2026-08-02T23:32:47.536+0900][1.351s][info ][gc,cpu         ] GC(17) User=0.03s Sys=0.03s Real=0.03s
[2026-08-02T23:32:47.536+0900][1.351s][info ][safepoint      ] Safepoint "G1CollectFull", Time since last: 2688700 ns, Reaching safepoint: 25800 ns, At safepoint: 30729400 ns, Total: 30755200 ns
[2026-08-02T23:32:47.538+0900][1.353s][info ][gc,start       ] GC(18) Pause Full (System.gc())
[2026-08-02T23:32:47.538+0900][1.353s][debug][gc,heap        ] GC(18) Heap before GC invocations=18 (full 18):
[2026-08-02T23:32:47.538+0900][1.353s][debug][gc,heap        ] GC(18)  garbage-first heap   total 131072K, used 18066K [0x000001f4bc000000, 0x0000022bbc000000)
[2026-08-02T23:32:47.538+0900][1.353s][debug][gc,heap        ] GC(18)   region size 32768K, 1 young (32768K), 0 survivors (0K)
[2026-08-02T23:32:47.538+0900][1.353s][debug][gc,heap        ] GC(18)  Metaspace       used 9574K, committed 9856K, reserved 1114112K
[2026-08-02T23:32:47.538+0900][1.354s][debug][gc,heap        ] GC(18)   class space    used 896K, committed 1024K, reserved 1048576K
[2026-08-02T23:32:47.538+0900][1.354s][info ][gc,task        ] GC(18) Using 1 workers of 18 for full compaction
[2026-08-02T23:32:47.538+0900][1.354s][info ][gc,phases,start] GC(18) Phase 1: Mark live objects
[2026-08-02T23:32:47.554+0900][1.369s][info ][gc,phases      ] GC(18) Phase 1: Mark live objects 15.031ms
[2026-08-02T23:32:47.554+0900][1.369s][info ][gc,phases,start] GC(18) Phase 2: Prepare for compaction
[2026-08-02T23:32:47.557+0900][1.372s][info ][gc,phases      ] GC(18) Phase 2: Prepare for compaction 3.277ms
[2026-08-02T23:32:47.557+0900][1.372s][info ][gc,phases,start] GC(18) Phase 3: Adjust pointers
[2026-08-02T23:32:47.563+0900][1.378s][info ][gc,phases      ] GC(18) Phase 3: Adjust pointers 6.426ms
[2026-08-02T23:32:47.563+0900][1.378s][info ][gc,phases,start] GC(18) Phase 4: Compact heap
[2026-08-02T23:32:47.566+0900][1.381s][info ][gc,phases      ] GC(18) Phase 4: Compact heap 2.595ms
[2026-08-02T23:32:47.568+0900][1.383s][info ][gc,heap        ] GC(18) Eden regions: 1->0(1)
[2026-08-02T23:32:47.568+0900][1.383s][info ][gc,heap        ] GC(18) Survivor regions: 0->0(0)
[2026-08-02T23:32:47.568+0900][1.383s][info ][gc,heap        ] GC(18) Old regions: 1->1
[2026-08-02T23:32:47.568+0900][1.383s][info ][gc,heap        ] GC(18) Archive regions: 0->0
[2026-08-02T23:32:47.568+0900][1.383s][info ][gc,heap        ] GC(18) Humongous regions: 0->0
[2026-08-02T23:32:47.568+0900][1.383s][info ][gc,metaspace   ] GC(18) Metaspace: 9574K(9856K)->9574K(9856K) NonClass: 8677K(8832K)->8677K(8832K) Class: 896K(1024K)->896K(1024K)
[2026-08-02T23:32:47.568+0900][1.383s][debug][gc,heap        ] GC(18) Heap after GC invocations=19 (full 19):
[2026-08-02T23:32:47.568+0900][1.383s][debug][gc,heap        ] GC(18)  garbage-first heap   total 131072K, used 18081K [0x000001f4bc000000, 0x0000022bbc000000)
[2026-08-02T23:32:47.568+0900][1.383s][debug][gc,heap        ] GC(18)   region size 32768K, 0 young (0K), 0 survivors (0K)
[2026-08-02T23:32:47.568+0900][1.383s][debug][gc,heap        ] GC(18)  Metaspace       used 9574K, committed 9856K, reserved 1114112K
[2026-08-02T23:32:47.568+0900][1.383s][debug][gc,heap        ] GC(18)   class space    used 896K, committed 1024K, reserved 1048576K
[2026-08-02T23:32:47.568+0900][1.383s][info ][gc             ] GC(18) Pause Full (System.gc()) 18M->17M(128M) 29.554ms
[2026-08-02T23:32:47.568+0900][1.383s][info ][gc,cpu         ] GC(18) User=0.03s Sys=0.03s Real=0.03s
[2026-08-02T23:32:47.568+0900][1.383s][info ][safepoint      ] Safepoint "G1CollectFull", Time since last: 2548400 ns, Reaching safepoint: 32000 ns, At safepoint: 29655000 ns, Total: 29687000 ns
[2026-08-02T23:32:47.571+0900][1.386s][info ][gc,start       ] GC(19) Pause Full (System.gc())
[2026-08-02T23:32:47.571+0900][1.386s][debug][gc,heap        ] GC(19) Heap before GC invocations=19 (full 19):
[2026-08-02T23:32:47.571+0900][1.386s][debug][gc,heap        ] GC(19)  garbage-first heap   total 131072K, used 18081K [0x000001f4bc000000, 0x0000022bbc000000)
[2026-08-02T23:32:47.571+0900][1.386s][debug][gc,heap        ] GC(19)   region size 32768K, 1 young (32768K), 0 survivors (0K)
[2026-08-02T23:32:47.571+0900][1.386s][debug][gc,heap        ] GC(19)  Metaspace       used 9582K, committed 9856K, reserved 1114112K
[2026-08-02T23:32:47.571+0900][1.386s][debug][gc,heap        ] GC(19)   class space    used 896K, committed 1024K, reserved 1048576K
[2026-08-02T23:32:47.571+0900][1.386s][info ][gc,task        ] GC(19) Using 1 workers of 18 for full compaction
[2026-08-02T23:32:47.571+0900][1.386s][info ][gc,phases,start] GC(19) Phase 1: Mark live objects
[2026-08-02T23:32:47.585+0900][1.400s][info ][gc,phases      ] GC(19) Phase 1: Mark live objects 14.438ms
[2026-08-02T23:32:47.585+0900][1.400s][info ][gc,phases,start] GC(19) Phase 2: Prepare for compaction
[2026-08-02T23:32:47.588+0900][1.403s][info ][gc,phases      ] GC(19) Phase 2: Prepare for compaction 2.911ms
[2026-08-02T23:32:47.588+0900][1.403s][info ][gc,phases,start] GC(19) Phase 3: Adjust pointers
[2026-08-02T23:32:47.595+0900][1.411s][info ][gc,phases      ] GC(19) Phase 3: Adjust pointers 7.450ms
[2026-08-02T23:32:47.595+0900][1.411s][info ][gc,phases,start] GC(19) Phase 4: Compact heap
[2026-08-02T23:32:47.598+0900][1.413s][info ][gc,phases      ] GC(19) Phase 4: Compact heap 2.446ms
[2026-08-02T23:32:47.600+0900][1.415s][info ][gc,heap        ] GC(19) Eden regions: 1->0(1)
[2026-08-02T23:32:47.600+0900][1.415s][info ][gc,heap        ] GC(19) Survivor regions: 0->0(0)
[2026-08-02T23:32:47.600+0900][1.415s][info ][gc,heap        ] GC(19) Old regions: 1->1
[2026-08-02T23:32:47.600+0900][1.415s][info ][gc,heap        ] GC(19) Archive regions: 0->0
[2026-08-02T23:32:47.600+0900][1.415s][info ][gc,heap        ] GC(19) Humongous regions: 0->0
[2026-08-02T23:32:47.600+0900][1.415s][info ][gc,metaspace   ] GC(19) Metaspace: 9582K(9856K)->9582K(9856K) NonClass: 8685K(8832K)->8685K(8832K) Class: 896K(1024K)->896K(1024K)
[2026-08-02T23:32:47.600+0900][1.415s][debug][gc,heap        ] GC(19) Heap after GC invocations=20 (full 20):
[2026-08-02T23:32:47.600+0900][1.415s][debug][gc,heap        ] GC(19)  garbage-first heap   total 131072K, used 18095K [0x000001f4bc000000, 0x0000022bbc000000)
[2026-08-02T23:32:47.600+0900][1.415s][debug][gc,heap        ] GC(19)   region size 32768K, 0 young (0K), 0 survivors (0K)
[2026-08-02T23:32:47.600+0900][1.415s][debug][gc,heap        ] GC(19)  Metaspace       used 9582K, committed 9856K, reserved 1114112K
[2026-08-02T23:32:47.600+0900][1.415s][debug][gc,heap        ] GC(19)   class space    used 896K, committed 1024K, reserved 1048576K
[2026-08-02T23:32:47.600+0900][1.415s][info ][gc             ] GC(19) Pause Full (System.gc()) 18M->17M(128M) 29.504ms
[2026-08-02T23:32:47.600+0900][1.415s][info ][gc,cpu         ] GC(19) User=0.05s Sys=0.00s Real=0.03s
[2026-08-02T23:32:47.600+0900][1.415s][info ][safepoint      ] Safepoint "G1CollectFull", Time since last: 2405200 ns, Reaching safepoint: 21000 ns, At safepoint: 29598600 ns, Total: 29619600 ns
[2026-08-02T23:32:47.602+0900][1.418s][info ][gc,start       ] GC(20) Pause Full (System.gc())
[2026-08-02T23:32:47.602+0900][1.418s][debug][gc,heap        ] GC(20) Heap before GC invocations=20 (full 20):
[2026-08-02T23:32:47.602+0900][1.418s][debug][gc,heap        ] GC(20)  garbage-first heap   total 131072K, used 18095K [0x000001f4bc000000, 0x0000022bbc000000)
[2026-08-02T23:32:47.602+0900][1.418s][debug][gc,heap        ] GC(20)   region size 32768K, 1 young (32768K), 0 survivors (0K)
[2026-08-02T23:32:47.602+0900][1.418s][debug][gc,heap        ] GC(20)  Metaspace       used 9586K, committed 9856K, reserved 1114112K
[2026-08-02T23:32:47.602+0900][1.418s][debug][gc,heap        ] GC(20)   class space    used 896K, committed 1024K, reserved 1048576K
[2026-08-02T23:32:47.602+0900][1.418s][info ][gc,task        ] GC(20) Using 1 workers of 18 for full compaction
[2026-08-02T23:32:47.602+0900][1.418s][info ][gc,phases,start] GC(20) Phase 1: Mark live objects
[2026-08-02T23:32:47.617+0900][1.433s][info ][gc,phases      ] GC(20) Phase 1: Mark live objects 15.025ms
[2026-08-02T23:32:47.617+0900][1.433s][info ][gc,phases,start] GC(20) Phase 2: Prepare for compaction
[2026-08-02T23:32:47.621+0900][1.436s][info ][gc,phases      ] GC(20) Phase 2: Prepare for compaction 2.869ms
[2026-08-02T23:32:47.621+0900][1.436s][info ][gc,phases,start] GC(20) Phase 3: Adjust pointers
[2026-08-02T23:32:47.627+0900][1.442s][info ][gc,phases      ] GC(20) Phase 3: Adjust pointers 6.627ms
[2026-08-02T23:32:47.628+0900][1.442s][info ][gc,phases,start] GC(20) Phase 4: Compact heap
[2026-08-02T23:32:47.629+0900][1.445s][info ][gc,phases      ] GC(20) Phase 4: Compact heap 2.337ms
[2026-08-02T23:32:47.631+0900][1.447s][info ][gc,heap        ] GC(20) Eden regions: 1->0(1)
[2026-08-02T23:32:47.631+0900][1.447s][info ][gc,heap        ] GC(20) Survivor regions: 0->0(0)
[2026-08-02T23:32:47.631+0900][1.447s][info ][gc,heap        ] GC(20) Old regions: 1->1
[2026-08-02T23:32:47.631+0900][1.447s][info ][gc,heap        ] GC(20) Archive regions: 0->0
[2026-08-02T23:32:47.631+0900][1.447s][info ][gc,heap        ] GC(20) Humongous regions: 0->0
[2026-08-02T23:32:47.631+0900][1.447s][info ][gc,metaspace   ] GC(20) Metaspace: 9586K(9856K)->9586K(9856K) NonClass: 8689K(8832K)->8689K(8832K) Class: 896K(1024K)->896K(1024K)
[2026-08-02T23:32:47.631+0900][1.447s][debug][gc,heap        ] GC(20) Heap after GC invocations=21 (full 21):
[2026-08-02T23:32:47.631+0900][1.447s][debug][gc,heap        ] GC(20)  garbage-first heap   total 131072K, used 18108K [0x000001f4bc000000, 0x0000022bbc000000)
[2026-08-02T23:32:47.631+0900][1.447s][debug][gc,heap        ] GC(20)   region size 32768K, 0 young (0K), 0 survivors (0K)
[2026-08-02T23:32:47.631+0900][1.447s][debug][gc,heap        ] GC(20)  Metaspace       used 9586K, committed 9856K, reserved 1114112K
[2026-08-02T23:32:47.631+0900][1.447s][debug][gc,heap        ] GC(20)   class space    used 896K, committed 1024K, reserved 1048576K
[2026-08-02T23:32:47.631+0900][1.447s][info ][gc             ] GC(20) Pause Full (System.gc()) 18M->17M(128M) 29.077ms
[2026-08-02T23:32:47.631+0900][1.447s][info ][gc,cpu         ] GC(20) User=0.03s Sys=0.03s Real=0.03s
[2026-08-02T23:32:47.631+0900][1.447s][info ][safepoint      ] Safepoint "G1CollectFull", Time since last: 2489700 ns, Reaching safepoint: 23000 ns, At safepoint: 29195400 ns, Total: 29218400 ns
[2026-08-02T23:32:47.634+0900][1.449s][info ][gc,start       ] GC(21) Pause Full (System.gc())
[2026-08-02T23:32:47.634+0900][1.449s][debug][gc,heap        ] GC(21) Heap before GC invocations=21 (full 21):
[2026-08-02T23:32:47.634+0900][1.449s][debug][gc,heap        ] GC(21)  garbage-first heap   total 131072K, used 18108K [0x000001f4bc000000, 0x0000022bbc000000)
[2026-08-02T23:32:47.634+0900][1.449s][debug][gc,heap        ] GC(21)   region size 32768K, 1 young (32768K), 0 survivors (0K)
[2026-08-02T23:32:47.634+0900][1.449s][debug][gc,heap        ] GC(21)  Metaspace       used 9589K, committed 9920K, reserved 1114112K
[2026-08-02T23:32:47.634+0900][1.449s][debug][gc,heap        ] GC(21)   class space    used 896K, committed 1024K, reserved 1048576K
[2026-08-02T23:32:47.634+0900][1.449s][info ][gc,task        ] GC(21) Using 1 workers of 18 for full compaction
[2026-08-02T23:32:47.635+0900][1.449s][info ][gc,phases,start] GC(21) Phase 1: Mark live objects
[2026-08-02T23:32:47.650+0900][1.465s][info ][gc,phases      ] GC(21) Phase 1: Mark live objects 15.509ms
[2026-08-02T23:32:47.650+0900][1.465s][info ][gc,phases,start] GC(21) Phase 2: Prepare for compaction
[2026-08-02T23:32:47.654+0900][1.469s][info ][gc,phases      ] GC(21) Phase 2: Prepare for compaction 3.549ms
[2026-08-02T23:32:47.654+0900][1.469s][info ][gc,phases,start] GC(21) Phase 3: Adjust pointers
[2026-08-02T23:32:47.661+0900][1.476s][info ][gc,phases      ] GC(21) Phase 3: Adjust pointers 7.732ms
[2026-08-02T23:32:47.661+0900][1.476s][info ][gc,phases,start] GC(21) Phase 4: Compact heap
[2026-08-02T23:32:47.663+0900][1.479s][info ][gc,phases      ] GC(21) Phase 4: Compact heap 2.441ms
[2026-08-02T23:32:47.666+0900][1.481s][info ][gc,heap        ] GC(21) Eden regions: 1->0(1)
[2026-08-02T23:32:47.666+0900][1.481s][info ][gc,heap        ] GC(21) Survivor regions: 0->0(0)
[2026-08-02T23:32:47.666+0900][1.481s][info ][gc,heap        ] GC(21) Old regions: 1->1
[2026-08-02T23:32:47.666+0900][1.481s][info ][gc,heap        ] GC(21) Archive regions: 0->0
[2026-08-02T23:32:47.666+0900][1.481s][info ][gc,heap        ] GC(21) Humongous regions: 0->0
[2026-08-02T23:32:47.666+0900][1.481s][info ][gc,metaspace   ] GC(21) Metaspace: 9589K(9920K)->9589K(9920K) NonClass: 8693K(8896K)->8693K(8896K) Class: 896K(1024K)->896K(1024K)
[2026-08-02T23:32:47.666+0900][1.481s][debug][gc,heap        ] GC(21) Heap after GC invocations=22 (full 22):
[2026-08-02T23:32:47.666+0900][1.481s][debug][gc,heap        ] GC(21)  garbage-first heap   total 131072K, used 18122K [0x000001f4bc000000, 0x0000022bbc000000)
[2026-08-02T23:32:47.666+0900][1.481s][debug][gc,heap        ] GC(21)   region size 32768K, 0 young (0K), 0 survivors (0K)
[2026-08-02T23:32:47.666+0900][1.481s][debug][gc,heap        ] GC(21)  Metaspace       used 9589K, committed 9920K, reserved 1114112K
[2026-08-02T23:32:47.666+0900][1.481s][debug][gc,heap        ] GC(21)   class space    used 896K, committed 1024K, reserved 1048576K
[2026-08-02T23:32:47.666+0900][1.481s][info ][gc             ] GC(21) Pause Full (System.gc()) 18M->17M(128M) 31.530ms
[2026-08-02T23:32:47.666+0900][1.481s][info ][gc,cpu         ] GC(21) User=0.03s Sys=0.03s Real=0.03s
[2026-08-02T23:32:47.666+0900][1.481s][info ][safepoint      ] Safepoint "G1CollectFull", Time since last: 2445400 ns, Reaching safepoint: 36600 ns, At safepoint: 31619400 ns, Total: 31656000 ns
[2026-08-02T23:32:47.668+0900][1.484s][info ][gc,start       ] GC(22) Pause Full (System.gc())
[2026-08-02T23:32:47.668+0900][1.484s][debug][gc,heap        ] GC(22) Heap before GC invocations=22 (full 22):
[2026-08-02T23:32:47.668+0900][1.484s][debug][gc,heap        ] GC(22)  garbage-first heap   total 131072K, used 18122K [0x000001f4bc000000, 0x0000022bbc000000)
[2026-08-02T23:32:47.668+0900][1.484s][debug][gc,heap        ] GC(22)   region size 32768K, 1 young (32768K), 0 survivors (0K)
[2026-08-02T23:32:47.668+0900][1.484s][debug][gc,heap        ] GC(22)  Metaspace       used 9597K, committed 9920K, reserved 1114112K
[2026-08-02T23:32:47.668+0900][1.484s][debug][gc,heap        ] GC(22)   class space    used 896K, committed 1024K, reserved 1048576K
[2026-08-02T23:32:47.668+0900][1.484s][info ][gc,task        ] GC(22) Using 1 workers of 18 for full compaction
[2026-08-02T23:32:47.668+0900][1.484s][info ][gc,phases,start] GC(22) Phase 1: Mark live objects
[2026-08-02T23:32:47.683+0900][1.499s][info ][gc,phases      ] GC(22) Phase 1: Mark live objects 14.871ms
[2026-08-02T23:32:47.683+0900][1.499s][info ][gc,phases,start] GC(22) Phase 2: Prepare for compaction
[2026-08-02T23:32:47.686+0900][1.501s][info ][gc,phases      ] GC(22) Phase 2: Prepare for compaction 2.841ms
[2026-08-02T23:32:47.686+0900][1.501s][info ][gc,phases,start] GC(22) Phase 3: Adjust pointers
[2026-08-02T23:32:47.693+0900][1.508s][info ][gc,phases      ] GC(22) Phase 3: Adjust pointers 6.770ms
[2026-08-02T23:32:47.693+0900][1.508s][info ][gc,phases,start] GC(22) Phase 4: Compact heap
[2026-08-02T23:32:47.696+0900][1.511s][info ][gc,phases      ] GC(22) Phase 4: Compact heap 2.690ms
[2026-08-02T23:32:47.698+0900][1.513s][info ][gc,heap        ] GC(22) Eden regions: 1->0(1)
[2026-08-02T23:32:47.698+0900][1.513s][info ][gc,heap        ] GC(22) Survivor regions: 0->0(0)
[2026-08-02T23:32:47.698+0900][1.513s][info ][gc,heap        ] GC(22) Old regions: 1->1
[2026-08-02T23:32:47.698+0900][1.513s][info ][gc,heap        ] GC(22) Archive regions: 0->0
[2026-08-02T23:32:47.698+0900][1.513s][info ][gc,heap        ] GC(22) Humongous regions: 0->0
[2026-08-02T23:32:47.698+0900][1.513s][info ][gc,metaspace   ] GC(22) Metaspace: 9597K(9920K)->9597K(9920K) NonClass: 8700K(8896K)->8700K(8896K) Class: 896K(1024K)->896K(1024K)
[2026-08-02T23:32:47.698+0900][1.513s][debug][gc,heap        ] GC(22) Heap after GC invocations=23 (full 23):
[2026-08-02T23:32:47.698+0900][1.513s][debug][gc,heap        ] GC(22)  garbage-first heap   total 131072K, used 18135K [0x000001f4bc000000, 0x0000022bbc000000)
[2026-08-02T23:32:47.698+0900][1.513s][debug][gc,heap        ] GC(22)   region size 32768K, 0 young (0K), 0 survivors (0K)
[2026-08-02T23:32:47.698+0900][1.513s][debug][gc,heap        ] GC(22)  Metaspace       used 9597K, committed 9920K, reserved 1114112K
[2026-08-02T23:32:47.698+0900][1.513s][debug][gc,heap        ] GC(22)   class space    used 896K, committed 1024K, reserved 1048576K
[2026-08-02T23:32:47.698+0900][1.513s][info ][gc             ] GC(22) Pause Full (System.gc()) 18M->17M(128M) 29.471ms
[2026-08-02T23:32:47.698+0900][1.513s][info ][gc,cpu         ] GC(22) User=0.00s Sys=0.02s Real=0.03s
[2026-08-02T23:32:47.698+0900][1.513s][info ][safepoint      ] Safepoint "G1CollectFull", Time since last: 2572100 ns, Reaching safepoint: 28700 ns, At safepoint: 29557700 ns, Total: 29586400 ns
[2026-08-02T23:32:47.700+0900][1.516s][info ][gc,start       ] GC(23) Pause Full (System.gc())
[2026-08-02T23:32:47.700+0900][1.516s][debug][gc,heap        ] GC(23) Heap before GC invocations=23 (full 23):
[2026-08-02T23:32:47.700+0900][1.516s][debug][gc,heap        ] GC(23)  garbage-first heap   total 131072K, used 18135K [0x000001f4bc000000, 0x0000022bbc000000)
[2026-08-02T23:32:47.700+0900][1.516s][debug][gc,heap        ] GC(23)   region size 32768K, 1 young (32768K), 0 survivors (0K)
[2026-08-02T23:32:47.700+0900][1.516s][debug][gc,heap        ] GC(23)  Metaspace       used 9604K, committed 9920K, reserved 1114112K
[2026-08-02T23:32:47.700+0900][1.516s][debug][gc,heap        ] GC(23)   class space    used 896K, committed 1024K, reserved 1048576K
[2026-08-02T23:32:47.700+0900][1.516s][info ][gc,task        ] GC(23) Using 1 workers of 18 for full compaction
[2026-08-02T23:32:47.701+0900][1.516s][info ][gc,phases,start] GC(23) Phase 1: Mark live objects
[2026-08-02T23:32:47.718+0900][1.533s][info ][gc,phases      ] GC(23) Phase 1: Mark live objects 17.452ms
[2026-08-02T23:32:47.718+0900][1.533s][info ][gc,phases,start] GC(23) Phase 2: Prepare for compaction
[2026-08-02T23:32:47.721+0900][1.536s][info ][gc,phases      ] GC(23) Phase 2: Prepare for compaction 3.007ms
[2026-08-02T23:32:47.721+0900][1.536s][info ][gc,phases,start] GC(23) Phase 3: Adjust pointers
[2026-08-02T23:32:47.730+0900][1.544s][info ][gc,phases      ] GC(23) Phase 3: Adjust pointers 8.139ms
[2026-08-02T23:32:47.730+0900][1.544s][info ][gc,phases,start] GC(23) Phase 4: Compact heap
[2026-08-02T23:32:47.732+0900][1.548s][info ][gc,phases      ] GC(23) Phase 4: Compact heap 3.012ms
[2026-08-02T23:32:47.735+0900][1.549s][info ][gc,heap        ] GC(23) Eden regions: 1->0(1)
[2026-08-02T23:32:47.735+0900][1.549s][info ][gc,heap        ] GC(23) Survivor regions: 0->0(0)
[2026-08-02T23:32:47.735+0900][1.549s][info ][gc,heap        ] GC(23) Old regions: 1->1
[2026-08-02T23:32:47.735+0900][1.549s][info ][gc,heap        ] GC(23) Archive regions: 0->0
[2026-08-02T23:32:47.735+0900][1.550s][info ][gc,heap        ] GC(23) Humongous regions: 0->0
[2026-08-02T23:32:47.735+0900][1.550s][info ][gc,metaspace   ] GC(23) Metaspace: 9604K(9920K)->9604K(9920K) NonClass: 8707K(8896K)->8707K(8896K) Class: 896K(1024K)->896K(1024K)
[2026-08-02T23:32:47.735+0900][1.550s][debug][gc,heap        ] GC(23) Heap after GC invocations=24 (full 24):
[2026-08-02T23:32:47.735+0900][1.550s][debug][gc,heap        ] GC(23)  garbage-first heap   total 131072K, used 18148K [0x000001f4bc000000, 0x0000022bbc000000)
[2026-08-02T23:32:47.735+0900][1.550s][debug][gc,heap        ] GC(23)   region size 32768K, 0 young (0K), 0 survivors (0K)
[2026-08-02T23:32:47.735+0900][1.550s][debug][gc,heap        ] GC(23)  Metaspace       used 9604K, committed 9920K, reserved 1114112K
[2026-08-02T23:32:47.735+0900][1.550s][debug][gc,heap        ] GC(23)   class space    used 896K, committed 1024K, reserved 1048576K
[2026-08-02T23:32:47.735+0900][1.550s][info ][gc             ] GC(23) Pause Full (System.gc()) 18M->17M(128M) 34.022ms
[2026-08-02T23:32:47.735+0900][1.550s][info ][gc,cpu         ] GC(23) User=0.05s Sys=0.02s Real=0.03s
[2026-08-02T23:32:47.735+0900][1.550s][info ][safepoint      ] Safepoint "G1CollectFull", Time since last: 2471800 ns, Reaching safepoint: 22300 ns, At safepoint: 34111000 ns, Total: 34133300 ns
[2026-08-02T23:32:47.737+0900][1.552s][info ][gc,start       ] GC(24) Pause Full (System.gc())
[2026-08-02T23:32:47.737+0900][1.552s][debug][gc,heap        ] GC(24) Heap before GC invocations=24 (full 24):
[2026-08-02T23:32:47.737+0900][1.552s][debug][gc,heap        ] GC(24)  garbage-first heap   total 131072K, used 18148K [0x000001f4bc000000, 0x0000022bbc000000)
[2026-08-02T23:32:47.737+0900][1.552s][debug][gc,heap        ] GC(24)   region size 32768K, 1 young (32768K), 0 survivors (0K)
[2026-08-02T23:32:47.737+0900][1.552s][debug][gc,heap        ] GC(24)  Metaspace       used 9604K, committed 9920K, reserved 1114112K
[2026-08-02T23:32:47.737+0900][1.552s][debug][gc,heap        ] GC(24)   class space    used 896K, committed 1024K, reserved 1048576K
[2026-08-02T23:32:47.737+0900][1.552s][info ][gc,task        ] GC(24) Using 1 workers of 18 for full compaction
[2026-08-02T23:32:47.737+0900][1.552s][info ][gc,phases,start] GC(24) Phase 1: Mark live objects
[2026-08-02T23:32:47.753+0900][1.568s][info ][gc,phases      ] GC(24) Phase 1: Mark live objects 15.815ms
[2026-08-02T23:32:47.753+0900][1.568s][info ][gc,phases,start] GC(24) Phase 2: Prepare for compaction
[2026-08-02T23:32:47.756+0900][1.571s][info ][gc,phases      ] GC(24) Phase 2: Prepare for compaction 2.854ms
[2026-08-02T23:32:47.756+0900][1.571s][info ][gc,phases,start] GC(24) Phase 3: Adjust pointers
[2026-08-02T23:32:47.763+0900][1.577s][info ][gc,phases      ] GC(24) Phase 3: Adjust pointers 6.689ms
[2026-08-02T23:32:47.763+0900][1.577s][info ][gc,phases,start] GC(24) Phase 4: Compact heap
[2026-08-02T23:32:47.765+0900][1.580s][info ][gc,phases      ] GC(24) Phase 4: Compact heap 2.316ms
[2026-08-02T23:32:47.767+0900][1.582s][info ][gc,heap        ] GC(24) Eden regions: 1->0(1)
[2026-08-02T23:32:47.767+0900][1.582s][info ][gc,heap        ] GC(24) Survivor regions: 0->0(0)
[2026-08-02T23:32:47.767+0900][1.582s][info ][gc,heap        ] GC(24) Old regions: 1->1
[2026-08-02T23:32:47.767+0900][1.582s][info ][gc,heap        ] GC(24) Archive regions: 0->0
[2026-08-02T23:32:47.767+0900][1.582s][info ][gc,heap        ] GC(24) Humongous regions: 0->0
[2026-08-02T23:32:47.767+0900][1.582s][info ][gc,metaspace   ] GC(24) Metaspace: 9604K(9920K)->9604K(9920K) NonClass: 8707K(8896K)->8707K(8896K) Class: 896K(1024K)->896K(1024K)
[2026-08-02T23:32:47.767+0900][1.582s][debug][gc,heap        ] GC(24) Heap after GC invocations=25 (full 25):
[2026-08-02T23:32:47.767+0900][1.582s][debug][gc,heap        ] GC(24)  garbage-first heap   total 131072K, used 18162K [0x000001f4bc000000, 0x0000022bbc000000)
[2026-08-02T23:32:47.767+0900][1.582s][debug][gc,heap        ] GC(24)   region size 32768K, 0 young (0K), 0 survivors (0K)
[2026-08-02T23:32:47.767+0900][1.582s][debug][gc,heap        ] GC(24)  Metaspace       used 9604K, committed 9920K, reserved 1114112K
[2026-08-02T23:32:47.767+0900][1.582s][debug][gc,heap        ] GC(24)   class space    used 896K, committed 1024K, reserved 1048576K
[2026-08-02T23:32:47.767+0900][1.582s][info ][gc             ] GC(24) Pause Full (System.gc()) 18M->17M(128M) 29.965ms
[2026-08-02T23:32:47.767+0900][1.582s][info ][gc,cpu         ] GC(24) User=0.03s Sys=0.03s Real=0.03s
[2026-08-02T23:32:47.767+0900][1.582s][info ][safepoint      ] Safepoint "G1CollectFull", Time since last: 2120300 ns, Reaching safepoint: 25700 ns, At safepoint: 30053300 ns, Total: 30079000 ns
[2026-08-02T23:32:47.769+0900][1.584s][info ][gc,start       ] GC(25) Pause Full (System.gc())
[2026-08-02T23:32:47.769+0900][1.584s][debug][gc,heap        ] GC(25) Heap before GC invocations=25 (full 25):
[2026-08-02T23:32:47.769+0900][1.584s][debug][gc,heap        ] GC(25)  garbage-first heap   total 131072K, used 18162K [0x000001f4bc000000, 0x0000022bbc000000)
[2026-08-02T23:32:47.769+0900][1.584s][debug][gc,heap        ] GC(25)   region size 32768K, 1 young (32768K), 0 survivors (0K)
[2026-08-02T23:32:47.769+0900][1.584s][debug][gc,heap        ] GC(25)  Metaspace       used 9605K, committed 9920K, reserved 1114112K
[2026-08-02T23:32:47.769+0900][1.584s][debug][gc,heap        ] GC(25)   class space    used 896K, committed 1024K, reserved 1048576K
[2026-08-02T23:32:47.769+0900][1.584s][info ][gc,task        ] GC(25) Using 1 workers of 18 for full compaction
[2026-08-02T23:32:47.769+0900][1.584s][info ][gc,phases,start] GC(25) Phase 1: Mark live objects
[2026-08-02T23:32:47.785+0900][1.601s][info ][gc,phases      ] GC(25) Phase 1: Mark live objects 16.477ms
[2026-08-02T23:32:47.785+0900][1.601s][info ][gc,phases,start] GC(25) Phase 2: Prepare for compaction
[2026-08-02T23:32:47.789+0900][1.604s][info ][gc,phases      ] GC(25) Phase 2: Prepare for compaction 3.051ms
[2026-08-02T23:32:47.789+0900][1.604s][info ][gc,phases,start] GC(25) Phase 3: Adjust pointers
[2026-08-02T23:32:47.796+0900][1.610s][info ][gc,phases      ] GC(25) Phase 3: Adjust pointers 6.843ms
[2026-08-02T23:32:47.796+0900][1.611s][info ][gc,phases,start] GC(25) Phase 4: Compact heap
[2026-08-02T23:32:47.798+0900][1.613s][info ][gc,phases      ] GC(25) Phase 4: Compact heap 2.374ms
[2026-08-02T23:32:47.800+0900][1.615s][info ][gc,heap        ] GC(25) Eden regions: 1->0(1)
[2026-08-02T23:32:47.800+0900][1.615s][info ][gc,heap        ] GC(25) Survivor regions: 0->0(0)
[2026-08-02T23:32:47.800+0900][1.615s][info ][gc,heap        ] GC(25) Old regions: 1->1
[2026-08-02T23:32:47.800+0900][1.615s][info ][gc,heap        ] GC(25) Archive regions: 0->0
[2026-08-02T23:32:47.800+0900][1.615s][info ][gc,heap        ] GC(25) Humongous regions: 0->0
[2026-08-02T23:32:47.800+0900][1.615s][info ][gc,metaspace   ] GC(25) Metaspace: 9605K(9920K)->9605K(9920K) NonClass: 8709K(8896K)->8709K(8896K) Class: 896K(1024K)->896K(1024K)
[2026-08-02T23:32:47.800+0900][1.615s][debug][gc,heap        ] GC(25) Heap after GC invocations=26 (full 26):
[2026-08-02T23:32:47.800+0900][1.615s][debug][gc,heap        ] GC(25)  garbage-first heap   total 131072K, used 18176K [0x000001f4bc000000, 0x0000022bbc000000)
[2026-08-02T23:32:47.800+0900][1.615s][debug][gc,heap        ] GC(25)   region size 32768K, 0 young (0K), 0 survivors (0K)
[2026-08-02T23:32:47.800+0900][1.615s][debug][gc,heap        ] GC(25)  Metaspace       used 9605K, committed 9920K, reserved 1114112K
[2026-08-02T23:32:47.800+0900][1.615s][debug][gc,heap        ] GC(25)   class space    used 896K, committed 1024K, reserved 1048576K
[2026-08-02T23:32:47.800+0900][1.615s][info ][gc             ] GC(25) Pause Full (System.gc()) 18M->17M(128M) 31.034ms
[2026-08-02T23:32:47.800+0900][1.615s][info ][gc,cpu         ] GC(25) User=0.03s Sys=0.03s Real=0.03s
[2026-08-02T23:32:47.800+0900][1.615s][info ][safepoint      ] Safepoint "G1CollectFull", Time since last: 1940300 ns, Reaching safepoint: 20000 ns, At safepoint: 31083700 ns, Total: 31103700 ns
[2026-08-02T23:32:47.802+0900][1.617s][info ][gc,start       ] GC(26) Pause Full (System.gc())
[2026-08-02T23:32:47.802+0900][1.617s][debug][gc,heap        ] GC(26) Heap before GC invocations=26 (full 26):
[2026-08-02T23:32:47.802+0900][1.617s][debug][gc,heap        ] GC(26)  garbage-first heap   total 131072K, used 18176K [0x000001f4bc000000, 0x0000022bbc000000)
[2026-08-02T23:32:47.802+0900][1.617s][debug][gc,heap        ] GC(26)   region size 32768K, 1 young (32768K), 0 survivors (0K)
[2026-08-02T23:32:47.802+0900][1.617s][debug][gc,heap        ] GC(26)  Metaspace       used 9618K, committed 9920K, reserved 1114112K
[2026-08-02T23:32:47.802+0900][1.617s][debug][gc,heap        ] GC(26)   class space    used 899K, committed 1024K, reserved 1048576K
[2026-08-02T23:32:47.802+0900][1.617s][info ][gc,task        ] GC(26) Using 1 workers of 18 for full compaction
[2026-08-02T23:32:47.802+0900][1.617s][info ][gc,phases,start] GC(26) Phase 1: Mark live objects
[2026-08-02T23:32:47.817+0900][1.632s][info ][gc,phases      ] GC(26) Phase 1: Mark live objects 15.312ms
[2026-08-02T23:32:47.817+0900][1.632s][info ][gc,phases,start] GC(26) Phase 2: Prepare for compaction
[2026-08-02T23:32:47.821+0900][1.636s][info ][gc,phases      ] GC(26) Phase 2: Prepare for compaction 3.338ms
[2026-08-02T23:32:47.821+0900][1.636s][info ][gc,phases,start] GC(26) Phase 3: Adjust pointers
[2026-08-02T23:32:47.827+0900][1.643s][info ][gc,phases      ] GC(26) Phase 3: Adjust pointers 7.017ms
[2026-08-02T23:32:47.827+0900][1.643s][info ][gc,phases,start] GC(26) Phase 4: Compact heap
[2026-08-02T23:32:47.831+0900][1.646s][info ][gc,phases      ] GC(26) Phase 4: Compact heap 2.767ms
[2026-08-02T23:32:47.833+0900][1.647s][info ][gc,heap        ] GC(26) Eden regions: 1->0(1)
[2026-08-02T23:32:47.833+0900][1.647s][info ][gc,heap        ] GC(26) Survivor regions: 0->0(0)
[2026-08-02T23:32:47.833+0900][1.647s][info ][gc,heap        ] GC(26) Old regions: 1->1
[2026-08-02T23:32:47.833+0900][1.647s][info ][gc,heap        ] GC(26) Archive regions: 0->0
[2026-08-02T23:32:47.833+0900][1.647s][info ][gc,heap        ] GC(26) Humongous regions: 0->0
[2026-08-02T23:32:47.833+0900][1.647s][info ][gc,metaspace   ] GC(26) Metaspace: 9618K(9920K)->9618K(9920K) NonClass: 8719K(8896K)->8719K(8896K) Class: 899K(1024K)->899K(1024K)
[2026-08-02T23:32:47.833+0900][1.647s][debug][gc,heap        ] GC(26) Heap after GC invocations=27 (full 27):
[2026-08-02T23:32:47.833+0900][1.647s][debug][gc,heap        ] GC(26)  garbage-first heap   total 131072K, used 18189K [0x000001f4bc000000, 0x0000022bbc000000)
[2026-08-02T23:32:47.833+0900][1.647s][debug][gc,heap        ] GC(26)   region size 32768K, 0 young (0K), 0 survivors (0K)
[2026-08-02T23:32:47.833+0900][1.648s][debug][gc,heap        ] GC(26)  Metaspace       used 9618K, committed 9920K, reserved 1114112K
[2026-08-02T23:32:47.833+0900][1.648s][debug][gc,heap        ] GC(26)   class space    used 899K, committed 1024K, reserved 1048576K
[2026-08-02T23:32:47.833+0900][1.648s][info ][gc             ] GC(26) Pause Full (System.gc()) 18M->17M(128M) 30.706ms
[2026-08-02T23:32:47.833+0900][1.648s][info ][gc,cpu         ] GC(26) User=0.05s Sys=0.02s Real=0.03s
[2026-08-02T23:32:47.833+0900][1.648s][info ][safepoint      ] Safepoint "G1CollectFull", Time since last: 1898100 ns, Reaching safepoint: 23900 ns, At safepoint: 30812800 ns, Total: 30836700 ns
[2026-08-02T23:32:47.834+0900][1.650s][info ][gc,start       ] GC(27) Pause Full (System.gc())
[2026-08-02T23:32:47.834+0900][1.650s][debug][gc,heap        ] GC(27) Heap before GC invocations=27 (full 27):
[2026-08-02T23:32:47.834+0900][1.650s][debug][gc,heap        ] GC(27)  garbage-first heap   total 131072K, used 18189K [0x000001f4bc000000, 0x0000022bbc000000)
[2026-08-02T23:32:47.834+0900][1.650s][debug][gc,heap        ] GC(27)   region size 32768K, 1 young (32768K), 0 survivors (0K)
[2026-08-02T23:32:47.834+0900][1.650s][debug][gc,heap        ] GC(27)  Metaspace       used 9618K, committed 9920K, reserved 1114112K
[2026-08-02T23:32:47.834+0900][1.650s][debug][gc,heap        ] GC(27)   class space    used 899K, committed 1024K, reserved 1048576K
[2026-08-02T23:32:47.834+0900][1.650s][info ][gc,task        ] GC(27) Using 1 workers of 18 for full compaction
[2026-08-02T23:32:47.834+0900][1.650s][info ][gc,phases,start] GC(27) Phase 1: Mark live objects
[2026-08-02T23:32:47.852+0900][1.668s][info ][gc,phases      ] GC(27) Phase 1: Mark live objects 18.137ms
[2026-08-02T23:32:47.852+0900][1.668s][info ][gc,phases,start] GC(27) Phase 2: Prepare for compaction
[2026-08-02T23:32:47.856+0900][1.671s][info ][gc,phases      ] GC(27) Phase 2: Prepare for compaction 3.100ms
[2026-08-02T23:32:47.856+0900][1.671s][info ][gc,phases,start] GC(27) Phase 3: Adjust pointers
[2026-08-02T23:32:47.865+0900][1.680s][info ][gc,phases      ] GC(27) Phase 3: Adjust pointers 8.922ms
[2026-08-02T23:32:47.865+0900][1.680s][info ][gc,phases,start] GC(27) Phase 4: Compact heap
[2026-08-02T23:32:47.868+0900][1.683s][info ][gc,phases      ] GC(27) Phase 4: Compact heap 2.973ms
[2026-08-02T23:32:47.870+0900][1.685s][info ][gc,heap        ] GC(27) Eden regions: 1->0(1)
[2026-08-02T23:32:47.870+0900][1.685s][info ][gc,heap        ] GC(27) Survivor regions: 0->0(0)
[2026-08-02T23:32:47.870+0900][1.685s][info ][gc,heap        ] GC(27) Old regions: 1->1
[2026-08-02T23:32:47.870+0900][1.685s][info ][gc,heap        ] GC(27) Archive regions: 0->0
[2026-08-02T23:32:47.870+0900][1.685s][info ][gc,heap        ] GC(27) Humongous regions: 0->0
[2026-08-02T23:32:47.870+0900][1.685s][info ][gc,metaspace   ] GC(27) Metaspace: 9618K(9920K)->9618K(9920K) NonClass: 8719K(8896K)->8719K(8896K) Class: 899K(1024K)->899K(1024K)
[2026-08-02T23:32:47.870+0900][1.685s][debug][gc,heap        ] GC(27) Heap after GC invocations=28 (full 28):
[2026-08-02T23:32:47.870+0900][1.685s][debug][gc,heap        ] GC(27)  garbage-first heap   total 131072K, used 18207K [0x000001f4bc000000, 0x0000022bbc000000)
[2026-08-02T23:32:47.870+0900][1.685s][debug][gc,heap        ] GC(27)   region size 32768K, 0 young (0K), 0 survivors (0K)
[2026-08-02T23:32:47.870+0900][1.685s][debug][gc,heap        ] GC(27)  Metaspace       used 9618K, committed 9920K, reserved 1114112K
[2026-08-02T23:32:47.870+0900][1.685s][debug][gc,heap        ] GC(27)   class space    used 899K, committed 1024K, reserved 1048576K
[2026-08-02T23:32:47.870+0900][1.685s][info ][gc             ] GC(27) Pause Full (System.gc()) 18M->17M(128M) 35.609ms
[2026-08-02T23:32:47.870+0900][1.685s][info ][gc,cpu         ] GC(27) User=0.03s Sys=0.03s Real=0.04s
[2026-08-02T23:32:47.870+0900][1.685s][info ][safepoint      ] Safepoint "G1CollectFull", Time since last: 1880100 ns, Reaching safepoint: 20000 ns, At safepoint: 35650100 ns, Total: 35670100 ns
[2026-08-02T23:32:47.885+0900][1.700s][info ][gc,start       ] GC(28) Pause Full (System.gc())
[2026-08-02T23:32:47.885+0900][1.700s][debug][gc,heap        ] GC(28) Heap before GC invocations=28 (full 28):
[2026-08-02T23:32:47.885+0900][1.700s][debug][gc,heap        ] GC(28)  garbage-first heap   total 131072K, used 18207K [0x000001f4bc000000, 0x0000022bbc000000)
[2026-08-02T23:32:47.885+0900][1.700s][debug][gc,heap        ] GC(28)   region size 32768K, 1 young (32768K), 0 survivors (0K)
[2026-08-02T23:32:47.885+0900][1.700s][debug][gc,heap        ] GC(28)  Metaspace       used 9645K, committed 9920K, reserved 1114112K
[2026-08-02T23:32:47.885+0900][1.700s][debug][gc,heap        ] GC(28)   class space    used 900K, committed 1024K, reserved 1048576K
[2026-08-02T23:32:47.886+0900][1.700s][info ][gc,task        ] GC(28) Using 1 workers of 18 for full compaction
[2026-08-02T23:32:47.886+0900][1.700s][info ][gc,phases,start] GC(28) Phase 1: Mark live objects
[2026-08-02T23:32:47.903+0900][1.719s][info ][gc,phases      ] GC(28) Phase 1: Mark live objects 18.433ms
[2026-08-02T23:32:47.903+0900][1.719s][info ][gc,phases,start] GC(28) Phase 2: Prepare for compaction
[2026-08-02T23:32:47.907+0900][1.722s][info ][gc,phases      ] GC(28) Phase 2: Prepare for compaction 3.491ms
[2026-08-02T23:32:47.907+0900][1.722s][info ][gc,phases,start] GC(28) Phase 3: Adjust pointers
[2026-08-02T23:32:47.916+0900][1.731s][info ][gc,phases      ] GC(28) Phase 3: Adjust pointers 8.536ms
[2026-08-02T23:32:47.916+0900][1.731s][info ][gc,phases,start] GC(28) Phase 4: Compact heap
[2026-08-02T23:32:47.919+0900][1.734s][info ][gc,phases      ] GC(28) Phase 4: Compact heap 3.318ms
[2026-08-02T23:32:47.921+0900][1.736s][info ][gc,heap        ] GC(28) Eden regions: 1->0(1)
[2026-08-02T23:32:47.921+0900][1.736s][info ][gc,heap        ] GC(28) Survivor regions: 0->0(0)
[2026-08-02T23:32:47.921+0900][1.736s][info ][gc,heap        ] GC(28) Old regions: 1->1
[2026-08-02T23:32:47.921+0900][1.736s][info ][gc,heap        ] GC(28) Archive regions: 0->0
[2026-08-02T23:32:47.921+0900][1.736s][info ][gc,heap        ] GC(28) Humongous regions: 0->0
[2026-08-02T23:32:47.921+0900][1.736s][info ][gc,metaspace   ] GC(28) Metaspace: 9645K(9920K)->9645K(9920K) NonClass: 8745K(8896K)->8745K(8896K) Class: 900K(1024K)->900K(1024K)
[2026-08-02T23:32:47.921+0900][1.736s][debug][gc,heap        ] GC(28) Heap after GC invocations=29 (full 29):
[2026-08-02T23:32:47.921+0900][1.736s][debug][gc,heap        ] GC(28)  garbage-first heap   total 131072K, used 20822K [0x000001f4bc000000, 0x0000022bbc000000)
[2026-08-02T23:32:47.921+0900][1.736s][debug][gc,heap        ] GC(28)   region size 32768K, 0 young (0K), 0 survivors (0K)
[2026-08-02T23:32:47.921+0900][1.736s][debug][gc,heap        ] GC(28)  Metaspace       used 9645K, committed 9920K, reserved 1114112K
[2026-08-02T23:32:47.921+0900][1.736s][debug][gc,heap        ] GC(28)   class space    used 900K, committed 1024K, reserved 1048576K
[2026-08-02T23:32:47.921+0900][1.736s][info ][gc             ] GC(28) Pause Full (System.gc()) 23M->20M(128M) 36.219ms
[2026-08-02T23:32:47.921+0900][1.736s][info ][gc,cpu         ] GC(28) User=0.03s Sys=0.02s Real=0.04s
[2026-08-02T23:32:47.921+0900][1.737s][info ][safepoint      ] Safepoint "G1CollectFull", Time since last: 14972500 ns, Reaching safepoint: 32400 ns, At safepoint: 36336500 ns, Total: 36368900 ns
[2026-08-02T23:32:47.986+0900][1.801s][info ][gc,start       ] GC(29) Pause Young (Normal) (G1 Evacuation Pause)
[2026-08-02T23:32:47.986+0900][1.801s][debug][gc,heap        ] GC(29) Heap before GC invocations=29 (full 29):
[2026-08-02T23:32:47.986+0900][1.801s][debug][gc,heap        ] GC(29)  garbage-first heap   total 131072K, used 53590K [0x000001f4bc000000, 0x0000022bbc000000)
[2026-08-02T23:32:47.986+0900][1.801s][debug][gc,heap        ] GC(29)   region size 32768K, 1 young (32768K), 0 survivors (0K)
[2026-08-02T23:32:47.986+0900][1.801s][debug][gc,heap        ] GC(29)  Metaspace       used 9657K, committed 9920K, reserved 1114112K
[2026-08-02T23:32:47.986+0900][1.801s][debug][gc,heap        ] GC(29)   class space    used 901K, committed 1024K, reserved 1048576K
[2026-08-02T23:32:47.986+0900][1.801s][info ][gc,task        ] GC(29) Using 3 workers of 18 for evacuation
[2026-08-02T23:32:47.998+0900][1.813s][info ][gc,phases      ] GC(29)   Pre Evacuate Collection Set: 0.0ms
[2026-08-02T23:32:47.998+0900][1.813s][info ][gc,phases      ] GC(29)   Merge Heap Roots: 0.3ms
[2026-08-02T23:32:47.998+0900][1.813s][info ][gc,phases      ] GC(29)   Evacuate Collection Set: 11.6ms
[2026-08-02T23:32:47.998+0900][1.813s][info ][gc,phases      ] GC(29)   Post Evacuate Collection Set: 0.2ms
[2026-08-02T23:32:47.998+0900][1.813s][info ][gc,phases      ] GC(29)   Other: 0.1ms
[2026-08-02T23:32:47.998+0900][1.813s][info ][gc,heap        ] GC(29) Eden regions: 1->0(1)
[2026-08-02T23:32:47.998+0900][1.813s][info ][gc,heap        ] GC(29) Survivor regions: 0->1(1)
[2026-08-02T23:32:47.998+0900][1.813s][info ][gc,heap        ] GC(29) Old regions: 1->1
[2026-08-02T23:32:47.998+0900][1.813s][info ][gc,heap        ] GC(29) Archive regions: 0->0
[2026-08-02T23:32:47.998+0900][1.813s][info ][gc,heap        ] GC(29) Humongous regions: 0->0
[2026-08-02T23:32:47.998+0900][1.813s][info ][gc,metaspace   ] GC(29) Metaspace: 9657K(9920K)->9657K(9920K) NonClass: 8756K(8896K)->8756K(8896K) Class: 901K(1024K)->901K(1024K)
[2026-08-02T23:32:47.998+0900][1.813s][debug][gc,heap        ] GC(29) Heap after GC invocations=30 (full 29):
[2026-08-02T23:32:47.998+0900][1.813s][debug][gc,heap        ] GC(29)  garbage-first heap   total 131072K, used 37028K [0x000001f4bc000000, 0x0000022bbc000000)
[2026-08-02T23:32:47.998+0900][1.813s][debug][gc,heap        ] GC(29)   region size 32768K, 1 young (32768K), 1 survivors (32768K)
[2026-08-02T23:32:47.998+0900][1.813s][debug][gc,heap        ] GC(29)  Metaspace       used 9657K, committed 9920K, reserved 1114112K
[2026-08-02T23:32:47.998+0900][1.813s][debug][gc,heap        ] GC(29)   class space    used 901K, committed 1024K, reserved 1048576K
[2026-08-02T23:32:47.998+0900][1.814s][info ][gc             ] GC(29) Pause Young (Normal) (G1 Evacuation Pause) 52M->36M(128M) 12.666ms
[2026-08-02T23:32:47.998+0900][1.814s][info ][gc,cpu         ] GC(29) User=0.05s Sys=0.02s Real=0.01s
[2026-08-02T23:32:47.998+0900][1.814s][info ][safepoint      ] Safepoint "G1CollectForAllocation", Time since last: 64253900 ns, Reaching safepoint: 33300 ns, At safepoint: 12725500 ns, Total: 12758800 ns
[2026-08-02T23:32:48.053+0900][1.868s][info ][gc,start       ] GC(30) Pause Young (Normal) (G1 Evacuation Pause)
[2026-08-02T23:32:48.053+0900][1.868s][debug][gc,heap        ] GC(30) Heap before GC invocations=30 (full 29):
[2026-08-02T23:32:48.053+0900][1.868s][debug][gc,heap        ] GC(30)  garbage-first heap   total 131072K, used 69796K [0x000001f4bc000000, 0x0000022bbc000000)
[2026-08-02T23:32:48.053+0900][1.868s][debug][gc,heap        ] GC(30)   region size 32768K, 2 young (65536K), 1 survivors (32768K)
[2026-08-02T23:32:48.053+0900][1.868s][debug][gc,heap        ] GC(30)  Metaspace       used 9657K, committed 9920K, reserved 1114112K
[2026-08-02T23:32:48.053+0900][1.868s][debug][gc,heap        ] GC(30)   class space    used 901K, committed 1024K, reserved 1048576K
[2026-08-02T23:32:48.053+0900][1.868s][info ][gc,task        ] GC(30) Using 3 workers of 18 for evacuation
[2026-08-02T23:32:48.072+0900][1.887s][info ][gc,phases      ] GC(30)   Pre Evacuate Collection Set: 0.0ms
[2026-08-02T23:32:48.072+0900][1.887s][info ][gc,phases      ] GC(30)   Merge Heap Roots: 0.1ms
[2026-08-02T23:32:48.072+0900][1.887s][info ][gc,phases      ] GC(30)   Evacuate Collection Set: 18.1ms
[2026-08-02T23:32:48.072+0900][1.887s][info ][gc,phases      ] GC(30)   Post Evacuate Collection Set: 0.2ms
[2026-08-02T23:32:48.072+0900][1.887s][info ][gc,phases      ] GC(30)   Other: 0.1ms
[2026-08-02T23:32:48.072+0900][1.887s][info ][gc,heap        ] GC(30) Eden regions: 1->0(1)
[2026-08-02T23:32:48.072+0900][1.887s][info ][gc,heap        ] GC(30) Survivor regions: 1->1(1)
[2026-08-02T23:32:48.072+0900][1.887s][info ][gc,heap        ] GC(30) Old regions: 1->1
[2026-08-02T23:32:48.072+0900][1.887s][info ][gc,heap        ] GC(30) Archive regions: 0->0
[2026-08-02T23:32:48.072+0900][1.887s][info ][gc,heap        ] GC(30) Humongous regions: 0->0
[2026-08-02T23:32:48.072+0900][1.887s][info ][gc,metaspace   ] GC(30) Metaspace: 9657K(9920K)->9657K(9920K) NonClass: 8756K(8896K)->8756K(8896K) Class: 901K(1024K)->901K(1024K)
[2026-08-02T23:32:48.072+0900][1.887s][debug][gc,heap        ] GC(30) Heap after GC invocations=31 (full 29):
[2026-08-02T23:32:48.072+0900][1.887s][debug][gc,heap        ] GC(30)  garbage-first heap   total 131072K, used 52134K [0x000001f4bc000000, 0x0000022bbc000000)
[2026-08-02T23:32:48.072+0900][1.887s][debug][gc,heap        ] GC(30)   region size 32768K, 1 young (32768K), 1 survivors (32768K)
[2026-08-02T23:32:48.072+0900][1.887s][debug][gc,heap        ] GC(30)  Metaspace       used 9657K, committed 9920K, reserved 1114112K
[2026-08-02T23:32:48.072+0900][1.887s][debug][gc,heap        ] GC(30)   class space    used 901K, committed 1024K, reserved 1048576K
[2026-08-02T23:32:48.072+0900][1.887s][info ][gc             ] GC(30) Pause Young (Normal) (G1 Evacuation Pause) 68M->50M(128M) 18.905ms
[2026-08-02T23:32:48.072+0900][1.887s][info ][gc,cpu         ] GC(30) User=0.06s Sys=0.00s Real=0.02s
[2026-08-02T23:32:48.072+0900][1.887s][info ][safepoint      ] Safepoint "G1CollectForAllocation", Time since last: 54475600 ns, Reaching safepoint: 37000 ns, At safepoint: 18962700 ns, Total: 18999700 ns
[2026-08-02T23:32:48.093+0900][1.908s][info ][gc,start       ] GC(31) Pause Young (Normal) (G1 Evacuation Pause)
[2026-08-02T23:32:48.093+0900][1.908s][debug][gc,heap        ] GC(31) Heap before GC invocations=31 (full 29):
[2026-08-02T23:32:48.093+0900][1.908s][debug][gc,heap        ] GC(31)  garbage-first heap   total 131072K, used 84902K [0x000001f4bc000000, 0x0000022bbc000000)
[2026-08-02T23:32:48.093+0900][1.908s][debug][gc,heap        ] GC(31)   region size 32768K, 2 young (65536K), 1 survivors (32768K)
[2026-08-02T23:32:48.093+0900][1.908s][debug][gc,heap        ] GC(31)  Metaspace       used 9659K, committed 9920K, reserved 1114112K
[2026-08-02T23:32:48.093+0900][1.908s][debug][gc,heap        ] GC(31)   class space    used 901K, committed 1024K, reserved 1048576K
[2026-08-02T23:32:48.093+0900][1.908s][info ][gc,task        ] GC(31) Using 3 workers of 18 for evacuation
[2026-08-02T23:32:48.122+0900][1.938s][info ][gc,phases      ] GC(31)   Pre Evacuate Collection Set: 0.0ms
[2026-08-02T23:32:48.122+0900][1.938s][info ][gc,phases      ] GC(31)   Merge Heap Roots: 0.1ms
[2026-08-02T23:32:48.122+0900][1.938s][info ][gc,phases      ] GC(31)   Evacuate Collection Set: 29.3ms
[2026-08-02T23:32:48.122+0900][1.938s][info ][gc,phases      ] GC(31)   Post Evacuate Collection Set: 0.2ms
[2026-08-02T23:32:48.122+0900][1.938s][info ][gc,phases      ] GC(31)   Other: 0.1ms
[2026-08-02T23:32:48.123+0900][1.938s][info ][gc,heap        ] GC(31) Eden regions: 1->0(1)
[2026-08-02T23:32:48.123+0900][1.938s][info ][gc,heap        ] GC(31) Survivor regions: 1->1(1)
[2026-08-02T23:32:48.123+0900][1.938s][info ][gc,heap        ] GC(31) Old regions: 1->2
[2026-08-02T23:32:48.123+0900][1.938s][info ][gc,heap        ] GC(31) Archive regions: 0->0
[2026-08-02T23:32:48.123+0900][1.938s][info ][gc,heap        ] GC(31) Humongous regions: 0->0
[2026-08-02T23:32:48.123+0900][1.938s][info ][gc,metaspace   ] GC(31) Metaspace: 9659K(9920K)->9659K(9920K) NonClass: 8758K(8896K)->8758K(8896K) Class: 901K(1024K)->901K(1024K)
[2026-08-02T23:32:48.123+0900][1.938s][debug][gc,heap        ] GC(31) Heap after GC invocations=32 (full 29):
[2026-08-02T23:32:48.123+0900][1.938s][debug][gc,heap        ] GC(31)  garbage-first heap   total 163840K, used 70068K [0x000001f4bc000000, 0x0000022bbc000000)
[2026-08-02T23:32:48.123+0900][1.938s][debug][gc,heap        ] GC(31)   region size 32768K, 1 young (32768K), 1 survivors (32768K)
[2026-08-02T23:32:48.123+0900][1.938s][debug][gc,heap        ] GC(31)  Metaspace       used 9659K, committed 9920K, reserved 1114112K
[2026-08-02T23:32:48.123+0900][1.938s][debug][gc,heap        ] GC(31)   class space    used 901K, committed 1024K, reserved 1048576K
[2026-08-02T23:32:48.123+0900][1.938s][info ][gc             ] GC(31) Pause Young (Normal) (G1 Evacuation Pause) 82M->68M(160M) 30.072ms
[2026-08-02T23:32:48.123+0900][1.938s][info ][gc,cpu         ] GC(31) User=0.14s Sys=0.00s Real=0.03s
[2026-08-02T23:32:48.123+0900][1.938s][info ][safepoint      ] Safepoint "G1CollectForAllocation", Time since last: 21059000 ns, Reaching safepoint: 22600 ns, At safepoint: 30139500 ns, Total: 30162100 ns
[2026-08-02T23:32:48.176+0900][1.991s][info ][gc,start       ] GC(32) Pause Young (Normal) (G1 Evacuation Pause)
[2026-08-02T23:32:48.176+0900][1.991s][debug][gc,heap        ] GC(32) Heap before GC invocations=32 (full 29):
[2026-08-02T23:32:48.176+0900][1.991s][debug][gc,heap        ] GC(32)  garbage-first heap   total 163840K, used 102836K [0x000001f4bc000000, 0x0000022bbc000000)
[2026-08-02T23:32:48.176+0900][1.991s][debug][gc,heap        ] GC(32)   region size 32768K, 2 young (65536K), 1 survivors (32768K)
[2026-08-02T23:32:48.176+0900][1.991s][debug][gc,heap        ] GC(32)  Metaspace       used 9683K, committed 9984K, reserved 1114112K
[2026-08-02T23:32:48.176+0900][1.991s][debug][gc,heap        ] GC(32)   class space    used 902K, committed 1024K, reserved 1048576K
[2026-08-02T23:32:48.176+0900][1.991s][info ][gc,task        ] GC(32) Using 3 workers of 18 for evacuation
[2026-08-02T23:32:48.205+0900][2.020s][info ][gc,phases      ] GC(32)   Pre Evacuate Collection Set: 0.1ms
[2026-08-02T23:32:48.205+0900][2.020s][info ][gc,phases      ] GC(32)   Merge Heap Roots: 0.1ms
[2026-08-02T23:32:48.205+0900][2.020s][info ][gc,phases      ] GC(32)   Evacuate Collection Set: 27.0ms
[2026-08-02T23:32:48.205+0900][2.020s][info ][gc,phases      ] GC(32)   Post Evacuate Collection Set: 2.3ms
[2026-08-02T23:32:48.206+0900][2.020s][info ][gc,phases      ] GC(32)   Other: 0.1ms
[2026-08-02T23:32:48.206+0900][2.020s][info ][gc,heap        ] GC(32) Eden regions: 1->0(1)
[2026-08-02T23:32:48.206+0900][2.020s][info ][gc,heap        ] GC(32) Survivor regions: 1->1(1)
[2026-08-02T23:32:48.206+0900][2.021s][info ][gc,heap        ] GC(32) Old regions: 2->3
[2026-08-02T23:32:48.206+0900][2.021s][info ][gc,heap        ] GC(32) Archive regions: 0->0
[2026-08-02T23:32:48.206+0900][2.021s][info ][gc,heap        ] GC(32) Humongous regions: 0->0
[2026-08-02T23:32:48.206+0900][2.021s][info ][gc,metaspace   ] GC(32) Metaspace: 9683K(9984K)->9683K(9984K) NonClass: 8781K(8960K)->8781K(8960K) Class: 902K(1024K)->902K(1024K)
[2026-08-02T23:32:48.206+0900][2.021s][debug][gc,heap        ] GC(32) Heap after GC invocations=33 (full 29):
[2026-08-02T23:32:48.206+0900][2.021s][debug][gc,heap        ] GC(32)  garbage-first heap   total 1146880K, used 88206K [0x000001f4bc000000, 0x0000022bbc000000)
[2026-08-02T23:32:48.206+0900][2.021s][debug][gc,heap        ] GC(32)   region size 32768K, 1 young (32768K), 1 survivors (32768K)
[2026-08-02T23:32:48.206+0900][2.021s][debug][gc,heap        ] GC(32)  Metaspace       used 9683K, committed 9984K, reserved 1114112K
[2026-08-02T23:32:48.206+0900][2.021s][debug][gc,heap        ] GC(32)   class space    used 902K, committed 1024K, reserved 1048576K
[2026-08-02T23:32:48.206+0900][2.021s][info ][gc             ] GC(32) Pause Young (Normal) (G1 Evacuation Pause) 100M->86M(1120M) 30.004ms
[2026-08-02T23:32:48.206+0900][2.021s][info ][gc,cpu         ] GC(32) User=0.11s Sys=0.03s Real=0.03s
[2026-08-02T23:32:48.206+0900][2.021s][info ][safepoint      ] Safepoint "G1CollectForAllocation", Time since last: 52306000 ns, Reaching safepoint: 41100 ns, At safepoint: 30133400 ns, Total: 30174500 ns
[2026-08-02T23:32:48.209+0900][2.025s][info ][gc,start       ] GC(33) Pause Full (System.gc())
[2026-08-02T23:32:48.209+0900][2.025s][debug][gc,heap        ] GC(33) Heap before GC invocations=33 (full 29):
[2026-08-02T23:32:48.209+0900][2.025s][debug][gc,heap        ] GC(33)  garbage-first heap   total 1146880K, used 88206K [0x000001f4bc000000, 0x0000022bbc000000)
[2026-08-02T23:32:48.209+0900][2.025s][debug][gc,heap        ] GC(33)   region size 32768K, 2 young (65536K), 1 survivors (32768K)
[2026-08-02T23:32:48.209+0900][2.025s][debug][gc,heap        ] GC(33)  Metaspace       used 9683K, committed 9984K, reserved 1114112K
[2026-08-02T23:32:48.209+0900][2.025s][debug][gc,heap        ] GC(33)   class space    used 902K, committed 1024K, reserved 1048576K
[2026-08-02T23:32:48.209+0900][2.025s][info ][gc,task        ] GC(33) Using 2 workers of 18 for full compaction
[2026-08-02T23:32:48.209+0900][2.025s][info ][gc,phases,start] GC(33) Phase 1: Mark live objects
[2026-08-02T23:32:48.251+0900][2.065s][info ][gc,phases      ] GC(33) Phase 1: Mark live objects 40.383ms
[2026-08-02T23:32:48.251+0900][2.065s][info ][gc,phases,start] GC(33) Phase 2: Prepare for compaction
[2026-08-02T23:32:48.258+0900][2.073s][info ][gc,phases      ] GC(33) Phase 2: Prepare for compaction 7.429ms
[2026-08-02T23:32:48.258+0900][2.073s][info ][gc,phases,start] GC(33) Phase 3: Adjust pointers
[2026-08-02T23:32:48.274+0900][2.089s][info ][gc,phases      ] GC(33) Phase 3: Adjust pointers 16.499ms
[2026-08-02T23:32:48.274+0900][2.089s][info ][gc,phases,start] GC(33) Phase 4: Compact heap
[2026-08-02T23:32:48.281+0900][2.096s][info ][gc,phases      ] GC(33) Phase 4: Compact heap 7.045ms
[2026-08-02T23:32:48.285+0900][2.100s][debug][gc,heap        ] GC(33) Uncommittable regions after shrink: 25
[2026-08-02T23:32:48.286+0900][2.101s][info ][gc,heap        ] GC(33) Eden regions: 1->0(1)
[2026-08-02T23:32:48.286+0900][2.101s][info ][gc,heap        ] GC(33) Survivor regions: 1->0(1)
[2026-08-02T23:32:48.286+0900][2.101s][info ][gc,heap        ] GC(33) Old regions: 3->3
[2026-08-02T23:32:48.286+0900][2.101s][info ][gc,heap        ] GC(33) Archive regions: 0->0
[2026-08-02T23:32:48.286+0900][2.101s][info ][gc,heap        ] GC(33) Humongous regions: 0->0
[2026-08-02T23:32:48.286+0900][2.102s][info ][gc,metaspace   ] GC(33) Metaspace: 9683K(9984K)->9683K(9984K) NonClass: 8781K(8960K)->8781K(8960K) Class: 902K(1024K)->902K(1024K)
[2026-08-02T23:32:48.286+0900][2.102s][debug][gc,heap        ] GC(33) Heap after GC invocations=34 (full 30):
[2026-08-02T23:32:48.286+0900][2.102s][debug][gc,heap        ] GC(33)  garbage-first heap   total 327680K, used 86169K [0x000001f4bc000000, 0x0000022bbc000000)
[2026-08-02T23:32:48.286+0900][2.102s][debug][gc,heap        ] GC(33)   region size 32768K, 0 young (0K), 0 survivors (0K)
[2026-08-02T23:32:48.286+0900][2.102s][debug][gc,heap        ] GC(33)  Metaspace       used 9683K, committed 9984K, reserved 1114112K
[2026-08-02T23:32:48.286+0900][2.102s][debug][gc,heap        ] GC(33)   class space    used 902K, committed 1024K, reserved 1048576K
[2026-08-02T23:32:48.286+0900][2.102s][info ][gc             ] GC(33) Pause Full (System.gc()) 87M->84M(320M) 76.929ms
[2026-08-02T23:32:48.286+0900][2.102s][info ][gc,cpu         ] GC(33) User=0.17s Sys=0.00s Real=0.08s
[2026-08-02T23:32:48.286+0900][2.102s][info ][safepoint      ] Safepoint "G1CollectFull", Time since last: 3866600 ns, Reaching safepoint: 41000 ns, At safepoint: 76996200 ns, Total: 77037200 ns
[2026-08-02T23:32:48.321+0900][2.136s][info ][gc,start       ] GC(34) Pause Young (Normal) (G1 Evacuation Pause)
[2026-08-02T23:32:48.321+0900][2.136s][debug][gc,heap        ] GC(34) Heap before GC invocations=34 (full 30):
[2026-08-02T23:32:48.321+0900][2.136s][debug][gc,heap        ] GC(34)  garbage-first heap   total 327680K, used 118937K [0x000001f4bc000000, 0x0000022bbc000000)
[2026-08-02T23:32:48.321+0900][2.136s][debug][gc,heap        ] GC(34)   region size 32768K, 1 young (32768K), 0 survivors (0K)
[2026-08-02T23:32:48.321+0900][2.136s][debug][gc,heap        ] GC(34)  Metaspace       used 9684K, committed 9984K, reserved 1114112K
[2026-08-02T23:32:48.322+0900][2.136s][debug][gc,heap        ] GC(34)   class space    used 902K, committed 1024K, reserved 1048576K
[2026-08-02T23:32:48.322+0900][2.136s][info ][gc,task        ] GC(34) Using 7 workers of 18 for evacuation
[2026-08-02T23:32:48.328+0900][2.143s][info ][gc,phases      ] GC(34)   Pre Evacuate Collection Set: 0.1ms
[2026-08-02T23:32:48.328+0900][2.143s][info ][gc,phases      ] GC(34)   Merge Heap Roots: 0.2ms
[2026-08-02T23:32:48.328+0900][2.143s][info ][gc,phases      ] GC(34)   Evacuate Collection Set: 5.5ms
[2026-08-02T23:32:48.328+0900][2.143s][info ][gc,phases      ] GC(34)   Post Evacuate Collection Set: 0.3ms
[2026-08-02T23:32:48.328+0900][2.143s][info ][gc,phases      ] GC(34)   Other: 0.1ms
[2026-08-02T23:32:48.328+0900][2.143s][info ][gc,heap        ] GC(34) Eden regions: 1->0(1)
[2026-08-02T23:32:48.328+0900][2.143s][info ][gc,heap        ] GC(34) Survivor regions: 0->1(1)
[2026-08-02T23:32:48.328+0900][2.143s][info ][gc,heap        ] GC(34) Old regions: 3->3
[2026-08-02T23:32:48.328+0900][2.143s][info ][gc,heap        ] GC(34) Archive regions: 0->0
[2026-08-02T23:32:48.328+0900][2.143s][info ][gc,heap        ] GC(34) Humongous regions: 0->0
[2026-08-02T23:32:48.328+0900][2.143s][info ][gc,metaspace   ] GC(34) Metaspace: 9684K(9984K)->9684K(9984K) NonClass: 8782K(8960K)->8782K(8960K) Class: 902K(1024K)->902K(1024K)
[2026-08-02T23:32:48.328+0900][2.143s][debug][gc,heap        ] GC(34) Heap after GC invocations=35 (full 30):
[2026-08-02T23:32:48.328+0900][2.143s][debug][gc,heap        ] GC(34)  garbage-first heap   total 327680K, used 104064K [0x000001f4bc000000, 0x0000022bbc000000)
[2026-08-02T23:32:48.328+0900][2.143s][debug][gc,heap        ] GC(34)   region size 32768K, 1 young (32768K), 1 survivors (32768K)
[2026-08-02T23:32:48.328+0900][2.143s][debug][gc,heap        ] GC(34)  Metaspace       used 9684K, committed 9984K, reserved 1114112K
[2026-08-02T23:32:48.328+0900][2.143s][debug][gc,heap        ] GC(34)   class space    used 902K, committed 1024K, reserved 1048576K
[2026-08-02T23:32:48.328+0900][2.143s][info ][gc             ] GC(34) Pause Young (Normal) (G1 Evacuation Pause) 116M->101M(320M) 6.476ms
[2026-08-02T23:32:48.328+0900][2.143s][info ][gc,cpu         ] GC(34) User=0.11s Sys=0.00s Real=0.01s
[2026-08-02T23:32:48.328+0900][2.143s][info ][safepoint      ] Safepoint "G1CollectForAllocation", Time since last: 34618200 ns, Reaching safepoint: 75500 ns, At safepoint: 6529100 ns, Total: 6604600 ns
[2026-08-02T23:32:48.379+0900][2.194s][info ][gc,start       ] GC(35) Pause Young (Normal) (G1 Evacuation Pause)
[2026-08-02T23:32:48.379+0900][2.194s][debug][gc,heap        ] GC(35) Heap before GC invocations=35 (full 30):
[2026-08-02T23:32:48.379+0900][2.194s][debug][gc,heap        ] GC(35)  garbage-first heap   total 327680K, used 136832K [0x000001f4bc000000, 0x0000022bbc000000)
[2026-08-02T23:32:48.379+0900][2.194s][debug][gc,heap        ] GC(35)   region size 32768K, 2 young (65536K), 1 survivors (32768K)
[2026-08-02T23:32:48.379+0900][2.194s][debug][gc,heap        ] GC(35)  Metaspace       used 9795K, committed 10048K, reserved 1114112K
[2026-08-02T23:32:48.379+0900][2.194s][debug][gc,heap        ] GC(35)   class space    used 915K, committed 1024K, reserved 1048576K
[2026-08-02T23:32:48.379+0900][2.194s][info ][gc,task        ] GC(35) Using 7 workers of 18 for evacuation
[2026-08-02T23:32:48.389+0900][2.204s][info ][gc,phases      ] GC(35)   Pre Evacuate Collection Set: 0.1ms
[2026-08-02T23:32:48.389+0900][2.204s][info ][gc,phases      ] GC(35)   Merge Heap Roots: 0.1ms
[2026-08-02T23:32:48.389+0900][2.204s][info ][gc,phases      ] GC(35)   Evacuate Collection Set: 8.9ms
[2026-08-02T23:32:48.389+0900][2.204s][info ][gc,phases      ] GC(35)   Post Evacuate Collection Set: 0.3ms
[2026-08-02T23:32:48.389+0900][2.204s][info ][gc,phases      ] GC(35)   Other: 0.1ms
[2026-08-02T23:32:48.389+0900][2.204s][info ][gc,heap        ] GC(35) Eden regions: 1->0(1)
[2026-08-02T23:32:48.389+0900][2.204s][info ][gc,heap        ] GC(35) Survivor regions: 1->1(1)
[2026-08-02T23:32:48.389+0900][2.204s][info ][gc,heap        ] GC(35) Old regions: 3->3
[2026-08-02T23:32:48.389+0900][2.204s][info ][gc,heap        ] GC(35) Archive regions: 0->0
[2026-08-02T23:32:48.389+0900][2.204s][info ][gc,heap        ] GC(35) Humongous regions: 0->0
[2026-08-02T23:32:48.389+0900][2.204s][info ][gc,metaspace   ] GC(35) Metaspace: 9795K(10048K)->9795K(10048K) NonClass: 8880K(9024K)->8880K(9024K) Class: 915K(1024K)->915K(1024K)
[2026-08-02T23:32:48.389+0900][2.204s][debug][gc,heap        ] GC(35) Heap after GC invocations=36 (full 30):
[2026-08-02T23:32:48.389+0900][2.204s][debug][gc,heap        ] GC(35)  garbage-first heap   total 327680K, used 116326K [0x000001f4bc000000, 0x0000022bbc000000)
[2026-08-02T23:32:48.389+0900][2.204s][debug][gc,heap        ] GC(35)   region size 32768K, 1 young (32768K), 1 survivors (32768K)
[2026-08-02T23:32:48.389+0900][2.204s][debug][gc,heap        ] GC(35)  Metaspace       used 9795K, committed 10048K, reserved 1114112K
[2026-08-02T23:32:48.389+0900][2.204s][debug][gc,heap        ] GC(35)   class space    used 915K, committed 1024K, reserved 1048576K
[2026-08-02T23:32:48.389+0900][2.204s][info ][gc             ] GC(35) Pause Young (Normal) (G1 Evacuation Pause) 133M->113M(320M) 9.780ms
[2026-08-02T23:32:48.389+0900][2.204s][info ][gc,cpu         ] GC(35) User=0.09s Sys=0.02s Real=0.01s
[2026-08-02T23:32:48.389+0900][2.204s][info ][safepoint      ] Safepoint "G1CollectForAllocation", Time since last: 51359000 ns, Reaching safepoint: 100900 ns, At safepoint: 9837100 ns, Total: 9938000 ns
[2026-08-02T23:32:48.486+0900][2.300s][debug][gc,heap        ] Concurrent Uncommit Summary: 800M, 25 regions, 8.511ms
[2026-08-02T23:32:48.500+0900][2.315s][info ][gc,start       ] GC(36) Pause Young (Normal) (G1 Evacuation Pause)
[2026-08-02T23:32:48.500+0900][2.315s][debug][gc,heap        ] GC(36) Heap before GC invocations=36 (full 30):
[2026-08-02T23:32:48.500+0900][2.315s][debug][gc,heap        ] GC(36)  garbage-first heap   total 327680K, used 149094K [0x000001f4bc000000, 0x0000022bbc000000)
[2026-08-02T23:32:48.500+0900][2.315s][debug][gc,heap        ] GC(36)   region size 32768K, 2 young (65536K), 1 survivors (32768K)
[2026-08-02T23:32:48.500+0900][2.315s][debug][gc,heap        ] GC(36)  Metaspace       used 10381K, committed 10752K, reserved 1114112K
[2026-08-02T23:32:48.500+0900][2.315s][debug][gc,heap        ] GC(36)   class space    used 959K, committed 1152K, reserved 1048576K
[2026-08-02T23:32:48.500+0900][2.315s][info ][gc,task        ] GC(36) Using 7 workers of 18 for evacuation
[2026-08-02T23:32:48.507+0900][2.323s][info ][gc,phases      ] GC(36)   Pre Evacuate Collection Set: 0.1ms
[2026-08-02T23:32:48.507+0900][2.323s][info ][gc,phases      ] GC(36)   Merge Heap Roots: 0.1ms
[2026-08-02T23:32:48.507+0900][2.323s][info ][gc,phases      ] GC(36)   Evacuate Collection Set: 7.0ms
[2026-08-02T23:32:48.507+0900][2.323s][info ][gc,phases      ] GC(36)   Post Evacuate Collection Set: 0.4ms
[2026-08-02T23:32:48.507+0900][2.323s][info ][gc,phases      ] GC(36)   Other: 0.1ms
[2026-08-02T23:32:48.507+0900][2.323s][info ][gc,heap        ] GC(36) Eden regions: 1->0(1)
[2026-08-02T23:32:48.507+0900][2.323s][info ][gc,heap        ] GC(36) Survivor regions: 1->1(1)
[2026-08-02T23:32:48.507+0900][2.323s][info ][gc,heap        ] GC(36) Old regions: 3->4
[2026-08-02T23:32:48.507+0900][2.323s][info ][gc,heap        ] GC(36) Archive regions: 0->0
[2026-08-02T23:32:48.507+0900][2.323s][info ][gc,heap        ] GC(36) Humongous regions: 0->0
[2026-08-02T23:32:48.507+0900][2.323s][info ][gc,metaspace   ] GC(36) Metaspace: 10381K(10752K)->10381K(10752K) NonClass: 9421K(9600K)->9421K(9600K) Class: 959K(1152K)->959K(1152K)
[2026-08-02T23:32:48.507+0900][2.323s][debug][gc,heap        ] GC(36) Heap after GC invocations=37 (full 30):
[2026-08-02T23:32:48.507+0900][2.323s][debug][gc,heap        ] GC(36)  garbage-first heap   total 327680K, used 124677K [0x000001f4bc000000, 0x0000022bbc000000)
[2026-08-02T23:32:48.507+0900][2.323s][debug][gc,heap        ] GC(36)   region size 32768K, 1 young (32768K), 1 survivors (32768K)
[2026-08-02T23:32:48.507+0900][2.323s][debug][gc,heap        ] GC(36)  Metaspace       used 10381K, committed 10752K, reserved 1114112K
[2026-08-02T23:32:48.507+0900][2.323s][debug][gc,heap        ] GC(36)   class space    used 959K, committed 1152K, reserved 1048576K
[2026-08-02T23:32:48.507+0900][2.323s][info ][gc             ] GC(36) Pause Young (Normal) (G1 Evacuation Pause) 145M->121M(320M) 7.939ms
[2026-08-02T23:32:48.507+0900][2.323s][info ][gc,cpu         ] GC(36) User=0.00s Sys=0.00s Real=0.01s
[2026-08-02T23:32:48.508+0900][2.323s][info ][safepoint      ] Safepoint "G1CollectForAllocation", Time since last: 110828400 ns, Reaching safepoint: 127300 ns, At safepoint: 7994400 ns, Total: 8121700 ns
[2026-08-02T23:32:48.549+0900][2.364s][info ][gc,start       ] GC(37) Pause Young (Normal) (G1 Evacuation Pause)
[2026-08-02T23:32:48.549+0900][2.364s][debug][gc,heap        ] GC(37) Heap before GC invocations=37 (full 30):
[2026-08-02T23:32:48.549+0900][2.364s][debug][gc,heap        ] GC(37)  garbage-first heap   total 327680K, used 157445K [0x000001f4bc000000, 0x0000022bbc000000)
[2026-08-02T23:32:48.549+0900][2.364s][debug][gc,heap        ] GC(37)   region size 32768K, 2 young (65536K), 1 survivors (32768K)
[2026-08-02T23:32:48.549+0900][2.364s][debug][gc,heap        ] GC(37)  Metaspace       used 10388K, committed 10752K, reserved 1114112K
[2026-08-02T23:32:48.549+0900][2.364s][debug][gc,heap        ] GC(37)   class space    used 959K, committed 1152K, reserved 1048576K
[2026-08-02T23:32:48.549+0900][2.364s][info ][gc,task        ] GC(37) Using 7 workers of 18 for evacuation
[2026-08-02T23:32:48.560+0900][2.375s][info ][gc,phases      ] GC(37)   Pre Evacuate Collection Set: 0.1ms
[2026-08-02T23:32:48.560+0900][2.375s][info ][gc,phases      ] GC(37)   Merge Heap Roots: 0.2ms
[2026-08-02T23:32:48.560+0900][2.375s][info ][gc,phases      ] GC(37)   Evacuate Collection Set: 8.5ms
[2026-08-02T23:32:48.560+0900][2.375s][info ][gc,phases      ] GC(37)   Post Evacuate Collection Set: 2.0ms
[2026-08-02T23:32:48.560+0900][2.375s][info ][gc,phases      ] GC(37)   Other: 0.1ms
[2026-08-02T23:32:48.560+0900][2.375s][info ][gc,heap        ] GC(37) Eden regions: 1->0(4)
[2026-08-02T23:32:48.560+0900][2.375s][info ][gc,heap        ] GC(37) Survivor regions: 1->1(1)
[2026-08-02T23:32:48.560+0900][2.375s][info ][gc,heap        ] GC(37) Old regions: 4->4
[2026-08-02T23:32:48.560+0900][2.375s][info ][gc,heap        ] GC(37) Archive regions: 0->0
[2026-08-02T23:32:48.560+0900][2.375s][info ][gc,heap        ] GC(37) Humongous regions: 0->0
[2026-08-02T23:32:48.560+0900][2.375s][info ][gc,metaspace   ] GC(37) Metaspace: 10388K(10752K)->10388K(10752K) NonClass: 9428K(9600K)->9428K(9600K) Class: 959K(1152K)->959K(1152K)
[2026-08-02T23:32:48.560+0900][2.375s][debug][gc,heap        ] GC(37) Heap after GC invocations=38 (full 30):
[2026-08-02T23:32:48.560+0900][2.375s][debug][gc,heap        ] GC(37)  garbage-first heap   total 1212416K, used 140903K [0x000001f4bc000000, 0x0000022bbc000000)
[2026-08-02T23:32:48.560+0900][2.375s][debug][gc,heap        ] GC(37)   region size 32768K, 1 young (32768K), 1 survivors (32768K)
[2026-08-02T23:32:48.560+0900][2.375s][debug][gc,heap        ] GC(37)  Metaspace       used 10388K, committed 10752K, reserved 1114112K
[2026-08-02T23:32:48.560+0900][2.375s][debug][gc,heap        ] GC(37)   class space    used 959K, committed 1152K, reserved 1048576K
[2026-08-02T23:32:48.560+0900][2.375s][info ][gc             ] GC(37) Pause Young (Normal) (G1 Evacuation Pause) 153M->137M(1184M) 11.202ms
[2026-08-02T23:32:48.560+0900][2.375s][info ][gc,cpu         ] GC(37) User=0.02s Sys=0.02s Real=0.01s
[2026-08-02T23:32:48.560+0900][2.375s][info ][safepoint      ] Safepoint "G1CollectForAllocation", Time since last: 40803100 ns, Reaching safepoint: 87400 ns, At safepoint: 11410800 ns, Total: 11498200 ns
[2026-08-02T23:32:48.679+0900][2.493s][info ][gc,start       ] GC(38) Pause Full (System.gc())
[2026-08-02T23:32:48.679+0900][2.494s][debug][gc,heap        ] GC(38) Heap before GC invocations=38 (full 30):
[2026-08-02T23:32:48.679+0900][2.494s][debug][gc,heap        ] GC(38)  garbage-first heap   total 1212416K, used 173671K [0x000001f4bc000000, 0x0000022bbc000000)
[2026-08-02T23:32:48.679+0900][2.494s][debug][gc,heap        ] GC(38)   region size 32768K, 3 young (98304K), 1 survivors (32768K)
[2026-08-02T23:32:48.679+0900][2.494s][debug][gc,heap        ] GC(38)  Metaspace       used 10443K, committed 10816K, reserved 1114112K
[2026-08-02T23:32:48.679+0900][2.494s][debug][gc,heap        ] GC(38)   class space    used 964K, committed 1152K, reserved 1048576K
[2026-08-02T23:32:48.679+0900][2.494s][info ][gc,task        ] GC(38) Using 2 workers of 18 for full compaction
[2026-08-02T23:32:48.679+0900][2.494s][info ][gc,phases,start] GC(38) Phase 1: Mark live objects
[2026-08-02T23:32:48.752+0900][2.568s][info ][gc,phases      ] GC(38) Phase 1: Mark live objects 73.827ms
[2026-08-02T23:32:48.752+0900][2.568s][info ][gc,phases,start] GC(38) Phase 2: Prepare for compaction
[2026-08-02T23:32:48.760+0900][2.575s][info ][gc,phases      ] GC(38) Phase 2: Prepare for compaction 7.388ms
[2026-08-02T23:32:48.760+0900][2.575s][info ][gc,phases,start] GC(38) Phase 3: Adjust pointers
[2026-08-02T23:32:48.783+0900][2.598s][info ][gc,phases      ] GC(38) Phase 3: Adjust pointers 23.216ms
[2026-08-02T23:32:48.783+0900][2.598s][info ][gc,phases,start] GC(38) Phase 4: Compact heap
[2026-08-02T23:32:48.791+0900][2.606s][info ][gc,phases      ] GC(38) Phase 4: Compact heap 7.735ms
[2026-08-02T23:32:48.795+0900][2.610s][debug][gc,heap        ] GC(38) Uncommittable regions after shrink: 27
[2026-08-02T23:32:48.797+0900][2.612s][info ][gc,heap        ] GC(38) Eden regions: 2->0(2)
[2026-08-02T23:32:48.797+0900][2.612s][info ][gc,heap        ] GC(38) Survivor regions: 1->0(1)
[2026-08-02T23:32:48.797+0900][2.612s][info ][gc,heap        ] GC(38) Old regions: 4->3
[2026-08-02T23:32:48.797+0900][2.612s][info ][gc,heap        ] GC(38) Archive regions: 0->0
[2026-08-02T23:32:48.797+0900][2.612s][info ][gc,heap        ] GC(38) Humongous regions: 0->0
[2026-08-02T23:32:48.797+0900][2.612s][info ][gc,metaspace   ] GC(38) Metaspace: 10443K(10816K)->10443K(10816K) NonClass: 9479K(9664K)->9479K(9664K) Class: 964K(1152K)->964K(1152K)
[2026-08-02T23:32:48.797+0900][2.612s][debug][gc,heap        ] GC(38) Heap after GC invocations=39 (full 31):
[2026-08-02T23:32:48.797+0900][2.612s][debug][gc,heap        ] GC(38)  garbage-first heap   total 327680K, used 88801K [0x000001f4bc000000, 0x0000022bbc000000)
[2026-08-02T23:32:48.797+0900][2.612s][debug][gc,heap        ] GC(38)   region size 32768K, 0 young (0K), 0 survivors (0K)
[2026-08-02T23:32:48.797+0900][2.612s][debug][gc,heap        ] GC(38)  Metaspace       used 10443K, committed 10816K, reserved 1114112K
[2026-08-02T23:32:48.797+0900][2.612s][debug][gc,heap        ] GC(38)   class space    used 964K, committed 1152K, reserved 1048576K
[2026-08-02T23:32:48.797+0900][2.612s][info ][gc             ] GC(38) Pause Full (System.gc()) 198M->86M(320M) 118.928ms
[2026-08-02T23:32:48.797+0900][2.612s][info ][gc,cpu         ] GC(38) User=0.22s Sys=0.16s Real=0.12s
[2026-08-02T23:32:48.797+0900][2.612s][info ][safepoint      ] Safepoint "G1CollectFull", Time since last: 118018600 ns, Reaching safepoint: 46200 ns, At safepoint: 119005100 ns, Total: 119051300 ns
[2026-08-02T23:32:48.822+0900][2.638s][info ][gc,start       ] GC(39) Pause Full (System.gc())
[2026-08-02T23:32:48.822+0900][2.638s][debug][gc,heap        ] GC(39) Heap before GC invocations=39 (full 31):
[2026-08-02T23:32:48.822+0900][2.638s][debug][gc,heap        ] GC(39)  garbage-first heap   total 327680K, used 88801K [0x000001f4bc000000, 0x0000022bbc000000)
[2026-08-02T23:32:48.822+0900][2.638s][debug][gc,heap        ] GC(39)   region size 32768K, 1 young (32768K), 0 survivors (0K)
[2026-08-02T23:32:48.822+0900][2.638s][debug][gc,heap        ] GC(39)  Metaspace       used 10443K, committed 10816K, reserved 1114112K
[2026-08-02T23:32:48.822+0900][2.638s][debug][gc,heap        ] GC(39)   class space    used 964K, committed 1152K, reserved 1048576K
[2026-08-02T23:32:48.822+0900][2.638s][info ][gc,task        ] GC(39) Using 1 workers of 18 for full compaction
[2026-08-02T23:32:48.822+0900][2.638s][info ][gc,phases,start] GC(39) Phase 1: Mark live objects
[2026-08-02T23:32:48.877+0900][2.692s][info ][gc,phases      ] GC(39) Phase 1: Mark live objects 53.620ms
[2026-08-02T23:32:48.877+0900][2.692s][info ][gc,phases,start] GC(39) Phase 2: Prepare for compaction
[2026-08-02T23:32:48.891+0900][2.706s][info ][gc,phases      ] GC(39) Phase 2: Prepare for compaction 13.890ms
[2026-08-02T23:32:48.891+0900][2.706s][info ][gc,phases,start] GC(39) Phase 3: Adjust pointers
[2026-08-02T23:32:48.920+0900][2.735s][info ][gc,phases      ] GC(39) Phase 3: Adjust pointers 28.950ms
[2026-08-02T23:32:48.920+0900][2.735s][info ][gc,phases,start] GC(39) Phase 4: Compact heap
[2026-08-02T23:32:48.935+0900][2.750s][info ][gc,phases      ] GC(39) Phase 4: Compact heap 14.948ms
[2026-08-02T23:32:48.936+0900][2.751s][debug][gc,heap        ] GC(39) Uncommittable regions after shrink: 3
[2026-08-02T23:32:48.938+0900][2.753s][info ][gc,heap        ] GC(39) Eden regions: 1->0(1)
[2026-08-02T23:32:48.938+0900][2.753s][info ][gc,heap        ] GC(39) Survivor regions: 0->0(1)
[2026-08-02T23:32:48.938+0900][2.753s][info ][gc,heap        ] GC(39) Old regions: 3->2
[2026-08-02T23:32:48.938+0900][2.753s][info ][gc,heap        ] GC(39) Archive regions: 0->0
[2026-08-02T23:32:48.938+0900][2.753s][info ][gc,heap        ] GC(39) Humongous regions: 0->0
[2026-08-02T23:32:48.938+0900][2.753s][info ][gc,metaspace   ] GC(39) Metaspace: 10443K(10816K)->10443K(10816K) NonClass: 9479K(9664K)->9479K(9664K) Class: 964K(1152K)->964K(1152K)
[2026-08-02T23:32:48.938+0900][2.753s][debug][gc,heap        ] GC(39) Heap after GC invocations=40 (full 32):
[2026-08-02T23:32:48.938+0900][2.753s][debug][gc,heap        ] GC(39)  garbage-first heap   total 229376K, used 51290K [0x000001f4bc000000, 0x0000022bbc000000)
[2026-08-02T23:32:48.938+0900][2.753s][debug][gc,heap        ] GC(39)   region size 32768K, 0 young (0K), 0 survivors (0K)
[2026-08-02T23:32:48.938+0900][2.753s][debug][gc,heap        ] GC(39)  Metaspace       used 10443K, committed 10816K, reserved 1114112K
[2026-08-02T23:32:48.938+0900][2.753s][debug][gc,heap        ] GC(39)   class space    used 964K, committed 1152K, reserved 1048576K
[2026-08-02T23:32:48.938+0900][2.753s][info ][gc             ] GC(39) Pause Full (System.gc()) 100M->50M(224M) 115.298ms
[2026-08-02T23:32:48.938+0900][2.753s][info ][gc,cpu         ] GC(39) User=0.14s Sys=0.00s Real=0.12s
[2026-08-02T23:32:48.938+0900][2.753s][info ][safepoint      ] Safepoint "G1CollectFull", Time since last: 25114800 ns, Reaching safepoint: 76800 ns, At safepoint: 115415400 ns, Total: 115492200 ns
[2026-08-02T23:32:48.982+0900][2.798s][info ][gc,start       ] GC(40) Pause Young (Normal) (G1 Evacuation Pause)
[2026-08-02T23:32:48.982+0900][2.798s][debug][gc,heap        ] GC(40) Heap before GC invocations=40 (full 32):
[2026-08-02T23:32:48.982+0900][2.798s][debug][gc,heap        ] GC(40)  garbage-first heap   total 229376K, used 84058K [0x000001f4bc000000, 0x0000022bbc000000)
[2026-08-02T23:32:48.982+0900][2.798s][debug][gc,heap        ] GC(40)   region size 32768K, 1 young (32768K), 0 survivors (0K)
[2026-08-02T23:32:48.982+0900][2.798s][debug][gc,heap        ] GC(40)  Metaspace       used 10626K, committed 10944K, reserved 1114112K
[2026-08-02T23:32:48.982+0900][2.798s][debug][gc,heap        ] GC(40)   class space    used 988K, committed 1152K, reserved 1048576K
[2026-08-02T23:32:48.982+0900][2.798s][info ][gc,task        ] GC(40) Using 5 workers of 18 for evacuation
[2026-08-02T23:32:48.990+0900][2.805s][info ][gc,phases      ] GC(40)   Pre Evacuate Collection Set: 0.1ms
[2026-08-02T23:32:48.990+0900][2.805s][info ][gc,phases      ] GC(40)   Merge Heap Roots: 0.2ms
[2026-08-02T23:32:48.990+0900][2.805s][info ][gc,phases      ] GC(40)   Evacuate Collection Set: 7.0ms
[2026-08-02T23:32:48.990+0900][2.805s][info ][gc,phases      ] GC(40)   Post Evacuate Collection Set: 0.2ms
[2026-08-02T23:32:48.990+0900][2.805s][info ][gc,phases      ] GC(40)   Other: 0.1ms
[2026-08-02T23:32:48.990+0900][2.805s][info ][gc,heap        ] GC(40) Eden regions: 1->0(1)
[2026-08-02T23:32:48.990+0900][2.805s][info ][gc,heap        ] GC(40) Survivor regions: 0->1(1)
[2026-08-02T23:32:48.990+0900][2.805s][info ][gc,heap        ] GC(40) Old regions: 2->2
[2026-08-02T23:32:48.990+0900][2.805s][info ][gc,heap        ] GC(40) Archive regions: 0->0
[2026-08-02T23:32:48.990+0900][2.805s][info ][gc,heap        ] GC(40) Humongous regions: 0->0
[2026-08-02T23:32:48.990+0900][2.805s][info ][gc,metaspace   ] GC(40) Metaspace: 10626K(10944K)->10626K(10944K) NonClass: 9637K(9792K)->9637K(9792K) Class: 988K(1152K)->988K(1152K)
[2026-08-02T23:32:48.990+0900][2.805s][debug][gc,heap        ] GC(40) Heap after GC invocations=41 (full 32):
[2026-08-02T23:32:48.990+0900][2.805s][debug][gc,heap        ] GC(40)  garbage-first heap   total 229376K, used 66062K [0x000001f4bc000000, 0x0000022bbc000000)
[2026-08-02T23:32:48.990+0900][2.805s][debug][gc,heap        ] GC(40)   region size 32768K, 1 young (32768K), 1 survivors (32768K)
[2026-08-02T23:32:48.990+0900][2.805s][debug][gc,heap        ] GC(40)  Metaspace       used 10626K, committed 10944K, reserved 1114112K
[2026-08-02T23:32:48.990+0900][2.805s][debug][gc,heap        ] GC(40)   class space    used 988K, committed 1152K, reserved 1048576K
[2026-08-02T23:32:48.990+0900][2.806s][info ][gc             ] GC(40) Pause Young (Normal) (G1 Evacuation Pause) 82M->64M(224M) 7.995ms
[2026-08-02T23:32:48.991+0900][2.806s][info ][gc,cpu         ] GC(40) User=0.00s Sys=0.00s Real=0.01s
[2026-08-02T23:32:48.991+0900][2.806s][info ][safepoint      ] Safepoint "G1CollectForAllocation", Time since last: 44319500 ns, Reaching safepoint: 112000 ns, At safepoint: 8054700 ns, Total: 8166700 ns
[2026-08-02T23:32:49.028+0900][2.843s][info ][gc,start       ] GC(41) Pause Young (Normal) (G1 Evacuation Pause)
[2026-08-02T23:32:49.028+0900][2.843s][debug][gc,heap        ] GC(41) Heap before GC invocations=41 (full 32):
[2026-08-02T23:32:49.028+0900][2.843s][debug][gc,heap        ] GC(41)  garbage-first heap   total 229376K, used 98830K [0x000001f4bc000000, 0x0000022bbc000000)
[2026-08-02T23:32:49.028+0900][2.843s][debug][gc,heap        ] GC(41)   region size 32768K, 2 young (65536K), 1 survivors (32768K)
[2026-08-02T23:32:49.028+0900][2.843s][debug][gc,heap        ] GC(41)  Metaspace       used 10626K, committed 10944K, reserved 1114112K
[2026-08-02T23:32:49.028+0900][2.843s][debug][gc,heap        ] GC(41)   class space    used 988K, committed 1152K, reserved 1048576K
[2026-08-02T23:32:49.028+0900][2.843s][info ][gc,task        ] GC(41) Using 5 workers of 18 for evacuation
[2026-08-02T23:32:49.040+0900][2.855s][info ][gc,phases      ] GC(41)   Pre Evacuate Collection Set: 0.1ms
[2026-08-02T23:32:49.040+0900][2.855s][info ][gc,phases      ] GC(41)   Merge Heap Roots: 0.2ms
[2026-08-02T23:32:49.040+0900][2.855s][info ][gc,phases      ] GC(41)   Evacuate Collection Set: 11.4ms
[2026-08-02T23:32:49.040+0900][2.855s][info ][gc,phases      ] GC(41)   Post Evacuate Collection Set: 0.3ms
[2026-08-02T23:32:49.040+0900][2.855s][info ][gc,phases      ] GC(41)   Other: 0.1ms
[2026-08-02T23:32:49.040+0900][2.855s][info ][gc,heap        ] GC(41) Eden regions: 1->0(1)
[2026-08-02T23:32:49.040+0900][2.855s][info ][gc,heap        ] GC(41) Survivor regions: 1->1(1)
[2026-08-02T23:32:49.040+0900][2.855s][info ][gc,heap        ] GC(41) Old regions: 2->2
[2026-08-02T23:32:49.040+0900][2.855s][info ][gc,heap        ] GC(41) Archive regions: 0->0
[2026-08-02T23:32:49.040+0900][2.855s][info ][gc,heap        ] GC(41) Humongous regions: 0->0
[2026-08-02T23:32:49.040+0900][2.855s][info ][gc,metaspace   ] GC(41) Metaspace: 10626K(10944K)->10626K(10944K) NonClass: 9637K(9792K)->9637K(9792K) Class: 988K(1152K)->988K(1152K)
[2026-08-02T23:32:49.040+0900][2.855s][debug][gc,heap        ] GC(41) Heap after GC invocations=42 (full 32):
[2026-08-02T23:32:49.040+0900][2.855s][debug][gc,heap        ] GC(41)  garbage-first heap   total 229376K, used 80716K [0x000001f4bc000000, 0x0000022bbc000000)
[2026-08-02T23:32:49.040+0900][2.855s][debug][gc,heap        ] GC(41)   region size 32768K, 1 young (32768K), 1 survivors (32768K)
[2026-08-02T23:32:49.040+0900][2.855s][debug][gc,heap        ] GC(41)  Metaspace       used 10626K, committed 10944K, reserved 1114112K
[2026-08-02T23:32:49.040+0900][2.855s][debug][gc,heap        ] GC(41)   class space    used 988K, committed 1152K, reserved 1048576K
[2026-08-02T23:32:49.040+0900][2.855s][info ][gc             ] GC(41) Pause Young (Normal) (G1 Evacuation Pause) 96M->78M(224M) 12.390ms
[2026-08-02T23:32:49.040+0900][2.855s][info ][gc,cpu         ] GC(41) User=0.00s Sys=0.00s Real=0.01s
[2026-08-02T23:32:49.040+0900][2.855s][info ][safepoint      ] Safepoint "G1CollectForAllocation", Time since last: 37093500 ns, Reaching safepoint: 98200 ns, At safepoint: 12450700 ns, Total: 12548900 ns
[2026-08-02T23:32:49.068+0900][2.883s][info ][gc,start       ] GC(42) Pause Young (Normal) (G1 Evacuation Pause)
[2026-08-02T23:32:49.068+0900][2.883s][debug][gc,heap        ] GC(42) Heap before GC invocations=42 (full 32):
[2026-08-02T23:32:49.068+0900][2.883s][debug][gc,heap        ] GC(42)  garbage-first heap   total 229376K, used 113484K [0x000001f4bc000000, 0x0000022bbc000000)
[2026-08-02T23:32:49.068+0900][2.883s][debug][gc,heap        ] GC(42)   region size 32768K, 2 young (65536K), 1 survivors (32768K)
[2026-08-02T23:32:49.068+0900][2.883s][debug][gc,heap        ] GC(42)  Metaspace       used 10626K, committed 10944K, reserved 1114112K
[2026-08-02T23:32:49.068+0900][2.883s][debug][gc,heap        ] GC(42)   class space    used 988K, committed 1152K, reserved 1048576K
[2026-08-02T23:32:49.068+0900][2.883s][info ][gc,task        ] GC(42) Using 5 workers of 18 for evacuation
[2026-08-02T23:32:49.087+0900][2.902s][info ][gc,phases      ] GC(42)   Pre Evacuate Collection Set: 0.1ms
[2026-08-02T23:32:49.087+0900][2.902s][info ][gc,phases      ] GC(42)   Merge Heap Roots: 0.2ms
[2026-08-02T23:32:49.087+0900][2.902s][info ][gc,phases      ] GC(42)   Evacuate Collection Set: 18.1ms
[2026-08-02T23:32:49.087+0900][2.902s][info ][gc,phases      ] GC(42)   Post Evacuate Collection Set: 0.2ms
[2026-08-02T23:32:49.087+0900][2.902s][info ][gc,phases      ] GC(42)   Other: 0.1ms
[2026-08-02T23:32:49.087+0900][2.902s][info ][gc,heap        ] GC(42) Eden regions: 1->0(1)
[2026-08-02T23:32:49.087+0900][2.902s][info ][gc,heap        ] GC(42) Survivor regions: 1->1(1)
[2026-08-02T23:32:49.087+0900][2.902s][info ][gc,heap        ] GC(42) Old regions: 2->3
[2026-08-02T23:32:49.087+0900][2.902s][info ][gc,heap        ] GC(42) Archive regions: 0->0
[2026-08-02T23:32:49.087+0900][2.902s][info ][gc,heap        ] GC(42) Humongous regions: 0->0
[2026-08-02T23:32:49.087+0900][2.902s][info ][gc,metaspace   ] GC(42) Metaspace: 10626K(10944K)->10626K(10944K) NonClass: 9637K(9792K)->9637K(9792K) Class: 988K(1152K)->988K(1152K)
[2026-08-02T23:32:49.087+0900][2.902s][debug][gc,heap        ] GC(42) Heap after GC invocations=43 (full 32):
[2026-08-02T23:32:49.087+0900][2.902s][debug][gc,heap        ] GC(42)  garbage-first heap   total 229376K, used 98298K [0x000001f4bc000000, 0x0000022bbc000000)
[2026-08-02T23:32:49.087+0900][2.902s][debug][gc,heap        ] GC(42)   region size 32768K, 1 young (32768K), 1 survivors (32768K)
[2026-08-02T23:32:49.087+0900][2.902s][debug][gc,heap        ] GC(42)  Metaspace       used 10626K, committed 10944K, reserved 1114112K
[2026-08-02T23:32:49.087+0900][2.902s][debug][gc,heap        ] GC(42)   class space    used 988K, committed 1152K, reserved 1048576K
[2026-08-02T23:32:49.087+0900][2.902s][info ][gc             ] GC(42) Pause Young (Normal) (G1 Evacuation Pause) 110M->95M(224M) 19.151ms
[2026-08-02T23:32:49.087+0900][2.902s][info ][gc,cpu         ] GC(42) User=0.09s Sys=0.00s Real=0.02s
[2026-08-02T23:32:49.087+0900][2.902s][info ][safepoint      ] Safepoint "G1CollectForAllocation", Time since last: 27768800 ns, Reaching safepoint: 34500 ns, At safepoint: 19216600 ns, Total: 19251100 ns
[2026-08-02T23:32:49.092+0900][2.907s][debug][gc,heap        ] Concurrent Uncommit Summary: 960M, 30 regions, 18.287ms
[2026-08-02T23:32:49.128+0900][2.943s][info ][gc,start       ] GC(43) Pause Young (Normal) (G1 Evacuation Pause)
[2026-08-02T23:32:49.128+0900][2.943s][debug][gc,heap        ] GC(43) Heap before GC invocations=43 (full 32):
[2026-08-02T23:32:49.128+0900][2.943s][debug][gc,heap        ] GC(43)  garbage-first heap   total 229376K, used 131066K [0x000001f4bc000000, 0x0000022bbc000000)
[2026-08-02T23:32:49.128+0900][2.943s][debug][gc,heap        ] GC(43)   region size 32768K, 2 young (65536K), 1 survivors (32768K)
[2026-08-02T23:32:49.128+0900][2.943s][debug][gc,heap        ] GC(43)  Metaspace       used 10694K, committed 11008K, reserved 1114112K
[2026-08-02T23:32:49.128+0900][2.943s][debug][gc,heap        ] GC(43)   class space    used 992K, committed 1152K, reserved 1048576K
[2026-08-02T23:32:49.128+0900][2.943s][info ][gc,task        ] GC(43) Using 5 workers of 18 for evacuation
[2026-08-02T23:32:49.146+0900][2.961s][info ][gc,phases      ] GC(43)   Pre Evacuate Collection Set: 0.0ms
[2026-08-02T23:32:49.146+0900][2.961s][info ][gc,phases      ] GC(43)   Merge Heap Roots: 0.2ms
[2026-08-02T23:32:49.146+0900][2.961s][info ][gc,phases      ] GC(43)   Evacuate Collection Set: 15.8ms
[2026-08-02T23:32:49.146+0900][2.961s][info ][gc,phases      ] GC(43)   Post Evacuate Collection Set: 2.3ms
[2026-08-02T23:32:49.146+0900][2.961s][info ][gc,phases      ] GC(43)   Other: 0.1ms
[2026-08-02T23:32:49.146+0900][2.961s][info ][gc,heap        ] GC(43) Eden regions: 1->0(6)
[2026-08-02T23:32:49.146+0900][2.961s][info ][gc,heap        ] GC(43) Survivor regions: 1->1(1)
[2026-08-02T23:32:49.146+0900][2.961s][info ][gc,heap        ] GC(43) Old regions: 3->4
[2026-08-02T23:32:49.146+0900][2.962s][info ][gc,heap        ] GC(43) Archive regions: 0->0
[2026-08-02T23:32:49.146+0900][2.962s][info ][gc,heap        ] GC(43) Humongous regions: 0->0
[2026-08-02T23:32:49.146+0900][2.962s][info ][gc,metaspace   ] GC(43) Metaspace: 10694K(11008K)->10694K(11008K) NonClass: 9702K(9856K)->9702K(9856K) Class: 992K(1152K)->992K(1152K)
[2026-08-02T23:32:49.146+0900][2.962s][debug][gc,heap        ] GC(43) Heap after GC invocations=44 (full 32):
[2026-08-02T23:32:49.146+0900][2.962s][debug][gc,heap        ] GC(43)  garbage-first heap   total 1179648K, used 115336K [0x000001f4bc000000, 0x0000022bbc000000)
[2026-08-02T23:32:49.146+0900][2.962s][debug][gc,heap        ] GC(43)   region size 32768K, 1 young (32768K), 1 survivors (32768K)
[2026-08-02T23:32:49.146+0900][2.962s][debug][gc,heap        ] GC(43)  Metaspace       used 10694K, committed 11008K, reserved 1114112K
[2026-08-02T23:32:49.146+0900][2.962s][debug][gc,heap        ] GC(43)   class space    used 992K, committed 1152K, reserved 1048576K
[2026-08-02T23:32:49.146+0900][2.962s][info ][gc             ] GC(43) Pause Young (Normal) (G1 Evacuation Pause) 127M->112M(1152M) 18.752ms
[2026-08-02T23:32:49.146+0900][2.962s][info ][gc,cpu         ] GC(43) User=0.08s Sys=0.00s Real=0.02s
[2026-08-02T23:32:49.146+0900][2.962s][info ][safepoint      ] Safepoint "G1CollectForAllocation", Time since last: 40564900 ns, Reaching safepoint: 31900 ns, At safepoint: 18817000 ns, Total: 18848900 ns
[2026-08-02T23:32:49.428+0900][3.243s][info ][gc,start       ] GC(44) Pause Young (Normal) (G1 Evacuation Pause)
[2026-08-02T23:32:49.428+0900][3.243s][debug][gc,heap        ] GC(44) Heap before GC invocations=44 (full 32):
[2026-08-02T23:32:49.428+0900][3.243s][debug][gc,heap        ] GC(44)  garbage-first heap   total 1179648K, used 311944K [0x000001f4bc000000, 0x0000022bbc000000)
[2026-08-02T23:32:49.428+0900][3.243s][debug][gc,heap        ] GC(44)   region size 32768K, 7 young (229376K), 1 survivors (32768K)
[2026-08-02T23:32:49.428+0900][3.243s][debug][gc,heap        ] GC(44)  Metaspace       used 11478K, committed 11904K, reserved 1114112K
[2026-08-02T23:32:49.428+0900][3.243s][debug][gc,heap        ] GC(44)   class space    used 1058K, committed 1280K, reserved 1048576K
[2026-08-02T23:32:49.428+0900][3.243s][info ][gc,task        ] GC(44) Using 18 workers of 18 for evacuation
[2026-08-02T23:32:49.435+0900][3.250s][info ][gc,phases      ] GC(44)   Pre Evacuate Collection Set: 0.1ms
[2026-08-02T23:32:49.435+0900][3.250s][info ][gc,phases      ] GC(44)   Merge Heap Roots: 0.3ms
[2026-08-02T23:32:49.435+0900][3.250s][info ][gc,phases      ] GC(44)   Evacuate Collection Set: 6.1ms
[2026-08-02T23:32:49.435+0900][3.250s][info ][gc,phases      ] GC(44)   Post Evacuate Collection Set: 0.3ms
[2026-08-02T23:32:49.435+0900][3.250s][info ][gc,phases      ] GC(44)   Other: 0.3ms
[2026-08-02T23:32:49.435+0900][3.250s][info ][gc,heap        ] GC(44) Eden regions: 6->0(6)
[2026-08-02T23:32:49.435+0900][3.250s][info ][gc,heap        ] GC(44) Survivor regions: 1->1(1)
[2026-08-02T23:32:49.435+0900][3.250s][info ][gc,heap        ] GC(44) Old regions: 4->4
[2026-08-02T23:32:49.435+0900][3.250s][info ][gc,heap        ] GC(44) Archive regions: 0->0
[2026-08-02T23:32:49.435+0900][3.250s][info ][gc,heap        ] GC(44) Humongous regions: 0->0
[2026-08-02T23:32:49.435+0900][3.250s][info ][gc,metaspace   ] GC(44) Metaspace: 11478K(11904K)->11478K(11904K) NonClass: 10420K(10624K)->10420K(10624K) Class: 1058K(1280K)->1058K(1280K)
[2026-08-02T23:32:49.435+0900][3.250s][debug][gc,heap        ] GC(44) Heap after GC invocations=45 (full 32):
[2026-08-02T23:32:49.435+0900][3.250s][debug][gc,heap        ] GC(44)  garbage-first heap   total 1179648K, used 124889K [0x000001f4bc000000, 0x0000022bbc000000)
[2026-08-02T23:32:49.435+0900][3.250s][debug][gc,heap        ] GC(44)   region size 32768K, 1 young (32768K), 1 survivors (32768K)
[2026-08-02T23:32:49.435+0900][3.250s][debug][gc,heap        ] GC(44)  Metaspace       used 11478K, committed 11904K, reserved 1114112K
[2026-08-02T23:32:49.435+0900][3.250s][debug][gc,heap        ] GC(44)   class space    used 1058K, committed 1280K, reserved 1048576K
[2026-08-02T23:32:49.435+0900][3.250s][info ][gc             ] GC(44) Pause Young (Normal) (G1 Evacuation Pause) 304M->121M(1152M) 7.350ms
[2026-08-02T23:32:49.435+0900][3.250s][info ][gc,cpu         ] GC(44) User=0.20s Sys=0.09s Real=0.01s
[2026-08-02T23:32:49.435+0900][3.250s][info ][safepoint      ] Safepoint "G1CollectForAllocation", Time since last: 280887500 ns, Reaching safepoint: 75100 ns, At safepoint: 7399100 ns, Total: 7474200 ns
[2026-08-02T23:32:49.636+0900][3.451s][info ][gc,start       ] GC(45) Pause Young (Normal) (G1 Evacuation Pause)
[2026-08-02T23:32:49.636+0900][3.451s][debug][gc,heap        ] GC(45) Heap before GC invocations=45 (full 32):
[2026-08-02T23:32:49.636+0900][3.451s][debug][gc,heap        ] GC(45)  garbage-first heap   total 1179648K, used 321497K [0x000001f4bc000000, 0x0000022bbc000000)
[2026-08-02T23:32:49.636+0900][3.451s][debug][gc,heap        ] GC(45)   region size 32768K, 7 young (229376K), 1 survivors (32768K)
[2026-08-02T23:32:49.636+0900][3.451s][debug][gc,heap        ] GC(45)  Metaspace       used 11825K, committed 12352K, reserved 1114112K
[2026-08-02T23:32:49.636+0900][3.451s][debug][gc,heap        ] GC(45)   class space    used 1092K, committed 1344K, reserved 1048576K
[2026-08-02T23:32:49.636+0900][3.451s][info ][gc,task        ] GC(45) Using 18 workers of 18 for evacuation
[2026-08-02T23:32:49.648+0900][3.463s][info ][gc,phases      ] GC(45)   Pre Evacuate Collection Set: 0.1ms
[2026-08-02T23:32:49.648+0900][3.463s][info ][gc,phases      ] GC(45)   Merge Heap Roots: 0.3ms
[2026-08-02T23:32:49.648+0900][3.463s][info ][gc,phases      ] GC(45)   Evacuate Collection Set: 11.5ms
[2026-08-02T23:32:49.648+0900][3.463s][info ][gc,phases      ] GC(45)   Post Evacuate Collection Set: 0.3ms
[2026-08-02T23:32:49.648+0900][3.463s][info ][gc,phases      ] GC(45)   Other: 0.1ms
[2026-08-02T23:32:49.648+0900][3.463s][info ][gc,heap        ] GC(45) Eden regions: 6->0(6)
[2026-08-02T23:32:49.648+0900][3.463s][info ][gc,heap        ] GC(45) Survivor regions: 1->1(1)
[2026-08-02T23:32:49.648+0900][3.463s][info ][gc,heap        ] GC(45) Old regions: 4->5
[2026-08-02T23:32:49.648+0900][3.463s][info ][gc,heap        ] GC(45) Archive regions: 0->0
[2026-08-02T23:32:49.648+0900][3.463s][info ][gc,heap        ] GC(45) Humongous regions: 0->0
[2026-08-02T23:32:49.648+0900][3.463s][info ][gc,metaspace   ] GC(45) Metaspace: 11825K(12352K)->11825K(12352K) NonClass: 10733K(11008K)->10733K(11008K) Class: 1092K(1344K)->1092K(1344K)
[2026-08-02T23:32:49.648+0900][3.463s][debug][gc,heap        ] GC(45) Heap after GC invocations=46 (full 32):
[2026-08-02T23:32:49.648+0900][3.463s][debug][gc,heap        ] GC(45)  garbage-first heap   total 1179648K, used 176243K [0x000001f4bc000000, 0x0000022bbc000000)
[2026-08-02T23:32:49.648+0900][3.463s][debug][gc,heap        ] GC(45)   region size 32768K, 1 young (32768K), 1 survivors (32768K)
[2026-08-02T23:32:49.648+0900][3.463s][debug][gc,heap        ] GC(45)  Metaspace       used 11825K, committed 12352K, reserved 1114112K
[2026-08-02T23:32:49.648+0900][3.463s][debug][gc,heap        ] GC(45)   class space    used 1092K, committed 1344K, reserved 1048576K
[2026-08-02T23:32:49.648+0900][3.463s][info ][gc             ] GC(45) Pause Young (Normal) (G1 Evacuation Pause) 313M->172M(1152M) 12.631ms
[2026-08-02T23:32:49.648+0900][3.463s][info ][gc,cpu         ] GC(45) User=0.33s Sys=0.00s Real=0.01s
[2026-08-02T23:32:49.648+0900][3.464s][info ][safepoint      ] Safepoint "G1CollectForAllocation", Time since last: 200656800 ns, Reaching safepoint: 113400 ns, At safepoint: 12757000 ns, Total: 12870400 ns
[2026-08-02T23:32:49.831+0900][3.646s][info ][gc,start       ] GC(46) Pause Young (Normal) (G1 Evacuation Pause)
[2026-08-02T23:32:49.831+0900][3.646s][debug][gc,heap        ] GC(46) Heap before GC invocations=46 (full 32):
[2026-08-02T23:32:49.831+0900][3.646s][debug][gc,heap        ] GC(46)  garbage-first heap   total 1179648K, used 372851K [0x000001f4bc000000, 0x0000022bbc000000)
[2026-08-02T23:32:49.831+0900][3.646s][debug][gc,heap        ] GC(46)   region size 32768K, 7 young (229376K), 1 survivors (32768K)
[2026-08-02T23:32:49.831+0900][3.646s][debug][gc,heap        ] GC(46)  Metaspace       used 11866K, committed 12352K, reserved 1114112K
[2026-08-02T23:32:49.831+0900][3.646s][debug][gc,heap        ] GC(46)   class space    used 1092K, committed 1344K, reserved 1048576K
[2026-08-02T23:32:49.831+0900][3.646s][info ][gc,task        ] GC(46) Using 18 workers of 18 for evacuation
[2026-08-02T23:32:49.841+0900][3.657s][info ][gc,phases      ] GC(46)   Pre Evacuate Collection Set: 0.1ms
[2026-08-02T23:32:49.841+0900][3.657s][info ][gc,phases      ] GC(46)   Merge Heap Roots: 0.2ms
[2026-08-02T23:32:49.841+0900][3.657s][info ][gc,phases      ] GC(46)   Evacuate Collection Set: 10.8ms
[2026-08-02T23:32:49.841+0900][3.657s][info ][gc,phases      ] GC(46)   Post Evacuate Collection Set: 0.3ms
[2026-08-02T23:32:49.841+0900][3.657s][info ][gc,phases      ] GC(46)   Other: 0.1ms
[2026-08-02T23:32:49.841+0900][3.657s][info ][gc,heap        ] GC(46) Eden regions: 6->0(6)
[2026-08-02T23:32:49.843+0900][3.657s][info ][gc,heap        ] GC(46) Survivor regions: 1->1(1)
[2026-08-02T23:32:49.843+0900][3.657s][info ][gc,heap        ] GC(46) Old regions: 5->7
[2026-08-02T23:32:49.843+0900][3.657s][info ][gc,heap        ] GC(46) Archive regions: 0->0
[2026-08-02T23:32:49.843+0900][3.657s][info ][gc,heap        ] GC(46) Humongous regions: 0->0
[2026-08-02T23:32:49.843+0900][3.657s][info ][gc,metaspace   ] GC(46) Metaspace: 11866K(12352K)->11866K(12352K) NonClass: 10773K(11008K)->10773K(11008K) Class: 1092K(1344K)->1092K(1344K)
[2026-08-02T23:32:49.843+0900][3.657s][debug][gc,heap        ] GC(46) Heap after GC invocations=47 (full 32):
[2026-08-02T23:32:49.843+0900][3.657s][debug][gc,heap        ] GC(46)  garbage-first heap   total 1179648K, used 225016K [0x000001f4bc000000, 0x0000022bbc000000)
[2026-08-02T23:32:49.843+0900][3.657s][debug][gc,heap        ] GC(46)   region size 32768K, 1 young (32768K), 1 survivors (32768K)
[2026-08-02T23:32:49.843+0900][3.657s][debug][gc,heap        ] GC(46)  Metaspace       used 11866K, committed 12352K, reserved 1114112K
[2026-08-02T23:32:49.843+0900][3.657s][debug][gc,heap        ] GC(46)   class space    used 1092K, committed 1344K, reserved 1048576K
[2026-08-02T23:32:49.843+0900][3.657s][info ][gc             ] GC(46) Pause Young (Normal) (G1 Evacuation Pause) 364M->219M(1152M) 11.878ms
[2026-08-02T23:32:49.843+0900][3.657s][info ][gc,cpu         ] GC(46) User=0.28s Sys=0.00s Real=0.01s
[2026-08-02T23:32:49.843+0900][3.657s][info ][safepoint      ] Safepoint "G1CollectForAllocation", Time since last: 181907000 ns, Reaching safepoint: 122400 ns, At safepoint: 11925700 ns, Total: 12048100 ns
[2026-08-02T23:32:49.975+0900][3.790s][info ][gc,start       ] GC(47) Pause Young (Normal) (G1 Evacuation Pause)
[2026-08-02T23:32:49.975+0900][3.790s][debug][gc,heap        ] GC(47) Heap before GC invocations=47 (full 32):
[2026-08-02T23:32:49.975+0900][3.790s][debug][gc,heap        ] GC(47)  garbage-first heap   total 1179648K, used 421624K [0x000001f4bc000000, 0x0000022bbc000000)
[2026-08-02T23:32:49.975+0900][3.790s][debug][gc,heap        ] GC(47)   region size 32768K, 7 young (229376K), 1 survivors (32768K)
[2026-08-02T23:32:49.975+0900][3.790s][debug][gc,heap        ] GC(47)  Metaspace       used 11873K, committed 12352K, reserved 1114112K
[2026-08-02T23:32:49.975+0900][3.790s][debug][gc,heap        ] GC(47)   class space    used 1092K, committed 1344K, reserved 1048576K
[2026-08-02T23:32:49.975+0900][3.790s][info ][gc,task        ] GC(47) Using 18 workers of 18 for evacuation
[2026-08-02T23:32:49.988+0900][3.803s][info ][gc,phases      ] GC(47)   Pre Evacuate Collection Set: 0.1ms
[2026-08-02T23:32:49.988+0900][3.803s][info ][gc,phases      ] GC(47)   Merge Heap Roots: 0.3ms
[2026-08-02T23:32:49.988+0900][3.803s][info ][gc,phases      ] GC(47)   Evacuate Collection Set: 9.9ms
[2026-08-02T23:32:49.988+0900][3.803s][info ][gc,phases      ] GC(47)   Post Evacuate Collection Set: 2.7ms
[2026-08-02T23:32:49.988+0900][3.803s][info ][gc,phases      ] GC(47)   Other: 0.1ms
[2026-08-02T23:32:49.988+0900][3.803s][info ][gc,heap        ] GC(47) Eden regions: 6->0(13)
[2026-08-02T23:32:49.988+0900][3.803s][info ][gc,heap        ] GC(47) Survivor regions: 1->1(1)
[2026-08-02T23:32:49.988+0900][3.803s][info ][gc,heap        ] GC(47) Old regions: 7->8
[2026-08-02T23:32:49.988+0900][3.803s][info ][gc,heap        ] GC(47) Archive regions: 0->0
[2026-08-02T23:32:49.988+0900][3.803s][info ][gc,heap        ] GC(47) Humongous regions: 0->0
[2026-08-02T23:32:49.988+0900][3.803s][info ][gc,metaspace   ] GC(47) Metaspace: 11873K(12352K)->11873K(12352K) NonClass: 10780K(11008K)->10780K(11008K) Class: 1092K(1344K)->1092K(1344K)
[2026-08-02T23:32:49.988+0900][3.803s][debug][gc,heap        ] GC(47) Heap after GC invocations=48 (full 32):
[2026-08-02T23:32:49.988+0900][3.803s][debug][gc,heap        ] GC(47)  garbage-first heap   total 2359296K, used 256478K [0x000001f4bc000000, 0x0000022bbc000000)
[2026-08-02T23:32:49.988+0900][3.803s][debug][gc,heap        ] GC(47)   region size 32768K, 1 young (32768K), 1 survivors (32768K)
[2026-08-02T23:32:49.988+0900][3.803s][debug][gc,heap        ] GC(47)  Metaspace       used 11873K, committed 12352K, reserved 1114112K
[2026-08-02T23:32:49.988+0900][3.803s][debug][gc,heap        ] GC(47)   class space    used 1092K, committed 1344K, reserved 1048576K
[2026-08-02T23:32:49.988+0900][3.803s][info ][gc             ] GC(47) Pause Young (Normal) (G1 Evacuation Pause) 411M->250M(2304M) 13.392ms
[2026-08-02T23:32:49.988+0900][3.803s][info ][gc,cpu         ] GC(47) User=0.28s Sys=0.00s Real=0.01s
[2026-08-02T23:32:49.988+0900][3.803s][info ][safepoint      ] Safepoint "G1CollectForAllocation", Time since last: 132314400 ns, Reaching safepoint: 123100 ns, At safepoint: 13470200 ns, Total: 13593300 ns
[2026-08-02T23:32:50.289+0900][4.105s][info ][gc,start       ] GC(48) Pause Young (Normal) (G1 Evacuation Pause)
[2026-08-02T23:32:50.289+0900][4.105s][debug][gc,heap        ] GC(48) Heap before GC invocations=48 (full 32):
[2026-08-02T23:32:50.289+0900][4.105s][debug][gc,heap        ] GC(48)  garbage-first heap   total 2359296K, used 682462K [0x000001f4bc000000, 0x0000022bbc000000)
[2026-08-02T23:32:50.289+0900][4.105s][debug][gc,heap        ] GC(48)   region size 32768K, 14 young (458752K), 1 survivors (32768K)
[2026-08-02T23:32:50.289+0900][4.105s][debug][gc,heap        ] GC(48)  Metaspace       used 11873K, committed 12352K, reserved 1114112K
[2026-08-02T23:32:50.289+0900][4.105s][debug][gc,heap        ] GC(48)   class space    used 1092K, committed 1344K, reserved 1048576K
[2026-08-02T23:32:50.289+0900][4.105s][info ][gc,task        ] GC(48) Using 18 workers of 18 for evacuation
[2026-08-02T23:32:50.316+0900][4.131s][info ][gc,phases      ] GC(48)   Pre Evacuate Collection Set: 0.1ms
[2026-08-02T23:32:50.316+0900][4.131s][info ][gc,phases      ] GC(48)   Merge Heap Roots: 0.3ms
[2026-08-02T23:32:50.316+0900][4.131s][info ][gc,phases      ] GC(48)   Evacuate Collection Set: 25.7ms
[2026-08-02T23:32:50.316+0900][4.131s][info ][gc,phases      ] GC(48)   Post Evacuate Collection Set: 0.4ms
[2026-08-02T23:32:50.316+0900][4.131s][info ][gc,phases      ] GC(48)   Other: 0.1ms
[2026-08-02T23:32:50.316+0900][4.131s][info ][gc,heap        ] GC(48) Eden regions: 13->0(12)
[2026-08-02T23:32:50.316+0900][4.131s][info ][gc,heap        ] GC(48) Survivor regions: 1->2(2)
[2026-08-02T23:32:50.316+0900][4.131s][info ][gc,heap        ] GC(48) Old regions: 8->10
[2026-08-02T23:32:50.316+0900][4.131s][info ][gc,heap        ] GC(48) Archive regions: 0->0
[2026-08-02T23:32:50.316+0900][4.131s][info ][gc,heap        ] GC(48) Humongous regions: 0->0
[2026-08-02T23:32:50.316+0900][4.131s][info ][gc,metaspace   ] GC(48) Metaspace: 11873K(12352K)->11873K(12352K) NonClass: 10780K(11008K)->10780K(11008K) Class: 1092K(1344K)->1092K(1344K)
[2026-08-02T23:32:50.316+0900][4.131s][debug][gc,heap        ] GC(48) Heap after GC invocations=49 (full 32):
[2026-08-02T23:32:50.316+0900][4.131s][debug][gc,heap        ] GC(48)  garbage-first heap   total 2359296K, used 365971K [0x000001f4bc000000, 0x0000022bbc000000)
[2026-08-02T23:32:50.316+0900][4.131s][debug][gc,heap        ] GC(48)   region size 32768K, 2 young (65536K), 2 survivors (65536K)
[2026-08-02T23:32:50.316+0900][4.131s][debug][gc,heap        ] GC(48)  Metaspace       used 11873K, committed 12352K, reserved 1114112K
[2026-08-02T23:32:50.316+0900][4.131s][debug][gc,heap        ] GC(48)   class space    used 1092K, committed 1344K, reserved 1048576K
[2026-08-02T23:32:50.316+0900][4.131s][info ][gc             ] GC(48) Pause Young (Normal) (G1 Evacuation Pause) 666M->357M(2304M) 26.859ms
[2026-08-02T23:32:50.316+0900][4.131s][info ][gc,cpu         ] GC(48) User=0.55s Sys=0.02s Real=0.03s
[2026-08-02T23:32:50.316+0900][4.132s][info ][safepoint      ] Safepoint "G1CollectForAllocation", Time since last: 301098000 ns, Reaching safepoint: 103900 ns, At safepoint: 26919900 ns, Total: 27023800 ns
[2026-08-02T23:32:50.503+0900][4.319s][info ][gc,start       ] GC(49) Pause Young (Normal) (G1 Evacuation Pause)
[2026-08-02T23:32:50.504+0900][4.319s][debug][gc,heap        ] GC(49) Heap before GC invocations=49 (full 32):
[2026-08-02T23:32:50.504+0900][4.319s][debug][gc,heap        ] GC(49)  garbage-first heap   total 2359296K, used 759187K [0x000001f4bc000000, 0x0000022bbc000000)
[2026-08-02T23:32:50.504+0900][4.319s][debug][gc,heap        ] GC(49)   region size 32768K, 14 young (458752K), 2 survivors (65536K)
[2026-08-02T23:32:50.504+0900][4.319s][debug][gc,heap        ] GC(49)  Metaspace       used 11873K, committed 12352K, reserved 1114112K
[2026-08-02T23:32:50.504+0900][4.319s][debug][gc,heap        ] GC(49)   class space    used 1092K, committed 1344K, reserved 1048576K
[2026-08-02T23:32:50.504+0900][4.319s][info ][gc,task        ] GC(49) Using 18 workers of 18 for evacuation
[2026-08-02T23:32:50.533+0900][4.347s][info ][gc,phases      ] GC(49)   Pre Evacuate Collection Set: 0.1ms
[2026-08-02T23:32:50.533+0900][4.347s][info ][gc,phases      ] GC(49)   Merge Heap Roots: 0.7ms
[2026-08-02T23:32:50.533+0900][4.347s][info ][gc,phases      ] GC(49)   Evacuate Collection Set: 27.4ms
[2026-08-02T23:32:50.533+0900][4.347s][info ][gc,phases      ] GC(49)   Post Evacuate Collection Set: 0.3ms
[2026-08-02T23:32:50.533+0900][4.347s][info ][gc,phases      ] GC(49)   Other: 0.1ms
[2026-08-02T23:32:50.533+0900][4.347s][info ][gc,heap        ] GC(49) Eden regions: 12->0(12)
[2026-08-02T23:32:50.533+0900][4.347s][info ][gc,heap        ] GC(49) Survivor regions: 2->2(2)
[2026-08-02T23:32:50.533+0900][4.347s][info ][gc,heap        ] GC(49) Old regions: 10->13
[2026-08-02T23:32:50.533+0900][4.347s][info ][gc,heap        ] GC(49) Archive regions: 0->0
[2026-08-02T23:32:50.533+0900][4.348s][info ][gc,heap        ] GC(49) Humongous regions: 0->0
[2026-08-02T23:32:50.533+0900][4.348s][info ][gc,metaspace   ] GC(49) Metaspace: 11873K(12352K)->11873K(12352K) NonClass: 10780K(11008K)->10780K(11008K) Class: 1092K(1344K)->1092K(1344K)
[2026-08-02T23:32:50.533+0900][4.348s][debug][gc,heap        ] GC(49) Heap after GC invocations=50 (full 32):
[2026-08-02T23:32:50.533+0900][4.348s][debug][gc,heap        ] GC(49)  garbage-first heap   total 2359296K, used 468200K [0x000001f4bc000000, 0x0000022bbc000000)
[2026-08-02T23:32:50.533+0900][4.348s][debug][gc,heap        ] GC(49)   region size 32768K, 2 young (65536K), 2 survivors (65536K)
[2026-08-02T23:32:50.533+0900][4.348s][debug][gc,heap        ] GC(49)  Metaspace       used 11873K, committed 12352K, reserved 1114112K
[2026-08-02T23:32:50.533+0900][4.348s][debug][gc,heap        ] GC(49)   class space    used 1092K, committed 1344K, reserved 1048576K
[2026-08-02T23:32:50.533+0900][4.348s][info ][gc             ] GC(49) Pause Young (Normal) (G1 Evacuation Pause) 741M->457M(2304M) 28.993ms
[2026-08-02T23:32:50.533+0900][4.348s][info ][gc,cpu         ] GC(49) User=0.52s Sys=0.05s Real=0.03s
[2026-08-02T23:32:50.533+0900][4.348s][info ][safepoint      ] Safepoint "G1CollectForAllocation", Time since last: 187010900 ns, Reaching safepoint: 46200 ns, At safepoint: 29053400 ns, Total: 29099600 ns
[2026-08-02T23:32:50.708+0900][4.523s][info ][gc,start       ] GC(50) Pause Young (Normal) (G1 Evacuation Pause)
[2026-08-02T23:32:50.708+0900][4.523s][debug][gc,heap        ] GC(50) Heap before GC invocations=50 (full 32):
[2026-08-02T23:32:50.708+0900][4.523s][debug][gc,heap        ] GC(50)  garbage-first heap   total 2359296K, used 861416K [0x000001f4bc000000, 0x0000022bbc000000)
[2026-08-02T23:32:50.708+0900][4.523s][debug][gc,heap        ] GC(50)   region size 32768K, 14 young (458752K), 2 survivors (65536K)
[2026-08-02T23:32:50.708+0900][4.523s][debug][gc,heap        ] GC(50)  Metaspace       used 11878K, committed 12352K, reserved 1114112K
[2026-08-02T23:32:50.708+0900][4.523s][debug][gc,heap        ] GC(50)   class space    used 1092K, committed 1344K, reserved 1048576K
[2026-08-02T23:32:50.708+0900][4.523s][info ][gc,task        ] GC(50) Using 18 workers of 18 for evacuation
[2026-08-02T23:32:50.732+0900][4.547s][info ][gc,phases      ] GC(50)   Pre Evacuate Collection Set: 0.1ms
[2026-08-02T23:32:50.732+0900][4.547s][info ][gc,phases      ] GC(50)   Merge Heap Roots: 0.5ms
[2026-08-02T23:32:50.732+0900][4.547s][info ][gc,phases      ] GC(50)   Evacuate Collection Set: 22.3ms
[2026-08-02T23:32:50.732+0900][4.547s][info ][gc,phases      ] GC(50)   Post Evacuate Collection Set: 0.3ms
[2026-08-02T23:32:50.732+0900][4.547s][info ][gc,phases      ] GC(50)   Other: 0.1ms
[2026-08-02T23:32:50.732+0900][4.547s][info ][gc,heap        ] GC(50) Eden regions: 12->0(12)
[2026-08-02T23:32:50.732+0900][4.547s][info ][gc,heap        ] GC(50) Survivor regions: 2->2(2)
[2026-08-02T23:32:50.732+0900][4.547s][info ][gc,heap        ] GC(50) Old regions: 13->16
[2026-08-02T23:32:50.732+0900][4.547s][info ][gc,heap        ] GC(50) Archive regions: 0->0
[2026-08-02T23:32:50.732+0900][4.547s][info ][gc,heap        ] GC(50) Humongous regions: 0->0
[2026-08-02T23:32:50.732+0900][4.547s][info ][gc,metaspace   ] GC(50) Metaspace: 11878K(12352K)->11878K(12352K) NonClass: 10785K(11008K)->10785K(11008K) Class: 1092K(1344K)->1092K(1344K)
[2026-08-02T23:32:50.732+0900][4.547s][debug][gc,heap        ] GC(50) Heap after GC invocations=51 (full 32):
[2026-08-02T23:32:50.732+0900][4.547s][debug][gc,heap        ] GC(50)  garbage-first heap   total 2359296K, used 570045K [0x000001f4bc000000, 0x0000022bbc000000)
[2026-08-02T23:32:50.732+0900][4.547s][debug][gc,heap        ] GC(50)   region size 32768K, 2 young (65536K), 2 survivors (65536K)
[2026-08-02T23:32:50.732+0900][4.547s][debug][gc,heap        ] GC(50)  Metaspace       used 11878K, committed 12352K, reserved 1114112K
[2026-08-02T23:32:50.732+0900][4.547s][debug][gc,heap        ] GC(50)   class space    used 1092K, committed 1344K, reserved 1048576K
[2026-08-02T23:32:50.732+0900][4.547s][info ][gc             ] GC(50) Pause Young (Normal) (G1 Evacuation Pause) 841M->556M(2304M) 23.688ms
[2026-08-02T23:32:50.732+0900][4.547s][info ][gc,cpu         ] GC(50) User=0.52s Sys=0.05s Real=0.02s
[2026-08-02T23:32:50.732+0900][4.547s][info ][safepoint      ] Safepoint "G1CollectForAllocation", Time since last: 175343800 ns, Reaching safepoint: 108500 ns, At safepoint: 23748900 ns, Total: 23857400 ns
[2026-08-02T23:32:50.917+0900][4.732s][info ][gc,start       ] GC(51) Pause Young (Normal) (G1 Evacuation Pause)
[2026-08-02T23:32:50.917+0900][4.732s][debug][gc,heap        ] GC(51) Heap before GC invocations=51 (full 32):
[2026-08-02T23:32:50.917+0900][4.732s][debug][gc,heap        ] GC(51)  garbage-first heap   total 2359296K, used 963261K [0x000001f4bc000000, 0x0000022bbc000000)
[2026-08-02T23:32:50.917+0900][4.732s][debug][gc,heap        ] GC(51)   region size 32768K, 14 young (458752K), 2 survivors (65536K)
[2026-08-02T23:32:50.917+0900][4.732s][debug][gc,heap        ] GC(51)  Metaspace       used 11878K, committed 12352K, reserved 1114112K
[2026-08-02T23:32:50.917+0900][4.732s][debug][gc,heap        ] GC(51)   class space    used 1092K, committed 1344K, reserved 1048576K
[2026-08-02T23:32:50.917+0900][4.732s][info ][gc,task        ] GC(51) Using 18 workers of 18 for evacuation
[2026-08-02T23:32:50.945+0900][4.760s][info ][gc,phases      ] GC(51)   Pre Evacuate Collection Set: 0.1ms
[2026-08-02T23:32:50.945+0900][4.760s][info ][gc,phases      ] GC(51)   Merge Heap Roots: 0.4ms
[2026-08-02T23:32:50.945+0900][4.760s][info ][gc,phases      ] GC(51)   Evacuate Collection Set: 22.2ms
[2026-08-02T23:32:50.945+0900][4.760s][info ][gc,phases      ] GC(51)   Post Evacuate Collection Set: 4.7ms
[2026-08-02T23:32:50.945+0900][4.760s][info ][gc,phases      ] GC(51)   Other: 0.1ms
[2026-08-02T23:32:50.945+0900][4.760s][info ][gc,heap        ] GC(51) Eden regions: 12->0(26)
[2026-08-02T23:32:50.945+0900][4.760s][info ][gc,heap        ] GC(51) Survivor regions: 2->2(2)
[2026-08-02T23:32:50.945+0900][4.760s][info ][gc,heap        ] GC(51) Old regions: 16->19
[2026-08-02T23:32:50.945+0900][4.760s][info ][gc,heap        ] GC(51) Archive regions: 0->0
[2026-08-02T23:32:50.945+0900][4.760s][info ][gc,heap        ] GC(51) Humongous regions: 0->0
[2026-08-02T23:32:50.945+0900][4.760s][info ][gc,metaspace   ] GC(51) Metaspace: 11878K(12352K)->11878K(12352K) NonClass: 10785K(11008K)->10785K(11008K) Class: 1092K(1344K)->1092K(1344K)
[2026-08-02T23:32:50.945+0900][4.760s][debug][gc,heap        ] GC(51) Heap after GC invocations=52 (full 32):
[2026-08-02T23:32:50.945+0900][4.760s][debug][gc,heap        ] GC(51)  garbage-first heap   total 4718592K, used 670930K [0x000001f4bc000000, 0x0000022bbc000000)
[2026-08-02T23:32:50.945+0900][4.760s][debug][gc,heap        ] GC(51)   region size 32768K, 2 young (65536K), 2 survivors (65536K)
[2026-08-02T23:32:50.945+0900][4.760s][debug][gc,heap        ] GC(51)  Metaspace       used 11878K, committed 12352K, reserved 1114112K
[2026-08-02T23:32:50.945+0900][4.760s][debug][gc,heap        ] GC(51)   class space    used 1092K, committed 1344K, reserved 1048576K
[2026-08-02T23:32:50.945+0900][4.760s][info ][gc             ] GC(51) Pause Young (Normal) (G1 Evacuation Pause) 940M->655M(4608M) 27.811ms
[2026-08-02T23:32:50.945+0900][4.760s][info ][gc,cpu         ] GC(51) User=0.52s Sys=0.02s Real=0.03s
[2026-08-02T23:32:50.945+0900][4.760s][info ][safepoint      ] Safepoint "G1CollectForAllocation", Time since last: 185259300 ns, Reaching safepoint: 93500 ns, At safepoint: 27912300 ns, Total: 28005800 ns
[2026-08-02T23:32:51.683+0900][5.499s][info ][gc,start       ] GC(52) Pause Young (Normal) (G1 Evacuation Pause)
[2026-08-02T23:32:51.683+0900][5.499s][debug][gc,heap        ] GC(52) Heap before GC invocations=52 (full 32):
[2026-08-02T23:32:51.683+0900][5.499s][debug][gc,heap        ] GC(52)  garbage-first heap   total 4718592K, used 1522898K [0x000001f4bc000000, 0x0000022bbc000000)
[2026-08-02T23:32:51.683+0900][5.499s][debug][gc,heap        ] GC(52)   region size 32768K, 28 young (917504K), 2 survivors (65536K)
[2026-08-02T23:32:51.683+0900][5.499s][debug][gc,heap        ] GC(52)  Metaspace       used 11888K, committed 12352K, reserved 1114112K
[2026-08-02T23:32:51.683+0900][5.499s][debug][gc,heap        ] GC(52)   class space    used 1092K, committed 1344K, reserved 1048576K
[2026-08-02T23:32:51.683+0900][5.499s][info ][gc,task        ] GC(52) Using 18 workers of 18 for evacuation
[2026-08-02T23:32:51.758+0900][5.574s][info ][gc,phases      ] GC(52)   Pre Evacuate Collection Set: 0.1ms
[2026-08-02T23:32:51.758+0900][5.574s][info ][gc,phases      ] GC(52)   Merge Heap Roots: 0.5ms
[2026-08-02T23:32:51.758+0900][5.574s][info ][gc,phases      ] GC(52)   Evacuate Collection Set: 73.1ms
[2026-08-02T23:32:51.758+0900][5.574s][info ][gc,phases      ] GC(52)   Post Evacuate Collection Set: 0.9ms
[2026-08-02T23:32:51.758+0900][5.574s][info ][gc,phases      ] GC(52)   Other: 0.1ms
[2026-08-02T23:32:51.758+0900][5.574s][info ][gc,heap        ] GC(52) Eden regions: 26->0(24)
[2026-08-02T23:32:51.758+0900][5.574s][info ][gc,heap        ] GC(52) Survivor regions: 2->4(4)
[2026-08-02T23:32:51.759+0900][5.574s][info ][gc,heap        ] GC(52) Old regions: 19->28
[2026-08-02T23:32:51.759+0900][5.574s][info ][gc,heap        ] GC(52) Archive regions: 0->0
[2026-08-02T23:32:51.759+0900][5.574s][info ][gc,heap        ] GC(52) Humongous regions: 0->0
[2026-08-02T23:32:51.759+0900][5.574s][info ][gc,metaspace   ] GC(52) Metaspace: 11888K(12352K)->11888K(12352K) NonClass: 10796K(11008K)->10796K(11008K) Class: 1092K(1344K)->1092K(1344K)
[2026-08-02T23:32:51.759+0900][5.574s][debug][gc,heap        ] GC(52) Heap after GC invocations=53 (full 32):
[2026-08-02T23:32:51.759+0900][5.574s][debug][gc,heap        ] GC(52)  garbage-first heap   total 4718592K, used 1010853K [0x000001f4bc000000, 0x0000022bbc000000)
[2026-08-02T23:32:51.759+0900][5.574s][debug][gc,heap        ] GC(52)   region size 32768K, 4 young (131072K), 4 survivors (131072K)
[2026-08-02T23:32:51.759+0900][5.574s][debug][gc,heap        ] GC(52)  Metaspace       used 11888K, committed 12352K, reserved 1114112K
[2026-08-02T23:32:51.759+0900][5.574s][debug][gc,heap        ] GC(52)   class space    used 1092K, committed 1344K, reserved 1048576K
[2026-08-02T23:32:51.759+0900][5.574s][info ][gc             ] GC(52) Pause Young (Normal) (G1 Evacuation Pause) 1487M->987M(4608M) 75.073ms
[2026-08-02T23:32:51.759+0900][5.574s][info ][gc,cpu         ] GC(52) User=0.92s Sys=0.25s Real=0.08s
[2026-08-02T23:32:51.759+0900][5.574s][info ][safepoint      ] Safepoint "G1CollectForAllocation", Time since last: 738706800 ns, Reaching safepoint: 98300 ns, At safepoint: 75141000 ns, Total: 75239300 ns
[2026-08-02T23:32:52.078+0900][5.893s][info ][gc,start       ] GC(53) Pause Young (Normal) (G1 Evacuation Pause)
[2026-08-02T23:32:52.078+0900][5.893s][debug][gc,heap        ] GC(53) Heap before GC invocations=53 (full 32):
[2026-08-02T23:32:52.078+0900][5.893s][debug][gc,heap        ] GC(53)  garbage-first heap   total 4718592K, used 1469605K [0x000001f4bc000000, 0x0000022bbc000000)
[2026-08-02T23:32:52.078+0900][5.893s][debug][gc,heap        ] GC(53)   region size 32768K, 18 young (589824K), 4 survivors (131072K)
[2026-08-02T23:32:52.078+0900][5.893s][debug][gc,heap        ] GC(53)  Metaspace       used 11888K, committed 12352K, reserved 1114112K
[2026-08-02T23:32:52.078+0900][5.893s][debug][gc,heap        ] GC(53)   class space    used 1092K, committed 1344K, reserved 1048576K
[2026-08-02T23:32:52.078+0900][5.893s][info ][gc,task        ] GC(53) Using 18 workers of 18 for evacuation
[2026-08-02T23:32:52.136+0900][5.951s][info ][gc,phases      ] GC(53)   Pre Evacuate Collection Set: 0.1ms
[2026-08-02T23:32:52.136+0900][5.952s][info ][gc,phases      ] GC(53)   Merge Heap Roots: 1.8ms
[2026-08-02T23:32:52.136+0900][5.952s][info ][gc,phases      ] GC(53)   Evacuate Collection Set: 55.7ms
[2026-08-02T23:32:52.136+0900][5.952s][info ][gc,phases      ] GC(53)   Post Evacuate Collection Set: 0.5ms
[2026-08-02T23:32:52.136+0900][5.952s][info ][gc,phases      ] GC(53)   Other: 0.1ms
[2026-08-02T23:32:52.136+0900][5.952s][info ][gc,heap        ] GC(53) Eden regions: 14->0(25)
[2026-08-02T23:32:52.136+0900][5.952s][info ][gc,heap        ] GC(53) Survivor regions: 4->3(3)
[2026-08-02T23:32:52.136+0900][5.952s][info ][gc,heap        ] GC(53) Old regions: 28->35
[2026-08-02T23:32:52.136+0900][5.952s][info ][gc,heap        ] GC(53) Archive regions: 0->0
[2026-08-02T23:32:52.136+0900][5.952s][info ][gc,heap        ] GC(53) Humongous regions: 0->0
[2026-08-02T23:32:52.136+0900][5.952s][info ][gc,metaspace   ] GC(53) Metaspace: 11888K(12352K)->11888K(12352K) NonClass: 10796K(11008K)->10796K(11008K) Class: 1092K(1344K)->1092K(1344K)
[2026-08-02T23:32:52.136+0900][5.952s][debug][gc,heap        ] GC(53) Heap after GC invocations=54 (full 32):
[2026-08-02T23:32:52.136+0900][5.952s][debug][gc,heap        ] GC(53)  garbage-first heap   total 4718592K, used 1222640K [0x000001f4bc000000, 0x0000022bbc000000)
[2026-08-02T23:32:52.136+0900][5.952s][debug][gc,heap        ] GC(53)   region size 32768K, 3 young (98304K), 3 survivors (98304K)
[2026-08-02T23:32:52.136+0900][5.952s][debug][gc,heap        ] GC(53)  Metaspace       used 11888K, committed 12352K, reserved 1114112K
[2026-08-02T23:32:52.136+0900][5.952s][debug][gc,heap        ] GC(53)   class space    used 1092K, committed 1344K, reserved 1048576K
[2026-08-02T23:32:52.136+0900][5.952s][info ][gc             ] GC(53) Pause Young (Normal) (G1 Evacuation Pause) 1435M->1193M(4608M) 58.599ms
[2026-08-02T23:32:52.136+0900][5.952s][info ][gc,cpu         ] GC(53) User=0.84s Sys=0.00s Real=0.06s
[2026-08-02T23:32:52.136+0900][5.952s][info ][safepoint      ] Safepoint "G1CollectForAllocation", Time since last: 318961000 ns, Reaching safepoint: 95900 ns, At safepoint: 58658400 ns, Total: 58754300 ns
[2026-08-02T23:32:53.220+0900][7.035s][info ][gc,start       ] GC(54) Pause Young (Normal) (G1 Evacuation Pause)
[2026-08-02T23:32:53.220+0900][7.035s][debug][gc,heap        ] GC(54) Heap before GC invocations=54 (full 32):
[2026-08-02T23:32:53.220+0900][7.035s][debug][gc,heap        ] GC(54)  garbage-first heap   total 4718592K, used 2041840K [0x000001f4bc000000, 0x0000022bbc000000)
[2026-08-02T23:32:53.220+0900][7.036s][debug][gc,heap        ] GC(54)   region size 32768K, 28 young (917504K), 3 survivors (98304K)
[2026-08-02T23:32:53.220+0900][7.036s][debug][gc,heap        ] GC(54)  Metaspace       used 11888K, committed 12352K, reserved 1114112K
[2026-08-02T23:32:53.220+0900][7.036s][debug][gc,heap        ] GC(54)   class space    used 1092K, committed 1344K, reserved 1048576K
[2026-08-02T23:32:53.220+0900][7.036s][info ][gc,task        ] GC(54) Using 18 workers of 18 for evacuation
[2026-08-02T23:32:53.303+0900][7.118s][info ][gc,phases      ] GC(54)   Pre Evacuate Collection Set: 0.1ms
[2026-08-02T23:32:53.303+0900][7.118s][info ][gc,phases      ] GC(54)   Merge Heap Roots: 1.3ms
[2026-08-02T23:32:53.303+0900][7.118s][info ][gc,phases      ] GC(54)   Evacuate Collection Set: 79.8ms
[2026-08-02T23:32:53.303+0900][7.118s][info ][gc,phases      ] GC(54)   Post Evacuate Collection Set: 0.6ms
[2026-08-02T23:32:53.303+0900][7.118s][info ][gc,phases      ] GC(54)   Other: 0.1ms
[2026-08-02T23:32:53.303+0900][7.118s][info ][gc,heap        ] GC(54) Eden regions: 25->0(24)
[2026-08-02T23:32:53.303+0900][7.118s][info ][gc,heap        ] GC(54) Survivor regions: 3->4(4)
[2026-08-02T23:32:53.303+0900][7.118s][info ][gc,heap        ] GC(54) Old regions: 35->46
[2026-08-02T23:32:53.303+0900][7.118s][info ][gc,heap        ] GC(54) Archive regions: 0->0
[2026-08-02T23:32:53.303+0900][7.118s][info ][gc,heap        ] GC(54) Humongous regions: 0->0
[2026-08-02T23:32:53.303+0900][7.118s][info ][gc,metaspace   ] GC(54) Metaspace: 11888K(12352K)->11888K(12352K) NonClass: 10796K(11008K)->10796K(11008K) Class: 1092K(1344K)->1092K(1344K)
[2026-08-02T23:32:53.303+0900][7.118s][debug][gc,heap        ] GC(54) Heap after GC invocations=55 (full 32):
[2026-08-02T23:32:53.303+0900][7.118s][debug][gc,heap        ] GC(54)  garbage-first heap   total 4718592K, used 1593854K [0x000001f4bc000000, 0x0000022bbc000000)
[2026-08-02T23:32:53.303+0900][7.118s][debug][gc,heap        ] GC(54)   region size 32768K, 4 young (131072K), 4 survivors (131072K)
[2026-08-02T23:32:53.303+0900][7.118s][debug][gc,heap        ] GC(54)  Metaspace       used 11888K, committed 12352K, reserved 1114112K
[2026-08-02T23:32:53.303+0900][7.118s][debug][gc,heap        ] GC(54)   class space    used 1092K, committed 1344K, reserved 1048576K
[2026-08-02T23:32:53.303+0900][7.118s][info ][gc             ] GC(54) Pause Young (Normal) (G1 Evacuation Pause) 1993M->1556M(4608M) 82.333ms
[2026-08-02T23:32:53.303+0900][7.118s][info ][gc,cpu         ] GC(54) User=1.33s Sys=0.16s Real=0.08s
[2026-08-02T23:32:53.303+0900][7.118s][info ][safepoint      ] Safepoint "G1CollectForAllocation", Time since last: 1083482900 ns, Reaching safepoint: 144500 ns, At safepoint: 82398300 ns, Total: 82542800 ns
[2026-08-02T23:32:55.319+0900][9.134s][info ][safepoint      ] Safepoint "Cleanup", Time since last: 2016071000 ns, Reaching safepoint: 106000 ns, At safepoint: 13800 ns, Total: 119800 ns
[2026-08-02T23:32:57.331+0900][11.146s][info ][safepoint      ] Safepoint "Cleanup", Time since last: 2011389300 ns, Reaching safepoint: 144400 ns, At safepoint: 8900 ns, Total: 153300 ns
[2026-08-02T23:32:58.642+0900][12.456s][info ][gc,start       ] GC(55) Pause Young (Normal) (G1 Evacuation Pause)
[2026-08-02T23:32:58.642+0900][12.456s][debug][gc,heap        ] GC(55) Heap before GC invocations=55 (full 32):
[2026-08-02T23:32:58.642+0900][12.456s][debug][gc,heap        ] GC(55)  garbage-first heap   total 4718592K, used 2347518K [0x000001f4bc000000, 0x0000022bbc000000)
[2026-08-02T23:32:58.642+0900][12.456s][debug][gc,heap        ] GC(55)   region size 32768K, 27 young (884736K), 4 survivors (131072K)
[2026-08-02T23:32:58.642+0900][12.456s][debug][gc,heap        ] GC(55)  Metaspace       used 11897K, committed 12416K, reserved 1114112K
[2026-08-02T23:32:58.642+0900][12.456s][debug][gc,heap        ] GC(55)   class space    used 1092K, committed 1344K, reserved 1048576K
[2026-08-02T23:32:58.642+0900][12.456s][info ][gc,task        ] GC(55) Using 18 workers of 18 for evacuation
[2026-08-02T23:32:58.734+0900][12.550s][info ][gc,phases      ] GC(55)   Pre Evacuate Collection Set: 0.1ms
[2026-08-02T23:32:58.734+0900][12.550s][info ][gc,phases      ] GC(55)   Merge Heap Roots: 1.3ms
[2026-08-02T23:32:58.735+0900][12.550s][info ][gc,phases      ] GC(55)   Evacuate Collection Set: 82.3ms
[2026-08-02T23:32:58.735+0900][12.550s][info ][gc,phases      ] GC(55)   Post Evacuate Collection Set: 9.6ms
[2026-08-02T23:32:58.735+0900][12.550s][info ][gc,phases      ] GC(55)   Other: 0.1ms
[2026-08-02T23:32:58.735+0900][12.550s][info ][gc,heap        ] GC(55) Eden regions: 23->0(33)
[2026-08-02T23:32:58.735+0900][12.550s][info ][gc,heap        ] GC(55) Survivor regions: 4->4(4)
[2026-08-02T23:32:58.735+0900][12.550s][info ][gc,heap        ] GC(55) Old regions: 46->57
[2026-08-02T23:32:58.735+0900][12.550s][info ][gc,heap        ] GC(55) Archive regions: 0->0
[2026-08-02T23:32:58.735+0900][12.550s][info ][gc,heap        ] GC(55) Humongous regions: 0->0
[2026-08-02T23:32:58.735+0900][12.550s][info ][gc,metaspace   ] GC(55) Metaspace: 11897K(12416K)->11897K(12416K) NonClass: 10804K(11072K)->10804K(11072K) Class: 1092K(1344K)->1092K(1344K)
[2026-08-02T23:32:58.735+0900][12.550s][debug][gc,heap        ] GC(55) Heap after GC invocations=56 (full 32):
[2026-08-02T23:32:58.735+0900][12.550s][debug][gc,heap        ] GC(55)  garbage-first heap   total 9437184K, used 1984602K [0x000001f4bc000000, 0x0000022bbc000000)
[2026-08-02T23:32:58.735+0900][12.550s][debug][gc,heap        ] GC(55)   region size 32768K, 4 young (131072K), 4 survivors (131072K)
[2026-08-02T23:32:58.735+0900][12.550s][debug][gc,heap        ] GC(55)  Metaspace       used 11897K, committed 12416K, reserved 1114112K
[2026-08-02T23:32:58.735+0900][12.550s][debug][gc,heap        ] GC(55)   class space    used 1092K, committed 1344K, reserved 1048576K
[2026-08-02T23:32:58.735+0900][12.550s][info ][gc             ] GC(55) Pause Young (Normal) (G1 Evacuation Pause) 2292M->1938M(9216M) 93.760ms
[2026-08-02T23:32:58.735+0900][12.550s][info ][gc,cpu         ] GC(55) User=1.25s Sys=0.17s Real=0.09s
[2026-08-02T23:32:58.735+0900][12.550s][info ][safepoint      ] Safepoint "G1CollectForAllocation", Time since last: 1310576200 ns, Reaching safepoint: 104600 ns, At safepoint: 93824200 ns, Total: 93928800 ns
[2026-08-02T23:33:02.559+0900][16.375s][info ][gc,start       ] GC(56) Pause Young (Normal) (G1 Evacuation Pause)
[2026-08-02T23:33:02.559+0900][16.375s][debug][gc,heap        ] GC(56) Heap before GC invocations=56 (full 32):
[2026-08-02T23:33:02.559+0900][16.375s][debug][gc,heap        ] GC(56)  garbage-first heap   total 9437184K, used 2738266K [0x000001f4bc000000, 0x0000022bbc000000)
[2026-08-02T23:33:02.559+0900][16.375s][debug][gc,heap        ] GC(56)   region size 32768K, 27 young (884736K), 4 survivors (131072K)
[2026-08-02T23:33:02.559+0900][16.375s][debug][gc,heap        ] GC(56)  Metaspace       used 11917K, committed 12416K, reserved 1114112K
[2026-08-02T23:33:02.559+0900][16.375s][debug][gc,heap        ] GC(56)   class space    used 1092K, committed 1344K, reserved 1048576K
[2026-08-02T23:33:02.559+0900][16.375s][info ][gc,task        ] GC(56) Using 18 workers of 18 for evacuation
[2026-08-02T23:33:02.643+0900][16.458s][info ][gc,phases      ] GC(56)   Pre Evacuate Collection Set: 0.1ms
[2026-08-02T23:33:02.643+0900][16.458s][info ][gc,phases      ] GC(56)   Merge Heap Roots: 1.0ms
[2026-08-02T23:33:02.643+0900][16.458s][info ][gc,phases      ] GC(56)   Evacuate Collection Set: 80.9ms
[2026-08-02T23:33:02.643+0900][16.458s][info ][gc,phases      ] GC(56)   Post Evacuate Collection Set: 0.7ms
[2026-08-02T23:33:02.643+0900][16.458s][info ][gc,phases      ] GC(56)   Other: 0.1ms
[2026-08-02T23:33:02.643+0900][16.458s][info ][gc,heap        ] GC(56) Eden regions: 23->0(39)
[2026-08-02T23:33:02.643+0900][16.458s][info ][gc,heap        ] GC(56) Survivor regions: 4->4(4)
[2026-08-02T23:33:02.643+0900][16.458s][info ][gc,heap        ] GC(56) Old regions: 57->72
[2026-08-02T23:33:02.643+0900][16.458s][info ][gc,heap        ] GC(56) Archive regions: 0->0
[2026-08-02T23:33:02.643+0900][16.458s][info ][gc,heap        ] GC(56) Humongous regions: 0->0
[2026-08-02T23:33:02.643+0900][16.458s][info ][gc,metaspace   ] GC(56) Metaspace: 11917K(12416K)->11917K(12416K) NonClass: 10824K(11072K)->10824K(11072K) Class: 1092K(1344K)->1092K(1344K)
[2026-08-02T23:33:02.643+0900][16.458s][debug][gc,heap        ] GC(56) Heap after GC invocations=57 (full 32):
[2026-08-02T23:33:02.643+0900][16.458s][debug][gc,heap        ] GC(56)  garbage-first heap   total 9437184K, used 2462485K [0x000001f4bc000000, 0x0000022bbc000000)
[2026-08-02T23:33:02.643+0900][16.458s][debug][gc,heap        ] GC(56)   region size 32768K, 4 young (131072K), 4 survivors (131072K)
[2026-08-02T23:33:02.643+0900][16.458s][debug][gc,heap        ] GC(56)  Metaspace       used 11917K, committed 12416K, reserved 1114112K
[2026-08-02T23:33:02.643+0900][16.458s][debug][gc,heap        ] GC(56)   class space    used 1092K, committed 1344K, reserved 1048576K
[2026-08-02T23:33:02.643+0900][16.458s][info ][gc             ] GC(56) Pause Young (Normal) (G1 Evacuation Pause) 2674M->2404M(9216M) 83.207ms
[2026-08-02T23:33:02.643+0900][16.458s][info ][gc,cpu         ] GC(56) User=1.39s Sys=0.02s Real=0.08s
[2026-08-02T23:33:02.643+0900][16.458s][info ][safepoint      ] Safepoint "G1CollectForAllocation", Time since last: 3824387300 ns, Reaching safepoint: 107500 ns, At safepoint: 83266400 ns, Total: 83373900 ns
[2026-08-02T23:33:03.657+0900][17.472s][info ][safepoint      ] Safepoint "Cleanup", Time since last: 1014421800 ns, Reaching safepoint: 119400 ns, At safepoint: 10300 ns, Total: 129700 ns
[2026-08-02T23:33:03.785+0900][17.600s][info ][gc,start       ] GC(57) Pause Young (Normal) (G1 Evacuation Pause)
[2026-08-02T23:33:03.785+0900][17.600s][debug][gc,heap        ] GC(57) Heap before GC invocations=57 (full 32):
[2026-08-02T23:33:03.785+0900][17.600s][debug][gc,heap        ] GC(57)  garbage-first heap   total 9437184K, used 3379989K [0x000001f4bc000000, 0x0000022bbc000000)
[2026-08-02T23:33:03.785+0900][17.600s][debug][gc,heap        ] GC(57)   region size 32768K, 32 young (1048576K), 4 survivors (131072K)
[2026-08-02T23:33:03.785+0900][17.600s][debug][gc,heap        ] GC(57)  Metaspace       used 11925K, committed 12416K, reserved 1114112K
[2026-08-02T23:33:03.785+0900][17.600s][debug][gc,heap        ] GC(57)   class space    used 1092K, committed 1344K, reserved 1048576K
[2026-08-02T23:33:03.785+0900][17.601s][info ][gc,task        ] GC(57) Using 18 workers of 18 for evacuation
[2026-08-02T23:33:03.885+0900][17.700s][info ][gc,phases      ] GC(57)   Pre Evacuate Collection Set: 0.1ms
[2026-08-02T23:33:03.885+0900][17.700s][info ][gc,phases      ] GC(57)   Merge Heap Roots: 1.7ms
[2026-08-02T23:33:03.885+0900][17.700s][info ][gc,phases      ] GC(57)   Evacuate Collection Set: 97.0ms
[2026-08-02T23:33:03.885+0900][17.700s][info ][gc,phases      ] GC(57)   Post Evacuate Collection Set: 0.6ms
[2026-08-02T23:33:03.885+0900][17.700s][info ][gc,phases      ] GC(57)   Other: 0.1ms
[2026-08-02T23:33:03.885+0900][17.700s][info ][gc,heap        ] GC(57) Eden regions: 28->0(31)
[2026-08-02T23:33:03.885+0900][17.700s][info ][gc,heap        ] GC(57) Survivor regions: 4->4(4)
[2026-08-02T23:33:03.885+0900][17.700s][info ][gc,heap        ] GC(57) Old regions: 72->86
[2026-08-02T23:33:03.886+0900][17.700s][info ][gc,heap        ] GC(57) Archive regions: 0->0
[2026-08-02T23:33:03.886+0900][17.700s][info ][gc,heap        ] GC(57) Humongous regions: 0->0
[2026-08-02T23:33:03.886+0900][17.700s][info ][gc,metaspace   ] GC(57) Metaspace: 11925K(12416K)->11925K(12416K) NonClass: 10832K(11072K)->10832K(11072K) Class: 1092K(1344K)->1092K(1344K)
[2026-08-02T23:33:03.886+0900][17.700s][debug][gc,heap        ] GC(57) Heap after GC invocations=58 (full 32):
[2026-08-02T23:33:03.886+0900][17.700s][debug][gc,heap        ] GC(57)  garbage-first heap   total 9437184K, used 2920811K [0x000001f4bc000000, 0x0000022bbc000000)
[2026-08-02T23:33:03.886+0900][17.700s][debug][gc,heap        ] GC(57)   region size 32768K, 4 young (131072K), 4 survivors (131072K)
[2026-08-02T23:33:03.886+0900][17.700s][debug][gc,heap        ] GC(57)  Metaspace       used 11925K, committed 12416K, reserved 1114112K
[2026-08-02T23:33:03.886+0900][17.700s][debug][gc,heap        ] GC(57)   class space    used 1092K, committed 1344K, reserved 1048576K
[2026-08-02T23:33:03.886+0900][17.700s][info ][gc             ] GC(57) Pause Young (Normal) (G1 Evacuation Pause) 3300M->2852M(9216M) 99.944ms
[2026-08-02T23:33:03.886+0900][17.700s][info ][gc,cpu         ] GC(57) User=1.41s Sys=0.28s Real=0.10s
[2026-08-02T23:33:03.886+0900][17.700s][info ][safepoint      ] Safepoint "G1CollectForAllocation", Time since last: 127907800 ns, Reaching safepoint: 102600 ns, At safepoint: 100014000 ns, Total: 100116600 ns
[2026-08-02T23:33:04.893+0900][18.707s][info ][safepoint      ] Safepoint "Cleanup", Time since last: 1006986600 ns, Reaching safepoint: 141500 ns, At safepoint: 9100 ns, Total: 150600 ns
[2026-08-02T23:33:04.972+0900][18.788s][info ][gc,start       ] GC(58) Pause Young (Normal) (G1 Evacuation Pause)
[2026-08-02T23:33:04.972+0900][18.788s][debug][gc,heap        ] GC(58) Heap before GC invocations=58 (full 32):
[2026-08-02T23:33:04.972+0900][18.788s][debug][gc,heap        ] GC(58)  garbage-first heap   total 9437184K, used 3936619K [0x000001f4bc000000, 0x0000022bbc000000)
[2026-08-02T23:33:04.972+0900][18.788s][debug][gc,heap        ] GC(58)   region size 32768K, 35 young (1146880K), 4 survivors (131072K)
[2026-08-02T23:33:04.972+0900][18.788s][debug][gc,heap        ] GC(58)  Metaspace       used 11925K, committed 12416K, reserved 1114112K
[2026-08-02T23:33:04.972+0900][18.788s][debug][gc,heap        ] GC(58)   class space    used 1092K, committed 1344K, reserved 1048576K
[2026-08-02T23:33:04.972+0900][18.788s][info ][gc,task        ] GC(58) Using 18 workers of 18 for evacuation
[2026-08-02T23:33:05.074+0900][18.889s][info ][gc,phases      ] GC(58)   Pre Evacuate Collection Set: 0.1ms
[2026-08-02T23:33:05.074+0900][18.889s][info ][gc,phases      ] GC(58)   Merge Heap Roots: 1.7ms
[2026-08-02T23:33:05.074+0900][18.889s][info ][gc,phases      ] GC(58)   Evacuate Collection Set: 98.8ms
[2026-08-02T23:33:05.074+0900][18.889s][info ][gc,phases      ] GC(58)   Post Evacuate Collection Set: 0.5ms
[2026-08-02T23:33:05.074+0900][18.889s][info ][gc,phases      ] GC(58)   Other: 0.1ms
[2026-08-02T23:33:05.074+0900][18.889s][info ][gc,heap        ] GC(58) Eden regions: 31->0(52)
[2026-08-02T23:33:05.074+0900][18.889s][info ][gc,heap        ] GC(58) Survivor regions: 4->5(5)
[2026-08-02T23:33:05.074+0900][18.889s][info ][gc,heap        ] GC(58) Old regions: 86->101
[2026-08-02T23:33:05.074+0900][18.889s][info ][gc,heap        ] GC(58) Archive regions: 0->0
[2026-08-02T23:33:05.074+0900][18.889s][info ][gc,heap        ] GC(58) Humongous regions: 0->0
[2026-08-02T23:33:05.074+0900][18.889s][info ][gc,metaspace   ] GC(58) Metaspace: 11925K(12416K)->11925K(12416K) NonClass: 10832K(11072K)->10832K(11072K) Class: 1092K(1344K)->1092K(1344K)
[2026-08-02T23:33:05.074+0900][18.889s][debug][gc,heap        ] GC(58) Heap after GC invocations=59 (full 32):
[2026-08-02T23:33:05.074+0900][18.889s][debug][gc,heap        ] GC(58)  garbage-first heap   total 9437184K, used 3435750K [0x000001f4bc000000, 0x0000022bbc000000)
[2026-08-02T23:33:05.074+0900][18.889s][debug][gc,heap        ] GC(58)   region size 32768K, 5 young (163840K), 5 survivors (163840K)
[2026-08-02T23:33:05.074+0900][18.889s][debug][gc,heap        ] GC(58)  Metaspace       used 11925K, committed 12416K, reserved 1114112K
[2026-08-02T23:33:05.074+0900][18.889s][debug][gc,heap        ] GC(58)   class space    used 1092K, committed 1344K, reserved 1048576K
[2026-08-02T23:33:05.074+0900][18.889s][info ][gc             ] GC(58) Pause Young (Normal) (G1 Evacuation Pause) 3844M->3355M(9216M) 101.621ms
[2026-08-02T23:33:05.074+0900][18.889s][info ][gc,cpu         ] GC(58) User=1.33s Sys=0.39s Real=0.10s
[2026-08-02T23:33:05.074+0900][18.889s][info ][safepoint      ] Safepoint "G1CollectForAllocation", Time since last: 79999400 ns, Reaching safepoint: 103200 ns, At safepoint: 101681100 ns, Total: 101784300 ns
[2026-08-02T23:33:06.077+0900][19.892s][info ][safepoint      ] Safepoint "Cleanup", Time since last: 1002093200 ns, Reaching safepoint: 148100 ns, At safepoint: 9800 ns, Total: 157900 ns
[2026-08-02T23:33:06.994+0900][20.808s][info ][gc,start       ] GC(59) Pause Young (Normal) (G1 Evacuation Pause)
[2026-08-02T23:33:06.994+0900][20.808s][debug][gc,heap        ] GC(59) Heap before GC invocations=59 (full 32):
[2026-08-02T23:33:06.994+0900][20.808s][debug][gc,heap        ] GC(59)  garbage-first heap   total 9437184K, used 5139686K [0x000001f4bc000000, 0x0000022bbc000000)
[2026-08-02T23:33:06.994+0900][20.808s][debug][gc,heap        ] GC(59)   region size 32768K, 57 young (1867776K), 5 survivors (163840K)
[2026-08-02T23:33:06.994+0900][20.808s][debug][gc,heap        ] GC(59)  Metaspace       used 12055K, committed 12608K, reserved 1114112K
[2026-08-02T23:33:06.994+0900][20.808s][debug][gc,heap        ] GC(59)   class space    used 1106K, committed 1408K, reserved 1048576K
[2026-08-02T23:33:06.994+0900][20.808s][info ][gc,task        ] GC(59) Using 18 workers of 18 for evacuation
[2026-08-02T23:33:07.140+0900][20.956s][info ][gc,phases      ] GC(59)   Pre Evacuate Collection Set: 0.1ms
[2026-08-02T23:33:07.140+0900][20.956s][info ][gc,phases      ] GC(59)   Merge Heap Roots: 0.6ms
[2026-08-02T23:33:07.140+0900][20.956s][info ][gc,phases      ] GC(59)   Evacuate Collection Set: 136.2ms
[2026-08-02T23:33:07.140+0900][20.956s][info ][gc,phases      ] GC(59)   Post Evacuate Collection Set: 10.0ms
[2026-08-02T23:33:07.140+0900][20.956s][info ][gc,phases      ] GC(59)   Other: 0.1ms
[2026-08-02T23:33:07.140+0900][20.956s][info ][gc,heap        ] GC(59) Eden regions: 52->0(35)
[2026-08-02T23:33:07.140+0900][20.956s][info ][gc,heap        ] GC(59) Survivor regions: 5->8(8)
[2026-08-02T23:33:07.140+0900][20.956s][info ][gc,heap        ] GC(59) Old regions: 101->122
[2026-08-02T23:33:07.140+0900][20.956s][info ][gc,heap        ] GC(59) Archive regions: 0->0
[2026-08-02T23:33:07.140+0900][20.956s][info ][gc,heap        ] GC(59) Humongous regions: 0->0
[2026-08-02T23:33:07.140+0900][20.956s][info ][gc,metaspace   ] GC(59) Metaspace: 12055K(12608K)->12055K(12608K) NonClass: 10949K(11200K)->10949K(11200K) Class: 1106K(1408K)->1106K(1408K)
[2026-08-02T23:33:07.140+0900][20.956s][debug][gc,heap        ] GC(59) Heap after GC invocations=60 (full 32):
[2026-08-02T23:33:07.140+0900][20.956s][debug][gc,heap        ] GC(59)  garbage-first heap   total 14483456K, used 4241885K [0x000001f4bc000000, 0x0000022bbc000000)
[2026-08-02T23:33:07.140+0900][20.956s][debug][gc,heap        ] GC(59)   region size 32768K, 8 young (262144K), 8 survivors (262144K)
[2026-08-02T23:33:07.140+0900][20.956s][debug][gc,heap        ] GC(59)  Metaspace       used 12055K, committed 12608K, reserved 1114112K
[2026-08-02T23:33:07.140+0900][20.956s][debug][gc,heap        ] GC(59)   class space    used 1106K, committed 1408K, reserved 1048576K
[2026-08-02T23:33:07.140+0900][20.956s][info ][gc             ] GC(59) Pause Young (Normal) (G1 Evacuation Pause) 5019M->4142M(14144M) 147.494ms
[2026-08-02T23:33:07.140+0900][20.956s][info ][gc,cpu         ] GC(59) User=2.11s Sys=0.44s Real=0.15s
[2026-08-02T23:33:07.140+0900][20.956s][info ][safepoint      ] Safepoint "G1CollectForAllocation", Time since last: 916704400 ns, Reaching safepoint: 103000 ns, At safepoint: 147562200 ns, Total: 147665200 ns
[2026-08-02T23:33:08.757+0900][22.572s][info ][gc,start       ] GC(60) Pause Full (System.gc())
[2026-08-02T23:33:08.757+0900][22.572s][debug][gc,heap        ] GC(60) Heap before GC invocations=60 (full 32):
[2026-08-02T23:33:08.757+0900][22.572s][debug][gc,heap        ] GC(60)  garbage-first heap   total 14483456K, used 5257693K [0x000001f4bc000000, 0x0000022bbc000000)
[2026-08-02T23:33:08.757+0900][22.572s][debug][gc,heap        ] GC(60)   region size 32768K, 40 young (1310720K), 8 survivors (262144K)
[2026-08-02T23:33:08.757+0900][22.572s][debug][gc,heap        ] GC(60)  Metaspace       used 12081K, committed 12608K, reserved 1114112K
[2026-08-02T23:33:08.757+0900][22.572s][debug][gc,heap        ] GC(60)   class space    used 1107K, committed 1408K, reserved 1048576K
[2026-08-02T23:33:08.757+0900][22.572s][info ][gc,task        ] GC(60) Using 18 workers of 18 for full compaction
[2026-08-02T23:33:08.757+0900][22.572s][info ][gc,phases,start] GC(60) Phase 1: Mark live objects
[2026-08-02T23:33:08.832+0900][22.646s][info ][gc,phases      ] GC(60) Phase 1: Mark live objects 74.184ms
[2026-08-02T23:33:08.832+0900][22.646s][info ][gc,phases,start] GC(60) Phase 2: Prepare for compaction
[2026-08-02T23:33:08.867+0900][22.682s][info ][gc,phases      ] GC(60) Phase 2: Prepare for compaction 35.909ms
[2026-08-02T23:33:08.867+0900][22.682s][info ][gc,phases,start] GC(60) Phase 3: Adjust pointers
[2026-08-02T23:33:08.917+0900][22.733s][info ][gc,phases      ] GC(60) Phase 3: Adjust pointers 50.223ms
[2026-08-02T23:33:08.918+0900][22.733s][info ][gc,phases,start] GC(60) Phase 4: Compact heap
[2026-08-02T23:33:08.955+0900][22.770s][info ][gc,phases      ] GC(60) Phase 4: Compact heap 37.800ms
[2026-08-02T23:33:08.986+0900][22.801s][debug][gc,heap        ] GC(60) Uncommittable regions after shrink: 345
[2026-08-02T23:33:08.988+0900][22.803s][info ][gc,heap        ] GC(60) Eden regions: 32->0(19)
[2026-08-02T23:33:08.988+0900][22.803s][info ][gc,heap        ] GC(60) Survivor regions: 8->0(8)
[2026-08-02T23:33:08.988+0900][22.803s][info ][gc,heap        ] GC(60) Old regions: 122->29
[2026-08-02T23:33:08.988+0900][22.803s][info ][gc,heap        ] GC(60) Archive regions: 0->0
[2026-08-02T23:33:08.988+0900][22.803s][info ][gc,heap        ] GC(60) Humongous regions: 0->0
[2026-08-02T23:33:08.988+0900][22.803s][info ][gc,metaspace   ] GC(60) Metaspace: 12081K(12608K)->12081K(12608K) NonClass: 10974K(11200K)->10974K(11200K) Class: 1107K(1408K)->1107K(1408K)
[2026-08-02T23:33:08.988+0900][22.803s][debug][gc,heap        ] GC(60) Heap after GC invocations=61 (full 33):
[2026-08-02T23:33:08.988+0900][22.803s][debug][gc,heap        ] GC(60)  garbage-first heap   total 3178496K, used 607493K [0x000001f4bc000000, 0x0000022bbc000000)
[2026-08-02T23:33:08.988+0900][22.803s][debug][gc,heap        ] GC(60)   region size 32768K, 0 young (0K), 0 survivors (0K)
[2026-08-02T23:33:08.988+0900][22.803s][debug][gc,heap        ] GC(60)  Metaspace       used 12081K, committed 12608K, reserved 1114112K
[2026-08-02T23:33:08.988+0900][22.803s][debug][gc,heap        ] GC(60)   class space    used 1107K, committed 1408K, reserved 1048576K
[2026-08-02T23:33:08.988+0900][22.803s][info ][gc             ] GC(60) Pause Full (System.gc()) 5150M->593M(3104M) 231.583ms
[2026-08-02T23:33:08.988+0900][22.803s][info ][gc,cpu         ] GC(60) User=3.31s Sys=0.73s Real=0.23s
[2026-08-02T23:33:08.988+0900][22.803s][info ][safepoint      ] Safepoint "G1CollectFull", Time since last: 1615578100 ns, Reaching safepoint: 100500 ns, At safepoint: 231650100 ns, Total: 231750600 ns
[2026-08-02T23:33:09.588+0900][23.403s][info ][gc,start       ] GC(61) Pause Young (Normal) (G1 Evacuation Pause)
[2026-08-02T23:33:09.588+0900][23.403s][debug][gc,heap        ] GC(61) Heap before GC invocations=61 (full 33):
[2026-08-02T23:33:09.588+0900][23.403s][debug][gc,heap        ] GC(61)  garbage-first heap   total 3178496K, used 1230085K [0x000001f4bc000000, 0x0000022bbc000000)
[2026-08-02T23:33:09.588+0900][23.403s][debug][gc,heap        ] GC(61)   region size 32768K, 19 young (622592K), 0 survivors (0K)
[2026-08-02T23:33:09.588+0900][23.403s][debug][gc,heap        ] GC(61)  Metaspace       used 12088K, committed 12608K, reserved 1114112K
[2026-08-02T23:33:09.588+0900][23.403s][debug][gc,heap        ] GC(61)   class space    used 1107K, committed 1408K, reserved 1048576K
[2026-08-02T23:33:09.588+0900][23.403s][info ][gc,task        ] GC(61) Using 18 workers of 18 for evacuation
[2026-08-02T23:33:09.640+0900][23.456s][info ][gc,phases      ] GC(61)   Pre Evacuate Collection Set: 0.1ms
[2026-08-02T23:33:09.640+0900][23.456s][info ][gc,phases      ] GC(61)   Merge Heap Roots: 0.3ms
[2026-08-02T23:33:09.640+0900][23.456s][info ][gc,phases      ] GC(61)   Evacuate Collection Set: 51.6ms
[2026-08-02T23:33:09.641+0900][23.456s][info ][gc,phases      ] GC(61)   Post Evacuate Collection Set: 0.5ms
[2026-08-02T23:33:09.641+0900][23.456s][info ][gc,phases      ] GC(61)   Other: 0.1ms
[2026-08-02T23:33:09.641+0900][23.456s][info ][gc,heap        ] GC(61) Eden regions: 19->0(16)
[2026-08-02T23:33:09.641+0900][23.456s][info ][gc,heap        ] GC(61) Survivor regions: 0->3(3)
[2026-08-02T23:33:09.641+0900][23.456s][info ][gc,heap        ] GC(61) Old regions: 29->37
[2026-08-02T23:33:09.641+0900][23.456s][info ][gc,heap        ] GC(61) Archive regions: 0->0
[2026-08-02T23:33:09.641+0900][23.456s][info ][gc,heap        ] GC(61) Humongous regions: 0->0
[2026-08-02T23:33:09.641+0900][23.456s][info ][gc,metaspace   ] GC(61) Metaspace: 12088K(12608K)->12088K(12608K) NonClass: 10981K(11200K)->10981K(11200K) Class: 1107K(1408K)->1107K(1408K)
[2026-08-02T23:33:09.641+0900][23.456s][debug][gc,heap        ] GC(61) Heap after GC invocations=62 (full 33):
[2026-08-02T23:33:09.641+0900][23.456s][debug][gc,heap        ] GC(61)  garbage-first heap   total 3178496K, used 967941K [0x000001f4bc000000, 0x0000022bbc000000)
[2026-08-02T23:33:09.641+0900][23.456s][debug][gc,heap        ] GC(61)   region size 32768K, 3 young (98304K), 3 survivors (98304K)
[2026-08-02T23:33:09.641+0900][23.456s][debug][gc,heap        ] GC(61)  Metaspace       used 12088K, committed 12608K, reserved 1114112K
[2026-08-02T23:33:09.641+0900][23.456s][debug][gc,heap        ] GC(61)   class space    used 1107K, committed 1408K, reserved 1048576K
[2026-08-02T23:33:09.641+0900][23.456s][info ][gc             ] GC(61) Pause Young (Normal) (G1 Evacuation Pause) 1201M->945M(3104M) 52.978ms
[2026-08-02T23:33:09.641+0900][23.456s][info ][gc,cpu         ] GC(61) User=1.12s Sys=0.00s Real=0.05s
[2026-08-02T23:33:09.641+0900][23.456s][info ][safepoint      ] Safepoint "G1CollectForAllocation", Time since last: 599399600 ns, Reaching safepoint: 109600 ns, At safepoint: 53036200 ns, Total: 53145800 ns
[2026-08-02T23:33:09.987+0900][23.802s][info ][gc,start       ] GC(62) Pause Young (Normal) (G1 Evacuation Pause)
[2026-08-02T23:33:09.987+0900][23.802s][debug][gc,heap        ] GC(62) Heap before GC invocations=62 (full 33):
[2026-08-02T23:33:09.987+0900][23.802s][debug][gc,heap        ] GC(62)  garbage-first heap   total 3178496K, used 1459461K [0x000001f4bc000000, 0x0000022bbc000000)
[2026-08-02T23:33:09.987+0900][23.802s][debug][gc,heap        ] GC(62)   region size 32768K, 19 young (622592K), 3 survivors (98304K)
[2026-08-02T23:33:09.987+0900][23.802s][debug][gc,heap        ] GC(62)  Metaspace       used 12090K, committed 12608K, reserved 1114112K
[2026-08-02T23:33:09.987+0900][23.802s][debug][gc,heap        ] GC(62)   class space    used 1107K, committed 1408K, reserved 1048576K
[2026-08-02T23:33:09.987+0900][23.802s][info ][gc,task        ] GC(62) Using 18 workers of 18 for evacuation
[2026-08-02T23:33:10.052+0900][23.867s][info ][gc,phases      ] GC(62)   Pre Evacuate Collection Set: 0.1ms
[2026-08-02T23:33:10.052+0900][23.867s][info ][gc,phases      ] GC(62)   Merge Heap Roots: 1.6ms
[2026-08-02T23:33:10.052+0900][23.867s][info ][gc,phases      ] GC(62)   Evacuate Collection Set: 62.0ms
[2026-08-02T23:33:10.052+0900][23.867s][info ][gc,phases      ] GC(62)   Post Evacuate Collection Set: 0.5ms
[2026-08-02T23:33:10.052+0900][23.867s][info ][gc,phases      ] GC(62)   Other: 0.1ms
[2026-08-02T23:33:10.052+0900][23.867s][info ][gc,heap        ] GC(62) Eden regions: 16->0(15)
[2026-08-02T23:33:10.052+0900][23.867s][info ][gc,heap        ] GC(62) Survivor regions: 3->3(3)
[2026-08-02T23:33:10.052+0900][23.867s][info ][gc,heap        ] GC(62) Old regions: 37->48
[2026-08-02T23:33:10.052+0900][23.867s][info ][gc,heap        ] GC(62) Archive regions: 0->0
[2026-08-02T23:33:10.052+0900][23.867s][info ][gc,heap        ] GC(62) Humongous regions: 0->0
[2026-08-02T23:33:10.052+0900][23.867s][info ][gc,metaspace   ] GC(62) Metaspace: 12090K(12608K)->12090K(12608K) NonClass: 10983K(11200K)->10983K(11200K) Class: 1107K(1408K)->1107K(1408K)
[2026-08-02T23:33:10.052+0900][23.867s][debug][gc,heap        ] GC(62) Heap after GC invocations=63 (full 33):
[2026-08-02T23:33:10.052+0900][23.867s][debug][gc,heap        ] GC(62)  garbage-first heap   total 3178496K, used 1298966K [0x000001f4bc000000, 0x0000022bbc000000)
[2026-08-02T23:33:10.052+0900][23.867s][debug][gc,heap        ] GC(62)   region size 32768K, 3 young (98304K), 3 survivors (98304K)
[2026-08-02T23:33:10.052+0900][23.867s][debug][gc,heap        ] GC(62)  Metaspace       used 12090K, committed 12608K, reserved 1114112K
[2026-08-02T23:33:10.052+0900][23.867s][debug][gc,heap        ] GC(62)   class space    used 1107K, committed 1408K, reserved 1048576K
[2026-08-02T23:33:10.052+0900][23.867s][info ][gc             ] GC(62) Pause Young (Normal) (G1 Evacuation Pause) 1457M->1268M(3104M) 64.764ms
[2026-08-02T23:33:10.052+0900][23.867s][info ][gc,cpu         ] GC(62) User=1.12s Sys=0.00s Real=0.07s
[2026-08-02T23:33:10.052+0900][23.867s][info ][safepoint      ] Safepoint "G1CollectForAllocation", Time since last: 339039700 ns, Reaching safepoint: 7188900 ns, At safepoint: 64822600 ns, Total: 72011500 ns
[2026-08-02T23:33:10.617+0900][24.432s][info ][gc,start       ] GC(63) Pause Young (Concurrent Start) (G1 Evacuation Pause)
[2026-08-02T23:33:10.618+0900][24.432s][debug][gc,heap        ] GC(63) Heap before GC invocations=63 (full 33):
[2026-08-02T23:33:10.618+0900][24.432s][debug][gc,heap        ] GC(63)  garbage-first heap   total 3178496K, used 1790486K [0x000001f4bc000000, 0x0000022bbc000000)
[2026-08-02T23:33:10.618+0900][24.432s][debug][gc,heap        ] GC(63)   region size 32768K, 18 young (589824K), 3 survivors (98304K)
[2026-08-02T23:33:10.618+0900][24.432s][debug][gc,heap        ] GC(63)  Metaspace       used 12090K, committed 12608K, reserved 1114112K
[2026-08-02T23:33:10.618+0900][24.432s][debug][gc,heap        ] GC(63)   class space    used 1107K, committed 1408K, reserved 1048576K
[2026-08-02T23:33:10.618+0900][24.432s][info ][gc,task        ] GC(63) Using 18 workers of 18 for evacuation
[2026-08-02T23:33:10.679+0900][24.495s][info ][gc,phases      ] GC(63)   Pre Evacuate Collection Set: 0.3ms
[2026-08-02T23:33:10.679+0900][24.495s][info ][gc,phases      ] GC(63)   Merge Heap Roots: 1.2ms
[2026-08-02T23:33:10.680+0900][24.495s][info ][gc,phases      ] GC(63)   Evacuate Collection Set: 60.2ms
[2026-08-02T23:33:10.680+0900][24.495s][info ][gc,phases      ] GC(63)   Post Evacuate Collection Set: 0.7ms
[2026-08-02T23:33:10.680+0900][24.495s][info ][gc,phases      ] GC(63)   Other: 0.1ms
[2026-08-02T23:33:10.680+0900][24.495s][info ][gc,heap        ] GC(63) Eden regions: 15->0(10)
[2026-08-02T23:33:10.680+0900][24.495s][info ][gc,heap        ] GC(63) Survivor regions: 3->3(3)
[2026-08-02T23:33:10.680+0900][24.495s][info ][gc,heap        ] GC(63) Old regions: 48->58
[2026-08-02T23:33:10.680+0900][24.495s][info ][gc,heap        ] GC(63) Archive regions: 0->0
[2026-08-02T23:33:10.680+0900][24.495s][info ][gc,heap        ] GC(63) Humongous regions: 0->0
[2026-08-02T23:33:10.680+0900][24.495s][info ][gc,metaspace   ] GC(63) Metaspace: 12090K(12608K)->12090K(12608K) NonClass: 10983K(11200K)->10983K(11200K) Class: 1107K(1408K)->1107K(1408K)
[2026-08-02T23:33:10.680+0900][24.495s][debug][gc,heap        ] GC(63) Heap after GC invocations=64 (full 33):
[2026-08-02T23:33:10.680+0900][24.495s][debug][gc,heap        ] GC(63)  garbage-first heap   total 3178496K, used 1639233K [0x000001f4bc000000, 0x0000022bbc000000)
[2026-08-02T23:33:10.680+0900][24.495s][debug][gc,heap        ] GC(63)   region size 32768K, 3 young (98304K), 3 survivors (98304K)
[2026-08-02T23:33:10.680+0900][24.495s][debug][gc,heap        ] GC(63)  Metaspace       used 12090K, committed 12608K, reserved 1114112K
[2026-08-02T23:33:10.680+0900][24.495s][debug][gc,heap        ] GC(63)   class space    used 1107K, committed 1408K, reserved 1048576K
[2026-08-02T23:33:10.680+0900][24.495s][info ][gc             ] GC(63) Pause Young (Concurrent Start) (G1 Evacuation Pause) 1748M->1600M(3104M) 62.722ms
[2026-08-02T23:33:10.680+0900][24.495s][info ][gc,cpu         ] GC(63) User=1.12s Sys=0.00s Real=0.06s
[2026-08-02T23:33:10.680+0900][24.495s][info ][gc             ] GC(64) Concurrent Mark Cycle
[2026-08-02T23:33:10.680+0900][24.495s][info ][safepoint      ] Safepoint "G1CollectForAllocation", Time since last: 565351600 ns, Reaching safepoint: 104300 ns, At safepoint: 62798600 ns, Total: 62902900 ns
[2026-08-02T23:33:10.680+0900][24.495s][info ][gc,marking     ] GC(64) Concurrent Clear Claimed Marks
[2026-08-02T23:33:10.680+0900][24.495s][info ][gc,marking     ] GC(64) Concurrent Clear Claimed Marks 0.079ms
[2026-08-02T23:33:10.680+0900][24.495s][info ][gc,marking     ] GC(64) Concurrent Scan Root Regions
[2026-08-02T23:33:10.766+0900][24.580s][info ][gc,marking     ] GC(64) Concurrent Scan Root Regions 85.264ms
[2026-08-02T23:33:10.766+0900][24.581s][info ][gc,marking     ] GC(64) Concurrent Mark
[2026-08-02T23:33:10.766+0900][24.581s][info ][gc,marking     ] GC(64) Concurrent Mark From Roots
[2026-08-02T23:33:10.766+0900][24.581s][info ][gc,task        ] GC(64) Using 5 workers of 5 for marking
[2026-08-02T23:33:10.873+0900][24.689s][info ][gc,marking     ] GC(64) Concurrent Mark From Roots 108.326ms
[2026-08-02T23:33:10.874+0900][24.689s][info ][gc,marking     ] GC(64) Concurrent Preclean
[2026-08-02T23:33:10.874+0900][24.689s][info ][gc,marking     ] GC(64) Concurrent Preclean 0.028ms
[2026-08-02T23:33:10.874+0900][24.689s][info ][gc,start       ] GC(64) Pause Remark
[2026-08-02T23:33:10.876+0900][24.691s][info ][gc             ] GC(64) Pause Remark 1853M->1717M(3104M) 1.679ms
[2026-08-02T23:33:10.876+0900][24.691s][info ][gc,cpu         ] GC(64) User=0.00s Sys=0.00s Real=0.00s
[2026-08-02T23:33:10.876+0900][24.691s][info ][safepoint      ] Safepoint "G1Concurrent", Time since last: 193925700 ns, Reaching safepoint: 119900 ns, At safepoint: 1744200 ns, Total: 1864100 ns
[2026-08-02T23:33:10.876+0900][24.691s][info ][gc,marking     ] GC(64) Concurrent Mark 110.351ms
[2026-08-02T23:33:10.876+0900][24.691s][info ][gc,marking     ] GC(64) Concurrent Rebuild Remembered Sets
[2026-08-02T23:33:10.924+0900][24.739s][info ][gc,start       ] GC(65) Pause Young (Normal) (G1 Evacuation Pause)
[2026-08-02T23:33:10.924+0900][24.739s][debug][gc,heap        ] GC(65) Heap before GC invocations=64 (full 33):
[2026-08-02T23:33:10.924+0900][24.739s][debug][gc,heap        ] GC(65)  garbage-first heap   total 3178496K, used 1827208K [0x000001f4bc000000, 0x0000022bbc000000)
[2026-08-02T23:33:10.924+0900][24.739s][debug][gc,heap        ] GC(65)   region size 32768K, 13 young (425984K), 3 survivors (98304K)
[2026-08-02T23:33:10.924+0900][24.739s][debug][gc,heap        ] GC(65)  Metaspace       used 12090K, committed 12608K, reserved 1114112K
[2026-08-02T23:33:10.924+0900][24.739s][debug][gc,heap        ] GC(65)   class space    used 1107K, committed 1408K, reserved 1048576K
[2026-08-02T23:33:10.924+0900][24.739s][info ][gc,task        ] GC(65) Using 18 workers of 18 for evacuation
[2026-08-02T23:33:10.969+0900][24.785s][info ][gc,phases      ] GC(65)   Pre Evacuate Collection Set: 0.1ms
[2026-08-02T23:33:10.969+0900][24.785s][info ][gc,phases      ] GC(65)   Merge Heap Roots: 1.1ms
[2026-08-02T23:33:10.969+0900][24.785s][info ][gc,phases      ] GC(65)   Evacuate Collection Set: 43.3ms
[2026-08-02T23:33:10.969+0900][24.785s][info ][gc,phases      ] GC(65)   Post Evacuate Collection Set: 1.3ms
[2026-08-02T23:33:10.969+0900][24.785s][info ][gc,phases      ] GC(65)   Other: 0.1ms
[2026-08-02T23:33:10.969+0900][24.785s][info ][gc,heap        ] GC(65) Eden regions: 10->0(11)
[2026-08-02T23:33:10.969+0900][24.785s][info ][gc,heap        ] GC(65) Survivor regions: 3->2(2)
[2026-08-02T23:33:10.969+0900][24.785s][info ][gc,heap        ] GC(65) Old regions: 46->55
[2026-08-02T23:33:10.969+0900][24.785s][info ][gc,heap        ] GC(65) Archive regions: 0->0
[2026-08-02T23:33:10.969+0900][24.785s][info ][gc,heap        ] GC(65) Humongous regions: 0->0
[2026-08-02T23:33:10.969+0900][24.785s][info ][gc,metaspace   ] GC(65) Metaspace: 12090K(12608K)->12090K(12608K) NonClass: 10983K(11200K)->10983K(11200K) Class: 1107K(1408K)->1107K(1408K)
[2026-08-02T23:33:10.969+0900][24.785s][debug][gc,heap        ] GC(65) Heap after GC invocations=65 (full 33):
[2026-08-02T23:33:10.969+0900][24.785s][debug][gc,heap        ] GC(65)  garbage-first heap   total 3178496K, used 1749094K [0x000001f4bc000000, 0x0000022bbc000000)
[2026-08-02T23:33:10.969+0900][24.785s][debug][gc,heap        ] GC(65)   region size 32768K, 2 young (65536K), 2 survivors (65536K)
[2026-08-02T23:33:10.969+0900][24.785s][debug][gc,heap        ] GC(65)  Metaspace       used 12090K, committed 12608K, reserved 1114112K
[2026-08-02T23:33:10.969+0900][24.785s][debug][gc,heap        ] GC(65)   class space    used 1107K, committed 1408K, reserved 1048576K
[2026-08-02T23:33:10.969+0900][24.785s][info ][gc             ] GC(65) Pause Young (Normal) (G1 Evacuation Pause) 1784M->1708M(3104M) 46.263ms
[2026-08-02T23:33:10.969+0900][24.785s][info ][gc,cpu         ] GC(65) User=0.84s Sys=0.00s Real=0.05s
[2026-08-02T23:33:10.969+0900][24.785s][info ][safepoint      ] Safepoint "G1CollectForAllocation", Time since last: 47639900 ns, Reaching safepoint: 451800 ns, At safepoint: 46343200 ns, Total: 46795000 ns
[2026-08-02T23:33:11.185+0900][25.000s][debug][gc,heap        ] Concurrent Uncommit Summary: 11040M, 345 regions, 375.995ms
[2026-08-02T23:33:11.344+0900][25.159s][info ][gc,marking     ] GC(64) Concurrent Rebuild Remembered Sets 468.027ms
[2026-08-02T23:33:11.344+0900][25.159s][info ][gc,start       ] GC(64) Pause Cleanup
[2026-08-02T23:33:11.344+0900][25.159s][debug][gc,ergo,cset   ] GC(64) Pruned 10 regions out of 24, leaving 158712112 bytes waste (allowed 162738995)
[2026-08-02T23:33:11.344+0900][25.159s][info ][gc             ] GC(64) Pause Cleanup 1946M->1946M(3104M) 0.158ms
[2026-08-02T23:33:11.344+0900][25.159s][info ][gc,cpu         ] GC(64) User=0.00s Sys=0.00s Real=0.00s
[2026-08-02T23:33:11.344+0900][25.159s][info ][safepoint      ] Safepoint "G1Concurrent", Time since last: 373759900 ns, Reaching safepoint: 137000 ns, At safepoint: 194500 ns, Total: 331500 ns
[2026-08-02T23:33:11.344+0900][25.159s][info ][gc,marking     ] GC(64) Concurrent Cleanup for Next Mark
[2026-08-02T23:33:11.345+0900][25.160s][info ][gc,marking     ] GC(64) Concurrent Cleanup for Next Mark 0.821ms
[2026-08-02T23:33:11.345+0900][25.160s][info ][gc             ] GC(64) Concurrent Mark Cycle 665.241ms
[2026-08-02T23:33:11.791+0900][25.607s][info ][gc,start       ] GC(66) Pause Young (Prepare Mixed) (G1 Evacuation Pause)
[2026-08-02T23:33:11.791+0900][25.607s][debug][gc,heap        ] GC(66) Heap before GC invocations=66 (full 33):
[2026-08-02T23:33:11.792+0900][25.607s][debug][gc,heap        ] GC(66)  garbage-first heap   total 3178496K, used 2109542K [0x000001f4bc000000, 0x0000022bbc000000)
[2026-08-02T23:33:11.792+0900][25.607s][debug][gc,heap        ] GC(66)   region size 32768K, 13 young (425984K), 2 survivors (65536K)
[2026-08-02T23:33:11.792+0900][25.607s][debug][gc,heap        ] GC(66)  Metaspace       used 12090K, committed 12608K, reserved 1114112K
[2026-08-02T23:33:11.792+0900][25.607s][debug][gc,heap        ] GC(66)   class space    used 1107K, committed 1408K, reserved 1048576K
[2026-08-02T23:33:11.792+0900][25.607s][info ][gc,task        ] GC(66) Using 18 workers of 18 for evacuation
[2026-08-02T23:33:11.824+0900][25.639s][info ][gc,phases      ] GC(66)   Pre Evacuate Collection Set: 0.1ms
[2026-08-02T23:33:11.824+0900][25.639s][info ][gc,phases      ] GC(66)   Merge Heap Roots: 0.6ms
[2026-08-02T23:33:11.824+0900][25.639s][info ][gc,phases      ] GC(66)   Evacuate Collection Set: 30.3ms
[2026-08-02T23:33:11.824+0900][25.639s][info ][gc,phases      ] GC(66)   Post Evacuate Collection Set: 0.7ms
[2026-08-02T23:33:11.824+0900][25.639s][info ][gc,phases      ] GC(66)   Other: 0.1ms
[2026-08-02T23:33:11.824+0900][25.639s][info ][gc,heap        ] GC(66) Eden regions: 11->0(2)
[2026-08-02T23:33:11.824+0900][25.639s][info ][gc,heap        ] GC(66) Survivor regions: 2->2(2)
[2026-08-02T23:33:11.824+0900][25.639s][info ][gc,heap        ] GC(66) Old regions: 55->59
[2026-08-02T23:33:11.824+0900][25.639s][info ][gc,heap        ] GC(66) Archive regions: 0->0
[2026-08-02T23:33:11.824+0900][25.639s][info ][gc,heap        ] GC(66) Humongous regions: 0->0
[2026-08-02T23:33:11.824+0900][25.639s][info ][gc,metaspace   ] GC(66) Metaspace: 12090K(12608K)->12090K(12608K) NonClass: 10983K(11200K)->10983K(11200K) Class: 1107K(1408K)->1107K(1408K)
[2026-08-02T23:33:11.824+0900][25.639s][debug][gc,heap        ] GC(66) Heap after GC invocations=67 (full 33):
[2026-08-02T23:33:11.824+0900][25.639s][debug][gc,heap        ] GC(66)  garbage-first heap   total 3178496K, used 1901467K [0x000001f4bc000000, 0x0000022bbc000000)
[2026-08-02T23:33:11.824+0900][25.639s][debug][gc,heap        ] GC(66)   region size 32768K, 2 young (65536K), 2 survivors (65536K)
[2026-08-02T23:33:11.824+0900][25.639s][debug][gc,heap        ] GC(66)  Metaspace       used 12090K, committed 12608K, reserved 1114112K
[2026-08-02T23:33:11.824+0900][25.639s][debug][gc,heap        ] GC(66)   class space    used 1107K, committed 1408K, reserved 1048576K
[2026-08-02T23:33:11.824+0900][25.639s][info ][gc             ] GC(66) Pause Young (Prepare Mixed) (G1 Evacuation Pause) 2060M->1856M(3104M) 32.223ms
[2026-08-02T23:33:11.824+0900][25.639s][info ][gc,cpu         ] GC(66) User=0.56s Sys=0.00s Real=0.03s
[2026-08-02T23:33:11.824+0900][25.639s][info ][safepoint      ] Safepoint "G1CollectForAllocation", Time since last: 447483700 ns, Reaching safepoint: 116100 ns, At safepoint: 32283000 ns, Total: 32399100 ns
[2026-08-02T23:33:11.924+0900][25.739s][info ][gc,start       ] GC(67) Pause Young (Mixed) (G1 Evacuation Pause)
[2026-08-02T23:33:11.924+0900][25.739s][debug][gc,heap        ] GC(67) Heap before GC invocations=67 (full 33):
[2026-08-02T23:33:11.924+0900][25.739s][debug][gc,heap        ] GC(67)  garbage-first heap   total 3178496K, used 1967003K [0x000001f4bc000000, 0x0000022bbc000000)
[2026-08-02T23:33:11.924+0900][25.739s][debug][gc,heap        ] GC(67)   region size 32768K, 4 young (131072K), 2 survivors (65536K)
[2026-08-02T23:33:11.924+0900][25.739s][debug][gc,heap        ] GC(67)  Metaspace       used 12135K, committed 12672K, reserved 1114112K
[2026-08-02T23:33:11.924+0900][25.739s][debug][gc,heap        ] GC(67)   class space    used 1113K, committed 1408K, reserved 1048576K
[2026-08-02T23:33:11.924+0900][25.739s][info ][gc,task        ] GC(67) Using 18 workers of 18 for evacuation
[2026-08-02T23:33:11.924+0900][25.739s][debug][gc,ergo,cset   ] GC(67) Start adding old regions to collection set. Min 2 regions, max 10 regions, time remaining 168.75ms, optional threshold 33.75ms
[2026-08-02T23:33:11.924+0900][25.739s][debug][gc,ergo,cset   ] GC(67) Finish adding old regions to collection set (Maximum number of regions). Initial 10 regions, optional 0 regions
[2026-08-02T23:33:11.924+0900][25.739s][debug][gc,ergo,cset   ] GC(67) Finish choosing collection set old regions. Initial: 10, optional: 0, predicted old time: 0.00ms, predicted optional time: 0.00ms, time remaining: 162.02
[2026-08-02T23:33:11.947+0900][25.763s][info ][gc,phases      ] GC(67)   Pre Evacuate Collection Set: 0.1ms
[2026-08-02T23:33:11.947+0900][25.763s][info ][gc,phases      ] GC(67)   Merge Heap Roots: 0.8ms
[2026-08-02T23:33:11.947+0900][25.763s][info ][gc,phases      ] GC(67)   Evacuate Collection Set: 16.5ms
[2026-08-02T23:33:11.947+0900][25.763s][info ][gc,phases      ] GC(67)   Post Evacuate Collection Set: 6.7ms
[2026-08-02T23:33:11.948+0900][25.763s][info ][gc,phases      ] GC(67)   Other: 0.1ms
[2026-08-02T23:33:11.948+0900][25.763s][info ][gc,heap        ] GC(67) Eden regions: 2->0(8)
[2026-08-02T23:33:11.948+0900][25.763s][info ][gc,heap        ] GC(67) Survivor regions: 2->1(1)
[2026-08-02T23:33:11.948+0900][25.763s][info ][gc,heap        ] GC(67) Old regions: 59->52
[2026-08-02T23:33:11.948+0900][25.763s][info ][gc,heap        ] GC(67) Archive regions: 0->0
[2026-08-02T23:33:11.948+0900][25.763s][info ][gc,heap        ] GC(67) Humongous regions: 0->0
[2026-08-02T23:33:11.948+0900][25.763s][info ][gc,metaspace   ] GC(67) Metaspace: 12135K(12672K)->12135K(12672K) NonClass: 11021K(11264K)->11021K(11264K) Class: 1113K(1408K)->1113K(1408K)
[2026-08-02T23:33:11.948+0900][25.763s][debug][gc,heap        ] GC(67) Heap after GC invocations=68 (full 33):
[2026-08-02T23:33:11.948+0900][25.763s][debug][gc,heap        ] GC(67)  garbage-first heap   total 6356992K, used 1685743K [0x000001f4bc000000, 0x0000022bbc000000)
[2026-08-02T23:33:11.948+0900][25.763s][debug][gc,heap        ] GC(67)   region size 32768K, 1 young (32768K), 1 survivors (32768K)
[2026-08-02T23:33:11.948+0900][25.763s][debug][gc,heap        ] GC(67)  Metaspace       used 12135K, committed 12672K, reserved 1114112K
[2026-08-02T23:33:11.948+0900][25.763s][debug][gc,heap        ] GC(67)   class space    used 1113K, committed 1408K, reserved 1048576K
[2026-08-02T23:33:11.948+0900][25.763s][info ][gc             ] GC(67) Pause Young (Mixed) (G1 Evacuation Pause) 1920M->1646M(6208M) 24.535ms
[2026-08-02T23:33:11.948+0900][25.763s][info ][gc,cpu         ] GC(67) User=0.28s Sys=0.00s Real=0.02s
[2026-08-02T23:33:11.948+0900][25.763s][info ][safepoint      ] Safepoint "G1CollectForAllocation", Time since last: 99334300 ns, Reaching safepoint: 58900 ns, At safepoint: 24631300 ns, Total: 24690200 ns
[2026-08-02T23:33:12.447+0900][26.263s][info ][gc,start       ] GC(68) Pause Young (Mixed) (G1 Evacuation Pause)
[2026-08-02T23:33:12.447+0900][26.263s][debug][gc,heap        ] GC(68) Heap before GC invocations=68 (full 33):
[2026-08-02T23:33:12.447+0900][26.263s][debug][gc,heap        ] GC(68)  garbage-first heap   total 6356992K, used 1947887K [0x000001f4bc000000, 0x0000022bbc000000)
[2026-08-02T23:33:12.447+0900][26.263s][debug][gc,heap        ] GC(68)   region size 32768K, 9 young (294912K), 1 survivors (32768K)
[2026-08-02T23:33:12.448+0900][26.263s][debug][gc,heap        ] GC(68)  Metaspace       used 12160K, committed 12672K, reserved 1114112K
[2026-08-02T23:33:12.448+0900][26.263s][debug][gc,heap        ] GC(68)   class space    used 1114K, committed 1408K, reserved 1048576K
[2026-08-02T23:33:12.448+0900][26.263s][info ][gc,task        ] GC(68) Using 18 workers of 18 for evacuation
[2026-08-02T23:33:12.448+0900][26.263s][debug][gc,ergo,cset   ] GC(68) Start adding old regions to collection set. Min 2 regions, max 20 regions, time remaining 145.10ms, optional threshold 29.02ms
[2026-08-02T23:33:12.448+0900][26.263s][debug][gc,ergo,cset   ] GC(68) Old candidate collection set empty.
[2026-08-02T23:33:12.448+0900][26.263s][debug][gc,ergo,cset   ] GC(68) Finish choosing collection set old regions. Initial: 4, optional: 0, predicted old time: 0.00ms, predicted optional time: 0.00ms, time remaining: 138.79
[2026-08-02T23:33:12.465+0900][26.281s][info ][gc,phases      ] GC(68)   Pre Evacuate Collection Set: 0.1ms
[2026-08-02T23:33:12.465+0900][26.281s][info ][gc,phases      ] GC(68)   Merge Heap Roots: 0.6ms
[2026-08-02T23:33:12.465+0900][26.281s][info ][gc,phases      ] GC(68)   Evacuate Collection Set: 16.6ms
[2026-08-02T23:33:12.465+0900][26.281s][info ][gc,phases      ] GC(68)   Post Evacuate Collection Set: 0.5ms
[2026-08-02T23:33:12.465+0900][26.281s][info ][gc,phases      ] GC(68)   Other: 0.1ms
[2026-08-02T23:33:12.465+0900][26.281s][info ][gc,heap        ] GC(68) Eden regions: 8->0(36)
[2026-08-02T23:33:12.465+0900][26.281s][info ][gc,heap        ] GC(68) Survivor regions: 1->2(2)
[2026-08-02T23:33:12.465+0900][26.281s][info ][gc,heap        ] GC(68) Old regions: 52->49
[2026-08-02T23:33:12.465+0900][26.281s][info ][gc,heap        ] GC(68) Archive regions: 0->0
[2026-08-02T23:33:12.465+0900][26.281s][info ][gc,heap        ] GC(68) Humongous regions: 0->0
[2026-08-02T23:33:12.465+0900][26.281s][info ][gc,metaspace   ] GC(68) Metaspace: 12160K(12672K)->12160K(12672K) NonClass: 11046K(11264K)->11046K(11264K) Class: 1114K(1408K)->1114K(1408K)
[2026-08-02T23:33:12.465+0900][26.281s][debug][gc,heap        ] GC(68) Heap after GC invocations=69 (full 33):
[2026-08-02T23:33:12.465+0900][26.281s][debug][gc,heap        ] GC(68)  garbage-first heap   total 6356992K, used 1640283K [0x000001f4bc000000, 0x0000022bbc000000)
[2026-08-02T23:33:12.465+0900][26.281s][debug][gc,heap        ] GC(68)   region size 32768K, 2 young (65536K), 2 survivors (65536K)
[2026-08-02T23:33:12.465+0900][26.281s][debug][gc,heap        ] GC(68)  Metaspace       used 12160K, committed 12672K, reserved 1114112K
[2026-08-02T23:33:12.465+0900][26.281s][debug][gc,heap        ] GC(68)   class space    used 1114K, committed 1408K, reserved 1048576K
[2026-08-02T23:33:12.465+0900][26.281s][info ][gc             ] GC(68) Pause Young (Mixed) (G1 Evacuation Pause) 1902M->1601M(6208M) 18.209ms
[2026-08-02T23:33:12.466+0900][26.281s][info ][gc,cpu         ] GC(68) User=0.47s Sys=0.09s Real=0.02s
[2026-08-02T23:33:12.466+0900][26.281s][info ][safepoint      ] Safepoint "G1CollectForAllocation", Time since last: 499136500 ns, Reaching safepoint: 98600 ns, At safepoint: 18277100 ns, Total: 18375700 ns
[2026-08-02T23:33:13.480+0900][27.295s][info ][safepoint      ] Safepoint "Cleanup", Time since last: 1014203900 ns, Reaching safepoint: 125100 ns, At safepoint: 13900 ns, Total: 139000 ns
[2026-08-02T23:33:14.010+0900][27.825s][info ][gc,start       ] GC(69) Pause Young (Normal) (G1 Evacuation Pause)
[2026-08-02T23:33:14.011+0900][27.825s][debug][gc,heap        ] GC(69) Heap before GC invocations=69 (full 33):
[2026-08-02T23:33:14.011+0900][27.825s][debug][gc,heap        ] GC(69)  garbage-first heap   total 6356992K, used 2819931K [0x000001f4bc000000, 0x0000022bbc000000)
[2026-08-02T23:33:14.011+0900][27.825s][debug][gc,heap        ] GC(69)   region size 32768K, 38 young (1245184K), 2 survivors (65536K)
[2026-08-02T23:33:14.011+0900][27.825s][debug][gc,heap        ] GC(69)  Metaspace       used 12239K, committed 12800K, reserved 1114112K
[2026-08-02T23:33:14.011+0900][27.825s][debug][gc,heap        ] GC(69)   class space    used 1123K, committed 1408K, reserved 1048576K
[2026-08-02T23:33:14.011+0900][27.825s][info ][gc,task        ] GC(69) Using 18 workers of 18 for evacuation
[2026-08-02T23:33:14.043+0900][27.858s][info ][gc,phases      ] GC(69)   Pre Evacuate Collection Set: 0.1ms
[2026-08-02T23:33:14.043+0900][27.858s][info ][gc,phases      ] GC(69)   Merge Heap Roots: 0.5ms
[2026-08-02T23:33:14.043+0900][27.858s][info ][gc,phases      ] GC(69)   Evacuate Collection Set: 31.6ms
[2026-08-02T23:33:14.043+0900][27.858s][info ][gc,phases      ] GC(69)   Post Evacuate Collection Set: 0.5ms
[2026-08-02T23:33:14.043+0900][27.858s][info ][gc,phases      ] GC(69)   Other: 0.1ms
[2026-08-02T23:33:14.043+0900][27.858s][info ][gc,heap        ] GC(69) Eden regions: 36->0(33)
[2026-08-02T23:33:14.043+0900][27.858s][info ][gc,heap        ] GC(69) Survivor regions: 2->5(5)
[2026-08-02T23:33:14.043+0900][27.858s][info ][gc,heap        ] GC(69) Old regions: 49->49
[2026-08-02T23:33:14.043+0900][27.858s][info ][gc,heap        ] GC(69) Archive regions: 0->0
[2026-08-02T23:33:14.043+0900][27.858s][info ][gc,heap        ] GC(69) Humongous regions: 0->0
[2026-08-02T23:33:14.043+0900][27.858s][info ][gc,metaspace   ] GC(69) Metaspace: 12239K(12800K)->12239K(12800K) NonClass: 11116K(11392K)->11116K(11392K) Class: 1123K(1408K)->1123K(1408K)
[2026-08-02T23:33:14.043+0900][27.858s][debug][gc,heap        ] GC(69) Heap after GC invocations=70 (full 33):
[2026-08-02T23:33:14.043+0900][27.858s][debug][gc,heap        ] GC(69)  garbage-first heap   total 6356992K, used 1745079K [0x000001f4bc000000, 0x0000022bbc000000)
[2026-08-02T23:33:14.043+0900][27.858s][debug][gc,heap        ] GC(69)   region size 32768K, 5 young (163840K), 5 survivors (163840K)
[2026-08-02T23:33:14.043+0900][27.858s][debug][gc,heap        ] GC(69)  Metaspace       used 12239K, committed 12800K, reserved 1114112K
[2026-08-02T23:33:14.043+0900][27.858s][debug][gc,heap        ] GC(69)   class space    used 1123K, committed 1408K, reserved 1048576K
[2026-08-02T23:33:14.043+0900][27.858s][info ][gc             ] GC(69) Pause Young (Normal) (G1 Evacuation Pause) 2753M->1704M(6208M) 33.128ms
[2026-08-02T23:33:14.043+0900][27.858s][info ][gc,cpu         ] GC(69) User=0.83s Sys=0.09s Real=0.03s
[2026-08-02T23:33:14.044+0900][27.859s][info ][safepoint      ] Safepoint "G1CollectForAllocation", Time since last: 530034800 ns, Reaching safepoint: 76000 ns, At safepoint: 33261200 ns, Total: 33337200 ns
[2026-08-02T23:33:14.271+0900][28.086s][info ][gc,start       ] GC(70) Pause Young (Normal) (G1 Evacuation Pause)
[2026-08-02T23:33:14.271+0900][28.086s][debug][gc,heap        ] GC(70) Heap before GC invocations=70 (full 33):
[2026-08-02T23:33:14.271+0900][28.086s][debug][gc,heap        ] GC(70)  garbage-first heap   total 6356992K, used 2826423K [0x000001f4bc000000, 0x0000022bbc000000)
[2026-08-02T23:33:14.271+0900][28.086s][debug][gc,heap        ] GC(70)   region size 32768K, 38 young (1245184K), 5 survivors (163840K)
[2026-08-02T23:33:14.271+0900][28.086s][debug][gc,heap        ] GC(70)  Metaspace       used 12246K, committed 12800K, reserved 1114112K
[2026-08-02T23:33:14.271+0900][28.086s][debug][gc,heap        ] GC(70)   class space    used 1123K, committed 1408K, reserved 1048576K
[2026-08-02T23:33:14.271+0900][28.086s][info ][gc,task        ] GC(70) Using 18 workers of 18 for evacuation
[2026-08-02T23:33:14.289+0900][28.104s][info ][gc,phases      ] GC(70)   Pre Evacuate Collection Set: 0.1ms
[2026-08-02T23:33:14.289+0900][28.104s][info ][gc,phases      ] GC(70)   Merge Heap Roots: 0.5ms
[2026-08-02T23:33:14.289+0900][28.104s][info ][gc,phases      ] GC(70)   Evacuate Collection Set: 16.9ms
[2026-08-02T23:33:14.289+0900][28.104s][info ][gc,phases      ] GC(70)   Post Evacuate Collection Set: 0.4ms
[2026-08-02T23:33:14.289+0900][28.104s][info ][gc,phases      ] GC(70)   Other: 0.1ms
[2026-08-02T23:33:14.289+0900][28.104s][info ][gc,heap        ] GC(70) Eden regions: 33->0(37)
[2026-08-02T23:33:14.289+0900][28.104s][info ][gc,heap        ] GC(70) Survivor regions: 5->1(5)
[2026-08-02T23:33:14.289+0900][28.104s][info ][gc,heap        ] GC(70) Old regions: 49->54
[2026-08-02T23:33:14.289+0900][28.104s][info ][gc,heap        ] GC(70) Archive regions: 0->0
[2026-08-02T23:33:14.289+0900][28.104s][info ][gc,heap        ] GC(70) Humongous regions: 0->0
[2026-08-02T23:33:14.289+0900][28.104s][info ][gc,metaspace   ] GC(70) Metaspace: 12246K(12800K)->12246K(12800K) NonClass: 11122K(11392K)->11122K(11392K) Class: 1123K(1408K)->1123K(1408K)
[2026-08-02T23:33:14.289+0900][28.104s][debug][gc,heap        ] GC(70) Heap after GC invocations=71 (full 33):
[2026-08-02T23:33:14.289+0900][28.104s][debug][gc,heap        ] GC(70)  garbage-first heap   total 6356992K, used 1764682K [0x000001f4bc000000, 0x0000022bbc000000)
[2026-08-02T23:33:14.289+0900][28.104s][debug][gc,heap        ] GC(70)   region size 32768K, 1 young (32768K), 1 survivors (32768K)
[2026-08-02T23:33:14.289+0900][28.104s][debug][gc,heap        ] GC(70)  Metaspace       used 12246K, committed 12800K, reserved 1114112K
[2026-08-02T23:33:14.289+0900][28.104s][debug][gc,heap        ] GC(70)   class space    used 1123K, committed 1408K, reserved 1048576K
[2026-08-02T23:33:14.289+0900][28.104s][info ][gc             ] GC(70) Pause Young (Normal) (G1 Evacuation Pause) 2760M->1723M(6208M) 18.292ms
[2026-08-02T23:33:14.289+0900][28.104s][info ][gc,cpu         ] GC(70) User=0.30s Sys=0.00s Real=0.02s
[2026-08-02T23:33:14.289+0900][28.104s][info ][safepoint      ] Safepoint "G1CollectForAllocation", Time since last: 227188700 ns, Reaching safepoint: 85000 ns, At safepoint: 18398900 ns, Total: 18483900 ns
[2026-08-02T23:33:14.586+0900][28.401s][info ][gc,start       ] GC(71) Pause Young (Normal) (G1 Evacuation Pause)
[2026-08-02T23:33:14.586+0900][28.401s][debug][gc,heap        ] GC(71) Heap before GC invocations=71 (full 33):
[2026-08-02T23:33:14.586+0900][28.401s][debug][gc,heap        ] GC(71)  garbage-first heap   total 6356992K, used 2977098K [0x000001f4bc000000, 0x0000022bbc000000)
[2026-08-02T23:33:14.586+0900][28.401s][debug][gc,heap        ] GC(71)   region size 32768K, 38 young (1245184K), 1 survivors (32768K)
[2026-08-02T23:33:14.586+0900][28.401s][debug][gc,heap        ] GC(71)  Metaspace       used 12246K, committed 12800K, reserved 1114112K
[2026-08-02T23:33:14.586+0900][28.401s][debug][gc,heap        ] GC(71)   class space    used 1123K, committed 1408K, reserved 1048576K
[2026-08-02T23:33:14.586+0900][28.401s][info ][gc,task        ] GC(71) Using 18 workers of 18 for evacuation
[2026-08-02T23:33:14.600+0900][28.415s][info ][gc,phases      ] GC(71)   Pre Evacuate Collection Set: 0.1ms
[2026-08-02T23:33:14.600+0900][28.415s][info ][gc,phases      ] GC(71)   Merge Heap Roots: 0.4ms
[2026-08-02T23:33:14.600+0900][28.415s][info ][gc,phases      ] GC(71)   Evacuate Collection Set: 2.4ms
[2026-08-02T23:33:14.600+0900][28.415s][info ][gc,phases      ] GC(71)   Post Evacuate Collection Set: 11.0ms
[2026-08-02T23:33:14.600+0900][28.415s][info ][gc,phases      ] GC(71)   Other: 0.1ms
[2026-08-02T23:33:14.600+0900][28.415s][info ][gc,heap        ] GC(71) Eden regions: 37->0(67)
[2026-08-02T23:33:14.600+0900][28.415s][info ][gc,heap        ] GC(71) Survivor regions: 1->1(5)
[2026-08-02T23:33:14.600+0900][28.415s][info ][gc,heap        ] GC(71) Old regions: 54->54
[2026-08-02T23:33:14.600+0900][28.415s][info ][gc,heap        ] GC(71) Archive regions: 0->0
[2026-08-02T23:33:14.600+0900][28.415s][info ][gc,heap        ] GC(71) Humongous regions: 0->0
[2026-08-02T23:33:14.600+0900][28.415s][info ][gc,metaspace   ] GC(71) Metaspace: 12246K(12800K)->12246K(12800K) NonClass: 11122K(11392K)->11122K(11392K) Class: 1123K(1408K)->1123K(1408K)
[2026-08-02T23:33:14.600+0900][28.415s][debug][gc,heap        ] GC(71) Heap after GC invocations=72 (full 33):
[2026-08-02T23:33:14.600+0900][28.415s][debug][gc,heap        ] GC(71)  garbage-first heap   total 12222464K, used 1746760K [0x000001f4bc000000, 0x0000022bbc000000)
[2026-08-02T23:33:14.600+0900][28.415s][debug][gc,heap        ] GC(71)   region size 32768K, 1 young (32768K), 1 survivors (32768K)
[2026-08-02T23:33:14.600+0900][28.415s][debug][gc,heap        ] GC(71)  Metaspace       used 12246K, committed 12800K, reserved 1114112K
[2026-08-02T23:33:14.600+0900][28.415s][debug][gc,heap        ] GC(71)   class space    used 1123K, committed 1408K, reserved 1048576K
[2026-08-02T23:33:14.600+0900][28.415s][info ][gc             ] GC(71) Pause Young (Normal) (G1 Evacuation Pause) 2907M->1705M(11936M) 14.337ms
[2026-08-02T23:33:14.600+0900][28.415s][info ][gc,cpu         ] GC(71) User=0.00s Sys=0.02s Real=0.01s
[2026-08-02T23:33:14.600+0900][28.415s][info ][safepoint      ] Safepoint "G1CollectForAllocation", Time since last: 296584100 ns, Reaching safepoint: 86900 ns, At safepoint: 14436900 ns, Total: 14523800 ns
[2026-08-02T23:33:15.606+0900][29.421s][info ][safepoint      ] Safepoint "Cleanup", Time since last: 1005193500 ns, Reaching safepoint: 147700 ns, At safepoint: 9900 ns, Total: 157600 ns
[2026-08-02T23:33:15.932+0900][29.747s][info ][gc,start       ] GC(72) Pause Young (Normal) (G1 Evacuation Pause)
[2026-08-02T23:33:15.932+0900][29.747s][debug][gc,heap        ] GC(72) Heap before GC invocations=72 (full 33):
[2026-08-02T23:33:15.932+0900][29.747s][debug][gc,heap        ] GC(72)  garbage-first heap   total 12222464K, used 3942216K [0x000001f4bc000000, 0x0000022bbc000000)
[2026-08-02T23:33:15.932+0900][29.747s][debug][gc,heap        ] GC(72)   region size 32768K, 68 young (2228224K), 1 survivors (32768K)
[2026-08-02T23:33:15.932+0900][29.747s][debug][gc,heap        ] GC(72)  Metaspace       used 12253K, committed 12800K, reserved 1114112K
[2026-08-02T23:33:15.932+0900][29.747s][debug][gc,heap        ] GC(72)   class space    used 1123K, committed 1408K, reserved 1048576K
[2026-08-02T23:33:15.932+0900][29.747s][info ][gc,task        ] GC(72) Using 18 workers of 18 for evacuation
[2026-08-02T23:33:15.971+0900][29.786s][info ][gc,phases      ] GC(72)   Pre Evacuate Collection Set: 0.1ms
[2026-08-02T23:33:15.971+0900][29.786s][info ][gc,phases      ] GC(72)   Merge Heap Roots: 0.6ms
[2026-08-02T23:33:15.971+0900][29.786s][info ][gc,phases      ] GC(72)   Evacuate Collection Set: 37.6ms
[2026-08-02T23:33:15.971+0900][29.786s][info ][gc,phases      ] GC(72)   Post Evacuate Collection Set: 0.5ms
[2026-08-02T23:33:15.971+0900][29.786s][info ][gc,phases      ] GC(72)   Other: 0.1ms
[2026-08-02T23:33:15.971+0900][29.786s][info ][gc,heap        ] GC(72) Eden regions: 67->0(69)
[2026-08-02T23:33:15.971+0900][29.786s][info ][gc,heap        ] GC(72) Survivor regions: 1->5(9)
[2026-08-02T23:33:15.971+0900][29.786s][info ][gc,heap        ] GC(72) Old regions: 54->54
[2026-08-02T23:33:15.971+0900][29.786s][info ][gc,heap        ] GC(72) Archive regions: 0->0
[2026-08-02T23:33:15.971+0900][29.786s][info ][gc,heap        ] GC(72) Humongous regions: 0->0
[2026-08-02T23:33:15.971+0900][29.786s][info ][gc,metaspace   ] GC(72) Metaspace: 12253K(12800K)->12253K(12800K) NonClass: 11130K(11392K)->11130K(11392K) Class: 1123K(1408K)->1123K(1408K)
[2026-08-02T23:33:15.971+0900][29.786s][debug][gc,heap        ] GC(72) Heap after GC invocations=73 (full 33):
[2026-08-02T23:33:15.971+0900][29.786s][debug][gc,heap        ] GC(72)  garbage-first heap   total 12222464K, used 1893816K [0x000001f4bc000000, 0x0000022bbc000000)
[2026-08-02T23:33:15.971+0900][29.786s][debug][gc,heap        ] GC(72)   region size 32768K, 5 young (163840K), 5 survivors (163840K)
[2026-08-02T23:33:15.971+0900][29.786s][debug][gc,heap        ] GC(72)  Metaspace       used 12253K, committed 12800K, reserved 1114112K
[2026-08-02T23:33:15.971+0900][29.786s][debug][gc,heap        ] GC(72)   class space    used 1123K, committed 1408K, reserved 1048576K
[2026-08-02T23:33:15.971+0900][29.786s][info ][gc             ] GC(72) Pause Young (Normal) (G1 Evacuation Pause) 3849M->1849M(11936M) 39.422ms
[2026-08-02T23:33:15.971+0900][29.786s][info ][gc,cpu         ] GC(72) User=0.70s Sys=0.14s Real=0.04s
[2026-08-02T23:33:15.971+0900][29.786s][info ][safepoint      ] Safepoint "G1CollectForAllocation", Time since last: 326098800 ns, Reaching safepoint: 47000 ns, At safepoint: 39480000 ns, Total: 39527000 ns
[2026-08-02T23:33:16.979+0900][30.794s][info ][safepoint      ] Safepoint "Cleanup", Time since last: 1007742900 ns, Reaching safepoint: 97800 ns, At safepoint: 17000 ns, Total: 114800 ns
[2026-08-02T23:33:17.994+0900][31.808s][info ][safepoint      ] Safepoint "Cleanup", Time since last: 1014062100 ns, Reaching safepoint: 97400 ns, At safepoint: 18300 ns, Total: 115700 ns
[2026-08-02T23:33:20.013+0900][33.828s][info ][safepoint      ] Safepoint "Cleanup", Time since last: 2019589200 ns, Reaching safepoint: 116300 ns, At safepoint: 10900 ns, Total: 127200 ns
[2026-08-02T23:33:22.016+0900][35.831s][info ][safepoint      ] Safepoint "Cleanup", Time since last: 2003178700 ns, Reaching safepoint: 164200 ns, At safepoint: 9800 ns, Total: 174000 ns
[2026-08-02T23:33:46.496+0900][60.311s][info ][safepoint      ] Safepoint "PrintThreads", Time since last: 24479369400 ns, Reaching safepoint: 63200 ns, At safepoint: 501100 ns, Total: 564300 ns
[2026-08-02T23:33:46.496+0900][60.311s][info ][safepoint      ] Safepoint "FindDeadlocks", Time since last: 75400 ns, Reaching safepoint: 50000 ns, At safepoint: 18000 ns, Total: 68000 ns
[2026-08-02T23:34:32.800+0900][106.615s][info ][safepoint      ] Safepoint "Cleanup", Time since last: 46303011100 ns, Reaching safepoint: 110300 ns, At safepoint: 17700 ns, Total: 128000 ns
[2026-08-02T23:34:46.496+0900][120.311s][info ][safepoint      ] Safepoint "PrintThreads", Time since last: 13695858700 ns, Reaching safepoint: 138700 ns, At safepoint: 515400 ns, Total: 654100 ns
[2026-08-02T23:34:46.496+0900][120.311s][info ][safepoint      ] Safepoint "FindDeadlocks", Time since last: 72000 ns, Reaching safepoint: 49600 ns, At safepoint: 10800 ns, Total: 60400 ns
[2026-08-02T23:35:36.843+0900][170.658s][info ][safepoint      ] Safepoint "Cleanup", Time since last: 50346174700 ns, Reaching safepoint: 174900 ns, At safepoint: 10800 ns, Total: 185700 ns
[2026-08-02T23:35:46.507+0900][180.322s][info ][safepoint      ] Safepoint "PrintThreads", Time since last: 9663748900 ns, Reaching safepoint: 111900 ns, At safepoint: 510500 ns, Total: 622400 ns
[2026-08-02T23:35:46.507+0900][180.322s][info ][safepoint      ] Safepoint "FindDeadlocks", Time since last: 72400 ns, Reaching safepoint: 44600 ns, At safepoint: 11900 ns, Total: 56500 ns
[2026-08-02T23:36:46.508+0900][240.323s][info ][safepoint      ] Safepoint "PrintThreads", Time since last: 60000490300 ns, Reaching safepoint: 112000 ns, At safepoint: 502100 ns, Total: 614100 ns
[2026-08-02T23:36:46.508+0900][240.323s][info ][safepoint      ] Safepoint "FindDeadlocks", Time since last: 82900 ns, Reaching safepoint: 45900 ns, At safepoint: 9300 ns, Total: 55200 ns
[2026-08-02T23:37:46.509+0900][300.323s][info ][safepoint      ] Safepoint "PrintThreads", Time since last: 59999445200 ns, Reaching safepoint: 108200 ns, At safepoint: 519800 ns, Total: 628000 ns
[2026-08-02T23:37:46.509+0900][300.324s][info ][safepoint      ] Safepoint "FindDeadlocks", Time since last: 74900 ns, Reaching safepoint: 52600 ns, At safepoint: 11400 ns, Total: 64000 ns
[2026-08-02T23:38:46.515+0900][360.330s][info ][safepoint      ] Safepoint "PrintThreads", Time since last: 60006244200 ns, Reaching safepoint: 70400 ns, At safepoint: 555400 ns, Total: 625800 ns
[2026-08-02T23:38:46.515+0900][360.331s][info ][safepoint      ] Safepoint "FindDeadlocks", Time since last: 65700 ns, Reaching safepoint: 46900 ns, At safepoint: 16400 ns, Total: 63300 ns
[2026-08-02T23:39:46.519+0900][420.334s][info ][safepoint      ] Safepoint "PrintThreads", Time since last: 60002639900 ns, Reaching safepoint: 92400 ns, At safepoint: 530900 ns, Total: 623300 ns
[2026-08-02T23:39:46.519+0900][420.334s][info ][safepoint      ] Safepoint "FindDeadlocks", Time since last: 74300 ns, Reaching safepoint: 52100 ns, At safepoint: 10800 ns, Total: 62900 ns
[2026-08-02T23:40:46.522+0900][480.338s][info ][safepoint      ] Safepoint "PrintThreads", Time since last: 60003216000 ns, Reaching safepoint: 96300 ns, At safepoint: 530200 ns, Total: 626500 ns
[2026-08-02T23:40:46.522+0900][480.338s][info ][safepoint      ] Safepoint "FindDeadlocks", Time since last: 71800 ns, Reaching safepoint: 48500 ns, At safepoint: 10900 ns, Total: 59400 ns
[2026-08-02T23:41:46.522+0900][540.337s][info ][safepoint      ] Safepoint "PrintThreads", Time since last: 59998566000 ns, Reaching safepoint: 88400 ns, At safepoint: 490400 ns, Total: 578800 ns
[2026-08-02T23:41:46.522+0900][540.337s][info ][safepoint      ] Safepoint "FindDeadlocks", Time since last: 105300 ns, Reaching safepoint: 41000 ns, At safepoint: 11700 ns, Total: 52700 ns
[2026-08-02T23:42:46.534+0900][600.350s][info ][safepoint      ] Safepoint "PrintThreads", Time since last: 60011806800 ns, Reaching safepoint: 80600 ns, At safepoint: 501900 ns, Total: 582500 ns
[2026-08-02T23:42:46.534+0900][600.350s][info ][safepoint      ] Safepoint "FindDeadlocks", Time since last: 74200 ns, Reaching safepoint: 47800 ns, At safepoint: 12400 ns, Total: 60200 ns
[2026-08-02T23:43:46.540+0900][660.355s][info ][safepoint      ] Safepoint "PrintThreads", Time since last: 60004673500 ns, Reaching safepoint: 131400 ns, At safepoint: 501500 ns, Total: 632900 ns
[2026-08-02T23:43:46.540+0900][660.355s][info ][safepoint      ] Safepoint "FindDeadlocks", Time since last: 71600 ns, Reaching safepoint: 49700 ns, At safepoint: 11700 ns, Total: 61400 ns
[2026-08-02T23:44:46.552+0900][720.367s][info ][safepoint      ] Safepoint "PrintThreads", Time since last: 60011349000 ns, Reaching safepoint: 144100 ns, At safepoint: 551500 ns, Total: 695600 ns
[2026-08-02T23:44:46.552+0900][720.367s][info ][safepoint      ] Safepoint "FindDeadlocks", Time since last: 83100 ns, Reaching safepoint: 46900 ns, At safepoint: 13700 ns, Total: 60600 ns
[2026-08-02T23:45:46.558+0900][780.373s][info ][safepoint      ] Safepoint "PrintThreads", Time since last: 60004865500 ns, Reaching safepoint: 98700 ns, At safepoint: 503600 ns, Total: 602300 ns
[2026-08-02T23:45:46.558+0900][780.373s][info ][safepoint      ] Safepoint "FindDeadlocks", Time since last: 65600 ns, Reaching safepoint: 47200 ns, At safepoint: 11400 ns, Total: 58600 ns
[2026-08-02T23:46:46.568+0900][840.383s][info ][safepoint      ] Safepoint "PrintThreads", Time since last: 60009722300 ns, Reaching safepoint: 131300 ns, At safepoint: 498800 ns, Total: 630100 ns
[2026-08-02T23:46:46.568+0900][840.383s][info ][safepoint      ] Safepoint "FindDeadlocks", Time since last: 74800 ns, Reaching safepoint: 49800 ns, At safepoint: 11700 ns, Total: 61500 ns
[2026-08-02T23:47:46.573+0900][900.388s][info ][safepoint      ] Safepoint "PrintThreads", Time since last: 60004230000 ns, Reaching safepoint: 139600 ns, At safepoint: 512100 ns, Total: 651700 ns
[2026-08-02T23:47:46.573+0900][900.388s][info ][safepoint      ] Safepoint "FindDeadlocks", Time since last: 73200 ns, Reaching safepoint: 49000 ns, At safepoint: 11900 ns, Total: 60900 ns
[2026-08-02T23:48:46.573+0900][960.388s][info ][safepoint      ] Safepoint "PrintThreads", Time since last: 59999147800 ns, Reaching safepoint: 132900 ns, At safepoint: 506700 ns, Total: 639600 ns
[2026-08-02T23:48:46.573+0900][960.388s][info ][safepoint      ] Safepoint "FindDeadlocks", Time since last: 75700 ns, Reaching safepoint: 51000 ns, At safepoint: 12400 ns, Total: 63400 ns
[2026-08-02T23:49:46.584+0900][1020.399s][info ][safepoint      ] Safepoint "PrintThreads", Time since last: 60010321500 ns, Reaching safepoint: 111800 ns, At safepoint: 493800 ns, Total: 605600 ns
[2026-08-02T23:49:46.584+0900][1020.399s][info ][safepoint      ] Safepoint "FindDeadlocks", Time since last: 63600 ns, Reaching safepoint: 55100 ns, At safepoint: 11000 ns, Total: 66100 ns
[2026-08-02T23:50:46.586+0900][1080.401s][info ][safepoint      ] Safepoint "PrintThreads", Time since last: 60001402600 ns, Reaching safepoint: 122000 ns, At safepoint: 493500 ns, Total: 615500 ns
[2026-08-02T23:50:46.586+0900][1080.402s][info ][safepoint      ] Safepoint "FindDeadlocks", Time since last: 74600 ns, Reaching safepoint: 47800 ns, At safepoint: 12100 ns, Total: 59900 ns
[2026-08-02T23:51:46.591+0900][1140.406s][info ][safepoint      ] Safepoint "PrintThreads", Time since last: 60004206600 ns, Reaching safepoint: 123600 ns, At safepoint: 508200 ns, Total: 631800 ns
[2026-08-02T23:51:46.591+0900][1140.407s][info ][safepoint      ] Safepoint "FindDeadlocks", Time since last: 76400 ns, Reaching safepoint: 47800 ns, At safepoint: 12700 ns, Total: 60500 ns
[2026-08-02T23:52:46.593+0900][1200.408s][info ][safepoint      ] Safepoint "PrintThreads", Time since last: 60001238900 ns, Reaching safepoint: 127500 ns, At safepoint: 489200 ns, Total: 616700 ns
[2026-08-02T23:52:46.593+0900][1200.409s][info ][safepoint      ] Safepoint "FindDeadlocks", Time since last: 74600 ns, Reaching safepoint: 51700 ns, At safepoint: 11500 ns, Total: 63200 ns
[2026-08-02T23:53:46.599+0900][1260.414s][info ][safepoint      ] Safepoint "PrintThreads", Time since last: 60005277500 ns, Reaching safepoint: 111700 ns, At safepoint: 496800 ns, Total: 608500 ns
[2026-08-02T23:53:46.599+0900][1260.415s][info ][safepoint      ] Safepoint "FindDeadlocks", Time since last: 72400 ns, Reaching safepoint: 46700 ns, At safepoint: 11900 ns, Total: 58600 ns
[2026-08-02T23:54:46.599+0900][1320.414s][info ][safepoint      ] Safepoint "PrintThreads", Time since last: 59999259400 ns, Reaching safepoint: 118900 ns, At safepoint: 489700 ns, Total: 608600 ns
[2026-08-02T23:54:46.599+0900][1320.415s][info ][safepoint      ] Safepoint "FindDeadlocks", Time since last: 69600 ns, Reaching safepoint: 46900 ns, At safepoint: 13300 ns, Total: 60200 ns
[2026-08-02T23:55:46.609+0900][1380.424s][info ][safepoint      ] Safepoint "PrintThreads", Time since last: 60009282900 ns, Reaching safepoint: 118700 ns, At safepoint: 436700 ns, Total: 555400 ns
[2026-08-02T23:55:46.609+0900][1380.425s][info ][safepoint      ] Safepoint "FindDeadlocks", Time since last: 68000 ns, Reaching safepoint: 43800 ns, At safepoint: 11100 ns, Total: 54900 ns
[2026-08-02T23:56:46.610+0900][1440.426s][info ][safepoint      ] Safepoint "PrintThreads", Time since last: 60000369500 ns, Reaching safepoint: 123600 ns, At safepoint: 499600 ns, Total: 623200 ns
[2026-08-02T23:56:46.610+0900][1440.426s][info ][safepoint      ] Safepoint "FindDeadlocks", Time since last: 73400 ns, Reaching safepoint: 49400 ns, At safepoint: 12400 ns, Total: 61800 ns
[2026-08-02T23:57:46.617+0900][1500.433s][info ][safepoint      ] Safepoint "PrintThreads", Time since last: 60006221500 ns, Reaching safepoint: 159800 ns, At safepoint: 497100 ns, Total: 656900 ns
[2026-08-02T23:57:46.617+0900][1500.433s][info ][safepoint      ] Safepoint "FindDeadlocks", Time since last: 78300 ns, Reaching safepoint: 48300 ns, At safepoint: 11800 ns, Total: 60100 ns
[2026-08-02T23:58:46.617+0900][1560.433s][info ][safepoint      ] Safepoint "PrintThreads", Time since last: 59999208700 ns, Reaching safepoint: 109300 ns, At safepoint: 492400 ns, Total: 601700 ns
[2026-08-02T23:58:46.617+0900][1560.433s][info ][safepoint      ] Safepoint "FindDeadlocks", Time since last: 60900 ns, Reaching safepoint: 46200 ns, At safepoint: 12200 ns, Total: 58400 ns
[2026-08-02T23:59:41.653+0900][1615.468s][info ][gc,start       ] GC(73) Pause Young (Normal) (G1 Evacuation Pause)
[2026-08-02T23:59:41.653+0900][1615.468s][debug][gc,heap        ] GC(73) Heap before GC invocations=73 (full 33):
[2026-08-02T23:59:41.653+0900][1615.468s][debug][gc,heap        ] GC(73)  garbage-first heap   total 12222464K, used 4154808K [0x000001f4bc000000, 0x0000022bbc000000)
[2026-08-02T23:59:41.653+0900][1615.468s][debug][gc,heap        ] GC(73)   region size 32768K, 74 young (2424832K), 5 survivors (163840K)
[2026-08-02T23:59:41.653+0900][1615.468s][debug][gc,heap        ] GC(73)  Metaspace       used 12267K, committed 12864K, reserved 1114112K
[2026-08-02T23:59:41.653+0900][1615.468s][debug][gc,heap        ] GC(73)   class space    used 1123K, committed 1408K, reserved 1048576K
[2026-08-02T23:59:41.653+0900][1615.468s][info ][gc,task        ] GC(73) Using 18 workers of 18 for evacuation
[2026-08-02T23:59:41.735+0900][1615.551s][info ][gc,phases      ] GC(73)   Pre Evacuate Collection Set: 0.3ms
[2026-08-02T23:59:41.735+0900][1615.551s][info ][gc,phases      ] GC(73)   Merge Heap Roots: 0.8ms
[2026-08-02T23:59:41.735+0900][1615.551s][info ][gc,phases      ] GC(73)   Evacuate Collection Set: 80.1ms
[2026-08-02T23:59:41.735+0900][1615.551s][info ][gc,phases      ] GC(73)   Post Evacuate Collection Set: 0.7ms
[2026-08-02T23:59:41.735+0900][1615.551s][info ][gc,phases      ] GC(73)   Other: 0.2ms
[2026-08-02T23:59:41.735+0900][1615.551s][info ][gc,heap        ] GC(73) Eden regions: 69->0(64)
[2026-08-02T23:59:41.735+0900][1615.551s][info ][gc,heap        ] GC(73) Survivor regions: 5->10(10)
[2026-08-02T23:59:41.735+0900][1615.551s][info ][gc,heap        ] GC(73) Old regions: 54->57
[2026-08-02T23:59:41.735+0900][1615.551s][info ][gc,heap        ] GC(73) Archive regions: 0->0
[2026-08-02T23:59:41.735+0900][1615.551s][info ][gc,heap        ] GC(73) Humongous regions: 0->0
[2026-08-02T23:59:41.735+0900][1615.551s][info ][gc,metaspace   ] GC(73) Metaspace: 12267K(12864K)->12267K(12864K) NonClass: 11144K(11456K)->11144K(11456K) Class: 1123K(1408K)->1123K(1408K)
[2026-08-02T23:59:41.735+0900][1615.551s][debug][gc,heap        ] GC(73) Heap after GC invocations=74 (full 33):
[2026-08-02T23:59:41.735+0900][1615.551s][debug][gc,heap        ] GC(73)  garbage-first heap   total 12222464K, used 2189813K [0x000001f4bc000000, 0x0000022bbc000000)
[2026-08-02T23:59:41.735+0900][1615.551s][debug][gc,heap        ] GC(73)   region size 32768K, 10 young (327680K), 10 survivors (327680K)
[2026-08-02T23:59:41.735+0900][1615.551s][debug][gc,heap        ] GC(73)  Metaspace       used 12267K, committed 12864K, reserved 1114112K
[2026-08-02T23:59:41.735+0900][1615.551s][debug][gc,heap        ] GC(73)   class space    used 1123K, committed 1408K, reserved 1048576K
[2026-08-02T23:59:41.735+0900][1615.551s][info ][gc             ] GC(73) Pause Young (Normal) (G1 Evacuation Pause) 4057M->2138M(11936M) 82.672ms
[2026-08-02T23:59:41.735+0900][1615.551s][info ][gc,cpu         ] GC(73) User=1.19s Sys=0.22s Real=0.08s
[2026-08-02T23:59:41.735+0900][1615.551s][info ][safepoint      ] Safepoint "G1CollectForAllocation", Time since last: 55035269500 ns, Reaching safepoint: 144900 ns, At safepoint: 82746300 ns, Total: 82891200 ns
[2026-08-02T23:59:42.738+0900][1616.553s][info ][safepoint      ] Safepoint "Cleanup", Time since last: 1002134100 ns, Reaching safepoint: 121700 ns, At safepoint: 9800 ns, Total: 131500 ns
[2026-08-02T23:59:44.689+0900][1618.504s][info ][safepoint      ] Safepoint "Cleanup", Time since last: 1950836600 ns, Reaching safepoint: 145300 ns, At safepoint: 15800 ns, Total: 161100 ns
[2026-08-02T23:59:46.618+0900][1620.434s][info ][safepoint      ] Safepoint "PrintThreads", Time since last: 1928893600 ns, Reaching safepoint: 79800 ns, At safepoint: 489500 ns, Total: 569300 ns
[2026-08-02T23:59:46.618+0900][1620.434s][info ][safepoint      ] Safepoint "FindDeadlocks", Time since last: 80500 ns, Reaching safepoint: 56400 ns, At safepoint: 11600 ns, Total: 68000 ns
[2026-08-03T00:00:46.619+0900][1680.435s][info ][safepoint      ] Safepoint "PrintThreads", Time since last: 60000348000 ns, Reaching safepoint: 147400 ns, At safepoint: 451000 ns, Total: 598400 ns
[2026-08-03T00:00:46.619+0900][1680.435s][info ][safepoint      ] Safepoint "FindDeadlocks", Time since last: 74200 ns, Reaching safepoint: 49200 ns, At safepoint: 12700 ns, Total: 61900 ns
[2026-08-03T00:00:52.659+0900][1686.475s][info ][gc,start       ] GC(74) Pause Young (Normal) (G1 Evacuation Pause)
[2026-08-03T00:00:52.660+0900][1686.475s][debug][gc,heap        ] GC(74) Heap before GC invocations=74 (full 33):
[2026-08-03T00:00:52.660+0900][1686.475s][debug][gc,heap        ] GC(74)  garbage-first heap   total 12222464K, used 4319733K [0x000001f4bc000000, 0x0000022bbc000000)
[2026-08-03T00:00:52.660+0900][1686.475s][debug][gc,heap        ] GC(74)   region size 32768K, 74 young (2424832K), 10 survivors (327680K)
[2026-08-03T00:00:52.660+0900][1686.475s][debug][gc,heap        ] GC(74)  Metaspace       used 13267K, committed 13888K, reserved 1114112K
[2026-08-03T00:00:52.660+0900][1686.475s][debug][gc,heap        ] GC(74)   class space    used 1217K, committed 1536K, reserved 1048576K
[2026-08-03T00:00:52.660+0900][1686.475s][info ][gc,task        ] GC(74) Using 18 workers of 18 for evacuation
[2026-08-03T00:00:52.721+0900][1686.537s][info ][gc,phases      ] GC(74)   Pre Evacuate Collection Set: 0.1ms
[2026-08-03T00:00:52.721+0900][1686.537s][info ][gc,phases      ] GC(74)   Merge Heap Roots: 1.1ms
[2026-08-03T00:00:52.721+0900][1686.537s][info ][gc,phases      ] GC(74)   Evacuate Collection Set: 59.9ms
[2026-08-03T00:00:52.721+0900][1686.537s][info ][gc,phases      ] GC(74)   Post Evacuate Collection Set: 0.5ms
[2026-08-03T00:00:52.721+0900][1686.537s][info ][gc,phases      ] GC(74)   Other: 0.1ms
[2026-08-03T00:00:52.721+0900][1686.537s][info ][gc,heap        ] GC(74) Eden regions: 64->0(64)
[2026-08-03T00:00:52.721+0900][1686.537s][info ][gc,heap        ] GC(74) Survivor regions: 10->10(10)
[2026-08-03T00:00:52.721+0900][1686.537s][info ][gc,heap        ] GC(74) Old regions: 57->58
[2026-08-03T00:00:52.721+0900][1686.537s][info ][gc,heap        ] GC(74) Archive regions: 0->0
[2026-08-03T00:00:52.721+0900][1686.537s][info ][gc,heap        ] GC(74) Humongous regions: 1->1
[2026-08-03T00:00:52.721+0900][1686.537s][info ][gc,metaspace   ] GC(74) Metaspace: 13267K(13888K)->13267K(13888K) NonClass: 12050K(12352K)->12050K(12352K) Class: 1217K(1536K)->1217K(1536K)
[2026-08-03T00:00:52.721+0900][1686.537s][debug][gc,heap        ] GC(74) Heap after GC invocations=75 (full 33):
[2026-08-03T00:00:52.721+0900][1686.537s][debug][gc,heap        ] GC(74)  garbage-first heap   total 12222464K, used 2238926K [0x000001f4bc000000, 0x0000022bbc000000)
[2026-08-03T00:00:52.721+0900][1686.537s][debug][gc,heap        ] GC(74)   region size 32768K, 10 young (327680K), 10 survivors (327680K)
[2026-08-03T00:00:52.722+0900][1686.537s][debug][gc,heap        ] GC(74)  Metaspace       used 13267K, committed 13888K, reserved 1114112K
[2026-08-03T00:00:52.722+0900][1686.537s][debug][gc,heap        ] GC(74)   class space    used 1217K, committed 1536K, reserved 1048576K
[2026-08-03T00:00:52.722+0900][1686.537s][info ][gc             ] GC(74) Pause Young (Normal) (G1 Evacuation Pause) 4218M->2186M(11936M) 62.080ms
[2026-08-03T00:00:52.722+0900][1686.537s][info ][gc,cpu         ] GC(74) User=1.09s Sys=0.03s Real=0.06s
[2026-08-03T00:00:52.722+0900][1686.537s][info ][safepoint      ] Safepoint "G1CollectForAllocation", Time since last: 6039955900 ns, Reaching safepoint: 113300 ns, At safepoint: 62139300 ns, Total: 62252600 ns
[2026-08-03T00:01:22.921+0900][1716.736s][info ][safepoint      ] Safepoint "Cleanup", Time since last: 30198992300 ns, Reaching safepoint: 139300 ns, At safepoint: 10400 ns, Total: 149700 ns
[2026-08-03T00:01:23.926+0900][1717.741s][info ][safepoint      ] Safepoint "Cleanup", Time since last: 1004860000 ns, Reaching safepoint: 137300 ns, At safepoint: 9600 ns, Total: 146900 ns
[2026-08-03T00:01:46.624+0900][1740.440s][info ][safepoint      ] Safepoint "PrintThreads", Time since last: 22697877800 ns, Reaching safepoint: 151900 ns, At safepoint: 461100 ns, Total: 613000 ns
[2026-08-03T00:01:46.624+0900][1740.440s][info ][safepoint      ] Safepoint "FindDeadlocks", Time since last: 62900 ns, Reaching safepoint: 46000 ns, At safepoint: 11500 ns, Total: 57500 ns
[2026-08-03T00:02:29.888+0900][1783.703s][info ][safepoint      ] Safepoint "Cleanup", Time since last: 43263227800 ns, Reaching safepoint: 127700 ns, At safepoint: 11800 ns, Total: 139500 ns
[2026-08-03T00:02:42.037+0900][1795.852s][info ][safepoint      ] Safepoint "ClassLoaderStatsOperation", Time since last: 12148199900 ns, Reaching safepoint: 187900 ns, At safepoint: 550600 ns, Total: 738500 ns
[2026-08-03T00:02:42.041+0900][1795.857s][info ][safepoint      ] Safepoint "JFRCheckpoint", Time since last: 2945000 ns, Reaching safepoint: 104000 ns, At safepoint: 1503600 ns, Total: 1607600 ns
[2026-08-03T00:02:42.046+0900][1795.861s][info ][safepoint      ] Safepoint "JFROldObject", Time since last: 4124200 ns, Reaching safepoint: 97500 ns, At safepoint: 127600 ns, Total: 225100 ns
[2026-08-03T00:02:42.124+0900][1795.939s][info ][gc,heap,exit   ] Heap
[2026-08-03T00:02:42.124+0900][1795.939s][info ][gc,heap,exit   ]  garbage-first heap   total 12222464K, used 3648980K [0x000001f4bc000000, 0x0000022bbc000000)
[2026-08-03T00:02:42.124+0900][1795.939s][info ][gc,heap,exit   ]   region size 32768K, 54 young (1769472K), 10 survivors (327680K)
[2026-08-03T00:02:42.124+0900][1795.939s][info ][gc,heap,exit   ]  Metaspace       used 13416K, committed 14080K, reserved 1114112K
[2026-08-03T00:02:42.124+0900][1795.939s][info ][gc,heap,exit   ]   class space    used 1244K, committed 1536K, reserved 1048576K
