[2026-08-01T22:26:54.893+0900][0.006s][info][gc,init] CardTable entry size: 512
[2026-08-01T22:26:54.893+0900][0.006s][debug][gc,heap] Minimum heap 33554432  Initial heap 2147483648  Maximum heap 236223201280
[2026-08-01T22:26:54.893+0900][0.007s][info ][gc     ] Using G1
[2026-08-01T22:26:54.900+0900][0.013s][info ][gc,init] Version: 18.0.1.1+2-6 (release)
[2026-08-01T22:26:54.900+0900][0.013s][info ][gc,init] CPUs: 24 total, 24 available
[2026-08-01T22:26:54.900+0900][0.013s][info ][gc,init] Memory: 255G
[2026-08-01T22:26:54.900+0900][0.013s][info ][gc,init] Large Page Support: Disabled
[2026-08-01T22:26:54.900+0900][0.014s][info ][gc,init] NUMA Support: Disabled
[2026-08-01T22:26:54.900+0900][0.014s][info ][gc,init] Compressed Oops: Disabled
[2026-08-01T22:26:54.900+0900][0.014s][info ][gc,init] Heap Region Size: 32M
[2026-08-01T22:26:54.900+0900][0.014s][info ][gc,init] Heap Min Capacity: 32M
[2026-08-01T22:26:54.900+0900][0.014s][info ][gc,init] Heap Initial Capacity: 2G
[2026-08-01T22:26:54.900+0900][0.014s][info ][gc,init] Heap Max Capacity: 220G
[2026-08-01T22:26:54.900+0900][0.014s][info ][gc,init] Pre-touch: Disabled
[2026-08-01T22:26:54.900+0900][0.014s][info ][gc,init] Parallel Workers: 18
[2026-08-01T22:26:54.900+0900][0.014s][info ][gc,init] Concurrent Workers: 5
[2026-08-01T22:26:54.900+0900][0.014s][info ][gc,init] Concurrent Refinement Workers: 18
[2026-08-01T22:26:54.900+0900][0.014s][info ][gc,init] Periodic GC: Disabled
[2026-08-01T22:26:54.901+0900][0.015s][info ][gc,metaspace] CDS archive(s) mapped at: [0x0000000800000000-0x0000000800ba0000-0x0000000800ba0000), size 12189696, SharedBaseAddress: 0x0000000800000000, ArchiveRelocationMode: 0.
[2026-08-01T22:26:54.901+0900][0.015s][info ][gc,metaspace] Compressed class space mapped at: 0x0000000800c00000-0x0000000840c00000, reserved size: 1073741824
[2026-08-01T22:26:54.901+0900][0.015s][info ][gc,metaspace] Narrow klass base: 0x0000000800000000, Narrow klass shift: 0, Narrow klass range: 0x100000000
[2026-08-01T22:26:54.966+0900][0.080s][info ][gc,start    ] GC(0) Pause Full (System.gc())
[2026-08-01T22:26:54.966+0900][0.080s][debug][gc,heap     ] GC(0) Heap before GC invocations=0 (full 0):
[2026-08-01T22:26:54.966+0900][0.080s][debug][gc,heap     ] GC(0)  garbage-first heap   total 2097152K, used 0K [0x0000027678000000, 0x000002ad78000000)
[2026-08-01T22:26:54.966+0900][0.080s][debug][gc,heap     ] GC(0)   region size 32768K, 1 young (32768K), 0 survivors (0K)
[2026-08-01T22:26:54.966+0900][0.080s][debug][gc,heap     ] GC(0)  Metaspace       used 630K, committed 768K, reserved 1114112K
[2026-08-01T22:26:54.966+0900][0.080s][debug][gc,heap     ] GC(0)   class space    used 41K, committed 128K, reserved 1048576K
[2026-08-01T22:26:54.966+0900][0.080s][info ][gc,task     ] GC(0) Using 1 workers of 18 for full compaction
[2026-08-01T22:26:54.967+0900][0.080s][info ][gc,phases,start] GC(0) Phase 1: Mark live objects
[2026-08-01T22:26:54.968+0900][0.081s][info ][gc,phases      ] GC(0) Phase 1: Mark live objects 1.373ms
[2026-08-01T22:26:54.968+0900][0.081s][info ][gc,phases,start] GC(0) Phase 2: Prepare for compaction
[2026-08-01T22:26:54.970+0900][0.083s][info ][gc,phases      ] GC(0) Phase 2: Prepare for compaction 1.819ms
[2026-08-01T22:26:54.970+0900][0.083s][info ][gc,phases,start] GC(0) Phase 3: Adjust pointers
[2026-08-01T22:26:54.970+0900][0.084s][info ][gc,phases      ] GC(0) Phase 3: Adjust pointers 0.573ms
[2026-08-01T22:26:54.970+0900][0.084s][info ][gc,phases,start] GC(0) Phase 4: Compact heap
[2026-08-01T22:26:54.973+0900][0.086s][info ][gc,phases      ] GC(0) Phase 4: Compact heap 2.129ms
[2026-08-01T22:26:54.978+0900][0.092s][debug][gc,heap        ] GC(0) Uncommittable regions after shrink: 60
[2026-08-01T22:26:54.978+0900][0.092s][info ][gc,heap        ] GC(0) Eden regions: 1->0(1)
[2026-08-01T22:26:54.978+0900][0.092s][info ][gc,heap        ] GC(0) Survivor regions: 0->0(0)
[2026-08-01T22:26:54.978+0900][0.092s][info ][gc,heap        ] GC(0) Old regions: 0->1
[2026-08-01T22:26:54.978+0900][0.092s][info ][gc,heap        ] GC(0) Archive regions: 0->0
[2026-08-01T22:26:54.978+0900][0.092s][info ][gc,heap        ] GC(0) Humongous regions: 0->0
[2026-08-01T22:26:54.978+0900][0.092s][info ][gc,metaspace   ] GC(0) Metaspace: 630K(768K)->630K(768K) NonClass: 589K(640K)->589K(640K) Class: 41K(128K)->41K(128K)
[2026-08-01T22:26:54.978+0900][0.092s][debug][gc,heap        ] GC(0) Heap after GC invocations=1 (full 1):
[2026-08-01T22:26:54.978+0900][0.092s][debug][gc,heap        ] GC(0)  garbage-first heap   total 131072K, used 6068K [0x0000027678000000, 0x000002ad78000000)
[2026-08-01T22:26:54.978+0900][0.092s][debug][gc,heap        ] GC(0)   region size 32768K, 0 young (0K), 0 survivors (0K)
[2026-08-01T22:26:54.978+0900][0.092s][debug][gc,heap        ] GC(0)  Metaspace       used 630K, committed 768K, reserved 1114112K
[2026-08-01T22:26:54.979+0900][0.092s][debug][gc,heap        ] GC(0)   class space    used 41K, committed 128K, reserved 1048576K
[2026-08-01T22:26:54.979+0900][0.092s][info ][gc             ] GC(0) Pause Full (System.gc()) 14M->5M(128M) 12.252ms
[2026-08-01T22:26:54.979+0900][0.092s][info ][gc,cpu         ] GC(0) User=0.00s Sys=0.00s Real=0.01s
[2026-08-01T22:26:54.979+0900][0.092s][info ][safepoint      ] Safepoint "G1CollectFull", Time since last: 60461800 ns, Reaching safepoint: 32000 ns, At safepoint: 12291800 ns, Total: 12323800 ns
[2026-08-01T22:26:55.209+0900][0.323s][debug][gc,heap        ] Concurrent Uncommit Summary: 1920M, 60 regions, 16.128ms
[2026-08-01T22:26:55.230+0900][0.344s][info ][gc,start       ] GC(1) Pause Full (System.gc())
[2026-08-01T22:26:55.230+0900][0.344s][debug][gc,heap        ] GC(1) Heap before GC invocations=1 (full 1):
[2026-08-01T22:26:55.230+0900][0.344s][debug][gc,heap        ] GC(1)  garbage-first heap   total 131072K, used 6068K [0x0000027678000000, 0x000002ad78000000)
[2026-08-01T22:26:55.230+0900][0.344s][debug][gc,heap        ] GC(1)   region size 32768K, 1 young (32768K), 0 survivors (0K)
[2026-08-01T22:26:55.230+0900][0.344s][debug][gc,heap        ] GC(1)  Metaspace       used 5943K, committed 6144K, reserved 1114112K
[2026-08-01T22:26:55.230+0900][0.344s][debug][gc,heap        ] GC(1)   class space    used 550K, committed 640K, reserved 1048576K
[2026-08-01T22:26:55.231+0900][0.344s][info ][gc,task        ] GC(1) Using 1 workers of 18 for full compaction
[2026-08-01T22:26:55.231+0900][0.344s][info ][gc,phases,start] GC(1) Phase 1: Mark live objects
[2026-08-01T22:26:55.237+0900][0.351s][info ][gc,phases      ] GC(1) Phase 1: Mark live objects 6.564ms
[2026-08-01T22:26:55.237+0900][0.351s][info ][gc,phases,start] GC(1) Phase 2: Prepare for compaction
[2026-08-01T22:26:55.239+0900][0.352s][info ][gc,phases      ] GC(1) Phase 2: Prepare for compaction 1.609ms
[2026-08-01T22:26:55.239+0900][0.352s][info ][gc,phases,start] GC(1) Phase 3: Adjust pointers
[2026-08-01T22:26:55.242+0900][0.355s][info ][gc,phases      ] GC(1) Phase 3: Adjust pointers 2.704ms
[2026-08-01T22:26:55.242+0900][0.355s][info ][gc,phases,start] GC(1) Phase 4: Compact heap
[2026-08-01T22:26:55.244+0900][0.358s][info ][gc,phases      ] GC(1) Phase 4: Compact heap 2.510ms
[2026-08-01T22:26:55.245+0900][0.359s][info ][gc,heap        ] GC(1) Eden regions: 1->0(1)
[2026-08-01T22:26:55.245+0900][0.359s][info ][gc,heap        ] GC(1) Survivor regions: 0->0(0)
[2026-08-01T22:26:55.245+0900][0.359s][info ][gc,heap        ] GC(1) Old regions: 1->1
[2026-08-01T22:26:55.245+0900][0.359s][info ][gc,heap        ] GC(1) Archive regions: 0->0
[2026-08-01T22:26:55.245+0900][0.359s][info ][gc,heap        ] GC(1) Humongous regions: 0->0
[2026-08-01T22:26:55.245+0900][0.359s][info ][gc,metaspace   ] GC(1) Metaspace: 5943K(6144K)->5943K(6144K) NonClass: 5393K(5504K)->5393K(5504K) Class: 550K(640K)->550K(640K)
[2026-08-01T22:26:55.245+0900][0.359s][debug][gc,heap        ] GC(1) Heap after GC invocations=2 (full 2):
[2026-08-01T22:26:55.245+0900][0.359s][debug][gc,heap        ] GC(1)  garbage-first heap   total 131072K, used 9006K [0x0000027678000000, 0x000002ad78000000)
[2026-08-01T22:26:55.245+0900][0.359s][debug][gc,heap        ] GC(1)   region size 32768K, 0 young (0K), 0 survivors (0K)
[2026-08-01T22:26:55.245+0900][0.359s][debug][gc,heap        ] GC(1)  Metaspace       used 5943K, committed 6144K, reserved 1114112K
[2026-08-01T22:26:55.245+0900][0.359s][debug][gc,heap        ] GC(1)   class space    used 550K, committed 640K, reserved 1048576K
[2026-08-01T22:26:55.245+0900][0.359s][info ][gc             ] GC(1) Pause Full (System.gc()) 25M->8M(128M) 14.877ms
[2026-08-01T22:26:55.245+0900][0.359s][info ][gc,cpu         ] GC(1) User=0.02s Sys=0.00s Real=0.01s
[2026-08-01T22:26:55.245+0900][0.359s][info ][safepoint      ] Safepoint "G1CollectFull", Time since last: 251751900 ns, Reaching safepoint: 84900 ns, At safepoint: 14968000 ns, Total: 15052900 ns
[2026-08-01T22:26:55.322+0900][0.435s][info ][gc,start       ] GC(2) Pause Full (System.gc())
[2026-08-01T22:26:55.322+0900][0.435s][debug][gc,heap        ] GC(2) Heap before GC invocations=2 (full 2):
[2026-08-01T22:26:55.322+0900][0.435s][debug][gc,heap        ] GC(2)  garbage-first heap   total 131072K, used 9006K [0x0000027678000000, 0x000002ad78000000)
[2026-08-01T22:26:55.322+0900][0.435s][debug][gc,heap        ] GC(2)   region size 32768K, 1 young (32768K), 0 survivors (0K)
[2026-08-01T22:26:55.322+0900][0.435s][debug][gc,heap        ] GC(2)  Metaspace       used 6315K, committed 6528K, reserved 1114112K
[2026-08-01T22:26:55.322+0900][0.435s][debug][gc,heap        ] GC(2)   class space    used 595K, committed 704K, reserved 1048576K
[2026-08-01T22:26:55.322+0900][0.435s][info ][gc,task        ] GC(2) Using 1 workers of 18 for full compaction
[2026-08-01T22:26:55.322+0900][0.435s][info ][gc,phases,start] GC(2) Phase 1: Mark live objects
[2026-08-01T22:26:55.338+0900][0.451s][info ][gc,phases      ] GC(2) Phase 1: Mark live objects 15.704ms
[2026-08-01T22:26:55.338+0900][0.451s][info ][gc,phases,start] GC(2) Phase 2: Prepare for compaction
[2026-08-01T22:26:55.342+0900][0.455s][info ][gc,phases      ] GC(2) Phase 2: Prepare for compaction 3.972ms
[2026-08-01T22:26:55.342+0900][0.455s][info ][gc,phases,start] GC(2) Phase 3: Adjust pointers
[2026-08-01T22:26:55.348+0900][0.462s][info ][gc,phases      ] GC(2) Phase 3: Adjust pointers 6.539ms
[2026-08-01T22:26:55.348+0900][0.462s][info ][gc,phases,start] GC(2) Phase 4: Compact heap
[2026-08-01T22:26:55.353+0900][0.466s][info ][gc,phases      ] GC(2) Phase 4: Compact heap 4.697ms
[2026-08-01T22:26:55.354+0900][0.467s][info ][gc,heap        ] GC(2) Eden regions: 1->0(1)
[2026-08-01T22:26:55.354+0900][0.467s][info ][gc,heap        ] GC(2) Survivor regions: 0->0(0)
[2026-08-01T22:26:55.354+0900][0.467s][info ][gc,heap        ] GC(2) Old regions: 1->1
[2026-08-01T22:26:55.354+0900][0.467s][info ][gc,heap        ] GC(2) Archive regions: 0->0
[2026-08-01T22:26:55.354+0900][0.467s][info ][gc,heap        ] GC(2) Humongous regions: 0->0
[2026-08-01T22:26:55.354+0900][0.467s][info ][gc,metaspace   ] GC(2) Metaspace: 6315K(6528K)->6315K(6528K) NonClass: 5719K(5824K)->5719K(5824K) Class: 595K(704K)->595K(704K)
[2026-08-01T22:26:55.354+0900][0.467s][debug][gc,heap        ] GC(2) Heap after GC invocations=3 (full 3):
[2026-08-01T22:26:55.354+0900][0.467s][debug][gc,heap        ] GC(2)  garbage-first heap   total 131072K, used 15151K [0x0000027678000000, 0x000002ad78000000)
[2026-08-01T22:26:55.354+0900][0.467s][debug][gc,heap        ] GC(2)   region size 32768K, 0 young (0K), 0 survivors (0K)
[2026-08-01T22:26:55.354+0900][0.467s][debug][gc,heap        ] GC(2)  Metaspace       used 6315K, committed 6528K, reserved 1114112K
[2026-08-01T22:26:55.354+0900][0.467s][debug][gc,heap        ] GC(2)   class space    used 595K, committed 704K, reserved 1048576K
[2026-08-01T22:26:55.354+0900][0.467s][info ][gc             ] GC(2) Pause Full (System.gc()) 27M->14M(128M) 32.131ms
[2026-08-01T22:26:55.354+0900][0.467s][info ][gc,cpu         ] GC(2) User=0.06s Sys=0.00s Real=0.03s
[2026-08-01T22:26:55.354+0900][0.467s][info ][safepoint      ] Safepoint "G1CollectFull", Time since last: 76226300 ns, Reaching safepoint: 39600 ns, At safepoint: 32243000 ns, Total: 32282600 ns
[2026-08-01T22:26:55.368+0900][0.482s][info ][gc,start       ] GC(3) Pause Full (System.gc())
[2026-08-01T22:26:55.368+0900][0.482s][debug][gc,heap        ] GC(3) Heap before GC invocations=3 (full 3):
[2026-08-01T22:26:55.368+0900][0.482s][debug][gc,heap        ] GC(3)  garbage-first heap   total 131072K, used 15151K [0x0000027678000000, 0x000002ad78000000)
[2026-08-01T22:26:55.368+0900][0.482s][debug][gc,heap        ] GC(3)   region size 32768K, 1 young (32768K), 0 survivors (0K)
[2026-08-01T22:26:55.368+0900][0.482s][debug][gc,heap        ] GC(3)  Metaspace       used 6538K, committed 6720K, reserved 1114112K
[2026-08-01T22:26:55.368+0900][0.482s][debug][gc,heap        ] GC(3)   class space    used 615K, committed 704K, reserved 1048576K
[2026-08-01T22:26:55.368+0900][0.482s][info ][gc,task        ] GC(3) Using 1 workers of 18 for full compaction
[2026-08-01T22:26:55.368+0900][0.482s][info ][gc,phases,start] GC(3) Phase 1: Mark live objects
[2026-08-01T22:26:55.380+0900][0.493s][info ][gc,phases      ] GC(3) Phase 1: Mark live objects 11.542ms
[2026-08-01T22:26:55.380+0900][0.494s][info ][gc,phases,start] GC(3) Phase 2: Prepare for compaction
[2026-08-01T22:26:55.382+0900][0.496s][info ][gc,phases      ] GC(3) Phase 2: Prepare for compaction 2.193ms
[2026-08-01T22:26:55.382+0900][0.496s][info ][gc,phases,start] GC(3) Phase 3: Adjust pointers
[2026-08-01T22:26:55.387+0900][0.500s][info ][gc,phases      ] GC(3) Phase 3: Adjust pointers 4.267ms
[2026-08-01T22:26:55.387+0900][0.500s][info ][gc,phases,start] GC(3) Phase 4: Compact heap
[2026-08-01T22:26:55.389+0900][0.502s][info ][gc,phases      ] GC(3) Phase 4: Compact heap 2.018ms
[2026-08-01T22:26:55.389+0900][0.503s][info ][gc,heap        ] GC(3) Eden regions: 1->0(1)
[2026-08-01T22:26:55.389+0900][0.503s][info ][gc,heap        ] GC(3) Survivor regions: 0->0(0)
[2026-08-01T22:26:55.389+0900][0.503s][info ][gc,heap        ] GC(3) Old regions: 1->1
[2026-08-01T22:26:55.389+0900][0.503s][info ][gc,heap        ] GC(3) Archive regions: 0->0
[2026-08-01T22:26:55.389+0900][0.503s][info ][gc,heap        ] GC(3) Humongous regions: 0->0
[2026-08-01T22:26:55.389+0900][0.503s][info ][gc,metaspace   ] GC(3) Metaspace: 6538K(6720K)->6538K(6720K) NonClass: 5922K(6016K)->5922K(6016K) Class: 615K(704K)->615K(704K)
[2026-08-01T22:26:55.389+0900][0.503s][debug][gc,heap        ] GC(3) Heap after GC invocations=4 (full 4):
[2026-08-01T22:26:55.389+0900][0.503s][debug][gc,heap        ] GC(3)  garbage-first heap   total 131072K, used 15212K [0x0000027678000000, 0x000002ad78000000)
[2026-08-01T22:26:55.389+0900][0.503s][debug][gc,heap        ] GC(3)   region size 32768K, 0 young (0K), 0 survivors (0K)
[2026-08-01T22:26:55.389+0900][0.503s][debug][gc,heap        ] GC(3)  Metaspace       used 6538K, committed 6720K, reserved 1114112K
[2026-08-01T22:26:55.389+0900][0.503s][debug][gc,heap        ] GC(3)   class space    used 615K, committed 704K, reserved 1048576K
[2026-08-01T22:26:55.389+0900][0.503s][info ][gc             ] GC(3) Pause Full (System.gc()) 16M->14M(128M) 21.100ms
[2026-08-01T22:26:55.389+0900][0.503s][info ][gc,cpu         ] GC(3) User=0.03s Sys=0.00s Real=0.02s
[2026-08-01T22:26:55.390+0900][0.503s][info ][safepoint      ] Safepoint "G1CollectFull", Time since last: 14385300 ns, Reaching safepoint: 31900 ns, At safepoint: 21206400 ns, Total: 21238300 ns
[2026-08-01T22:26:55.393+0900][0.506s][info ][gc,start       ] GC(4) Pause Full (System.gc())
[2026-08-01T22:26:55.393+0900][0.506s][debug][gc,heap        ] GC(4) Heap before GC invocations=4 (full 4):
[2026-08-01T22:26:55.393+0900][0.506s][debug][gc,heap        ] GC(4)  garbage-first heap   total 131072K, used 15212K [0x0000027678000000, 0x000002ad78000000)
[2026-08-01T22:26:55.393+0900][0.506s][debug][gc,heap        ] GC(4)   region size 32768K, 1 young (32768K), 0 survivors (0K)
[2026-08-01T22:26:55.393+0900][0.506s][debug][gc,heap        ] GC(4)  Metaspace       used 6553K, committed 6720K, reserved 1114112K
[2026-08-01T22:26:55.393+0900][0.506s][debug][gc,heap        ] GC(4)   class space    used 615K, committed 704K, reserved 1048576K
[2026-08-01T22:26:55.393+0900][0.506s][info ][gc,task        ] GC(4) Using 1 workers of 18 for full compaction
[2026-08-01T22:26:55.393+0900][0.506s][info ][gc,phases,start] GC(4) Phase 1: Mark live objects
[2026-08-01T22:26:55.403+0900][0.517s][info ][gc,phases      ] GC(4) Phase 1: Mark live objects 10.260ms
[2026-08-01T22:26:55.403+0900][0.517s][info ][gc,phases,start] GC(4) Phase 2: Prepare for compaction
[2026-08-01T22:26:55.405+0900][0.519s][info ][gc,phases      ] GC(4) Phase 2: Prepare for compaction 2.085ms
[2026-08-01T22:26:55.405+0900][0.519s][info ][gc,phases,start] GC(4) Phase 3: Adjust pointers
[2026-08-01T22:26:55.409+0900][0.522s][info ][gc,phases      ] GC(4) Phase 3: Adjust pointers 3.833ms
[2026-08-01T22:26:55.409+0900][0.523s][info ][gc,phases,start] GC(4) Phase 4: Compact heap
[2026-08-01T22:26:55.411+0900][0.524s][info ][gc,phases      ] GC(4) Phase 4: Compact heap 1.700ms
[2026-08-01T22:26:55.411+0900][0.525s][info ][gc,heap        ] GC(4) Eden regions: 1->0(1)
[2026-08-01T22:26:55.411+0900][0.525s][info ][gc,heap        ] GC(4) Survivor regions: 0->0(0)
[2026-08-01T22:26:55.411+0900][0.525s][info ][gc,heap        ] GC(4) Old regions: 1->1
[2026-08-01T22:26:55.411+0900][0.525s][info ][gc,heap        ] GC(4) Archive regions: 0->0
[2026-08-01T22:26:55.411+0900][0.525s][info ][gc,heap        ] GC(4) Humongous regions: 0->0
[2026-08-01T22:26:55.411+0900][0.525s][info ][gc,metaspace   ] GC(4) Metaspace: 6553K(6720K)->6553K(6720K) NonClass: 5938K(6016K)->5938K(6016K) Class: 615K(704K)->615K(704K)
[2026-08-01T22:26:55.411+0900][0.525s][debug][gc,heap        ] GC(4) Heap after GC invocations=5 (full 5):
[2026-08-01T22:26:55.411+0900][0.525s][debug][gc,heap        ] GC(4)  garbage-first heap   total 131072K, used 15220K [0x0000027678000000, 0x000002ad78000000)
[2026-08-01T22:26:55.411+0900][0.525s][debug][gc,heap        ] GC(4)   region size 32768K, 0 young (0K), 0 survivors (0K)
[2026-08-01T22:26:55.411+0900][0.525s][debug][gc,heap        ] GC(4)  Metaspace       used 6553K, committed 6720K, reserved 1114112K
[2026-08-01T22:26:55.411+0900][0.525s][debug][gc,heap        ] GC(4)   class space    used 615K, committed 704K, reserved 1048576K
[2026-08-01T22:26:55.411+0900][0.525s][info ][gc             ] GC(4) Pause Full (System.gc()) 16M->14M(128M) 18.964ms
[2026-08-01T22:26:55.411+0900][0.525s][info ][gc,cpu         ] GC(4) User=0.02s Sys=0.00s Real=0.02s
[2026-08-01T22:26:55.412+0900][0.525s][info ][safepoint      ] Safepoint "G1CollectFull", Time since last: 3008600 ns, Reaching safepoint: 23500 ns, At safepoint: 19086500 ns, Total: 19110000 ns
[2026-08-01T22:26:55.414+0900][0.528s][info ][gc,start       ] GC(5) Pause Full (System.gc())
[2026-08-01T22:26:55.414+0900][0.528s][debug][gc,heap        ] GC(5) Heap before GC invocations=5 (full 5):
[2026-08-01T22:26:55.414+0900][0.528s][debug][gc,heap        ] GC(5)  garbage-first heap   total 131072K, used 15220K [0x0000027678000000, 0x000002ad78000000)
[2026-08-01T22:26:55.414+0900][0.528s][debug][gc,heap        ] GC(5)   region size 32768K, 1 young (32768K), 0 survivors (0K)
[2026-08-01T22:26:55.414+0900][0.528s][debug][gc,heap        ] GC(5)  Metaspace       used 6567K, committed 6784K, reserved 1114112K
[2026-08-01T22:26:55.414+0900][0.528s][debug][gc,heap        ] GC(5)   class space    used 615K, committed 704K, reserved 1048576K
[2026-08-01T22:26:55.414+0900][0.528s][info ][gc,task        ] GC(5) Using 1 workers of 18 for full compaction
[2026-08-01T22:26:55.414+0900][0.528s][info ][gc,phases,start] GC(5) Phase 1: Mark live objects
[2026-08-01T22:26:55.424+0900][0.538s][info ][gc,phases      ] GC(5) Phase 1: Mark live objects 9.610ms
[2026-08-01T22:26:55.424+0900][0.538s][info ][gc,phases,start] GC(5) Phase 2: Prepare for compaction
[2026-08-01T22:26:55.426+0900][0.540s][info ][gc,phases      ] GC(5) Phase 2: Prepare for compaction 1.970ms
[2026-08-01T22:26:55.426+0900][0.540s][info ][gc,phases,start] GC(5) Phase 3: Adjust pointers
[2026-08-01T22:26:55.430+0900][0.543s][info ][gc,phases      ] GC(5) Phase 3: Adjust pointers 3.794ms
[2026-08-01T22:26:55.430+0900][0.543s][info ][gc,phases,start] GC(5) Phase 4: Compact heap
[2026-08-01T22:26:55.432+0900][0.545s][info ][gc,phases      ] GC(5) Phase 4: Compact heap 1.682ms
[2026-08-01T22:26:55.432+0900][0.546s][info ][gc,heap        ] GC(5) Eden regions: 1->0(1)
[2026-08-01T22:26:55.432+0900][0.546s][info ][gc,heap        ] GC(5) Survivor regions: 0->0(0)
[2026-08-01T22:26:55.432+0900][0.546s][info ][gc,heap        ] GC(5) Old regions: 1->1
[2026-08-01T22:26:55.432+0900][0.546s][info ][gc,heap        ] GC(5) Archive regions: 0->0
[2026-08-01T22:26:55.432+0900][0.546s][info ][gc,heap        ] GC(5) Humongous regions: 0->0
[2026-08-01T22:26:55.432+0900][0.546s][info ][gc,metaspace   ] GC(5) Metaspace: 6567K(6784K)->6567K(6784K) NonClass: 5951K(6080K)->5951K(6080K) Class: 615K(704K)->615K(704K)
[2026-08-01T22:26:55.432+0900][0.546s][debug][gc,heap        ] GC(5) Heap after GC invocations=6 (full 6):
[2026-08-01T22:26:55.432+0900][0.546s][debug][gc,heap        ] GC(5)  garbage-first heap   total 131072K, used 15229K [0x0000027678000000, 0x000002ad78000000)
[2026-08-01T22:26:55.432+0900][0.546s][debug][gc,heap        ] GC(5)   region size 32768K, 0 young (0K), 0 survivors (0K)
[2026-08-01T22:26:55.432+0900][0.546s][debug][gc,heap        ] GC(5)  Metaspace       used 6567K, committed 6784K, reserved 1114112K
[2026-08-01T22:26:55.432+0900][0.546s][debug][gc,heap        ] GC(5)   class space    used 615K, committed 704K, reserved 1048576K
[2026-08-01T22:26:55.432+0900][0.546s][info ][gc             ] GC(5) Pause Full (System.gc()) 15M->14M(128M) 18.061ms
[2026-08-01T22:26:55.432+0900][0.546s][info ][gc,cpu         ] GC(5) User=0.02s Sys=0.00s Real=0.02s
[2026-08-01T22:26:55.432+0900][0.546s][info ][safepoint      ] Safepoint "G1CollectFull", Time since last: 2607800 ns, Reaching safepoint: 43900 ns, At safepoint: 18146800 ns, Total: 18190700 ns
[2026-08-01T22:26:55.435+0900][0.548s][info ][gc,start       ] GC(6) Pause Full (System.gc())
[2026-08-01T22:26:55.435+0900][0.548s][debug][gc,heap        ] GC(6) Heap before GC invocations=6 (full 6):
[2026-08-01T22:26:55.435+0900][0.548s][debug][gc,heap        ] GC(6)  garbage-first heap   total 131072K, used 15229K [0x0000027678000000, 0x000002ad78000000)
[2026-08-01T22:26:55.435+0900][0.548s][debug][gc,heap        ] GC(6)   region size 32768K, 1 young (32768K), 0 survivors (0K)
[2026-08-01T22:26:55.435+0900][0.548s][debug][gc,heap        ] GC(6)  Metaspace       used 6586K, committed 6784K, reserved 1114112K
[2026-08-01T22:26:55.435+0900][0.548s][debug][gc,heap        ] GC(6)   class space    used 615K, committed 704K, reserved 1048576K
[2026-08-01T22:26:55.435+0900][0.548s][info ][gc,task        ] GC(6) Using 1 workers of 18 for full compaction
[2026-08-01T22:26:55.435+0900][0.548s][info ][gc,phases,start] GC(6) Phase 1: Mark live objects
[2026-08-01T22:26:55.444+0900][0.558s][info ][gc,phases      ] GC(6) Phase 1: Mark live objects 9.486ms
[2026-08-01T22:26:55.445+0900][0.558s][info ][gc,phases,start] GC(6) Phase 2: Prepare for compaction
[2026-08-01T22:26:55.447+0900][0.560s][info ][gc,phases      ] GC(6) Phase 2: Prepare for compaction 2.230ms
[2026-08-01T22:26:55.447+0900][0.560s][info ][gc,phases,start] GC(6) Phase 3: Adjust pointers
[2026-08-01T22:26:55.451+0900][0.564s][info ][gc,phases      ] GC(6) Phase 3: Adjust pointers 3.942ms
[2026-08-01T22:26:55.451+0900][0.564s][info ][gc,phases,start] GC(6) Phase 4: Compact heap
[2026-08-01T22:26:55.452+0900][0.566s][info ][gc,phases      ] GC(6) Phase 4: Compact heap 1.677ms
[2026-08-01T22:26:55.453+0900][0.567s][info ][gc,heap        ] GC(6) Eden regions: 1->0(1)
[2026-08-01T22:26:55.453+0900][0.567s][info ][gc,heap        ] GC(6) Survivor regions: 0->0(0)
[2026-08-01T22:26:55.453+0900][0.567s][info ][gc,heap        ] GC(6) Old regions: 1->1
[2026-08-01T22:26:55.453+0900][0.567s][info ][gc,heap        ] GC(6) Archive regions: 0->0
[2026-08-01T22:26:55.453+0900][0.567s][info ][gc,heap        ] GC(6) Humongous regions: 0->0
[2026-08-01T22:26:55.453+0900][0.567s][info ][gc,metaspace   ] GC(6) Metaspace: 6586K(6784K)->6586K(6784K) NonClass: 5970K(6080K)->5970K(6080K) Class: 615K(704K)->615K(704K)
[2026-08-01T22:26:55.453+0900][0.567s][debug][gc,heap        ] GC(6) Heap after GC invocations=7 (full 7):
[2026-08-01T22:26:55.453+0900][0.567s][debug][gc,heap        ] GC(6)  garbage-first heap   total 131072K, used 15238K [0x0000027678000000, 0x000002ad78000000)
[2026-08-01T22:26:55.453+0900][0.567s][debug][gc,heap        ] GC(6)   region size 32768K, 0 young (0K), 0 survivors (0K)
[2026-08-01T22:26:55.453+0900][0.567s][debug][gc,heap        ] GC(6)  Metaspace       used 6586K, committed 6784K, reserved 1114112K
[2026-08-01T22:26:55.453+0900][0.567s][debug][gc,heap        ] GC(6)   class space    used 615K, committed 704K, reserved 1048576K
[2026-08-01T22:26:55.453+0900][0.567s][info ][gc             ] GC(6) Pause Full (System.gc()) 15M->14M(128M) 18.404ms
[2026-08-01T22:26:55.453+0900][0.567s][info ][gc,cpu         ] GC(6) User=0.02s Sys=0.00s Real=0.02s
[2026-08-01T22:26:55.453+0900][0.567s][info ][safepoint      ] Safepoint "G1CollectFull", Time since last: 2401400 ns, Reaching safepoint: 31200 ns, At safepoint: 18522500 ns, Total: 18553700 ns
[2026-08-01T22:26:55.457+0900][0.570s][info ][gc,start       ] GC(7) Pause Full (System.gc())
[2026-08-01T22:26:55.457+0900][0.570s][debug][gc,heap        ] GC(7) Heap before GC invocations=7 (full 7):
[2026-08-01T22:26:55.457+0900][0.570s][debug][gc,heap        ] GC(7)  garbage-first heap   total 131072K, used 15238K [0x0000027678000000, 0x000002ad78000000)
[2026-08-01T22:26:55.457+0900][0.570s][debug][gc,heap        ] GC(7)   region size 32768K, 1 young (32768K), 0 survivors (0K)
[2026-08-01T22:26:55.457+0900][0.570s][debug][gc,heap        ] GC(7)  Metaspace       used 6601K, committed 6848K, reserved 1114112K
[2026-08-01T22:26:55.457+0900][0.570s][debug][gc,heap        ] GC(7)   class space    used 616K, committed 704K, reserved 1048576K
[2026-08-01T22:26:55.457+0900][0.570s][info ][gc,task        ] GC(7) Using 1 workers of 18 for full compaction
[2026-08-01T22:26:55.457+0900][0.570s][info ][gc,phases,start] GC(7) Phase 1: Mark live objects
[2026-08-01T22:26:55.468+0900][0.581s][info ][gc,phases      ] GC(7) Phase 1: Mark live objects 11.247ms
[2026-08-01T22:26:55.468+0900][0.581s][info ][gc,phases,start] GC(7) Phase 2: Prepare for compaction
[2026-08-01T22:26:55.470+0900][0.584s][info ][gc,phases      ] GC(7) Phase 2: Prepare for compaction 2.130ms
[2026-08-01T22:26:55.470+0900][0.584s][info ][gc,phases,start] GC(7) Phase 3: Adjust pointers
[2026-08-01T22:26:55.474+0900][0.588s][info ][gc,phases      ] GC(7) Phase 3: Adjust pointers 3.996ms
[2026-08-01T22:26:55.474+0900][0.588s][info ][gc,phases,start] GC(7) Phase 4: Compact heap
[2026-08-01T22:26:55.476+0900][0.589s][info ][gc,phases      ] GC(7) Phase 4: Compact heap 1.755ms
[2026-08-01T22:26:55.477+0900][0.590s][info ][gc,heap        ] GC(7) Eden regions: 1->0(1)
[2026-08-01T22:26:55.477+0900][0.590s][info ][gc,heap        ] GC(7) Survivor regions: 0->0(0)
[2026-08-01T22:26:55.477+0900][0.590s][info ][gc,heap        ] GC(7) Old regions: 1->1
[2026-08-01T22:26:55.477+0900][0.590s][info ][gc,heap        ] GC(7) Archive regions: 0->0
[2026-08-01T22:26:55.477+0900][0.590s][info ][gc,heap        ] GC(7) Humongous regions: 0->0
[2026-08-01T22:26:55.477+0900][0.590s][info ][gc,metaspace   ] GC(7) Metaspace: 6601K(6848K)->6601K(6848K) NonClass: 5985K(6144K)->5985K(6144K) Class: 616K(704K)->616K(704K)
[2026-08-01T22:26:55.477+0900][0.590s][debug][gc,heap        ] GC(7) Heap after GC invocations=8 (full 8):
[2026-08-01T22:26:55.477+0900][0.590s][debug][gc,heap        ] GC(7)  garbage-first heap   total 131072K, used 15248K [0x0000027678000000, 0x000002ad78000000)
[2026-08-01T22:26:55.477+0900][0.590s][debug][gc,heap        ] GC(7)   region size 32768K, 0 young (0K), 0 survivors (0K)
[2026-08-01T22:26:55.477+0900][0.590s][debug][gc,heap        ] GC(7)  Metaspace       used 6601K, committed 6848K, reserved 1114112K
[2026-08-01T22:26:55.477+0900][0.590s][debug][gc,heap        ] GC(7)   class space    used 616K, committed 704K, reserved 1048576K
[2026-08-01T22:26:55.477+0900][0.590s][info ][gc             ] GC(7) Pause Full (System.gc()) 16M->14M(128M) 20.201ms
[2026-08-01T22:26:55.477+0900][0.590s][info ][gc,cpu         ] GC(7) User=0.02s Sys=0.00s Real=0.02s
[2026-08-01T22:26:55.477+0900][0.590s][info ][safepoint      ] Safepoint "G1CollectFull", Time since last: 3121500 ns, Reaching safepoint: 37700 ns, At safepoint: 20331000 ns, Total: 20368700 ns
[2026-08-01T22:26:55.479+0900][0.592s][info ][gc,start       ] GC(8) Pause Full (System.gc())
[2026-08-01T22:26:55.479+0900][0.592s][debug][gc,heap        ] GC(8) Heap before GC invocations=8 (full 8):
[2026-08-01T22:26:55.479+0900][0.592s][debug][gc,heap        ] GC(8)  garbage-first heap   total 131072K, used 15248K [0x0000027678000000, 0x000002ad78000000)
[2026-08-01T22:26:55.479+0900][0.592s][debug][gc,heap        ] GC(8)   region size 32768K, 1 young (32768K), 0 survivors (0K)
[2026-08-01T22:26:55.479+0900][0.592s][debug][gc,heap        ] GC(8)  Metaspace       used 6612K, committed 6848K, reserved 1114112K
[2026-08-01T22:26:55.479+0900][0.592s][debug][gc,heap        ] GC(8)   class space    used 616K, committed 704K, reserved 1048576K
[2026-08-01T22:26:55.479+0900][0.592s][info ][gc,task        ] GC(8) Using 1 workers of 18 for full compaction
[2026-08-01T22:26:55.479+0900][0.592s][info ][gc,phases,start] GC(8) Phase 1: Mark live objects
[2026-08-01T22:26:55.488+0900][0.602s][info ][gc,phases      ] GC(8) Phase 1: Mark live objects 9.336ms
[2026-08-01T22:26:55.488+0900][0.602s][info ][gc,phases,start] GC(8) Phase 2: Prepare for compaction
[2026-08-01T22:26:55.490+0900][0.604s][info ][gc,phases      ] GC(8) Phase 2: Prepare for compaction 2.020ms
[2026-08-01T22:26:55.490+0900][0.604s][info ][gc,phases,start] GC(8) Phase 3: Adjust pointers
[2026-08-01T22:26:55.494+0900][0.608s][info ][gc,phases      ] GC(8) Phase 3: Adjust pointers 3.833ms
[2026-08-01T22:26:55.494+0900][0.608s][info ][gc,phases,start] GC(8) Phase 4: Compact heap
[2026-08-01T22:26:55.496+0900][0.609s][info ][gc,phases      ] GC(8) Phase 4: Compact heap 1.701ms
[2026-08-01T22:26:55.496+0900][0.610s][info ][gc,heap        ] GC(8) Eden regions: 1->0(1)
[2026-08-01T22:26:55.497+0900][0.610s][info ][gc,heap        ] GC(8) Survivor regions: 0->0(0)
[2026-08-01T22:26:55.497+0900][0.610s][info ][gc,heap        ] GC(8) Old regions: 1->1
[2026-08-01T22:26:55.497+0900][0.610s][info ][gc,heap        ] GC(8) Archive regions: 0->0
[2026-08-01T22:26:55.497+0900][0.610s][info ][gc,heap        ] GC(8) Humongous regions: 0->0
[2026-08-01T22:26:55.497+0900][0.610s][info ][gc,metaspace   ] GC(8) Metaspace: 6612K(6848K)->6612K(6848K) NonClass: 5996K(6144K)->5996K(6144K) Class: 616K(704K)->616K(704K)
[2026-08-01T22:26:55.497+0900][0.610s][debug][gc,heap        ] GC(8) Heap after GC invocations=9 (full 9):
[2026-08-01T22:26:55.497+0900][0.610s][debug][gc,heap        ] GC(8)  garbage-first heap   total 131072K, used 15257K [0x0000027678000000, 0x000002ad78000000)
[2026-08-01T22:26:55.497+0900][0.610s][debug][gc,heap        ] GC(8)   region size 32768K, 0 young (0K), 0 survivors (0K)
[2026-08-01T22:26:55.497+0900][0.610s][debug][gc,heap        ] GC(8)  Metaspace       used 6612K, committed 6848K, reserved 1114112K
[2026-08-01T22:26:55.497+0900][0.610s][debug][gc,heap        ] GC(8)   class space    used 616K, committed 704K, reserved 1048576K
[2026-08-01T22:26:55.497+0900][0.610s][info ][gc             ] GC(8) Pause Full (System.gc()) 15M->14M(128M) 17.884ms
[2026-08-01T22:26:55.497+0900][0.610s][info ][gc,cpu         ] GC(8) User=0.03s Sys=0.00s Real=0.02s
[2026-08-01T22:26:55.497+0900][0.610s][info ][safepoint      ] Safepoint "G1CollectFull", Time since last: 1839000 ns, Reaching safepoint: 22900 ns, At safepoint: 17985300 ns, Total: 18008200 ns
[2026-08-01T22:26:55.499+0900][0.612s][info ][gc,start       ] GC(9) Pause Full (System.gc())
[2026-08-01T22:26:55.499+0900][0.612s][debug][gc,heap        ] GC(9) Heap before GC invocations=9 (full 9):
[2026-08-01T22:26:55.499+0900][0.612s][debug][gc,heap        ] GC(9)  garbage-first heap   total 131072K, used 15257K [0x0000027678000000, 0x000002ad78000000)
[2026-08-01T22:26:55.499+0900][0.612s][debug][gc,heap        ] GC(9)   region size 32768K, 1 young (32768K), 0 survivors (0K)
[2026-08-01T22:26:55.499+0900][0.612s][debug][gc,heap        ] GC(9)  Metaspace       used 6637K, committed 6912K, reserved 1114112K
[2026-08-01T22:26:55.499+0900][0.612s][debug][gc,heap        ] GC(9)   class space    used 616K, committed 704K, reserved 1048576K
[2026-08-01T22:26:55.499+0900][0.612s][info ][gc,task        ] GC(9) Using 1 workers of 18 for full compaction
[2026-08-01T22:26:55.499+0900][0.613s][info ][gc,phases,start] GC(9) Phase 1: Mark live objects
[2026-08-01T22:26:55.508+0900][0.622s][info ][gc,phases      ] GC(9) Phase 1: Mark live objects 9.314ms
[2026-08-01T22:26:55.508+0900][0.622s][info ][gc,phases,start] GC(9) Phase 2: Prepare for compaction
[2026-08-01T22:26:55.510+0900][0.624s][info ][gc,phases      ] GC(9) Phase 2: Prepare for compaction 2.030ms
[2026-08-01T22:26:55.510+0900][0.624s][info ][gc,phases,start] GC(9) Phase 3: Adjust pointers
[2026-08-01T22:26:55.514+0900][0.628s][info ][gc,phases      ] GC(9) Phase 3: Adjust pointers 3.917ms
[2026-08-01T22:26:55.514+0900][0.628s][info ][gc,phases,start] GC(9) Phase 4: Compact heap
[2026-08-01T22:26:55.516+0900][0.630s][info ][gc,phases      ] GC(9) Phase 4: Compact heap 1.748ms
[2026-08-01T22:26:55.517+0900][0.630s][info ][gc,heap        ] GC(9) Eden regions: 1->0(1)
[2026-08-01T22:26:55.517+0900][0.630s][info ][gc,heap        ] GC(9) Survivor regions: 0->0(0)
[2026-08-01T22:26:55.517+0900][0.630s][info ][gc,heap        ] GC(9) Old regions: 1->1
[2026-08-01T22:26:55.517+0900][0.630s][info ][gc,heap        ] GC(9) Archive regions: 0->0
[2026-08-01T22:26:55.517+0900][0.630s][info ][gc,heap        ] GC(9) Humongous regions: 0->0
[2026-08-01T22:26:55.517+0900][0.630s][info ][gc,metaspace   ] GC(9) Metaspace: 6637K(6912K)->6637K(6912K) NonClass: 6021K(6208K)->6021K(6208K) Class: 616K(704K)->616K(704K)
[2026-08-01T22:26:55.517+0900][0.630s][debug][gc,heap        ] GC(9) Heap after GC invocations=10 (full 10):
[2026-08-01T22:26:55.517+0900][0.630s][debug][gc,heap        ] GC(9)  garbage-first heap   total 131072K, used 15267K [0x0000027678000000, 0x000002ad78000000)
[2026-08-01T22:26:55.517+0900][0.630s][debug][gc,heap        ] GC(9)   region size 32768K, 0 young (0K), 0 survivors (0K)
[2026-08-01T22:26:55.517+0900][0.630s][debug][gc,heap        ] GC(9)  Metaspace       used 6637K, committed 6912K, reserved 1114112K
[2026-08-01T22:26:55.517+0900][0.630s][debug][gc,heap        ] GC(9)   class space    used 616K, committed 704K, reserved 1048576K
[2026-08-01T22:26:55.517+0900][0.630s][info ][gc             ] GC(9) Pause Full (System.gc()) 16M->14M(128M) 18.155ms
[2026-08-01T22:26:55.517+0900][0.630s][info ][gc,cpu         ] GC(9) User=0.02s Sys=0.00s Real=0.02s
[2026-08-01T22:26:55.517+0900][0.631s][info ][safepoint      ] Safepoint "G1CollectFull", Time since last: 2081100 ns, Reaching safepoint: 25200 ns, At safepoint: 18241500 ns, Total: 18266700 ns
[2026-08-01T22:26:55.519+0900][0.633s][info ][gc,start       ] GC(10) Pause Full (System.gc())
[2026-08-01T22:26:55.519+0900][0.633s][debug][gc,heap        ] GC(10) Heap before GC invocations=10 (full 10):
[2026-08-01T22:26:55.519+0900][0.633s][debug][gc,heap        ] GC(10)  garbage-first heap   total 131072K, used 15267K [0x0000027678000000, 0x000002ad78000000)
[2026-08-01T22:26:55.519+0900][0.633s][debug][gc,heap        ] GC(10)   region size 32768K, 1 young (32768K), 0 survivors (0K)
[2026-08-01T22:26:55.519+0900][0.633s][debug][gc,heap        ] GC(10)  Metaspace       used 6640K, committed 6912K, reserved 1114112K
[2026-08-01T22:26:55.519+0900][0.633s][debug][gc,heap        ] GC(10)   class space    used 616K, committed 704K, reserved 1048576K
[2026-08-01T22:26:55.519+0900][0.633s][info ][gc,task        ] GC(10) Using 1 workers of 18 for full compaction
[2026-08-01T22:26:55.519+0900][0.633s][info ][gc,phases,start] GC(10) Phase 1: Mark live objects
[2026-08-01T22:26:55.530+0900][0.643s][info ][gc,phases      ] GC(10) Phase 1: Mark live objects 10.534ms
[2026-08-01T22:26:55.530+0900][0.643s][info ][gc,phases,start] GC(10) Phase 2: Prepare for compaction
[2026-08-01T22:26:55.532+0900][0.645s][info ][gc,phases      ] GC(10) Phase 2: Prepare for compaction 2.069ms
[2026-08-01T22:26:55.532+0900][0.645s][info ][gc,phases,start] GC(10) Phase 3: Adjust pointers
[2026-08-01T22:26:55.536+0900][0.649s][info ][gc,phases      ] GC(10) Phase 3: Adjust pointers 3.866ms
[2026-08-01T22:26:55.536+0900][0.649s][info ][gc,phases,start] GC(10) Phase 4: Compact heap
[2026-08-01T22:26:55.537+0900][0.651s][info ][gc,phases      ] GC(10) Phase 4: Compact heap 1.645ms
[2026-08-01T22:26:55.538+0900][0.652s][info ][gc,heap        ] GC(10) Eden regions: 1->0(1)
[2026-08-01T22:26:55.538+0900][0.652s][info ][gc,heap        ] GC(10) Survivor regions: 0->0(0)
[2026-08-01T22:26:55.538+0900][0.652s][info ][gc,heap        ] GC(10) Old regions: 1->1
[2026-08-01T22:26:55.538+0900][0.652s][info ][gc,heap        ] GC(10) Archive regions: 0->0
[2026-08-01T22:26:55.538+0900][0.652s][info ][gc,heap        ] GC(10) Humongous regions: 0->0
[2026-08-01T22:26:55.538+0900][0.652s][info ][gc,metaspace   ] GC(10) Metaspace: 6640K(6912K)->6640K(6912K) NonClass: 6024K(6208K)->6024K(6208K) Class: 616K(704K)->616K(704K)
[2026-08-01T22:26:55.538+0900][0.652s][debug][gc,heap        ] GC(10) Heap after GC invocations=11 (full 11):
[2026-08-01T22:26:55.538+0900][0.652s][debug][gc,heap        ] GC(10)  garbage-first heap   total 131072K, used 15276K [0x0000027678000000, 0x000002ad78000000)
[2026-08-01T22:26:55.538+0900][0.652s][debug][gc,heap        ] GC(10)   region size 32768K, 0 young (0K), 0 survivors (0K)
[2026-08-01T22:26:55.538+0900][0.652s][debug][gc,heap        ] GC(10)  Metaspace       used 6640K, committed 6912K, reserved 1114112K
[2026-08-01T22:26:55.538+0900][0.652s][debug][gc,heap        ] GC(10)   class space    used 616K, committed 704K, reserved 1048576K
[2026-08-01T22:26:55.538+0900][0.652s][info ][gc             ] GC(10) Pause Full (System.gc()) 15M->14M(128M) 19.191ms
[2026-08-01T22:26:55.538+0900][0.652s][info ][gc,cpu         ] GC(10) User=0.02s Sys=0.00s Real=0.02s
[2026-08-01T22:26:55.538+0900][0.652s][info ][safepoint      ] Safepoint "G1CollectFull", Time since last: 1975600 ns, Reaching safepoint: 24500 ns, At safepoint: 19285800 ns, Total: 19310300 ns
[2026-08-01T22:26:55.540+0900][0.653s][info ][gc,start       ] GC(11) Pause Full (System.gc())
[2026-08-01T22:26:55.540+0900][0.653s][debug][gc,heap        ] GC(11) Heap before GC invocations=11 (full 11):
[2026-08-01T22:26:55.540+0900][0.653s][debug][gc,heap        ] GC(11)  garbage-first heap   total 131072K, used 15276K [0x0000027678000000, 0x000002ad78000000)
[2026-08-01T22:26:55.540+0900][0.653s][debug][gc,heap        ] GC(11)   region size 32768K, 1 young (32768K), 0 survivors (0K)
[2026-08-01T22:26:55.540+0900][0.653s][debug][gc,heap        ] GC(11)  Metaspace       used 6647K, committed 6912K, reserved 1114112K
[2026-08-01T22:26:55.540+0900][0.653s][debug][gc,heap        ] GC(11)   class space    used 616K, committed 704K, reserved 1048576K
[2026-08-01T22:26:55.540+0900][0.653s][info ][gc,task        ] GC(11) Using 1 workers of 18 for full compaction
[2026-08-01T22:26:55.540+0900][0.654s][info ][gc,phases,start] GC(11) Phase 1: Mark live objects
[2026-08-01T22:26:55.549+0900][0.663s][info ][gc,phases      ] GC(11) Phase 1: Mark live objects 9.019ms
[2026-08-01T22:26:55.549+0900][0.663s][info ][gc,phases,start] GC(11) Phase 2: Prepare for compaction
[2026-08-01T22:26:55.551+0900][0.665s][info ][gc,phases      ] GC(11) Phase 2: Prepare for compaction 1.911ms
[2026-08-01T22:26:55.551+0900][0.665s][info ][gc,phases,start] GC(11) Phase 3: Adjust pointers
[2026-08-01T22:26:55.555+0900][0.668s][info ][gc,phases      ] GC(11) Phase 3: Adjust pointers 3.705ms
[2026-08-01T22:26:55.555+0900][0.668s][info ][gc,phases,start] GC(11) Phase 4: Compact heap
[2026-08-01T22:26:55.556+0900][0.670s][info ][gc,phases      ] GC(11) Phase 4: Compact heap 1.620ms
[2026-08-01T22:26:55.557+0900][0.671s][info ][gc,heap        ] GC(11) Eden regions: 1->0(1)
[2026-08-01T22:26:55.557+0900][0.671s][info ][gc,heap        ] GC(11) Survivor regions: 0->0(0)
[2026-08-01T22:26:55.557+0900][0.671s][info ][gc,heap        ] GC(11) Old regions: 1->1
[2026-08-01T22:26:55.557+0900][0.671s][info ][gc,heap        ] GC(11) Archive regions: 0->0
[2026-08-01T22:26:55.557+0900][0.671s][info ][gc,heap        ] GC(11) Humongous regions: 0->0
[2026-08-01T22:26:55.557+0900][0.671s][info ][gc,metaspace   ] GC(11) Metaspace: 6647K(6912K)->6647K(6912K) NonClass: 6031K(6208K)->6031K(6208K) Class: 616K(704K)->616K(704K)
[2026-08-01T22:26:55.557+0900][0.671s][debug][gc,heap        ] GC(11) Heap after GC invocations=12 (full 12):
[2026-08-01T22:26:55.557+0900][0.671s][debug][gc,heap        ] GC(11)  garbage-first heap   total 131072K, used 15285K [0x0000027678000000, 0x000002ad78000000)
[2026-08-01T22:26:55.557+0900][0.671s][debug][gc,heap        ] GC(11)   region size 32768K, 0 young (0K), 0 survivors (0K)
[2026-08-01T22:26:55.557+0900][0.671s][debug][gc,heap        ] GC(11)  Metaspace       used 6647K, committed 6912K, reserved 1114112K
[2026-08-01T22:26:55.557+0900][0.671s][debug][gc,heap        ] GC(11)   class space    used 616K, committed 704K, reserved 1048576K
[2026-08-01T22:26:55.557+0900][0.671s][info ][gc             ] GC(11) Pause Full (System.gc()) 15M->14M(128M) 17.304ms
[2026-08-01T22:26:55.557+0900][0.671s][info ][gc,cpu         ] GC(11) User=0.02s Sys=0.00s Real=0.02s
[2026-08-01T22:26:55.557+0900][0.671s][info ][safepoint      ] Safepoint "G1CollectFull", Time since last: 1575200 ns, Reaching safepoint: 18600 ns, At safepoint: 17385400 ns, Total: 17404000 ns
[2026-08-01T22:26:55.559+0900][0.672s][info ][gc,start       ] GC(12) Pause Full (System.gc())
[2026-08-01T22:26:55.559+0900][0.672s][debug][gc,heap        ] GC(12) Heap before GC invocations=12 (full 12):
[2026-08-01T22:26:55.559+0900][0.672s][debug][gc,heap        ] GC(12)  garbage-first heap   total 131072K, used 15285K [0x0000027678000000, 0x000002ad78000000)
[2026-08-01T22:26:55.559+0900][0.672s][debug][gc,heap        ] GC(12)   region size 32768K, 1 young (32768K), 0 survivors (0K)
[2026-08-01T22:26:55.559+0900][0.672s][debug][gc,heap        ] GC(12)  Metaspace       used 6654K, committed 6912K, reserved 1114112K
[2026-08-01T22:26:55.559+0900][0.672s][debug][gc,heap        ] GC(12)   class space    used 616K, committed 704K, reserved 1048576K
[2026-08-01T22:26:55.559+0900][0.672s][info ][gc,task        ] GC(12) Using 1 workers of 18 for full compaction
[2026-08-01T22:26:55.559+0900][0.673s][info ][gc,phases,start] GC(12) Phase 1: Mark live objects
[2026-08-01T22:26:55.569+0900][0.682s][info ][gc,phases      ] GC(12) Phase 1: Mark live objects 9.703ms
[2026-08-01T22:26:55.569+0900][0.682s][info ][gc,phases,start] GC(12) Phase 2: Prepare for compaction
[2026-08-01T22:26:55.571+0900][0.684s][info ][gc,phases      ] GC(12) Phase 2: Prepare for compaction 1.939ms
[2026-08-01T22:26:55.571+0900][0.684s][info ][gc,phases,start] GC(12) Phase 3: Adjust pointers
[2026-08-01T22:26:55.574+0900][0.688s][info ][gc,phases      ] GC(12) Phase 3: Adjust pointers 3.690ms
[2026-08-01T22:26:55.574+0900][0.688s][info ][gc,phases,start] GC(12) Phase 4: Compact heap
[2026-08-01T22:26:55.576+0900][0.690s][info ][gc,phases      ] GC(12) Phase 4: Compact heap 1.639ms
[2026-08-01T22:26:55.577+0900][0.690s][info ][gc,heap        ] GC(12) Eden regions: 1->0(1)
[2026-08-01T22:26:55.577+0900][0.690s][info ][gc,heap        ] GC(12) Survivor regions: 0->0(0)
[2026-08-01T22:26:55.577+0900][0.690s][info ][gc,heap        ] GC(12) Old regions: 1->1
[2026-08-01T22:26:55.577+0900][0.690s][info ][gc,heap        ] GC(12) Archive regions: 0->0
[2026-08-01T22:26:55.577+0900][0.690s][info ][gc,heap        ] GC(12) Humongous regions: 0->0
[2026-08-01T22:26:55.577+0900][0.690s][info ][gc,metaspace   ] GC(12) Metaspace: 6654K(6912K)->6654K(6912K) NonClass: 6038K(6208K)->6038K(6208K) Class: 616K(704K)->616K(704K)
[2026-08-01T22:26:55.577+0900][0.690s][debug][gc,heap        ] GC(12) Heap after GC invocations=13 (full 13):
[2026-08-01T22:26:55.577+0900][0.690s][debug][gc,heap        ] GC(12)  garbage-first heap   total 131072K, used 15299K [0x0000027678000000, 0x000002ad78000000)
[2026-08-01T22:26:55.577+0900][0.690s][debug][gc,heap        ] GC(12)   region size 32768K, 0 young (0K), 0 survivors (0K)
[2026-08-01T22:26:55.577+0900][0.690s][debug][gc,heap        ] GC(12)  Metaspace       used 6654K, committed 6912K, reserved 1114112K
[2026-08-01T22:26:55.577+0900][0.690s][debug][gc,heap        ] GC(12)   class space    used 616K, committed 704K, reserved 1048576K
[2026-08-01T22:26:55.577+0900][0.690s][info ][gc             ] GC(12) Pause Full (System.gc()) 15M->14M(128M) 17.975ms
[2026-08-01T22:26:55.577+0900][0.690s][info ][gc,cpu         ] GC(12) User=0.02s Sys=0.00s Real=0.02s
[2026-08-01T22:26:55.577+0900][0.690s][info ][safepoint      ] Safepoint "G1CollectFull", Time since last: 1544900 ns, Reaching safepoint: 28200 ns, At safepoint: 18019700 ns, Total: 18047900 ns
[2026-08-01T22:26:55.579+0900][0.693s][info ][gc,start       ] GC(13) Pause Full (System.gc())
[2026-08-01T22:26:55.579+0900][0.693s][debug][gc,heap        ] GC(13) Heap before GC invocations=13 (full 13):
[2026-08-01T22:26:55.579+0900][0.693s][debug][gc,heap        ] GC(13)  garbage-first heap   total 131072K, used 15299K [0x0000027678000000, 0x000002ad78000000)
[2026-08-01T22:26:55.579+0900][0.693s][debug][gc,heap        ] GC(13)   region size 32768K, 1 young (32768K), 0 survivors (0K)
[2026-08-01T22:26:55.579+0900][0.693s][debug][gc,heap        ] GC(13)  Metaspace       used 6660K, committed 6912K, reserved 1114112K
[2026-08-01T22:26:55.579+0900][0.693s][debug][gc,heap        ] GC(13)   class space    used 616K, committed 704K, reserved 1048576K
[2026-08-01T22:26:55.579+0900][0.693s][info ][gc,task        ] GC(13) Using 1 workers of 18 for full compaction
[2026-08-01T22:26:55.579+0900][0.693s][info ][gc,phases,start] GC(13) Phase 1: Mark live objects
[2026-08-01T22:26:55.590+0900][0.704s][info ][gc,phases      ] GC(13) Phase 1: Mark live objects 11.042ms
[2026-08-01T22:26:55.590+0900][0.704s][info ][gc,phases,start] GC(13) Phase 2: Prepare for compaction
[2026-08-01T22:26:55.593+0900][0.706s][info ][gc,phases      ] GC(13) Phase 2: Prepare for compaction 2.554ms
[2026-08-01T22:26:55.593+0900][0.707s][info ][gc,phases,start] GC(13) Phase 3: Adjust pointers
[2026-08-01T22:26:55.597+0900][0.711s][info ][gc,phases      ] GC(13) Phase 3: Adjust pointers 3.989ms
[2026-08-01T22:26:55.597+0900][0.711s][info ][gc,phases,start] GC(13) Phase 4: Compact heap
[2026-08-01T22:26:55.599+0900][0.712s][info ][gc,phases      ] GC(13) Phase 4: Compact heap 1.695ms
[2026-08-01T22:26:55.599+0900][0.713s][info ][gc,heap        ] GC(13) Eden regions: 1->0(1)
[2026-08-01T22:26:55.599+0900][0.713s][info ][gc,heap        ] GC(13) Survivor regions: 0->0(0)
[2026-08-01T22:26:55.599+0900][0.713s][info ][gc,heap        ] GC(13) Old regions: 1->1
[2026-08-01T22:26:55.599+0900][0.713s][info ][gc,heap        ] GC(13) Archive regions: 0->0
[2026-08-01T22:26:55.600+0900][0.713s][info ][gc,heap        ] GC(13) Humongous regions: 0->0
[2026-08-01T22:26:55.600+0900][0.713s][info ][gc,metaspace   ] GC(13) Metaspace: 6660K(6912K)->6660K(6912K) NonClass: 6044K(6208K)->6044K(6208K) Class: 616K(704K)->616K(704K)
[2026-08-01T22:26:55.600+0900][0.713s][debug][gc,heap        ] GC(13) Heap after GC invocations=14 (full 14):
[2026-08-01T22:26:55.600+0900][0.713s][debug][gc,heap        ] GC(13)  garbage-first heap   total 131072K, used 15326K [0x0000027678000000, 0x000002ad78000000)
[2026-08-01T22:26:55.600+0900][0.713s][debug][gc,heap        ] GC(13)   region size 32768K, 0 young (0K), 0 survivors (0K)
[2026-08-01T22:26:55.600+0900][0.713s][debug][gc,heap        ] GC(13)  Metaspace       used 6660K, committed 6912K, reserved 1114112K
[2026-08-01T22:26:55.600+0900][0.713s][debug][gc,heap        ] GC(13)   class space    used 616K, committed 704K, reserved 1048576K
[2026-08-01T22:26:55.600+0900][0.713s][info ][gc             ] GC(13) Pause Full (System.gc()) 16M->14M(128M) 20.365ms
[2026-08-01T22:26:55.600+0900][0.713s][info ][gc,cpu         ] GC(13) User=0.02s Sys=0.00s Real=0.02s
[2026-08-01T22:26:55.600+0900][0.713s][info ][safepoint      ] Safepoint "G1CollectFull", Time since last: 2253600 ns, Reaching safepoint: 56500 ns, At safepoint: 20448100 ns, Total: 20504600 ns
[2026-08-01T22:26:55.602+0900][0.715s][info ][gc,start       ] GC(14) Pause Full (System.gc())
[2026-08-01T22:26:55.602+0900][0.715s][debug][gc,heap        ] GC(14) Heap before GC invocations=14 (full 14):
[2026-08-01T22:26:55.602+0900][0.715s][debug][gc,heap        ] GC(14)  garbage-first heap   total 131072K, used 15326K [0x0000027678000000, 0x000002ad78000000)
[2026-08-01T22:26:55.602+0900][0.715s][debug][gc,heap        ] GC(14)   region size 32768K, 1 young (32768K), 0 survivors (0K)
[2026-08-01T22:26:55.602+0900][0.715s][debug][gc,heap        ] GC(14)  Metaspace       used 6664K, committed 6912K, reserved 1114112K
[2026-08-01T22:26:55.602+0900][0.715s][debug][gc,heap        ] GC(14)   class space    used 616K, committed 704K, reserved 1048576K
[2026-08-01T22:26:55.602+0900][0.715s][info ][gc,task        ] GC(14) Using 1 workers of 18 for full compaction
[2026-08-01T22:26:55.602+0900][0.715s][info ][gc,phases,start] GC(14) Phase 1: Mark live objects
[2026-08-01T22:26:55.611+0900][0.724s][info ][gc,phases      ] GC(14) Phase 1: Mark live objects 9.300ms
[2026-08-01T22:26:55.611+0900][0.725s][info ][gc,phases,start] GC(14) Phase 2: Prepare for compaction
[2026-08-01T22:26:55.613+0900][0.726s][info ][gc,phases      ] GC(14) Phase 2: Prepare for compaction 1.966ms
[2026-08-01T22:26:55.613+0900][0.727s][info ][gc,phases,start] GC(14) Phase 3: Adjust pointers
[2026-08-01T22:26:55.617+0900][0.730s][info ][gc,phases      ] GC(14) Phase 3: Adjust pointers 3.855ms
[2026-08-01T22:26:55.617+0900][0.730s][info ][gc,phases,start] GC(14) Phase 4: Compact heap
[2026-08-01T22:26:55.619+0900][0.732s][info ][gc,phases      ] GC(14) Phase 4: Compact heap 1.595ms
[2026-08-01T22:26:55.619+0900][0.733s][info ][gc,heap        ] GC(14) Eden regions: 1->0(1)
[2026-08-01T22:26:55.619+0900][0.733s][info ][gc,heap        ] GC(14) Survivor regions: 0->0(0)
[2026-08-01T22:26:55.619+0900][0.733s][info ][gc,heap        ] GC(14) Old regions: 1->1
[2026-08-01T22:26:55.619+0900][0.733s][info ][gc,heap        ] GC(14) Archive regions: 0->0
[2026-08-01T22:26:55.619+0900][0.733s][info ][gc,heap        ] GC(14) Humongous regions: 0->0
[2026-08-01T22:26:55.619+0900][0.733s][info ][gc,metaspace   ] GC(14) Metaspace: 6664K(6912K)->6664K(6912K) NonClass: 6048K(6208K)->6048K(6208K) Class: 616K(704K)->616K(704K)
[2026-08-01T22:26:55.619+0900][0.733s][debug][gc,heap        ] GC(14) Heap after GC invocations=15 (full 15):
[2026-08-01T22:26:55.619+0900][0.733s][debug][gc,heap        ] GC(14)  garbage-first heap   total 131072K, used 15340K [0x0000027678000000, 0x000002ad78000000)
[2026-08-01T22:26:55.619+0900][0.733s][debug][gc,heap        ] GC(14)   region size 32768K, 0 young (0K), 0 survivors (0K)
[2026-08-01T22:26:55.619+0900][0.733s][debug][gc,heap        ] GC(14)  Metaspace       used 6664K, committed 6912K, reserved 1114112K
[2026-08-01T22:26:55.619+0900][0.733s][debug][gc,heap        ] GC(14)   class space    used 616K, committed 704K, reserved 1048576K
[2026-08-01T22:26:55.619+0900][0.733s][info ][gc             ] GC(14) Pause Full (System.gc()) 16M->14M(128M) 17.836ms
[2026-08-01T22:26:55.619+0900][0.733s][info ][gc,cpu         ] GC(14) User=0.02s Sys=0.00s Real=0.02s
[2026-08-01T22:26:55.619+0900][0.733s][info ][safepoint      ] Safepoint "G1CollectFull", Time since last: 1855400 ns, Reaching safepoint: 16300 ns, At safepoint: 17870200 ns, Total: 17886500 ns
[2026-08-01T22:26:55.621+0900][0.735s][info ][gc,start       ] GC(15) Pause Full (System.gc())
[2026-08-01T22:26:55.621+0900][0.735s][debug][gc,heap        ] GC(15) Heap before GC invocations=15 (full 15):
[2026-08-01T22:26:55.621+0900][0.735s][debug][gc,heap        ] GC(15)  garbage-first heap   total 131072K, used 15340K [0x0000027678000000, 0x000002ad78000000)
[2026-08-01T22:26:55.621+0900][0.735s][debug][gc,heap        ] GC(15)   region size 32768K, 1 young (32768K), 0 survivors (0K)
[2026-08-01T22:26:55.621+0900][0.735s][debug][gc,heap        ] GC(15)  Metaspace       used 6670K, committed 6912K, reserved 1114112K
[2026-08-01T22:26:55.621+0900][0.735s][debug][gc,heap        ] GC(15)   class space    used 616K, committed 704K, reserved 1048576K
[2026-08-01T22:26:55.621+0900][0.735s][info ][gc,task        ] GC(15) Using 1 workers of 18 for full compaction
[2026-08-01T22:26:55.621+0900][0.735s][info ][gc,phases,start] GC(15) Phase 1: Mark live objects
[2026-08-01T22:26:55.631+0900][0.744s][info ][gc,phases      ] GC(15) Phase 1: Mark live objects 9.496ms
[2026-08-01T22:26:55.631+0900][0.744s][info ][gc,phases,start] GC(15) Phase 2: Prepare for compaction
[2026-08-01T22:26:55.633+0900][0.746s][info ][gc,phases      ] GC(15) Phase 2: Prepare for compaction 1.985ms
[2026-08-01T22:26:55.633+0900][0.746s][info ][gc,phases,start] GC(15) Phase 3: Adjust pointers
[2026-08-01T22:26:55.637+0900][0.750s][info ][gc,phases      ] GC(15) Phase 3: Adjust pointers 3.735ms
[2026-08-01T22:26:55.637+0900][0.750s][info ][gc,phases,start] GC(15) Phase 4: Compact heap
[2026-08-01T22:26:55.638+0900][0.752s][info ][gc,phases      ] GC(15) Phase 4: Compact heap 1.590ms
[2026-08-01T22:26:55.639+0900][0.752s][info ][gc,heap        ] GC(15) Eden regions: 1->0(1)
[2026-08-01T22:26:55.639+0900][0.752s][info ][gc,heap        ] GC(15) Survivor regions: 0->0(0)
[2026-08-01T22:26:55.639+0900][0.752s][info ][gc,heap        ] GC(15) Old regions: 1->1
[2026-08-01T22:26:55.639+0900][0.752s][info ][gc,heap        ] GC(15) Archive regions: 0->0
[2026-08-01T22:26:55.639+0900][0.753s][info ][gc,heap        ] GC(15) Humongous regions: 0->0
[2026-08-01T22:26:55.639+0900][0.753s][info ][gc,metaspace   ] GC(15) Metaspace: 6670K(6912K)->6670K(6912K) NonClass: 6054K(6208K)->6054K(6208K) Class: 616K(704K)->616K(704K)
[2026-08-01T22:26:55.639+0900][0.753s][debug][gc,heap        ] GC(15) Heap after GC invocations=16 (full 16):
[2026-08-01T22:26:55.639+0900][0.753s][debug][gc,heap        ] GC(15)  garbage-first heap   total 131072K, used 15353K [0x0000027678000000, 0x000002ad78000000)
[2026-08-01T22:26:55.639+0900][0.753s][debug][gc,heap        ] GC(15)   region size 32768K, 0 young (0K), 0 survivors (0K)
[2026-08-01T22:26:55.639+0900][0.753s][debug][gc,heap        ] GC(15)  Metaspace       used 6670K, committed 6912K, reserved 1114112K
[2026-08-01T22:26:55.639+0900][0.753s][debug][gc,heap        ] GC(15)   class space    used 616K, committed 704K, reserved 1048576K
[2026-08-01T22:26:55.639+0900][0.753s][info ][gc             ] GC(15) Pause Full (System.gc()) 16M->14M(128M) 17.919ms
[2026-08-01T22:26:55.639+0900][0.753s][info ][gc,cpu         ] GC(15) User=0.03s Sys=0.00s Real=0.02s
[2026-08-01T22:26:55.639+0900][0.753s][info ][safepoint      ] Safepoint "G1CollectFull", Time since last: 1734400 ns, Reaching safepoint: 21600 ns, At safepoint: 17967200 ns, Total: 17988800 ns
[2026-08-01T22:26:55.641+0900][0.755s][info ][gc,start       ] GC(16) Pause Full (System.gc())
[2026-08-01T22:26:55.641+0900][0.755s][debug][gc,heap        ] GC(16) Heap before GC invocations=16 (full 16):
[2026-08-01T22:26:55.641+0900][0.755s][debug][gc,heap        ] GC(16)  garbage-first heap   total 131072K, used 15353K [0x0000027678000000, 0x000002ad78000000)
[2026-08-01T22:26:55.641+0900][0.755s][debug][gc,heap        ] GC(16)   region size 32768K, 1 young (32768K), 0 survivors (0K)
[2026-08-01T22:26:55.641+0900][0.755s][debug][gc,heap        ] GC(16)  Metaspace       used 6676K, committed 6912K, reserved 1114112K
[2026-08-01T22:26:55.641+0900][0.755s][debug][gc,heap        ] GC(16)   class space    used 616K, committed 704K, reserved 1048576K
[2026-08-01T22:26:55.642+0900][0.755s][info ][gc,task        ] GC(16) Using 1 workers of 18 for full compaction
[2026-08-01T22:26:55.642+0900][0.755s][info ][gc,phases,start] GC(16) Phase 1: Mark live objects
[2026-08-01T22:26:55.653+0900][0.767s][info ][gc,phases      ] GC(16) Phase 1: Mark live objects 11.531ms
[2026-08-01T22:26:55.653+0900][0.767s][info ][gc,phases,start] GC(16) Phase 2: Prepare for compaction
[2026-08-01T22:26:55.655+0900][0.769s][info ][gc,phases      ] GC(16) Phase 2: Prepare for compaction 2.328ms
[2026-08-01T22:26:55.656+0900][0.769s][info ][gc,phases,start] GC(16) Phase 3: Adjust pointers
[2026-08-01T22:26:55.661+0900][0.774s][info ][gc,phases      ] GC(16) Phase 3: Adjust pointers 5.079ms
[2026-08-01T22:26:55.661+0900][0.774s][info ][gc,phases,start] GC(16) Phase 4: Compact heap
[2026-08-01T22:26:55.663+0900][0.776s][info ][gc,phases      ] GC(16) Phase 4: Compact heap 1.901ms
[2026-08-01T22:26:55.663+0900][0.777s][info ][gc,heap        ] GC(16) Eden regions: 1->0(1)
[2026-08-01T22:26:55.663+0900][0.777s][info ][gc,heap        ] GC(16) Survivor regions: 0->0(0)
[2026-08-01T22:26:55.663+0900][0.777s][info ][gc,heap        ] GC(16) Old regions: 1->1
[2026-08-01T22:26:55.663+0900][0.777s][info ][gc,heap        ] GC(16) Archive regions: 0->0
[2026-08-01T22:26:55.663+0900][0.777s][info ][gc,heap        ] GC(16) Humongous regions: 0->0
[2026-08-01T22:26:55.663+0900][0.777s][info ][gc,metaspace   ] GC(16) Metaspace: 6676K(6912K)->6676K(6912K) NonClass: 6060K(6208K)->6060K(6208K) Class: 616K(704K)->616K(704K)
[2026-08-01T22:26:55.663+0900][0.777s][debug][gc,heap        ] GC(16) Heap after GC invocations=17 (full 17):
[2026-08-01T22:26:55.663+0900][0.777s][debug][gc,heap        ] GC(16)  garbage-first heap   total 131072K, used 15367K [0x0000027678000000, 0x000002ad78000000)
[2026-08-01T22:26:55.663+0900][0.777s][debug][gc,heap        ] GC(16)   region size 32768K, 0 young (0K), 0 survivors (0K)
[2026-08-01T22:26:55.663+0900][0.777s][debug][gc,heap        ] GC(16)  Metaspace       used 6676K, committed 6912K, reserved 1114112K
[2026-08-01T22:26:55.663+0900][0.777s][debug][gc,heap        ] GC(16)   class space    used 616K, committed 704K, reserved 1048576K
[2026-08-01T22:26:55.663+0900][0.777s][info ][gc             ] GC(16) Pause Full (System.gc()) 16M->15M(128M) 22.052ms
[2026-08-01T22:26:55.663+0900][0.777s][info ][gc,cpu         ] GC(16) User=0.02s Sys=0.00s Real=0.02s
[2026-08-01T22:26:55.664+0900][0.777s][info ][safepoint      ] Safepoint "G1CollectFull", Time since last: 2255000 ns, Reaching safepoint: 26600 ns, At safepoint: 22143600 ns, Total: 22170200 ns
[2026-08-01T22:26:55.666+0900][0.780s][info ][gc,start       ] GC(17) Pause Full (System.gc())
[2026-08-01T22:26:55.666+0900][0.780s][debug][gc,heap        ] GC(17) Heap before GC invocations=17 (full 17):
[2026-08-01T22:26:55.666+0900][0.780s][debug][gc,heap        ] GC(17)  garbage-first heap   total 131072K, used 15367K [0x0000027678000000, 0x000002ad78000000)
[2026-08-01T22:26:55.666+0900][0.780s][debug][gc,heap        ] GC(17)   region size 32768K, 1 young (32768K), 0 survivors (0K)
[2026-08-01T22:26:55.666+0900][0.780s][debug][gc,heap        ] GC(17)  Metaspace       used 6693K, committed 6912K, reserved 1114112K
[2026-08-01T22:26:55.666+0900][0.780s][debug][gc,heap        ] GC(17)   class space    used 616K, committed 704K, reserved 1048576K
[2026-08-01T22:26:55.666+0900][0.780s][info ][gc,task        ] GC(17) Using 1 workers of 18 for full compaction
[2026-08-01T22:26:55.666+0900][0.780s][info ][gc,phases,start] GC(17) Phase 1: Mark live objects
[2026-08-01T22:26:55.678+0900][0.791s][info ][gc,phases      ] GC(17) Phase 1: Mark live objects 11.578ms
[2026-08-01T22:26:55.678+0900][0.791s][info ][gc,phases,start] GC(17) Phase 2: Prepare for compaction
[2026-08-01T22:26:55.680+0900][0.794s][info ][gc,phases      ] GC(17) Phase 2: Prepare for compaction 2.246ms
[2026-08-01T22:26:55.680+0900][0.794s][info ][gc,phases,start] GC(17) Phase 3: Adjust pointers
[2026-08-01T22:26:55.684+0900][0.798s][info ][gc,phases      ] GC(17) Phase 3: Adjust pointers 4.326ms
[2026-08-01T22:26:55.685+0900][0.798s][info ][gc,phases,start] GC(17) Phase 4: Compact heap
[2026-08-01T22:26:55.686+0900][0.800s][info ][gc,phases      ] GC(17) Phase 4: Compact heap 1.728ms
[2026-08-01T22:26:55.687+0900][0.801s][info ][gc,heap        ] GC(17) Eden regions: 1->0(1)
[2026-08-01T22:26:55.687+0900][0.801s][info ][gc,heap        ] GC(17) Survivor regions: 0->0(0)
[2026-08-01T22:26:55.687+0900][0.801s][info ][gc,heap        ] GC(17) Old regions: 1->1
[2026-08-01T22:26:55.687+0900][0.801s][info ][gc,heap        ] GC(17) Archive regions: 0->0
[2026-08-01T22:26:55.687+0900][0.801s][info ][gc,heap        ] GC(17) Humongous regions: 0->0
[2026-08-01T22:26:55.687+0900][0.801s][info ][gc,metaspace   ] GC(17) Metaspace: 6693K(6912K)->6693K(6912K) NonClass: 6076K(6208K)->6076K(6208K) Class: 616K(704K)->616K(704K)
[2026-08-01T22:26:55.687+0900][0.801s][debug][gc,heap        ] GC(17) Heap after GC invocations=18 (full 18):
[2026-08-01T22:26:55.687+0900][0.801s][debug][gc,heap        ] GC(17)  garbage-first heap   total 131072K, used 15381K [0x0000027678000000, 0x000002ad78000000)
[2026-08-01T22:26:55.687+0900][0.801s][debug][gc,heap        ] GC(17)   region size 32768K, 0 young (0K), 0 survivors (0K)
[2026-08-01T22:26:55.687+0900][0.801s][debug][gc,heap        ] GC(17)  Metaspace       used 6693K, committed 6912K, reserved 1114112K
[2026-08-01T22:26:55.687+0900][0.801s][debug][gc,heap        ] GC(17)   class space    used 616K, committed 704K, reserved 1048576K
[2026-08-01T22:26:55.687+0900][0.801s][info ][gc             ] GC(17) Pause Full (System.gc()) 16M->15M(128M) 21.227ms
[2026-08-01T22:26:55.687+0900][0.801s][info ][gc,cpu         ] GC(17) User=0.05s Sys=0.02s Real=0.02s
[2026-08-01T22:26:55.687+0900][0.801s][info ][safepoint      ] Safepoint "G1CollectFull", Time since last: 2462200 ns, Reaching safepoint: 29100 ns, At safepoint: 21277900 ns, Total: 21307000 ns
[2026-08-01T22:26:55.689+0900][0.803s][info ][gc,start       ] GC(18) Pause Full (System.gc())
[2026-08-01T22:26:55.690+0900][0.803s][debug][gc,heap        ] GC(18) Heap before GC invocations=18 (full 18):
[2026-08-01T22:26:55.690+0900][0.803s][debug][gc,heap        ] GC(18)  garbage-first heap   total 131072K, used 15381K [0x0000027678000000, 0x000002ad78000000)
[2026-08-01T22:26:55.690+0900][0.803s][debug][gc,heap        ] GC(18)   region size 32768K, 1 young (32768K), 0 survivors (0K)
[2026-08-01T22:26:55.690+0900][0.803s][debug][gc,heap        ] GC(18)  Metaspace       used 6696K, committed 6912K, reserved 1114112K
[2026-08-01T22:26:55.690+0900][0.803s][debug][gc,heap        ] GC(18)   class space    used 616K, committed 704K, reserved 1048576K
[2026-08-01T22:26:55.690+0900][0.803s][info ][gc,task        ] GC(18) Using 1 workers of 18 for full compaction
[2026-08-01T22:26:55.690+0900][0.803s][info ][gc,phases,start] GC(18) Phase 1: Mark live objects
[2026-08-01T22:26:55.700+0900][0.813s][info ][gc,phases      ] GC(18) Phase 1: Mark live objects 10.141ms
[2026-08-01T22:26:55.700+0900][0.813s][info ][gc,phases,start] GC(18) Phase 2: Prepare for compaction
[2026-08-01T22:26:55.702+0900][0.815s][info ][gc,phases      ] GC(18) Phase 2: Prepare for compaction 2.141ms
[2026-08-01T22:26:55.702+0900][0.815s][info ][gc,phases,start] GC(18) Phase 3: Adjust pointers
[2026-08-01T22:26:55.706+0900][0.820s][info ][gc,phases      ] GC(18) Phase 3: Adjust pointers 4.333ms
[2026-08-01T22:26:55.706+0900][0.820s][info ][gc,phases,start] GC(18) Phase 4: Compact heap
[2026-08-01T22:26:55.708+0900][0.822s][info ][gc,phases      ] GC(18) Phase 4: Compact heap 1.823ms
[2026-08-01T22:26:55.709+0900][0.823s][info ][gc,heap        ] GC(18) Eden regions: 1->0(1)
[2026-08-01T22:26:55.709+0900][0.823s][info ][gc,heap        ] GC(18) Survivor regions: 0->0(0)
[2026-08-01T22:26:55.709+0900][0.823s][info ][gc,heap        ] GC(18) Old regions: 1->1
[2026-08-01T22:26:55.709+0900][0.823s][info ][gc,heap        ] GC(18) Archive regions: 0->0
[2026-08-01T22:26:55.709+0900][0.823s][info ][gc,heap        ] GC(18) Humongous regions: 0->0
[2026-08-01T22:26:55.709+0900][0.823s][info ][gc,metaspace   ] GC(18) Metaspace: 6696K(6912K)->6696K(6912K) NonClass: 6079K(6208K)->6079K(6208K) Class: 616K(704K)->616K(704K)
[2026-08-01T22:26:55.709+0900][0.823s][debug][gc,heap        ] GC(18) Heap after GC invocations=19 (full 19):
[2026-08-01T22:26:55.709+0900][0.823s][debug][gc,heap        ] GC(18)  garbage-first heap   total 131072K, used 15396K [0x0000027678000000, 0x000002ad78000000)
[2026-08-01T22:26:55.709+0900][0.823s][debug][gc,heap        ] GC(18)   region size 32768K, 0 young (0K), 0 survivors (0K)
[2026-08-01T22:26:55.709+0900][0.823s][debug][gc,heap        ] GC(18)  Metaspace       used 6696K, committed 6912K, reserved 1114112K
[2026-08-01T22:26:55.709+0900][0.823s][debug][gc,heap        ] GC(18)   class space    used 616K, committed 704K, reserved 1048576K
[2026-08-01T22:26:55.709+0900][0.823s][info ][gc             ] GC(18) Pause Full (System.gc()) 16M->15M(128M) 19.781ms
[2026-08-01T22:26:55.709+0900][0.823s][info ][gc,cpu         ] GC(18) User=0.02s Sys=0.00s Real=0.02s
[2026-08-01T22:26:55.709+0900][0.823s][info ][safepoint      ] Safepoint "G1CollectFull", Time since last: 2125000 ns, Reaching safepoint: 26100 ns, At safepoint: 19826200 ns, Total: 19852300 ns
[2026-08-01T22:26:55.711+0900][0.825s][info ][gc,start       ] GC(19) Pause Full (System.gc())
[2026-08-01T22:26:55.711+0900][0.825s][debug][gc,heap        ] GC(19) Heap before GC invocations=19 (full 19):
[2026-08-01T22:26:55.711+0900][0.825s][debug][gc,heap        ] GC(19)  garbage-first heap   total 131072K, used 15396K [0x0000027678000000, 0x000002ad78000000)
[2026-08-01T22:26:55.711+0900][0.825s][debug][gc,heap        ] GC(19)   region size 32768K, 1 young (32768K), 0 survivors (0K)
[2026-08-01T22:26:55.711+0900][0.825s][debug][gc,heap        ] GC(19)  Metaspace       used 6700K, committed 6912K, reserved 1114112K
[2026-08-01T22:26:55.711+0900][0.825s][debug][gc,heap        ] GC(19)   class space    used 616K, committed 704K, reserved 1048576K
[2026-08-01T22:26:55.711+0900][0.825s][info ][gc,task        ] GC(19) Using 1 workers of 18 for full compaction
[2026-08-01T22:26:55.711+0900][0.825s][info ][gc,phases,start] GC(19) Phase 1: Mark live objects
[2026-08-01T22:26:55.723+0900][0.836s][info ][gc,phases      ] GC(19) Phase 1: Mark live objects 11.362ms
[2026-08-01T22:26:55.723+0900][0.836s][info ][gc,phases,start] GC(19) Phase 2: Prepare for compaction
[2026-08-01T22:26:55.726+0900][0.838s][info ][gc,phases      ] GC(19) Phase 2: Prepare for compaction 2.259ms
[2026-08-01T22:26:55.726+0900][0.838s][info ][gc,phases,start] GC(19) Phase 3: Adjust pointers
[2026-08-01T22:26:55.730+0900][0.843s][info ][gc,phases      ] GC(19) Phase 3: Adjust pointers 4.337ms
[2026-08-01T22:26:55.730+0900][0.843s][info ][gc,phases,start] GC(19) Phase 4: Compact heap
[2026-08-01T22:26:55.732+0900][0.845s][info ][gc,phases      ] GC(19) Phase 4: Compact heap 1.755ms
[2026-08-01T22:26:55.732+0900][0.845s][info ][gc,heap        ] GC(19) Eden regions: 1->0(1)
[2026-08-01T22:26:55.732+0900][0.845s][info ][gc,heap        ] GC(19) Survivor regions: 0->0(0)
[2026-08-01T22:26:55.732+0900][0.845s][info ][gc,heap        ] GC(19) Old regions: 1->1
[2026-08-01T22:26:55.732+0900][0.845s][info ][gc,heap        ] GC(19) Archive regions: 0->0
[2026-08-01T22:26:55.732+0900][0.845s][info ][gc,heap        ] GC(19) Humongous regions: 0->0
[2026-08-01T22:26:55.732+0900][0.845s][info ][gc,metaspace   ] GC(19) Metaspace: 6700K(6912K)->6700K(6912K) NonClass: 6084K(6208K)->6084K(6208K) Class: 616K(704K)->616K(704K)
[2026-08-01T22:26:55.732+0900][0.845s][debug][gc,heap        ] GC(19) Heap after GC invocations=20 (full 20):
[2026-08-01T22:26:55.732+0900][0.845s][debug][gc,heap        ] GC(19)  garbage-first heap   total 131072K, used 15409K [0x0000027678000000, 0x000002ad78000000)
[2026-08-01T22:26:55.732+0900][0.846s][debug][gc,heap        ] GC(19)   region size 32768K, 0 young (0K), 0 survivors (0K)
[2026-08-01T22:26:55.732+0900][0.846s][debug][gc,heap        ] GC(19)  Metaspace       used 6700K, committed 6912K, reserved 1114112K
[2026-08-01T22:26:55.732+0900][0.846s][debug][gc,heap        ] GC(19)   class space    used 616K, committed 704K, reserved 1048576K
[2026-08-01T22:26:55.732+0900][0.846s][info ][gc             ] GC(19) Pause Full (System.gc()) 16M->15M(128M) 20.938ms
[2026-08-01T22:26:55.732+0900][0.846s][info ][gc,cpu         ] GC(19) User=0.03s Sys=0.00s Real=0.02s
[2026-08-01T22:26:55.732+0900][0.846s][info ][safepoint      ] Safepoint "G1CollectFull", Time since last: 1786300 ns, Reaching safepoint: 18800 ns, At safepoint: 20988200 ns, Total: 21007000 ns
[2026-08-01T22:26:55.735+0900][0.848s][info ][gc,start       ] GC(20) Pause Full (System.gc())
[2026-08-01T22:26:55.735+0900][0.848s][debug][gc,heap        ] GC(20) Heap before GC invocations=20 (full 20):
[2026-08-01T22:26:55.735+0900][0.848s][debug][gc,heap        ] GC(20)  garbage-first heap   total 131072K, used 15409K [0x0000027678000000, 0x000002ad78000000)
[2026-08-01T22:26:55.735+0900][0.848s][debug][gc,heap        ] GC(20)   region size 32768K, 1 young (32768K), 0 survivors (0K)
[2026-08-01T22:26:55.735+0900][0.848s][debug][gc,heap        ] GC(20)  Metaspace       used 6705K, committed 6912K, reserved 1114112K
[2026-08-01T22:26:55.735+0900][0.848s][debug][gc,heap        ] GC(20)   class space    used 616K, committed 704K, reserved 1048576K
[2026-08-01T22:26:55.735+0900][0.848s][info ][gc,task        ] GC(20) Using 1 workers of 18 for full compaction
[2026-08-01T22:26:55.735+0900][0.848s][info ][gc,phases,start] GC(20) Phase 1: Mark live objects
[2026-08-01T22:26:55.746+0900][0.859s][info ][gc,phases      ] GC(20) Phase 1: Mark live objects 11.063ms
[2026-08-01T22:26:55.746+0900][0.859s][info ][gc,phases,start] GC(20) Phase 2: Prepare for compaction
[2026-08-01T22:26:55.748+0900][0.861s][info ][gc,phases      ] GC(20) Phase 2: Prepare for compaction 2.200ms
[2026-08-01T22:26:55.748+0900][0.861s][info ][gc,phases,start] GC(20) Phase 3: Adjust pointers
[2026-08-01T22:26:55.753+0900][0.866s][info ][gc,phases      ] GC(20) Phase 3: Adjust pointers 4.562ms
[2026-08-01T22:26:55.753+0900][0.866s][info ][gc,phases,start] GC(20) Phase 4: Compact heap
[2026-08-01T22:26:55.755+0900][0.868s][info ][gc,phases      ] GC(20) Phase 4: Compact heap 1.792ms
[2026-08-01T22:26:55.755+0900][0.868s][info ][gc,heap        ] GC(20) Eden regions: 1->0(1)
[2026-08-01T22:26:55.755+0900][0.869s][info ][gc,heap        ] GC(20) Survivor regions: 0->0(0)
[2026-08-01T22:26:55.755+0900][0.869s][info ][gc,heap        ] GC(20) Old regions: 1->1
[2026-08-01T22:26:55.755+0900][0.869s][info ][gc,heap        ] GC(20) Archive regions: 0->0
[2026-08-01T22:26:55.755+0900][0.869s][info ][gc,heap        ] GC(20) Humongous regions: 0->0
[2026-08-01T22:26:55.755+0900][0.869s][info ][gc,metaspace   ] GC(20) Metaspace: 6705K(6912K)->6705K(6912K) NonClass: 6089K(6208K)->6089K(6208K) Class: 616K(704K)->616K(704K)
[2026-08-01T22:26:55.755+0900][0.869s][debug][gc,heap        ] GC(20) Heap after GC invocations=21 (full 21):
[2026-08-01T22:26:55.755+0900][0.869s][debug][gc,heap        ] GC(20)  garbage-first heap   total 131072K, used 15423K [0x0000027678000000, 0x000002ad78000000)
[2026-08-01T22:26:55.755+0900][0.869s][debug][gc,heap        ] GC(20)   region size 32768K, 0 young (0K), 0 survivors (0K)
[2026-08-01T22:26:55.755+0900][0.869s][debug][gc,heap        ] GC(20)  Metaspace       used 6705K, committed 6912K, reserved 1114112K
[2026-08-01T22:26:55.755+0900][0.869s][debug][gc,heap        ] GC(20)   class space    used 616K, committed 704K, reserved 1048576K
[2026-08-01T22:26:55.755+0900][0.869s][info ][gc             ] GC(20) Pause Full (System.gc()) 16M->15M(128M) 20.846ms
[2026-08-01T22:26:55.756+0900][0.869s][info ][gc,cpu         ] GC(20) User=0.02s Sys=0.00s Real=0.02s
[2026-08-01T22:26:55.756+0900][0.869s][info ][safepoint      ] Safepoint "G1CollectFull", Time since last: 2148000 ns, Reaching safepoint: 22300 ns, At safepoint: 20972400 ns, Total: 20994700 ns
[2026-08-01T22:26:55.758+0900][0.871s][info ][gc,start       ] GC(21) Pause Full (System.gc())
[2026-08-01T22:26:55.758+0900][0.871s][debug][gc,heap        ] GC(21) Heap before GC invocations=21 (full 21):
[2026-08-01T22:26:55.758+0900][0.871s][debug][gc,heap        ] GC(21)  garbage-first heap   total 131072K, used 15423K [0x0000027678000000, 0x000002ad78000000)
[2026-08-01T22:26:55.758+0900][0.871s][debug][gc,heap        ] GC(21)   region size 32768K, 1 young (32768K), 0 survivors (0K)
[2026-08-01T22:26:55.758+0900][0.871s][debug][gc,heap        ] GC(21)  Metaspace       used 6710K, committed 6912K, reserved 1114112K
[2026-08-01T22:26:55.758+0900][0.871s][debug][gc,heap        ] GC(21)   class space    used 616K, committed 704K, reserved 1048576K
[2026-08-01T22:26:55.758+0900][0.871s][info ][gc,task        ] GC(21) Using 1 workers of 18 for full compaction
[2026-08-01T22:26:55.758+0900][0.871s][info ][gc,phases,start] GC(21) Phase 1: Mark live objects
[2026-08-01T22:26:55.769+0900][0.882s][info ][gc,phases      ] GC(21) Phase 1: Mark live objects 10.763ms
[2026-08-01T22:26:55.769+0900][0.882s][info ][gc,phases,start] GC(21) Phase 2: Prepare for compaction
[2026-08-01T22:26:55.771+0900][0.884s][info ][gc,phases      ] GC(21) Phase 2: Prepare for compaction 2.317ms
[2026-08-01T22:26:55.771+0900][0.884s][info ][gc,phases,start] GC(21) Phase 3: Adjust pointers
[2026-08-01T22:26:55.776+0900][0.889s][info ][gc,phases      ] GC(21) Phase 3: Adjust pointers 4.802ms
[2026-08-01T22:26:55.776+0900][0.889s][info ][gc,phases,start] GC(21) Phase 4: Compact heap
[2026-08-01T22:26:55.778+0900][0.891s][info ][gc,phases      ] GC(21) Phase 4: Compact heap 1.886ms
[2026-08-01T22:26:55.778+0900][0.892s][info ][gc,heap        ] GC(21) Eden regions: 1->0(1)
[2026-08-01T22:26:55.779+0900][0.892s][info ][gc,heap        ] GC(21) Survivor regions: 0->0(0)
[2026-08-01T22:26:55.779+0900][0.892s][info ][gc,heap        ] GC(21) Old regions: 1->1
[2026-08-01T22:26:55.779+0900][0.892s][info ][gc,heap        ] GC(21) Archive regions: 0->0
[2026-08-01T22:26:55.779+0900][0.892s][info ][gc,heap        ] GC(21) Humongous regions: 0->0
[2026-08-01T22:26:55.779+0900][0.892s][info ][gc,metaspace   ] GC(21) Metaspace: 6710K(6912K)->6710K(6912K) NonClass: 6094K(6208K)->6094K(6208K) Class: 616K(704K)->616K(704K)
[2026-08-01T22:26:55.779+0900][0.892s][debug][gc,heap        ] GC(21) Heap after GC invocations=22 (full 22):
[2026-08-01T22:26:55.779+0900][0.892s][debug][gc,heap        ] GC(21)  garbage-first heap   total 131072K, used 15436K [0x0000027678000000, 0x000002ad78000000)
[2026-08-01T22:26:55.779+0900][0.892s][debug][gc,heap        ] GC(21)   region size 32768K, 0 young (0K), 0 survivors (0K)
[2026-08-01T22:26:55.779+0900][0.892s][debug][gc,heap        ] GC(21)  Metaspace       used 6710K, committed 6912K, reserved 1114112K
[2026-08-01T22:26:55.779+0900][0.892s][debug][gc,heap        ] GC(21)   class space    used 616K, committed 704K, reserved 1048576K
[2026-08-01T22:26:55.779+0900][0.892s][info ][gc             ] GC(21) Pause Full (System.gc()) 16M->15M(128M) 20.931ms
[2026-08-01T22:26:55.779+0900][0.892s][info ][gc,cpu         ] GC(21) User=0.03s Sys=0.00s Real=0.02s
[2026-08-01T22:26:55.779+0900][0.892s][info ][safepoint      ] Safepoint "G1CollectFull", Time since last: 2045900 ns, Reaching safepoint: 23700 ns, At safepoint: 21036700 ns, Total: 21060400 ns
[2026-08-01T22:26:55.781+0900][0.894s][info ][gc,start       ] GC(22) Pause Full (System.gc())
[2026-08-01T22:26:55.781+0900][0.894s][debug][gc,heap        ] GC(22) Heap before GC invocations=22 (full 22):
[2026-08-01T22:26:55.781+0900][0.894s][debug][gc,heap        ] GC(22)  garbage-first heap   total 131072K, used 15436K [0x0000027678000000, 0x000002ad78000000)
[2026-08-01T22:26:55.781+0900][0.894s][debug][gc,heap        ] GC(22)   region size 32768K, 1 young (32768K), 0 survivors (0K)
[2026-08-01T22:26:55.781+0900][0.894s][debug][gc,heap        ] GC(22)  Metaspace       used 6717K, committed 6912K, reserved 1114112K
[2026-08-01T22:26:55.781+0900][0.894s][debug][gc,heap        ] GC(22)   class space    used 616K, committed 704K, reserved 1048576K
[2026-08-01T22:26:55.781+0900][0.894s][info ][gc,task        ] GC(22) Using 1 workers of 18 for full compaction
[2026-08-01T22:26:55.781+0900][0.894s][info ][gc,phases,start] GC(22) Phase 1: Mark live objects
[2026-08-01T22:26:55.791+0900][0.904s][info ][gc,phases      ] GC(22) Phase 1: Mark live objects 10.045ms
[2026-08-01T22:26:55.791+0900][0.904s][info ][gc,phases,start] GC(22) Phase 2: Prepare for compaction
[2026-08-01T22:26:55.793+0900][0.906s][info ][gc,phases      ] GC(22) Phase 2: Prepare for compaction 2.228ms
[2026-08-01T22:26:55.793+0900][0.906s][info ][gc,phases,start] GC(22) Phase 3: Adjust pointers
[2026-08-01T22:26:55.798+0900][0.911s][info ][gc,phases      ] GC(22) Phase 3: Adjust pointers 5.054ms
[2026-08-01T22:26:55.798+0900][0.911s][info ][gc,phases,start] GC(22) Phase 4: Compact heap
[2026-08-01T22:26:55.800+0900][0.913s][info ][gc,phases      ] GC(22) Phase 4: Compact heap 1.922ms
[2026-08-01T22:26:55.801+0900][0.914s][info ][gc,heap        ] GC(22) Eden regions: 1->0(1)
[2026-08-01T22:26:55.801+0900][0.914s][info ][gc,heap        ] GC(22) Survivor regions: 0->0(0)
[2026-08-01T22:26:55.801+0900][0.914s][info ][gc,heap        ] GC(22) Old regions: 1->1
[2026-08-01T22:26:55.801+0900][0.914s][info ][gc,heap        ] GC(22) Archive regions: 0->0
[2026-08-01T22:26:55.801+0900][0.914s][info ][gc,heap        ] GC(22) Humongous regions: 0->0
[2026-08-01T22:26:55.801+0900][0.914s][info ][gc,metaspace   ] GC(22) Metaspace: 6717K(6912K)->6717K(6912K) NonClass: 6101K(6208K)->6101K(6208K) Class: 616K(704K)->616K(704K)
[2026-08-01T22:26:55.801+0900][0.914s][debug][gc,heap        ] GC(22) Heap after GC invocations=23 (full 23):
[2026-08-01T22:26:55.801+0900][0.914s][debug][gc,heap        ] GC(22)  garbage-first heap   total 131072K, used 15450K [0x0000027678000000, 0x000002ad78000000)
[2026-08-01T22:26:55.801+0900][0.914s][debug][gc,heap        ] GC(22)   region size 32768K, 0 young (0K), 0 survivors (0K)
[2026-08-01T22:26:55.801+0900][0.914s][debug][gc,heap        ] GC(22)  Metaspace       used 6717K, committed 6912K, reserved 1114112K
[2026-08-01T22:26:55.801+0900][0.914s][debug][gc,heap        ] GC(22)   class space    used 616K, committed 704K, reserved 1048576K
[2026-08-01T22:26:55.801+0900][0.914s][info ][gc             ] GC(22) Pause Full (System.gc()) 16M->15M(128M) 20.561ms
[2026-08-01T22:26:55.801+0900][0.914s][info ][gc,cpu         ] GC(22) User=0.02s Sys=0.00s Real=0.02s
[2026-08-01T22:26:55.801+0900][0.914s][info ][safepoint      ] Safepoint "G1CollectFull", Time since last: 1912500 ns, Reaching safepoint: 31000 ns, At safepoint: 20597400 ns, Total: 20628400 ns
[2026-08-01T22:26:55.803+0900][0.916s][info ][gc,start       ] GC(23) Pause Full (System.gc())
[2026-08-01T22:26:55.803+0900][0.916s][debug][gc,heap        ] GC(23) Heap before GC invocations=23 (full 23):
[2026-08-01T22:26:55.803+0900][0.916s][debug][gc,heap        ] GC(23)  garbage-first heap   total 131072K, used 15450K [0x0000027678000000, 0x000002ad78000000)
[2026-08-01T22:26:55.804+0900][0.916s][debug][gc,heap        ] GC(23)   region size 32768K, 1 young (32768K), 0 survivors (0K)
[2026-08-01T22:26:55.804+0900][0.916s][debug][gc,heap        ] GC(23)  Metaspace       used 6724K, committed 6912K, reserved 1114112K
[2026-08-01T22:26:55.804+0900][0.916s][debug][gc,heap        ] GC(23)   class space    used 616K, committed 704K, reserved 1048576K
[2026-08-01T22:26:55.804+0900][0.916s][info ][gc,task        ] GC(23) Using 1 workers of 18 for full compaction
[2026-08-01T22:26:55.804+0900][0.917s][info ][gc,phases,start] GC(23) Phase 1: Mark live objects
[2026-08-01T22:26:55.814+0900][0.927s][info ][gc,phases      ] GC(23) Phase 1: Mark live objects 10.545ms
[2026-08-01T22:26:55.814+0900][0.927s][info ][gc,phases,start] GC(23) Phase 2: Prepare for compaction
[2026-08-01T22:26:55.816+0900][0.929s][info ][gc,phases      ] GC(23) Phase 2: Prepare for compaction 2.283ms
[2026-08-01T22:26:55.817+0900][0.929s][info ][gc,phases,start] GC(23) Phase 3: Adjust pointers
[2026-08-01T22:26:55.821+0900][0.934s][info ][gc,phases      ] GC(23) Phase 3: Adjust pointers 4.329ms
[2026-08-01T22:26:55.821+0900][0.934s][info ][gc,phases,start] GC(23) Phase 4: Compact heap
[2026-08-01T22:26:55.823+0900][0.936s][info ][gc,phases      ] GC(23) Phase 4: Compact heap 1.806ms
[2026-08-01T22:26:55.824+0900][0.936s][info ][gc,heap        ] GC(23) Eden regions: 1->0(1)
[2026-08-01T22:26:55.824+0900][0.936s][info ][gc,heap        ] GC(23) Survivor regions: 0->0(0)
[2026-08-01T22:26:55.824+0900][0.936s][info ][gc,heap        ] GC(23) Old regions: 1->1
[2026-08-01T22:26:55.824+0900][0.936s][info ][gc,heap        ] GC(23) Archive regions: 0->0
[2026-08-01T22:26:55.824+0900][0.936s][info ][gc,heap        ] GC(23) Humongous regions: 0->0
[2026-08-01T22:26:55.824+0900][0.936s][info ][gc,metaspace   ] GC(23) Metaspace: 6724K(6912K)->6724K(6912K) NonClass: 6108K(6208K)->6108K(6208K) Class: 616K(704K)->616K(704K)
[2026-08-01T22:26:55.824+0900][0.937s][debug][gc,heap        ] GC(23) Heap after GC invocations=24 (full 24):
[2026-08-01T22:26:55.824+0900][0.937s][debug][gc,heap        ] GC(23)  garbage-first heap   total 131072K, used 15463K [0x0000027678000000, 0x000002ad78000000)
[2026-08-01T22:26:55.824+0900][0.937s][debug][gc,heap        ] GC(23)   region size 32768K, 0 young (0K), 0 survivors (0K)
[2026-08-01T22:26:55.824+0900][0.937s][debug][gc,heap        ] GC(23)  Metaspace       used 6724K, committed 6912K, reserved 1114112K
[2026-08-01T22:26:55.824+0900][0.937s][debug][gc,heap        ] GC(23)   class space    used 616K, committed 704K, reserved 1048576K
[2026-08-01T22:26:55.824+0900][0.937s][info ][gc             ] GC(23) Pause Full (System.gc()) 16M->15M(128M) 20.187ms
[2026-08-01T22:26:55.824+0900][0.937s][info ][gc,cpu         ] GC(23) User=0.02s Sys=0.00s Real=0.02s
[2026-08-01T22:26:55.824+0900][0.937s][info ][safepoint      ] Safepoint "G1CollectFull", Time since last: 1962700 ns, Reaching safepoint: 24200 ns, At safepoint: 20274100 ns, Total: 20298300 ns
[2026-08-01T22:26:55.825+0900][0.938s][info ][gc,start       ] GC(24) Pause Full (System.gc())
[2026-08-01T22:26:55.826+0900][0.938s][debug][gc,heap        ] GC(24) Heap before GC invocations=24 (full 24):
[2026-08-01T22:26:55.826+0900][0.938s][debug][gc,heap        ] GC(24)  garbage-first heap   total 131072K, used 15463K [0x0000027678000000, 0x000002ad78000000)
[2026-08-01T22:26:55.826+0900][0.938s][debug][gc,heap        ] GC(24)   region size 32768K, 1 young (32768K), 0 survivors (0K)
[2026-08-01T22:26:55.826+0900][0.938s][debug][gc,heap        ] GC(24)  Metaspace       used 6724K, committed 6912K, reserved 1114112K
[2026-08-01T22:26:55.826+0900][0.938s][debug][gc,heap        ] GC(24)   class space    used 616K, committed 704K, reserved 1048576K
[2026-08-01T22:26:55.826+0900][0.938s][info ][gc,task        ] GC(24) Using 1 workers of 18 for full compaction
[2026-08-01T22:26:55.826+0900][0.939s][info ][gc,phases,start] GC(24) Phase 1: Mark live objects
[2026-08-01T22:26:55.837+0900][0.950s][info ][gc,phases      ] GC(24) Phase 1: Mark live objects 11.750ms
[2026-08-01T22:26:55.837+0900][0.950s][info ][gc,phases,start] GC(24) Phase 2: Prepare for compaction
[2026-08-01T22:26:55.840+0900][0.953s][info ][gc,phases      ] GC(24) Phase 2: Prepare for compaction 2.295ms
[2026-08-01T22:26:55.840+0900][0.953s][info ][gc,phases,start] GC(24) Phase 3: Adjust pointers
[2026-08-01T22:26:55.844+0900][0.957s][info ][gc,phases      ] GC(24) Phase 3: Adjust pointers 4.712ms
[2026-08-01T22:26:55.845+0900][0.957s][info ][gc,phases,start] GC(24) Phase 4: Compact heap
[2026-08-01T22:26:55.846+0900][0.959s][info ][gc,phases      ] GC(24) Phase 4: Compact heap 1.876ms
[2026-08-01T22:26:55.847+0900][0.960s][info ][gc,heap        ] GC(24) Eden regions: 1->0(1)
[2026-08-01T22:26:55.847+0900][0.960s][info ][gc,heap        ] GC(24) Survivor regions: 0->0(0)
[2026-08-01T22:26:55.847+0900][0.960s][info ][gc,heap        ] GC(24) Old regions: 1->1
[2026-08-01T22:26:55.847+0900][0.960s][info ][gc,heap        ] GC(24) Archive regions: 0->0
[2026-08-01T22:26:55.847+0900][0.960s][info ][gc,heap        ] GC(24) Humongous regions: 0->0
[2026-08-01T22:26:55.847+0900][0.960s][info ][gc,metaspace   ] GC(24) Metaspace: 6724K(6912K)->6724K(6912K) NonClass: 6108K(6208K)->6108K(6208K) Class: 616K(704K)->616K(704K)
[2026-08-01T22:26:55.847+0900][0.960s][debug][gc,heap        ] GC(24) Heap after GC invocations=25 (full 25):
[2026-08-01T22:26:55.847+0900][0.960s][debug][gc,heap        ] GC(24)  garbage-first heap   total 131072K, used 15477K [0x0000027678000000, 0x000002ad78000000)
[2026-08-01T22:26:55.847+0900][0.960s][debug][gc,heap        ] GC(24)   region size 32768K, 0 young (0K), 0 survivors (0K)
[2026-08-01T22:26:55.847+0900][0.960s][debug][gc,heap        ] GC(24)  Metaspace       used 6724K, committed 6912K, reserved 1114112K
[2026-08-01T22:26:55.847+0900][0.960s][debug][gc,heap        ] GC(24)   class space    used 616K, committed 704K, reserved 1048576K
[2026-08-01T22:26:55.847+0900][0.960s][info ][gc             ] GC(24) Pause Full (System.gc()) 16M->15M(128M) 21.836ms
[2026-08-01T22:26:55.847+0900][0.960s][info ][gc,cpu         ] GC(24) User=0.02s Sys=0.00s Real=0.02s
[2026-08-01T22:26:55.847+0900][0.960s][info ][safepoint      ] Safepoint "G1CollectFull", Time since last: 1725600 ns, Reaching safepoint: 25500 ns, At safepoint: 21879300 ns, Total: 21904800 ns
[2026-08-01T22:26:55.849+0900][0.962s][info ][gc,start       ] GC(25) Pause Full (System.gc())
[2026-08-01T22:26:55.849+0900][0.962s][debug][gc,heap        ] GC(25) Heap before GC invocations=25 (full 25):
[2026-08-01T22:26:55.849+0900][0.962s][debug][gc,heap        ] GC(25)  garbage-first heap   total 131072K, used 15477K [0x0000027678000000, 0x000002ad78000000)
[2026-08-01T22:26:55.849+0900][0.962s][debug][gc,heap        ] GC(25)   region size 32768K, 1 young (32768K), 0 survivors (0K)
[2026-08-01T22:26:55.849+0900][0.962s][debug][gc,heap        ] GC(25)  Metaspace       used 6726K, committed 6912K, reserved 1114112K
[2026-08-01T22:26:55.849+0900][0.962s][debug][gc,heap        ] GC(25)   class space    used 616K, committed 704K, reserved 1048576K
[2026-08-01T22:26:55.849+0900][0.962s][info ][gc,task        ] GC(25) Using 1 workers of 18 for full compaction
[2026-08-01T22:26:55.849+0900][0.962s][info ][gc,phases,start] GC(25) Phase 1: Mark live objects
[2026-08-01T22:26:55.860+0900][0.972s][info ][gc,phases      ] GC(25) Phase 1: Mark live objects 10.292ms
[2026-08-01T22:26:55.860+0900][0.972s][info ][gc,phases,start] GC(25) Phase 2: Prepare for compaction
[2026-08-01T22:26:55.862+0900][0.975s][info ][gc,phases      ] GC(25) Phase 2: Prepare for compaction 2.534ms
[2026-08-01T22:26:55.862+0900][0.975s][info ][gc,phases,start] GC(25) Phase 3: Adjust pointers
[2026-08-01T22:26:55.867+0900][0.980s][info ][gc,phases      ] GC(25) Phase 3: Adjust pointers 4.671ms
[2026-08-01T22:26:55.867+0900][0.980s][info ][gc,phases,start] GC(25) Phase 4: Compact heap
[2026-08-01T22:26:55.869+0900][0.982s][info ][gc,phases      ] GC(25) Phase 4: Compact heap 2.203ms
[2026-08-01T22:26:55.870+0900][0.983s][info ][gc,heap        ] GC(25) Eden regions: 1->0(1)
[2026-08-01T22:26:55.870+0900][0.983s][info ][gc,heap        ] GC(25) Survivor regions: 0->0(0)
[2026-08-01T22:26:55.870+0900][0.983s][info ][gc,heap        ] GC(25) Old regions: 1->1
[2026-08-01T22:26:55.870+0900][0.983s][info ][gc,heap        ] GC(25) Archive regions: 0->0
[2026-08-01T22:26:55.870+0900][0.983s][info ][gc,heap        ] GC(25) Humongous regions: 0->0
[2026-08-01T22:26:55.870+0900][0.983s][info ][gc,metaspace   ] GC(25) Metaspace: 6726K(6912K)->6726K(6912K) NonClass: 6110K(6208K)->6110K(6208K) Class: 616K(704K)->616K(704K)
[2026-08-01T22:26:55.870+0900][0.983s][debug][gc,heap        ] GC(25) Heap after GC invocations=26 (full 26):
[2026-08-01T22:26:55.870+0900][0.983s][debug][gc,heap        ] GC(25)  garbage-first heap   total 131072K, used 15491K [0x0000027678000000, 0x000002ad78000000)
[2026-08-01T22:26:55.870+0900][0.983s][debug][gc,heap        ] GC(25)   region size 32768K, 0 young (0K), 0 survivors (0K)
[2026-08-01T22:26:55.870+0900][0.983s][debug][gc,heap        ] GC(25)  Metaspace       used 6726K, committed 6912K, reserved 1114112K
[2026-08-01T22:26:55.870+0900][0.983s][debug][gc,heap        ] GC(25)   class space    used 616K, committed 704K, reserved 1048576K
[2026-08-01T22:26:55.870+0900][0.983s][info ][gc             ] GC(25) Pause Full (System.gc()) 16M->15M(128M) 20.929ms
[2026-08-01T22:26:55.870+0900][0.983s][info ][gc,cpu         ] GC(25) User=0.02s Sys=0.00s Real=0.02s
[2026-08-01T22:26:55.870+0900][0.983s][info ][safepoint      ] Safepoint "G1CollectFull", Time since last: 1725400 ns, Reaching safepoint: 26900 ns, At safepoint: 21019500 ns, Total: 21046400 ns
[2026-08-01T22:26:55.872+0900][0.985s][info ][gc,start       ] GC(26) Pause Full (System.gc())
[2026-08-01T22:26:55.872+0900][0.985s][debug][gc,heap        ] GC(26) Heap before GC invocations=26 (full 26):
[2026-08-01T22:26:55.872+0900][0.985s][debug][gc,heap        ] GC(26)  garbage-first heap   total 131072K, used 15491K [0x0000027678000000, 0x000002ad78000000)
[2026-08-01T22:26:55.872+0900][0.985s][debug][gc,heap        ] GC(26)   region size 32768K, 1 young (32768K), 0 survivors (0K)
[2026-08-01T22:26:55.872+0900][0.985s][debug][gc,heap        ] GC(26)  Metaspace       used 6735K, committed 6912K, reserved 1114112K
[2026-08-01T22:26:55.872+0900][0.985s][debug][gc,heap        ] GC(26)   class space    used 616K, committed 704K, reserved 1048576K
[2026-08-01T22:26:55.872+0900][0.985s][info ][gc,task        ] GC(26) Using 1 workers of 18 for full compaction
[2026-08-01T22:26:55.872+0900][0.985s][info ][gc,phases,start] GC(26) Phase 1: Mark live objects
[2026-08-01T22:26:55.882+0900][0.995s][info ][gc,phases      ] GC(26) Phase 1: Mark live objects 10.234ms
[2026-08-01T22:26:55.882+0900][0.995s][info ][gc,phases,start] GC(26) Phase 2: Prepare for compaction
[2026-08-01T22:26:55.884+0900][0.997s][info ][gc,phases      ] GC(26) Phase 2: Prepare for compaction 2.219ms
[2026-08-01T22:26:55.885+0900][0.997s][info ][gc,phases,start] GC(26) Phase 3: Adjust pointers
[2026-08-01T22:26:55.889+0900][1.002s][info ][gc,phases      ] GC(26) Phase 3: Adjust pointers 4.502ms
[2026-08-01T22:26:55.889+0900][1.002s][info ][gc,phases,start] GC(26) Phase 4: Compact heap
[2026-08-01T22:26:55.891+0900][1.004s][info ][gc,phases      ] GC(26) Phase 4: Compact heap 1.841ms
[2026-08-01T22:26:55.892+0900][1.005s][info ][gc,heap        ] GC(26) Eden regions: 1->0(1)
[2026-08-01T22:26:55.892+0900][1.005s][info ][gc,heap        ] GC(26) Survivor regions: 0->0(0)
[2026-08-01T22:26:55.892+0900][1.005s][info ][gc,heap        ] GC(26) Old regions: 1->1
[2026-08-01T22:26:55.892+0900][1.005s][info ][gc,heap        ] GC(26) Archive regions: 0->0
[2026-08-01T22:26:55.892+0900][1.005s][info ][gc,heap        ] GC(26) Humongous regions: 0->0
[2026-08-01T22:26:55.892+0900][1.005s][info ][gc,metaspace   ] GC(26) Metaspace: 6735K(6912K)->6735K(6912K) NonClass: 6118K(6208K)->6118K(6208K) Class: 616K(704K)->616K(704K)
[2026-08-01T22:26:55.892+0900][1.005s][debug][gc,heap        ] GC(26) Heap after GC invocations=27 (full 27):
[2026-08-01T22:26:55.892+0900][1.005s][debug][gc,heap        ] GC(26)  garbage-first heap   total 131072K, used 15504K [0x0000027678000000, 0x000002ad78000000)
[2026-08-01T22:26:55.892+0900][1.005s][debug][gc,heap        ] GC(26)   region size 32768K, 0 young (0K), 0 survivors (0K)
[2026-08-01T22:26:55.892+0900][1.005s][debug][gc,heap        ] GC(26)  Metaspace       used 6735K, committed 6912K, reserved 1114112K
[2026-08-01T22:26:55.892+0900][1.005s][debug][gc,heap        ] GC(26)   class space    used 616K, committed 704K, reserved 1048576K
[2026-08-01T22:26:55.892+0900][1.005s][info ][gc             ] GC(26) Pause Full (System.gc()) 16M->15M(128M) 20.077ms
[2026-08-01T22:26:55.892+0900][1.005s][info ][gc,cpu         ] GC(26) User=0.02s Sys=0.00s Real=0.02s
[2026-08-01T22:26:55.892+0900][1.005s][info ][safepoint      ] Safepoint "G1CollectFull", Time since last: 1705100 ns, Reaching safepoint: 19600 ns, At safepoint: 20123000 ns, Total: 20142600 ns
[2026-08-01T22:26:55.894+0900][1.007s][info ][gc,start       ] GC(27) Pause Full (System.gc())
[2026-08-01T22:26:55.894+0900][1.007s][debug][gc,heap        ] GC(27) Heap before GC invocations=27 (full 27):
[2026-08-01T22:26:55.894+0900][1.007s][debug][gc,heap        ] GC(27)  garbage-first heap   total 131072K, used 15504K [0x0000027678000000, 0x000002ad78000000)
[2026-08-01T22:26:55.894+0900][1.007s][debug][gc,heap        ] GC(27)   region size 32768K, 1 young (32768K), 0 survivors (0K)
[2026-08-01T22:26:55.894+0900][1.007s][debug][gc,heap        ] GC(27)  Metaspace       used 6735K, committed 6912K, reserved 1114112K
[2026-08-01T22:26:55.894+0900][1.007s][debug][gc,heap        ] GC(27)   class space    used 616K, committed 704K, reserved 1048576K
[2026-08-01T22:26:55.894+0900][1.007s][info ][gc,task        ] GC(27) Using 1 workers of 18 for full compaction
[2026-08-01T22:26:55.894+0900][1.007s][info ][gc,phases,start] GC(27) Phase 1: Mark live objects
[2026-08-01T22:26:55.905+0900][1.018s][info ][gc,phases      ] GC(27) Phase 1: Mark live objects 11.431ms
[2026-08-01T22:26:55.905+0900][1.018s][info ][gc,phases,start] GC(27) Phase 2: Prepare for compaction
[2026-08-01T22:26:55.907+0900][1.020s][info ][gc,phases      ] GC(27) Phase 2: Prepare for compaction 2.132ms
[2026-08-01T22:26:55.907+0900][1.020s][info ][gc,phases,start] GC(27) Phase 3: Adjust pointers
[2026-08-01T22:26:55.912+0900][1.025s][info ][gc,phases      ] GC(27) Phase 3: Adjust pointers 4.308ms
[2026-08-01T22:26:55.912+0900][1.025s][info ][gc,phases,start] GC(27) Phase 4: Compact heap
[2026-08-01T22:26:55.914+0900][1.027s][info ][gc,phases      ] GC(27) Phase 4: Compact heap 1.806ms
[2026-08-01T22:26:55.914+0900][1.027s][info ][gc,heap        ] GC(27) Eden regions: 1->0(1)
[2026-08-01T22:26:55.914+0900][1.027s][info ][gc,heap        ] GC(27) Survivor regions: 0->0(0)
[2026-08-01T22:26:55.914+0900][1.027s][info ][gc,heap        ] GC(27) Old regions: 1->1
[2026-08-01T22:26:55.914+0900][1.027s][info ][gc,heap        ] GC(27) Archive regions: 0->0
[2026-08-01T22:26:55.914+0900][1.027s][info ][gc,heap        ] GC(27) Humongous regions: 0->0
[2026-08-01T22:26:55.914+0900][1.027s][info ][gc,metaspace   ] GC(27) Metaspace: 6735K(6912K)->6735K(6912K) NonClass: 6118K(6208K)->6118K(6208K) Class: 616K(704K)->616K(704K)
[2026-08-01T22:26:55.914+0900][1.027s][debug][gc,heap        ] GC(27) Heap after GC invocations=28 (full 28):
[2026-08-01T22:26:55.914+0900][1.027s][debug][gc,heap        ] GC(27)  garbage-first heap   total 131072K, used 15522K [0x0000027678000000, 0x000002ad78000000)
[2026-08-01T22:26:55.914+0900][1.027s][debug][gc,heap        ] GC(27)   region size 32768K, 0 young (0K), 0 survivors (0K)
[2026-08-01T22:26:55.914+0900][1.027s][debug][gc,heap        ] GC(27)  Metaspace       used 6735K, committed 6912K, reserved 1114112K
[2026-08-01T22:26:55.914+0900][1.027s][debug][gc,heap        ] GC(27)   class space    used 616K, committed 704K, reserved 1048576K
[2026-08-01T22:26:55.914+0900][1.027s][info ][gc             ] GC(27) Pause Full (System.gc()) 16M->15M(128M) 20.880ms
[2026-08-01T22:26:55.914+0900][1.027s][info ][gc,cpu         ] GC(27) User=0.02s Sys=0.00s Real=0.02s
[2026-08-01T22:26:55.914+0900][1.028s][info ][safepoint      ] Safepoint "G1CollectFull", Time since last: 1663800 ns, Reaching safepoint: 20900 ns, At safepoint: 20957200 ns, Total: 20978100 ns
[2026-08-01T22:26:55.928+0900][1.041s][info ][gc,start       ] GC(28) Pause Full (System.gc())
[2026-08-01T22:26:55.928+0900][1.041s][debug][gc,heap        ] GC(28) Heap before GC invocations=28 (full 28):
[2026-08-01T22:26:55.928+0900][1.041s][debug][gc,heap        ] GC(28)  garbage-first heap   total 131072K, used 15522K [0x0000027678000000, 0x000002ad78000000)
[2026-08-01T22:26:55.928+0900][1.041s][debug][gc,heap        ] GC(28)   region size 32768K, 1 young (32768K), 0 survivors (0K)
[2026-08-01T22:26:55.928+0900][1.041s][debug][gc,heap        ] GC(28)  Metaspace       used 6764K, committed 6976K, reserved 1114112K
[2026-08-01T22:26:55.928+0900][1.041s][debug][gc,heap        ] GC(28)   class space    used 618K, committed 704K, reserved 1048576K
[2026-08-01T22:26:55.928+0900][1.042s][info ][gc,task        ] GC(28) Using 1 workers of 18 for full compaction
[2026-08-01T22:26:55.928+0900][1.042s][info ][gc,phases,start] GC(28) Phase 1: Mark live objects
[2026-08-01T22:26:55.943+0900][1.055s][info ][gc,phases      ] GC(28) Phase 1: Mark live objects 13.800ms
[2026-08-01T22:26:55.943+0900][1.055s][info ][gc,phases,start] GC(28) Phase 2: Prepare for compaction
[2026-08-01T22:26:55.945+0900][1.058s][info ][gc,phases      ] GC(28) Phase 2: Prepare for compaction 2.626ms
[2026-08-01T22:26:55.945+0900][1.058s][info ][gc,phases,start] GC(28) Phase 3: Adjust pointers
[2026-08-01T22:26:55.951+0900][1.064s][info ][gc,phases      ] GC(28) Phase 3: Adjust pointers 5.607ms
[2026-08-01T22:26:55.951+0900][1.064s][info ][gc,phases,start] GC(28) Phase 4: Compact heap
[2026-08-01T22:26:55.954+0900][1.066s][info ][gc,phases      ] GC(28) Phase 4: Compact heap 2.681ms
[2026-08-01T22:26:55.955+0900][1.068s][info ][gc,heap        ] GC(28) Eden regions: 1->0(1)
[2026-08-01T22:26:55.955+0900][1.068s][info ][gc,heap        ] GC(28) Survivor regions: 0->0(0)
[2026-08-01T22:26:55.955+0900][1.068s][info ][gc,heap        ] GC(28) Old regions: 1->1
[2026-08-01T22:26:55.955+0900][1.068s][info ][gc,heap        ] GC(28) Archive regions: 0->0
[2026-08-01T22:26:55.955+0900][1.068s][info ][gc,heap        ] GC(28) Humongous regions: 0->0
[2026-08-01T22:26:55.955+0900][1.068s][info ][gc,metaspace   ] GC(28) Metaspace: 6764K(6976K)->6764K(6976K) NonClass: 6146K(6272K)->6146K(6272K) Class: 618K(704K)->618K(704K)
[2026-08-01T22:26:55.955+0900][1.068s][debug][gc,heap        ] GC(28) Heap after GC invocations=29 (full 29):
[2026-08-01T22:26:55.955+0900][1.068s][debug][gc,heap        ] GC(28)  garbage-first heap   total 131072K, used 18138K [0x0000027678000000, 0x000002ad78000000)
[2026-08-01T22:26:55.955+0900][1.068s][debug][gc,heap        ] GC(28)   region size 32768K, 0 young (0K), 0 survivors (0K)
[2026-08-01T22:26:55.955+0900][1.068s][debug][gc,heap        ] GC(28)  Metaspace       used 6764K, committed 6976K, reserved 1114112K
[2026-08-01T22:26:55.955+0900][1.068s][debug][gc,heap        ] GC(28)   class space    used 618K, committed 704K, reserved 1048576K
[2026-08-01T22:26:55.955+0900][1.068s][info ][gc             ] GC(28) Pause Full (System.gc()) 20M->17M(128M) 26.826ms
[2026-08-01T22:26:55.955+0900][1.068s][info ][gc,cpu         ] GC(28) User=0.03s Sys=0.00s Real=0.03s
[2026-08-01T22:26:55.955+0900][1.068s][info ][safepoint      ] Safepoint "G1CollectFull", Time since last: 13823500 ns, Reaching safepoint: 35400 ns, At safepoint: 26879100 ns, Total: 26914500 ns
[2026-08-01T22:26:56.018+0900][1.131s][info ][gc,start       ] GC(29) Pause Young (Normal) (G1 Evacuation Pause)
[2026-08-01T22:26:56.018+0900][1.131s][debug][gc,heap        ] GC(29) Heap before GC invocations=29 (full 29):
[2026-08-01T22:26:56.018+0900][1.131s][debug][gc,heap        ] GC(29)  garbage-first heap   total 131072K, used 50906K [0x0000027678000000, 0x000002ad78000000)
[2026-08-01T22:26:56.018+0900][1.131s][debug][gc,heap        ] GC(29)   region size 32768K, 1 young (32768K), 0 survivors (0K)
[2026-08-01T22:26:56.018+0900][1.131s][debug][gc,heap        ] GC(29)  Metaspace       used 6776K, committed 6976K, reserved 1114112K
[2026-08-01T22:26:56.018+0900][1.131s][debug][gc,heap        ] GC(29)   class space    used 619K, committed 704K, reserved 1048576K
[2026-08-01T22:26:56.018+0900][1.131s][info ][gc,task        ] GC(29) Using 4 workers of 18 for evacuation
[2026-08-01T22:26:56.028+0900][1.141s][info ][gc,phases      ] GC(29)   Pre Evacuate Collection Set: 0.0ms
[2026-08-01T22:26:56.028+0900][1.141s][info ][gc,phases      ] GC(29)   Merge Heap Roots: 0.3ms
[2026-08-01T22:26:56.028+0900][1.141s][info ][gc,phases      ] GC(29)   Evacuate Collection Set: 9.1ms
[2026-08-01T22:26:56.028+0900][1.141s][info ][gc,phases      ] GC(29)   Post Evacuate Collection Set: 0.2ms
[2026-08-01T22:26:56.028+0900][1.141s][info ][gc,phases      ] GC(29)   Other: 0.1ms
[2026-08-01T22:26:56.028+0900][1.141s][info ][gc,heap        ] GC(29) Eden regions: 1->0(1)
[2026-08-01T22:26:56.028+0900][1.141s][info ][gc,heap        ] GC(29) Survivor regions: 0->1(1)
[2026-08-01T22:26:56.028+0900][1.141s][info ][gc,heap        ] GC(29) Old regions: 1->1
[2026-08-01T22:26:56.028+0900][1.141s][info ][gc,heap        ] GC(29) Archive regions: 0->0
[2026-08-01T22:26:56.028+0900][1.141s][info ][gc,heap        ] GC(29) Humongous regions: 0->0
[2026-08-01T22:26:56.028+0900][1.141s][info ][gc,metaspace   ] GC(29) Metaspace: 6776K(6976K)->6776K(6976K) NonClass: 6156K(6272K)->6156K(6272K) Class: 619K(704K)->619K(704K)
[2026-08-01T22:26:56.028+0900][1.141s][debug][gc,heap        ] GC(29) Heap after GC invocations=30 (full 29):
[2026-08-01T22:26:56.028+0900][1.141s][debug][gc,heap        ] GC(29)  garbage-first heap   total 131072K, used 34327K [0x0000027678000000, 0x000002ad78000000)
[2026-08-01T22:26:56.028+0900][1.141s][debug][gc,heap        ] GC(29)   region size 32768K, 1 young (32768K), 1 survivors (32768K)
[2026-08-01T22:26:56.028+0900][1.141s][debug][gc,heap        ] GC(29)  Metaspace       used 6776K, committed 6976K, reserved 1114112K
[2026-08-01T22:26:56.028+0900][1.141s][debug][gc,heap        ] GC(29)   class space    used 619K, committed 704K, reserved 1048576K
[2026-08-01T22:26:56.028+0900][1.141s][info ][gc             ] GC(29) Pause Young (Normal) (G1 Evacuation Pause) 49M->33M(128M) 10.054ms
[2026-08-01T22:26:56.028+0900][1.141s][info ][gc,cpu         ] GC(29) User=0.06s Sys=0.02s Real=0.01s
[2026-08-01T22:26:56.028+0900][1.141s][info ][safepoint      ] Safepoint "G1CollectForAllocation", Time since last: 62482000 ns, Reaching safepoint: 37800 ns, At safepoint: 10109600 ns, Total: 10147400 ns
[2026-08-01T22:26:56.059+0900][1.172s][info ][gc,start       ] GC(30) Pause Young (Normal) (G1 Evacuation Pause)
[2026-08-01T22:26:56.059+0900][1.172s][debug][gc,heap        ] GC(30) Heap before GC invocations=30 (full 29):
[2026-08-01T22:26:56.059+0900][1.172s][debug][gc,heap        ] GC(30)  garbage-first heap   total 131072K, used 67095K [0x0000027678000000, 0x000002ad78000000)
[2026-08-01T22:26:56.059+0900][1.172s][debug][gc,heap        ] GC(30)   region size 32768K, 2 young (65536K), 1 survivors (32768K)
[2026-08-01T22:26:56.059+0900][1.172s][debug][gc,heap        ] GC(30)  Metaspace       used 6776K, committed 6976K, reserved 1114112K
[2026-08-01T22:26:56.059+0900][1.172s][debug][gc,heap        ] GC(30)   class space    used 619K, committed 704K, reserved 1048576K
[2026-08-01T22:26:56.059+0900][1.172s][info ][gc,task        ] GC(30) Using 4 workers of 18 for evacuation
[2026-08-01T22:26:56.075+0900][1.188s][info ][gc,phases      ] GC(30)   Pre Evacuate Collection Set: 0.1ms
[2026-08-01T22:26:56.075+0900][1.188s][info ][gc,phases      ] GC(30)   Merge Heap Roots: 0.1ms
[2026-08-01T22:26:56.075+0900][1.188s][info ][gc,phases      ] GC(30)   Evacuate Collection Set: 15.2ms
[2026-08-01T22:26:56.075+0900][1.188s][info ][gc,phases      ] GC(30)   Post Evacuate Collection Set: 0.2ms
[2026-08-01T22:26:56.075+0900][1.188s][info ][gc,phases      ] GC(30)   Other: 0.1ms
[2026-08-01T22:26:56.075+0900][1.188s][info ][gc,heap        ] GC(30) Eden regions: 1->0(1)
[2026-08-01T22:26:56.075+0900][1.188s][info ][gc,heap        ] GC(30) Survivor regions: 1->1(1)
[2026-08-01T22:26:56.075+0900][1.188s][info ][gc,heap        ] GC(30) Old regions: 1->1
[2026-08-01T22:26:56.075+0900][1.188s][info ][gc,heap        ] GC(30) Archive regions: 0->0
[2026-08-01T22:26:56.075+0900][1.188s][info ][gc,heap        ] GC(30) Humongous regions: 0->0
[2026-08-01T22:26:56.075+0900][1.188s][info ][gc,metaspace   ] GC(30) Metaspace: 6776K(6976K)->6776K(6976K) NonClass: 6156K(6272K)->6156K(6272K) Class: 619K(704K)->619K(704K)
[2026-08-01T22:26:56.075+0900][1.188s][debug][gc,heap        ] GC(30) Heap after GC invocations=31 (full 29):
[2026-08-01T22:26:56.075+0900][1.188s][debug][gc,heap        ] GC(30)  garbage-first heap   total 131072K, used 50819K [0x0000027678000000, 0x000002ad78000000)
[2026-08-01T22:26:56.075+0900][1.188s][debug][gc,heap        ] GC(30)   region size 32768K, 1 young (32768K), 1 survivors (32768K)
[2026-08-01T22:26:56.075+0900][1.188s][debug][gc,heap        ] GC(30)  Metaspace       used 6776K, committed 6976K, reserved 1114112K
[2026-08-01T22:26:56.075+0900][1.188s][debug][gc,heap        ] GC(30)   class space    used 619K, committed 704K, reserved 1048576K
[2026-08-01T22:26:56.075+0900][1.188s][info ][gc             ] GC(30) Pause Young (Normal) (G1 Evacuation Pause) 65M->49M(128M) 15.946ms
[2026-08-01T22:26:56.075+0900][1.188s][info ][gc,cpu         ] GC(30) User=0.11s Sys=0.02s Real=0.02s
[2026-08-01T22:26:56.075+0900][1.188s][info ][safepoint      ] Safepoint "G1CollectForAllocation", Time since last: 31203900 ns, Reaching safepoint: 82500 ns, At safepoint: 16001200 ns, Total: 16083700 ns
[2026-08-01T22:26:56.097+0900][1.210s][info ][gc,start       ] GC(31) Pause Young (Normal) (G1 Evacuation Pause)
[2026-08-01T22:26:56.097+0900][1.210s][debug][gc,heap        ] GC(31) Heap before GC invocations=31 (full 29):
[2026-08-01T22:26:56.097+0900][1.210s][debug][gc,heap        ] GC(31)  garbage-first heap   total 131072K, used 83587K [0x0000027678000000, 0x000002ad78000000)
[2026-08-01T22:26:56.097+0900][1.210s][debug][gc,heap        ] GC(31)   region size 32768K, 2 young (65536K), 1 survivors (32768K)
[2026-08-01T22:26:56.097+0900][1.210s][debug][gc,heap        ] GC(31)  Metaspace       used 6778K, committed 6976K, reserved 1114112K
[2026-08-01T22:26:56.097+0900][1.210s][debug][gc,heap        ] GC(31)   class space    used 619K, committed 704K, reserved 1048576K
[2026-08-01T22:26:56.097+0900][1.210s][info ][gc,task        ] GC(31) Using 4 workers of 18 for evacuation
[2026-08-01T22:26:56.117+0900][1.230s][info ][gc,phases      ] GC(31)   Pre Evacuate Collection Set: 0.1ms
[2026-08-01T22:26:56.117+0900][1.230s][info ][gc,phases      ] GC(31)   Merge Heap Roots: 0.2ms
[2026-08-01T22:26:56.117+0900][1.230s][info ][gc,phases      ] GC(31)   Evacuate Collection Set: 19.7ms
[2026-08-01T22:26:56.117+0900][1.230s][info ][gc,phases      ] GC(31)   Post Evacuate Collection Set: 0.3ms
[2026-08-01T22:26:56.117+0900][1.230s][info ][gc,phases      ] GC(31)   Other: 0.1ms
[2026-08-01T22:26:56.117+0900][1.230s][info ][gc,heap        ] GC(31) Eden regions: 1->0(1)
[2026-08-01T22:26:56.118+0900][1.230s][info ][gc,heap        ] GC(31) Survivor regions: 1->1(1)
[2026-08-01T22:26:56.118+0900][1.230s][info ][gc,heap        ] GC(31) Old regions: 1->2
[2026-08-01T22:26:56.118+0900][1.230s][info ][gc,heap        ] GC(31) Archive regions: 0->0
[2026-08-01T22:26:56.118+0900][1.230s][info ][gc,heap        ] GC(31) Humongous regions: 0->0
[2026-08-01T22:26:56.118+0900][1.230s][info ][gc,metaspace   ] GC(31) Metaspace: 6778K(6976K)->6778K(6976K) NonClass: 6159K(6272K)->6159K(6272K) Class: 619K(704K)->619K(704K)
[2026-08-01T22:26:56.118+0900][1.230s][debug][gc,heap        ] GC(31) Heap after GC invocations=32 (full 29):
[2026-08-01T22:26:56.118+0900][1.230s][debug][gc,heap        ] GC(31)  garbage-first heap   total 163840K, used 67594K [0x0000027678000000, 0x000002ad78000000)
[2026-08-01T22:26:56.118+0900][1.230s][debug][gc,heap        ] GC(31)   region size 32768K, 1 young (32768K), 1 survivors (32768K)
[2026-08-01T22:26:56.118+0900][1.230s][debug][gc,heap        ] GC(31)  Metaspace       used 6778K, committed 6976K, reserved 1114112K
[2026-08-01T22:26:56.118+0900][1.230s][debug][gc,heap        ] GC(31)   class space    used 619K, committed 704K, reserved 1048576K
[2026-08-01T22:26:56.118+0900][1.230s][info ][gc             ] GC(31) Pause Young (Normal) (G1 Evacuation Pause) 81M->66M(160M) 20.566ms
[2026-08-01T22:26:56.118+0900][1.230s][info ][gc,cpu         ] GC(31) User=0.05s Sys=0.02s Real=0.02s
[2026-08-01T22:26:56.118+0900][1.231s][info ][safepoint      ] Safepoint "G1CollectForAllocation", Time since last: 21669400 ns, Reaching safepoint: 33500 ns, At safepoint: 20659700 ns, Total: 20693200 ns
[2026-08-01T22:26:56.167+0900][1.280s][info ][gc,start       ] GC(32) Pause Young (Normal) (G1 Evacuation Pause)
[2026-08-01T22:26:56.167+0900][1.280s][debug][gc,heap        ] GC(32) Heap before GC invocations=32 (full 29):
[2026-08-01T22:26:56.167+0900][1.280s][debug][gc,heap        ] GC(32)  garbage-first heap   total 163840K, used 100362K [0x0000027678000000, 0x000002ad78000000)
[2026-08-01T22:26:56.168+0900][1.280s][debug][gc,heap        ] GC(32)   region size 32768K, 2 young (65536K), 1 survivors (32768K)
[2026-08-01T22:26:56.168+0900][1.280s][debug][gc,heap        ] GC(32)  Metaspace       used 6812K, committed 6976K, reserved 1114112K
[2026-08-01T22:26:56.168+0900][1.280s][debug][gc,heap        ] GC(32)   class space    used 621K, committed 704K, reserved 1048576K
[2026-08-01T22:26:56.168+0900][1.280s][info ][gc,task        ] GC(32) Using 3 workers of 18 for evacuation
[2026-08-01T22:26:56.196+0900][1.309s][info ][gc,phases      ] GC(32)   Pre Evacuate Collection Set: 0.1ms
[2026-08-01T22:26:56.196+0900][1.309s][info ][gc,phases      ] GC(32)   Merge Heap Roots: 0.2ms
[2026-08-01T22:26:56.196+0900][1.309s][info ][gc,phases      ] GC(32)   Evacuate Collection Set: 26.2ms
[2026-08-01T22:26:56.196+0900][1.309s][info ][gc,phases      ] GC(32)   Post Evacuate Collection Set: 2.3ms
[2026-08-01T22:26:56.196+0900][1.309s][info ][gc,phases      ] GC(32)   Other: 0.1ms
[2026-08-01T22:26:56.196+0900][1.309s][info ][gc,heap        ] GC(32) Eden regions: 1->0(1)
[2026-08-01T22:26:56.196+0900][1.309s][info ][gc,heap        ] GC(32) Survivor regions: 1->1(1)
[2026-08-01T22:26:56.196+0900][1.309s][info ][gc,heap        ] GC(32) Old regions: 2->3
[2026-08-01T22:26:56.196+0900][1.309s][info ][gc,heap        ] GC(32) Archive regions: 0->0
[2026-08-01T22:26:56.196+0900][1.309s][info ][gc,heap        ] GC(32) Humongous regions: 0->0
[2026-08-01T22:26:56.196+0900][1.309s][info ][gc,metaspace   ] GC(32) Metaspace: 6812K(6976K)->6812K(6976K) NonClass: 6190K(6272K)->6190K(6272K) Class: 621K(704K)->621K(704K)
[2026-08-01T22:26:56.196+0900][1.309s][debug][gc,heap        ] GC(32) Heap after GC invocations=33 (full 29):
[2026-08-01T22:26:56.196+0900][1.309s][debug][gc,heap        ] GC(32)  garbage-first heap   total 1146880K, used 87596K [0x0000027678000000, 0x000002ad78000000)
[2026-08-01T22:26:56.196+0900][1.309s][debug][gc,heap        ] GC(32)   region size 32768K, 1 young (32768K), 1 survivors (32768K)
[2026-08-01T22:26:56.196+0900][1.309s][debug][gc,heap        ] GC(32)  Metaspace       used 6812K, committed 6976K, reserved 1114112K
[2026-08-01T22:26:56.196+0900][1.309s][debug][gc,heap        ] GC(32)   class space    used 621K, committed 704K, reserved 1048576K
[2026-08-01T22:26:56.197+0900][1.309s][info ][gc             ] GC(32) Pause Young (Normal) (G1 Evacuation Pause) 98M->85M(1120M) 29.125ms
[2026-08-01T22:26:56.197+0900][1.309s][info ][gc,cpu         ] GC(32) User=0.12s Sys=0.02s Real=0.03s
[2026-08-01T22:26:56.197+0900][1.310s][info ][safepoint      ] Safepoint "G1CollectForAllocation", Time since last: 49648300 ns, Reaching safepoint: 42900 ns, At safepoint: 29269100 ns, Total: 29312000 ns
[2026-08-01T22:26:56.202+0900][1.315s][info ][gc,start       ] GC(33) Pause Full (System.gc())
[2026-08-01T22:26:56.202+0900][1.315s][debug][gc,heap        ] GC(33) Heap before GC invocations=33 (full 29):
[2026-08-01T22:26:56.202+0900][1.315s][debug][gc,heap        ] GC(33)  garbage-first heap   total 1146880K, used 87596K [0x0000027678000000, 0x000002ad78000000)
[2026-08-01T22:26:56.202+0900][1.315s][debug][gc,heap        ] GC(33)   region size 32768K, 2 young (65536K), 1 survivors (32768K)
[2026-08-01T22:26:56.202+0900][1.315s][debug][gc,heap        ] GC(33)  Metaspace       used 6812K, committed 6976K, reserved 1114112K
[2026-08-01T22:26:56.202+0900][1.315s][debug][gc,heap        ] GC(33)   class space    used 621K, committed 704K, reserved 1048576K
[2026-08-01T22:26:56.202+0900][1.315s][info ][gc,task        ] GC(33) Using 2 workers of 18 for full compaction
[2026-08-01T22:26:56.202+0900][1.315s][info ][gc,phases,start] GC(33) Phase 1: Mark live objects
[2026-08-01T22:26:56.240+0900][1.352s][info ][gc,phases      ] GC(33) Phase 1: Mark live objects 37.681ms
[2026-08-01T22:26:56.240+0900][1.353s][info ][gc,phases,start] GC(33) Phase 2: Prepare for compaction
[2026-08-01T22:26:56.247+0900][1.359s][info ][gc,phases      ] GC(33) Phase 2: Prepare for compaction 6.823ms
[2026-08-01T22:26:56.247+0900][1.359s][info ][gc,phases,start] GC(33) Phase 3: Adjust pointers
[2026-08-01T22:26:56.266+0900][1.379s][info ][gc,phases      ] GC(33) Phase 3: Adjust pointers 19.242ms
[2026-08-01T22:26:56.266+0900][1.379s][info ][gc,phases,start] GC(33) Phase 4: Compact heap
[2026-08-01T22:26:56.275+0900][1.388s][info ][gc,phases      ] GC(33) Phase 4: Compact heap 9.079ms
[2026-08-01T22:26:56.278+0900][1.391s][debug][gc,heap        ] GC(33) Uncommittable regions after shrink: 21
[2026-08-01T22:26:56.279+0900][1.392s][info ][gc,heap        ] GC(33) Eden regions: 1->0(1)
[2026-08-01T22:26:56.279+0900][1.392s][info ][gc,heap        ] GC(33) Survivor regions: 1->0(1)
[2026-08-01T22:26:56.279+0900][1.392s][info ][gc,heap        ] GC(33) Old regions: 3->4
[2026-08-01T22:26:56.279+0900][1.392s][info ][gc,heap        ] GC(33) Archive regions: 0->0
[2026-08-01T22:26:56.279+0900][1.392s][info ][gc,heap        ] GC(33) Humongous regions: 0->0
[2026-08-01T22:26:56.279+0900][1.392s][info ][gc,metaspace   ] GC(33) Metaspace: 6812K(6976K)->6812K(6976K) NonClass: 6190K(6272K)->6190K(6272K) Class: 621K(704K)->621K(704K)
[2026-08-01T22:26:56.279+0900][1.392s][debug][gc,heap        ] GC(33) Heap after GC invocations=34 (full 30):
[2026-08-01T22:26:56.279+0900][1.392s][debug][gc,heap        ] GC(33)  garbage-first heap   total 458752K, used 83492K [0x0000027678000000, 0x000002ad78000000)
[2026-08-01T22:26:56.279+0900][1.392s][debug][gc,heap        ] GC(33)   region size 32768K, 0 young (0K), 0 survivors (0K)
[2026-08-01T22:26:56.279+0900][1.392s][debug][gc,heap        ] GC(33)  Metaspace       used 6812K, committed 6976K, reserved 1114112K
[2026-08-01T22:26:56.279+0900][1.392s][debug][gc,heap        ] GC(33)   class space    used 621K, committed 704K, reserved 1048576K
[2026-08-01T22:26:56.279+0900][1.392s][info ][gc             ] GC(33) Pause Full (System.gc()) 87M->81M(448M) 77.402ms
[2026-08-01T22:26:56.279+0900][1.392s][info ][gc,cpu         ] GC(33) User=0.12s Sys=0.09s Real=0.08s
[2026-08-01T22:26:56.279+0900][1.392s][info ][safepoint      ] Safepoint "G1CollectFull", Time since last: 5062800 ns, Reaching safepoint: 23500 ns, At safepoint: 77543800 ns, Total: 77567300 ns
[2026-08-01T22:26:56.315+0900][1.428s][info ][gc,start       ] GC(34) Pause Young (Normal) (G1 Evacuation Pause)
[2026-08-01T22:26:56.315+0900][1.428s][debug][gc,heap        ] GC(34) Heap before GC invocations=34 (full 30):
[2026-08-01T22:26:56.315+0900][1.428s][debug][gc,heap        ] GC(34)  garbage-first heap   total 458752K, used 116260K [0x0000027678000000, 0x000002ad78000000)
[2026-08-01T22:26:56.315+0900][1.428s][debug][gc,heap        ] GC(34)   region size 32768K, 1 young (32768K), 0 survivors (0K)
[2026-08-01T22:26:56.315+0900][1.428s][debug][gc,heap        ] GC(34)  Metaspace       used 6816K, committed 7040K, reserved 1114112K
[2026-08-01T22:26:56.316+0900][1.428s][debug][gc,heap        ] GC(34)   class space    used 621K, committed 704K, reserved 1048576K
[2026-08-01T22:26:56.316+0900][1.428s][info ][gc,task        ] GC(34) Using 10 workers of 18 for evacuation
[2026-08-01T22:26:56.321+0900][1.434s][info ][gc,phases      ] GC(34)   Pre Evacuate Collection Set: 0.1ms
[2026-08-01T22:26:56.321+0900][1.434s][info ][gc,phases      ] GC(34)   Merge Heap Roots: 0.1ms
[2026-08-01T22:26:56.321+0900][1.434s][info ][gc,phases      ] GC(34)   Evacuate Collection Set: 4.5ms
[2026-08-01T22:26:56.321+0900][1.434s][info ][gc,phases      ] GC(34)   Post Evacuate Collection Set: 0.2ms
[2026-08-01T22:26:56.321+0900][1.434s][info ][gc,phases      ] GC(34)   Other: 0.2ms
[2026-08-01T22:26:56.321+0900][1.434s][info ][gc,heap        ] GC(34) Eden regions: 1->0(1)
[2026-08-01T22:26:56.321+0900][1.434s][info ][gc,heap        ] GC(34) Survivor regions: 0->1(1)
[2026-08-01T22:26:56.321+0900][1.434s][info ][gc,heap        ] GC(34) Old regions: 4->4
[2026-08-01T22:26:56.321+0900][1.434s][info ][gc,heap        ] GC(34) Archive regions: 0->0
[2026-08-01T22:26:56.321+0900][1.434s][info ][gc,heap        ] GC(34) Humongous regions: 0->0
[2026-08-01T22:26:56.321+0900][1.434s][info ][gc,metaspace   ] GC(34) Metaspace: 6816K(7040K)->6816K(7040K) NonClass: 6194K(6336K)->6194K(6336K) Class: 621K(704K)->621K(704K)
[2026-08-01T22:26:56.321+0900][1.434s][debug][gc,heap        ] GC(34) Heap after GC invocations=35 (full 30):
[2026-08-01T22:26:56.321+0900][1.434s][debug][gc,heap        ] GC(34)  garbage-first heap   total 458752K, used 102565K [0x0000027678000000, 0x000002ad78000000)
[2026-08-01T22:26:56.321+0900][1.434s][debug][gc,heap        ] GC(34)   region size 32768K, 1 young (32768K), 1 survivors (32768K)
[2026-08-01T22:26:56.321+0900][1.434s][debug][gc,heap        ] GC(34)  Metaspace       used 6816K, committed 7040K, reserved 1114112K
[2026-08-01T22:26:56.321+0900][1.434s][debug][gc,heap        ] GC(34)   class space    used 621K, committed 704K, reserved 1048576K
[2026-08-01T22:26:56.321+0900][1.434s][info ][gc             ] GC(34) Pause Young (Normal) (G1 Evacuation Pause) 113M->100M(448M) 5.450ms
[2026-08-01T22:26:56.321+0900][1.434s][info ][gc,cpu         ] GC(34) User=0.00s Sys=0.00s Real=0.01s
[2026-08-01T22:26:56.321+0900][1.434s][info ][safepoint      ] Safepoint "G1CollectForAllocation", Time since last: 36072300 ns, Reaching safepoint: 32300 ns, At safepoint: 5508900 ns, Total: 5541200 ns
[2026-08-01T22:26:56.351+0900][1.464s][info ][gc,start       ] GC(35) Pause Young (Normal) (G1 Evacuation Pause)
[2026-08-01T22:26:56.351+0900][1.464s][debug][gc,heap        ] GC(35) Heap before GC invocations=35 (full 30):
[2026-08-01T22:26:56.351+0900][1.464s][debug][gc,heap        ] GC(35)  garbage-first heap   total 458752K, used 135333K [0x0000027678000000, 0x000002ad78000000)
[2026-08-01T22:26:56.351+0900][1.464s][debug][gc,heap        ] GC(35)   region size 32768K, 2 young (65536K), 1 survivors (32768K)
[2026-08-01T22:26:56.351+0900][1.464s][debug][gc,heap        ] GC(35)  Metaspace       used 6925K, committed 7168K, reserved 1114112K
[2026-08-01T22:26:56.351+0900][1.464s][debug][gc,heap        ] GC(35)   class space    used 635K, committed 768K, reserved 1048576K
[2026-08-01T22:26:56.351+0900][1.464s][info ][gc,task        ] GC(35) Using 10 workers of 18 for evacuation
[2026-08-01T22:26:56.358+0900][1.471s][info ][gc,phases      ] GC(35)   Pre Evacuate Collection Set: 0.1ms
[2026-08-01T22:26:56.358+0900][1.471s][info ][gc,phases      ] GC(35)   Merge Heap Roots: 0.1ms
[2026-08-01T22:26:56.358+0900][1.471s][info ][gc,phases      ] GC(35)   Evacuate Collection Set: 6.6ms
[2026-08-01T22:26:56.358+0900][1.471s][info ][gc,phases      ] GC(35)   Post Evacuate Collection Set: 0.2ms
[2026-08-01T22:26:56.358+0900][1.471s][info ][gc,phases      ] GC(35)   Other: 0.1ms
[2026-08-01T22:26:56.358+0900][1.471s][info ][gc,heap        ] GC(35) Eden regions: 1->0(1)
[2026-08-01T22:26:56.358+0900][1.471s][info ][gc,heap        ] GC(35) Survivor regions: 1->1(1)
[2026-08-01T22:26:56.358+0900][1.471s][info ][gc,heap        ] GC(35) Old regions: 4->4
[2026-08-01T22:26:56.358+0900][1.471s][info ][gc,heap        ] GC(35) Archive regions: 0->0
[2026-08-01T22:26:56.358+0900][1.471s][info ][gc,heap        ] GC(35) Humongous regions: 0->0
[2026-08-01T22:26:56.358+0900][1.471s][info ][gc,metaspace   ] GC(35) Metaspace: 6925K(7168K)->6925K(7168K) NonClass: 6289K(6400K)->6289K(6400K) Class: 635K(768K)->635K(768K)
[2026-08-01T22:26:56.358+0900][1.471s][debug][gc,heap        ] GC(35) Heap after GC invocations=36 (full 30):
[2026-08-01T22:26:56.358+0900][1.471s][debug][gc,heap        ] GC(35)  garbage-first heap   total 458752K, used 113762K [0x0000027678000000, 0x000002ad78000000)
[2026-08-01T22:26:56.358+0900][1.471s][debug][gc,heap        ] GC(35)   region size 32768K, 1 young (32768K), 1 survivors (32768K)
[2026-08-01T22:26:56.358+0900][1.471s][debug][gc,heap        ] GC(35)  Metaspace       used 6925K, committed 7168K, reserved 1114112K
[2026-08-01T22:26:56.358+0900][1.471s][debug][gc,heap        ] GC(35)   class space    used 635K, committed 768K, reserved 1048576K
[2026-08-01T22:26:56.358+0900][1.471s][info ][gc             ] GC(35) Pause Young (Normal) (G1 Evacuation Pause) 132M->111M(448M) 7.462ms
[2026-08-01T22:26:56.358+0900][1.471s][info ][gc,cpu         ] GC(35) User=0.16s Sys=0.03s Real=0.01s
[2026-08-01T22:26:56.358+0900][1.471s][info ][safepoint      ] Safepoint "G1CollectForAllocation", Time since last: 29974600 ns, Reaching safepoint: 96800 ns, At safepoint: 7522800 ns, Total: 7619600 ns
[2026-08-01T22:26:56.462+0900][1.575s][debug][gc,heap        ] Concurrent Uncommit Summary: 672M, 21 regions, 7.105ms
[2026-08-01T22:26:56.468+0900][1.580s][info ][gc,start       ] GC(36) Pause Young (Normal) (G1 Evacuation Pause)
[2026-08-01T22:26:56.468+0900][1.580s][debug][gc,heap        ] GC(36) Heap before GC invocations=36 (full 30):
[2026-08-01T22:26:56.468+0900][1.580s][debug][gc,heap        ] GC(36)  garbage-first heap   total 458752K, used 146530K [0x0000027678000000, 0x000002ad78000000)
[2026-08-01T22:26:56.468+0900][1.580s][debug][gc,heap        ] GC(36)   region size 32768K, 2 young (65536K), 1 survivors (32768K)
[2026-08-01T22:26:56.468+0900][1.580s][debug][gc,heap        ] GC(36)  Metaspace       used 7554K, committed 7872K, reserved 1114112K
[2026-08-01T22:26:56.468+0900][1.580s][debug][gc,heap        ] GC(36)   class space    used 681K, committed 832K, reserved 1048576K
[2026-08-01T22:26:56.468+0900][1.580s][info ][gc,task        ] GC(36) Using 10 workers of 18 for evacuation
[2026-08-01T22:26:56.473+0900][1.586s][info ][gc,phases      ] GC(36)   Pre Evacuate Collection Set: 0.1ms
[2026-08-01T22:26:56.474+0900][1.586s][info ][gc,phases      ] GC(36)   Merge Heap Roots: 0.1ms
[2026-08-01T22:26:56.474+0900][1.586s][info ][gc,phases      ] GC(36)   Evacuate Collection Set: 5.3ms
[2026-08-01T22:26:56.474+0900][1.586s][info ][gc,phases      ] GC(36)   Post Evacuate Collection Set: 0.3ms
[2026-08-01T22:26:56.474+0900][1.586s][info ][gc,phases      ] GC(36)   Other: 0.1ms
[2026-08-01T22:26:56.474+0900][1.586s][info ][gc,heap        ] GC(36) Eden regions: 1->0(1)
[2026-08-01T22:26:56.474+0900][1.586s][info ][gc,heap        ] GC(36) Survivor regions: 1->1(1)
[2026-08-01T22:26:56.474+0900][1.586s][info ][gc,heap        ] GC(36) Old regions: 4->5
[2026-08-01T22:26:56.474+0900][1.586s][info ][gc,heap        ] GC(36) Archive regions: 0->0
[2026-08-01T22:26:56.474+0900][1.586s][info ][gc,heap        ] GC(36) Humongous regions: 0->0
[2026-08-01T22:26:56.474+0900][1.586s][info ][gc,metaspace   ] GC(36) Metaspace: 7554K(7872K)->7554K(7872K) NonClass: 6873K(7040K)->6873K(7040K) Class: 681K(832K)->681K(832K)
[2026-08-01T22:26:56.474+0900][1.586s][debug][gc,heap        ] GC(36) Heap after GC invocations=37 (full 30):
[2026-08-01T22:26:56.474+0900][1.587s][debug][gc,heap        ] GC(36)  garbage-first heap   total 458752K, used 121963K [0x0000027678000000, 0x000002ad78000000)
[2026-08-01T22:26:56.474+0900][1.587s][debug][gc,heap        ] GC(36)   region size 32768K, 1 young (32768K), 1 survivors (32768K)
[2026-08-01T22:26:56.474+0900][1.587s][debug][gc,heap        ] GC(36)  Metaspace       used 7554K, committed 7872K, reserved 1114112K
[2026-08-01T22:26:56.474+0900][1.587s][debug][gc,heap        ] GC(36)   class space    used 681K, committed 832K, reserved 1048576K
[2026-08-01T22:26:56.474+0900][1.587s][info ][gc             ] GC(36) Pause Young (Normal) (G1 Evacuation Pause) 143M->119M(448M) 6.177ms
[2026-08-01T22:26:56.474+0900][1.587s][info ][gc,cpu         ] GC(36) User=0.00s Sys=0.00s Real=0.01s
[2026-08-01T22:26:56.474+0900][1.587s][info ][safepoint      ] Safepoint "G1CollectForAllocation", Time since last: 108803900 ns, Reaching safepoint: 203200 ns, At safepoint: 6239800 ns, Total: 6443000 ns
[2026-08-01T22:26:56.513+0900][1.626s][info ][gc,start       ] GC(37) Pause Young (Normal) (G1 Evacuation Pause)
[2026-08-01T22:26:56.513+0900][1.626s][debug][gc,heap        ] GC(37) Heap before GC invocations=37 (full 30):
[2026-08-01T22:26:56.513+0900][1.626s][debug][gc,heap        ] GC(37)  garbage-first heap   total 458752K, used 154731K [0x0000027678000000, 0x000002ad78000000)
[2026-08-01T22:26:56.513+0900][1.626s][debug][gc,heap        ] GC(37)   region size 32768K, 2 young (65536K), 1 survivors (32768K)
[2026-08-01T22:26:56.513+0900][1.626s][debug][gc,heap        ] GC(37)  Metaspace       used 7567K, committed 7872K, reserved 1114112K
[2026-08-01T22:26:56.513+0900][1.626s][debug][gc,heap        ] GC(37)   class space    used 681K, committed 832K, reserved 1048576K
[2026-08-01T22:26:56.513+0900][1.626s][info ][gc,task        ] GC(37) Using 10 workers of 18 for evacuation
[2026-08-01T22:26:56.521+0900][1.634s][info ][gc,phases      ] GC(37)   Pre Evacuate Collection Set: 0.1ms
[2026-08-01T22:26:56.521+0900][1.634s][info ][gc,phases      ] GC(37)   Merge Heap Roots: 0.2ms
[2026-08-01T22:26:56.521+0900][1.634s][info ][gc,phases      ] GC(37)   Evacuate Collection Set: 6.0ms
[2026-08-01T22:26:56.521+0900][1.634s][info ][gc,phases      ] GC(37)   Post Evacuate Collection Set: 2.1ms
[2026-08-01T22:26:56.521+0900][1.634s][info ][gc,phases      ] GC(37)   Other: 0.1ms
[2026-08-01T22:26:56.521+0900][1.634s][info ][gc,heap        ] GC(37) Eden regions: 1->0(5)
[2026-08-01T22:26:56.521+0900][1.634s][info ][gc,heap        ] GC(37) Survivor regions: 1->1(1)
[2026-08-01T22:26:56.521+0900][1.634s][info ][gc,heap        ] GC(37) Old regions: 5->5
[2026-08-01T22:26:56.521+0900][1.634s][info ][gc,heap        ] GC(37) Archive regions: 0->0
[2026-08-01T22:26:56.521+0900][1.634s][info ][gc,heap        ] GC(37) Humongous regions: 0->0
[2026-08-01T22:26:56.521+0900][1.634s][info ][gc,metaspace   ] GC(37) Metaspace: 7567K(7872K)->7567K(7872K) NonClass: 6885K(7040K)->6885K(7040K) Class: 681K(832K)->681K(832K)
[2026-08-01T22:26:56.521+0900][1.634s][debug][gc,heap        ] GC(37) Heap after GC invocations=38 (full 30):
[2026-08-01T22:26:56.521+0900][1.634s][debug][gc,heap        ] GC(37)  garbage-first heap   total 1277952K, used 136946K [0x0000027678000000, 0x000002ad78000000)
[2026-08-01T22:26:56.521+0900][1.634s][debug][gc,heap        ] GC(37)   region size 32768K, 1 young (32768K), 1 survivors (32768K)
[2026-08-01T22:26:56.521+0900][1.634s][debug][gc,heap        ] GC(37)  Metaspace       used 7567K, committed 7872K, reserved 1114112K
[2026-08-01T22:26:56.521+0900][1.634s][debug][gc,heap        ] GC(37)   class space    used 681K, committed 832K, reserved 1048576K
[2026-08-01T22:26:56.521+0900][1.634s][info ][gc             ] GC(37) Pause Young (Normal) (G1 Evacuation Pause) 151M->133M(1248M) 8.688ms
[2026-08-01T22:26:56.521+0900][1.634s][info ][gc,cpu         ] GC(37) User=0.00s Sys=0.00s Real=0.01s
[2026-08-01T22:26:56.522+0900][1.634s][info ][safepoint      ] Safepoint "G1CollectForAllocation", Time since last: 38875800 ns, Reaching safepoint: 98100 ns, At safepoint: 8795600 ns, Total: 8893700 ns
[2026-08-01T22:26:56.641+0900][1.753s][info ][gc,start       ] GC(38) Pause Full (System.gc())
[2026-08-01T22:26:56.641+0900][1.753s][debug][gc,heap        ] GC(38) Heap before GC invocations=38 (full 30):
[2026-08-01T22:26:56.641+0900][1.753s][debug][gc,heap        ] GC(38)  garbage-first heap   total 1277952K, used 169714K [0x0000027678000000, 0x000002ad78000000)
[2026-08-01T22:26:56.641+0900][1.753s][debug][gc,heap        ] GC(38)   region size 32768K, 3 young (98304K), 1 survivors (32768K)
[2026-08-01T22:26:56.641+0900][1.753s][debug][gc,heap        ] GC(38)  Metaspace       used 7624K, committed 7872K, reserved 1114112K
[2026-08-01T22:26:56.641+0900][1.753s][debug][gc,heap        ] GC(38)   class space    used 686K, committed 832K, reserved 1048576K
[2026-08-01T22:26:56.641+0900][1.753s][info ][gc,task        ] GC(38) Using 2 workers of 18 for full compaction
[2026-08-01T22:26:56.641+0900][1.754s][info ][gc,phases,start] GC(38) Phase 1: Mark live objects
[2026-08-01T22:26:56.681+0900][1.794s][info ][gc,phases      ] GC(38) Phase 1: Mark live objects 40.683ms
[2026-08-01T22:26:56.681+0900][1.794s][info ][gc,phases,start] GC(38) Phase 2: Prepare for compaction
[2026-08-01T22:26:56.689+0900][1.801s][info ][gc,phases      ] GC(38) Phase 2: Prepare for compaction 7.091ms
[2026-08-01T22:26:56.689+0900][1.801s][info ][gc,phases,start] GC(38) Phase 3: Adjust pointers
[2026-08-01T22:26:56.709+0900][1.822s][info ][gc,phases      ] GC(38) Phase 3: Adjust pointers 20.300ms
[2026-08-01T22:26:56.709+0900][1.822s][info ][gc,phases,start] GC(38) Phase 4: Compact heap
[2026-08-01T22:26:56.715+0900][1.828s][info ][gc,phases      ] GC(38) Phase 4: Compact heap 6.613ms
[2026-08-01T22:26:56.719+0900][1.832s][debug][gc,heap        ] GC(38) Uncommittable regions after shrink: 29
[2026-08-01T22:26:56.720+0900][1.833s][info ][gc,heap        ] GC(38) Eden regions: 2->0(2)
[2026-08-01T22:26:56.720+0900][1.833s][info ][gc,heap        ] GC(38) Survivor regions: 1->0(1)
[2026-08-01T22:26:56.720+0900][1.833s][info ][gc,heap        ] GC(38) Old regions: 5->3
[2026-08-01T22:26:56.720+0900][1.833s][info ][gc,heap        ] GC(38) Archive regions: 0->0
[2026-08-01T22:26:56.720+0900][1.833s][info ][gc,heap        ] GC(38) Humongous regions: 0->0
[2026-08-01T22:26:56.720+0900][1.833s][info ][gc,metaspace   ] GC(38) Metaspace: 7624K(7872K)->7624K(7872K) NonClass: 6938K(7040K)->6938K(7040K) Class: 686K(832K)->686K(832K)
[2026-08-01T22:26:56.720+0900][1.833s][debug][gc,heap        ] GC(38) Heap after GC invocations=39 (full 31):
[2026-08-01T22:26:56.720+0900][1.833s][debug][gc,heap        ] GC(38)  garbage-first heap   total 327680K, used 86013K [0x0000027678000000, 0x000002ad78000000)
[2026-08-01T22:26:56.720+0900][1.833s][debug][gc,heap        ] GC(38)   region size 32768K, 0 young (0K), 0 survivors (0K)
[2026-08-01T22:26:56.720+0900][1.833s][debug][gc,heap        ] GC(38)  Metaspace       used 7624K, committed 7872K, reserved 1114112K
[2026-08-01T22:26:56.720+0900][1.833s][debug][gc,heap        ] GC(38)   class space    used 686K, committed 832K, reserved 1048576K
[2026-08-01T22:26:56.721+0900][1.833s][info ][gc             ] GC(38) Pause Full (System.gc()) 195M->83M(320M) 80.017ms
[2026-08-01T22:26:56.721+0900][1.833s][info ][gc,cpu         ] GC(38) User=0.12s Sys=0.02s Real=0.08s
[2026-08-01T22:26:56.721+0900][1.833s][info ][safepoint      ] Safepoint "G1CollectFull", Time since last: 118936800 ns, Reaching safepoint: 47400 ns, At safepoint: 80135300 ns, Total: 80182700 ns
[2026-08-01T22:26:56.748+0900][1.861s][info ][gc,start       ] GC(39) Pause Full (System.gc())
[2026-08-01T22:26:56.748+0900][1.861s][debug][gc,heap        ] GC(39) Heap before GC invocations=39 (full 31):
[2026-08-01T22:26:56.748+0900][1.861s][debug][gc,heap        ] GC(39)  garbage-first heap   total 327680K, used 86013K [0x0000027678000000, 0x000002ad78000000)
[2026-08-01T22:26:56.748+0900][1.861s][debug][gc,heap        ] GC(39)   region size 32768K, 1 young (32768K), 0 survivors (0K)
[2026-08-01T22:26:56.748+0900][1.861s][debug][gc,heap        ] GC(39)  Metaspace       used 7624K, committed 7872K, reserved 1114112K
[2026-08-01T22:26:56.748+0900][1.861s][debug][gc,heap        ] GC(39)   class space    used 686K, committed 832K, reserved 1048576K
[2026-08-01T22:26:56.748+0900][1.861s][info ][gc,task        ] GC(39) Using 1 workers of 18 for full compaction
[2026-08-01T22:26:56.748+0900][1.861s][info ][gc,phases,start] GC(39) Phase 1: Mark live objects
[2026-08-01T22:26:56.795+0900][1.908s][info ][gc,phases      ] GC(39) Phase 1: Mark live objects 47.304ms
[2026-08-01T22:26:56.795+0900][1.908s][info ][gc,phases,start] GC(39) Phase 2: Prepare for compaction
[2026-08-01T22:26:56.807+0900][1.920s][info ][gc,phases      ] GC(39) Phase 2: Prepare for compaction 11.928ms
[2026-08-01T22:26:56.807+0900][1.920s][info ][gc,phases,start] GC(39) Phase 3: Adjust pointers
[2026-08-01T22:26:56.831+0900][1.944s][info ][gc,phases      ] GC(39) Phase 3: Adjust pointers 24.005ms
[2026-08-01T22:26:56.831+0900][1.944s][info ][gc,phases,start] GC(39) Phase 4: Compact heap
[2026-08-01T22:26:56.843+0900][1.956s][info ][gc,phases      ] GC(39) Phase 4: Compact heap 11.351ms
[2026-08-01T22:26:56.844+0900][1.957s][debug][gc,heap        ] GC(39) Uncommittable regions after shrink: 3
[2026-08-01T22:26:56.845+0900][1.958s][info ][gc,heap        ] GC(39) Eden regions: 1->0(1)
[2026-08-01T22:26:56.845+0900][1.958s][info ][gc,heap        ] GC(39) Survivor regions: 0->0(1)
[2026-08-01T22:26:56.845+0900][1.958s][info ][gc,heap        ] GC(39) Old regions: 3->2
[2026-08-01T22:26:56.845+0900][1.958s][info ][gc,heap        ] GC(39) Archive regions: 0->0
[2026-08-01T22:26:56.845+0900][1.958s][info ][gc,heap        ] GC(39) Humongous regions: 0->0
[2026-08-01T22:26:56.845+0900][1.958s][info ][gc,metaspace   ] GC(39) Metaspace: 7624K(7872K)->7624K(7872K) NonClass: 6938K(7040K)->6938K(7040K) Class: 686K(832K)->686K(832K)
[2026-08-01T22:26:56.845+0900][1.958s][debug][gc,heap        ] GC(39) Heap after GC invocations=40 (full 32):
[2026-08-01T22:26:56.845+0900][1.958s][debug][gc,heap        ] GC(39)  garbage-first heap   total 229376K, used 48779K [0x0000027678000000, 0x000002ad78000000)
[2026-08-01T22:26:56.845+0900][1.958s][debug][gc,heap        ] GC(39)   region size 32768K, 0 young (0K), 0 survivors (0K)
[2026-08-01T22:26:56.845+0900][1.958s][debug][gc,heap        ] GC(39)  Metaspace       used 7624K, committed 7872K, reserved 1114112K
[2026-08-01T22:26:56.845+0900][1.958s][debug][gc,heap        ] GC(39)   class space    used 686K, committed 832K, reserved 1048576K
[2026-08-01T22:26:56.845+0900][1.958s][info ][gc             ] GC(39) Pause Full (System.gc()) 98M->47M(224M) 97.536ms
[2026-08-01T22:26:56.845+0900][1.958s][info ][gc,cpu         ] GC(39) User=0.09s Sys=0.00s Real=0.10s
[2026-08-01T22:26:56.845+0900][1.958s][info ][safepoint      ] Safepoint "G1CollectFull", Time since last: 27301200 ns, Reaching safepoint: 34100 ns, At safepoint: 97666400 ns, Total: 97700500 ns
[2026-08-01T22:26:56.884+0900][1.997s][info ][gc,start       ] GC(40) Pause Full (System.gc())
[2026-08-01T22:26:56.884+0900][1.998s][debug][gc,heap        ] GC(40) Heap before GC invocations=40 (full 32):
[2026-08-01T22:26:56.884+0900][1.998s][debug][gc,heap        ] GC(40)  garbage-first heap   total 229376K, used 48779K [0x0000027678000000, 0x000002ad78000000)
[2026-08-01T22:26:56.884+0900][1.998s][debug][gc,heap        ] GC(40)   region size 32768K, 1 young (32768K), 0 survivors (0K)
[2026-08-01T22:26:56.885+0900][1.998s][debug][gc,heap        ] GC(40)  Metaspace       used 7722K, committed 7936K, reserved 1114112K
[2026-08-01T22:26:56.885+0900][1.998s][debug][gc,heap        ] GC(40)   class space    used 692K, committed 832K, reserved 1048576K
[2026-08-01T22:26:56.885+0900][1.998s][info ][gc,task        ] GC(40) Using 1 workers of 18 for full compaction
[2026-08-01T22:26:56.885+0900][1.998s][info ][gc,phases,start] GC(40) Phase 1: Mark live objects
[2026-08-01T22:26:56.941+0900][2.054s][info ][gc,phases      ] GC(40) Phase 1: Mark live objects 56.096ms
[2026-08-01T22:26:56.941+0900][2.054s][info ][gc,phases,start] GC(40) Phase 2: Prepare for compaction
[2026-08-01T22:26:56.948+0900][2.061s][info ][gc,phases      ] GC(40) Phase 2: Prepare for compaction 7.072ms
[2026-08-01T22:26:56.948+0900][2.061s][info ][gc,phases,start] GC(40) Phase 3: Adjust pointers
[2026-08-01T22:26:56.971+0900][2.084s][info ][gc,phases      ] GC(40) Phase 3: Adjust pointers 23.394ms
[2026-08-01T22:26:56.971+0900][2.084s][info ][gc,phases,start] GC(40) Phase 4: Compact heap
[2026-08-01T22:26:56.977+0900][2.090s][info ][gc,phases      ] GC(40) Phase 4: Compact heap 5.992ms
[2026-08-01T22:26:56.979+0900][2.093s][info ][gc,heap        ] GC(40) Eden regions: 1->0(1)
[2026-08-01T22:26:56.979+0900][2.093s][info ][gc,heap        ] GC(40) Survivor regions: 0->0(1)
[2026-08-01T22:26:56.979+0900][2.093s][info ][gc,heap        ] GC(40) Old regions: 2->2
[2026-08-01T22:26:56.979+0900][2.093s][info ][gc,heap        ] GC(40) Archive regions: 0->0
[2026-08-01T22:26:56.979+0900][2.093s][info ][gc,heap        ] GC(40) Humongous regions: 0->0
[2026-08-01T22:26:56.979+0900][2.093s][info ][gc,metaspace   ] GC(40) Metaspace: 7722K(7936K)->7722K(7936K) NonClass: 7029K(7104K)->7029K(7104K) Class: 692K(832K)->692K(832K)
[2026-08-01T22:26:56.980+0900][2.093s][debug][gc,heap        ] GC(40) Heap after GC invocations=41 (full 33):
[2026-08-01T22:26:56.980+0900][2.093s][debug][gc,heap        ] GC(40)  garbage-first heap   total 229376K, used 55591K [0x0000027678000000, 0x000002ad78000000)
[2026-08-01T22:26:56.980+0900][2.093s][debug][gc,heap        ] GC(40)   region size 32768K, 0 young (0K), 0 survivors (0K)
[2026-08-01T22:26:56.980+0900][2.093s][debug][gc,heap        ] GC(40)  Metaspace       used 7722K, committed 7936K, reserved 1114112K
[2026-08-01T22:26:56.980+0900][2.093s][debug][gc,heap        ] GC(40)   class space    used 692K, committed 832K, reserved 1048576K
[2026-08-01T22:26:56.980+0900][2.093s][info ][gc             ] GC(40) Pause Full (System.gc()) 69M->54M(224M) 95.186ms
[2026-08-01T22:26:56.980+0900][2.093s][info ][gc,cpu         ] GC(40) User=0.12s Sys=0.00s Real=0.10s
[2026-08-01T22:26:56.980+0900][2.093s][info ][safepoint      ] Safepoint "G1CollectFull", Time since last: 38951000 ns, Reaching safepoint: 40700 ns, At safepoint: 95348200 ns, Total: 95388900 ns
[2026-08-01T22:26:57.020+0900][2.133s][info ][gc,start       ] GC(41) Pause Young (Normal) (G1 Evacuation Pause)
[2026-08-01T22:26:57.020+0900][2.133s][debug][gc,heap        ] GC(41) Heap before GC invocations=41 (full 33):
[2026-08-01T22:26:57.020+0900][2.133s][debug][gc,heap        ] GC(41)  garbage-first heap   total 229376K, used 88359K [0x0000027678000000, 0x000002ad78000000)
[2026-08-01T22:26:57.020+0900][2.134s][debug][gc,heap        ] GC(41)   region size 32768K, 1 young (32768K), 0 survivors (0K)
[2026-08-01T22:26:57.020+0900][2.134s][debug][gc,heap        ] GC(41)  Metaspace       used 7740K, committed 8000K, reserved 1114112K
[2026-08-01T22:26:57.020+0900][2.134s][debug][gc,heap        ] GC(41)   class space    used 695K, committed 832K, reserved 1048576K
[2026-08-01T22:26:57.020+0900][2.134s][info ][gc,task        ] GC(41) Using 5 workers of 18 for evacuation
[2026-08-01T22:26:57.030+0900][2.143s][info ][gc,phases      ] GC(41)   Pre Evacuate Collection Set: 0.1ms
[2026-08-01T22:26:57.030+0900][2.143s][info ][gc,phases      ] GC(41)   Merge Heap Roots: 0.1ms
[2026-08-01T22:26:57.030+0900][2.143s][info ][gc,phases      ] GC(41)   Evacuate Collection Set: 8.6ms
[2026-08-01T22:26:57.030+0900][2.143s][info ][gc,phases      ] GC(41)   Post Evacuate Collection Set: 0.2ms
[2026-08-01T22:26:57.030+0900][2.143s][info ][gc,phases      ] GC(41)   Other: 0.1ms
[2026-08-01T22:26:57.030+0900][2.143s][info ][gc,heap        ] GC(41) Eden regions: 1->0(1)
[2026-08-01T22:26:57.030+0900][2.143s][info ][gc,heap        ] GC(41) Survivor regions: 0->1(1)
[2026-08-01T22:26:57.030+0900][2.143s][info ][gc,heap        ] GC(41) Old regions: 2->2
[2026-08-01T22:26:57.030+0900][2.143s][info ][gc,heap        ] GC(41) Archive regions: 0->0
[2026-08-01T22:26:57.030+0900][2.143s][info ][gc,heap        ] GC(41) Humongous regions: 0->0
[2026-08-01T22:26:57.030+0900][2.143s][info ][gc,metaspace   ] GC(41) Metaspace: 7740K(8000K)->7740K(8000K) NonClass: 7045K(7168K)->7045K(7168K) Class: 695K(832K)->695K(832K)
[2026-08-01T22:26:57.030+0900][2.143s][debug][gc,heap        ] GC(41) Heap after GC invocations=42 (full 33):
[2026-08-01T22:26:57.030+0900][2.143s][debug][gc,heap        ] GC(41)  garbage-first heap   total 229376K, used 71251K [0x0000027678000000, 0x000002ad78000000)
[2026-08-01T22:26:57.030+0900][2.143s][debug][gc,heap        ] GC(41)   region size 32768K, 1 young (32768K), 1 survivors (32768K)
[2026-08-01T22:26:57.030+0900][2.143s][debug][gc,heap        ] GC(41)  Metaspace       used 7740K, committed 8000K, reserved 1114112K
[2026-08-01T22:26:57.030+0900][2.143s][debug][gc,heap        ] GC(41)   class space    used 695K, committed 832K, reserved 1048576K
[2026-08-01T22:26:57.030+0900][2.143s][info ][gc             ] GC(41) Pause Young (Normal) (G1 Evacuation Pause) 86M->69M(224M) 9.365ms
[2026-08-01T22:26:57.030+0900][2.143s][info ][gc,cpu         ] GC(41) User=0.08s Sys=0.00s Real=0.01s
[2026-08-01T22:26:57.030+0900][2.143s][info ][safepoint      ] Safepoint "G1CollectForAllocation", Time since last: 40560400 ns, Reaching safepoint: 23600 ns, At safepoint: 9427100 ns, Total: 9450700 ns
[2026-08-01T22:26:57.062+0900][2.175s][info ][gc,start       ] GC(42) Pause Young (Normal) (G1 Evacuation Pause)
[2026-08-01T22:26:57.062+0900][2.175s][debug][gc,heap        ] GC(42) Heap before GC invocations=42 (full 33):
[2026-08-01T22:26:57.062+0900][2.175s][debug][gc,heap        ] GC(42)  garbage-first heap   total 229376K, used 104019K [0x0000027678000000, 0x000002ad78000000)
[2026-08-01T22:26:57.062+0900][2.175s][debug][gc,heap        ] GC(42)   region size 32768K, 2 young (65536K), 1 survivors (32768K)
[2026-08-01T22:26:57.062+0900][2.175s][debug][gc,heap        ] GC(42)  Metaspace       used 7845K, committed 8192K, reserved 1114112K
[2026-08-01T22:26:57.062+0900][2.175s][debug][gc,heap        ] GC(42)   class space    used 710K, committed 896K, reserved 1048576K
[2026-08-01T22:26:57.062+0900][2.175s][info ][gc,task        ] GC(42) Using 5 workers of 18 for evacuation
[2026-08-01T22:26:57.074+0900][2.187s][info ][gc,phases      ] GC(42)   Pre Evacuate Collection Set: 0.1ms
[2026-08-01T22:26:57.074+0900][2.187s][info ][gc,phases      ] GC(42)   Merge Heap Roots: 0.2ms
[2026-08-01T22:26:57.074+0900][2.187s][info ][gc,phases      ] GC(42)   Evacuate Collection Set: 11.5ms
[2026-08-01T22:26:57.074+0900][2.187s][info ][gc,phases      ] GC(42)   Post Evacuate Collection Set: 0.3ms
[2026-08-01T22:26:57.074+0900][2.187s][info ][gc,phases      ] GC(42)   Other: 0.1ms
[2026-08-01T22:26:57.074+0900][2.187s][info ][gc,heap        ] GC(42) Eden regions: 1->0(1)
[2026-08-01T22:26:57.074+0900][2.187s][info ][gc,heap        ] GC(42) Survivor regions: 1->1(1)
[2026-08-01T22:26:57.074+0900][2.187s][info ][gc,heap        ] GC(42) Old regions: 2->2
[2026-08-01T22:26:57.074+0900][2.187s][info ][gc,heap        ] GC(42) Archive regions: 0->0
[2026-08-01T22:26:57.074+0900][2.187s][info ][gc,heap        ] GC(42) Humongous regions: 0->0
[2026-08-01T22:26:57.074+0900][2.188s][info ][gc,metaspace   ] GC(42) Metaspace: 7845K(8192K)->7845K(8192K) NonClass: 7134K(7296K)->7134K(7296K) Class: 710K(896K)->710K(896K)
[2026-08-01T22:26:57.074+0900][2.188s][debug][gc,heap        ] GC(42) Heap after GC invocations=43 (full 33):
[2026-08-01T22:26:57.074+0900][2.188s][debug][gc,heap        ] GC(42)  garbage-first heap   total 229376K, used 83414K [0x0000027678000000, 0x000002ad78000000)
[2026-08-01T22:26:57.074+0900][2.188s][debug][gc,heap        ] GC(42)   region size 32768K, 1 young (32768K), 1 survivors (32768K)
[2026-08-01T22:26:57.074+0900][2.188s][debug][gc,heap        ] GC(42)  Metaspace       used 7845K, committed 8192K, reserved 1114112K
[2026-08-01T22:26:57.074+0900][2.188s][debug][gc,heap        ] GC(42)   class space    used 710K, committed 896K, reserved 1048576K
[2026-08-01T22:26:57.075+0900][2.188s][info ][gc             ] GC(42) Pause Young (Normal) (G1 Evacuation Pause) 101M->81M(224M) 12.530ms
[2026-08-01T22:26:57.075+0900][2.188s][info ][gc,cpu         ] GC(42) User=0.02s Sys=0.00s Real=0.01s
[2026-08-01T22:26:57.075+0900][2.188s][info ][safepoint      ] Safepoint "G1CollectForAllocation", Time since last: 32078500 ns, Reaching safepoint: 106400 ns, At safepoint: 12582300 ns, Total: 12688700 ns
[2026-08-01T22:26:57.081+0900][2.194s][debug][gc,heap        ] Concurrent Uncommit Summary: 1024M, 32 regions, 20.428ms
[2026-08-01T22:26:57.092+0900][2.205s][info ][gc,start       ] GC(43) Pause Young (Normal) (G1 Evacuation Pause)
[2026-08-01T22:26:57.092+0900][2.205s][debug][gc,heap        ] GC(43) Heap before GC invocations=43 (full 33):
[2026-08-01T22:26:57.092+0900][2.205s][debug][gc,heap        ] GC(43)  garbage-first heap   total 229376K, used 116182K [0x0000027678000000, 0x000002ad78000000)
[2026-08-01T22:26:57.092+0900][2.205s][debug][gc,heap        ] GC(43)   region size 32768K, 2 young (65536K), 1 survivors (32768K)
[2026-08-01T22:26:57.092+0900][2.205s][debug][gc,heap        ] GC(43)  Metaspace       used 7845K, committed 8192K, reserved 1114112K
[2026-08-01T22:26:57.092+0900][2.205s][debug][gc,heap        ] GC(43)   class space    used 710K, committed 896K, reserved 1048576K
[2026-08-01T22:26:57.092+0900][2.205s][info ][gc,task        ] GC(43) Using 5 workers of 18 for evacuation
[2026-08-01T22:26:57.109+0900][2.222s][info ][gc,phases      ] GC(43)   Pre Evacuate Collection Set: 0.1ms
[2026-08-01T22:26:57.109+0900][2.222s][info ][gc,phases      ] GC(43)   Merge Heap Roots: 0.2ms
[2026-08-01T22:26:57.109+0900][2.222s][info ][gc,phases      ] GC(43)   Evacuate Collection Set: 16.2ms
[2026-08-01T22:26:57.109+0900][2.222s][info ][gc,phases      ] GC(43)   Post Evacuate Collection Set: 0.3ms
[2026-08-01T22:26:57.109+0900][2.222s][info ][gc,phases      ] GC(43)   Other: 0.1ms
[2026-08-01T22:26:57.109+0900][2.222s][info ][gc,heap        ] GC(43) Eden regions: 1->0(1)
[2026-08-01T22:26:57.109+0900][2.222s][info ][gc,heap        ] GC(43) Survivor regions: 1->1(1)
[2026-08-01T22:26:57.109+0900][2.222s][info ][gc,heap        ] GC(43) Old regions: 2->3
[2026-08-01T22:26:57.109+0900][2.222s][info ][gc,heap        ] GC(43) Archive regions: 0->0
[2026-08-01T22:26:57.109+0900][2.222s][info ][gc,heap        ] GC(43) Humongous regions: 0->0
[2026-08-01T22:26:57.109+0900][2.222s][info ][gc,metaspace   ] GC(43) Metaspace: 7845K(8192K)->7845K(8192K) NonClass: 7134K(7296K)->7134K(7296K) Class: 710K(896K)->710K(896K)
[2026-08-01T22:26:57.109+0900][2.222s][debug][gc,heap        ] GC(43) Heap after GC invocations=44 (full 33):
[2026-08-01T22:26:57.109+0900][2.222s][debug][gc,heap        ] GC(43)  garbage-first heap   total 229376K, used 101727K [0x0000027678000000, 0x000002ad78000000)
[2026-08-01T22:26:57.109+0900][2.222s][debug][gc,heap        ] GC(43)   region size 32768K, 1 young (32768K), 1 survivors (32768K)
[2026-08-01T22:26:57.109+0900][2.222s][debug][gc,heap        ] GC(43)  Metaspace       used 7845K, committed 8192K, reserved 1114112K
[2026-08-01T22:26:57.109+0900][2.222s][debug][gc,heap        ] GC(43)   class space    used 710K, committed 896K, reserved 1048576K
[2026-08-01T22:26:57.109+0900][2.222s][info ][gc             ] GC(43) Pause Young (Normal) (G1 Evacuation Pause) 113M->99M(224M) 17.180ms
[2026-08-01T22:26:57.109+0900][2.222s][info ][gc,cpu         ] GC(43) User=0.06s Sys=0.02s Real=0.02s
[2026-08-01T22:26:57.109+0900][2.222s][info ][safepoint      ] Safepoint "G1CollectForAllocation", Time since last: 17098600 ns, Reaching safepoint: 107800 ns, At safepoint: 17236900 ns, Total: 17344700 ns
[2026-08-01T22:26:57.145+0900][2.258s][info ][gc,start       ] GC(44) Pause Young (Normal) (G1 Evacuation Pause)
[2026-08-01T22:26:57.145+0900][2.258s][debug][gc,heap        ] GC(44) Heap before GC invocations=44 (full 33):
[2026-08-01T22:26:57.145+0900][2.258s][debug][gc,heap        ] GC(44)  garbage-first heap   total 229376K, used 134495K [0x0000027678000000, 0x000002ad78000000)
[2026-08-01T22:26:57.145+0900][2.258s][debug][gc,heap        ] GC(44)   region size 32768K, 2 young (65536K), 1 survivors (32768K)
[2026-08-01T22:26:57.145+0900][2.258s][debug][gc,heap        ] GC(44)  Metaspace       used 7915K, committed 8256K, reserved 1114112K
[2026-08-01T22:26:57.145+0900][2.258s][debug][gc,heap        ] GC(44)   class space    used 714K, committed 896K, reserved 1048576K
[2026-08-01T22:26:57.145+0900][2.258s][info ][gc,task        ] GC(44) Using 5 workers of 18 for evacuation
[2026-08-01T22:26:57.163+0900][2.276s][info ][gc,phases      ] GC(44)   Pre Evacuate Collection Set: 0.1ms
[2026-08-01T22:26:57.163+0900][2.277s][info ][gc,phases      ] GC(44)   Merge Heap Roots: 0.2ms
[2026-08-01T22:26:57.163+0900][2.277s][info ][gc,phases      ] GC(44)   Evacuate Collection Set: 16.2ms
[2026-08-01T22:26:57.163+0900][2.277s][info ][gc,phases      ] GC(44)   Post Evacuate Collection Set: 2.2ms
[2026-08-01T22:26:57.163+0900][2.277s][info ][gc,phases      ] GC(44)   Other: 0.1ms
[2026-08-01T22:26:57.163+0900][2.277s][info ][gc,heap        ] GC(44) Eden regions: 1->0(6)
[2026-08-01T22:26:57.164+0900][2.277s][info ][gc,heap        ] GC(44) Survivor regions: 1->1(1)
[2026-08-01T22:26:57.164+0900][2.277s][info ][gc,heap        ] GC(44) Old regions: 3->4
[2026-08-01T22:26:57.164+0900][2.277s][info ][gc,heap        ] GC(44) Archive regions: 0->0
[2026-08-01T22:26:57.164+0900][2.277s][info ][gc,heap        ] GC(44) Humongous regions: 0->0
[2026-08-01T22:26:57.164+0900][2.277s][info ][gc,metaspace   ] GC(44) Metaspace: 7915K(8256K)->7915K(8256K) NonClass: 7200K(7360K)->7200K(7360K) Class: 714K(896K)->714K(896K)
[2026-08-01T22:26:57.164+0900][2.277s][debug][gc,heap        ] GC(44) Heap after GC invocations=45 (full 33):
[2026-08-01T22:26:57.164+0900][2.277s][debug][gc,heap        ] GC(44)  garbage-first heap   total 1179648K, used 121089K [0x0000027678000000, 0x000002ad78000000)
[2026-08-01T22:26:57.164+0900][2.277s][debug][gc,heap        ] GC(44)   region size 32768K, 1 young (32768K), 1 survivors (32768K)
[2026-08-01T22:26:57.164+0900][2.277s][debug][gc,heap        ] GC(44)  Metaspace       used 7915K, committed 8256K, reserved 1114112K
[2026-08-01T22:26:57.164+0900][2.277s][debug][gc,heap        ] GC(44)   class space    used 714K, committed 896K, reserved 1048576K
[2026-08-01T22:26:57.164+0900][2.277s][info ][gc             ] GC(44) Pause Young (Normal) (G1 Evacuation Pause) 131M->118M(1152M) 19.007ms
[2026-08-01T22:26:57.164+0900][2.277s][info ][gc,cpu         ] GC(44) User=0.08s Sys=0.00s Real=0.02s
[2026-08-01T22:26:57.164+0900][2.277s][info ][safepoint      ] Safepoint "G1CollectForAllocation", Time since last: 35526800 ns, Reaching safepoint: 82700 ns, At safepoint: 19112300 ns, Total: 19195000 ns
[2026-08-01T22:26:57.377+0900][2.490s][info ][gc,start       ] GC(45) Pause Young (Normal) (G1 Evacuation Pause)
[2026-08-01T22:26:57.377+0900][2.490s][debug][gc,heap        ] GC(45) Heap before GC invocations=45 (full 33):
[2026-08-01T22:26:57.377+0900][2.490s][debug][gc,heap        ] GC(45)  garbage-first heap   total 1179648K, used 317697K [0x0000027678000000, 0x000002ad78000000)
[2026-08-01T22:26:57.377+0900][2.490s][debug][gc,heap        ] GC(45)   region size 32768K, 7 young (229376K), 1 survivors (32768K)
[2026-08-01T22:26:57.377+0900][2.490s][debug][gc,heap        ] GC(45)  Metaspace       used 8139K, committed 8448K, reserved 1114112K
[2026-08-01T22:26:57.377+0900][2.490s][debug][gc,heap        ] GC(45)   class space    used 717K, committed 896K, reserved 1048576K
[2026-08-01T22:26:57.377+0900][2.490s][info ][gc,task        ] GC(45) Using 18 workers of 18 for evacuation
[2026-08-01T22:26:57.393+0900][2.506s][info ][gc,phases      ] GC(45)   Pre Evacuate Collection Set: 0.1ms
[2026-08-01T22:26:57.393+0900][2.506s][info ][gc,phases      ] GC(45)   Merge Heap Roots: 0.3ms
[2026-08-01T22:26:57.393+0900][2.506s][info ][gc,phases      ] GC(45)   Evacuate Collection Set: 14.5ms
[2026-08-01T22:26:57.393+0900][2.506s][info ][gc,phases      ] GC(45)   Post Evacuate Collection Set: 0.4ms
[2026-08-01T22:26:57.393+0900][2.506s][info ][gc,phases      ] GC(45)   Other: 0.4ms
[2026-08-01T22:26:57.393+0900][2.506s][info ][gc,heap        ] GC(45) Eden regions: 6->0(6)
[2026-08-01T22:26:57.393+0900][2.506s][info ][gc,heap        ] GC(45) Survivor regions: 1->1(1)
[2026-08-01T22:26:57.393+0900][2.506s][info ][gc,heap        ] GC(45) Old regions: 4->5
[2026-08-01T22:26:57.393+0900][2.506s][info ][gc,heap        ] GC(45) Archive regions: 0->0
[2026-08-01T22:26:57.393+0900][2.506s][info ][gc,heap        ] GC(45) Humongous regions: 0->0
[2026-08-01T22:26:57.393+0900][2.506s][info ][gc,metaspace   ] GC(45) Metaspace: 8139K(8448K)->8139K(8448K) NonClass: 7421K(7552K)->7421K(7552K) Class: 717K(896K)->717K(896K)
[2026-08-01T22:26:57.393+0900][2.506s][debug][gc,heap        ] GC(45) Heap after GC invocations=46 (full 33):
[2026-08-01T22:26:57.393+0900][2.506s][debug][gc,heap        ] GC(45)  garbage-first heap   total 1179648K, used 182840K [0x0000027678000000, 0x000002ad78000000)
[2026-08-01T22:26:57.393+0900][2.506s][debug][gc,heap        ] GC(45)   region size 32768K, 1 young (32768K), 1 survivors (32768K)
[2026-08-01T22:26:57.393+0900][2.506s][debug][gc,heap        ] GC(45)  Metaspace       used 8139K, committed 8448K, reserved 1114112K
[2026-08-01T22:26:57.393+0900][2.506s][debug][gc,heap        ] GC(45)   class space    used 717K, committed 896K, reserved 1048576K
[2026-08-01T22:26:57.393+0900][2.506s][info ][gc             ] GC(45) Pause Young (Normal) (G1 Evacuation Pause) 310M->178M(1152M) 16.022ms
[2026-08-01T22:26:57.393+0900][2.506s][info ][gc,cpu         ] GC(45) User=0.30s Sys=0.00s Real=0.02s
[2026-08-01T22:26:57.393+0900][2.506s][info ][safepoint      ] Safepoint "G1CollectForAllocation", Time since last: 213084400 ns, Reaching safepoint: 95100 ns, At safepoint: 16079500 ns, Total: 16174600 ns
[2026-08-01T22:26:57.635+0900][2.748s][info ][gc,start       ] GC(46) Pause Young (Normal) (G1 Evacuation Pause)
[2026-08-01T22:26:57.635+0900][2.748s][debug][gc,heap        ] GC(46) Heap before GC invocations=46 (full 33):
[2026-08-01T22:26:57.635+0900][2.748s][debug][gc,heap        ] GC(46)  garbage-first heap   total 1179648K, used 379448K [0x0000027678000000, 0x000002ad78000000)
[2026-08-01T22:26:57.635+0900][2.748s][debug][gc,heap        ] GC(46)   region size 32768K, 7 young (229376K), 1 survivors (32768K)
[2026-08-01T22:26:57.635+0900][2.748s][debug][gc,heap        ] GC(46)  Metaspace       used 8169K, committed 8448K, reserved 1114112K
[2026-08-01T22:26:57.635+0900][2.748s][debug][gc,heap        ] GC(46)   class space    used 719K, committed 896K, reserved 1048576K
[2026-08-01T22:26:57.635+0900][2.749s][info ][gc,task        ] GC(46) Using 18 workers of 18 for evacuation
[2026-08-01T22:26:57.656+0900][2.769s][info ][gc,phases      ] GC(46)   Pre Evacuate Collection Set: 0.1ms
[2026-08-01T22:26:57.656+0900][2.770s][info ][gc,phases      ] GC(46)   Merge Heap Roots: 0.6ms
[2026-08-01T22:26:57.656+0900][2.770s][info ][gc,phases      ] GC(46)   Evacuate Collection Set: 19.8ms
[2026-08-01T22:26:57.656+0900][2.770s][info ][gc,phases      ] GC(46)   Post Evacuate Collection Set: 0.4ms
[2026-08-01T22:26:57.656+0900][2.770s][info ][gc,phases      ] GC(46)   Other: 0.1ms
[2026-08-01T22:26:57.656+0900][2.770s][info ][gc,heap        ] GC(46) Eden regions: 6->0(6)
[2026-08-01T22:26:57.656+0900][2.770s][info ][gc,heap        ] GC(46) Survivor regions: 1->1(1)
[2026-08-01T22:26:57.657+0900][2.770s][info ][gc,heap        ] GC(46) Old regions: 5->8
[2026-08-01T22:26:57.657+0900][2.770s][info ][gc,heap        ] GC(46) Archive regions: 0->0
[2026-08-01T22:26:57.657+0900][2.770s][info ][gc,heap        ] GC(46) Humongous regions: 0->0
[2026-08-01T22:26:57.657+0900][2.770s][info ][gc,metaspace   ] GC(46) Metaspace: 8169K(8448K)->8169K(8448K) NonClass: 7450K(7552K)->7450K(7552K) Class: 719K(896K)->719K(896K)
[2026-08-01T22:26:57.657+0900][2.770s][debug][gc,heap        ] GC(46) Heap after GC invocations=47 (full 33):
[2026-08-01T22:26:57.657+0900][2.770s][debug][gc,heap        ] GC(46)  garbage-first heap   total 1179648K, used 258051K [0x0000027678000000, 0x000002ad78000000)
[2026-08-01T22:26:57.657+0900][2.770s][debug][gc,heap        ] GC(46)   region size 32768K, 1 young (32768K), 1 survivors (32768K)
[2026-08-01T22:26:57.657+0900][2.770s][debug][gc,heap        ] GC(46)  Metaspace       used 8169K, committed 8448K, reserved 1114112K
[2026-08-01T22:26:57.657+0900][2.770s][debug][gc,heap        ] GC(46)   class space    used 719K, committed 896K, reserved 1048576K
[2026-08-01T22:26:57.657+0900][2.770s][info ][gc             ] GC(46) Pause Young (Normal) (G1 Evacuation Pause) 370M->252M(1152M) 21.303ms
[2026-08-01T22:26:57.657+0900][2.770s][info ][gc,cpu         ] GC(46) User=0.61s Sys=0.00s Real=0.02s
[2026-08-01T22:26:57.657+0900][2.770s][info ][safepoint      ] Safepoint "G1CollectForAllocation", Time since last: 242208400 ns, Reaching safepoint: 108900 ns, At safepoint: 21366000 ns, Total: 21474900 ns
[2026-08-01T22:26:57.775+0900][2.888s][info ][gc,start       ] GC(47) Pause Young (Normal) (G1 Evacuation Pause)
[2026-08-01T22:26:57.775+0900][2.888s][debug][gc,heap        ] GC(47) Heap before GC invocations=47 (full 33):
[2026-08-01T22:26:57.775+0900][2.888s][debug][gc,heap        ] GC(47)  garbage-first heap   total 1179648K, used 454659K [0x0000027678000000, 0x000002ad78000000)
[2026-08-01T22:26:57.775+0900][2.888s][debug][gc,heap        ] GC(47)   region size 32768K, 7 young (229376K), 1 survivors (32768K)
[2026-08-01T22:26:57.775+0900][2.888s][debug][gc,heap        ] GC(47)  Metaspace       used 8188K, committed 8512K, reserved 1114112K
[2026-08-01T22:26:57.775+0900][2.889s][debug][gc,heap        ] GC(47)   class space    used 719K, committed 896K, reserved 1048576K
[2026-08-01T22:26:57.775+0900][2.889s][info ][gc,task        ] GC(47) Using 18 workers of 18 for evacuation
[2026-08-01T22:26:57.802+0900][2.915s][info ][gc,phases      ] GC(47)   Pre Evacuate Collection Set: 0.1ms
[2026-08-01T22:26:57.802+0900][2.915s][info ][gc,phases      ] GC(47)   Merge Heap Roots: 0.8ms
[2026-08-01T22:26:57.802+0900][2.915s][info ][gc,phases      ] GC(47)   Evacuate Collection Set: 25.6ms
[2026-08-01T22:26:57.802+0900][2.915s][info ][gc,phases      ] GC(47)   Post Evacuate Collection Set: 0.3ms
[2026-08-01T22:26:57.802+0900][2.915s][info ][gc,phases      ] GC(47)   Other: 0.1ms
[2026-08-01T22:26:57.802+0900][2.915s][info ][gc,heap        ] GC(47) Eden regions: 6->0(6)
[2026-08-01T22:26:57.802+0900][2.915s][info ][gc,heap        ] GC(47) Survivor regions: 1->1(1)
[2026-08-01T22:26:57.802+0900][2.915s][info ][gc,heap        ] GC(47) Old regions: 8->12
[2026-08-01T22:26:57.802+0900][2.915s][info ][gc,heap        ] GC(47) Archive regions: 0->0
[2026-08-01T22:26:57.802+0900][2.915s][info ][gc,heap        ] GC(47) Humongous regions: 0->0
[2026-08-01T22:26:57.802+0900][2.916s][info ][gc,metaspace   ] GC(47) Metaspace: 8188K(8512K)->8188K(8512K) NonClass: 7468K(7616K)->7468K(7616K) Class: 719K(896K)->719K(896K)
[2026-08-01T22:26:57.802+0900][2.916s][debug][gc,heap        ] GC(47) Heap after GC invocations=48 (full 33):
[2026-08-01T22:26:57.802+0900][2.916s][debug][gc,heap        ] GC(47)  garbage-first heap   total 1179648K, used 385330K [0x0000027678000000, 0x000002ad78000000)
[2026-08-01T22:26:57.802+0900][2.916s][debug][gc,heap        ] GC(47)   region size 32768K, 1 young (32768K), 1 survivors (32768K)
[2026-08-01T22:26:57.802+0900][2.916s][debug][gc,heap        ] GC(47)  Metaspace       used 8188K, committed 8512K, reserved 1114112K
[2026-08-01T22:26:57.802+0900][2.916s][debug][gc,heap        ] GC(47)   class space    used 719K, committed 896K, reserved 1048576K
[2026-08-01T22:26:57.803+0900][2.916s][info ][gc             ] GC(47) Pause Young (Normal) (G1 Evacuation Pause) 444M->376M(1152M) 27.206ms
[2026-08-01T22:26:57.803+0900][2.916s][info ][gc,cpu         ] GC(47) User=0.56s Sys=0.00s Real=0.03s
[2026-08-01T22:26:57.803+0900][2.916s][info ][safepoint      ] Safepoint "G1CollectForAllocation", Time since last: 118510100 ns, Reaching safepoint: 129400 ns, At safepoint: 27258500 ns, Total: 27387900 ns
[2026-08-01T22:26:57.933+0900][3.046s][info ][gc,start       ] GC(48) Pause Full (System.gc())
[2026-08-01T22:26:57.933+0900][3.047s][debug][gc,heap        ] GC(48) Heap before GC invocations=48 (full 33):
[2026-08-01T22:26:57.933+0900][3.047s][debug][gc,heap        ] GC(48)  garbage-first heap   total 1179648K, used 516402K [0x0000027678000000, 0x000002ad78000000)
[2026-08-01T22:26:57.933+0900][3.047s][debug][gc,heap        ] GC(48)   region size 32768K, 6 young (196608K), 1 survivors (32768K)
[2026-08-01T22:26:57.933+0900][3.047s][debug][gc,heap        ] GC(48)  Metaspace       used 8240K, committed 8576K, reserved 1114112K
[2026-08-01T22:26:57.933+0900][3.047s][debug][gc,heap        ] GC(48)   class space    used 724K, committed 896K, reserved 1048576K
[2026-08-01T22:26:57.934+0900][3.047s][info ][gc,task        ] GC(48) Using 2 workers of 18 for full compaction
[2026-08-01T22:26:57.934+0900][3.047s][info ][gc,phases,start] GC(48) Phase 1: Mark live objects
[2026-08-01T22:26:58.089+0900][3.202s][info ][gc,phases      ] GC(48) Phase 1: Mark live objects 154.950ms
[2026-08-01T22:26:58.089+0900][3.202s][info ][gc,phases,start] GC(48) Phase 2: Prepare for compaction
[2026-08-01T22:26:58.124+0900][3.237s][info ][gc,phases      ] GC(48) Phase 2: Prepare for compaction 35.514ms
[2026-08-01T22:26:58.124+0900][3.237s][info ][gc,phases,start] GC(48) Phase 3: Adjust pointers
[2026-08-01T22:26:58.230+0900][3.343s][info ][gc,phases      ] GC(48) Phase 3: Adjust pointers 105.834ms
[2026-08-01T22:26:58.230+0900][3.343s][info ][gc,phases,start] GC(48) Phase 4: Compact heap
[2026-08-01T22:26:58.262+0900][3.375s][info ][gc,phases      ] GC(48) Phase 4: Compact heap 31.671ms
[2026-08-01T22:26:58.268+0900][3.381s][debug][gc,heap        ] GC(48) Uncommittable regions after shrink: 2
[2026-08-01T22:26:58.270+0900][3.383s][info ][gc,heap        ] GC(48) Eden regions: 5->0(6)
[2026-08-01T22:26:58.270+0900][3.383s][info ][gc,heap        ] GC(48) Survivor regions: 1->0(1)
[2026-08-01T22:26:58.270+0900][3.383s][info ][gc,heap        ] GC(48) Old regions: 12->10
[2026-08-01T22:26:58.270+0900][3.383s][info ][gc,heap        ] GC(48) Archive regions: 0->0
[2026-08-01T22:26:58.270+0900][3.383s][info ][gc,heap        ] GC(48) Humongous regions: 0->0
[2026-08-01T22:26:58.270+0900][3.383s][info ][gc,metaspace   ] GC(48) Metaspace: 8240K(8576K)->8240K(8576K) NonClass: 7516K(7680K)->7516K(7680K) Class: 724K(896K)->724K(896K)
[2026-08-01T22:26:58.270+0900][3.383s][debug][gc,heap        ] GC(48) Heap after GC invocations=49 (full 34):
[2026-08-01T22:26:58.270+0900][3.383s][debug][gc,heap        ] GC(48)  garbage-first heap   total 1114112K, used 290080K [0x0000027678000000, 0x000002ad78000000)
[2026-08-01T22:26:58.270+0900][3.383s][debug][gc,heap        ] GC(48)   region size 32768K, 0 young (0K), 0 survivors (0K)
[2026-08-01T22:26:58.270+0900][3.383s][debug][gc,heap        ] GC(48)  Metaspace       used 8240K, committed 8576K, reserved 1114112K
[2026-08-01T22:26:58.270+0900][3.383s][debug][gc,heap        ] GC(48)   class space    used 724K, committed 896K, reserved 1048576K
[2026-08-01T22:26:58.270+0900][3.383s][info ][gc             ] GC(48) Pause Full (System.gc()) 518M->283M(1088M) 336.385ms
[2026-08-01T22:26:58.270+0900][3.383s][info ][gc,cpu         ] GC(48) User=0.66s Sys=0.02s Real=0.34s
[2026-08-01T22:26:58.270+0900][3.383s][info ][safepoint      ] Safepoint "G1CollectFull", Time since last: 130768800 ns, Reaching safepoint: 52600 ns, At safepoint: 336505200 ns, Total: 336557800 ns
[2026-08-01T22:26:58.385+0900][3.498s][debug][gc,heap        ] Concurrent Uncommit Summary: 65536K, 2 regions, 4.651ms
[2026-08-01T22:26:58.574+0900][3.687s][info ][gc,start       ] GC(49) Pause Young (Normal) (G1 Evacuation Pause)
[2026-08-01T22:26:58.574+0900][3.687s][debug][gc,heap        ] GC(49) Heap before GC invocations=49 (full 34):
[2026-08-01T22:26:58.574+0900][3.687s][debug][gc,heap        ] GC(49)  garbage-first heap   total 1114112K, used 486688K [0x0000027678000000, 0x000002ad78000000)
[2026-08-01T22:26:58.574+0900][3.687s][debug][gc,heap        ] GC(49)   region size 32768K, 6 young (196608K), 0 survivors (0K)
[2026-08-01T22:26:58.574+0900][3.687s][debug][gc,heap        ] GC(49)  Metaspace       used 8240K, committed 8576K, reserved 1114112K
[2026-08-01T22:26:58.574+0900][3.687s][debug][gc,heap        ] GC(49)   class space    used 724K, committed 896K, reserved 1048576K
[2026-08-01T22:26:58.574+0900][3.687s][info ][gc,task        ] GC(49) Using 18 workers of 18 for evacuation
[2026-08-01T22:26:58.631+0900][3.745s][info ][gc,phases      ] GC(49)   Pre Evacuate Collection Set: 0.1ms
[2026-08-01T22:26:58.631+0900][3.745s][info ][gc,phases      ] GC(49)   Merge Heap Roots: 0.1ms
[2026-08-01T22:26:58.631+0900][3.745s][info ][gc,phases      ] GC(49)   Evacuate Collection Set: 52.8ms
[2026-08-01T22:26:58.631+0900][3.745s][info ][gc,phases      ] GC(49)   Post Evacuate Collection Set: 4.4ms
[2026-08-01T22:26:58.631+0900][3.745s][info ][gc,phases      ] GC(49)   Other: 0.1ms
[2026-08-01T22:26:58.631+0900][3.745s][info ][gc,heap        ] GC(49) Eden regions: 6->0(8)
[2026-08-01T22:26:58.631+0900][3.745s][info ][gc,heap        ] GC(49) Survivor regions: 0->1(1)
[2026-08-01T22:26:58.631+0900][3.745s][info ][gc,heap        ] GC(49) Old regions: 10->13
[2026-08-01T22:26:58.631+0900][3.745s][info ][gc,heap        ] GC(49) Archive regions: 0->0
[2026-08-01T22:26:58.631+0900][3.745s][info ][gc,heap        ] GC(49) Humongous regions: 0->0
[2026-08-01T22:26:58.631+0900][3.745s][info ][gc,metaspace   ] GC(49) Metaspace: 8240K(8576K)->8240K(8576K) NonClass: 7516K(7680K)->7516K(7680K) Class: 724K(896K)->724K(896K)
[2026-08-01T22:26:58.631+0900][3.745s][debug][gc,heap        ] GC(49) Heap after GC invocations=50 (full 34):
[2026-08-01T22:26:58.631+0900][3.745s][debug][gc,heap        ] GC(49)  garbage-first heap   total 3342336K, used 404871K [0x0000027678000000, 0x000002ad78000000)
[2026-08-01T22:26:58.631+0900][3.745s][debug][gc,heap        ] GC(49)   region size 32768K, 1 young (32768K), 1 survivors (32768K)
[2026-08-01T22:26:58.631+0900][3.745s][debug][gc,heap        ] GC(49)  Metaspace       used 8240K, committed 8576K, reserved 1114112K
[2026-08-01T22:26:58.631+0900][3.745s][debug][gc,heap        ] GC(49)   class space    used 724K, committed 896K, reserved 1048576K
[2026-08-01T22:26:58.631+0900][3.745s][info ][gc             ] GC(49) Pause Young (Normal) (G1 Evacuation Pause) 475M->395M(3264M) 57.905ms
[2026-08-01T22:26:58.631+0900][3.745s][info ][gc,cpu         ] GC(49) User=0.28s Sys=0.11s Real=0.06s
[2026-08-01T22:26:58.631+0900][3.745s][info ][safepoint      ] Safepoint "G1CollectForAllocation", Time since last: 303956500 ns, Reaching safepoint: 31900 ns, At safepoint: 57965100 ns, Total: 57997000 ns
[2026-08-01T22:26:59.074+0900][4.188s][info ][gc,start       ] GC(50) Pause Young (Normal) (G1 Evacuation Pause)
[2026-08-01T22:26:59.074+0900][4.188s][debug][gc,heap        ] GC(50) Heap before GC invocations=50 (full 34):
[2026-08-01T22:26:59.074+0900][4.188s][debug][gc,heap        ] GC(50)  garbage-first heap   total 3342336K, used 634247K [0x0000027678000000, 0x000002ad78000000)
[2026-08-01T22:26:59.074+0900][4.188s][debug][gc,heap        ] GC(50)   region size 32768K, 9 young (294912K), 1 survivors (32768K)
[2026-08-01T22:26:59.074+0900][4.188s][debug][gc,heap        ] GC(50)  Metaspace       used 8240K, committed 8576K, reserved 1114112K
[2026-08-01T22:26:59.074+0900][4.188s][debug][gc,heap        ] GC(50)   class space    used 724K, committed 896K, reserved 1048576K
[2026-08-01T22:26:59.074+0900][4.188s][info ][gc,task        ] GC(50) Using 18 workers of 18 for evacuation
[2026-08-01T22:26:59.148+0900][4.262s][info ][gc,phases      ] GC(50)   Pre Evacuate Collection Set: 0.1ms
[2026-08-01T22:26:59.148+0900][4.262s][info ][gc,phases      ] GC(50)   Merge Heap Roots: 0.3ms
[2026-08-01T22:26:59.148+0900][4.262s][info ][gc,phases      ] GC(50)   Evacuate Collection Set: 73.2ms
[2026-08-01T22:26:59.148+0900][4.262s][info ][gc,phases      ] GC(50)   Post Evacuate Collection Set: 0.3ms
[2026-08-01T22:26:59.148+0900][4.262s][info ][gc,phases      ] GC(50)   Other: 0.1ms
[2026-08-01T22:26:59.148+0900][4.262s][info ][gc,heap        ] GC(50) Eden regions: 8->0(9)
[2026-08-01T22:26:59.148+0900][4.262s][info ][gc,heap        ] GC(50) Survivor regions: 1->2(2)
[2026-08-01T22:26:59.148+0900][4.262s][info ][gc,heap        ] GC(50) Old regions: 13->16
[2026-08-01T22:26:59.148+0900][4.262s][info ][gc,heap        ] GC(50) Archive regions: 0->0
[2026-08-01T22:26:59.148+0900][4.262s][info ][gc,heap        ] GC(50) Humongous regions: 0->0
[2026-08-01T22:26:59.148+0900][4.262s][info ][gc,metaspace   ] GC(50) Metaspace: 8240K(8576K)->8240K(8576K) NonClass: 7516K(7680K)->7516K(7680K) Class: 724K(896K)->724K(896K)
[2026-08-01T22:26:59.148+0900][4.262s][debug][gc,heap        ] GC(50) Heap after GC invocations=51 (full 34):
[2026-08-01T22:26:59.148+0900][4.262s][debug][gc,heap        ] GC(50)  garbage-first heap   total 3342336K, used 550234K [0x0000027678000000, 0x000002ad78000000)
[2026-08-01T22:26:59.148+0900][4.262s][debug][gc,heap        ] GC(50)   region size 32768K, 2 young (65536K), 2 survivors (65536K)
[2026-08-01T22:26:59.148+0900][4.262s][debug][gc,heap        ] GC(50)  Metaspace       used 8240K, committed 8576K, reserved 1114112K
[2026-08-01T22:26:59.148+0900][4.262s][debug][gc,heap        ] GC(50)   class space    used 724K, committed 896K, reserved 1048576K
[2026-08-01T22:26:59.148+0900][4.262s][info ][gc             ] GC(50) Pause Young (Normal) (G1 Evacuation Pause) 651M->537M(3264M) 74.333ms
[2026-08-01T22:26:59.148+0900][4.262s][info ][gc,cpu         ] GC(50) User=0.31s Sys=0.08s Real=0.07s
[2026-08-01T22:26:59.148+0900][4.262s][info ][safepoint      ] Safepoint "G1CollectForAllocation", Time since last: 442789100 ns, Reaching safepoint: 113000 ns, At safepoint: 74388900 ns, Total: 74501900 ns
[2026-08-01T22:26:59.635+0900][4.749s][info ][gc,start       ] GC(51) Pause Young (Normal) (G1 Evacuation Pause)
[2026-08-01T22:26:59.636+0900][4.749s][debug][gc,heap        ] GC(51) Heap before GC invocations=51 (full 34):
[2026-08-01T22:26:59.636+0900][4.749s][debug][gc,heap        ] GC(51)  garbage-first heap   total 3342336K, used 877914K [0x0000027678000000, 0x000002ad78000000)
[2026-08-01T22:26:59.636+0900][4.749s][debug][gc,heap        ] GC(51)   region size 32768K, 11 young (360448K), 2 survivors (65536K)
[2026-08-01T22:26:59.636+0900][4.749s][debug][gc,heap        ] GC(51)  Metaspace       used 8240K, committed 8576K, reserved 1114112K
[2026-08-01T22:26:59.636+0900][4.749s][debug][gc,heap        ] GC(51)   class space    used 724K, committed 896K, reserved 1048576K
[2026-08-01T22:26:59.636+0900][4.749s][info ][gc,task        ] GC(51) Using 18 workers of 18 for evacuation
[2026-08-01T22:26:59.727+0900][4.840s][info ][gc,phases      ] GC(51)   Pre Evacuate Collection Set: 0.1ms
[2026-08-01T22:26:59.727+0900][4.840s][info ][gc,phases      ] GC(51)   Merge Heap Roots: 0.6ms
[2026-08-01T22:26:59.727+0900][4.840s][info ][gc,phases      ] GC(51)   Evacuate Collection Set: 89.8ms
[2026-08-01T22:26:59.727+0900][4.840s][info ][gc,phases      ] GC(51)   Post Evacuate Collection Set: 0.3ms
[2026-08-01T22:26:59.727+0900][4.840s][info ][gc,phases      ] GC(51)   Other: 0.1ms
[2026-08-01T22:26:59.727+0900][4.840s][info ][gc,heap        ] GC(51) Eden regions: 9->0(9)
[2026-08-01T22:26:59.727+0900][4.840s][info ][gc,heap        ] GC(51) Survivor regions: 2->2(2)
[2026-08-01T22:26:59.727+0900][4.840s][info ][gc,heap        ] GC(51) Old regions: 16->21
[2026-08-01T22:26:59.727+0900][4.840s][info ][gc,heap        ] GC(51) Archive regions: 0->0
[2026-08-01T22:26:59.727+0900][4.840s][info ][gc,heap        ] GC(51) Humongous regions: 1->1
[2026-08-01T22:26:59.727+0900][4.840s][info ][gc,metaspace   ] GC(51) Metaspace: 8240K(8576K)->8240K(8576K) NonClass: 7516K(7680K)->7516K(7680K) Class: 724K(896K)->724K(896K)
[2026-08-01T22:26:59.727+0900][4.840s][debug][gc,heap        ] GC(51) Heap after GC invocations=52 (full 34):
[2026-08-01T22:26:59.727+0900][4.840s][debug][gc,heap        ] GC(51)  garbage-first heap   total 3342336K, used 736712K [0x0000027678000000, 0x000002ad78000000)
[2026-08-01T22:26:59.727+0900][4.840s][debug][gc,heap        ] GC(51)   region size 32768K, 2 young (65536K), 2 survivors (65536K)
[2026-08-01T22:26:59.727+0900][4.840s][debug][gc,heap        ] GC(51)  Metaspace       used 8240K, committed 8576K, reserved 1114112K
[2026-08-01T22:26:59.727+0900][4.840s][debug][gc,heap        ] GC(51)   class space    used 724K, committed 896K, reserved 1048576K
[2026-08-01T22:26:59.727+0900][4.840s][info ][gc             ] GC(51) Pause Young (Normal) (G1 Evacuation Pause) 857M->719M(3264M) 91.259ms
[2026-08-01T22:26:59.727+0900][4.840s][info ][gc,cpu         ] GC(51) User=0.59s Sys=0.11s Real=0.09s
[2026-08-01T22:26:59.727+0900][4.840s][info ][safepoint      ] Safepoint "G1CollectForAllocation", Time since last: 486873400 ns, Reaching safepoint: 109200 ns, At safepoint: 91309600 ns, Total: 91418800 ns
[2026-08-01T22:26:59.994+0900][5.107s][info ][gc,start       ] GC(52) Pause Young (Normal) (G1 Evacuation Pause)
[2026-08-01T22:26:59.994+0900][5.108s][debug][gc,heap        ] GC(52) Heap before GC invocations=52 (full 34):
[2026-08-01T22:26:59.994+0900][5.108s][debug][gc,heap        ] GC(52)  garbage-first heap   total 3342336K, used 1031624K [0x0000027678000000, 0x000002ad78000000)
[2026-08-01T22:26:59.994+0900][5.108s][debug][gc,heap        ] GC(52)   region size 32768K, 11 young (360448K), 2 survivors (65536K)
[2026-08-01T22:26:59.994+0900][5.108s][debug][gc,heap        ] GC(52)  Metaspace       used 8240K, committed 8576K, reserved 1114112K
[2026-08-01T22:26:59.994+0900][5.108s][debug][gc,heap        ] GC(52)   class space    used 724K, committed 896K, reserved 1048576K
[2026-08-01T22:26:59.994+0900][5.108s][info ][gc,task        ] GC(52) Using 18 workers of 18 for evacuation
[2026-08-01T22:27:00.026+0900][5.140s][info ][gc,phases      ] GC(52)   Pre Evacuate Collection Set: 0.3ms
[2026-08-01T22:27:00.026+0900][5.140s][info ][gc,phases      ] GC(52)   Merge Heap Roots: 0.6ms
[2026-08-01T22:27:00.026+0900][5.140s][info ][gc,phases      ] GC(52)   Evacuate Collection Set: 30.4ms
[2026-08-01T22:27:00.026+0900][5.140s][info ][gc,phases      ] GC(52)   Post Evacuate Collection Set: 0.4ms
[2026-08-01T22:27:00.026+0900][5.140s][info ][gc,phases      ] GC(52)   Other: 0.2ms
[2026-08-01T22:27:00.026+0900][5.140s][info ][gc,heap        ] GC(52) Eden regions: 9->0(12)
[2026-08-01T22:27:00.026+0900][5.140s][info ][gc,heap        ] GC(52) Survivor regions: 2->2(2)
[2026-08-01T22:27:00.026+0900][5.140s][info ][gc,heap        ] GC(52) Old regions: 21->26
[2026-08-01T22:27:00.026+0900][5.140s][info ][gc,heap        ] GC(52) Archive regions: 0->0
[2026-08-01T22:27:00.026+0900][5.140s][info ][gc,heap        ] GC(52) Humongous regions: 1->1
[2026-08-01T22:27:00.026+0900][5.140s][info ][gc,metaspace   ] GC(52) Metaspace: 8240K(8576K)->8240K(8576K) NonClass: 7516K(7680K)->7516K(7680K) Class: 724K(896K)->724K(896K)
[2026-08-01T22:27:00.026+0900][5.140s][debug][gc,heap        ] GC(52) Heap after GC invocations=53 (full 34):
[2026-08-01T22:27:00.026+0900][5.140s][debug][gc,heap        ] GC(52)  garbage-first heap   total 3342336K, used 890040K [0x0000027678000000, 0x000002ad78000000)
[2026-08-01T22:27:00.026+0900][5.140s][debug][gc,heap        ] GC(52)   region size 32768K, 2 young (65536K), 2 survivors (65536K)
[2026-08-01T22:27:00.026+0900][5.140s][debug][gc,heap        ] GC(52)  Metaspace       used 8240K, committed 8576K, reserved 1114112K
[2026-08-01T22:27:00.026+0900][5.140s][debug][gc,heap        ] GC(52)   class space    used 724K, committed 896K, reserved 1048576K
[2026-08-01T22:27:00.026+0900][5.140s][info ][gc             ] GC(52) Pause Young (Normal) (G1 Evacuation Pause) 1007M->869M(3264M) 32.294ms
[2026-08-01T22:27:00.026+0900][5.140s][info ][gc,cpu         ] GC(52) User=0.55s Sys=0.02s Real=0.03s
[2026-08-01T22:27:00.026+0900][5.140s][info ][safepoint      ] Safepoint "G1CollectForAllocation", Time since last: 266855900 ns, Reaching safepoint: 109800 ns, At safepoint: 32347800 ns, Total: 32457600 ns
[2026-08-01T22:27:00.282+0900][5.396s][info ][gc,start       ] GC(53) Pause Young (Normal) (G1 Evacuation Pause)
[2026-08-01T22:27:00.282+0900][5.396s][debug][gc,heap        ] GC(53) Heap before GC invocations=53 (full 34):
[2026-08-01T22:27:00.282+0900][5.396s][debug][gc,heap        ] GC(53)  garbage-first heap   total 3342336K, used 1283256K [0x0000027678000000, 0x000002ad78000000)
[2026-08-01T22:27:00.282+0900][5.396s][debug][gc,heap        ] GC(53)   region size 32768K, 14 young (458752K), 2 survivors (65536K)
[2026-08-01T22:27:00.282+0900][5.396s][debug][gc,heap        ] GC(53)  Metaspace       used 8242K, committed 8576K, reserved 1114112K
[2026-08-01T22:27:00.282+0900][5.396s][debug][gc,heap        ] GC(53)   class space    used 724K, committed 896K, reserved 1048576K
[2026-08-01T22:27:00.282+0900][5.396s][info ][gc,task        ] GC(53) Using 18 workers of 18 for evacuation
[2026-08-01T22:27:00.338+0900][5.452s][info ][gc,phases      ] GC(53)   Pre Evacuate Collection Set: 0.1ms
[2026-08-01T22:27:00.338+0900][5.452s][info ][gc,phases      ] GC(53)   Merge Heap Roots: 0.8ms
[2026-08-01T22:27:00.338+0900][5.452s][info ][gc,phases      ] GC(53)   Evacuate Collection Set: 47.0ms
[2026-08-01T22:27:00.338+0900][5.452s][info ][gc,phases      ] GC(53)   Post Evacuate Collection Set: 7.8ms
[2026-08-01T22:27:00.338+0900][5.452s][info ][gc,phases      ] GC(53)   Other: 0.1ms
[2026-08-01T22:27:00.338+0900][5.452s][info ][gc,heap        ] GC(53) Eden regions: 12->0(11)
[2026-08-01T22:27:00.338+0900][5.452s][info ][gc,heap        ] GC(53) Survivor regions: 2->2(2)
[2026-08-01T22:27:00.338+0900][5.452s][info ][gc,heap        ] GC(53) Old regions: 26->33
[2026-08-01T22:27:00.338+0900][5.452s][info ][gc,heap        ] GC(53) Archive regions: 0->0
[2026-08-01T22:27:00.338+0900][5.452s][info ][gc,heap        ] GC(53) Humongous regions: 1->1
[2026-08-01T22:27:00.338+0900][5.452s][info ][gc,metaspace   ] GC(53) Metaspace: 8242K(8576K)->8242K(8576K) NonClass: 7518K(7680K)->7518K(7680K) Class: 724K(896K)->724K(896K)
[2026-08-01T22:27:00.338+0900][5.452s][debug][gc,heap        ] GC(53) Heap after GC invocations=54 (full 34):
[2026-08-01T22:27:00.338+0900][5.452s][debug][gc,heap        ] GC(53)  garbage-first heap   total 7045120K, used 1130538K [0x0000027678000000, 0x000002ad78000000)
[2026-08-01T22:27:00.338+0900][5.452s][debug][gc,heap        ] GC(53)   region size 32768K, 2 young (65536K), 2 survivors (65536K)
[2026-08-01T22:27:00.338+0900][5.452s][debug][gc,heap        ] GC(53)  Metaspace       used 8242K, committed 8576K, reserved 1114112K
[2026-08-01T22:27:00.338+0900][5.452s][debug][gc,heap        ] GC(53)   class space    used 724K, committed 896K, reserved 1048576K
[2026-08-01T22:27:00.339+0900][5.452s][info ][gc             ] GC(53) Pause Young (Normal) (G1 Evacuation Pause) 1253M->1104M(6880M) 56.218ms
[2026-08-01T22:27:00.339+0900][5.452s][info ][gc,cpu         ] GC(53) User=0.77s Sys=0.08s Real=0.06s
[2026-08-01T22:27:00.339+0900][5.452s][info ][safepoint      ] Safepoint "G1CollectForAllocation", Time since last: 256093000 ns, Reaching safepoint: 116200 ns, At safepoint: 56302100 ns, Total: 56418300 ns
[2026-08-01T22:27:00.635+0900][5.748s][info ][gc,start       ] GC(54) Pause Young (Normal) (G1 Evacuation Pause)
[2026-08-01T22:27:00.635+0900][5.748s][debug][gc,heap        ] GC(54) Heap before GC invocations=54 (full 34):
[2026-08-01T22:27:00.635+0900][5.748s][debug][gc,heap        ] GC(54)  garbage-first heap   total 7045120K, used 1490986K [0x0000027678000000, 0x000002ad78000000)
[2026-08-01T22:27:00.635+0900][5.748s][debug][gc,heap        ] GC(54)   region size 32768K, 13 young (425984K), 2 survivors (65536K)
[2026-08-01T22:27:00.635+0900][5.749s][debug][gc,heap        ] GC(54)  Metaspace       used 8244K, committed 8576K, reserved 1114112K
[2026-08-01T22:27:00.635+0900][5.749s][debug][gc,heap        ] GC(54)   class space    used 724K, committed 896K, reserved 1048576K
[2026-08-01T22:27:00.635+0900][5.749s][info ][gc,task        ] GC(54) Using 18 workers of 18 for evacuation
[2026-08-01T22:27:00.690+0900][5.804s][info ][gc,phases      ] GC(54)   Pre Evacuate Collection Set: 0.1ms
[2026-08-01T22:27:00.690+0900][5.804s][info ][gc,phases      ] GC(54)   Merge Heap Roots: 1.5ms
[2026-08-01T22:27:00.690+0900][5.804s][info ][gc,phases      ] GC(54)   Evacuate Collection Set: 52.9ms
[2026-08-01T22:27:00.690+0900][5.804s][info ][gc,phases      ] GC(54)   Post Evacuate Collection Set: 0.4ms
[2026-08-01T22:27:00.690+0900][5.804s][info ][gc,phases      ] GC(54)   Other: 0.1ms
[2026-08-01T22:27:00.690+0900][5.804s][info ][gc,heap        ] GC(54) Eden regions: 11->0(10)
[2026-08-01T22:27:00.690+0900][5.804s][info ][gc,heap        ] GC(54) Survivor regions: 2->2(2)
[2026-08-01T22:27:00.690+0900][5.804s][info ][gc,heap        ] GC(54) Old regions: 33->40
[2026-08-01T22:27:00.690+0900][5.804s][info ][gc,heap        ] GC(54) Archive regions: 0->0
[2026-08-01T22:27:00.690+0900][5.804s][info ][gc,heap        ] GC(54) Humongous regions: 1->1
[2026-08-01T22:27:00.690+0900][5.804s][info ][gc,metaspace   ] GC(54) Metaspace: 8244K(8576K)->8244K(8576K) NonClass: 7519K(7680K)->7519K(7680K) Class: 724K(896K)->724K(896K)
[2026-08-01T22:27:00.690+0900][5.804s][debug][gc,heap        ] GC(54) Heap after GC invocations=55 (full 34):
[2026-08-01T22:27:00.690+0900][5.804s][debug][gc,heap        ] GC(54)  garbage-first heap   total 7045120K, used 1354556K [0x0000027678000000, 0x000002ad78000000)
[2026-08-01T22:27:00.690+0900][5.804s][debug][gc,heap        ] GC(54)   region size 32768K, 2 young (65536K), 2 survivors (65536K)
[2026-08-01T22:27:00.690+0900][5.804s][debug][gc,heap        ] GC(54)  Metaspace       used 8244K, committed 8576K, reserved 1114112K
[2026-08-01T22:27:00.690+0900][5.804s][debug][gc,heap        ] GC(54)   class space    used 724K, committed 896K, reserved 1048576K
[2026-08-01T22:27:00.690+0900][5.804s][info ][gc             ] GC(54) Pause Young (Normal) (G1 Evacuation Pause) 1456M->1322M(6880M) 55.412ms
[2026-08-01T22:27:00.690+0900][5.804s][info ][gc,cpu         ] GC(54) User=0.75s Sys=0.09s Real=0.06s
[2026-08-01T22:27:00.690+0900][5.804s][info ][safepoint      ] Safepoint "G1CollectForAllocation", Time since last: 295982600 ns, Reaching safepoint: 99200 ns, At safepoint: 55472100 ns, Total: 55571300 ns
[2026-08-01T22:27:00.942+0900][6.056s][info ][gc,start       ] GC(55) Pause Young (Normal) (G1 Evacuation Pause)
[2026-08-01T22:27:00.942+0900][6.056s][debug][gc,heap        ] GC(55) Heap before GC invocations=55 (full 34):
[2026-08-01T22:27:00.942+0900][6.056s][debug][gc,heap        ] GC(55)  garbage-first heap   total 7045120K, used 1715004K [0x0000027678000000, 0x000002ad78000000)
[2026-08-01T22:27:00.942+0900][6.056s][debug][gc,heap        ] GC(55)   region size 32768K, 12 young (393216K), 2 survivors (65536K)
[2026-08-01T22:27:00.942+0900][6.056s][debug][gc,heap        ] GC(55)  Metaspace       used 8244K, committed 8576K, reserved 1114112K
[2026-08-01T22:27:00.943+0900][6.056s][debug][gc,heap        ] GC(55)   class space    used 724K, committed 896K, reserved 1048576K
[2026-08-01T22:27:00.943+0900][6.056s][info ][gc,task        ] GC(55) Using 18 workers of 18 for evacuation
[2026-08-01T22:27:00.994+0900][6.108s][info ][gc,phases      ] GC(55)   Pre Evacuate Collection Set: 0.2ms
[2026-08-01T22:27:00.994+0900][6.108s][info ][gc,phases      ] GC(55)   Merge Heap Roots: 2.0ms
[2026-08-01T22:27:00.994+0900][6.108s][info ][gc,phases      ] GC(55)   Evacuate Collection Set: 48.5ms
[2026-08-01T22:27:00.994+0900][6.108s][info ][gc,phases      ] GC(55)   Post Evacuate Collection Set: 0.5ms
[2026-08-01T22:27:00.994+0900][6.108s][info ][gc,phases      ] GC(55)   Other: 0.2ms
[2026-08-01T22:27:00.994+0900][6.108s][info ][gc,heap        ] GC(55) Eden regions: 10->0(8)
[2026-08-01T22:27:00.994+0900][6.108s][info ][gc,heap        ] GC(55) Survivor regions: 2->2(2)
[2026-08-01T22:27:00.994+0900][6.108s][info ][gc,heap        ] GC(55) Old regions: 40->46
[2026-08-01T22:27:00.994+0900][6.108s][info ][gc,heap        ] GC(55) Archive regions: 0->0
[2026-08-01T22:27:00.994+0900][6.108s][info ][gc,heap        ] GC(55) Humongous regions: 2->2
[2026-08-01T22:27:00.994+0900][6.108s][info ][gc,metaspace   ] GC(55) Metaspace: 8244K(8576K)->8244K(8576K) NonClass: 7519K(7680K)->7519K(7680K) Class: 724K(896K)->724K(896K)
[2026-08-01T22:27:00.994+0900][6.108s][debug][gc,heap        ] GC(55) Heap after GC invocations=56 (full 34):
[2026-08-01T22:27:00.994+0900][6.108s][debug][gc,heap        ] GC(55)  garbage-first heap   total 7045120K, used 1594250K [0x0000027678000000, 0x000002ad78000000)
[2026-08-01T22:27:00.994+0900][6.108s][debug][gc,heap        ] GC(55)   region size 32768K, 2 young (65536K), 2 survivors (65536K)
[2026-08-01T22:27:00.994+0900][6.108s][debug][gc,heap        ] GC(55)  Metaspace       used 8244K, committed 8576K, reserved 1114112K
[2026-08-01T22:27:00.994+0900][6.108s][debug][gc,heap        ] GC(55)   class space    used 724K, committed 896K, reserved 1048576K
[2026-08-01T22:27:00.994+0900][6.108s][info ][gc             ] GC(55) Pause Young (Normal) (G1 Evacuation Pause) 1674M->1556M(6880M) 51.812ms
[2026-08-01T22:27:00.994+0900][6.108s][info ][gc,cpu         ] GC(55) User=0.78s Sys=0.06s Real=0.05s
[2026-08-01T22:27:00.994+0900][6.108s][info ][safepoint      ] Safepoint "G1CollectForAllocation", Time since last: 251936800 ns, Reaching safepoint: 145700 ns, At safepoint: 51869600 ns, Total: 52015300 ns
[2026-08-01T22:27:01.162+0900][6.275s][info ][gc,start       ] GC(56) Pause Young (Normal) (G1 Evacuation Pause)
[2026-08-01T22:27:01.162+0900][6.275s][debug][gc,heap        ] GC(56) Heap before GC invocations=56 (full 34):
[2026-08-01T22:27:01.162+0900][6.276s][debug][gc,heap        ] GC(56)  garbage-first heap   total 7045120K, used 1856394K [0x0000027678000000, 0x000002ad78000000)
[2026-08-01T22:27:01.162+0900][6.276s][debug][gc,heap        ] GC(56)   region size 32768K, 10 young (327680K), 2 survivors (65536K)
[2026-08-01T22:27:01.162+0900][6.276s][debug][gc,heap        ] GC(56)  Metaspace       used 8244K, committed 8576K, reserved 1114112K
[2026-08-01T22:27:01.162+0900][6.276s][debug][gc,heap        ] GC(56)   class space    used 724K, committed 896K, reserved 1048576K
[2026-08-01T22:27:01.162+0900][6.276s][info ][gc,task        ] GC(56) Using 18 workers of 18 for evacuation
[2026-08-01T22:27:01.205+0900][6.319s][info ][gc,phases      ] GC(56)   Pre Evacuate Collection Set: 0.1ms
[2026-08-01T22:27:01.205+0900][6.319s][info ][gc,phases      ] GC(56)   Merge Heap Roots: 1.4ms
[2026-08-01T22:27:01.205+0900][6.319s][info ][gc,phases      ] GC(56)   Evacuate Collection Set: 41.3ms
[2026-08-01T22:27:01.205+0900][6.319s][info ][gc,phases      ] GC(56)   Post Evacuate Collection Set: 0.4ms
[2026-08-01T22:27:01.205+0900][6.319s][info ][gc,phases      ] GC(56)   Other: 0.1ms
[2026-08-01T22:27:01.205+0900][6.319s][info ][gc,heap        ] GC(56) Eden regions: 8->0(9)
[2026-08-01T22:27:01.205+0900][6.319s][info ][gc,heap        ] GC(56) Survivor regions: 2->2(2)
[2026-08-01T22:27:01.205+0900][6.319s][info ][gc,heap        ] GC(56) Old regions: 46->51
[2026-08-01T22:27:01.205+0900][6.319s][info ][gc,heap        ] GC(56) Archive regions: 0->0
[2026-08-01T22:27:01.205+0900][6.319s][info ][gc,heap        ] GC(56) Humongous regions: 2->2
[2026-08-01T22:27:01.205+0900][6.319s][info ][gc,metaspace   ] GC(56) Metaspace: 8244K(8576K)->8244K(8576K) NonClass: 7519K(7680K)->7519K(7680K) Class: 724K(896K)->724K(896K)
[2026-08-01T22:27:01.205+0900][6.319s][debug][gc,heap        ] GC(56) Heap after GC invocations=57 (full 34):
[2026-08-01T22:27:01.205+0900][6.319s][debug][gc,heap        ] GC(56)  garbage-first heap   total 7045120K, used 1764640K [0x0000027678000000, 0x000002ad78000000)
[2026-08-01T22:27:01.205+0900][6.319s][debug][gc,heap        ] GC(56)   region size 32768K, 2 young (65536K), 2 survivors (65536K)
[2026-08-01T22:27:01.205+0900][6.319s][debug][gc,heap        ] GC(56)  Metaspace       used 8244K, committed 8576K, reserved 1114112K
[2026-08-01T22:27:01.205+0900][6.319s][debug][gc,heap        ] GC(56)   class space    used 724K, committed 896K, reserved 1048576K
[2026-08-01T22:27:01.205+0900][6.319s][info ][gc             ] GC(56) Pause Young (Normal) (G1 Evacuation Pause) 1812M->1723M(6880M) 43.680ms
[2026-08-01T22:27:01.205+0900][6.319s][info ][gc,cpu         ] GC(56) User=0.73s Sys=0.11s Real=0.04s
[2026-08-01T22:27:01.205+0900][6.319s][info ][safepoint      ] Safepoint "G1CollectForAllocation", Time since last: 167467500 ns, Reaching safepoint: 112200 ns, At safepoint: 43735300 ns, Total: 43847500 ns
[2026-08-01T22:27:01.370+0900][6.484s][info ][gc,start       ] GC(57) Pause Young (Normal) (G1 Evacuation Pause)
[2026-08-01T22:27:01.370+0900][6.484s][debug][gc,heap        ] GC(57) Heap before GC invocations=57 (full 34):
[2026-08-01T22:27:01.370+0900][6.484s][debug][gc,heap        ] GC(57)  garbage-first heap   total 7045120K, used 2059552K [0x0000027678000000, 0x000002ad78000000)
[2026-08-01T22:27:01.370+0900][6.484s][debug][gc,heap        ] GC(57)   region size 32768K, 11 young (360448K), 2 survivors (65536K)
[2026-08-01T22:27:01.370+0900][6.484s][debug][gc,heap        ] GC(57)  Metaspace       used 8244K, committed 8576K, reserved 1114112K
[2026-08-01T22:27:01.370+0900][6.484s][debug][gc,heap        ] GC(57)   class space    used 724K, committed 896K, reserved 1048576K
[2026-08-01T22:27:01.370+0900][6.484s][info ][gc,task        ] GC(57) Using 18 workers of 18 for evacuation
[2026-08-01T22:27:01.433+0900][6.546s][info ][gc,phases      ] GC(57)   Pre Evacuate Collection Set: 0.1ms
[2026-08-01T22:27:01.433+0900][6.546s][info ][gc,phases      ] GC(57)   Merge Heap Roots: 1.3ms
[2026-08-01T22:27:01.433+0900][6.546s][info ][gc,phases      ] GC(57)   Evacuate Collection Set: 43.0ms
[2026-08-01T22:27:01.433+0900][6.546s][info ][gc,phases      ] GC(57)   Post Evacuate Collection Set: 17.9ms
[2026-08-01T22:27:01.433+0900][6.546s][info ][gc,phases      ] GC(57)   Other: 0.1ms
[2026-08-01T22:27:01.433+0900][6.546s][info ][gc,heap        ] GC(57) Eden regions: 9->0(23)
[2026-08-01T22:27:01.433+0900][6.546s][info ][gc,heap        ] GC(57) Survivor regions: 2->2(2)
[2026-08-01T22:27:01.433+0900][6.546s][info ][gc,heap        ] GC(57) Old regions: 51->57
[2026-08-01T22:27:01.433+0900][6.546s][info ][gc,heap        ] GC(57) Archive regions: 0->0
[2026-08-01T22:27:01.433+0900][6.546s][info ][gc,heap        ] GC(57) Humongous regions: 2->2
[2026-08-01T22:27:01.433+0900][6.546s][info ][gc,metaspace   ] GC(57) Metaspace: 8244K(8576K)->8244K(8576K) NonClass: 7519K(7680K)->7519K(7680K) Class: 724K(896K)->724K(896K)
[2026-08-01T22:27:01.433+0900][6.546s][debug][gc,heap        ] GC(57) Heap after GC invocations=58 (full 34):
[2026-08-01T22:27:01.433+0900][6.546s][debug][gc,heap        ] GC(57)  garbage-first heap   total 16482304K, used 1947442K [0x0000027678000000, 0x000002ad78000000)
[2026-08-01T22:27:01.433+0900][6.546s][debug][gc,heap        ] GC(57)   region size 32768K, 2 young (65536K), 2 survivors (65536K)
[2026-08-01T22:27:01.433+0900][6.546s][debug][gc,heap        ] GC(57)  Metaspace       used 8244K, committed 8576K, reserved 1114112K
[2026-08-01T22:27:01.433+0900][6.546s][debug][gc,heap        ] GC(57)   class space    used 724K, committed 896K, reserved 1048576K
[2026-08-01T22:27:01.433+0900][6.546s][info ][gc             ] GC(57) Pause Young (Normal) (G1 Evacuation Pause) 2011M->1901M(16096M) 62.823ms
[2026-08-01T22:27:01.433+0900][6.546s][info ][gc,cpu         ] GC(57) User=0.80s Sys=0.06s Real=0.06s
[2026-08-01T22:27:01.433+0900][6.547s][info ][safepoint      ] Safepoint "G1CollectForAllocation", Time since last: 164341100 ns, Reaching safepoint: 120000 ns, At safepoint: 62927700 ns, Total: 63047700 ns
[2026-08-01T22:27:02.437+0900][7.550s][info ][safepoint      ] Safepoint "Cleanup", Time since last: 1003772700 ns, Reaching safepoint: 116700 ns, At safepoint: 16900 ns, Total: 133600 ns
[2026-08-01T22:27:02.919+0900][8.033s][info ][gc,start       ] GC(58) Pause Young (Normal) (G1 Evacuation Pause)
[2026-08-01T22:27:02.919+0900][8.033s][debug][gc,heap        ] GC(58) Heap before GC invocations=58 (full 34):
[2026-08-01T22:27:02.919+0900][8.033s][debug][gc,heap        ] GC(58)  garbage-first heap   total 16482304K, used 2701106K [0x0000027678000000, 0x000002ad78000000)
[2026-08-01T22:27:02.919+0900][8.033s][debug][gc,heap        ] GC(58)   region size 32768K, 25 young (819200K), 2 survivors (65536K)
[2026-08-01T22:27:02.919+0900][8.033s][debug][gc,heap        ] GC(58)  Metaspace       used 8300K, committed 8640K, reserved 1114112K
[2026-08-01T22:27:02.919+0900][8.033s][debug][gc,heap        ] GC(58)   class space    used 725K, committed 896K, reserved 1048576K
[2026-08-01T22:27:02.919+0900][8.033s][info ][gc,task        ] GC(58) Using 18 workers of 18 for evacuation
[2026-08-01T22:27:02.970+0900][8.084s][info ][gc,phases      ] GC(58)   Pre Evacuate Collection Set: 0.1ms
[2026-08-01T22:27:02.970+0900][8.084s][info ][gc,phases      ] GC(58)   Merge Heap Roots: 1.5ms
[2026-08-01T22:27:02.971+0900][8.084s][info ][gc,phases      ] GC(58)   Evacuate Collection Set: 48.1ms
[2026-08-01T22:27:02.971+0900][8.084s][info ][gc,phases      ] GC(58)   Post Evacuate Collection Set: 1.2ms
[2026-08-01T22:27:02.971+0900][8.084s][info ][gc,phases      ] GC(58)   Other: 0.1ms
[2026-08-01T22:27:02.971+0900][8.084s][info ][gc,heap        ] GC(58) Eden regions: 23->0(21)
[2026-08-01T22:27:02.971+0900][8.084s][info ][gc,heap        ] GC(58) Survivor regions: 2->4(4)
[2026-08-01T22:27:02.971+0900][8.084s][info ][gc,heap        ] GC(58) Old regions: 57->59
[2026-08-01T22:27:02.971+0900][8.084s][info ][gc,heap        ] GC(58) Archive regions: 0->0
[2026-08-01T22:27:02.971+0900][8.084s][info ][gc,heap        ] GC(58) Humongous regions: 2->2
[2026-08-01T22:27:02.971+0900][8.084s][info ][gc,metaspace   ] GC(58) Metaspace: 8300K(8640K)->8300K(8640K) NonClass: 7574K(7744K)->7574K(7744K) Class: 725K(896K)->725K(896K)
[2026-08-01T22:27:02.971+0900][8.084s][debug][gc,heap        ] GC(58) Heap after GC invocations=59 (full 34):
[2026-08-01T22:27:02.971+0900][8.084s][debug][gc,heap        ] GC(58)  garbage-first heap   total 16482304K, used 2064918K [0x0000027678000000, 0x000002ad78000000)
[2026-08-01T22:27:02.971+0900][8.084s][debug][gc,heap        ] GC(58)   region size 32768K, 4 young (131072K), 4 survivors (131072K)
[2026-08-01T22:27:02.971+0900][8.084s][debug][gc,heap        ] GC(58)  Metaspace       used 8300K, committed 8640K, reserved 1114112K
[2026-08-01T22:27:02.971+0900][8.084s][debug][gc,heap        ] GC(58)   class space    used 725K, committed 896K, reserved 1048576K
[2026-08-01T22:27:02.971+0900][8.084s][info ][gc             ] GC(58) Pause Young (Normal) (G1 Evacuation Pause) 2637M->2016M(16096M) 51.397ms
[2026-08-01T22:27:02.971+0900][8.084s][info ][gc,cpu         ] GC(58) User=0.70s Sys=0.14s Real=0.05s
[2026-08-01T22:27:02.971+0900][8.084s][info ][safepoint      ] Safepoint "G1CollectForAllocation", Time since last: 482427400 ns, Reaching safepoint: 104500 ns, At safepoint: 51448100 ns, Total: 51552600 ns
[2026-08-01T22:27:03.986+0900][9.099s][info ][safepoint      ] Safepoint "Cleanup", Time since last: 1014828500 ns, Reaching safepoint: 112200 ns, At safepoint: 13400 ns, Total: 125600 ns
[2026-08-01T22:27:13.209+0900][18.323s][info ][gc,start       ] GC(59) Pause Young (Normal) (G1 Evacuation Pause)
[2026-08-01T22:27:13.209+0900][18.323s][debug][gc,heap        ] GC(59) Heap before GC invocations=59 (full 34):
[2026-08-01T22:27:13.209+0900][18.323s][debug][gc,heap        ] GC(59)  garbage-first heap   total 16482304K, used 2753046K [0x0000027678000000, 0x000002ad78000000)
[2026-08-01T22:27:13.209+0900][18.323s][debug][gc,heap        ] GC(59)   region size 32768K, 25 young (819200K), 4 survivors (131072K)
[2026-08-01T22:27:13.209+0900][18.323s][debug][gc,heap        ] GC(59)  Metaspace       used 8326K, committed 8640K, reserved 1114112K
[2026-08-01T22:27:13.209+0900][18.323s][debug][gc,heap        ] GC(59)   class space    used 725K, committed 896K, reserved 1048576K
[2026-08-01T22:27:13.209+0900][18.323s][info ][gc,task        ] GC(59) Using 18 workers of 18 for evacuation
[2026-08-01T22:27:13.261+0900][18.374s][info ][gc,phases      ] GC(59)   Pre Evacuate Collection Set: 0.3ms
[2026-08-01T22:27:13.261+0900][18.374s][info ][gc,phases      ] GC(59)   Merge Heap Roots: 2.3ms
[2026-08-01T22:27:13.261+0900][18.374s][info ][gc,phases      ] GC(59)   Evacuate Collection Set: 48.5ms
[2026-08-01T22:27:13.261+0900][18.374s][info ][gc,phases      ] GC(59)   Post Evacuate Collection Set: 0.3ms
[2026-08-01T22:27:13.261+0900][18.374s][info ][gc,phases      ] GC(59)   Other: 0.1ms
[2026-08-01T22:27:13.261+0900][18.374s][info ][gc,heap        ] GC(59) Eden regions: 21->0(24)
[2026-08-01T22:27:13.261+0900][18.375s][info ][gc,heap        ] GC(59) Survivor regions: 4->2(4)
[2026-08-01T22:27:13.261+0900][18.375s][info ][gc,heap        ] GC(59) Old regions: 59->63
[2026-08-01T22:27:13.261+0900][18.375s][info ][gc,heap        ] GC(59) Archive regions: 0->0
[2026-08-01T22:27:13.261+0900][18.375s][info ][gc,heap        ] GC(59) Humongous regions: 2->2
[2026-08-01T22:27:13.261+0900][18.375s][info ][gc,metaspace   ] GC(59) Metaspace: 8326K(8640K)->8326K(8640K) NonClass: 7600K(7744K)->7600K(7744K) Class: 725K(896K)->725K(896K)
[2026-08-01T22:27:13.261+0900][18.375s][debug][gc,heap        ] GC(59) Heap after GC invocations=60 (full 34):
[2026-08-01T22:27:13.261+0900][18.375s][debug][gc,heap        ] GC(59)  garbage-first heap   total 16482304K, used 2129385K [0x0000027678000000, 0x000002ad78000000)
[2026-08-01T22:27:13.261+0900][18.375s][debug][gc,heap        ] GC(59)   region size 32768K, 2 young (65536K), 2 survivors (65536K)
[2026-08-01T22:27:13.261+0900][18.375s][debug][gc,heap        ] GC(59)  Metaspace       used 8326K, committed 8640K, reserved 1114112K
[2026-08-01T22:27:13.261+0900][18.375s][debug][gc,heap        ] GC(59)   class space    used 725K, committed 896K, reserved 1048576K
[2026-08-01T22:27:13.261+0900][18.375s][info ][gc             ] GC(59) Pause Young (Normal) (G1 Evacuation Pause) 2688M->2079M(16096M) 51.833ms
[2026-08-01T22:27:13.261+0900][18.375s][info ][gc,cpu         ] GC(59) User=0.83s Sys=0.02s Real=0.05s
[2026-08-01T22:27:13.261+0900][18.375s][info ][safepoint      ] Safepoint "G1CollectForAllocation", Time since last: 9223314900 ns, Reaching safepoint: 102400 ns, At safepoint: 51883600 ns, Total: 51986000 ns
[2026-08-01T22:28:51.276+0900][116.389s][info ][gc,start       ] GC(60) Pause Young (Normal) (G1 Evacuation Pause)
[2026-08-01T22:28:51.276+0900][116.390s][debug][gc,heap        ] GC(60) Heap before GC invocations=60 (full 34):
[2026-08-01T22:28:51.276+0900][116.390s][debug][gc,heap        ] GC(60)  garbage-first heap   total 16482304K, used 2915817K [0x0000027678000000, 0x000002ad78000000)
[2026-08-01T22:28:51.276+0900][116.390s][debug][gc,heap        ] GC(60)   region size 32768K, 26 young (851968K), 2 survivors (65536K)
[2026-08-01T22:28:51.276+0900][116.390s][debug][gc,heap        ] GC(60)  Metaspace       used 8326K, committed 8640K, reserved 1114112K
[2026-08-01T22:28:51.276+0900][116.390s][debug][gc,heap        ] GC(60)   class space    used 725K, committed 896K, reserved 1048576K
[2026-08-01T22:28:51.276+0900][116.390s][info ][gc,task        ] GC(60) Using 18 workers of 18 for evacuation
[2026-08-01T22:28:51.294+0900][116.408s][info ][gc,phases      ] GC(60)   Pre Evacuate Collection Set: 0.1ms
[2026-08-01T22:28:51.294+0900][116.408s][info ][gc,phases      ] GC(60)   Merge Heap Roots: 0.2ms
[2026-08-01T22:28:51.295+0900][116.408s][info ][gc,phases      ] GC(60)   Evacuate Collection Set: 17.9ms
[2026-08-01T22:28:51.295+0900][116.408s][info ][gc,phases      ] GC(60)   Post Evacuate Collection Set: 0.2ms
[2026-08-01T22:28:51.295+0900][116.408s][info ][gc,phases      ] GC(60)   Other: 0.1ms
[2026-08-01T22:28:51.295+0900][116.408s][info ][gc,heap        ] GC(60) Eden regions: 24->0(97)
[2026-08-01T22:28:51.295+0900][116.408s][info ][gc,heap        ] GC(60) Survivor regions: 2->3(4)
[2026-08-01T22:28:51.295+0900][116.408s][info ][gc,heap        ] GC(60) Old regions: 63->63
[2026-08-01T22:28:51.295+0900][116.408s][info ][gc,heap        ] GC(60) Archive regions: 0->0
[2026-08-01T22:28:51.295+0900][116.408s][info ][gc,heap        ] GC(60) Humongous regions: 2->2
[2026-08-01T22:28:51.295+0900][116.408s][info ][gc,metaspace   ] GC(60) Metaspace: 8326K(8640K)->8326K(8640K) NonClass: 7600K(7744K)->7600K(7744K) Class: 725K(896K)->725K(896K)
[2026-08-01T22:28:51.295+0900][116.408s][debug][gc,heap        ] GC(60) Heap after GC invocations=61 (full 34):
[2026-08-01T22:28:51.295+0900][116.408s][debug][gc,heap        ] GC(60)  garbage-first heap   total 16482304K, used 2148009K [0x0000027678000000, 0x000002ad78000000)
[2026-08-01T22:28:51.295+0900][116.408s][debug][gc,heap        ] GC(60)   region size 32768K, 3 young (98304K), 3 survivors (98304K)
[2026-08-01T22:28:51.295+0900][116.408s][debug][gc,heap        ] GC(60)  Metaspace       used 8326K, committed 8640K, reserved 1114112K
[2026-08-01T22:28:51.295+0900][116.408s][debug][gc,heap        ] GC(60)   class space    used 725K, committed 896K, reserved 1048576K
[2026-08-01T22:28:51.295+0900][116.408s][info ][gc             ] GC(60) Pause Young (Normal) (G1 Evacuation Pause) 2847M->2097M(16096M) 18.874ms
[2026-08-01T22:28:51.295+0900][116.408s][info ][gc,cpu         ] GC(60) User=0.56s Sys=0.00s Real=0.02s
[2026-08-01T22:28:51.295+0900][116.408s][info ][safepoint      ] Safepoint "G1CollectForAllocation", Time since last: 98014657900 ns, Reaching safepoint: 151500 ns, At safepoint: 18925400 ns, Total: 19076900 ns
[2026-08-01T22:29:47.629+0900][172.742s][info ][safepoint      ] Safepoint "Cleanup", Time since last: 56333884600 ns, Reaching safepoint: 146400 ns, At safepoint: 15500 ns, Total: 161900 ns
[2026-08-01T22:30:14.811+0900][199.924s][info ][safepoint      ] Safepoint "Cleanup", Time since last: 27181852900 ns, Reaching safepoint: 129100 ns, At safepoint: 12200 ns, Total: 141300 ns
[2026-08-01T22:30:16.825+0900][201.938s][info ][safepoint      ] Safepoint "Cleanup", Time since last: 2013857200 ns, Reaching safepoint: 108200 ns, At safepoint: 11900 ns, Total: 120100 ns
[2026-08-01T22:30:19.847+0900][204.960s][info ][safepoint      ] Safepoint "Cleanup", Time since last: 3021861400 ns, Reaching safepoint: 117800 ns, At safepoint: 16000 ns, Total: 133800 ns
[2026-08-01T22:30:45.009+0900][230.122s][info ][safepoint      ] Safepoint "Cleanup", Time since last: 25161880700 ns, Reaching safepoint: 124700 ns, At safepoint: 12800 ns, Total: 137500 ns
[2026-08-01T22:30:45.689+0900][230.802s][info ][gc,start       ] GC(61) Pause Full (System.gc())
[2026-08-01T22:30:45.689+0900][230.803s][debug][gc,heap        ] GC(61) Heap before GC invocations=61 (full 34):
[2026-08-01T22:30:45.689+0900][230.803s][debug][gc,heap        ] GC(61)  garbage-first heap   total 16482304K, used 4703913K [0x0000027678000000, 0x000002ad78000000)
[2026-08-01T22:30:45.689+0900][230.803s][debug][gc,heap        ] GC(61)   region size 32768K, 82 young (2686976K), 3 survivors (98304K)
[2026-08-01T22:30:45.689+0900][230.803s][debug][gc,heap        ] GC(61)  Metaspace       used 8415K, committed 8704K, reserved 1114112K
[2026-08-01T22:30:45.689+0900][230.803s][debug][gc,heap        ] GC(61)   class space    used 738K, committed 896K, reserved 1048576K
[2026-08-01T22:30:45.689+0900][230.803s][info ][gc,task        ] GC(61) Using 18 workers of 18 for full compaction
[2026-08-01T22:30:45.689+0900][230.803s][info ][gc,phases,start] GC(61) Phase 1: Mark live objects
[2026-08-01T22:30:45.950+0900][231.063s][info ][gc,phases      ] GC(61) Phase 1: Mark live objects 260.344ms
[2026-08-01T22:30:45.950+0900][231.063s][info ][gc,phases,start] GC(61) Phase 2: Prepare for compaction
[2026-08-01T22:30:46.010+0900][231.123s][info ][gc,phases      ] GC(61) Phase 2: Prepare for compaction 60.011ms
[2026-08-01T22:30:46.010+0900][231.123s][info ][gc,phases,start] GC(61) Phase 3: Adjust pointers
[2026-08-01T22:30:46.132+0900][231.245s][info ][gc,phases      ] GC(61) Phase 3: Adjust pointers 121.794ms
[2026-08-01T22:30:46.132+0900][231.245s][info ][gc,phases,start] GC(61) Phase 4: Compact heap
[2026-08-01T22:30:46.224+0900][231.338s][info ][gc,phases      ] GC(61) Phase 4: Compact heap 92.197ms
[2026-08-01T22:30:46.268+0900][231.381s][debug][gc,heap        ] GC(61) Uncommittable regions after shrink: 216
[2026-08-01T22:30:46.270+0900][231.383s][info ][gc,heap        ] GC(61) Eden regions: 79->0(57)
[2026-08-01T22:30:46.270+0900][231.383s][info ][gc,heap        ] GC(61) Survivor regions: 3->0(4)
[2026-08-01T22:30:46.270+0900][231.383s][info ][gc,heap        ] GC(61) Old regions: 63->84
[2026-08-01T22:30:46.270+0900][231.383s][info ][gc,heap        ] GC(61) Archive regions: 0->0
[2026-08-01T22:30:46.270+0900][231.383s][info ][gc,heap        ] GC(61) Humongous regions: 2->2
[2026-08-01T22:30:46.270+0900][231.383s][info ][gc,metaspace   ] GC(61) Metaspace: 8415K(8704K)->8415K(8704K) NonClass: 7677K(7808K)->7677K(7808K) Class: 738K(896K)->738K(896K)
[2026-08-01T22:30:46.270+0900][231.383s][debug][gc,heap        ] GC(61) Heap after GC invocations=62 (full 35):
[2026-08-01T22:30:46.270+0900][231.384s][debug][gc,heap        ] GC(61)  garbage-first heap   total 9404416K, used 2551032K [0x0000027678000000, 0x000002ad78000000)
[2026-08-01T22:30:46.270+0900][231.384s][debug][gc,heap        ] GC(61)   region size 32768K, 0 young (0K), 0 survivors (0K)
[2026-08-01T22:30:46.270+0900][231.384s][debug][gc,heap        ] GC(61)  Metaspace       used 8415K, committed 8704K, reserved 1114112K
[2026-08-01T22:30:46.270+0900][231.384s][debug][gc,heap        ] GC(61)   class space    used 738K, committed 896K, reserved 1048576K
[2026-08-01T22:30:46.270+0900][231.384s][info ][gc             ] GC(61) Pause Full (System.gc()) 4608M->2491M(9184M) 581.083ms
[2026-08-01T22:30:46.270+0900][231.384s][info ][gc,cpu         ] GC(61) User=8.80s Sys=0.72s Real=0.58s
[2026-08-01T22:30:46.270+0900][231.384s][info ][safepoint      ] Safepoint "G1CollectFull", Time since last: 679960500 ns, Reaching safepoint: 98800 ns, At safepoint: 581139500 ns, Total: 581238300 ns
[2026-08-01T22:30:47.272+0900][232.385s][info ][safepoint      ] Safepoint "Cleanup", Time since last: 1001651800 ns, Reaching safepoint: 134000 ns, At safepoint: 13300 ns, Total: 147300 ns
[2026-08-01T22:30:47.419+0900][232.533s][debug][gc,heap        ] Concurrent Uncommit Summary: 6912M, 216 regions, 159.268ms
[2026-08-01T22:30:48.273+0900][233.386s][info ][safepoint      ] Safepoint "Cleanup", Time since last: 1000876200 ns, Reaching safepoint: 119900 ns, At safepoint: 12800 ns, Total: 132700 ns
[2026-08-01T22:30:48.725+0900][233.838s][info ][gc,start       ] GC(62) Pause Young (Normal) (G1 Evacuation Pause)
[2026-08-01T22:30:48.725+0900][233.838s][debug][gc,heap        ] GC(62) Heap before GC invocations=62 (full 35):
[2026-08-01T22:30:48.725+0900][233.838s][debug][gc,heap        ] GC(62)  garbage-first heap   total 9404416K, used 4484344K [0x0000027678000000, 0x000002ad78000000)
[2026-08-01T22:30:48.725+0900][233.838s][debug][gc,heap        ] GC(62)   region size 32768K, 57 young (1867776K), 0 survivors (0K)
[2026-08-01T22:30:48.725+0900][233.838s][debug][gc,heap        ] GC(62)  Metaspace       used 8468K, committed 8896K, reserved 1114112K
[2026-08-01T22:30:48.725+0900][233.838s][debug][gc,heap        ] GC(62)   class space    used 745K, committed 960K, reserved 1048576K
[2026-08-01T22:30:48.725+0900][233.838s][info ][gc,task        ] GC(62) Using 18 workers of 18 for evacuation
[2026-08-01T22:30:48.903+0900][234.016s][info ][gc,phases      ] GC(62)   Pre Evacuate Collection Set: 0.1ms
[2026-08-01T22:30:48.903+0900][234.016s][info ][gc,phases      ] GC(62)   Merge Heap Roots: 1.2ms
[2026-08-01T22:30:48.903+0900][234.016s][info ][gc,phases      ] GC(62)   Evacuate Collection Set: 175.0ms
[2026-08-01T22:30:48.903+0900][234.016s][info ][gc,phases      ] GC(62)   Post Evacuate Collection Set: 1.5ms
[2026-08-01T22:30:48.903+0900][234.016s][info ][gc,phases      ] GC(62)   Other: 0.1ms
[2026-08-01T22:30:48.903+0900][234.016s][info ][gc,heap        ] GC(62) Eden regions: 57->0(29)
[2026-08-01T22:30:48.903+0900][234.016s][info ][gc,heap        ] GC(62) Survivor regions: 0->8(8)
[2026-08-01T22:30:48.903+0900][234.016s][info ][gc,heap        ] GC(62) Old regions: 84->105
[2026-08-01T22:30:48.903+0900][234.016s][info ][gc,heap        ] GC(62) Archive regions: 0->0
[2026-08-01T22:30:48.903+0900][234.016s][info ][gc,heap        ] GC(62) Humongous regions: 4->4
[2026-08-01T22:30:48.903+0900][234.016s][info ][gc,metaspace   ] GC(62) Metaspace: 8468K(8896K)->8468K(8896K) NonClass: 7723K(7936K)->7723K(7936K) Class: 745K(960K)->745K(960K)
[2026-08-01T22:30:48.903+0900][234.016s][debug][gc,heap        ] GC(62) Heap after GC invocations=63 (full 35):
[2026-08-01T22:30:48.903+0900][234.016s][debug][gc,heap        ] GC(62)  garbage-first heap   total 9404416K, used 3547126K [0x0000027678000000, 0x000002ad78000000)
[2026-08-01T22:30:48.903+0900][234.016s][debug][gc,heap        ] GC(62)   region size 32768K, 8 young (262144K), 8 survivors (262144K)
[2026-08-01T22:30:48.903+0900][234.016s][debug][gc,heap        ] GC(62)  Metaspace       used 8468K, committed 8896K, reserved 1114112K
[2026-08-01T22:30:48.903+0900][234.016s][debug][gc,heap        ] GC(62)   class space    used 745K, committed 960K, reserved 1048576K
[2026-08-01T22:30:48.903+0900][234.017s][info ][gc             ] GC(62) Pause Young (Normal) (G1 Evacuation Pause) 4379M->3463M(9184M) 178.285ms
[2026-08-01T22:30:48.903+0900][234.017s][info ][gc,cpu         ] GC(62) User=2.70s Sys=0.42s Real=0.18s
[2026-08-01T22:30:48.903+0900][234.017s][info ][safepoint      ] Safepoint "G1CollectForAllocation", Time since last: 451669000 ns, Reaching safepoint: 101000 ns, At safepoint: 178353400 ns, Total: 178454400 ns
[2026-08-01T22:30:49.241+0900][234.354s][info ][gc,start       ] GC(63) Pause Young (Normal) (G1 Evacuation Pause)
[2026-08-01T22:30:49.241+0900][234.354s][debug][gc,heap        ] GC(63) Heap before GC invocations=63 (full 35):
[2026-08-01T22:30:49.241+0900][234.355s][debug][gc,heap        ] GC(63)  garbage-first heap   total 9404416K, used 3776502K [0x0000027678000000, 0x000002ad78000000)
[2026-08-01T22:30:49.241+0900][234.355s][debug][gc,heap        ] GC(63)   region size 32768K, 15 young (491520K), 8 survivors (262144K)
[2026-08-01T22:30:49.241+0900][234.355s][debug][gc,heap        ] GC(63)  Metaspace       used 8489K, committed 8896K, reserved 1114112K
[2026-08-01T22:30:49.241+0900][234.355s][debug][gc,heap        ] GC(63)   class space    used 745K, committed 960K, reserved 1048576K
[2026-08-01T22:30:49.241+0900][234.355s][info ][gc,task        ] GC(63) Using 18 workers of 18 for evacuation
[2026-08-01T22:30:49.312+0900][234.426s][info ][gc,phases      ] GC(63)   Pre Evacuate Collection Set: 0.1ms
[2026-08-01T22:30:49.312+0900][234.426s][info ][gc,phases      ] GC(63)   Merge Heap Roots: 6.4ms
[2026-08-01T22:30:49.312+0900][234.426s][info ][gc,phases      ] GC(63)   Evacuate Collection Set: 64.5ms
[2026-08-01T22:30:49.312+0900][234.426s][info ][gc,phases      ] GC(63)   Post Evacuate Collection Set: 0.4ms
[2026-08-01T22:30:49.312+0900][234.426s][info ][gc,phases      ] GC(63)   Other: 0.1ms
[2026-08-01T22:30:49.312+0900][234.426s][info ][gc,heap        ] GC(63) Eden regions: 7->0(28)
[2026-08-01T22:30:49.312+0900][234.426s][info ][gc,heap        ] GC(63) Survivor regions: 8->2(2)
[2026-08-01T22:30:49.312+0900][234.426s][info ][gc,heap        ] GC(63) Old regions: 105->113
[2026-08-01T22:30:49.312+0900][234.426s][info ][gc,heap        ] GC(63) Archive regions: 0->0
[2026-08-01T22:30:49.312+0900][234.426s][info ][gc,heap        ] GC(63) Humongous regions: 4->4
[2026-08-01T22:30:49.312+0900][234.426s][info ][gc,metaspace   ] GC(63) Metaspace: 8489K(8896K)->8489K(8896K) NonClass: 7744K(7936K)->7744K(7936K) Class: 745K(960K)->745K(960K)
[2026-08-01T22:30:49.312+0900][234.426s][debug][gc,heap        ] GC(63) Heap after GC invocations=64 (full 35):
[2026-08-01T22:30:49.312+0900][234.426s][debug][gc,heap        ] GC(63)  garbage-first heap   total 9404416K, used 3632376K [0x0000027678000000, 0x000002ad78000000)
[2026-08-01T22:30:49.313+0900][234.426s][debug][gc,heap        ] GC(63)   region size 32768K, 2 young (65536K), 2 survivors (65536K)
[2026-08-01T22:30:49.313+0900][234.426s][debug][gc,heap        ] GC(63)  Metaspace       used 8489K, committed 8896K, reserved 1114112K
[2026-08-01T22:30:49.313+0900][234.426s][debug][gc,heap        ] GC(63)   class space    used 745K, committed 960K, reserved 1048576K
[2026-08-01T22:30:49.313+0900][234.426s][info ][gc             ] GC(63) Pause Young (Normal) (G1 Evacuation Pause) 3687M->3547M(9184M) 71.827ms
[2026-08-01T22:30:49.313+0900][234.426s][info ][gc,cpu         ] GC(63) User=1.16s Sys=0.00s Real=0.07s
[2026-08-01T22:30:49.313+0900][234.426s][info ][safepoint      ] Safepoint "G1CollectForAllocation", Time since last: 337743900 ns, Reaching safepoint: 111800 ns, At safepoint: 71885600 ns, Total: 71997400 ns
[2026-08-01T22:30:50.625+0900][235.739s][info ][gc,start       ] GC(64) Pause Young (Normal) (G1 Evacuation Pause)
[2026-08-01T22:30:50.625+0900][235.739s][debug][gc,heap        ] GC(64) Heap before GC invocations=64 (full 35):
[2026-08-01T22:30:50.625+0900][235.739s][debug][gc,heap        ] GC(64)  garbage-first heap   total 9404416K, used 4549880K [0x0000027678000000, 0x000002ad78000000)
[2026-08-01T22:30:50.625+0900][235.739s][debug][gc,heap        ] GC(64)   region size 32768K, 30 young (983040K), 2 survivors (65536K)
[2026-08-01T22:30:50.625+0900][235.739s][debug][gc,heap        ] GC(64)  Metaspace       used 8491K, committed 8896K, reserved 1114112K
[2026-08-01T22:30:50.625+0900][235.739s][debug][gc,heap        ] GC(64)   class space    used 745K, committed 960K, reserved 1048576K
[2026-08-01T22:30:50.625+0900][235.739s][info ][gc,task        ] GC(64) Using 18 workers of 18 for evacuation
[2026-08-01T22:30:50.654+0900][235.768s][info ][gc,phases      ] GC(64)   Pre Evacuate Collection Set: 0.1ms
[2026-08-01T22:30:50.654+0900][235.768s][info ][gc,phases      ] GC(64)   Merge Heap Roots: 0.3ms
[2026-08-01T22:30:50.654+0900][235.768s][info ][gc,phases      ] GC(64)   Evacuate Collection Set: 9.8ms
[2026-08-01T22:30:50.654+0900][235.768s][info ][gc,phases      ] GC(64)   Post Evacuate Collection Set: 18.5ms
[2026-08-01T22:30:50.654+0900][235.768s][info ][gc,phases      ] GC(64)   Other: 0.1ms
[2026-08-01T22:30:50.654+0900][235.768s][info ][gc,heap        ] GC(64) Eden regions: 28->0(43)
[2026-08-01T22:30:50.654+0900][235.768s][info ][gc,heap        ] GC(64) Survivor regions: 2->3(4)
[2026-08-01T22:30:50.654+0900][235.768s][info ][gc,heap        ] GC(64) Old regions: 113->113
[2026-08-01T22:30:50.654+0900][235.768s][info ][gc,heap        ] GC(64) Archive regions: 0->0
[2026-08-01T22:30:50.654+0900][235.768s][info ][gc,heap        ] GC(64) Humongous regions: 4->4
[2026-08-01T22:30:50.654+0900][235.768s][info ][gc,metaspace   ] GC(64) Metaspace: 8491K(8896K)->8491K(8896K) NonClass: 7746K(7936K)->7746K(7936K) Class: 745K(960K)->745K(960K)
[2026-08-01T22:30:50.654+0900][235.768s][debug][gc,heap        ] GC(64) Heap after GC invocations=65 (full 35):
[2026-08-01T22:30:50.654+0900][235.768s][debug][gc,heap        ] GC(64)  garbage-first heap   total 19562496K, used 3652512K [0x0000027678000000, 0x000002ad78000000)
[2026-08-01T22:30:50.654+0900][235.768s][debug][gc,heap        ] GC(64)   region size 32768K, 3 young (98304K), 3 survivors (98304K)
[2026-08-01T22:30:50.654+0900][235.768s][debug][gc,heap        ] GC(64)  Metaspace       used 8491K, committed 8896K, reserved 1114112K
[2026-08-01T22:30:50.654+0900][235.768s][debug][gc,heap        ] GC(64)   class space    used 745K, committed 960K, reserved 1048576K
[2026-08-01T22:30:50.654+0900][235.768s][info ][gc             ] GC(64) Pause Young (Normal) (G1 Evacuation Pause) 4443M->3566M(19104M) 29.176ms
[2026-08-01T22:30:50.654+0900][235.768s][info ][gc,cpu         ] GC(64) User=0.02s Sys=0.02s Real=0.03s
[2026-08-01T22:30:50.654+0900][235.768s][info ][safepoint      ] Safepoint "G1CollectForAllocation", Time since last: 1312494700 ns, Reaching safepoint: 99600 ns, At safepoint: 29298400 ns, Total: 29398000 ns
[2026-08-01T22:30:51.656+0900][236.769s][info ][safepoint      ] Safepoint "Cleanup", Time since last: 1001096800 ns, Reaching safepoint: 108000 ns, At safepoint: 12900 ns, Total: 120900 ns
[2026-08-01T22:30:51.944+0900][237.057s][info ][gc,start       ] GC(65) Pause Young (Normal) (G1 Evacuation Pause)
[2026-08-01T22:30:51.944+0900][237.058s][debug][gc,heap        ] GC(65) Heap before GC invocations=65 (full 35):
[2026-08-01T22:30:51.944+0900][237.058s][debug][gc,heap        ] GC(65)  garbage-first heap   total 19562496K, used 5061536K [0x0000027678000000, 0x000002ad78000000)
[2026-08-01T22:30:51.944+0900][237.058s][debug][gc,heap        ] GC(65)   region size 32768K, 46 young (1507328K), 3 survivors (98304K)
[2026-08-01T22:30:51.944+0900][237.058s][debug][gc,heap        ] GC(65)  Metaspace       used 8564K, committed 8960K, reserved 1114112K
[2026-08-01T22:30:51.944+0900][237.058s][debug][gc,heap        ] GC(65)   class space    used 754K, committed 960K, reserved 1048576K
[2026-08-01T22:30:51.944+0900][237.058s][info ][gc,task        ] GC(65) Using 18 workers of 18 for evacuation
[2026-08-01T22:30:51.987+0900][237.100s][info ][gc,phases      ] GC(65)   Pre Evacuate Collection Set: 0.1ms
[2026-08-01T22:30:51.987+0900][237.100s][info ][gc,phases      ] GC(65)   Merge Heap Roots: 0.3ms
[2026-08-01T22:30:51.987+0900][237.100s][info ][gc,phases      ] GC(65)   Evacuate Collection Set: 41.8ms
[2026-08-01T22:30:51.987+0900][237.100s][info ][gc,phases      ] GC(65)   Post Evacuate Collection Set: 0.4ms
[2026-08-01T22:30:51.987+0900][237.100s][info ][gc,phases      ] GC(65)   Other: 0.1ms
[2026-08-01T22:30:51.987+0900][237.100s][info ][gc,heap        ] GC(65) Eden regions: 43->0(55)
[2026-08-01T22:30:51.987+0900][237.100s][info ][gc,heap        ] GC(65) Survivor regions: 3->6(6)
[2026-08-01T22:30:51.987+0900][237.100s][info ][gc,heap        ] GC(65) Old regions: 113->115
[2026-08-01T22:30:51.987+0900][237.100s][info ][gc,heap        ] GC(65) Archive regions: 0->0
[2026-08-01T22:30:51.987+0900][237.100s][info ][gc,heap        ] GC(65) Humongous regions: 4->4
[2026-08-01T22:30:51.987+0900][237.100s][info ][gc,metaspace   ] GC(65) Metaspace: 8564K(8960K)->8564K(8960K) NonClass: 7810K(8000K)->7810K(8000K) Class: 754K(960K)->754K(960K)
[2026-08-01T22:30:51.987+0900][237.100s][debug][gc,heap        ] GC(65) Heap after GC invocations=66 (full 35):
[2026-08-01T22:30:51.987+0900][237.101s][debug][gc,heap        ] GC(65)  garbage-first heap   total 19562496K, used 3823490K [0x0000027678000000, 0x000002ad78000000)
[2026-08-01T22:30:51.987+0900][237.101s][debug][gc,heap        ] GC(65)   region size 32768K, 6 young (196608K), 6 survivors (196608K)
[2026-08-01T22:30:51.987+0900][237.101s][debug][gc,heap        ] GC(65)  Metaspace       used 8564K, committed 8960K, reserved 1114112K
[2026-08-01T22:30:51.987+0900][237.101s][debug][gc,heap        ] GC(65)   class space    used 754K, committed 960K, reserved 1048576K
[2026-08-01T22:30:51.987+0900][237.101s][info ][gc             ] GC(65) Pause Young (Normal) (G1 Evacuation Pause) 4942M->3733M(19104M) 43.126ms
[2026-08-01T22:30:51.987+0900][237.101s][info ][gc,cpu         ] GC(65) User=0.75s Sys=0.19s Real=0.04s
[2026-08-01T22:30:51.987+0900][237.101s][info ][safepoint      ] Safepoint "G1CollectForAllocation", Time since last: 287931200 ns, Reaching safepoint: 78500 ns, At safepoint: 43230600 ns, Total: 43309100 ns
[2026-08-01T22:30:52.754+0900][237.868s][info ][gc,start       ] GC(66) Pause Young (Normal) (G1 Evacuation Pause)
[2026-08-01T22:30:52.754+0900][237.868s][debug][gc,heap        ] GC(66) Heap before GC invocations=66 (full 35):
[2026-08-01T22:30:52.754+0900][237.868s][debug][gc,heap        ] GC(66)  garbage-first heap   total 19562496K, used 5625730K [0x0000027678000000, 0x000002ad78000000)
[2026-08-01T22:30:52.754+0900][237.868s][debug][gc,heap        ] GC(66)   region size 32768K, 61 young (1998848K), 6 survivors (196608K)
[2026-08-01T22:30:52.754+0900][237.868s][debug][gc,heap        ] GC(66)  Metaspace       used 8566K, committed 8960K, reserved 1114112K
[2026-08-01T22:30:52.754+0900][237.868s][debug][gc,heap        ] GC(66)   class space    used 754K, committed 960K, reserved 1048576K
[2026-08-01T22:30:52.754+0900][237.868s][info ][gc,task        ] GC(66) Using 18 workers of 18 for evacuation
[2026-08-01T22:30:52.780+0900][237.894s][info ][gc,phases      ] GC(66)   Pre Evacuate Collection Set: 0.1ms
[2026-08-01T22:30:52.780+0900][237.894s][info ][gc,phases      ] GC(66)   Merge Heap Roots: 0.3ms
[2026-08-01T22:30:52.780+0900][237.894s][info ][gc,phases      ] GC(66)   Evacuate Collection Set: 24.9ms
[2026-08-01T22:30:52.780+0900][237.894s][info ][gc,phases      ] GC(66)   Post Evacuate Collection Set: 0.4ms
[2026-08-01T22:30:52.780+0900][237.894s][info ][gc,phases      ] GC(66)   Other: 0.1ms
[2026-08-01T22:30:52.780+0900][237.894s][info ][gc,heap        ] GC(66) Eden regions: 55->0(101)
[2026-08-01T22:30:52.780+0900][237.894s][info ][gc,heap        ] GC(66) Survivor regions: 6->1(8)
[2026-08-01T22:30:52.780+0900][237.894s][info ][gc,heap        ] GC(66) Old regions: 115->121
[2026-08-01T22:30:52.780+0900][237.894s][info ][gc,heap        ] GC(66) Archive regions: 0->0
[2026-08-01T22:30:52.780+0900][237.894s][info ][gc,heap        ] GC(66) Humongous regions: 4->4
[2026-08-01T22:30:52.780+0900][237.894s][info ][gc,metaspace   ] GC(66) Metaspace: 8566K(8960K)->8566K(8960K) NonClass: 7812K(8000K)->7812K(8000K) Class: 754K(960K)->754K(960K)
[2026-08-01T22:30:52.780+0900][237.894s][debug][gc,heap        ] GC(66) Heap after GC invocations=67 (full 35):
[2026-08-01T22:30:52.780+0900][237.894s][debug][gc,heap        ] GC(66)  garbage-first heap   total 19562496K, used 3851703K [0x0000027678000000, 0x000002ad78000000)
[2026-08-01T22:30:52.780+0900][237.894s][debug][gc,heap        ] GC(66)   region size 32768K, 1 young (32768K), 1 survivors (32768K)
[2026-08-01T22:30:52.780+0900][237.894s][debug][gc,heap        ] GC(66)  Metaspace       used 8566K, committed 8960K, reserved 1114112K
[2026-08-01T22:30:52.780+0900][237.894s][debug][gc,heap        ] GC(66)   class space    used 754K, committed 960K, reserved 1048576K
[2026-08-01T22:30:52.780+0900][237.894s][info ][gc             ] GC(66) Pause Young (Normal) (G1 Evacuation Pause) 5493M->3761M(19104M) 26.175ms
[2026-08-01T22:30:52.780+0900][237.894s][info ][gc,cpu         ] GC(66) User=0.52s Sys=0.06s Real=0.03s
[2026-08-01T22:30:52.780+0900][237.894s][info ][safepoint      ] Safepoint "G1CollectForAllocation", Time since last: 767092700 ns, Reaching safepoint: 130500 ns, At safepoint: 26275000 ns, Total: 26405500 ns
[2026-08-01T22:30:55.807+0900][240.920s][info ][safepoint      ] Safepoint "Cleanup", Time since last: 3026081400 ns, Reaching safepoint: 65800 ns, At safepoint: 15300 ns, Total: 81100 ns
[2026-08-01T22:30:56.080+0900][241.194s][info ][gc,start       ] GC(67) Pause Young (Normal) (G1 Evacuation Pause)
[2026-08-01T22:30:56.080+0900][241.194s][debug][gc,heap        ] GC(67) Heap before GC invocations=67 (full 35):
[2026-08-01T22:30:56.080+0900][241.194s][debug][gc,heap        ] GC(67)  garbage-first heap   total 19562496K, used 7161271K [0x0000027678000000, 0x000002ad78000000)
[2026-08-01T22:30:56.080+0900][241.194s][debug][gc,heap        ] GC(67)   region size 32768K, 102 young (3342336K), 1 survivors (32768K)
[2026-08-01T22:30:56.080+0900][241.194s][debug][gc,heap        ] GC(67)  Metaspace       used 8569K, committed 8960K, reserved 1114112K
[2026-08-01T22:30:56.080+0900][241.194s][debug][gc,heap        ] GC(67)   class space    used 754K, committed 960K, reserved 1048576K
[2026-08-01T22:30:56.080+0900][241.194s][info ][gc,task        ] GC(67) Using 18 workers of 18 for evacuation
[2026-08-01T22:30:56.144+0900][241.258s][info ][gc,phases      ] GC(67)   Pre Evacuate Collection Set: 0.1ms
[2026-08-01T22:30:56.144+0900][241.258s][info ][gc,phases      ] GC(67)   Merge Heap Roots: 0.6ms
[2026-08-01T22:30:56.144+0900][241.258s][info ][gc,phases      ] GC(67)   Evacuate Collection Set: 62.5ms
[2026-08-01T22:30:56.144+0900][241.258s][info ][gc,phases      ] GC(67)   Post Evacuate Collection Set: 0.6ms
[2026-08-01T22:30:56.144+0900][241.258s][info ][gc,phases      ] GC(67)   Other: 0.1ms
[2026-08-01T22:30:56.144+0900][241.258s][info ][gc,heap        ] GC(67) Eden regions: 101->0(110)
[2026-08-01T22:30:56.144+0900][241.258s][info ][gc,heap        ] GC(67) Survivor regions: 1->9(13)
[2026-08-01T22:30:56.145+0900][241.258s][info ][gc,heap        ] GC(67) Old regions: 121->121
[2026-08-01T22:30:56.145+0900][241.258s][info ][gc,heap        ] GC(67) Archive regions: 0->0
[2026-08-01T22:30:56.145+0900][241.258s][info ][gc,heap        ] GC(67) Humongous regions: 4->4
[2026-08-01T22:30:56.145+0900][241.258s][info ][gc,metaspace   ] GC(67) Metaspace: 8569K(8960K)->8569K(8960K) NonClass: 7815K(8000K)->7815K(8000K) Class: 754K(960K)->754K(960K)
[2026-08-01T22:30:56.145+0900][241.258s][debug][gc,heap        ] GC(67) Heap after GC invocations=68 (full 35):
[2026-08-01T22:30:56.145+0900][241.258s][debug][gc,heap        ] GC(67)  garbage-first heap   total 19562496K, used 4096669K [0x0000027678000000, 0x000002ad78000000)
[2026-08-01T22:30:56.145+0900][241.258s][debug][gc,heap        ] GC(67)   region size 32768K, 9 young (294912K), 9 survivors (294912K)
[2026-08-01T22:30:56.145+0900][241.258s][debug][gc,heap        ] GC(67)  Metaspace       used 8569K, committed 8960K, reserved 1114112K
[2026-08-01T22:30:56.145+0900][241.258s][debug][gc,heap        ] GC(67)   class space    used 754K, committed 960K, reserved 1048576K
[2026-08-01T22:30:56.145+0900][241.258s][info ][gc             ] GC(67) Pause Young (Normal) (G1 Evacuation Pause) 6993M->4000M(19104M) 64.337ms
[2026-08-01T22:30:56.145+0900][241.258s][info ][gc,cpu         ] GC(67) User=0.77s Sys=0.17s Real=0.07s
[2026-08-01T22:30:56.145+0900][241.258s][info ][safepoint      ] Safepoint "G1CollectForAllocation", Time since last: 273537800 ns, Reaching safepoint: 110200 ns, At safepoint: 64405400 ns, Total: 64515600 ns
[2026-08-01T22:30:57.148+0900][242.261s][info ][safepoint      ] Safepoint "Cleanup", Time since last: 1002919500 ns, Reaching safepoint: 127000 ns, At safepoint: 12700 ns, Total: 139700 ns
[2026-08-01T22:30:58.154+0900][243.267s][info ][safepoint      ] Safepoint "Cleanup", Time since last: 1005809600 ns, Reaching safepoint: 171200 ns, At safepoint: 10900 ns, Total: 182100 ns
[2026-08-01T22:32:01.549+0900][306.662s][info ][safepoint      ] Safepoint "Cleanup", Time since last: 63394880700 ns, Reaching safepoint: 116400 ns, At safepoint: 15800 ns, Total: 132200 ns
[2026-08-01T23:03:52.138+0900][2217.251s][info ][safepoint      ] Safepoint "Cleanup", Time since last: 1910588805400 ns, Reaching safepoint: 149700 ns, At safepoint: 14200 ns, Total: 163900 ns
[2026-08-01T23:03:53.037+0900][2218.150s][info ][gc,start       ] GC(68) Pause Young (Normal) (G1 Evacuation Pause)
[2026-08-01T23:03:53.037+0900][2218.150s][debug][gc,heap        ] GC(68) Heap before GC invocations=68 (full 35):
[2026-08-01T23:03:53.037+0900][2218.151s][debug][gc,heap        ] GC(68)  garbage-first heap   total 19562496K, used 7701149K [0x0000027678000000, 0x000002ad78000000)
[2026-08-01T23:03:53.037+0900][2218.151s][debug][gc,heap        ] GC(68)   region size 32768K, 119 young (3899392K), 9 survivors (294912K)
[2026-08-01T23:03:53.037+0900][2218.151s][debug][gc,heap        ] GC(68)  Metaspace       used 8593K, committed 8960K, reserved 1114112K
[2026-08-01T23:03:53.037+0900][2218.151s][debug][gc,heap        ] GC(68)   class space    used 754K, committed 960K, reserved 1048576K
[2026-08-01T23:03:53.037+0900][2218.151s][info ][gc,task        ] GC(68) Using 18 workers of 18 for evacuation
[2026-08-01T23:03:53.141+0900][2218.254s][info ][gc,phases      ] GC(68)   Pre Evacuate Collection Set: 0.1ms
[2026-08-01T23:03:53.141+0900][2218.254s][info ][gc,phases      ] GC(68)   Merge Heap Roots: 1.2ms
[2026-08-01T23:03:53.141+0900][2218.254s][info ][gc,phases      ] GC(68)   Evacuate Collection Set: 94.6ms
[2026-08-01T23:03:53.141+0900][2218.254s][info ][gc,phases      ] GC(68)   Post Evacuate Collection Set: 7.7ms
[2026-08-01T23:03:53.141+0900][2218.254s][info ][gc,phases      ] GC(68)   Other: 0.1ms
[2026-08-01T23:03:53.141+0900][2218.254s][info ][gc,heap        ] GC(68) Eden regions: 110->0(128)
[2026-08-01T23:03:53.141+0900][2218.254s][info ][gc,heap        ] GC(68) Survivor regions: 9->15(15)
[2026-08-01T23:03:53.141+0900][2218.254s][info ][gc,heap        ] GC(68) Old regions: 121->122
[2026-08-01T23:03:53.141+0900][2218.254s][info ][gc,heap        ] GC(68) Archive regions: 0->0
[2026-08-01T23:03:53.141+0900][2218.254s][info ][gc,heap        ] GC(68) Humongous regions: 4->4
[2026-08-01T23:03:53.141+0900][2218.254s][info ][gc,metaspace   ] GC(68) Metaspace: 8593K(8960K)->8593K(8960K) NonClass: 7839K(8000K)->7839K(8000K) Class: 754K(960K)->754K(960K)
[2026-08-01T23:03:53.141+0900][2218.254s][debug][gc,heap        ] GC(68) Heap after GC invocations=69 (full 35):
[2026-08-01T23:03:53.141+0900][2218.254s][debug][gc,heap        ] GC(68)  garbage-first heap   total 23494656K, used 4322784K [0x0000027678000000, 0x000002ad78000000)
[2026-08-01T23:03:53.141+0900][2218.254s][debug][gc,heap        ] GC(68)   region size 32768K, 15 young (491520K), 15 survivors (491520K)
[2026-08-01T23:03:53.141+0900][2218.254s][debug][gc,heap        ] GC(68)  Metaspace       used 8593K, committed 8960K, reserved 1114112K
[2026-08-01T23:03:53.141+0900][2218.254s][debug][gc,heap        ] GC(68)   class space    used 754K, committed 960K, reserved 1048576K
[2026-08-01T23:03:53.141+0900][2218.254s][info ][gc             ] GC(68) Pause Young (Normal) (G1 Evacuation Pause) 7520M->4221M(22944M) 104.058ms
[2026-08-01T23:03:53.141+0900][2218.255s][info ][gc,cpu         ] GC(68) User=1.47s Sys=0.23s Real=0.10s
[2026-08-01T23:03:53.141+0900][2218.255s][info ][safepoint      ] Safepoint "G1CollectForAllocation", Time since last: 898914400 ns, Reaching safepoint: 103400 ns, At safepoint: 104125900 ns, Total: 104229300 ns
[2026-08-01T23:03:54.484+0900][2219.597s][info ][safepoint      ] Safepoint "Cleanup", Time since last: 1342119700 ns, Reaching safepoint: 124700 ns, At safepoint: 10800 ns, Total: 135500 ns
[2026-08-01T23:06:28.788+0900][2373.901s][info ][safepoint      ] Safepoint "Cleanup", Time since last: 154304388800 ns, Reaching safepoint: 124500 ns, At safepoint: 11900 ns, Total: 136400 ns
[2026-08-01T23:07:28.138+0900][2433.251s][info ][safepoint      ] Safepoint "Cleanup", Time since last: 59349869100 ns, Reaching safepoint: 130500 ns, At safepoint: 12500 ns, Total: 143000 ns
[2026-08-01T23:07:39.714+0900][2444.828s][info ][gc,heap,exit   ] Heap
[2026-08-01T23:07:39.714+0900][2444.828s][info ][gc,heap,exit   ]  garbage-first heap   total 23494656K, used 6321634K [0x0000027678000000, 0x000002ad78000000)
[2026-08-01T23:07:39.715+0900][2444.828s][info ][gc,heap,exit   ]   region size 32768K, 77 young (2523136K), 15 survivors (491520K)
[2026-08-01T23:07:39.715+0900][2444.828s][info ][gc,heap,exit   ]  Metaspace       used 9809K, committed 10368K, reserved 1114112K
[2026-08-01T23:07:39.715+0900][2444.828s][info ][gc,heap,exit   ]   class space    used 877K, committed 1152K, reserved 1048576K
