[2026-08-01T22:08:59.360+0900][0.007s][info][gc,init] CardTable entry size: 512
[2026-08-01T22:08:59.360+0900][0.007s][debug][gc,heap] Minimum heap 33554432  Initial heap 2147483648  Maximum heap 236223201280
[2026-08-01T22:08:59.360+0900][0.007s][info ][gc     ] Using G1
[2026-08-01T22:08:59.367+0900][0.014s][info ][gc,init] Version: 18.0.1.1+2-6 (release)
[2026-08-01T22:08:59.367+0900][0.014s][info ][gc,init] CPUs: 24 total, 24 available
[2026-08-01T22:08:59.367+0900][0.014s][info ][gc,init] Memory: 255G
[2026-08-01T22:08:59.367+0900][0.014s][info ][gc,init] Large Page Support: Disabled
[2026-08-01T22:08:59.367+0900][0.014s][info ][gc,init] NUMA Support: Disabled
[2026-08-01T22:08:59.367+0900][0.014s][info ][gc,init] Compressed Oops: Disabled
[2026-08-01T22:08:59.367+0900][0.014s][info ][gc,init] Heap Region Size: 32M
[2026-08-01T22:08:59.367+0900][0.014s][info ][gc,init] Heap Min Capacity: 32M
[2026-08-01T22:08:59.367+0900][0.014s][info ][gc,init] Heap Initial Capacity: 2G
[2026-08-01T22:08:59.367+0900][0.014s][info ][gc,init] Heap Max Capacity: 220G
[2026-08-01T22:08:59.367+0900][0.014s][info ][gc,init] Pre-touch: Disabled
[2026-08-01T22:08:59.367+0900][0.014s][info ][gc,init] Parallel Workers: 18
[2026-08-01T22:08:59.367+0900][0.014s][info ][gc,init] Concurrent Workers: 5
[2026-08-01T22:08:59.367+0900][0.014s][info ][gc,init] Concurrent Refinement Workers: 18
[2026-08-01T22:08:59.367+0900][0.014s][info ][gc,init] Periodic GC: Disabled
[2026-08-01T22:08:59.368+0900][0.015s][info ][gc,metaspace] CDS archive(s) mapped at: [0x0000000800000000-0x0000000800ba0000-0x0000000800ba0000), size 12189696, SharedBaseAddress: 0x0000000800000000, ArchiveRelocationMode: 0.
[2026-08-01T22:08:59.368+0900][0.015s][info ][gc,metaspace] Compressed class space mapped at: 0x0000000800c00000-0x0000000840c00000, reserved size: 1073741824
[2026-08-01T22:08:59.368+0900][0.015s][info ][gc,metaspace] Narrow klass base: 0x0000000800000000, Narrow klass shift: 0, Narrow klass range: 0x100000000
[2026-08-01T22:08:59.434+0900][0.082s][info ][gc,start    ] GC(0) Pause Full (System.gc())
[2026-08-01T22:08:59.435+0900][0.082s][debug][gc,heap     ] GC(0) Heap before GC invocations=0 (full 0):
[2026-08-01T22:08:59.435+0900][0.082s][debug][gc,heap     ] GC(0)  garbage-first heap   total 2097152K, used 0K [0x000001da1e000000, 0x000002111e000000)
[2026-08-01T22:08:59.435+0900][0.082s][debug][gc,heap     ] GC(0)   region size 32768K, 1 young (32768K), 0 survivors (0K)
[2026-08-01T22:08:59.435+0900][0.082s][debug][gc,heap     ] GC(0)  Metaspace       used 630K, committed 768K, reserved 1114112K
[2026-08-01T22:08:59.435+0900][0.082s][debug][gc,heap     ] GC(0)   class space    used 41K, committed 128K, reserved 1048576K
[2026-08-01T22:08:59.435+0900][0.082s][info ][gc,task     ] GC(0) Using 1 workers of 18 for full compaction
[2026-08-01T22:08:59.435+0900][0.082s][info ][gc,phases,start] GC(0) Phase 1: Mark live objects
[2026-08-01T22:08:59.436+0900][0.083s][info ][gc,phases      ] GC(0) Phase 1: Mark live objects 1.458ms
[2026-08-01T22:08:59.436+0900][0.083s][info ][gc,phases,start] GC(0) Phase 2: Prepare for compaction
[2026-08-01T22:08:59.438+0900][0.085s][info ][gc,phases      ] GC(0) Phase 2: Prepare for compaction 1.840ms
[2026-08-01T22:08:59.438+0900][0.085s][info ][gc,phases,start] GC(0) Phase 3: Adjust pointers
[2026-08-01T22:08:59.439+0900][0.086s][info ][gc,phases      ] GC(0) Phase 3: Adjust pointers 0.658ms
[2026-08-01T22:08:59.439+0900][0.086s][info ][gc,phases,start] GC(0) Phase 4: Compact heap
[2026-08-01T22:08:59.442+0900][0.088s][info ][gc,phases      ] GC(0) Phase 4: Compact heap 2.511ms
[2026-08-01T22:08:59.449+0900][0.095s][debug][gc,heap        ] GC(0) Uncommittable regions after shrink: 60
[2026-08-01T22:08:59.449+0900][0.096s][info ][gc,heap        ] GC(0) Eden regions: 1->0(1)
[2026-08-01T22:08:59.449+0900][0.096s][info ][gc,heap        ] GC(0) Survivor regions: 0->0(0)
[2026-08-01T22:08:59.449+0900][0.096s][info ][gc,heap        ] GC(0) Old regions: 0->1
[2026-08-01T22:08:59.449+0900][0.096s][info ][gc,heap        ] GC(0) Archive regions: 0->0
[2026-08-01T22:08:59.449+0900][0.096s][info ][gc,heap        ] GC(0) Humongous regions: 0->0
[2026-08-01T22:08:59.449+0900][0.096s][info ][gc,metaspace   ] GC(0) Metaspace: 630K(768K)->630K(768K) NonClass: 589K(640K)->589K(640K) Class: 41K(128K)->41K(128K)
[2026-08-01T22:08:59.449+0900][0.096s][debug][gc,heap        ] GC(0) Heap after GC invocations=1 (full 1):
[2026-08-01T22:08:59.449+0900][0.096s][debug][gc,heap        ] GC(0)  garbage-first heap   total 131072K, used 6067K [0x000001da1e000000, 0x000002111e000000)
[2026-08-01T22:08:59.449+0900][0.096s][debug][gc,heap        ] GC(0)   region size 32768K, 0 young (0K), 0 survivors (0K)
[2026-08-01T22:08:59.449+0900][0.096s][debug][gc,heap        ] GC(0)  Metaspace       used 630K, committed 768K, reserved 1114112K
[2026-08-01T22:08:59.449+0900][0.096s][debug][gc,heap        ] GC(0)   class space    used 41K, committed 128K, reserved 1048576K
[2026-08-01T22:08:59.449+0900][0.096s][info ][gc             ] GC(0) Pause Full (System.gc()) 14M->5M(128M) 14.359ms
[2026-08-01T22:08:59.449+0900][0.096s][info ][gc,cpu         ] GC(0) User=0.00s Sys=0.00s Real=0.01s
[2026-08-01T22:08:59.449+0900][0.096s][info ][safepoint      ] Safepoint "G1CollectFull", Time since last: 61546700 ns, Reaching safepoint: 41399 ns, At safepoint: 14401701 ns, Total: 14443100 ns
[2026-08-01T22:08:59.665+0900][0.313s][debug][gc,heap        ] Concurrent Uncommit Summary: 1920M, 60 regions, 15.547ms
[2026-08-01T22:09:00.006+0900][0.653s][info ][gc,start       ] GC(1) Pause Full (System.gc())
[2026-08-01T22:09:00.006+0900][0.653s][debug][gc,heap        ] GC(1) Heap before GC invocations=1 (full 1):
[2026-08-01T22:09:00.006+0900][0.653s][debug][gc,heap        ] GC(1)  garbage-first heap   total 131072K, used 6067K [0x000001da1e000000, 0x000002111e000000)
[2026-08-01T22:09:00.006+0900][0.653s][debug][gc,heap        ] GC(1)   region size 32768K, 1 young (32768K), 0 survivors (0K)
[2026-08-01T22:09:00.006+0900][0.653s][debug][gc,heap        ] GC(1)  Metaspace       used 5949K, committed 6144K, reserved 1114112K
[2026-08-01T22:09:00.006+0900][0.653s][debug][gc,heap        ] GC(1)   class space    used 550K, committed 640K, reserved 1048576K
[2026-08-01T22:09:00.006+0900][0.653s][info ][gc,task        ] GC(1) Using 1 workers of 18 for full compaction
[2026-08-01T22:09:00.006+0900][0.653s][info ][gc,phases,start] GC(1) Phase 1: Mark live objects
[2026-08-01T22:09:00.013+0900][0.660s][info ][gc,phases      ] GC(1) Phase 1: Mark live objects 7.159ms
[2026-08-01T22:09:00.013+0900][0.660s][info ][gc,phases,start] GC(1) Phase 2: Prepare for compaction
[2026-08-01T22:09:00.015+0900][0.662s][info ][gc,phases      ] GC(1) Phase 2: Prepare for compaction 1.895ms
[2026-08-01T22:09:00.015+0900][0.662s][info ][gc,phases,start] GC(1) Phase 3: Adjust pointers
[2026-08-01T22:09:00.018+0900][0.666s][info ][gc,phases      ] GC(1) Phase 3: Adjust pointers 3.220ms
[2026-08-01T22:09:00.018+0900][0.666s][info ][gc,phases,start] GC(1) Phase 4: Compact heap
[2026-08-01T22:09:00.021+0900][0.668s][info ][gc,phases      ] GC(1) Phase 4: Compact heap 2.598ms
[2026-08-01T22:09:00.022+0900][0.669s][info ][gc,heap        ] GC(1) Eden regions: 1->0(1)
[2026-08-01T22:09:00.022+0900][0.669s][info ][gc,heap        ] GC(1) Survivor regions: 0->0(0)
[2026-08-01T22:09:00.022+0900][0.669s][info ][gc,heap        ] GC(1) Old regions: 1->1
[2026-08-01T22:09:00.022+0900][0.669s][info ][gc,heap        ] GC(1) Archive regions: 0->0
[2026-08-01T22:09:00.022+0900][0.669s][info ][gc,heap        ] GC(1) Humongous regions: 0->0
[2026-08-01T22:09:00.022+0900][0.669s][info ][gc,metaspace   ] GC(1) Metaspace: 5949K(6144K)->5949K(6144K) NonClass: 5399K(5504K)->5399K(5504K) Class: 550K(640K)->550K(640K)
[2026-08-01T22:09:00.022+0900][0.669s][debug][gc,heap        ] GC(1) Heap after GC invocations=2 (full 2):
[2026-08-01T22:09:00.022+0900][0.669s][debug][gc,heap        ] GC(1)  garbage-first heap   total 131072K, used 9007K [0x000001da1e000000, 0x000002111e000000)
[2026-08-01T22:09:00.022+0900][0.669s][debug][gc,heap        ] GC(1)   region size 32768K, 0 young (0K), 0 survivors (0K)
[2026-08-01T22:09:00.023+0900][0.669s][debug][gc,heap        ] GC(1)  Metaspace       used 5949K, committed 6144K, reserved 1114112K
[2026-08-01T22:09:00.023+0900][0.669s][debug][gc,heap        ] GC(1)   class space    used 550K, committed 640K, reserved 1048576K
[2026-08-01T22:09:00.023+0900][0.669s][info ][gc             ] GC(1) Pause Full (System.gc()) 25M->8M(128M) 16.487ms
[2026-08-01T22:09:00.023+0900][0.669s][info ][gc,cpu         ] GC(1) User=0.02s Sys=0.00s Real=0.02s
[2026-08-01T22:09:00.023+0900][0.669s][info ][safepoint      ] Safepoint "G1CollectFull", Time since last: 556951100 ns, Reaching safepoint: 88100 ns, At safepoint: 16530600 ns, Total: 16618700 ns
[2026-08-01T22:09:00.096+0900][0.743s][info ][gc,start       ] GC(2) Pause Full (System.gc())
[2026-08-01T22:09:00.096+0900][0.743s][debug][gc,heap        ] GC(2) Heap before GC invocations=2 (full 2):
[2026-08-01T22:09:00.096+0900][0.743s][debug][gc,heap        ] GC(2)  garbage-first heap   total 131072K, used 9007K [0x000001da1e000000, 0x000002111e000000)
[2026-08-01T22:09:00.096+0900][0.743s][debug][gc,heap        ] GC(2)   region size 32768K, 1 young (32768K), 0 survivors (0K)
[2026-08-01T22:09:00.096+0900][0.743s][debug][gc,heap        ] GC(2)  Metaspace       used 6321K, committed 6528K, reserved 1114112K
[2026-08-01T22:09:00.096+0900][0.743s][debug][gc,heap        ] GC(2)   class space    used 595K, committed 704K, reserved 1048576K
[2026-08-01T22:09:00.097+0900][0.743s][info ][gc,task        ] GC(2) Using 1 workers of 18 for full compaction
[2026-08-01T22:09:00.097+0900][0.743s][info ][gc,phases,start] GC(2) Phase 1: Mark live objects
[2026-08-01T22:09:00.112+0900][0.759s][info ][gc,phases      ] GC(2) Phase 1: Mark live objects 15.508ms
[2026-08-01T22:09:00.112+0900][0.759s][info ][gc,phases,start] GC(2) Phase 2: Prepare for compaction
[2026-08-01T22:09:00.116+0900][0.763s][info ][gc,phases      ] GC(2) Phase 2: Prepare for compaction 4.071ms
[2026-08-01T22:09:00.116+0900][0.763s][info ][gc,phases,start] GC(2) Phase 3: Adjust pointers
[2026-08-01T22:09:00.123+0900][0.770s][info ][gc,phases      ] GC(2) Phase 3: Adjust pointers 7.010ms
[2026-08-01T22:09:00.123+0900][0.770s][info ][gc,phases,start] GC(2) Phase 4: Compact heap
[2026-08-01T22:09:00.127+0900][0.774s][info ][gc,phases      ] GC(2) Phase 4: Compact heap 4.387ms
[2026-08-01T22:09:00.128+0900][0.775s][info ][gc,heap        ] GC(2) Eden regions: 1->0(1)
[2026-08-01T22:09:00.128+0900][0.775s][info ][gc,heap        ] GC(2) Survivor regions: 0->0(0)
[2026-08-01T22:09:00.128+0900][0.775s][info ][gc,heap        ] GC(2) Old regions: 1->1
[2026-08-01T22:09:00.128+0900][0.775s][info ][gc,heap        ] GC(2) Archive regions: 0->0
[2026-08-01T22:09:00.128+0900][0.775s][info ][gc,heap        ] GC(2) Humongous regions: 0->0
[2026-08-01T22:09:00.128+0900][0.775s][info ][gc,metaspace   ] GC(2) Metaspace: 6321K(6528K)->6321K(6528K) NonClass: 5725K(5824K)->5725K(5824K) Class: 595K(704K)->595K(704K)
[2026-08-01T22:09:00.128+0900][0.775s][debug][gc,heap        ] GC(2) Heap after GC invocations=3 (full 3):
[2026-08-01T22:09:00.128+0900][0.775s][debug][gc,heap        ] GC(2)  garbage-first heap   total 131072K, used 15153K [0x000001da1e000000, 0x000002111e000000)
[2026-08-01T22:09:00.128+0900][0.775s][debug][gc,heap        ] GC(2)   region size 32768K, 0 young (0K), 0 survivors (0K)
[2026-08-01T22:09:00.128+0900][0.775s][debug][gc,heap        ] GC(2)  Metaspace       used 6321K, committed 6528K, reserved 1114112K
[2026-08-01T22:09:00.128+0900][0.775s][debug][gc,heap        ] GC(2)   class space    used 595K, committed 704K, reserved 1048576K
[2026-08-01T22:09:00.128+0900][0.775s][info ][gc             ] GC(2) Pause Full (System.gc()) 28M->14M(128M) 32.221ms
[2026-08-01T22:09:00.128+0900][0.775s][info ][gc,cpu         ] GC(2) User=0.06s Sys=0.00s Real=0.03s
[2026-08-01T22:09:00.128+0900][0.775s][info ][safepoint      ] Safepoint "G1CollectFull", Time since last: 73608599 ns, Reaching safepoint: 38601 ns, At safepoint: 32320500 ns, Total: 32359101 ns
[2026-08-01T22:09:00.143+0900][0.790s][info ][gc,start       ] GC(3) Pause Full (System.gc())
[2026-08-01T22:09:00.143+0900][0.790s][debug][gc,heap        ] GC(3) Heap before GC invocations=3 (full 3):
[2026-08-01T22:09:00.143+0900][0.790s][debug][gc,heap        ] GC(3)  garbage-first heap   total 131072K, used 15153K [0x000001da1e000000, 0x000002111e000000)
[2026-08-01T22:09:00.143+0900][0.790s][debug][gc,heap        ] GC(3)   region size 32768K, 1 young (32768K), 0 survivors (0K)
[2026-08-01T22:09:00.143+0900][0.790s][debug][gc,heap        ] GC(3)  Metaspace       used 6538K, committed 6720K, reserved 1114112K
[2026-08-01T22:09:00.143+0900][0.790s][debug][gc,heap        ] GC(3)   class space    used 615K, committed 704K, reserved 1048576K
[2026-08-01T22:09:00.143+0900][0.790s][info ][gc,task        ] GC(3) Using 1 workers of 18 for full compaction
[2026-08-01T22:09:00.143+0900][0.790s][info ][gc,phases,start] GC(3) Phase 1: Mark live objects
[2026-08-01T22:09:00.155+0900][0.802s][info ][gc,phases      ] GC(3) Phase 1: Mark live objects 12.405ms
[2026-08-01T22:09:00.155+0900][0.803s][info ][gc,phases,start] GC(3) Phase 2: Prepare for compaction
[2026-08-01T22:09:00.158+0900][0.805s][info ][gc,phases      ] GC(3) Phase 2: Prepare for compaction 2.266ms
[2026-08-01T22:09:00.158+0900][0.805s][info ][gc,phases,start] GC(3) Phase 3: Adjust pointers
[2026-08-01T22:09:00.162+0900][0.809s][info ][gc,phases      ] GC(3) Phase 3: Adjust pointers 4.327ms
[2026-08-01T22:09:00.162+0900][0.809s][info ][gc,phases,start] GC(3) Phase 4: Compact heap
[2026-08-01T22:09:00.164+0900][0.811s][info ][gc,phases      ] GC(3) Phase 4: Compact heap 2.035ms
[2026-08-01T22:09:00.165+0900][0.812s][info ][gc,heap        ] GC(3) Eden regions: 1->0(1)
[2026-08-01T22:09:00.165+0900][0.812s][info ][gc,heap        ] GC(3) Survivor regions: 0->0(0)
[2026-08-01T22:09:00.165+0900][0.812s][info ][gc,heap        ] GC(3) Old regions: 1->1
[2026-08-01T22:09:00.165+0900][0.812s][info ][gc,heap        ] GC(3) Archive regions: 0->0
[2026-08-01T22:09:00.165+0900][0.812s][info ][gc,heap        ] GC(3) Humongous regions: 0->0
[2026-08-01T22:09:00.165+0900][0.812s][info ][gc,metaspace   ] GC(3) Metaspace: 6538K(6720K)->6538K(6720K) NonClass: 5922K(6016K)->5922K(6016K) Class: 615K(704K)->615K(704K)
[2026-08-01T22:09:00.165+0900][0.812s][debug][gc,heap        ] GC(3) Heap after GC invocations=4 (full 4):
[2026-08-01T22:09:00.165+0900][0.812s][debug][gc,heap        ] GC(3)  garbage-first heap   total 131072K, used 15213K [0x000001da1e000000, 0x000002111e000000)
[2026-08-01T22:09:00.165+0900][0.812s][debug][gc,heap        ] GC(3)   region size 32768K, 0 young (0K), 0 survivors (0K)
[2026-08-01T22:09:00.165+0900][0.812s][debug][gc,heap        ] GC(3)  Metaspace       used 6538K, committed 6720K, reserved 1114112K
[2026-08-01T22:09:00.165+0900][0.812s][debug][gc,heap        ] GC(3)   class space    used 615K, committed 704K, reserved 1048576K
[2026-08-01T22:09:00.165+0900][0.812s][info ][gc             ] GC(3) Pause Full (System.gc()) 16M->14M(128M) 22.172ms
[2026-08-01T22:09:00.165+0900][0.812s][info ][gc,cpu         ] GC(3) User=0.02s Sys=0.00s Real=0.02s
[2026-08-01T22:09:00.165+0900][0.812s][info ][safepoint      ] Safepoint "G1CollectFull", Time since last: 14404600 ns, Reaching safepoint: 31200 ns, At safepoint: 22224600 ns, Total: 22255800 ns
[2026-08-01T22:09:00.168+0900][0.816s][info ][gc,start       ] GC(4) Pause Full (System.gc())
[2026-08-01T22:09:00.168+0900][0.816s][debug][gc,heap        ] GC(4) Heap before GC invocations=4 (full 4):
[2026-08-01T22:09:00.168+0900][0.816s][debug][gc,heap        ] GC(4)  garbage-first heap   total 131072K, used 15213K [0x000001da1e000000, 0x000002111e000000)
[2026-08-01T22:09:00.168+0900][0.816s][debug][gc,heap        ] GC(4)   region size 32768K, 1 young (32768K), 0 survivors (0K)
[2026-08-01T22:09:00.168+0900][0.816s][debug][gc,heap        ] GC(4)  Metaspace       used 6554K, committed 6720K, reserved 1114112K
[2026-08-01T22:09:00.168+0900][0.816s][debug][gc,heap        ] GC(4)   class space    used 615K, committed 704K, reserved 1048576K
[2026-08-01T22:09:00.168+0900][0.816s][info ][gc,task        ] GC(4) Using 1 workers of 18 for full compaction
[2026-08-01T22:09:00.168+0900][0.816s][info ][gc,phases,start] GC(4) Phase 1: Mark live objects
[2026-08-01T22:09:00.181+0900][0.828s][info ][gc,phases      ] GC(4) Phase 1: Mark live objects 12.253ms
[2026-08-01T22:09:00.181+0900][0.828s][info ][gc,phases,start] GC(4) Phase 2: Prepare for compaction
[2026-08-01T22:09:00.184+0900][0.830s][info ][gc,phases      ] GC(4) Phase 2: Prepare for compaction 2.375ms
[2026-08-01T22:09:00.184+0900][0.830s][info ][gc,phases,start] GC(4) Phase 3: Adjust pointers
[2026-08-01T22:09:00.188+0900][0.835s][info ][gc,phases      ] GC(4) Phase 3: Adjust pointers 4.857ms
[2026-08-01T22:09:00.188+0900][0.835s][info ][gc,phases,start] GC(4) Phase 4: Compact heap
[2026-08-01T22:09:00.190+0900][0.837s][info ][gc,phases      ] GC(4) Phase 4: Compact heap 2.034ms
[2026-08-01T22:09:00.191+0900][0.838s][info ][gc,heap        ] GC(4) Eden regions: 1->0(1)
[2026-08-01T22:09:00.191+0900][0.838s][info ][gc,heap        ] GC(4) Survivor regions: 0->0(0)
[2026-08-01T22:09:00.191+0900][0.838s][info ][gc,heap        ] GC(4) Old regions: 1->1
[2026-08-01T22:09:00.191+0900][0.838s][info ][gc,heap        ] GC(4) Archive regions: 0->0
[2026-08-01T22:09:00.191+0900][0.838s][info ][gc,heap        ] GC(4) Humongous regions: 0->0
[2026-08-01T22:09:00.191+0900][0.838s][info ][gc,metaspace   ] GC(4) Metaspace: 6554K(6720K)->6554K(6720K) NonClass: 5938K(6016K)->5938K(6016K) Class: 615K(704K)->615K(704K)
[2026-08-01T22:09:00.191+0900][0.838s][debug][gc,heap        ] GC(4) Heap after GC invocations=5 (full 5):
[2026-08-01T22:09:00.191+0900][0.838s][debug][gc,heap        ] GC(4)  garbage-first heap   total 131072K, used 15221K [0x000001da1e000000, 0x000002111e000000)
[2026-08-01T22:09:00.191+0900][0.838s][debug][gc,heap        ] GC(4)   region size 32768K, 0 young (0K), 0 survivors (0K)
[2026-08-01T22:09:00.191+0900][0.838s][debug][gc,heap        ] GC(4)  Metaspace       used 6554K, committed 6720K, reserved 1114112K
[2026-08-01T22:09:00.191+0900][0.838s][debug][gc,heap        ] GC(4)   class space    used 615K, committed 704K, reserved 1048576K
[2026-08-01T22:09:00.191+0900][0.838s][info ][gc             ] GC(4) Pause Full (System.gc()) 16M->14M(128M) 22.805ms
[2026-08-01T22:09:00.191+0900][0.838s][info ][gc,cpu         ] GC(4) User=0.00s Sys=0.00s Real=0.02s
[2026-08-01T22:09:00.191+0900][0.838s][info ][safepoint      ] Safepoint "G1CollectFull", Time since last: 3405500 ns, Reaching safepoint: 23800 ns, At safepoint: 22857100 ns, Total: 22880900 ns
[2026-08-01T22:09:00.194+0900][0.842s][info ][gc,start       ] GC(5) Pause Full (System.gc())
[2026-08-01T22:09:00.195+0900][0.842s][debug][gc,heap        ] GC(5) Heap before GC invocations=5 (full 5):
[2026-08-01T22:09:00.195+0900][0.842s][debug][gc,heap        ] GC(5)  garbage-first heap   total 131072K, used 15221K [0x000001da1e000000, 0x000002111e000000)
[2026-08-01T22:09:00.195+0900][0.842s][debug][gc,heap        ] GC(5)   region size 32768K, 1 young (32768K), 0 survivors (0K)
[2026-08-01T22:09:00.195+0900][0.842s][debug][gc,heap        ] GC(5)  Metaspace       used 6567K, committed 6784K, reserved 1114112K
[2026-08-01T22:09:00.195+0900][0.842s][debug][gc,heap        ] GC(5)   class space    used 615K, committed 704K, reserved 1048576K
[2026-08-01T22:09:00.195+0900][0.842s][info ][gc,task        ] GC(5) Using 1 workers of 18 for full compaction
[2026-08-01T22:09:00.195+0900][0.842s][info ][gc,phases,start] GC(5) Phase 1: Mark live objects
[2026-08-01T22:09:00.205+0900][0.852s][info ][gc,phases      ] GC(5) Phase 1: Mark live objects 10.522ms
[2026-08-01T22:09:00.205+0900][0.852s][info ][gc,phases,start] GC(5) Phase 2: Prepare for compaction
[2026-08-01T22:09:00.207+0900][0.854s][info ][gc,phases      ] GC(5) Phase 2: Prepare for compaction 2.134ms
[2026-08-01T22:09:00.207+0900][0.854s][info ][gc,phases,start] GC(5) Phase 3: Adjust pointers
[2026-08-01T22:09:00.211+0900][0.859s][info ][gc,phases      ] GC(5) Phase 3: Adjust pointers 4.157ms
[2026-08-01T22:09:00.212+0900][0.859s][info ][gc,phases,start] GC(5) Phase 4: Compact heap
[2026-08-01T22:09:00.213+0900][0.860s][info ][gc,phases      ] GC(5) Phase 4: Compact heap 1.802ms
[2026-08-01T22:09:00.214+0900][0.861s][info ][gc,heap        ] GC(5) Eden regions: 1->0(1)
[2026-08-01T22:09:00.214+0900][0.861s][info ][gc,heap        ] GC(5) Survivor regions: 0->0(0)
[2026-08-01T22:09:00.214+0900][0.861s][info ][gc,heap        ] GC(5) Old regions: 1->1
[2026-08-01T22:09:00.214+0900][0.861s][info ][gc,heap        ] GC(5) Archive regions: 0->0
[2026-08-01T22:09:00.214+0900][0.861s][info ][gc,heap        ] GC(5) Humongous regions: 0->0
[2026-08-01T22:09:00.214+0900][0.861s][info ][gc,metaspace   ] GC(5) Metaspace: 6567K(6784K)->6567K(6784K) NonClass: 5951K(6080K)->5951K(6080K) Class: 615K(704K)->615K(704K)
[2026-08-01T22:09:00.214+0900][0.861s][debug][gc,heap        ] GC(5) Heap after GC invocations=6 (full 6):
[2026-08-01T22:09:00.214+0900][0.861s][debug][gc,heap        ] GC(5)  garbage-first heap   total 131072K, used 15230K [0x000001da1e000000, 0x000002111e000000)
[2026-08-01T22:09:00.214+0900][0.861s][debug][gc,heap        ] GC(5)   region size 32768K, 0 young (0K), 0 survivors (0K)
[2026-08-01T22:09:00.214+0900][0.861s][debug][gc,heap        ] GC(5)  Metaspace       used 6567K, committed 6784K, reserved 1114112K
[2026-08-01T22:09:00.214+0900][0.861s][debug][gc,heap        ] GC(5)   class space    used 615K, committed 704K, reserved 1048576K
[2026-08-01T22:09:00.214+0900][0.861s][info ][gc             ] GC(5) Pause Full (System.gc()) 15M->14M(128M) 19.778ms
[2026-08-01T22:09:00.214+0900][0.861s][info ][gc,cpu         ] GC(5) User=0.02s Sys=0.00s Real=0.02s
[2026-08-01T22:09:00.214+0900][0.861s][info ][safepoint      ] Safepoint "G1CollectFull", Time since last: 3060299 ns, Reaching safepoint: 31101 ns, At safepoint: 19913999 ns, Total: 19945100 ns
[2026-08-01T22:09:00.216+0900][0.864s][info ][gc,start       ] GC(6) Pause Full (System.gc())
[2026-08-01T22:09:00.217+0900][0.864s][debug][gc,heap        ] GC(6) Heap before GC invocations=6 (full 6):
[2026-08-01T22:09:00.217+0900][0.864s][debug][gc,heap        ] GC(6)  garbage-first heap   total 131072K, used 15230K [0x000001da1e000000, 0x000002111e000000)
[2026-08-01T22:09:00.217+0900][0.864s][debug][gc,heap        ] GC(6)   region size 32768K, 1 young (32768K), 0 survivors (0K)
[2026-08-01T22:09:00.217+0900][0.864s][debug][gc,heap        ] GC(6)  Metaspace       used 6587K, committed 6784K, reserved 1114112K
[2026-08-01T22:09:00.217+0900][0.864s][debug][gc,heap        ] GC(6)   class space    used 615K, committed 704K, reserved 1048576K
[2026-08-01T22:09:00.217+0900][0.864s][info ][gc,task        ] GC(6) Using 1 workers of 18 for full compaction
[2026-08-01T22:09:00.217+0900][0.864s][info ][gc,phases,start] GC(6) Phase 1: Mark live objects
[2026-08-01T22:09:00.226+0900][0.874s][info ][gc,phases      ] GC(6) Phase 1: Mark live objects 9.644ms
[2026-08-01T22:09:00.226+0900][0.874s][info ][gc,phases,start] GC(6) Phase 2: Prepare for compaction
[2026-08-01T22:09:00.229+0900][0.876s][info ][gc,phases      ] GC(6) Phase 2: Prepare for compaction 2.192ms
[2026-08-01T22:09:00.229+0900][0.876s][info ][gc,phases,start] GC(6) Phase 3: Adjust pointers
[2026-08-01T22:09:00.233+0900][0.880s][info ][gc,phases      ] GC(6) Phase 3: Adjust pointers 4.383ms
[2026-08-01T22:09:00.233+0900][0.880s][info ][gc,phases,start] GC(6) Phase 4: Compact heap
[2026-08-01T22:09:00.235+0900][0.882s][info ][gc,phases      ] GC(6) Phase 4: Compact heap 1.848ms
[2026-08-01T22:09:00.236+0900][0.883s][info ][gc,heap        ] GC(6) Eden regions: 1->0(1)
[2026-08-01T22:09:00.236+0900][0.883s][info ][gc,heap        ] GC(6) Survivor regions: 0->0(0)
[2026-08-01T22:09:00.236+0900][0.883s][info ][gc,heap        ] GC(6) Old regions: 1->1
[2026-08-01T22:09:00.236+0900][0.883s][info ][gc,heap        ] GC(6) Archive regions: 0->0
[2026-08-01T22:09:00.236+0900][0.883s][info ][gc,heap        ] GC(6) Humongous regions: 0->0
[2026-08-01T22:09:00.236+0900][0.883s][info ][gc,metaspace   ] GC(6) Metaspace: 6587K(6784K)->6587K(6784K) NonClass: 5971K(6080K)->5971K(6080K) Class: 615K(704K)->615K(704K)
[2026-08-01T22:09:00.236+0900][0.883s][debug][gc,heap        ] GC(6) Heap after GC invocations=7 (full 7):
[2026-08-01T22:09:00.236+0900][0.883s][debug][gc,heap        ] GC(6)  garbage-first heap   total 131072K, used 15240K [0x000001da1e000000, 0x000002111e000000)
[2026-08-01T22:09:00.236+0900][0.883s][debug][gc,heap        ] GC(6)   region size 32768K, 0 young (0K), 0 survivors (0K)
[2026-08-01T22:09:00.236+0900][0.883s][debug][gc,heap        ] GC(6)  Metaspace       used 6587K, committed 6784K, reserved 1114112K
[2026-08-01T22:09:00.236+0900][0.883s][debug][gc,heap        ] GC(6)   class space    used 615K, committed 704K, reserved 1048576K
[2026-08-01T22:09:00.236+0900][0.883s][info ][gc             ] GC(6) Pause Full (System.gc()) 15M->14M(128M) 19.246ms
[2026-08-01T22:09:00.236+0900][0.883s][info ][gc,cpu         ] GC(6) User=0.02s Sys=0.00s Real=0.02s
[2026-08-01T22:09:00.236+0900][0.883s][info ][safepoint      ] Safepoint "G1CollectFull", Time since last: 2450101 ns, Reaching safepoint: 25200 ns, At safepoint: 19299200 ns, Total: 19324400 ns
[2026-08-01T22:09:00.240+0900][0.886s][info ][gc,start       ] GC(7) Pause Full (System.gc())
[2026-08-01T22:09:00.240+0900][0.886s][debug][gc,heap        ] GC(7) Heap before GC invocations=7 (full 7):
[2026-08-01T22:09:00.240+0900][0.886s][debug][gc,heap        ] GC(7)  garbage-first heap   total 131072K, used 15240K [0x000001da1e000000, 0x000002111e000000)
[2026-08-01T22:09:00.240+0900][0.886s][debug][gc,heap        ] GC(7)   region size 32768K, 1 young (32768K), 0 survivors (0K)
[2026-08-01T22:09:00.240+0900][0.886s][debug][gc,heap        ] GC(7)  Metaspace       used 6601K, committed 6848K, reserved 1114112K
[2026-08-01T22:09:00.240+0900][0.886s][debug][gc,heap        ] GC(7)   class space    used 616K, committed 704K, reserved 1048576K
[2026-08-01T22:09:00.240+0900][0.886s][info ][gc,task        ] GC(7) Using 1 workers of 18 for full compaction
[2026-08-01T22:09:00.240+0900][0.887s][info ][gc,phases,start] GC(7) Phase 1: Mark live objects
[2026-08-01T22:09:00.249+0900][0.897s][info ][gc,phases      ] GC(7) Phase 1: Mark live objects 10.239ms
[2026-08-01T22:09:00.249+0900][0.897s][info ][gc,phases,start] GC(7) Phase 2: Prepare for compaction
[2026-08-01T22:09:00.252+0900][0.899s][info ][gc,phases      ] GC(7) Phase 2: Prepare for compaction 2.141ms
[2026-08-01T22:09:00.252+0900][0.899s][info ][gc,phases,start] GC(7) Phase 3: Adjust pointers
[2026-08-01T22:09:00.256+0900][0.903s][info ][gc,phases      ] GC(7) Phase 3: Adjust pointers 3.987ms
[2026-08-01T22:09:00.256+0900][0.903s][info ][gc,phases,start] GC(7) Phase 4: Compact heap
[2026-08-01T22:09:00.257+0900][0.905s][info ][gc,phases      ] GC(7) Phase 4: Compact heap 1.704ms
[2026-08-01T22:09:00.258+0900][0.906s][info ][gc,heap        ] GC(7) Eden regions: 1->0(1)
[2026-08-01T22:09:00.258+0900][0.906s][info ][gc,heap        ] GC(7) Survivor regions: 0->0(0)
[2026-08-01T22:09:00.258+0900][0.906s][info ][gc,heap        ] GC(7) Old regions: 1->1
[2026-08-01T22:09:00.258+0900][0.906s][info ][gc,heap        ] GC(7) Archive regions: 0->0
[2026-08-01T22:09:00.258+0900][0.906s][info ][gc,heap        ] GC(7) Humongous regions: 0->0
[2026-08-01T22:09:00.258+0900][0.906s][info ][gc,metaspace   ] GC(7) Metaspace: 6601K(6848K)->6601K(6848K) NonClass: 5985K(6144K)->5985K(6144K) Class: 616K(704K)->616K(704K)
[2026-08-01T22:09:00.258+0900][0.906s][debug][gc,heap        ] GC(7) Heap after GC invocations=8 (full 8):
[2026-08-01T22:09:00.258+0900][0.906s][debug][gc,heap        ] GC(7)  garbage-first heap   total 131072K, used 15248K [0x000001da1e000000, 0x000002111e000000)
[2026-08-01T22:09:00.258+0900][0.906s][debug][gc,heap        ] GC(7)   region size 32768K, 0 young (0K), 0 survivors (0K)
[2026-08-01T22:09:00.258+0900][0.906s][debug][gc,heap        ] GC(7)  Metaspace       used 6601K, committed 6848K, reserved 1114112K
[2026-08-01T22:09:00.258+0900][0.906s][debug][gc,heap        ] GC(7)   class space    used 616K, committed 704K, reserved 1048576K
[2026-08-01T22:09:00.258+0900][0.906s][info ][gc             ] GC(7) Pause Full (System.gc()) 16M->14M(128M) 19.313ms
[2026-08-01T22:09:00.258+0900][0.906s][info ][gc,cpu         ] GC(7) User=0.02s Sys=0.00s Real=0.02s
[2026-08-01T22:09:00.258+0900][0.906s][info ][safepoint      ] Safepoint "G1CollectFull", Time since last: 3153100 ns, Reaching safepoint: 33500 ns, At safepoint: 19421300 ns, Total: 19454800 ns
[2026-08-01T22:09:00.261+0900][0.908s][info ][gc,start       ] GC(8) Pause Full (System.gc())
[2026-08-01T22:09:00.261+0900][0.908s][debug][gc,heap        ] GC(8) Heap before GC invocations=8 (full 8):
[2026-08-01T22:09:00.261+0900][0.908s][debug][gc,heap        ] GC(8)  garbage-first heap   total 131072K, used 15248K [0x000001da1e000000, 0x000002111e000000)
[2026-08-01T22:09:00.261+0900][0.908s][debug][gc,heap        ] GC(8)   region size 32768K, 1 young (32768K), 0 survivors (0K)
[2026-08-01T22:09:00.261+0900][0.908s][debug][gc,heap        ] GC(8)  Metaspace       used 6614K, committed 6848K, reserved 1114112K
[2026-08-01T22:09:00.261+0900][0.908s][debug][gc,heap        ] GC(8)   class space    used 616K, committed 704K, reserved 1048576K
[2026-08-01T22:09:00.261+0900][0.908s][info ][gc,task        ] GC(8) Using 1 workers of 18 for full compaction
[2026-08-01T22:09:00.261+0900][0.908s][info ][gc,phases,start] GC(8) Phase 1: Mark live objects
[2026-08-01T22:09:00.271+0900][0.918s][info ][gc,phases      ] GC(8) Phase 1: Mark live objects 9.845ms
[2026-08-01T22:09:00.271+0900][0.918s][info ][gc,phases,start] GC(8) Phase 2: Prepare for compaction
[2026-08-01T22:09:00.273+0900][0.920s][info ][gc,phases      ] GC(8) Phase 2: Prepare for compaction 2.099ms
[2026-08-01T22:09:00.273+0900][0.920s][info ][gc,phases,start] GC(8) Phase 3: Adjust pointers
[2026-08-01T22:09:00.277+0900][0.924s][info ][gc,phases      ] GC(8) Phase 3: Adjust pointers 3.792ms
[2026-08-01T22:09:00.277+0900][0.924s][info ][gc,phases,start] GC(8) Phase 4: Compact heap
[2026-08-01T22:09:00.278+0900][0.926s][info ][gc,phases      ] GC(8) Phase 4: Compact heap 1.629ms
[2026-08-01T22:09:00.279+0900][0.926s][info ][gc,heap        ] GC(8) Eden regions: 1->0(1)
[2026-08-01T22:09:00.279+0900][0.926s][info ][gc,heap        ] GC(8) Survivor regions: 0->0(0)
[2026-08-01T22:09:00.279+0900][0.926s][info ][gc,heap        ] GC(8) Old regions: 1->1
[2026-08-01T22:09:00.279+0900][0.926s][info ][gc,heap        ] GC(8) Archive regions: 0->0
[2026-08-01T22:09:00.279+0900][0.926s][info ][gc,heap        ] GC(8) Humongous regions: 0->0
[2026-08-01T22:09:00.279+0900][0.926s][info ][gc,metaspace   ] GC(8) Metaspace: 6614K(6848K)->6614K(6848K) NonClass: 5998K(6144K)->5998K(6144K) Class: 616K(704K)->616K(704K)
[2026-08-01T22:09:00.279+0900][0.926s][debug][gc,heap        ] GC(8) Heap after GC invocations=9 (full 9):
[2026-08-01T22:09:00.279+0900][0.926s][debug][gc,heap        ] GC(8)  garbage-first heap   total 131072K, used 15257K [0x000001da1e000000, 0x000002111e000000)
[2026-08-01T22:09:00.279+0900][0.926s][debug][gc,heap        ] GC(8)   region size 32768K, 0 young (0K), 0 survivors (0K)
[2026-08-01T22:09:00.279+0900][0.926s][debug][gc,heap        ] GC(8)  Metaspace       used 6614K, committed 6848K, reserved 1114112K
[2026-08-01T22:09:00.279+0900][0.926s][debug][gc,heap        ] GC(8)   class space    used 616K, committed 704K, reserved 1048576K
[2026-08-01T22:09:00.279+0900][0.926s][info ][gc             ] GC(8) Pause Full (System.gc()) 15M->14M(128M) 18.500ms
[2026-08-01T22:09:00.279+0900][0.926s][info ][gc,cpu         ] GC(8) User=0.03s Sys=0.00s Real=0.02s
[2026-08-01T22:09:00.279+0900][0.927s][info ][safepoint      ] Safepoint "G1CollectFull", Time since last: 2088800 ns, Reaching safepoint: 24299 ns, At safepoint: 18580201 ns, Total: 18604500 ns
[2026-08-01T22:09:00.281+0900][0.928s][info ][gc,start       ] GC(9) Pause Full (System.gc())
[2026-08-01T22:09:00.281+0900][0.929s][debug][gc,heap        ] GC(9) Heap before GC invocations=9 (full 9):
[2026-08-01T22:09:00.281+0900][0.929s][debug][gc,heap        ] GC(9)  garbage-first heap   total 131072K, used 15257K [0x000001da1e000000, 0x000002111e000000)
[2026-08-01T22:09:00.281+0900][0.929s][debug][gc,heap        ] GC(9)   region size 32768K, 1 young (32768K), 0 survivors (0K)
[2026-08-01T22:09:00.281+0900][0.929s][debug][gc,heap        ] GC(9)  Metaspace       used 6637K, committed 6912K, reserved 1114112K
[2026-08-01T22:09:00.281+0900][0.929s][debug][gc,heap        ] GC(9)   class space    used 616K, committed 704K, reserved 1048576K
[2026-08-01T22:09:00.281+0900][0.929s][info ][gc,task        ] GC(9) Using 1 workers of 18 for full compaction
[2026-08-01T22:09:00.281+0900][0.929s][info ][gc,phases,start] GC(9) Phase 1: Mark live objects
[2026-08-01T22:09:00.292+0900][0.939s][info ][gc,phases      ] GC(9) Phase 1: Mark live objects 10.086ms
[2026-08-01T22:09:00.292+0900][0.939s][info ][gc,phases,start] GC(9) Phase 2: Prepare for compaction
[2026-08-01T22:09:00.294+0900][0.941s][info ][gc,phases      ] GC(9) Phase 2: Prepare for compaction 2.197ms
[2026-08-01T22:09:00.294+0900][0.941s][info ][gc,phases,start] GC(9) Phase 3: Adjust pointers
[2026-08-01T22:09:00.299+0900][0.946s][info ][gc,phases      ] GC(9) Phase 3: Adjust pointers 4.536ms
[2026-08-01T22:09:00.299+0900][0.946s][info ][gc,phases,start] GC(9) Phase 4: Compact heap
[2026-08-01T22:09:00.300+0900][0.947s][info ][gc,phases      ] GC(9) Phase 4: Compact heap 1.740ms
[2026-08-01T22:09:00.301+0900][0.948s][info ][gc,heap        ] GC(9) Eden regions: 1->0(1)
[2026-08-01T22:09:00.301+0900][0.948s][info ][gc,heap        ] GC(9) Survivor regions: 0->0(0)
[2026-08-01T22:09:00.301+0900][0.948s][info ][gc,heap        ] GC(9) Old regions: 1->1
[2026-08-01T22:09:00.301+0900][0.948s][info ][gc,heap        ] GC(9) Archive regions: 0->0
[2026-08-01T22:09:00.301+0900][0.948s][info ][gc,heap        ] GC(9) Humongous regions: 0->0
[2026-08-01T22:09:00.301+0900][0.948s][info ][gc,metaspace   ] GC(9) Metaspace: 6637K(6912K)->6637K(6912K) NonClass: 6021K(6208K)->6021K(6208K) Class: 616K(704K)->616K(704K)
[2026-08-01T22:09:00.301+0900][0.948s][debug][gc,heap        ] GC(9) Heap after GC invocations=10 (full 10):
[2026-08-01T22:09:00.301+0900][0.948s][debug][gc,heap        ] GC(9)  garbage-first heap   total 131072K, used 15267K [0x000001da1e000000, 0x000002111e000000)
[2026-08-01T22:09:00.301+0900][0.948s][debug][gc,heap        ] GC(9)   region size 32768K, 0 young (0K), 0 survivors (0K)
[2026-08-01T22:09:00.301+0900][0.948s][debug][gc,heap        ] GC(9)  Metaspace       used 6637K, committed 6912K, reserved 1114112K
[2026-08-01T22:09:00.301+0900][0.948s][debug][gc,heap        ] GC(9)   class space    used 616K, committed 704K, reserved 1048576K
[2026-08-01T22:09:00.301+0900][0.948s][info ][gc             ] GC(9) Pause Full (System.gc()) 16M->14M(128M) 19.845ms
[2026-08-01T22:09:00.301+0900][0.948s][info ][gc,cpu         ] GC(9) User=0.02s Sys=0.00s Real=0.02s
[2026-08-01T22:09:00.301+0900][0.948s][info ][safepoint      ] Safepoint "G1CollectFull", Time since last: 1957000 ns, Reaching safepoint: 21600 ns, At safepoint: 19928800 ns, Total: 19950400 ns
[2026-08-01T22:09:00.303+0900][0.950s][info ][gc,start       ] GC(10) Pause Full (System.gc())
[2026-08-01T22:09:00.303+0900][0.950s][debug][gc,heap        ] GC(10) Heap before GC invocations=10 (full 10):
[2026-08-01T22:09:00.303+0900][0.950s][debug][gc,heap        ] GC(10)  garbage-first heap   total 131072K, used 15267K [0x000001da1e000000, 0x000002111e000000)
[2026-08-01T22:09:00.303+0900][0.950s][debug][gc,heap        ] GC(10)   region size 32768K, 1 young (32768K), 0 survivors (0K)
[2026-08-01T22:09:00.303+0900][0.950s][debug][gc,heap        ] GC(10)  Metaspace       used 6640K, committed 6912K, reserved 1114112K
[2026-08-01T22:09:00.303+0900][0.950s][debug][gc,heap        ] GC(10)   class space    used 616K, committed 704K, reserved 1048576K
[2026-08-01T22:09:00.303+0900][0.950s][info ][gc,task        ] GC(10) Using 1 workers of 18 for full compaction
[2026-08-01T22:09:00.303+0900][0.950s][info ][gc,phases,start] GC(10) Phase 1: Mark live objects
[2026-08-01T22:09:00.313+0900][0.960s][info ][gc,phases      ] GC(10) Phase 1: Mark live objects 9.711ms
[2026-08-01T22:09:00.313+0900][0.960s][info ][gc,phases,start] GC(10) Phase 2: Prepare for compaction
[2026-08-01T22:09:00.315+0900][0.962s][info ][gc,phases      ] GC(10) Phase 2: Prepare for compaction 2.071ms
[2026-08-01T22:09:00.315+0900][0.962s][info ][gc,phases,start] GC(10) Phase 3: Adjust pointers
[2026-08-01T22:09:00.319+0900][0.966s][info ][gc,phases      ] GC(10) Phase 3: Adjust pointers 3.785ms
[2026-08-01T22:09:00.319+0900][0.966s][info ][gc,phases,start] GC(10) Phase 4: Compact heap
[2026-08-01T22:09:00.321+0900][0.968s][info ][gc,phases      ] GC(10) Phase 4: Compact heap 1.672ms
[2026-08-01T22:09:00.321+0900][0.968s][info ][gc,heap        ] GC(10) Eden regions: 1->0(1)
[2026-08-01T22:09:00.321+0900][0.968s][info ][gc,heap        ] GC(10) Survivor regions: 0->0(0)
[2026-08-01T22:09:00.321+0900][0.968s][info ][gc,heap        ] GC(10) Old regions: 1->1
[2026-08-01T22:09:00.321+0900][0.968s][info ][gc,heap        ] GC(10) Archive regions: 0->0
[2026-08-01T22:09:00.321+0900][0.968s][info ][gc,heap        ] GC(10) Humongous regions: 0->0
[2026-08-01T22:09:00.321+0900][0.968s][info ][gc,metaspace   ] GC(10) Metaspace: 6640K(6912K)->6640K(6912K) NonClass: 6024K(6208K)->6024K(6208K) Class: 616K(704K)->616K(704K)
[2026-08-01T22:09:00.321+0900][0.969s][debug][gc,heap        ] GC(10) Heap after GC invocations=11 (full 11):
[2026-08-01T22:09:00.321+0900][0.969s][debug][gc,heap        ] GC(10)  garbage-first heap   total 131072K, used 15276K [0x000001da1e000000, 0x000002111e000000)
[2026-08-01T22:09:00.321+0900][0.969s][debug][gc,heap        ] GC(10)   region size 32768K, 0 young (0K), 0 survivors (0K)
[2026-08-01T22:09:00.321+0900][0.969s][debug][gc,heap        ] GC(10)  Metaspace       used 6640K, committed 6912K, reserved 1114112K
[2026-08-01T22:09:00.321+0900][0.969s][debug][gc,heap        ] GC(10)   class space    used 616K, committed 704K, reserved 1048576K
[2026-08-01T22:09:00.321+0900][0.969s][info ][gc             ] GC(10) Pause Full (System.gc()) 15M->14M(128M) 18.270ms
[2026-08-01T22:09:00.321+0900][0.969s][info ][gc,cpu         ] GC(10) User=0.02s Sys=0.00s Real=0.02s
[2026-08-01T22:09:00.321+0900][0.969s][info ][safepoint      ] Safepoint "G1CollectFull", Time since last: 1861200 ns, Reaching safepoint: 23400 ns, At safepoint: 18314700 ns, Total: 18338100 ns
[2026-08-01T22:09:00.323+0900][0.970s][info ][gc,start       ] GC(11) Pause Full (System.gc())
[2026-08-01T22:09:00.323+0900][0.970s][debug][gc,heap        ] GC(11) Heap before GC invocations=11 (full 11):
[2026-08-01T22:09:00.323+0900][0.970s][debug][gc,heap        ] GC(11)  garbage-first heap   total 131072K, used 15276K [0x000001da1e000000, 0x000002111e000000)
[2026-08-01T22:09:00.323+0900][0.971s][debug][gc,heap        ] GC(11)   region size 32768K, 1 young (32768K), 0 survivors (0K)
[2026-08-01T22:09:00.323+0900][0.971s][debug][gc,heap        ] GC(11)  Metaspace       used 6647K, committed 6912K, reserved 1114112K
[2026-08-01T22:09:00.323+0900][0.971s][debug][gc,heap        ] GC(11)   class space    used 616K, committed 704K, reserved 1048576K
[2026-08-01T22:09:00.323+0900][0.971s][info ][gc,task        ] GC(11) Using 1 workers of 18 for full compaction
[2026-08-01T22:09:00.323+0900][0.971s][info ][gc,phases,start] GC(11) Phase 1: Mark live objects
[2026-08-01T22:09:00.333+0900][0.980s][info ][gc,phases      ] GC(11) Phase 1: Mark live objects 9.661ms
[2026-08-01T22:09:00.333+0900][0.980s][info ][gc,phases,start] GC(11) Phase 2: Prepare for compaction
[2026-08-01T22:09:00.336+0900][0.983s][info ][gc,phases      ] GC(11) Phase 2: Prepare for compaction 2.883ms
[2026-08-01T22:09:00.336+0900][0.983s][info ][gc,phases,start] GC(11) Phase 3: Adjust pointers
[2026-08-01T22:09:00.340+0900][0.987s][info ][gc,phases      ] GC(11) Phase 3: Adjust pointers 3.973ms
[2026-08-01T22:09:00.340+0900][0.987s][info ][gc,phases,start] GC(11) Phase 4: Compact heap
[2026-08-01T22:09:00.342+0900][0.989s][info ][gc,phases      ] GC(11) Phase 4: Compact heap 2.056ms
[2026-08-01T22:09:00.343+0900][0.990s][info ][gc,heap        ] GC(11) Eden regions: 1->0(1)
[2026-08-01T22:09:00.343+0900][0.990s][info ][gc,heap        ] GC(11) Survivor regions: 0->0(0)
[2026-08-01T22:09:00.343+0900][0.990s][info ][gc,heap        ] GC(11) Old regions: 1->1
[2026-08-01T22:09:00.343+0900][0.990s][info ][gc,heap        ] GC(11) Archive regions: 0->0
[2026-08-01T22:09:00.343+0900][0.990s][info ][gc,heap        ] GC(11) Humongous regions: 0->0
[2026-08-01T22:09:00.343+0900][0.990s][info ][gc,metaspace   ] GC(11) Metaspace: 6647K(6912K)->6647K(6912K) NonClass: 6031K(6208K)->6031K(6208K) Class: 616K(704K)->616K(704K)
[2026-08-01T22:09:00.343+0900][0.990s][debug][gc,heap        ] GC(11) Heap after GC invocations=12 (full 12):
[2026-08-01T22:09:00.343+0900][0.990s][debug][gc,heap        ] GC(11)  garbage-first heap   total 131072K, used 15285K [0x000001da1e000000, 0x000002111e000000)
[2026-08-01T22:09:00.343+0900][0.990s][debug][gc,heap        ] GC(11)   region size 32768K, 0 young (0K), 0 survivors (0K)
[2026-08-01T22:09:00.343+0900][0.990s][debug][gc,heap        ] GC(11)  Metaspace       used 6647K, committed 6912K, reserved 1114112K
[2026-08-01T22:09:00.343+0900][0.990s][debug][gc,heap        ] GC(11)   class space    used 616K, committed 704K, reserved 1048576K
[2026-08-01T22:09:00.343+0900][0.990s][info ][gc             ] GC(11) Pause Full (System.gc()) 15M->14M(128M) 19.729ms
[2026-08-01T22:09:00.343+0900][0.990s][info ][gc,cpu         ] GC(11) User=0.03s Sys=0.00s Real=0.02s
[2026-08-01T22:09:00.344+0900][0.990s][info ][safepoint      ] Safepoint "G1CollectFull", Time since last: 1837500 ns, Reaching safepoint: 25900 ns, At safepoint: 19814300 ns, Total: 19840200 ns
[2026-08-01T22:09:00.346+0900][0.992s][info ][gc,start       ] GC(12) Pause Full (System.gc())
[2026-08-01T22:09:00.346+0900][0.992s][debug][gc,heap        ] GC(12) Heap before GC invocations=12 (full 12):
[2026-08-01T22:09:00.346+0900][0.992s][debug][gc,heap        ] GC(12)  garbage-first heap   total 131072K, used 15285K [0x000001da1e000000, 0x000002111e000000)
[2026-08-01T22:09:00.346+0900][0.992s][debug][gc,heap        ] GC(12)   region size 32768K, 1 young (32768K), 0 survivors (0K)
[2026-08-01T22:09:00.346+0900][0.992s][debug][gc,heap        ] GC(12)  Metaspace       used 6653K, committed 6912K, reserved 1114112K
[2026-08-01T22:09:00.346+0900][0.992s][debug][gc,heap        ] GC(12)   class space    used 616K, committed 704K, reserved 1048576K
[2026-08-01T22:09:00.346+0900][0.992s][info ][gc,task        ] GC(12) Using 1 workers of 18 for full compaction
[2026-08-01T22:09:00.346+0900][0.992s][info ][gc,phases,start] GC(12) Phase 1: Mark live objects
[2026-08-01T22:09:00.357+0900][1.004s][info ][gc,phases      ] GC(12) Phase 1: Mark live objects 11.471ms
[2026-08-01T22:09:00.357+0900][1.004s][info ][gc,phases,start] GC(12) Phase 2: Prepare for compaction
[2026-08-01T22:09:00.359+0900][1.006s][info ][gc,phases      ] GC(12) Phase 2: Prepare for compaction 2.444ms
[2026-08-01T22:09:00.359+0900][1.006s][info ][gc,phases,start] GC(12) Phase 3: Adjust pointers
[2026-08-01T22:09:00.365+0900][1.012s][info ][gc,phases      ] GC(12) Phase 3: Adjust pointers 5.762ms
[2026-08-01T22:09:00.365+0900][1.012s][info ][gc,phases,start] GC(12) Phase 4: Compact heap
[2026-08-01T22:09:00.367+0900][1.014s][info ][gc,phases      ] GC(12) Phase 4: Compact heap 1.996ms
[2026-08-01T22:09:00.368+0900][1.015s][info ][gc,heap        ] GC(12) Eden regions: 1->0(1)
[2026-08-01T22:09:00.368+0900][1.015s][info ][gc,heap        ] GC(12) Survivor regions: 0->0(0)
[2026-08-01T22:09:00.368+0900][1.015s][info ][gc,heap        ] GC(12) Old regions: 1->1
[2026-08-01T22:09:00.368+0900][1.015s][info ][gc,heap        ] GC(12) Archive regions: 0->0
[2026-08-01T22:09:00.368+0900][1.015s][info ][gc,heap        ] GC(12) Humongous regions: 0->0
[2026-08-01T22:09:00.368+0900][1.015s][info ][gc,metaspace   ] GC(12) Metaspace: 6653K(6912K)->6653K(6912K) NonClass: 6037K(6208K)->6037K(6208K) Class: 616K(704K)->616K(704K)
[2026-08-01T22:09:00.368+0900][1.015s][debug][gc,heap        ] GC(12) Heap after GC invocations=13 (full 13):
[2026-08-01T22:09:00.368+0900][1.015s][debug][gc,heap        ] GC(12)  garbage-first heap   total 131072K, used 15300K [0x000001da1e000000, 0x000002111e000000)
[2026-08-01T22:09:00.368+0900][1.015s][debug][gc,heap        ] GC(12)   region size 32768K, 0 young (0K), 0 survivors (0K)
[2026-08-01T22:09:00.368+0900][1.015s][debug][gc,heap        ] GC(12)  Metaspace       used 6653K, committed 6912K, reserved 1114112K
[2026-08-01T22:09:00.368+0900][1.015s][debug][gc,heap        ] GC(12)   class space    used 616K, committed 704K, reserved 1048576K
[2026-08-01T22:09:00.368+0900][1.015s][info ][gc             ] GC(12) Pause Full (System.gc()) 15M->14M(128M) 22.865ms
[2026-08-01T22:09:00.368+0900][1.015s][info ][gc,cpu         ] GC(12) User=0.02s Sys=0.00s Real=0.02s
[2026-08-01T22:09:00.368+0900][1.015s][info ][safepoint      ] Safepoint "G1CollectFull", Time since last: 2028200 ns, Reaching safepoint: 20300 ns, At safepoint: 22944699 ns, Total: 22964999 ns
[2026-08-01T22:09:00.370+0900][1.018s][info ][gc,start       ] GC(13) Pause Full (System.gc())
[2026-08-01T22:09:00.370+0900][1.018s][debug][gc,heap        ] GC(13) Heap before GC invocations=13 (full 13):
[2026-08-01T22:09:00.370+0900][1.018s][debug][gc,heap        ] GC(13)  garbage-first heap   total 131072K, used 15300K [0x000001da1e000000, 0x000002111e000000)
[2026-08-01T22:09:00.370+0900][1.018s][debug][gc,heap        ] GC(13)   region size 32768K, 1 young (32768K), 0 survivors (0K)
[2026-08-01T22:09:00.370+0900][1.018s][debug][gc,heap        ] GC(13)  Metaspace       used 6660K, committed 6912K, reserved 1114112K
[2026-08-01T22:09:00.370+0900][1.018s][debug][gc,heap        ] GC(13)   class space    used 616K, committed 704K, reserved 1048576K
[2026-08-01T22:09:00.370+0900][1.018s][info ][gc,task        ] GC(13) Using 1 workers of 18 for full compaction
[2026-08-01T22:09:00.370+0900][1.018s][info ][gc,phases,start] GC(13) Phase 1: Mark live objects
[2026-08-01T22:09:00.380+0900][1.028s][info ][gc,phases      ] GC(13) Phase 1: Mark live objects 10.030ms
[2026-08-01T22:09:00.380+0900][1.028s][info ][gc,phases,start] GC(13) Phase 2: Prepare for compaction
[2026-08-01T22:09:00.383+0900][1.030s][info ][gc,phases      ] GC(13) Phase 2: Prepare for compaction 2.267ms
[2026-08-01T22:09:00.383+0900][1.030s][info ][gc,phases,start] GC(13) Phase 3: Adjust pointers
[2026-08-01T22:09:00.387+0900][1.034s][info ][gc,phases      ] GC(13) Phase 3: Adjust pointers 4.169ms
[2026-08-01T22:09:00.387+0900][1.034s][info ][gc,phases,start] GC(13) Phase 4: Compact heap
[2026-08-01T22:09:00.389+0900][1.036s][info ][gc,phases      ] GC(13) Phase 4: Compact heap 1.742ms
[2026-08-01T22:09:00.390+0900][1.037s][info ][gc,heap        ] GC(13) Eden regions: 1->0(1)
[2026-08-01T22:09:00.390+0900][1.037s][info ][gc,heap        ] GC(13) Survivor regions: 0->0(0)
[2026-08-01T22:09:00.390+0900][1.037s][info ][gc,heap        ] GC(13) Old regions: 1->1
[2026-08-01T22:09:00.390+0900][1.037s][info ][gc,heap        ] GC(13) Archive regions: 0->0
[2026-08-01T22:09:00.390+0900][1.037s][info ][gc,heap        ] GC(13) Humongous regions: 0->0
[2026-08-01T22:09:00.390+0900][1.037s][info ][gc,metaspace   ] GC(13) Metaspace: 6660K(6912K)->6660K(6912K) NonClass: 6044K(6208K)->6044K(6208K) Class: 616K(704K)->616K(704K)
[2026-08-01T22:09:00.390+0900][1.037s][debug][gc,heap        ] GC(13) Heap after GC invocations=14 (full 14):
[2026-08-01T22:09:00.390+0900][1.037s][debug][gc,heap        ] GC(13)  garbage-first heap   total 131072K, used 15326K [0x000001da1e000000, 0x000002111e000000)
[2026-08-01T22:09:00.390+0900][1.037s][debug][gc,heap        ] GC(13)   region size 32768K, 0 young (0K), 0 survivors (0K)
[2026-08-01T22:09:00.390+0900][1.037s][debug][gc,heap        ] GC(13)  Metaspace       used 6660K, committed 6912K, reserved 1114112K
[2026-08-01T22:09:00.390+0900][1.037s][debug][gc,heap        ] GC(13)   class space    used 616K, committed 704K, reserved 1048576K
[2026-08-01T22:09:00.390+0900][1.037s][info ][gc             ] GC(13) Pause Full (System.gc()) 16M->14M(128M) 19.337ms
[2026-08-01T22:09:00.390+0900][1.037s][info ][gc,cpu         ] GC(13) User=0.03s Sys=0.00s Real=0.02s
[2026-08-01T22:09:00.390+0900][1.037s][info ][safepoint      ] Safepoint "G1CollectFull", Time since last: 2355301 ns, Reaching safepoint: 25999 ns, At safepoint: 19383901 ns, Total: 19409900 ns
[2026-08-01T22:09:00.392+0900][1.039s][info ][gc,start       ] GC(14) Pause Full (System.gc())
[2026-08-01T22:09:00.392+0900][1.039s][debug][gc,heap        ] GC(14) Heap before GC invocations=14 (full 14):
[2026-08-01T22:09:00.392+0900][1.039s][debug][gc,heap        ] GC(14)  garbage-first heap   total 131072K, used 15326K [0x000001da1e000000, 0x000002111e000000)
[2026-08-01T22:09:00.392+0900][1.039s][debug][gc,heap        ] GC(14)   region size 32768K, 1 young (32768K), 0 survivors (0K)
[2026-08-01T22:09:00.392+0900][1.039s][debug][gc,heap        ] GC(14)  Metaspace       used 6664K, committed 6912K, reserved 1114112K
[2026-08-01T22:09:00.392+0900][1.039s][debug][gc,heap        ] GC(14)   class space    used 616K, committed 704K, reserved 1048576K
[2026-08-01T22:09:00.392+0900][1.039s][info ][gc,task        ] GC(14) Using 1 workers of 18 for full compaction
[2026-08-01T22:09:00.392+0900][1.039s][info ][gc,phases,start] GC(14) Phase 1: Mark live objects
[2026-08-01T22:09:00.401+0900][1.049s][info ][gc,phases      ] GC(14) Phase 1: Mark live objects 9.419ms
[2026-08-01T22:09:00.401+0900][1.049s][info ][gc,phases,start] GC(14) Phase 2: Prepare for compaction
[2026-08-01T22:09:00.404+0900][1.051s][info ][gc,phases      ] GC(14) Phase 2: Prepare for compaction 2.031ms
[2026-08-01T22:09:00.404+0900][1.051s][info ][gc,phases,start] GC(14) Phase 3: Adjust pointers
[2026-08-01T22:09:00.407+0900][1.055s][info ][gc,phases      ] GC(14) Phase 3: Adjust pointers 3.791ms
[2026-08-01T22:09:00.407+0900][1.055s][info ][gc,phases,start] GC(14) Phase 4: Compact heap
[2026-08-01T22:09:00.409+0900][1.056s][info ][gc,phases      ] GC(14) Phase 4: Compact heap 1.676ms
[2026-08-01T22:09:00.410+0900][1.058s][info ][gc,heap        ] GC(14) Eden regions: 1->0(1)
[2026-08-01T22:09:00.410+0900][1.058s][info ][gc,heap        ] GC(14) Survivor regions: 0->0(0)
[2026-08-01T22:09:00.410+0900][1.058s][info ][gc,heap        ] GC(14) Old regions: 1->1
[2026-08-01T22:09:00.410+0900][1.058s][info ][gc,heap        ] GC(14) Archive regions: 0->0
[2026-08-01T22:09:00.410+0900][1.058s][info ][gc,heap        ] GC(14) Humongous regions: 0->0
[2026-08-01T22:09:00.410+0900][1.058s][info ][gc,metaspace   ] GC(14) Metaspace: 6664K(6912K)->6664K(6912K) NonClass: 6048K(6208K)->6048K(6208K) Class: 616K(704K)->616K(704K)
[2026-08-01T22:09:00.410+0900][1.058s][debug][gc,heap        ] GC(14) Heap after GC invocations=15 (full 15):
[2026-08-01T22:09:00.410+0900][1.058s][debug][gc,heap        ] GC(14)  garbage-first heap   total 131072K, used 15340K [0x000001da1e000000, 0x000002111e000000)
[2026-08-01T22:09:00.410+0900][1.058s][debug][gc,heap        ] GC(14)   region size 32768K, 0 young (0K), 0 survivors (0K)
[2026-08-01T22:09:00.410+0900][1.058s][debug][gc,heap        ] GC(14)  Metaspace       used 6664K, committed 6912K, reserved 1114112K
[2026-08-01T22:09:00.410+0900][1.058s][debug][gc,heap        ] GC(14)   class space    used 616K, committed 704K, reserved 1048576K
[2026-08-01T22:09:00.410+0900][1.058s][info ][gc             ] GC(14) Pause Full (System.gc()) 16M->14M(128M) 18.671ms
[2026-08-01T22:09:00.410+0900][1.058s][info ][gc,cpu         ] GC(14) User=0.02s Sys=0.00s Real=0.02s
[2026-08-01T22:09:00.410+0900][1.058s][info ][safepoint      ] Safepoint "G1CollectFull", Time since last: 2156100 ns, Reaching safepoint: 22000 ns, At safepoint: 18707500 ns, Total: 18729500 ns
[2026-08-01T22:09:00.413+0900][1.060s][info ][gc,start       ] GC(15) Pause Full (System.gc())
[2026-08-01T22:09:00.413+0900][1.060s][debug][gc,heap        ] GC(15) Heap before GC invocations=15 (full 15):
[2026-08-01T22:09:00.413+0900][1.060s][debug][gc,heap        ] GC(15)  garbage-first heap   total 131072K, used 15340K [0x000001da1e000000, 0x000002111e000000)
[2026-08-01T22:09:00.413+0900][1.060s][debug][gc,heap        ] GC(15)   region size 32768K, 1 young (32768K), 0 survivors (0K)
[2026-08-01T22:09:00.413+0900][1.060s][debug][gc,heap        ] GC(15)  Metaspace       used 6670K, committed 6912K, reserved 1114112K
[2026-08-01T22:09:00.413+0900][1.060s][debug][gc,heap        ] GC(15)   class space    used 616K, committed 704K, reserved 1048576K
[2026-08-01T22:09:00.413+0900][1.060s][info ][gc,task        ] GC(15) Using 1 workers of 18 for full compaction
[2026-08-01T22:09:00.413+0900][1.060s][info ][gc,phases,start] GC(15) Phase 1: Mark live objects
[2026-08-01T22:09:00.422+0900][1.070s][info ][gc,phases      ] GC(15) Phase 1: Mark live objects 9.850ms
[2026-08-01T22:09:00.423+0900][1.070s][info ][gc,phases,start] GC(15) Phase 2: Prepare for compaction
[2026-08-01T22:09:00.425+0900][1.072s][info ][gc,phases      ] GC(15) Phase 2: Prepare for compaction 2.062ms
[2026-08-01T22:09:00.425+0900][1.072s][info ][gc,phases,start] GC(15) Phase 3: Adjust pointers
[2026-08-01T22:09:00.429+0900][1.076s][info ][gc,phases      ] GC(15) Phase 3: Adjust pointers 4.151ms
[2026-08-01T22:09:00.429+0900][1.076s][info ][gc,phases,start] GC(15) Phase 4: Compact heap
[2026-08-01T22:09:00.431+0900][1.078s][info ][gc,phases      ] GC(15) Phase 4: Compact heap 2.074ms
[2026-08-01T22:09:00.432+0900][1.079s][info ][gc,heap        ] GC(15) Eden regions: 1->0(1)
[2026-08-01T22:09:00.432+0900][1.079s][info ][gc,heap        ] GC(15) Survivor regions: 0->0(0)
[2026-08-01T22:09:00.432+0900][1.079s][info ][gc,heap        ] GC(15) Old regions: 1->1
[2026-08-01T22:09:00.432+0900][1.079s][info ][gc,heap        ] GC(15) Archive regions: 0->0
[2026-08-01T22:09:00.432+0900][1.079s][info ][gc,heap        ] GC(15) Humongous regions: 0->0
[2026-08-01T22:09:00.432+0900][1.079s][info ][gc,metaspace   ] GC(15) Metaspace: 6670K(6912K)->6670K(6912K) NonClass: 6054K(6208K)->6054K(6208K) Class: 616K(704K)->616K(704K)
[2026-08-01T22:09:00.432+0900][1.079s][debug][gc,heap        ] GC(15) Heap after GC invocations=16 (full 16):
[2026-08-01T22:09:00.432+0900][1.079s][debug][gc,heap        ] GC(15)  garbage-first heap   total 131072K, used 15354K [0x000001da1e000000, 0x000002111e000000)
[2026-08-01T22:09:00.432+0900][1.079s][debug][gc,heap        ] GC(15)   region size 32768K, 0 young (0K), 0 survivors (0K)
[2026-08-01T22:09:00.432+0900][1.079s][debug][gc,heap        ] GC(15)  Metaspace       used 6670K, committed 6912K, reserved 1114112K
[2026-08-01T22:09:00.432+0900][1.079s][debug][gc,heap        ] GC(15)   class space    used 616K, committed 704K, reserved 1048576K
[2026-08-01T22:09:00.432+0900][1.079s][info ][gc             ] GC(15) Pause Full (System.gc()) 16M->14M(128M) 19.309ms
[2026-08-01T22:09:00.432+0900][1.079s][info ][gc,cpu         ] GC(15) User=0.02s Sys=0.00s Real=0.02s
[2026-08-01T22:09:00.432+0900][1.079s][info ][safepoint      ] Safepoint "G1CollectFull", Time since last: 2023000 ns, Reaching safepoint: 26599 ns, At safepoint: 19362000 ns, Total: 19388599 ns
[2026-08-01T22:09:00.434+0900][1.081s][info ][gc,start       ] GC(16) Pause Full (System.gc())
[2026-08-01T22:09:00.434+0900][1.081s][debug][gc,heap        ] GC(16) Heap before GC invocations=16 (full 16):
[2026-08-01T22:09:00.434+0900][1.081s][debug][gc,heap        ] GC(16)  garbage-first heap   total 131072K, used 15354K [0x000001da1e000000, 0x000002111e000000)
[2026-08-01T22:09:00.434+0900][1.081s][debug][gc,heap        ] GC(16)   region size 32768K, 1 young (32768K), 0 survivors (0K)
[2026-08-01T22:09:00.434+0900][1.081s][debug][gc,heap        ] GC(16)  Metaspace       used 6676K, committed 6912K, reserved 1114112K
[2026-08-01T22:09:00.434+0900][1.081s][debug][gc,heap        ] GC(16)   class space    used 616K, committed 704K, reserved 1048576K
[2026-08-01T22:09:00.434+0900][1.081s][info ][gc,task        ] GC(16) Using 1 workers of 18 for full compaction
[2026-08-01T22:09:00.434+0900][1.081s][info ][gc,phases,start] GC(16) Phase 1: Mark live objects
[2026-08-01T22:09:00.445+0900][1.093s][info ][gc,phases      ] GC(16) Phase 1: Mark live objects 11.038ms
[2026-08-01T22:09:00.445+0900][1.093s][info ][gc,phases,start] GC(16) Phase 2: Prepare for compaction
[2026-08-01T22:09:00.448+0900][1.095s][info ][gc,phases      ] GC(16) Phase 2: Prepare for compaction 2.142ms
[2026-08-01T22:09:00.448+0900][1.095s][info ][gc,phases,start] GC(16) Phase 3: Adjust pointers
[2026-08-01T22:09:00.451+0900][1.099s][info ][gc,phases      ] GC(16) Phase 3: Adjust pointers 4.270ms
[2026-08-01T22:09:00.451+0900][1.099s][info ][gc,phases,start] GC(16) Phase 4: Compact heap
[2026-08-01T22:09:00.454+0900][1.101s][info ][gc,phases      ] GC(16) Phase 4: Compact heap 1.731ms
[2026-08-01T22:09:00.455+0900][1.102s][info ][gc,heap        ] GC(16) Eden regions: 1->0(1)
[2026-08-01T22:09:00.455+0900][1.102s][info ][gc,heap        ] GC(16) Survivor regions: 0->0(0)
[2026-08-01T22:09:00.455+0900][1.102s][info ][gc,heap        ] GC(16) Old regions: 1->1
[2026-08-01T22:09:00.455+0900][1.102s][info ][gc,heap        ] GC(16) Archive regions: 0->0
[2026-08-01T22:09:00.455+0900][1.102s][info ][gc,heap        ] GC(16) Humongous regions: 0->0
[2026-08-01T22:09:00.455+0900][1.102s][info ][gc,metaspace   ] GC(16) Metaspace: 6676K(6912K)->6676K(6912K) NonClass: 6060K(6208K)->6060K(6208K) Class: 616K(704K)->616K(704K)
[2026-08-01T22:09:00.455+0900][1.102s][debug][gc,heap        ] GC(16) Heap after GC invocations=17 (full 17):
[2026-08-01T22:09:00.455+0900][1.102s][debug][gc,heap        ] GC(16)  garbage-first heap   total 131072K, used 15367K [0x000001da1e000000, 0x000002111e000000)
[2026-08-01T22:09:00.455+0900][1.102s][debug][gc,heap        ] GC(16)   region size 32768K, 0 young (0K), 0 survivors (0K)
[2026-08-01T22:09:00.455+0900][1.102s][debug][gc,heap        ] GC(16)  Metaspace       used 6676K, committed 6912K, reserved 1114112K
[2026-08-01T22:09:00.455+0900][1.102s][debug][gc,heap        ] GC(16)   class space    used 616K, committed 704K, reserved 1048576K
[2026-08-01T22:09:00.455+0900][1.102s][info ][gc             ] GC(16) Pause Full (System.gc()) 16M->15M(128M) 20.358ms
[2026-08-01T22:09:00.455+0900][1.102s][info ][gc,cpu         ] GC(16) User=0.02s Sys=0.00s Real=0.02s
[2026-08-01T22:09:00.455+0900][1.102s][info ][safepoint      ] Safepoint "G1CollectFull", Time since last: 1961401 ns, Reaching safepoint: 22399 ns, At safepoint: 20468901 ns, Total: 20491300 ns
[2026-08-01T22:09:00.457+0900][1.104s][info ][gc,start       ] GC(17) Pause Full (System.gc())
[2026-08-01T22:09:00.457+0900][1.104s][debug][gc,heap        ] GC(17) Heap before GC invocations=17 (full 17):
[2026-08-01T22:09:00.457+0900][1.104s][debug][gc,heap        ] GC(17)  garbage-first heap   total 131072K, used 15367K [0x000001da1e000000, 0x000002111e000000)
[2026-08-01T22:09:00.457+0900][1.104s][debug][gc,heap        ] GC(17)   region size 32768K, 1 young (32768K), 0 survivors (0K)
[2026-08-01T22:09:00.457+0900][1.104s][debug][gc,heap        ] GC(17)  Metaspace       used 6693K, committed 6912K, reserved 1114112K
[2026-08-01T22:09:00.457+0900][1.104s][debug][gc,heap        ] GC(17)   class space    used 616K, committed 704K, reserved 1048576K
[2026-08-01T22:09:00.457+0900][1.104s][info ][gc,task        ] GC(17) Using 1 workers of 18 for full compaction
[2026-08-01T22:09:00.457+0900][1.105s][info ][gc,phases,start] GC(17) Phase 1: Mark live objects
[2026-08-01T22:09:00.468+0900][1.115s][info ][gc,phases      ] GC(17) Phase 1: Mark live objects 9.994ms
[2026-08-01T22:09:00.468+0900][1.115s][info ][gc,phases,start] GC(17) Phase 2: Prepare for compaction
[2026-08-01T22:09:00.470+0900][1.117s][info ][gc,phases      ] GC(17) Phase 2: Prepare for compaction 2.054ms
[2026-08-01T22:09:00.470+0900][1.117s][info ][gc,phases,start] GC(17) Phase 3: Adjust pointers
[2026-08-01T22:09:00.473+0900][1.121s][info ][gc,phases      ] GC(17) Phase 3: Adjust pointers 4.301ms
[2026-08-01T22:09:00.473+0900][1.121s][info ][gc,phases,start] GC(17) Phase 4: Compact heap
[2026-08-01T22:09:00.475+0900][1.123s][info ][gc,phases      ] GC(17) Phase 4: Compact heap 2.006ms
[2026-08-01T22:09:00.477+0900][1.125s][info ][gc,heap        ] GC(17) Eden regions: 1->0(1)
[2026-08-01T22:09:00.477+0900][1.125s][info ][gc,heap        ] GC(17) Survivor regions: 0->0(0)
[2026-08-01T22:09:00.477+0900][1.125s][info ][gc,heap        ] GC(17) Old regions: 1->1
[2026-08-01T22:09:00.477+0900][1.125s][info ][gc,heap        ] GC(17) Archive regions: 0->0
[2026-08-01T22:09:00.477+0900][1.125s][info ][gc,heap        ] GC(17) Humongous regions: 0->0
[2026-08-01T22:09:00.477+0900][1.125s][info ][gc,metaspace   ] GC(17) Metaspace: 6693K(6912K)->6693K(6912K) NonClass: 6076K(6208K)->6076K(6208K) Class: 616K(704K)->616K(704K)
[2026-08-01T22:09:00.477+0900][1.125s][debug][gc,heap        ] GC(17) Heap after GC invocations=18 (full 18):
[2026-08-01T22:09:00.477+0900][1.125s][debug][gc,heap        ] GC(17)  garbage-first heap   total 131072K, used 15381K [0x000001da1e000000, 0x000002111e000000)
[2026-08-01T22:09:00.477+0900][1.125s][debug][gc,heap        ] GC(17)   region size 32768K, 0 young (0K), 0 survivors (0K)
[2026-08-01T22:09:00.477+0900][1.125s][debug][gc,heap        ] GC(17)  Metaspace       used 6693K, committed 6912K, reserved 1114112K
[2026-08-01T22:09:00.477+0900][1.125s][debug][gc,heap        ] GC(17)   class space    used 616K, committed 704K, reserved 1048576K
[2026-08-01T22:09:00.477+0900][1.125s][info ][gc             ] GC(17) Pause Full (System.gc()) 16M->15M(128M) 20.377ms
[2026-08-01T22:09:00.477+0900][1.125s][info ][gc,cpu         ] GC(17) User=0.02s Sys=0.00s Real=0.02s
[2026-08-01T22:09:00.477+0900][1.125s][info ][safepoint      ] Safepoint "G1CollectFull", Time since last: 2589199 ns, Reaching safepoint: 20000 ns, At safepoint: 20485000 ns, Total: 20505000 ns
[2026-08-01T22:09:00.480+0900][1.127s][info ][gc,start       ] GC(18) Pause Full (System.gc())
[2026-08-01T22:09:00.480+0900][1.127s][debug][gc,heap        ] GC(18) Heap before GC invocations=18 (full 18):
[2026-08-01T22:09:00.480+0900][1.127s][debug][gc,heap        ] GC(18)  garbage-first heap   total 131072K, used 15381K [0x000001da1e000000, 0x000002111e000000)
[2026-08-01T22:09:00.480+0900][1.127s][debug][gc,heap        ] GC(18)   region size 32768K, 1 young (32768K), 0 survivors (0K)
[2026-08-01T22:09:00.480+0900][1.127s][debug][gc,heap        ] GC(18)  Metaspace       used 6696K, committed 6912K, reserved 1114112K
[2026-08-01T22:09:00.480+0900][1.127s][debug][gc,heap        ] GC(18)   class space    used 616K, committed 704K, reserved 1048576K
[2026-08-01T22:09:00.480+0900][1.127s][info ][gc,task        ] GC(18) Using 1 workers of 18 for full compaction
[2026-08-01T22:09:00.480+0900][1.127s][info ][gc,phases,start] GC(18) Phase 1: Mark live objects
[2026-08-01T22:09:00.489+0900][1.137s][info ][gc,phases      ] GC(18) Phase 1: Mark live objects 9.523ms
[2026-08-01T22:09:00.489+0900][1.137s][info ][gc,phases,start] GC(18) Phase 2: Prepare for compaction
[2026-08-01T22:09:00.492+0900][1.139s][info ][gc,phases      ] GC(18) Phase 2: Prepare for compaction 2.244ms
[2026-08-01T22:09:00.492+0900][1.139s][info ][gc,phases,start] GC(18) Phase 3: Adjust pointers
[2026-08-01T22:09:00.496+0900][1.143s][info ][gc,phases      ] GC(18) Phase 3: Adjust pointers 4.410ms
[2026-08-01T22:09:00.496+0900][1.143s][info ][gc,phases,start] GC(18) Phase 4: Compact heap
[2026-08-01T22:09:00.498+0900][1.145s][info ][gc,phases      ] GC(18) Phase 4: Compact heap 1.838ms
[2026-08-01T22:09:00.499+0900][1.146s][info ][gc,heap        ] GC(18) Eden regions: 1->0(1)
[2026-08-01T22:09:00.499+0900][1.146s][info ][gc,heap        ] GC(18) Survivor regions: 0->0(0)
[2026-08-01T22:09:00.499+0900][1.146s][info ][gc,heap        ] GC(18) Old regions: 1->1
[2026-08-01T22:09:00.499+0900][1.146s][info ][gc,heap        ] GC(18) Archive regions: 0->0
[2026-08-01T22:09:00.499+0900][1.146s][info ][gc,heap        ] GC(18) Humongous regions: 0->0
[2026-08-01T22:09:00.499+0900][1.146s][info ][gc,metaspace   ] GC(18) Metaspace: 6696K(6912K)->6696K(6912K) NonClass: 6079K(6208K)->6079K(6208K) Class: 616K(704K)->616K(704K)
[2026-08-01T22:09:00.499+0900][1.146s][debug][gc,heap        ] GC(18) Heap after GC invocations=19 (full 19):
[2026-08-01T22:09:00.499+0900][1.146s][debug][gc,heap        ] GC(18)  garbage-first heap   total 131072K, used 15396K [0x000001da1e000000, 0x000002111e000000)
[2026-08-01T22:09:00.499+0900][1.146s][debug][gc,heap        ] GC(18)   region size 32768K, 0 young (0K), 0 survivors (0K)
[2026-08-01T22:09:00.499+0900][1.146s][debug][gc,heap        ] GC(18)  Metaspace       used 6696K, committed 6912K, reserved 1114112K
[2026-08-01T22:09:00.499+0900][1.146s][debug][gc,heap        ] GC(18)   class space    used 616K, committed 704K, reserved 1048576K
[2026-08-01T22:09:00.499+0900][1.146s][info ][gc             ] GC(18) Pause Full (System.gc()) 16M->15M(128M) 19.346ms
[2026-08-01T22:09:00.499+0900][1.146s][info ][gc,cpu         ] GC(18) User=0.03s Sys=0.00s Real=0.02s
[2026-08-01T22:09:00.499+0900][1.146s][info ][safepoint      ] Safepoint "G1CollectFull", Time since last: 2151401 ns, Reaching safepoint: 26199 ns, At safepoint: 19393101 ns, Total: 19419300 ns
[2026-08-01T22:09:00.501+0900][1.148s][info ][gc,start       ] GC(19) Pause Full (System.gc())
[2026-08-01T22:09:00.501+0900][1.148s][debug][gc,heap        ] GC(19) Heap before GC invocations=19 (full 19):
[2026-08-01T22:09:00.501+0900][1.148s][debug][gc,heap        ] GC(19)  garbage-first heap   total 131072K, used 15396K [0x000001da1e000000, 0x000002111e000000)
[2026-08-01T22:09:00.501+0900][1.148s][debug][gc,heap        ] GC(19)   region size 32768K, 1 young (32768K), 0 survivors (0K)
[2026-08-01T22:09:00.501+0900][1.148s][debug][gc,heap        ] GC(19)  Metaspace       used 6700K, committed 6912K, reserved 1114112K
[2026-08-01T22:09:00.501+0900][1.148s][debug][gc,heap        ] GC(19)   class space    used 616K, committed 704K, reserved 1048576K
[2026-08-01T22:09:00.501+0900][1.148s][info ][gc,task        ] GC(19) Using 1 workers of 18 for full compaction
[2026-08-01T22:09:00.501+0900][1.149s][info ][gc,phases,start] GC(19) Phase 1: Mark live objects
[2026-08-01T22:09:00.512+0900][1.159s][info ][gc,phases      ] GC(19) Phase 1: Mark live objects 10.306ms
[2026-08-01T22:09:00.512+0900][1.159s][info ][gc,phases,start] GC(19) Phase 2: Prepare for compaction
[2026-08-01T22:09:00.514+0900][1.161s][info ][gc,phases      ] GC(19) Phase 2: Prepare for compaction 2.091ms
[2026-08-01T22:09:00.514+0900][1.161s][info ][gc,phases,start] GC(19) Phase 3: Adjust pointers
[2026-08-01T22:09:00.518+0900][1.165s][info ][gc,phases      ] GC(19) Phase 3: Adjust pointers 4.015ms
[2026-08-01T22:09:00.518+0900][1.165s][info ][gc,phases,start] GC(19) Phase 4: Compact heap
[2026-08-01T22:09:00.520+0900][1.167s][info ][gc,phases      ] GC(19) Phase 4: Compact heap 2.027ms
[2026-08-01T22:09:00.520+0900][1.168s][info ][gc,heap        ] GC(19) Eden regions: 1->0(1)
[2026-08-01T22:09:00.520+0900][1.168s][info ][gc,heap        ] GC(19) Survivor regions: 0->0(0)
[2026-08-01T22:09:00.520+0900][1.168s][info ][gc,heap        ] GC(19) Old regions: 1->1
[2026-08-01T22:09:00.520+0900][1.168s][info ][gc,heap        ] GC(19) Archive regions: 0->0
[2026-08-01T22:09:00.520+0900][1.168s][info ][gc,heap        ] GC(19) Humongous regions: 0->0
[2026-08-01T22:09:00.520+0900][1.168s][info ][gc,metaspace   ] GC(19) Metaspace: 6700K(6912K)->6700K(6912K) NonClass: 6084K(6208K)->6084K(6208K) Class: 616K(704K)->616K(704K)
[2026-08-01T22:09:00.520+0900][1.168s][debug][gc,heap        ] GC(19) Heap after GC invocations=20 (full 20):
[2026-08-01T22:09:00.520+0900][1.168s][debug][gc,heap        ] GC(19)  garbage-first heap   total 131072K, used 15410K [0x000001da1e000000, 0x000002111e000000)
[2026-08-01T22:09:00.520+0900][1.168s][debug][gc,heap        ] GC(19)   region size 32768K, 0 young (0K), 0 survivors (0K)
[2026-08-01T22:09:00.520+0900][1.168s][debug][gc,heap        ] GC(19)  Metaspace       used 6700K, committed 6912K, reserved 1114112K
[2026-08-01T22:09:00.520+0900][1.168s][debug][gc,heap        ] GC(19)   class space    used 616K, committed 704K, reserved 1048576K
[2026-08-01T22:09:00.520+0900][1.168s][info ][gc             ] GC(19) Pause Full (System.gc()) 16M->15M(128M) 19.595ms
[2026-08-01T22:09:00.521+0900][1.168s][info ][gc,cpu         ] GC(19) User=0.02s Sys=0.00s Real=0.02s
[2026-08-01T22:09:00.521+0900][1.168s][info ][safepoint      ] Safepoint "G1CollectFull", Time since last: 1912499 ns, Reaching safepoint: 21000 ns, At safepoint: 19641601 ns, Total: 19662601 ns
[2026-08-01T22:09:00.523+0900][1.170s][info ][gc,start       ] GC(20) Pause Full (System.gc())
[2026-08-01T22:09:00.523+0900][1.170s][debug][gc,heap        ] GC(20) Heap before GC invocations=20 (full 20):
[2026-08-01T22:09:00.523+0900][1.170s][debug][gc,heap        ] GC(20)  garbage-first heap   total 131072K, used 15410K [0x000001da1e000000, 0x000002111e000000)
[2026-08-01T22:09:00.523+0900][1.170s][debug][gc,heap        ] GC(20)   region size 32768K, 1 young (32768K), 0 survivors (0K)
[2026-08-01T22:09:00.523+0900][1.170s][debug][gc,heap        ] GC(20)  Metaspace       used 6705K, committed 6912K, reserved 1114112K
[2026-08-01T22:09:00.523+0900][1.170s][debug][gc,heap        ] GC(20)   class space    used 616K, committed 704K, reserved 1048576K
[2026-08-01T22:09:00.523+0900][1.170s][info ][gc,task        ] GC(20) Using 1 workers of 18 for full compaction
[2026-08-01T22:09:00.523+0900][1.170s][info ][gc,phases,start] GC(20) Phase 1: Mark live objects
[2026-08-01T22:09:00.533+0900][1.180s][info ][gc,phases      ] GC(20) Phase 1: Mark live objects 10.189ms
[2026-08-01T22:09:00.533+0900][1.180s][info ][gc,phases,start] GC(20) Phase 2: Prepare for compaction
[2026-08-01T22:09:00.535+0900][1.182s][info ][gc,phases      ] GC(20) Phase 2: Prepare for compaction 2.080ms
[2026-08-01T22:09:00.535+0900][1.182s][info ][gc,phases,start] GC(20) Phase 3: Adjust pointers
[2026-08-01T22:09:00.540+0900][1.187s][info ][gc,phases      ] GC(20) Phase 3: Adjust pointers 4.769ms
[2026-08-01T22:09:00.540+0900][1.187s][info ][gc,phases,start] GC(20) Phase 4: Compact heap
[2026-08-01T22:09:00.542+0900][1.189s][info ][gc,phases      ] GC(20) Phase 4: Compact heap 1.696ms
[2026-08-01T22:09:00.542+0900][1.190s][info ][gc,heap        ] GC(20) Eden regions: 1->0(1)
[2026-08-01T22:09:00.542+0900][1.190s][info ][gc,heap        ] GC(20) Survivor regions: 0->0(0)
[2026-08-01T22:09:00.543+0900][1.190s][info ][gc,heap        ] GC(20) Old regions: 1->1
[2026-08-01T22:09:00.543+0900][1.190s][info ][gc,heap        ] GC(20) Archive regions: 0->0
[2026-08-01T22:09:00.543+0900][1.190s][info ][gc,heap        ] GC(20) Humongous regions: 0->0
[2026-08-01T22:09:00.543+0900][1.190s][info ][gc,metaspace   ] GC(20) Metaspace: 6705K(6912K)->6705K(6912K) NonClass: 6089K(6208K)->6089K(6208K) Class: 616K(704K)->616K(704K)
[2026-08-01T22:09:00.543+0900][1.190s][debug][gc,heap        ] GC(20) Heap after GC invocations=21 (full 21):
[2026-08-01T22:09:00.543+0900][1.190s][debug][gc,heap        ] GC(20)  garbage-first heap   total 131072K, used 15423K [0x000001da1e000000, 0x000002111e000000)
[2026-08-01T22:09:00.543+0900][1.190s][debug][gc,heap        ] GC(20)   region size 32768K, 0 young (0K), 0 survivors (0K)
[2026-08-01T22:09:00.543+0900][1.190s][debug][gc,heap        ] GC(20)  Metaspace       used 6705K, committed 6912K, reserved 1114112K
[2026-08-01T22:09:00.543+0900][1.190s][debug][gc,heap        ] GC(20)   class space    used 616K, committed 704K, reserved 1048576K
[2026-08-01T22:09:00.543+0900][1.190s][info ][gc             ] GC(20) Pause Full (System.gc()) 16M->15M(128M) 19.806ms
[2026-08-01T22:09:00.543+0900][1.190s][info ][gc,cpu         ] GC(20) User=0.02s Sys=0.00s Real=0.02s
[2026-08-01T22:09:00.543+0900][1.190s][info ][safepoint      ] Safepoint "G1CollectFull", Time since last: 1881199 ns, Reaching safepoint: 21401 ns, At safepoint: 19891500 ns, Total: 19912901 ns
[2026-08-01T22:09:00.545+0900][1.192s][info ][gc,start       ] GC(21) Pause Full (System.gc())
[2026-08-01T22:09:00.545+0900][1.192s][debug][gc,heap        ] GC(21) Heap before GC invocations=21 (full 21):
[2026-08-01T22:09:00.545+0900][1.192s][debug][gc,heap        ] GC(21)  garbage-first heap   total 131072K, used 15423K [0x000001da1e000000, 0x000002111e000000)
[2026-08-01T22:09:00.545+0900][1.192s][debug][gc,heap        ] GC(21)   region size 32768K, 1 young (32768K), 0 survivors (0K)
[2026-08-01T22:09:00.545+0900][1.192s][debug][gc,heap        ] GC(21)  Metaspace       used 6710K, committed 6912K, reserved 1114112K
[2026-08-01T22:09:00.545+0900][1.192s][debug][gc,heap        ] GC(21)   class space    used 616K, committed 704K, reserved 1048576K
[2026-08-01T22:09:00.545+0900][1.192s][info ][gc,task        ] GC(21) Using 1 workers of 18 for full compaction
[2026-08-01T22:09:00.545+0900][1.192s][info ][gc,phases,start] GC(21) Phase 1: Mark live objects
[2026-08-01T22:09:00.554+0900][1.202s][info ][gc,phases      ] GC(21) Phase 1: Mark live objects 9.644ms
[2026-08-01T22:09:00.554+0900][1.202s][info ][gc,phases,start] GC(21) Phase 2: Prepare for compaction
[2026-08-01T22:09:00.557+0900][1.204s][info ][gc,phases      ] GC(21) Phase 2: Prepare for compaction 2.215ms
[2026-08-01T22:09:00.557+0900][1.204s][info ][gc,phases,start] GC(21) Phase 3: Adjust pointers
[2026-08-01T22:09:00.561+0900][1.209s][info ][gc,phases      ] GC(21) Phase 3: Adjust pointers 4.818ms
[2026-08-01T22:09:00.562+0900][1.209s][info ][gc,phases,start] GC(21) Phase 4: Compact heap
[2026-08-01T22:09:00.564+0900][1.211s][info ][gc,phases      ] GC(21) Phase 4: Compact heap 1.855ms
[2026-08-01T22:09:00.565+0900][1.211s][info ][gc,heap        ] GC(21) Eden regions: 1->0(1)
[2026-08-01T22:09:00.565+0900][1.212s][info ][gc,heap        ] GC(21) Survivor regions: 0->0(0)
[2026-08-01T22:09:00.565+0900][1.212s][info ][gc,heap        ] GC(21) Old regions: 1->1
[2026-08-01T22:09:00.565+0900][1.212s][info ][gc,heap        ] GC(21) Archive regions: 0->0
[2026-08-01T22:09:00.565+0900][1.212s][info ][gc,heap        ] GC(21) Humongous regions: 0->0
[2026-08-01T22:09:00.565+0900][1.212s][info ][gc,metaspace   ] GC(21) Metaspace: 6710K(6912K)->6710K(6912K) NonClass: 6094K(6208K)->6094K(6208K) Class: 616K(704K)->616K(704K)
[2026-08-01T22:09:00.565+0900][1.212s][debug][gc,heap        ] GC(21) Heap after GC invocations=22 (full 22):
[2026-08-01T22:09:00.565+0900][1.212s][debug][gc,heap        ] GC(21)  garbage-first heap   total 131072K, used 15437K [0x000001da1e000000, 0x000002111e000000)
[2026-08-01T22:09:00.565+0900][1.212s][debug][gc,heap        ] GC(21)   region size 32768K, 0 young (0K), 0 survivors (0K)
[2026-08-01T22:09:00.565+0900][1.212s][debug][gc,heap        ] GC(21)  Metaspace       used 6710K, committed 6912K, reserved 1114112K
[2026-08-01T22:09:00.565+0900][1.212s][debug][gc,heap        ] GC(21)   class space    used 616K, committed 704K, reserved 1048576K
[2026-08-01T22:09:00.565+0900][1.212s][info ][gc             ] GC(21) Pause Full (System.gc()) 16M->15M(128M) 19.799ms
[2026-08-01T22:09:00.565+0900][1.212s][info ][gc,cpu         ] GC(21) User=0.02s Sys=0.00s Real=0.02s
[2026-08-01T22:09:00.565+0900][1.212s][info ][safepoint      ] Safepoint "G1CollectFull", Time since last: 1956700 ns, Reaching safepoint: 26000 ns, At safepoint: 19892600 ns, Total: 19918600 ns
[2026-08-01T22:09:00.567+0900][1.214s][info ][gc,start       ] GC(22) Pause Full (System.gc())
[2026-08-01T22:09:00.567+0900][1.214s][debug][gc,heap        ] GC(22) Heap before GC invocations=22 (full 22):
[2026-08-01T22:09:00.567+0900][1.214s][debug][gc,heap        ] GC(22)  garbage-first heap   total 131072K, used 15437K [0x000001da1e000000, 0x000002111e000000)
[2026-08-01T22:09:00.567+0900][1.214s][debug][gc,heap        ] GC(22)   region size 32768K, 1 young (32768K), 0 survivors (0K)
[2026-08-01T22:09:00.567+0900][1.214s][debug][gc,heap        ] GC(22)  Metaspace       used 6717K, committed 6912K, reserved 1114112K
[2026-08-01T22:09:00.567+0900][1.214s][debug][gc,heap        ] GC(22)   class space    used 616K, committed 704K, reserved 1048576K
[2026-08-01T22:09:00.567+0900][1.214s][info ][gc,task        ] GC(22) Using 1 workers of 18 for full compaction
[2026-08-01T22:09:00.567+0900][1.214s][info ][gc,phases,start] GC(22) Phase 1: Mark live objects
[2026-08-01T22:09:00.578+0900][1.225s][info ][gc,phases      ] GC(22) Phase 1: Mark live objects 11.332ms
[2026-08-01T22:09:00.578+0900][1.225s][info ][gc,phases,start] GC(22) Phase 2: Prepare for compaction
[2026-08-01T22:09:00.580+0900][1.228s][info ][gc,phases      ] GC(22) Phase 2: Prepare for compaction 2.176ms
[2026-08-01T22:09:00.580+0900][1.228s][info ][gc,phases,start] GC(22) Phase 3: Adjust pointers
[2026-08-01T22:09:00.585+0900][1.232s][info ][gc,phases      ] GC(22) Phase 3: Adjust pointers 4.224ms
[2026-08-01T22:09:00.585+0900][1.232s][info ][gc,phases,start] GC(22) Phase 4: Compact heap
[2026-08-01T22:09:00.587+0900][1.234s][info ][gc,phases      ] GC(22) Phase 4: Compact heap 1.801ms
[2026-08-01T22:09:00.587+0900][1.234s][info ][gc,heap        ] GC(22) Eden regions: 1->0(1)
[2026-08-01T22:09:00.587+0900][1.235s][info ][gc,heap        ] GC(22) Survivor regions: 0->0(0)
[2026-08-01T22:09:00.587+0900][1.235s][info ][gc,heap        ] GC(22) Old regions: 1->1
[2026-08-01T22:09:00.587+0900][1.235s][info ][gc,heap        ] GC(22) Archive regions: 0->0
[2026-08-01T22:09:00.587+0900][1.235s][info ][gc,heap        ] GC(22) Humongous regions: 0->0
[2026-08-01T22:09:00.587+0900][1.235s][info ][gc,metaspace   ] GC(22) Metaspace: 6717K(6912K)->6717K(6912K) NonClass: 6101K(6208K)->6101K(6208K) Class: 616K(704K)->616K(704K)
[2026-08-01T22:09:00.587+0900][1.235s][debug][gc,heap        ] GC(22) Heap after GC invocations=23 (full 23):
[2026-08-01T22:09:00.587+0900][1.235s][debug][gc,heap        ] GC(22)  garbage-first heap   total 131072K, used 15450K [0x000001da1e000000, 0x000002111e000000)
[2026-08-01T22:09:00.587+0900][1.235s][debug][gc,heap        ] GC(22)   region size 32768K, 0 young (0K), 0 survivors (0K)
[2026-08-01T22:09:00.587+0900][1.235s][debug][gc,heap        ] GC(22)  Metaspace       used 6717K, committed 6912K, reserved 1114112K
[2026-08-01T22:09:00.587+0900][1.235s][debug][gc,heap        ] GC(22)   class space    used 616K, committed 704K, reserved 1048576K
[2026-08-01T22:09:00.587+0900][1.235s][info ][gc             ] GC(22) Pause Full (System.gc()) 16M->15M(128M) 20.721ms
[2026-08-01T22:09:00.587+0900][1.235s][info ][gc,cpu         ] GC(22) User=0.02s Sys=0.00s Real=0.02s
[2026-08-01T22:09:00.587+0900][1.235s][info ][safepoint      ] Safepoint "G1CollectFull", Time since last: 2163200 ns, Reaching safepoint: 22700 ns, At safepoint: 20759300 ns, Total: 20782000 ns
[2026-08-01T22:09:00.589+0900][1.237s][info ][gc,start       ] GC(23) Pause Full (System.gc())
[2026-08-01T22:09:00.589+0900][1.237s][debug][gc,heap        ] GC(23) Heap before GC invocations=23 (full 23):
[2026-08-01T22:09:00.589+0900][1.237s][debug][gc,heap        ] GC(23)  garbage-first heap   total 131072K, used 15450K [0x000001da1e000000, 0x000002111e000000)
[2026-08-01T22:09:00.589+0900][1.237s][debug][gc,heap        ] GC(23)   region size 32768K, 1 young (32768K), 0 survivors (0K)
[2026-08-01T22:09:00.589+0900][1.237s][debug][gc,heap        ] GC(23)  Metaspace       used 6724K, committed 6912K, reserved 1114112K
[2026-08-01T22:09:00.589+0900][1.237s][debug][gc,heap        ] GC(23)   class space    used 616K, committed 704K, reserved 1048576K
[2026-08-01T22:09:00.589+0900][1.237s][info ][gc,task        ] GC(23) Using 1 workers of 18 for full compaction
[2026-08-01T22:09:00.589+0900][1.237s][info ][gc,phases,start] GC(23) Phase 1: Mark live objects
[2026-08-01T22:09:00.600+0900][1.247s][info ][gc,phases      ] GC(23) Phase 1: Mark live objects 10.537ms
[2026-08-01T22:09:00.600+0900][1.248s][info ][gc,phases,start] GC(23) Phase 2: Prepare for compaction
[2026-08-01T22:09:00.602+0900][1.250s][info ][gc,phases      ] GC(23) Phase 2: Prepare for compaction 2.179ms
[2026-08-01T22:09:00.602+0900][1.250s][info ][gc,phases,start] GC(23) Phase 3: Adjust pointers
[2026-08-01T22:09:00.607+0900][1.255s][info ][gc,phases      ] GC(23) Phase 3: Adjust pointers 5.119ms
[2026-08-01T22:09:00.607+0900][1.255s][info ][gc,phases,start] GC(23) Phase 4: Compact heap
[2026-08-01T22:09:00.610+0900][1.257s][info ][gc,phases      ] GC(23) Phase 4: Compact heap 2.049ms
[2026-08-01T22:09:00.610+0900][1.258s][info ][gc,heap        ] GC(23) Eden regions: 1->0(1)
[2026-08-01T22:09:00.611+0900][1.258s][info ][gc,heap        ] GC(23) Survivor regions: 0->0(0)
[2026-08-01T22:09:00.611+0900][1.258s][info ][gc,heap        ] GC(23) Old regions: 1->1
[2026-08-01T22:09:00.611+0900][1.258s][info ][gc,heap        ] GC(23) Archive regions: 0->0
[2026-08-01T22:09:00.611+0900][1.258s][info ][gc,heap        ] GC(23) Humongous regions: 0->0
[2026-08-01T22:09:00.611+0900][1.258s][info ][gc,metaspace   ] GC(23) Metaspace: 6724K(6912K)->6724K(6912K) NonClass: 6108K(6208K)->6108K(6208K) Class: 616K(704K)->616K(704K)
[2026-08-01T22:09:00.611+0900][1.258s][debug][gc,heap        ] GC(23) Heap after GC invocations=24 (full 24):
[2026-08-01T22:09:00.611+0900][1.258s][debug][gc,heap        ] GC(23)  garbage-first heap   total 131072K, used 15464K [0x000001da1e000000, 0x000002111e000000)
[2026-08-01T22:09:00.611+0900][1.258s][debug][gc,heap        ] GC(23)   region size 32768K, 0 young (0K), 0 survivors (0K)
[2026-08-01T22:09:00.611+0900][1.258s][debug][gc,heap        ] GC(23)  Metaspace       used 6724K, committed 6912K, reserved 1114112K
[2026-08-01T22:09:00.611+0900][1.258s][debug][gc,heap        ] GC(23)   class space    used 616K, committed 704K, reserved 1048576K
[2026-08-01T22:09:00.611+0900][1.258s][info ][gc             ] GC(23) Pause Full (System.gc()) 16M->15M(128M) 21.261ms
[2026-08-01T22:09:00.611+0900][1.258s][info ][gc,cpu         ] GC(23) User=0.03s Sys=0.00s Real=0.02s
[2026-08-01T22:09:00.611+0900][1.258s][info ][safepoint      ] Safepoint "G1CollectFull", Time since last: 2131200 ns, Reaching safepoint: 22600 ns, At safepoint: 21314799 ns, Total: 21337399 ns
[2026-08-01T22:09:00.613+0900][1.260s][info ][gc,start       ] GC(24) Pause Full (System.gc())
[2026-08-01T22:09:00.613+0900][1.260s][debug][gc,heap        ] GC(24) Heap before GC invocations=24 (full 24):
[2026-08-01T22:09:00.613+0900][1.260s][debug][gc,heap        ] GC(24)  garbage-first heap   total 131072K, used 15464K [0x000001da1e000000, 0x000002111e000000)
[2026-08-01T22:09:00.613+0900][1.260s][debug][gc,heap        ] GC(24)   region size 32768K, 1 young (32768K), 0 survivors (0K)
[2026-08-01T22:09:00.613+0900][1.260s][debug][gc,heap        ] GC(24)  Metaspace       used 6724K, committed 6912K, reserved 1114112K
[2026-08-01T22:09:00.613+0900][1.260s][debug][gc,heap        ] GC(24)   class space    used 616K, committed 704K, reserved 1048576K
[2026-08-01T22:09:00.613+0900][1.260s][info ][gc,task        ] GC(24) Using 1 workers of 18 for full compaction
[2026-08-01T22:09:00.613+0900][1.260s][info ][gc,phases,start] GC(24) Phase 1: Mark live objects
[2026-08-01T22:09:00.625+0900][1.273s][info ][gc,phases      ] GC(24) Phase 1: Mark live objects 12.399ms
[2026-08-01T22:09:00.625+0900][1.273s][info ][gc,phases,start] GC(24) Phase 2: Prepare for compaction
[2026-08-01T22:09:00.628+0900][1.275s][info ][gc,phases      ] GC(24) Phase 2: Prepare for compaction 2.409ms
[2026-08-01T22:09:00.628+0900][1.275s][info ][gc,phases,start] GC(24) Phase 3: Adjust pointers
[2026-08-01T22:09:00.633+0900][1.280s][info ][gc,phases      ] GC(24) Phase 3: Adjust pointers 4.919ms
[2026-08-01T22:09:00.633+0900][1.280s][info ][gc,phases,start] GC(24) Phase 4: Compact heap
[2026-08-01T22:09:00.635+0900][1.282s][info ][gc,phases      ] GC(24) Phase 4: Compact heap 1.905ms
[2026-08-01T22:09:00.635+0900][1.283s][info ][gc,heap        ] GC(24) Eden regions: 1->0(1)
[2026-08-01T22:09:00.635+0900][1.283s][info ][gc,heap        ] GC(24) Survivor regions: 0->0(0)
[2026-08-01T22:09:00.635+0900][1.283s][info ][gc,heap        ] GC(24) Old regions: 1->1
[2026-08-01T22:09:00.635+0900][1.283s][info ][gc,heap        ] GC(24) Archive regions: 0->0
[2026-08-01T22:09:00.635+0900][1.283s][info ][gc,heap        ] GC(24) Humongous regions: 0->0
[2026-08-01T22:09:00.635+0900][1.283s][info ][gc,metaspace   ] GC(24) Metaspace: 6724K(6912K)->6724K(6912K) NonClass: 6108K(6208K)->6108K(6208K) Class: 616K(704K)->616K(704K)
[2026-08-01T22:09:00.635+0900][1.283s][debug][gc,heap        ] GC(24) Heap after GC invocations=25 (full 25):
[2026-08-01T22:09:00.635+0900][1.283s][debug][gc,heap        ] GC(24)  garbage-first heap   total 131072K, used 15478K [0x000001da1e000000, 0x000002111e000000)
[2026-08-01T22:09:00.635+0900][1.283s][debug][gc,heap        ] GC(24)   region size 32768K, 0 young (0K), 0 survivors (0K)
[2026-08-01T22:09:00.635+0900][1.283s][debug][gc,heap        ] GC(24)  Metaspace       used 6724K, committed 6912K, reserved 1114112K
[2026-08-01T22:09:00.635+0900][1.283s][debug][gc,heap        ] GC(24)   class space    used 616K, committed 704K, reserved 1048576K
[2026-08-01T22:09:00.635+0900][1.283s][info ][gc             ] GC(24) Pause Full (System.gc()) 16M->15M(128M) 22.926ms
[2026-08-01T22:09:00.635+0900][1.283s][info ][gc,cpu         ] GC(24) User=0.02s Sys=0.00s Real=0.02s
[2026-08-01T22:09:00.635+0900][1.283s][info ][safepoint      ] Safepoint "G1CollectFull", Time since last: 1851601 ns, Reaching safepoint: 29500 ns, At safepoint: 22977500 ns, Total: 23007000 ns
[2026-08-01T22:09:00.638+0900][1.285s][info ][gc,start       ] GC(25) Pause Full (System.gc())
[2026-08-01T22:09:00.638+0900][1.285s][debug][gc,heap        ] GC(25) Heap before GC invocations=25 (full 25):
[2026-08-01T22:09:00.638+0900][1.285s][debug][gc,heap        ] GC(25)  garbage-first heap   total 131072K, used 15478K [0x000001da1e000000, 0x000002111e000000)
[2026-08-01T22:09:00.638+0900][1.285s][debug][gc,heap        ] GC(25)   region size 32768K, 1 young (32768K), 0 survivors (0K)
[2026-08-01T22:09:00.638+0900][1.285s][debug][gc,heap        ] GC(25)  Metaspace       used 6726K, committed 6912K, reserved 1114112K
[2026-08-01T22:09:00.638+0900][1.285s][debug][gc,heap        ] GC(25)   class space    used 616K, committed 704K, reserved 1048576K
[2026-08-01T22:09:00.638+0900][1.285s][info ][gc,task        ] GC(25) Using 1 workers of 18 for full compaction
[2026-08-01T22:09:00.638+0900][1.285s][info ][gc,phases,start] GC(25) Phase 1: Mark live objects
[2026-08-01T22:09:00.649+0900][1.296s][info ][gc,phases      ] GC(25) Phase 1: Mark live objects 10.866ms
[2026-08-01T22:09:00.649+0900][1.296s][info ][gc,phases,start] GC(25) Phase 2: Prepare for compaction
[2026-08-01T22:09:00.652+0900][1.299s][info ][gc,phases      ] GC(25) Phase 2: Prepare for compaction 2.544ms
[2026-08-01T22:09:00.652+0900][1.299s][info ][gc,phases,start] GC(25) Phase 3: Adjust pointers
[2026-08-01T22:09:00.655+0900][1.303s][info ][gc,phases      ] GC(25) Phase 3: Adjust pointers 4.173ms
[2026-08-01T22:09:00.655+0900][1.303s][info ][gc,phases,start] GC(25) Phase 4: Compact heap
[2026-08-01T22:09:00.658+0900][1.305s][info ][gc,phases      ] GC(25) Phase 4: Compact heap 2.413ms
[2026-08-01T22:09:00.659+0900][1.306s][info ][gc,heap        ] GC(25) Eden regions: 1->0(1)
[2026-08-01T22:09:00.659+0900][1.306s][info ][gc,heap        ] GC(25) Survivor regions: 0->0(0)
[2026-08-01T22:09:00.659+0900][1.306s][info ][gc,heap        ] GC(25) Old regions: 1->1
[2026-08-01T22:09:00.659+0900][1.306s][info ][gc,heap        ] GC(25) Archive regions: 0->0
[2026-08-01T22:09:00.659+0900][1.306s][info ][gc,heap        ] GC(25) Humongous regions: 0->0
[2026-08-01T22:09:00.659+0900][1.306s][info ][gc,metaspace   ] GC(25) Metaspace: 6726K(6912K)->6726K(6912K) NonClass: 6109K(6208K)->6109K(6208K) Class: 616K(704K)->616K(704K)
[2026-08-01T22:09:00.659+0900][1.306s][debug][gc,heap        ] GC(25) Heap after GC invocations=26 (full 26):
[2026-08-01T22:09:00.659+0900][1.306s][debug][gc,heap        ] GC(25)  garbage-first heap   total 131072K, used 15492K [0x000001da1e000000, 0x000002111e000000)
[2026-08-01T22:09:00.659+0900][1.306s][debug][gc,heap        ] GC(25)   region size 32768K, 0 young (0K), 0 survivors (0K)
[2026-08-01T22:09:00.659+0900][1.306s][debug][gc,heap        ] GC(25)  Metaspace       used 6726K, committed 6912K, reserved 1114112K
[2026-08-01T22:09:00.659+0900][1.306s][debug][gc,heap        ] GC(25)   class space    used 616K, committed 704K, reserved 1048576K
[2026-08-01T22:09:00.659+0900][1.306s][info ][gc             ] GC(25) Pause Full (System.gc()) 16M->15M(128M) 21.250ms
[2026-08-01T22:09:00.659+0900][1.306s][info ][gc,cpu         ] GC(25) User=0.02s Sys=0.00s Real=0.02s
[2026-08-01T22:09:00.660+0900][1.306s][info ][safepoint      ] Safepoint "G1CollectFull", Time since last: 1962200 ns, Reaching safepoint: 25900 ns, At safepoint: 21342400 ns, Total: 21368300 ns
[2026-08-01T22:09:00.661+0900][1.308s][info ][gc,start       ] GC(26) Pause Full (System.gc())
[2026-08-01T22:09:00.661+0900][1.308s][debug][gc,heap        ] GC(26) Heap before GC invocations=26 (full 26):
[2026-08-01T22:09:00.662+0900][1.308s][debug][gc,heap        ] GC(26)  garbage-first heap   total 131072K, used 15492K [0x000001da1e000000, 0x000002111e000000)
[2026-08-01T22:09:00.662+0900][1.308s][debug][gc,heap        ] GC(26)   region size 32768K, 1 young (32768K), 0 survivors (0K)
[2026-08-01T22:09:00.662+0900][1.308s][debug][gc,heap        ] GC(26)  Metaspace       used 6734K, committed 6912K, reserved 1114112K
[2026-08-01T22:09:00.662+0900][1.308s][debug][gc,heap        ] GC(26)   class space    used 616K, committed 704K, reserved 1048576K
[2026-08-01T22:09:00.662+0900][1.308s][info ][gc,task        ] GC(26) Using 1 workers of 18 for full compaction
[2026-08-01T22:09:00.662+0900][1.308s][info ][gc,phases,start] GC(26) Phase 1: Mark live objects
[2026-08-01T22:09:00.672+0900][1.319s][info ][gc,phases      ] GC(26) Phase 1: Mark live objects 10.577ms
[2026-08-01T22:09:00.672+0900][1.319s][info ][gc,phases,start] GC(26) Phase 2: Prepare for compaction
[2026-08-01T22:09:00.674+0900][1.321s][info ][gc,phases      ] GC(26) Phase 2: Prepare for compaction 2.112ms
[2026-08-01T22:09:00.674+0900][1.321s][info ][gc,phases,start] GC(26) Phase 3: Adjust pointers
[2026-08-01T22:09:00.678+0900][1.325s][info ][gc,phases      ] GC(26) Phase 3: Adjust pointers 4.302ms
[2026-08-01T22:09:00.678+0900][1.325s][info ][gc,phases,start] GC(26) Phase 4: Compact heap
[2026-08-01T22:09:00.680+0900][1.327s][info ][gc,phases      ] GC(26) Phase 4: Compact heap 1.905ms
[2026-08-01T22:09:00.681+0900][1.328s][info ][gc,heap        ] GC(26) Eden regions: 1->0(1)
[2026-08-01T22:09:00.681+0900][1.328s][info ][gc,heap        ] GC(26) Survivor regions: 0->0(0)
[2026-08-01T22:09:00.681+0900][1.328s][info ][gc,heap        ] GC(26) Old regions: 1->1
[2026-08-01T22:09:00.681+0900][1.328s][info ][gc,heap        ] GC(26) Archive regions: 0->0
[2026-08-01T22:09:00.681+0900][1.328s][info ][gc,heap        ] GC(26) Humongous regions: 0->0
[2026-08-01T22:09:00.681+0900][1.328s][info ][gc,metaspace   ] GC(26) Metaspace: 6734K(6912K)->6734K(6912K) NonClass: 6118K(6208K)->6118K(6208K) Class: 616K(704K)->616K(704K)
[2026-08-01T22:09:00.681+0900][1.328s][debug][gc,heap        ] GC(26) Heap after GC invocations=27 (full 27):
[2026-08-01T22:09:00.681+0900][1.328s][debug][gc,heap        ] GC(26)  garbage-first heap   total 131072K, used 15505K [0x000001da1e000000, 0x000002111e000000)
[2026-08-01T22:09:00.681+0900][1.328s][debug][gc,heap        ] GC(26)   region size 32768K, 0 young (0K), 0 survivors (0K)
[2026-08-01T22:09:00.681+0900][1.328s][debug][gc,heap        ] GC(26)  Metaspace       used 6734K, committed 6912K, reserved 1114112K
[2026-08-01T22:09:00.681+0900][1.328s][debug][gc,heap        ] GC(26)   class space    used 616K, committed 704K, reserved 1048576K
[2026-08-01T22:09:00.681+0900][1.328s][info ][gc             ] GC(26) Pause Full (System.gc()) 16M->15M(128M) 20.147ms
[2026-08-01T22:09:00.681+0900][1.328s][info ][gc,cpu         ] GC(26) User=0.02s Sys=0.00s Real=0.02s
[2026-08-01T22:09:00.681+0900][1.328s][info ][safepoint      ] Safepoint "G1CollectFull", Time since last: 1866200 ns, Reaching safepoint: 28200 ns, At safepoint: 20196000 ns, Total: 20224200 ns
[2026-08-01T22:09:00.683+0900][1.330s][info ][gc,start       ] GC(27) Pause Full (System.gc())
[2026-08-01T22:09:00.683+0900][1.330s][debug][gc,heap        ] GC(27) Heap before GC invocations=27 (full 27):
[2026-08-01T22:09:00.683+0900][1.330s][debug][gc,heap        ] GC(27)  garbage-first heap   total 131072K, used 15505K [0x000001da1e000000, 0x000002111e000000)
[2026-08-01T22:09:00.683+0900][1.330s][debug][gc,heap        ] GC(27)   region size 32768K, 1 young (32768K), 0 survivors (0K)
[2026-08-01T22:09:00.683+0900][1.330s][debug][gc,heap        ] GC(27)  Metaspace       used 6735K, committed 6912K, reserved 1114112K
[2026-08-01T22:09:00.683+0900][1.330s][debug][gc,heap        ] GC(27)   class space    used 616K, committed 704K, reserved 1048576K
[2026-08-01T22:09:00.683+0900][1.330s][info ][gc,task        ] GC(27) Using 1 workers of 18 for full compaction
[2026-08-01T22:09:00.683+0900][1.330s][info ][gc,phases,start] GC(27) Phase 1: Mark live objects
[2026-08-01T22:09:00.695+0900][1.342s][info ][gc,phases      ] GC(27) Phase 1: Mark live objects 11.668ms
[2026-08-01T22:09:00.695+0900][1.342s][info ][gc,phases,start] GC(27) Phase 2: Prepare for compaction
[2026-08-01T22:09:00.698+0900][1.345s][info ][gc,phases      ] GC(27) Phase 2: Prepare for compaction 2.470ms
[2026-08-01T22:09:00.698+0900][1.345s][info ][gc,phases,start] GC(27) Phase 3: Adjust pointers
[2026-08-01T22:09:00.704+0900][1.351s][info ][gc,phases      ] GC(27) Phase 3: Adjust pointers 5.954ms
[2026-08-01T22:09:00.704+0900][1.351s][info ][gc,phases,start] GC(27) Phase 4: Compact heap
[2026-08-01T22:09:00.706+0900][1.353s][info ][gc,phases      ] GC(27) Phase 4: Compact heap 2.254ms
[2026-08-01T22:09:00.707+0900][1.354s][info ][gc,heap        ] GC(27) Eden regions: 1->0(1)
[2026-08-01T22:09:00.707+0900][1.354s][info ][gc,heap        ] GC(27) Survivor regions: 0->0(0)
[2026-08-01T22:09:00.707+0900][1.354s][info ][gc,heap        ] GC(27) Old regions: 1->1
[2026-08-01T22:09:00.707+0900][1.354s][info ][gc,heap        ] GC(27) Archive regions: 0->0
[2026-08-01T22:09:00.707+0900][1.354s][info ][gc,heap        ] GC(27) Humongous regions: 0->0
[2026-08-01T22:09:00.707+0900][1.354s][info ][gc,metaspace   ] GC(27) Metaspace: 6735K(6912K)->6735K(6912K) NonClass: 6118K(6208K)->6118K(6208K) Class: 616K(704K)->616K(704K)
[2026-08-01T22:09:00.707+0900][1.354s][debug][gc,heap        ] GC(27) Heap after GC invocations=28 (full 28):
[2026-08-01T22:09:00.707+0900][1.354s][debug][gc,heap        ] GC(27)  garbage-first heap   total 131072K, used 15522K [0x000001da1e000000, 0x000002111e000000)
[2026-08-01T22:09:00.707+0900][1.354s][debug][gc,heap        ] GC(27)   region size 32768K, 0 young (0K), 0 survivors (0K)
[2026-08-01T22:09:00.707+0900][1.354s][debug][gc,heap        ] GC(27)  Metaspace       used 6735K, committed 6912K, reserved 1114112K
[2026-08-01T22:09:00.707+0900][1.354s][debug][gc,heap        ] GC(27)   class space    used 616K, committed 704K, reserved 1048576K
[2026-08-01T22:09:00.707+0900][1.354s][info ][gc             ] GC(27) Pause Full (System.gc()) 16M->15M(128M) 23.754ms
[2026-08-01T22:09:00.707+0900][1.354s][info ][gc,cpu         ] GC(27) User=0.03s Sys=0.00s Real=0.02s
[2026-08-01T22:09:00.707+0900][1.354s][info ][safepoint      ] Safepoint "G1CollectFull", Time since last: 1929799 ns, Reaching safepoint: 25601 ns, At safepoint: 23797200 ns, Total: 23822801 ns
[2026-08-01T22:09:00.722+0900][1.369s][info ][gc,start       ] GC(28) Pause Full (System.gc())
[2026-08-01T22:09:00.722+0900][1.369s][debug][gc,heap        ] GC(28) Heap before GC invocations=28 (full 28):
[2026-08-01T22:09:00.722+0900][1.369s][debug][gc,heap        ] GC(28)  garbage-first heap   total 131072K, used 15522K [0x000001da1e000000, 0x000002111e000000)
[2026-08-01T22:09:00.722+0900][1.369s][debug][gc,heap        ] GC(28)   region size 32768K, 1 young (32768K), 0 survivors (0K)
[2026-08-01T22:09:00.722+0900][1.369s][debug][gc,heap        ] GC(28)  Metaspace       used 6764K, committed 6976K, reserved 1114112K
[2026-08-01T22:09:00.722+0900][1.369s][debug][gc,heap        ] GC(28)   class space    used 618K, committed 704K, reserved 1048576K
[2026-08-01T22:09:00.722+0900][1.369s][info ][gc,task        ] GC(28) Using 1 workers of 18 for full compaction
[2026-08-01T22:09:00.722+0900][1.369s][info ][gc,phases,start] GC(28) Phase 1: Mark live objects
[2026-08-01T22:09:00.736+0900][1.383s][info ][gc,phases      ] GC(28) Phase 1: Mark live objects 13.839ms
[2026-08-01T22:09:00.736+0900][1.383s][info ][gc,phases,start] GC(28) Phase 2: Prepare for compaction
[2026-08-01T22:09:00.739+0900][1.386s][info ][gc,phases      ] GC(28) Phase 2: Prepare for compaction 2.809ms
[2026-08-01T22:09:00.739+0900][1.386s][info ][gc,phases,start] GC(28) Phase 3: Adjust pointers
[2026-08-01T22:09:00.745+0900][1.393s][info ][gc,phases      ] GC(28) Phase 3: Adjust pointers 6.642ms
[2026-08-01T22:09:00.746+0900][1.393s][info ][gc,phases,start] GC(28) Phase 4: Compact heap
[2026-08-01T22:09:00.749+0900][1.396s][info ][gc,phases      ] GC(28) Phase 4: Compact heap 3.326ms
[2026-08-01T22:09:00.750+0900][1.397s][info ][gc,heap        ] GC(28) Eden regions: 1->0(1)
[2026-08-01T22:09:00.750+0900][1.397s][info ][gc,heap        ] GC(28) Survivor regions: 0->0(0)
[2026-08-01T22:09:00.750+0900][1.397s][info ][gc,heap        ] GC(28) Old regions: 1->1
[2026-08-01T22:09:00.750+0900][1.397s][info ][gc,heap        ] GC(28) Archive regions: 0->0
[2026-08-01T22:09:00.750+0900][1.397s][info ][gc,heap        ] GC(28) Humongous regions: 0->0
[2026-08-01T22:09:00.750+0900][1.397s][info ][gc,metaspace   ] GC(28) Metaspace: 6764K(6976K)->6764K(6976K) NonClass: 6146K(6272K)->6146K(6272K) Class: 618K(704K)->618K(704K)
[2026-08-01T22:09:00.750+0900][1.397s][debug][gc,heap        ] GC(28) Heap after GC invocations=29 (full 29):
[2026-08-01T22:09:00.750+0900][1.397s][debug][gc,heap        ] GC(28)  garbage-first heap   total 131072K, used 18138K [0x000001da1e000000, 0x000002111e000000)
[2026-08-01T22:09:00.750+0900][1.397s][debug][gc,heap        ] GC(28)   region size 32768K, 0 young (0K), 0 survivors (0K)
[2026-08-01T22:09:00.750+0900][1.397s][debug][gc,heap        ] GC(28)  Metaspace       used 6764K, committed 6976K, reserved 1114112K
[2026-08-01T22:09:00.750+0900][1.397s][debug][gc,heap        ] GC(28)   class space    used 618K, committed 704K, reserved 1048576K
[2026-08-01T22:09:00.750+0900][1.397s][info ][gc             ] GC(28) Pause Full (System.gc()) 20M->17M(128M) 28.024ms
[2026-08-01T22:09:00.750+0900][1.397s][info ][gc,cpu         ] GC(28) User=0.03s Sys=0.00s Real=0.03s
[2026-08-01T22:09:00.750+0900][1.397s][info ][safepoint      ] Safepoint "G1CollectFull", Time since last: 14823200 ns, Reaching safepoint: 115100 ns, At safepoint: 28066100 ns, Total: 28181200 ns
[2026-08-01T22:09:00.815+0900][1.463s][info ][gc,start       ] GC(29) Pause Young (Normal) (G1 Evacuation Pause)
[2026-08-01T22:09:00.815+0900][1.463s][debug][gc,heap        ] GC(29) Heap before GC invocations=29 (full 29):
[2026-08-01T22:09:00.815+0900][1.463s][debug][gc,heap        ] GC(29)  garbage-first heap   total 131072K, used 50906K [0x000001da1e000000, 0x000002111e000000)
[2026-08-01T22:09:00.815+0900][1.463s][debug][gc,heap        ] GC(29)   region size 32768K, 1 young (32768K), 0 survivors (0K)
[2026-08-01T22:09:00.815+0900][1.463s][debug][gc,heap        ] GC(29)  Metaspace       used 6776K, committed 6976K, reserved 1114112K
[2026-08-01T22:09:00.815+0900][1.463s][debug][gc,heap        ] GC(29)   class space    used 619K, committed 704K, reserved 1048576K
[2026-08-01T22:09:00.815+0900][1.463s][info ][gc,task        ] GC(29) Using 4 workers of 18 for evacuation
[2026-08-01T22:09:00.826+0900][1.473s][info ][gc,phases      ] GC(29)   Pre Evacuate Collection Set: 0.0ms
[2026-08-01T22:09:00.826+0900][1.473s][info ][gc,phases      ] GC(29)   Merge Heap Roots: 0.3ms
[2026-08-01T22:09:00.826+0900][1.473s][info ][gc,phases      ] GC(29)   Evacuate Collection Set: 9.9ms
[2026-08-01T22:09:00.826+0900][1.473s][info ][gc,phases      ] GC(29)   Post Evacuate Collection Set: 0.2ms
[2026-08-01T22:09:00.826+0900][1.473s][info ][gc,phases      ] GC(29)   Other: 0.1ms
[2026-08-01T22:09:00.826+0900][1.473s][info ][gc,heap        ] GC(29) Eden regions: 1->0(1)
[2026-08-01T22:09:00.826+0900][1.473s][info ][gc,heap        ] GC(29) Survivor regions: 0->1(1)
[2026-08-01T22:09:00.826+0900][1.473s][info ][gc,heap        ] GC(29) Old regions: 1->1
[2026-08-01T22:09:00.826+0900][1.473s][info ][gc,heap        ] GC(29) Archive regions: 0->0
[2026-08-01T22:09:00.826+0900][1.473s][info ][gc,heap        ] GC(29) Humongous regions: 0->0
[2026-08-01T22:09:00.826+0900][1.473s][info ][gc,metaspace   ] GC(29) Metaspace: 6776K(6976K)->6776K(6976K) NonClass: 6156K(6272K)->6156K(6272K) Class: 619K(704K)->619K(704K)
[2026-08-01T22:09:00.826+0900][1.473s][debug][gc,heap        ] GC(29) Heap after GC invocations=30 (full 29):
[2026-08-01T22:09:00.826+0900][1.473s][debug][gc,heap        ] GC(29)  garbage-first heap   total 131072K, used 34391K [0x000001da1e000000, 0x000002111e000000)
[2026-08-01T22:09:00.826+0900][1.473s][debug][gc,heap        ] GC(29)   region size 32768K, 1 young (32768K), 1 survivors (32768K)
[2026-08-01T22:09:00.826+0900][1.473s][debug][gc,heap        ] GC(29)  Metaspace       used 6776K, committed 6976K, reserved 1114112K
[2026-08-01T22:09:00.826+0900][1.473s][debug][gc,heap        ] GC(29)   class space    used 619K, committed 704K, reserved 1048576K
[2026-08-01T22:09:00.826+0900][1.473s][info ][gc             ] GC(29) Pause Young (Normal) (G1 Evacuation Pause) 49M->33M(128M) 10.931ms
[2026-08-01T22:09:00.826+0900][1.473s][info ][gc,cpu         ] GC(29) User=0.08s Sys=0.00s Real=0.01s
[2026-08-01T22:09:00.826+0900][1.473s][info ][safepoint      ] Safepoint "G1CollectForAllocation", Time since last: 65307600 ns, Reaching safepoint: 35100 ns, At safepoint: 10991900 ns, Total: 11027000 ns
[2026-08-01T22:09:00.857+0900][1.505s][info ][gc,start       ] GC(30) Pause Young (Normal) (G1 Evacuation Pause)
[2026-08-01T22:09:00.857+0900][1.505s][debug][gc,heap        ] GC(30) Heap before GC invocations=30 (full 29):
[2026-08-01T22:09:00.857+0900][1.505s][debug][gc,heap        ] GC(30)  garbage-first heap   total 131072K, used 67159K [0x000001da1e000000, 0x000002111e000000)
[2026-08-01T22:09:00.857+0900][1.505s][debug][gc,heap        ] GC(30)   region size 32768K, 2 young (65536K), 1 survivors (32768K)
[2026-08-01T22:09:00.857+0900][1.505s][debug][gc,heap        ] GC(30)  Metaspace       used 6776K, committed 6976K, reserved 1114112K
[2026-08-01T22:09:00.857+0900][1.505s][debug][gc,heap        ] GC(30)   class space    used 619K, committed 704K, reserved 1048576K
[2026-08-01T22:09:00.857+0900][1.505s][info ][gc,task        ] GC(30) Using 4 workers of 18 for evacuation
[2026-08-01T22:09:00.872+0900][1.519s][info ][gc,phases      ] GC(30)   Pre Evacuate Collection Set: 0.0ms
[2026-08-01T22:09:00.872+0900][1.519s][info ][gc,phases      ] GC(30)   Merge Heap Roots: 0.1ms
[2026-08-01T22:09:00.872+0900][1.519s][info ][gc,phases      ] GC(30)   Evacuate Collection Set: 14.1ms
[2026-08-01T22:09:00.872+0900][1.519s][info ][gc,phases      ] GC(30)   Post Evacuate Collection Set: 0.2ms
[2026-08-01T22:09:00.872+0900][1.519s][info ][gc,phases      ] GC(30)   Other: 0.1ms
[2026-08-01T22:09:00.872+0900][1.519s][info ][gc,heap        ] GC(30) Eden regions: 1->0(1)
[2026-08-01T22:09:00.872+0900][1.519s][info ][gc,heap        ] GC(30) Survivor regions: 1->1(1)
[2026-08-01T22:09:00.872+0900][1.519s][info ][gc,heap        ] GC(30) Old regions: 1->1
[2026-08-01T22:09:00.872+0900][1.519s][info ][gc,heap        ] GC(30) Archive regions: 0->0
[2026-08-01T22:09:00.872+0900][1.519s][info ][gc,heap        ] GC(30) Humongous regions: 0->0
[2026-08-01T22:09:00.872+0900][1.519s][info ][gc,metaspace   ] GC(30) Metaspace: 6776K(6976K)->6776K(6976K) NonClass: 6156K(6272K)->6156K(6272K) Class: 619K(704K)->619K(704K)
[2026-08-01T22:09:00.872+0900][1.519s][debug][gc,heap        ] GC(30) Heap after GC invocations=31 (full 29):
[2026-08-01T22:09:00.872+0900][1.519s][debug][gc,heap        ] GC(30)  garbage-first heap   total 131072K, used 49944K [0x000001da1e000000, 0x000002111e000000)
[2026-08-01T22:09:00.872+0900][1.519s][debug][gc,heap        ] GC(30)   region size 32768K, 1 young (32768K), 1 survivors (32768K)
[2026-08-01T22:09:00.872+0900][1.519s][debug][gc,heap        ] GC(30)  Metaspace       used 6776K, committed 6976K, reserved 1114112K
[2026-08-01T22:09:00.872+0900][1.519s][debug][gc,heap        ] GC(30)   class space    used 619K, committed 704K, reserved 1048576K
[2026-08-01T22:09:00.872+0900][1.520s][info ][gc             ] GC(30) Pause Young (Normal) (G1 Evacuation Pause) 65M->48M(128M) 14.948ms
[2026-08-01T22:09:00.872+0900][1.520s][info ][gc,cpu         ] GC(30) User=0.08s Sys=0.00s Real=0.01s
[2026-08-01T22:09:00.872+0900][1.520s][info ][safepoint      ] Safepoint "G1CollectForAllocation", Time since last: 30968800 ns, Reaching safepoint: 104900 ns, At safepoint: 15010700 ns, Total: 15115600 ns
[2026-08-01T22:09:00.895+0900][1.542s][info ][gc,start       ] GC(31) Pause Young (Normal) (G1 Evacuation Pause)
[2026-08-01T22:09:00.895+0900][1.542s][debug][gc,heap        ] GC(31) Heap before GC invocations=31 (full 29):
[2026-08-01T22:09:00.895+0900][1.543s][debug][gc,heap        ] GC(31)  garbage-first heap   total 131072K, used 82712K [0x000001da1e000000, 0x000002111e000000)
[2026-08-01T22:09:00.895+0900][1.543s][debug][gc,heap        ] GC(31)   region size 32768K, 2 young (65536K), 1 survivors (32768K)
[2026-08-01T22:09:00.895+0900][1.543s][debug][gc,heap        ] GC(31)  Metaspace       used 6778K, committed 6976K, reserved 1114112K
[2026-08-01T22:09:00.895+0900][1.543s][debug][gc,heap        ] GC(31)   class space    used 619K, committed 704K, reserved 1048576K
[2026-08-01T22:09:00.895+0900][1.543s][info ][gc,task        ] GC(31) Using 4 workers of 18 for evacuation
[2026-08-01T22:09:00.918+0900][1.565s][info ][gc,phases      ] GC(31)   Pre Evacuate Collection Set: 0.0ms
[2026-08-01T22:09:00.918+0900][1.565s][info ][gc,phases      ] GC(31)   Merge Heap Roots: 0.1ms
[2026-08-01T22:09:00.918+0900][1.565s][info ][gc,phases      ] GC(31)   Evacuate Collection Set: 21.7ms
[2026-08-01T22:09:00.918+0900][1.565s][info ][gc,phases      ] GC(31)   Post Evacuate Collection Set: 0.3ms
[2026-08-01T22:09:00.918+0900][1.565s][info ][gc,phases      ] GC(31)   Other: 0.1ms
[2026-08-01T22:09:00.918+0900][1.565s][info ][gc,heap        ] GC(31) Eden regions: 1->0(1)
[2026-08-01T22:09:00.918+0900][1.565s][info ][gc,heap        ] GC(31) Survivor regions: 1->1(1)
[2026-08-01T22:09:00.918+0900][1.565s][info ][gc,heap        ] GC(31) Old regions: 1->2
[2026-08-01T22:09:00.918+0900][1.565s][info ][gc,heap        ] GC(31) Archive regions: 0->0
[2026-08-01T22:09:00.918+0900][1.565s][info ][gc,heap        ] GC(31) Humongous regions: 0->0
[2026-08-01T22:09:00.918+0900][1.565s][info ][gc,metaspace   ] GC(31) Metaspace: 6778K(6976K)->6778K(6976K) NonClass: 6159K(6272K)->6159K(6272K) Class: 619K(704K)->619K(704K)
[2026-08-01T22:09:00.918+0900][1.565s][debug][gc,heap        ] GC(31) Heap after GC invocations=32 (full 29):
[2026-08-01T22:09:00.918+0900][1.565s][debug][gc,heap        ] GC(31)  garbage-first heap   total 163840K, used 67374K [0x000001da1e000000, 0x000002111e000000)
[2026-08-01T22:09:00.918+0900][1.565s][debug][gc,heap        ] GC(31)   region size 32768K, 1 young (32768K), 1 survivors (32768K)
[2026-08-01T22:09:00.918+0900][1.565s][debug][gc,heap        ] GC(31)  Metaspace       used 6778K, committed 6976K, reserved 1114112K
[2026-08-01T22:09:00.918+0900][1.565s][debug][gc,heap        ] GC(31)   class space    used 619K, committed 704K, reserved 1048576K
[2026-08-01T22:09:00.918+0900][1.565s][info ][gc             ] GC(31) Pause Young (Normal) (G1 Evacuation Pause) 80M->65M(160M) 22.572ms
[2026-08-01T22:09:00.918+0900][1.565s][info ][gc,cpu         ] GC(31) User=0.06s Sys=0.02s Real=0.02s
[2026-08-01T22:09:00.918+0900][1.565s][info ][safepoint      ] Safepoint "G1CollectForAllocation", Time since last: 22834199 ns, Reaching safepoint: 25201 ns, At safepoint: 22634399 ns, Total: 22659600 ns
[2026-08-01T22:09:00.970+0900][1.617s][info ][gc,start       ] GC(32) Pause Young (Normal) (G1 Evacuation Pause)
[2026-08-01T22:09:00.970+0900][1.617s][debug][gc,heap        ] GC(32) Heap before GC invocations=32 (full 29):
[2026-08-01T22:09:00.970+0900][1.617s][debug][gc,heap        ] GC(32)  garbage-first heap   total 163840K, used 100142K [0x000001da1e000000, 0x000002111e000000)
[2026-08-01T22:09:00.970+0900][1.617s][debug][gc,heap        ] GC(32)   region size 32768K, 2 young (65536K), 1 survivors (32768K)
[2026-08-01T22:09:00.970+0900][1.617s][debug][gc,heap        ] GC(32)  Metaspace       used 6812K, committed 7040K, reserved 1114112K
[2026-08-01T22:09:00.970+0900][1.617s][debug][gc,heap        ] GC(32)   class space    used 621K, committed 704K, reserved 1048576K
[2026-08-01T22:09:00.970+0900][1.617s][info ][gc,task        ] GC(32) Using 3 workers of 18 for evacuation
[2026-08-01T22:09:01.004+0900][1.651s][info ][gc,phases      ] GC(32)   Pre Evacuate Collection Set: 0.1ms
[2026-08-01T22:09:01.004+0900][1.651s][info ][gc,phases      ] GC(32)   Merge Heap Roots: 0.1ms
[2026-08-01T22:09:01.004+0900][1.651s][info ][gc,phases      ] GC(32)   Evacuate Collection Set: 31.3ms
[2026-08-01T22:09:01.004+0900][1.651s][info ][gc,phases      ] GC(32)   Post Evacuate Collection Set: 2.3ms
[2026-08-01T22:09:01.004+0900][1.651s][info ][gc,phases      ] GC(32)   Other: 0.1ms
[2026-08-01T22:09:01.004+0900][1.651s][info ][gc,heap        ] GC(32) Eden regions: 1->0(1)
[2026-08-01T22:09:01.004+0900][1.651s][info ][gc,heap        ] GC(32) Survivor regions: 1->1(1)
[2026-08-01T22:09:01.004+0900][1.651s][info ][gc,heap        ] GC(32) Old regions: 2->3
[2026-08-01T22:09:01.004+0900][1.651s][info ][gc,heap        ] GC(32) Archive regions: 0->0
[2026-08-01T22:09:01.004+0900][1.651s][info ][gc,heap        ] GC(32) Humongous regions: 0->0
[2026-08-01T22:09:01.004+0900][1.651s][info ][gc,metaspace   ] GC(32) Metaspace: 6812K(7040K)->6812K(7040K) NonClass: 6191K(6336K)->6191K(6336K) Class: 621K(704K)->621K(704K)
[2026-08-01T22:09:01.004+0900][1.651s][debug][gc,heap        ] GC(32) Heap after GC invocations=33 (full 29):
[2026-08-01T22:09:01.004+0900][1.651s][debug][gc,heap        ] GC(32)  garbage-first heap   total 1146880K, used 85945K [0x000001da1e000000, 0x000002111e000000)
[2026-08-01T22:09:01.004+0900][1.651s][debug][gc,heap        ] GC(32)   region size 32768K, 1 young (32768K), 1 survivors (32768K)
[2026-08-01T22:09:01.004+0900][1.651s][debug][gc,heap        ] GC(32)  Metaspace       used 6812K, committed 7040K, reserved 1114112K
[2026-08-01T22:09:01.004+0900][1.651s][debug][gc,heap        ] GC(32)   class space    used 621K, committed 704K, reserved 1048576K
[2026-08-01T22:09:01.004+0900][1.651s][info ][gc             ] GC(32) Pause Young (Normal) (G1 Evacuation Pause) 97M->83M(1120M) 34.236ms
[2026-08-01T22:09:01.004+0900][1.651s][info ][gc,cpu         ] GC(32) User=0.19s Sys=0.00s Real=0.03s
[2026-08-01T22:09:01.004+0900][1.651s][info ][safepoint      ] Safepoint "G1CollectForAllocation", Time since last: 51257601 ns, Reaching safepoint: 617600 ns, At safepoint: 34309200 ns, Total: 34926800 ns
[2026-08-01T22:09:01.009+0900][1.657s][info ][gc,start       ] GC(33) Pause Full (System.gc())
[2026-08-01T22:09:01.009+0900][1.657s][debug][gc,heap        ] GC(33) Heap before GC invocations=33 (full 29):
[2026-08-01T22:09:01.009+0900][1.657s][debug][gc,heap        ] GC(33)  garbage-first heap   total 1146880K, used 85945K [0x000001da1e000000, 0x000002111e000000)
[2026-08-01T22:09:01.010+0900][1.657s][debug][gc,heap        ] GC(33)   region size 32768K, 2 young (65536K), 1 survivors (32768K)
[2026-08-01T22:09:01.010+0900][1.657s][debug][gc,heap        ] GC(33)  Metaspace       used 6812K, committed 7040K, reserved 1114112K
[2026-08-01T22:09:01.010+0900][1.657s][debug][gc,heap        ] GC(33)   class space    used 621K, committed 704K, reserved 1048576K
[2026-08-01T22:09:01.010+0900][1.657s][info ][gc,task        ] GC(33) Using 2 workers of 18 for full compaction
[2026-08-01T22:09:01.010+0900][1.657s][info ][gc,phases,start] GC(33) Phase 1: Mark live objects
[2026-08-01T22:09:01.049+0900][1.696s][info ][gc,phases      ] GC(33) Phase 1: Mark live objects 38.596ms
[2026-08-01T22:09:01.049+0900][1.696s][info ][gc,phases,start] GC(33) Phase 2: Prepare for compaction
[2026-08-01T22:09:01.056+0900][1.703s][info ][gc,phases      ] GC(33) Phase 2: Prepare for compaction 6.944ms
[2026-08-01T22:09:01.056+0900][1.703s][info ][gc,phases,start] GC(33) Phase 3: Adjust pointers
[2026-08-01T22:09:01.072+0900][1.719s][info ][gc,phases      ] GC(33) Phase 3: Adjust pointers 16.032ms
[2026-08-01T22:09:01.072+0900][1.719s][info ][gc,phases,start] GC(33) Phase 4: Compact heap
[2026-08-01T22:09:01.079+0900][1.726s][info ][gc,phases      ] GC(33) Phase 4: Compact heap 6.590ms
[2026-08-01T22:09:01.081+0900][1.729s][debug][gc,heap        ] GC(33) Uncommittable regions after shrink: 25
[2026-08-01T22:09:01.083+0900][1.730s][info ][gc,heap        ] GC(33) Eden regions: 1->0(1)
[2026-08-01T22:09:01.083+0900][1.730s][info ][gc,heap        ] GC(33) Survivor regions: 1->0(1)
[2026-08-01T22:09:01.083+0900][1.730s][info ][gc,heap        ] GC(33) Old regions: 3->3
[2026-08-01T22:09:01.083+0900][1.730s][info ][gc,heap        ] GC(33) Archive regions: 0->0
[2026-08-01T22:09:01.083+0900][1.730s][info ][gc,heap        ] GC(33) Humongous regions: 0->0
[2026-08-01T22:09:01.083+0900][1.730s][info ][gc,metaspace   ] GC(33) Metaspace: 6812K(7040K)->6812K(7040K) NonClass: 6191K(6336K)->6191K(6336K) Class: 621K(704K)->621K(704K)
[2026-08-01T22:09:01.083+0900][1.730s][debug][gc,heap        ] GC(33) Heap after GC invocations=34 (full 30):
[2026-08-01T22:09:01.083+0900][1.730s][debug][gc,heap        ] GC(33)  garbage-first heap   total 327680K, used 83537K [0x000001da1e000000, 0x000002111e000000)
[2026-08-01T22:09:01.083+0900][1.730s][debug][gc,heap        ] GC(33)   region size 32768K, 0 young (0K), 0 survivors (0K)
[2026-08-01T22:09:01.083+0900][1.730s][debug][gc,heap        ] GC(33)  Metaspace       used 6812K, committed 7040K, reserved 1114112K
[2026-08-01T22:09:01.083+0900][1.730s][debug][gc,heap        ] GC(33)   class space    used 621K, committed 704K, reserved 1048576K
[2026-08-01T22:09:01.083+0900][1.730s][info ][gc             ] GC(33) Pause Full (System.gc()) 85M->81M(320M) 72.909ms
[2026-08-01T22:09:01.083+0900][1.730s][info ][gc,cpu         ] GC(33) User=0.20s Sys=0.02s Real=0.07s
[2026-08-01T22:09:01.083+0900][1.730s][info ][safepoint      ] Safepoint "G1CollectFull", Time since last: 5657299 ns, Reaching safepoint: 30301 ns, At safepoint: 73045699 ns, Total: 73076000 ns
[2026-08-01T22:09:01.119+0900][1.766s][info ][gc,start       ] GC(34) Pause Young (Normal) (G1 Evacuation Pause)
[2026-08-01T22:09:01.119+0900][1.766s][debug][gc,heap        ] GC(34) Heap before GC invocations=34 (full 30):
[2026-08-01T22:09:01.119+0900][1.766s][debug][gc,heap        ] GC(34)  garbage-first heap   total 327680K, used 116305K [0x000001da1e000000, 0x000002111e000000)
[2026-08-01T22:09:01.119+0900][1.766s][debug][gc,heap        ] GC(34)   region size 32768K, 1 young (32768K), 0 survivors (0K)
[2026-08-01T22:09:01.119+0900][1.766s][debug][gc,heap        ] GC(34)  Metaspace       used 6815K, committed 7040K, reserved 1114112K
[2026-08-01T22:09:01.119+0900][1.766s][debug][gc,heap        ] GC(34)   class space    used 621K, committed 704K, reserved 1048576K
[2026-08-01T22:09:01.119+0900][1.766s][info ][gc,task        ] GC(34) Using 7 workers of 18 for evacuation
[2026-08-01T22:09:01.125+0900][1.772s][info ][gc,phases      ] GC(34)   Pre Evacuate Collection Set: 0.1ms
[2026-08-01T22:09:01.126+0900][1.772s][info ][gc,phases      ] GC(34)   Merge Heap Roots: 0.2ms
[2026-08-01T22:09:01.126+0900][1.772s][info ][gc,phases      ] GC(34)   Evacuate Collection Set: 5.7ms
[2026-08-01T22:09:01.126+0900][1.772s][info ][gc,phases      ] GC(34)   Post Evacuate Collection Set: 0.1ms
[2026-08-01T22:09:01.126+0900][1.772s][info ][gc,phases      ] GC(34)   Other: 0.1ms
[2026-08-01T22:09:01.126+0900][1.772s][info ][gc,heap        ] GC(34) Eden regions: 1->0(1)
[2026-08-01T22:09:01.126+0900][1.772s][info ][gc,heap        ] GC(34) Survivor regions: 0->1(1)
[2026-08-01T22:09:01.126+0900][1.772s][info ][gc,heap        ] GC(34) Old regions: 3->3
[2026-08-01T22:09:01.126+0900][1.772s][info ][gc,heap        ] GC(34) Archive regions: 0->0
[2026-08-01T22:09:01.126+0900][1.772s][info ][gc,heap        ] GC(34) Humongous regions: 0->0
[2026-08-01T22:09:01.126+0900][1.772s][info ][gc,metaspace   ] GC(34) Metaspace: 6815K(7040K)->6815K(7040K) NonClass: 6193K(6336K)->6193K(6336K) Class: 621K(704K)->621K(704K)
[2026-08-01T22:09:01.126+0900][1.772s][debug][gc,heap        ] GC(34) Heap after GC invocations=35 (full 30):
[2026-08-01T22:09:01.126+0900][1.772s][debug][gc,heap        ] GC(34)  garbage-first heap   total 327680K, used 101820K [0x000001da1e000000, 0x000002111e000000)
[2026-08-01T22:09:01.126+0900][1.772s][debug][gc,heap        ] GC(34)   region size 32768K, 1 young (32768K), 1 survivors (32768K)
[2026-08-01T22:09:01.126+0900][1.772s][debug][gc,heap        ] GC(34)  Metaspace       used 6815K, committed 7040K, reserved 1114112K
[2026-08-01T22:09:01.126+0900][1.772s][debug][gc,heap        ] GC(34)   class space    used 621K, committed 704K, reserved 1048576K
[2026-08-01T22:09:01.126+0900][1.772s][info ][gc             ] GC(34) Pause Young (Normal) (G1 Evacuation Pause) 113M->99M(320M) 6.545ms
[2026-08-01T22:09:01.126+0900][1.773s][info ][gc,cpu         ] GC(34) User=0.11s Sys=0.00s Real=0.01s
[2026-08-01T22:09:01.126+0900][1.773s][info ][safepoint      ] Safepoint "G1CollectForAllocation", Time since last: 35838301 ns, Reaching safepoint: 111500 ns, At safepoint: 6598200 ns, Total: 6709700 ns
[2026-08-01T22:09:01.153+0900][1.800s][info ][gc,start       ] GC(35) Pause Young (Normal) (G1 Evacuation Pause)
[2026-08-01T22:09:01.153+0900][1.800s][debug][gc,heap        ] GC(35) Heap before GC invocations=35 (full 30):
[2026-08-01T22:09:01.153+0900][1.800s][debug][gc,heap        ] GC(35)  garbage-first heap   total 327680K, used 134588K [0x000001da1e000000, 0x000002111e000000)
[2026-08-01T22:09:01.153+0900][1.800s][debug][gc,heap        ] GC(35)   region size 32768K, 2 young (65536K), 1 survivors (32768K)
[2026-08-01T22:09:01.153+0900][1.800s][debug][gc,heap        ] GC(35)  Metaspace       used 6925K, committed 7168K, reserved 1114112K
[2026-08-01T22:09:01.153+0900][1.800s][debug][gc,heap        ] GC(35)   class space    used 635K, committed 768K, reserved 1048576K
[2026-08-01T22:09:01.153+0900][1.800s][info ][gc,task        ] GC(35) Using 7 workers of 18 for evacuation
[2026-08-01T22:09:01.162+0900][1.810s][info ][gc,phases      ] GC(35)   Pre Evacuate Collection Set: 0.1ms
[2026-08-01T22:09:01.162+0900][1.810s][info ][gc,phases      ] GC(35)   Merge Heap Roots: 0.1ms
[2026-08-01T22:09:01.162+0900][1.810s][info ][gc,phases      ] GC(35)   Evacuate Collection Set: 9.3ms
[2026-08-01T22:09:01.162+0900][1.810s][info ][gc,phases      ] GC(35)   Post Evacuate Collection Set: 0.3ms
[2026-08-01T22:09:01.162+0900][1.810s][info ][gc,phases      ] GC(35)   Other: 0.1ms
[2026-08-01T22:09:01.162+0900][1.810s][info ][gc,heap        ] GC(35) Eden regions: 1->0(1)
[2026-08-01T22:09:01.162+0900][1.810s][info ][gc,heap        ] GC(35) Survivor regions: 1->1(1)
[2026-08-01T22:09:01.162+0900][1.810s][info ][gc,heap        ] GC(35) Old regions: 3->3
[2026-08-01T22:09:01.162+0900][1.810s][info ][gc,heap        ] GC(35) Archive regions: 0->0
[2026-08-01T22:09:01.162+0900][1.810s][info ][gc,heap        ] GC(35) Humongous regions: 0->0
[2026-08-01T22:09:01.162+0900][1.810s][info ][gc,metaspace   ] GC(35) Metaspace: 6925K(7168K)->6925K(7168K) NonClass: 6289K(6400K)->6289K(6400K) Class: 635K(768K)->635K(768K)
[2026-08-01T22:09:01.162+0900][1.810s][debug][gc,heap        ] GC(35) Heap after GC invocations=36 (full 30):
[2026-08-01T22:09:01.162+0900][1.810s][debug][gc,heap        ] GC(35)  garbage-first heap   total 327680K, used 113894K [0x000001da1e000000, 0x000002111e000000)
[2026-08-01T22:09:01.162+0900][1.810s][debug][gc,heap        ] GC(35)   region size 32768K, 1 young (32768K), 1 survivors (32768K)
[2026-08-01T22:09:01.162+0900][1.810s][debug][gc,heap        ] GC(35)  Metaspace       used 6925K, committed 7168K, reserved 1114112K
[2026-08-01T22:09:01.162+0900][1.810s][debug][gc,heap        ] GC(35)   class space    used 635K, committed 768K, reserved 1048576K
[2026-08-01T22:09:01.162+0900][1.810s][info ][gc             ] GC(35) Pause Young (Normal) (G1 Evacuation Pause) 131M->111M(320M) 10.188ms
[2026-08-01T22:09:01.162+0900][1.810s][info ][gc,cpu         ] GC(35) User=0.00s Sys=0.00s Real=0.01s
[2026-08-01T22:09:01.164+0900][1.810s][info ][safepoint      ] Safepoint "G1CollectForAllocation", Time since last: 27347100 ns, Reaching safepoint: 109699 ns, At safepoint: 10248001 ns, Total: 10357700 ns
[2026-08-01T22:09:01.274+0900][1.921s][info ][gc,start       ] GC(36) Pause Young (Normal) (G1 Evacuation Pause)
[2026-08-01T22:09:01.274+0900][1.921s][debug][gc,heap        ] GC(36) Heap before GC invocations=36 (full 30):
[2026-08-01T22:09:01.274+0900][1.921s][debug][gc,heap        ] GC(36)  garbage-first heap   total 327680K, used 146662K [0x000001da1e000000, 0x000002111e000000)
[2026-08-01T22:09:01.274+0900][1.921s][debug][gc,heap        ] GC(36)   region size 32768K, 2 young (65536K), 1 survivors (32768K)
[2026-08-01T22:09:01.274+0900][1.921s][debug][gc,heap        ] GC(36)  Metaspace       used 7566K, committed 7872K, reserved 1114112K
[2026-08-01T22:09:01.274+0900][1.921s][debug][gc,heap        ] GC(36)   class space    used 681K, committed 832K, reserved 1048576K
[2026-08-01T22:09:01.274+0900][1.921s][info ][gc,task        ] GC(36) Using 7 workers of 18 for evacuation
[2026-08-01T22:09:01.282+0900][1.929s][info ][gc,phases      ] GC(36)   Pre Evacuate Collection Set: 0.1ms
[2026-08-01T22:09:01.282+0900][1.929s][info ][gc,phases      ] GC(36)   Merge Heap Roots: 0.1ms
[2026-08-01T22:09:01.282+0900][1.929s][info ][gc,phases      ] GC(36)   Evacuate Collection Set: 7.3ms
[2026-08-01T22:09:01.282+0900][1.929s][info ][gc,phases      ] GC(36)   Post Evacuate Collection Set: 0.4ms
[2026-08-01T22:09:01.282+0900][1.929s][info ][gc,phases      ] GC(36)   Other: 0.1ms
[2026-08-01T22:09:01.282+0900][1.929s][info ][gc,heap        ] GC(36) Eden regions: 1->0(1)
[2026-08-01T22:09:01.282+0900][1.929s][info ][gc,heap        ] GC(36) Survivor regions: 1->1(1)
[2026-08-01T22:09:01.282+0900][1.929s][info ][gc,heap        ] GC(36) Old regions: 3->4
[2026-08-01T22:09:01.282+0900][1.929s][info ][gc,heap        ] GC(36) Archive regions: 0->0
[2026-08-01T22:09:01.282+0900][1.929s][info ][gc,heap        ] GC(36) Humongous regions: 0->0
[2026-08-01T22:09:01.282+0900][1.929s][info ][gc,metaspace   ] GC(36) Metaspace: 7566K(7872K)->7566K(7872K) NonClass: 6885K(7040K)->6885K(7040K) Class: 681K(832K)->681K(832K)
[2026-08-01T22:09:01.282+0900][1.929s][debug][gc,heap        ] GC(36) Heap after GC invocations=37 (full 30):
[2026-08-01T22:09:01.282+0900][1.929s][debug][gc,heap        ] GC(36)  garbage-first heap   total 327680K, used 122608K [0x000001da1e000000, 0x000002111e000000)
[2026-08-01T22:09:01.282+0900][1.929s][debug][gc,heap        ] GC(36)   region size 32768K, 1 young (32768K), 1 survivors (32768K)
[2026-08-01T22:09:01.282+0900][1.929s][debug][gc,heap        ] GC(36)  Metaspace       used 7566K, committed 7872K, reserved 1114112K
[2026-08-01T22:09:01.282+0900][1.929s][debug][gc,heap        ] GC(36)   class space    used 681K, committed 832K, reserved 1048576K
[2026-08-01T22:09:01.282+0900][1.929s][info ][gc             ] GC(36) Pause Young (Normal) (G1 Evacuation Pause) 143M->119M(320M) 8.259ms
[2026-08-01T22:09:01.282+0900][1.930s][info ][gc,cpu         ] GC(36) User=0.11s Sys=0.00s Real=0.01s
[2026-08-01T22:09:01.282+0900][1.930s][info ][safepoint      ] Safepoint "G1CollectForAllocation", Time since last: 110920600 ns, Reaching safepoint: 69100 ns, At safepoint: 8324500 ns, Total: 8393600 ns
[2026-08-01T22:09:01.284+0900][1.932s][debug][gc,heap        ] Concurrent Uncommit Summary: 800M, 25 regions, 8.879ms
[2026-08-01T22:09:01.320+0900][1.967s][info ][gc,start       ] GC(37) Pause Young (Normal) (G1 Evacuation Pause)
[2026-08-01T22:09:01.320+0900][1.967s][debug][gc,heap        ] GC(37) Heap before GC invocations=37 (full 30):
[2026-08-01T22:09:01.320+0900][1.967s][debug][gc,heap        ] GC(37)  garbage-first heap   total 327680K, used 155376K [0x000001da1e000000, 0x000002111e000000)
[2026-08-01T22:09:01.320+0900][1.967s][debug][gc,heap        ] GC(37)   region size 32768K, 2 young (65536K), 1 survivors (32768K)
[2026-08-01T22:09:01.320+0900][1.967s][debug][gc,heap        ] GC(37)  Metaspace       used 7576K, committed 7872K, reserved 1114112K
[2026-08-01T22:09:01.320+0900][1.968s][debug][gc,heap        ] GC(37)   class space    used 681K, committed 832K, reserved 1048576K
[2026-08-01T22:09:01.321+0900][1.968s][info ][gc,task        ] GC(37) Using 7 workers of 18 for evacuation
[2026-08-01T22:09:01.331+0900][1.978s][info ][gc,phases      ] GC(37)   Pre Evacuate Collection Set: 0.1ms
[2026-08-01T22:09:01.331+0900][1.978s][info ][gc,phases      ] GC(37)   Merge Heap Roots: 0.2ms
[2026-08-01T22:09:01.331+0900][1.978s][info ][gc,phases      ] GC(37)   Evacuate Collection Set: 7.9ms
[2026-08-01T22:09:01.331+0900][1.978s][info ][gc,phases      ] GC(37)   Post Evacuate Collection Set: 2.1ms
[2026-08-01T22:09:01.331+0900][1.978s][info ][gc,phases      ] GC(37)   Other: 0.1ms
[2026-08-01T22:09:01.331+0900][1.978s][info ][gc,heap        ] GC(37) Eden regions: 1->0(4)
[2026-08-01T22:09:01.331+0900][1.978s][info ][gc,heap        ] GC(37) Survivor regions: 1->1(1)
[2026-08-01T22:09:01.331+0900][1.978s][info ][gc,heap        ] GC(37) Old regions: 4->4
[2026-08-01T22:09:01.331+0900][1.978s][info ][gc,heap        ] GC(37) Archive regions: 0->0
[2026-08-01T22:09:01.331+0900][1.978s][info ][gc,heap        ] GC(37) Humongous regions: 0->0
[2026-08-01T22:09:01.331+0900][1.978s][info ][gc,metaspace   ] GC(37) Metaspace: 7576K(7872K)->7576K(7872K) NonClass: 6895K(7040K)->6895K(7040K) Class: 681K(832K)->681K(832K)
[2026-08-01T22:09:01.331+0900][1.978s][debug][gc,heap        ] GC(37) Heap after GC invocations=38 (full 30):
[2026-08-01T22:09:01.331+0900][1.978s][debug][gc,heap        ] GC(37)  garbage-first heap   total 1212416K, used 137836K [0x000001da1e000000, 0x000002111e000000)
[2026-08-01T22:09:01.331+0900][1.978s][debug][gc,heap        ] GC(37)   region size 32768K, 1 young (32768K), 1 survivors (32768K)
[2026-08-01T22:09:01.331+0900][1.978s][debug][gc,heap        ] GC(37)  Metaspace       used 7576K, committed 7872K, reserved 1114112K
[2026-08-01T22:09:01.331+0900][1.978s][debug][gc,heap        ] GC(37)   class space    used 681K, committed 832K, reserved 1048576K
[2026-08-01T22:09:01.331+0900][1.978s][info ][gc             ] GC(37) Pause Young (Normal) (G1 Evacuation Pause) 151M->134M(1184M) 10.664ms
[2026-08-01T22:09:01.331+0900][1.978s][info ][gc,cpu         ] GC(37) User=0.14s Sys=0.00s Real=0.01s
[2026-08-01T22:09:01.331+0900][1.978s][info ][safepoint      ] Safepoint "G1CollectForAllocation", Time since last: 37732400 ns, Reaching safepoint: 101799 ns, At safepoint: 10729201 ns, Total: 10831000 ns
[2026-08-01T22:09:01.450+0900][2.097s][info ][gc,start       ] GC(38) Pause Full (System.gc())
[2026-08-01T22:09:01.451+0900][2.097s][debug][gc,heap        ] GC(38) Heap before GC invocations=38 (full 30):
[2026-08-01T22:09:01.451+0900][2.097s][debug][gc,heap        ] GC(38)  garbage-first heap   total 1212416K, used 170604K [0x000001da1e000000, 0x000002111e000000)
[2026-08-01T22:09:01.451+0900][2.097s][debug][gc,heap        ] GC(38)   region size 32768K, 3 young (98304K), 1 survivors (32768K)
[2026-08-01T22:09:01.451+0900][2.097s][debug][gc,heap        ] GC(38)  Metaspace       used 7633K, committed 7872K, reserved 1114112K
[2026-08-01T22:09:01.451+0900][2.097s][debug][gc,heap        ] GC(38)   class space    used 686K, committed 832K, reserved 1048576K
[2026-08-01T22:09:01.451+0900][2.097s][info ][gc,task        ] GC(38) Using 2 workers of 18 for full compaction
[2026-08-01T22:09:01.451+0900][2.097s][info ][gc,phases,start] GC(38) Phase 1: Mark live objects
[2026-08-01T22:09:01.493+0900][2.140s][info ][gc,phases      ] GC(38) Phase 1: Mark live objects 42.337ms
[2026-08-01T22:09:01.493+0900][2.140s][info ][gc,phases,start] GC(38) Phase 2: Prepare for compaction
[2026-08-01T22:09:01.501+0900][2.147s][info ][gc,phases      ] GC(38) Phase 2: Prepare for compaction 7.680ms
[2026-08-01T22:09:01.501+0900][2.148s][info ][gc,phases,start] GC(38) Phase 3: Adjust pointers
[2026-08-01T22:09:01.522+0900][2.168s][info ][gc,phases      ] GC(38) Phase 3: Adjust pointers 20.782ms
[2026-08-01T22:09:01.522+0900][2.168s][info ][gc,phases,start] GC(38) Phase 4: Compact heap
[2026-08-01T22:09:01.529+0900][2.176s][info ][gc,phases      ] GC(38) Phase 4: Compact heap 7.571ms
[2026-08-01T22:09:01.533+0900][2.180s][debug][gc,heap        ] GC(38) Uncommittable regions after shrink: 27
[2026-08-01T22:09:01.534+0900][2.181s][info ][gc,heap        ] GC(38) Eden regions: 2->0(2)
[2026-08-01T22:09:01.534+0900][2.181s][info ][gc,heap        ] GC(38) Survivor regions: 1->0(1)
[2026-08-01T22:09:01.534+0900][2.181s][info ][gc,heap        ] GC(38) Old regions: 4->3
[2026-08-01T22:09:01.534+0900][2.181s][info ][gc,heap        ] GC(38) Archive regions: 0->0
[2026-08-01T22:09:01.534+0900][2.181s][info ][gc,heap        ] GC(38) Humongous regions: 0->0
[2026-08-01T22:09:01.534+0900][2.181s][info ][gc,metaspace   ] GC(38) Metaspace: 7633K(7872K)->7633K(7872K) NonClass: 6947K(7040K)->6947K(7040K) Class: 686K(832K)->686K(832K)
[2026-08-01T22:09:01.534+0900][2.181s][debug][gc,heap        ] GC(38) Heap after GC invocations=39 (full 31):
[2026-08-01T22:09:01.534+0900][2.181s][debug][gc,heap        ] GC(38)  garbage-first heap   total 327680K, used 86328K [0x000001da1e000000, 0x000002111e000000)
[2026-08-01T22:09:01.534+0900][2.181s][debug][gc,heap        ] GC(38)   region size 32768K, 0 young (0K), 0 survivors (0K)
[2026-08-01T22:09:01.534+0900][2.181s][debug][gc,heap        ] GC(38)  Metaspace       used 7633K, committed 7872K, reserved 1114112K
[2026-08-01T22:09:01.534+0900][2.181s][debug][gc,heap        ] GC(38)   class space    used 686K, committed 832K, reserved 1048576K
[2026-08-01T22:09:01.534+0900][2.181s][info ][gc             ] GC(38) Pause Full (System.gc()) 195M->84M(320M) 84.004ms
[2026-08-01T22:09:01.534+0900][2.181s][info ][gc,cpu         ] GC(38) User=0.12s Sys=0.02s Real=0.08s
[2026-08-01T22:09:01.535+0900][2.181s][info ][safepoint      ] Safepoint "G1CollectFull", Time since last: 118995500 ns, Reaching safepoint: 52200 ns, At safepoint: 84115500 ns, Total: 84167700 ns
[2026-08-01T22:09:01.558+0900][2.205s][info ][gc,start       ] GC(39) Pause Full (System.gc())
[2026-08-01T22:09:01.558+0900][2.205s][debug][gc,heap        ] GC(39) Heap before GC invocations=39 (full 31):
[2026-08-01T22:09:01.558+0900][2.205s][debug][gc,heap        ] GC(39)  garbage-first heap   total 327680K, used 86328K [0x000001da1e000000, 0x000002111e000000)
[2026-08-01T22:09:01.558+0900][2.205s][debug][gc,heap        ] GC(39)   region size 32768K, 1 young (32768K), 0 survivors (0K)
[2026-08-01T22:09:01.558+0900][2.205s][debug][gc,heap        ] GC(39)  Metaspace       used 7633K, committed 7872K, reserved 1114112K
[2026-08-01T22:09:01.558+0900][2.205s][debug][gc,heap        ] GC(39)   class space    used 686K, committed 832K, reserved 1048576K
[2026-08-01T22:09:01.558+0900][2.205s][info ][gc,task        ] GC(39) Using 1 workers of 18 for full compaction
[2026-08-01T22:09:01.558+0900][2.205s][info ][gc,phases,start] GC(39) Phase 1: Mark live objects
[2026-08-01T22:09:01.606+0900][2.253s][info ][gc,phases      ] GC(39) Phase 1: Mark live objects 47.584ms
[2026-08-01T22:09:01.606+0900][2.253s][info ][gc,phases,start] GC(39) Phase 2: Prepare for compaction
[2026-08-01T22:09:01.619+0900][2.266s][info ][gc,phases      ] GC(39) Phase 2: Prepare for compaction 13.002ms
[2026-08-01T22:09:01.619+0900][2.266s][info ][gc,phases,start] GC(39) Phase 3: Adjust pointers
[2026-08-01T22:09:01.644+0900][2.290s][info ][gc,phases      ] GC(39) Phase 3: Adjust pointers 24.320ms
[2026-08-01T22:09:01.644+0900][2.290s][info ][gc,phases,start] GC(39) Phase 4: Compact heap
[2026-08-01T22:09:01.657+0900][2.304s][info ][gc,phases      ] GC(39) Phase 4: Compact heap 13.915ms
[2026-08-01T22:09:01.658+0900][2.305s][debug][gc,heap        ] GC(39) Uncommittable regions after shrink: 3
[2026-08-01T22:09:01.660+0900][2.307s][info ][gc,heap        ] GC(39) Eden regions: 1->0(1)
[2026-08-01T22:09:01.660+0900][2.307s][info ][gc,heap        ] GC(39) Survivor regions: 0->0(1)
[2026-08-01T22:09:01.660+0900][2.307s][info ][gc,heap        ] GC(39) Old regions: 3->2
[2026-08-01T22:09:01.660+0900][2.307s][info ][gc,heap        ] GC(39) Archive regions: 0->0
[2026-08-01T22:09:01.660+0900][2.307s][info ][gc,heap        ] GC(39) Humongous regions: 0->0
[2026-08-01T22:09:01.660+0900][2.307s][info ][gc,metaspace   ] GC(39) Metaspace: 7633K(7872K)->7633K(7872K) NonClass: 6947K(7040K)->6947K(7040K) Class: 686K(832K)->686K(832K)
[2026-08-01T22:09:01.660+0900][2.307s][debug][gc,heap        ] GC(39) Heap after GC invocations=40 (full 32):
[2026-08-01T22:09:01.660+0900][2.307s][debug][gc,heap        ] GC(39)  garbage-first heap   total 229376K, used 48779K [0x000001da1e000000, 0x000002111e000000)
[2026-08-01T22:09:01.660+0900][2.307s][debug][gc,heap        ] GC(39)   region size 32768K, 0 young (0K), 0 survivors (0K)
[2026-08-01T22:09:01.660+0900][2.307s][debug][gc,heap        ] GC(39)  Metaspace       used 7633K, committed 7872K, reserved 1114112K
[2026-08-01T22:09:01.660+0900][2.307s][debug][gc,heap        ] GC(39)   class space    used 686K, committed 832K, reserved 1048576K
[2026-08-01T22:09:01.660+0900][2.307s][info ][gc             ] GC(39) Pause Full (System.gc()) 97M->47M(224M) 101.795ms
[2026-08-01T22:09:01.660+0900][2.307s][info ][gc,cpu         ] GC(39) User=0.14s Sys=0.02s Real=0.10s
[2026-08-01T22:09:01.660+0900][2.307s][info ][safepoint      ] Safepoint "G1CollectFull", Time since last: 23917200 ns, Reaching safepoint: 29700 ns, At safepoint: 101937300 ns, Total: 101967000 ns
[2026-08-01T22:09:01.706+0900][2.353s][info ][gc,start       ] GC(40) Pause Young (Normal) (G1 Evacuation Pause)
[2026-08-01T22:09:01.706+0900][2.353s][debug][gc,heap        ] GC(40) Heap before GC invocations=40 (full 32):
[2026-08-01T22:09:01.706+0900][2.353s][debug][gc,heap        ] GC(40)  garbage-first heap   total 229376K, used 81547K [0x000001da1e000000, 0x000002111e000000)
[2026-08-01T22:09:01.706+0900][2.353s][debug][gc,heap        ] GC(40)   region size 32768K, 1 young (32768K), 0 survivors (0K)
[2026-08-01T22:09:01.706+0900][2.353s][debug][gc,heap        ] GC(40)  Metaspace       used 7831K, committed 8192K, reserved 1114112K
[2026-08-01T22:09:01.706+0900][2.353s][debug][gc,heap        ] GC(40)   class space    used 709K, committed 896K, reserved 1048576K
[2026-08-01T22:09:01.706+0900][2.354s][info ][gc,task        ] GC(40) Using 5 workers of 18 for evacuation
[2026-08-01T22:09:01.714+0900][2.361s][info ][gc,phases      ] GC(40)   Pre Evacuate Collection Set: 0.1ms
[2026-08-01T22:09:01.714+0900][2.361s][info ][gc,phases      ] GC(40)   Merge Heap Roots: 0.2ms
[2026-08-01T22:09:01.714+0900][2.361s][info ][gc,phases      ] GC(40)   Evacuate Collection Set: 7.2ms
[2026-08-01T22:09:01.714+0900][2.361s][info ][gc,phases      ] GC(40)   Post Evacuate Collection Set: 0.3ms
[2026-08-01T22:09:01.714+0900][2.361s][info ][gc,phases      ] GC(40)   Other: 0.1ms
[2026-08-01T22:09:01.714+0900][2.361s][info ][gc,heap        ] GC(40) Eden regions: 1->0(1)
[2026-08-01T22:09:01.714+0900][2.361s][info ][gc,heap        ] GC(40) Survivor regions: 0->1(1)
[2026-08-01T22:09:01.714+0900][2.361s][info ][gc,heap        ] GC(40) Old regions: 2->2
[2026-08-01T22:09:01.714+0900][2.361s][info ][gc,heap        ] GC(40) Archive regions: 0->0
[2026-08-01T22:09:01.714+0900][2.361s][info ][gc,heap        ] GC(40) Humongous regions: 0->0
[2026-08-01T22:09:01.714+0900][2.361s][info ][gc,metaspace   ] GC(40) Metaspace: 7831K(8192K)->7831K(8192K) NonClass: 7121K(7296K)->7121K(7296K) Class: 709K(896K)->709K(896K)
[2026-08-01T22:09:01.714+0900][2.361s][debug][gc,heap        ] GC(40) Heap after GC invocations=41 (full 32):
[2026-08-01T22:09:01.714+0900][2.362s][debug][gc,heap        ] GC(40)  garbage-first heap   total 229376K, used 64462K [0x000001da1e000000, 0x000002111e000000)
[2026-08-01T22:09:01.714+0900][2.362s][debug][gc,heap        ] GC(40)   region size 32768K, 1 young (32768K), 1 survivors (32768K)
[2026-08-01T22:09:01.714+0900][2.362s][debug][gc,heap        ] GC(40)  Metaspace       used 7831K, committed 8192K, reserved 1114112K
[2026-08-01T22:09:01.714+0900][2.362s][debug][gc,heap        ] GC(40)   class space    used 709K, committed 896K, reserved 1048576K
[2026-08-01T22:09:01.714+0900][2.362s][info ][gc             ] GC(40) Pause Young (Normal) (G1 Evacuation Pause) 79M->62M(224M) 8.184ms
[2026-08-01T22:09:01.714+0900][2.362s][info ][gc,cpu         ] GC(40) User=0.00s Sys=0.00s Real=0.01s
[2026-08-01T22:09:01.714+0900][2.362s][info ][safepoint      ] Safepoint "G1CollectForAllocation", Time since last: 46182200 ns, Reaching safepoint: 37400 ns, At safepoint: 8228600 ns, Total: 8266000 ns
[2026-08-01T22:09:01.731+0900][2.379s][info ][gc,start       ] GC(41) Pause Young (Normal) (G1 Evacuation Pause)
[2026-08-01T22:09:01.731+0900][2.379s][debug][gc,heap        ] GC(41) Heap before GC invocations=41 (full 32):
[2026-08-01T22:09:01.731+0900][2.379s][debug][gc,heap        ] GC(41)  garbage-first heap   total 229376K, used 97230K [0x000001da1e000000, 0x000002111e000000)
[2026-08-01T22:09:01.731+0900][2.379s][debug][gc,heap        ] GC(41)   region size 32768K, 2 young (65536K), 1 survivors (32768K)
[2026-08-01T22:09:01.731+0900][2.379s][debug][gc,heap        ] GC(41)  Metaspace       used 7831K, committed 8192K, reserved 1114112K
[2026-08-01T22:09:01.731+0900][2.379s][debug][gc,heap        ] GC(41)   class space    used 709K, committed 896K, reserved 1048576K
[2026-08-01T22:09:01.732+0900][2.379s][info ][gc,task        ] GC(41) Using 5 workers of 18 for evacuation
[2026-08-01T22:09:01.745+0900][2.392s][info ][gc,phases      ] GC(41)   Pre Evacuate Collection Set: 0.1ms
[2026-08-01T22:09:01.745+0900][2.392s][info ][gc,phases      ] GC(41)   Merge Heap Roots: 0.2ms
[2026-08-01T22:09:01.745+0900][2.392s][info ][gc,phases      ] GC(41)   Evacuate Collection Set: 12.2ms
[2026-08-01T22:09:01.745+0900][2.392s][info ][gc,phases      ] GC(41)   Post Evacuate Collection Set: 0.3ms
[2026-08-01T22:09:01.745+0900][2.392s][info ][gc,phases      ] GC(41)   Other: 0.1ms
[2026-08-01T22:09:01.745+0900][2.392s][info ][gc,heap        ] GC(41) Eden regions: 1->0(1)
[2026-08-01T22:09:01.745+0900][2.392s][info ][gc,heap        ] GC(41) Survivor regions: 1->1(1)
[2026-08-01T22:09:01.745+0900][2.392s][info ][gc,heap        ] GC(41) Old regions: 2->2
[2026-08-01T22:09:01.745+0900][2.392s][info ][gc,heap        ] GC(41) Archive regions: 0->0
[2026-08-01T22:09:01.745+0900][2.392s][info ][gc,heap        ] GC(41) Humongous regions: 0->0
[2026-08-01T22:09:01.745+0900][2.392s][info ][gc,metaspace   ] GC(41) Metaspace: 7831K(8192K)->7831K(8192K) NonClass: 7121K(7296K)->7121K(7296K) Class: 709K(896K)->709K(896K)
[2026-08-01T22:09:01.745+0900][2.392s][debug][gc,heap        ] GC(41) Heap after GC invocations=42 (full 32):
[2026-08-01T22:09:01.745+0900][2.392s][debug][gc,heap        ] GC(41)  garbage-first heap   total 229376K, used 77617K [0x000001da1e000000, 0x000002111e000000)
[2026-08-01T22:09:01.745+0900][2.392s][debug][gc,heap        ] GC(41)   region size 32768K, 1 young (32768K), 1 survivors (32768K)
[2026-08-01T22:09:01.745+0900][2.392s][debug][gc,heap        ] GC(41)  Metaspace       used 7831K, committed 8192K, reserved 1114112K
[2026-08-01T22:09:01.745+0900][2.392s][debug][gc,heap        ] GC(41)   class space    used 709K, committed 896K, reserved 1048576K
[2026-08-01T22:09:01.745+0900][2.392s][info ][gc             ] GC(41) Pause Young (Normal) (G1 Evacuation Pause) 94M->75M(224M) 13.118ms
[2026-08-01T22:09:01.745+0900][2.392s][info ][gc,cpu         ] GC(41) User=0.00s Sys=0.00s Real=0.01s
[2026-08-01T22:09:01.745+0900][2.392s][info ][safepoint      ] Safepoint "G1CollectForAllocation", Time since last: 17123800 ns, Reaching safepoint: 102299 ns, At safepoint: 13173200 ns, Total: 13275499 ns
[2026-08-01T22:09:01.764+0900][2.412s][info ][gc,start       ] GC(42) Pause Young (Normal) (G1 Evacuation Pause)
[2026-08-01T22:09:01.764+0900][2.412s][debug][gc,heap        ] GC(42) Heap before GC invocations=42 (full 32):
[2026-08-01T22:09:01.764+0900][2.412s][debug][gc,heap        ] GC(42)  garbage-first heap   total 229376K, used 110385K [0x000001da1e000000, 0x000002111e000000)
[2026-08-01T22:09:01.764+0900][2.412s][debug][gc,heap        ] GC(42)   region size 32768K, 2 young (65536K), 1 survivors (32768K)
[2026-08-01T22:09:01.764+0900][2.412s][debug][gc,heap        ] GC(42)  Metaspace       used 7831K, committed 8192K, reserved 1114112K
[2026-08-01T22:09:01.764+0900][2.412s][debug][gc,heap        ] GC(42)   class space    used 709K, committed 896K, reserved 1048576K
[2026-08-01T22:09:01.764+0900][2.412s][info ][gc,task        ] GC(42) Using 5 workers of 18 for evacuation
[2026-08-01T22:09:01.781+0900][2.428s][info ][gc,phases      ] GC(42)   Pre Evacuate Collection Set: 0.1ms
[2026-08-01T22:09:01.781+0900][2.428s][info ][gc,phases      ] GC(42)   Merge Heap Roots: 0.2ms
[2026-08-01T22:09:01.781+0900][2.428s][info ][gc,phases      ] GC(42)   Evacuate Collection Set: 15.5ms
[2026-08-01T22:09:01.781+0900][2.428s][info ][gc,phases      ] GC(42)   Post Evacuate Collection Set: 0.2ms
[2026-08-01T22:09:01.781+0900][2.428s][info ][gc,phases      ] GC(42)   Other: 0.1ms
[2026-08-01T22:09:01.781+0900][2.428s][info ][gc,heap        ] GC(42) Eden regions: 1->0(1)
[2026-08-01T22:09:01.781+0900][2.428s][info ][gc,heap        ] GC(42) Survivor regions: 1->1(1)
[2026-08-01T22:09:01.781+0900][2.428s][info ][gc,heap        ] GC(42) Old regions: 2->3
[2026-08-01T22:09:01.781+0900][2.428s][info ][gc,heap        ] GC(42) Archive regions: 0->0
[2026-08-01T22:09:01.781+0900][2.428s][info ][gc,heap        ] GC(42) Humongous regions: 0->0
[2026-08-01T22:09:01.781+0900][2.428s][info ][gc,metaspace   ] GC(42) Metaspace: 7831K(8192K)->7831K(8192K) NonClass: 7121K(7296K)->7121K(7296K) Class: 709K(896K)->709K(896K)
[2026-08-01T22:09:01.781+0900][2.428s][debug][gc,heap        ] GC(42) Heap after GC invocations=43 (full 32):
[2026-08-01T22:09:01.781+0900][2.428s][debug][gc,heap        ] GC(42)  garbage-first heap   total 229376K, used 96056K [0x000001da1e000000, 0x000002111e000000)
[2026-08-01T22:09:01.781+0900][2.428s][debug][gc,heap        ] GC(42)   region size 32768K, 1 young (32768K), 1 survivors (32768K)
[2026-08-01T22:09:01.781+0900][2.428s][debug][gc,heap        ] GC(42)  Metaspace       used 7831K, committed 8192K, reserved 1114112K
[2026-08-01T22:09:01.781+0900][2.428s][debug][gc,heap        ] GC(42)   class space    used 709K, committed 896K, reserved 1048576K
[2026-08-01T22:09:01.781+0900][2.428s][info ][gc             ] GC(42) Pause Young (Normal) (G1 Evacuation Pause) 107M->93M(224M) 16.369ms
[2026-08-01T22:09:01.781+0900][2.428s][info ][gc,cpu         ] GC(42) User=0.06s Sys=0.02s Real=0.02s
[2026-08-01T22:09:01.781+0900][2.428s][info ][safepoint      ] Safepoint "G1CollectForAllocation", Time since last: 19492100 ns, Reaching safepoint: 89501 ns, At safepoint: 16423099 ns, Total: 16512600 ns
[2026-08-01T22:09:01.820+0900][2.467s][debug][gc,heap        ] Concurrent Uncommit Summary: 960M, 30 regions, 17.491ms
[2026-08-01T22:09:01.820+0900][2.467s][info ][gc,start       ] GC(43) Pause Young (Normal) (G1 Evacuation Pause)
[2026-08-01T22:09:01.820+0900][2.467s][debug][gc,heap        ] GC(43) Heap before GC invocations=43 (full 32):
[2026-08-01T22:09:01.820+0900][2.467s][debug][gc,heap        ] GC(43)  garbage-first heap   total 229376K, used 128824K [0x000001da1e000000, 0x000002111e000000)
[2026-08-01T22:09:01.820+0900][2.467s][debug][gc,heap        ] GC(43)   region size 32768K, 2 young (65536K), 1 survivors (32768K)
[2026-08-01T22:09:01.820+0900][2.467s][debug][gc,heap        ] GC(43)  Metaspace       used 7901K, committed 8192K, reserved 1114112K
[2026-08-01T22:09:01.820+0900][2.467s][debug][gc,heap        ] GC(43)   class space    used 713K, committed 896K, reserved 1048576K
[2026-08-01T22:09:01.820+0900][2.467s][info ][gc,task        ] GC(43) Using 5 workers of 18 for evacuation
[2026-08-01T22:09:01.837+0900][2.483s][info ][gc,phases      ] GC(43)   Pre Evacuate Collection Set: 0.1ms
[2026-08-01T22:09:01.837+0900][2.484s][info ][gc,phases      ] GC(43)   Merge Heap Roots: 0.2ms
[2026-08-01T22:09:01.837+0900][2.484s][info ][gc,phases      ] GC(43)   Evacuate Collection Set: 13.6ms
[2026-08-01T22:09:01.837+0900][2.484s][info ][gc,phases      ] GC(43)   Post Evacuate Collection Set: 2.2ms
[2026-08-01T22:09:01.837+0900][2.484s][info ][gc,phases      ] GC(43)   Other: 0.1ms
[2026-08-01T22:09:01.837+0900][2.484s][info ][gc,heap        ] GC(43) Eden regions: 1->0(6)
[2026-08-01T22:09:01.837+0900][2.484s][info ][gc,heap        ] GC(43) Survivor regions: 1->1(1)
[2026-08-01T22:09:01.837+0900][2.484s][info ][gc,heap        ] GC(43) Old regions: 3->4
[2026-08-01T22:09:01.837+0900][2.484s][info ][gc,heap        ] GC(43) Archive regions: 0->0
[2026-08-01T22:09:01.837+0900][2.484s][info ][gc,heap        ] GC(43) Humongous regions: 0->0
[2026-08-01T22:09:01.837+0900][2.484s][info ][gc,metaspace   ] GC(43) Metaspace: 7901K(8192K)->7901K(8192K) NonClass: 7187K(7296K)->7187K(7296K) Class: 713K(896K)->713K(896K)
[2026-08-01T22:09:01.837+0900][2.484s][debug][gc,heap        ] GC(43) Heap after GC invocations=44 (full 32):
[2026-08-01T22:09:01.837+0900][2.484s][debug][gc,heap        ] GC(43)  garbage-first heap   total 1179648K, used 111183K [0x000001da1e000000, 0x000002111e000000)
[2026-08-01T22:09:01.837+0900][2.484s][debug][gc,heap        ] GC(43)   region size 32768K, 1 young (32768K), 1 survivors (32768K)
[2026-08-01T22:09:01.837+0900][2.484s][debug][gc,heap        ] GC(43)  Metaspace       used 7901K, committed 8192K, reserved 1114112K
[2026-08-01T22:09:01.837+0900][2.484s][debug][gc,heap        ] GC(43)   class space    used 713K, committed 896K, reserved 1048576K
[2026-08-01T22:09:01.837+0900][2.484s][info ][gc             ] GC(43) Pause Young (Normal) (G1 Evacuation Pause) 125M->108M(1152M) 16.463ms
[2026-08-01T22:09:01.837+0900][2.484s][info ][gc,cpu         ] GC(43) User=0.08s Sys=0.00s Real=0.02s
[2026-08-01T22:09:01.837+0900][2.484s][info ][safepoint      ] Safepoint "G1CollectForAllocation", Time since last: 36835300 ns, Reaching safepoint: 2352601 ns, At safepoint: 16523500 ns, Total: 18876101 ns
[2026-08-01T22:09:02.103+0900][2.749s][info ][gc,start       ] GC(44) Pause Young (Normal) (G1 Evacuation Pause)
[2026-08-01T22:09:02.103+0900][2.749s][debug][gc,heap        ] GC(44) Heap before GC invocations=44 (full 32):
[2026-08-01T22:09:02.103+0900][2.749s][debug][gc,heap        ] GC(44)  garbage-first heap   total 1179648K, used 307791K [0x000001da1e000000, 0x000002111e000000)
[2026-08-01T22:09:02.103+0900][2.749s][debug][gc,heap        ] GC(44)   region size 32768K, 7 young (229376K), 1 survivors (32768K)
[2026-08-01T22:09:02.103+0900][2.750s][debug][gc,heap        ] GC(44)  Metaspace       used 8733K, committed 9216K, reserved 1114112K
[2026-08-01T22:09:02.103+0900][2.750s][debug][gc,heap        ] GC(44)   class space    used 787K, committed 1024K, reserved 1048576K
[2026-08-01T22:09:02.103+0900][2.750s][info ][gc,task        ] GC(44) Using 18 workers of 18 for evacuation
[2026-08-01T22:09:02.109+0900][2.757s][info ][gc,phases      ] GC(44)   Pre Evacuate Collection Set: 0.1ms
[2026-08-01T22:09:02.109+0900][2.757s][info ][gc,phases      ] GC(44)   Merge Heap Roots: 0.3ms
[2026-08-01T22:09:02.109+0900][2.757s][info ][gc,phases      ] GC(44)   Evacuate Collection Set: 6.1ms
[2026-08-01T22:09:02.109+0900][2.757s][info ][gc,phases      ] GC(44)   Post Evacuate Collection Set: 0.3ms
[2026-08-01T22:09:02.109+0900][2.757s][info ][gc,phases      ] GC(44)   Other: 0.3ms
[2026-08-01T22:09:02.109+0900][2.757s][info ][gc,heap        ] GC(44) Eden regions: 6->0(6)
[2026-08-01T22:09:02.109+0900][2.757s][info ][gc,heap        ] GC(44) Survivor regions: 1->1(1)
[2026-08-01T22:09:02.109+0900][2.757s][info ][gc,heap        ] GC(44) Old regions: 4->4
[2026-08-01T22:09:02.109+0900][2.757s][info ][gc,heap        ] GC(44) Archive regions: 0->0
[2026-08-01T22:09:02.109+0900][2.757s][info ][gc,heap        ] GC(44) Humongous regions: 0->0
[2026-08-01T22:09:02.109+0900][2.757s][info ][gc,metaspace   ] GC(44) Metaspace: 8733K(9216K)->8733K(9216K) NonClass: 7945K(8192K)->7945K(8192K) Class: 787K(1024K)->787K(1024K)
[2026-08-01T22:09:02.109+0900][2.757s][debug][gc,heap        ] GC(44) Heap after GC invocations=45 (full 32):
[2026-08-01T22:09:02.109+0900][2.757s][debug][gc,heap        ] GC(44)  garbage-first heap   total 1179648K, used 122673K [0x000001da1e000000, 0x000002111e000000)
[2026-08-01T22:09:02.109+0900][2.757s][debug][gc,heap        ] GC(44)   region size 32768K, 1 young (32768K), 1 survivors (32768K)
[2026-08-01T22:09:02.109+0900][2.757s][debug][gc,heap        ] GC(44)  Metaspace       used 8733K, committed 9216K, reserved 1114112K
[2026-08-01T22:09:02.109+0900][2.757s][debug][gc,heap        ] GC(44)   class space    used 787K, committed 1024K, reserved 1048576K
[2026-08-01T22:09:02.109+0900][2.757s][info ][gc             ] GC(44) Pause Young (Normal) (G1 Evacuation Pause) 300M->119M(1152M) 7.397ms
[2026-08-01T22:09:02.109+0900][2.757s][info ][gc,cpu         ] GC(44) User=0.12s Sys=0.16s Real=0.01s
[2026-08-01T22:09:02.109+0900][2.757s][info ][safepoint      ] Safepoint "G1CollectForAllocation", Time since last: 265593700 ns, Reaching safepoint: 105399 ns, At safepoint: 7442101 ns, Total: 7547500 ns
[2026-08-01T22:09:02.264+0900][2.912s][info ][gc,start       ] GC(45) Pause Young (Normal) (G1 Evacuation Pause)
[2026-08-01T22:09:02.264+0900][2.912s][debug][gc,heap        ] GC(45) Heap before GC invocations=45 (full 32):
[2026-08-01T22:09:02.264+0900][2.912s][debug][gc,heap        ] GC(45)  garbage-first heap   total 1179648K, used 319281K [0x000001da1e000000, 0x000002111e000000)
[2026-08-01T22:09:02.264+0900][2.912s][debug][gc,heap        ] GC(45)   region size 32768K, 7 young (229376K), 1 survivors (32768K)
[2026-08-01T22:09:02.264+0900][2.912s][debug][gc,heap        ] GC(45)  Metaspace       used 9066K, committed 9600K, reserved 1114112K
[2026-08-01T22:09:02.264+0900][2.912s][debug][gc,heap        ] GC(45)   class space    used 821K, committed 1088K, reserved 1048576K
[2026-08-01T22:09:02.264+0900][2.912s][info ][gc,task        ] GC(45) Using 18 workers of 18 for evacuation
[2026-08-01T22:09:02.272+0900][2.919s][info ][gc,phases      ] GC(45)   Pre Evacuate Collection Set: 0.1ms
[2026-08-01T22:09:02.272+0900][2.919s][info ][gc,phases      ] GC(45)   Merge Heap Roots: 0.3ms
[2026-08-01T22:09:02.272+0900][2.919s][info ][gc,phases      ] GC(45)   Evacuate Collection Set: 6.8ms
[2026-08-01T22:09:02.272+0900][2.919s][info ][gc,phases      ] GC(45)   Post Evacuate Collection Set: 0.3ms
[2026-08-01T22:09:02.272+0900][2.919s][info ][gc,phases      ] GC(45)   Other: 0.1ms
[2026-08-01T22:09:02.272+0900][2.919s][info ][gc,heap        ] GC(45) Eden regions: 6->0(6)
[2026-08-01T22:09:02.272+0900][2.919s][info ][gc,heap        ] GC(45) Survivor regions: 1->1(1)
[2026-08-01T22:09:02.272+0900][2.919s][info ][gc,heap        ] GC(45) Old regions: 4->5
[2026-08-01T22:09:02.272+0900][2.919s][info ][gc,heap        ] GC(45) Archive regions: 0->0
[2026-08-01T22:09:02.272+0900][2.919s][info ][gc,heap        ] GC(45) Humongous regions: 0->0
[2026-08-01T22:09:02.272+0900][2.919s][info ][gc,metaspace   ] GC(45) Metaspace: 9066K(9600K)->9066K(9600K) NonClass: 8245K(8512K)->8245K(8512K) Class: 821K(1088K)->821K(1088K)
[2026-08-01T22:09:02.272+0900][2.919s][debug][gc,heap        ] GC(45) Heap after GC invocations=46 (full 32):
[2026-08-01T22:09:02.272+0900][2.919s][debug][gc,heap        ] GC(45)  garbage-first heap   total 1179648K, used 143415K [0x000001da1e000000, 0x000002111e000000)
[2026-08-01T22:09:02.272+0900][2.919s][debug][gc,heap        ] GC(45)   region size 32768K, 1 young (32768K), 1 survivors (32768K)
[2026-08-01T22:09:02.272+0900][2.919s][debug][gc,heap        ] GC(45)  Metaspace       used 9066K, committed 9600K, reserved 1114112K
[2026-08-01T22:09:02.272+0900][2.919s][debug][gc,heap        ] GC(45)   class space    used 821K, committed 1088K, reserved 1048576K
[2026-08-01T22:09:02.272+0900][2.919s][info ][gc             ] GC(45) Pause Young (Normal) (G1 Evacuation Pause) 311M->140M(1152M) 7.815ms
[2026-08-01T22:09:02.272+0900][2.919s][info ][gc,cpu         ] GC(45) User=0.00s Sys=0.00s Real=0.01s
[2026-08-01T22:09:02.272+0900][2.919s][info ][safepoint      ] Safepoint "G1CollectForAllocation", Time since last: 154575800 ns, Reaching safepoint: 118700 ns, At safepoint: 7872000 ns, Total: 7990700 ns
[2026-08-01T22:09:02.418+0900][3.066s][info ][gc,start       ] GC(46) Pause Young (Normal) (G1 Evacuation Pause)
[2026-08-01T22:09:02.418+0900][3.066s][debug][gc,heap        ] GC(46) Heap before GC invocations=46 (full 32):
[2026-08-01T22:09:02.418+0900][3.066s][debug][gc,heap        ] GC(46)  garbage-first heap   total 1179648K, used 340023K [0x000001da1e000000, 0x000002111e000000)
[2026-08-01T22:09:02.418+0900][3.066s][debug][gc,heap        ] GC(46)   region size 32768K, 7 young (229376K), 1 survivors (32768K)
[2026-08-01T22:09:02.418+0900][3.066s][debug][gc,heap        ] GC(46)  Metaspace       used 9075K, committed 9600K, reserved 1114112K
[2026-08-01T22:09:02.418+0900][3.066s][debug][gc,heap        ] GC(46)   class space    used 821K, committed 1088K, reserved 1048576K
[2026-08-01T22:09:02.418+0900][3.066s][info ][gc,task        ] GC(46) Using 18 workers of 18 for evacuation
[2026-08-01T22:09:02.428+0900][3.075s][info ][gc,phases      ] GC(46)   Pre Evacuate Collection Set: 0.1ms
[2026-08-01T22:09:02.428+0900][3.075s][info ][gc,phases      ] GC(46)   Merge Heap Roots: 0.1ms
[2026-08-01T22:09:02.428+0900][3.075s][info ][gc,phases      ] GC(46)   Evacuate Collection Set: 8.5ms
[2026-08-01T22:09:02.428+0900][3.075s][info ][gc,phases      ] GC(46)   Post Evacuate Collection Set: 0.3ms
[2026-08-01T22:09:02.428+0900][3.075s][info ][gc,phases      ] GC(46)   Other: 0.1ms
[2026-08-01T22:09:02.428+0900][3.075s][info ][gc,heap        ] GC(46) Eden regions: 6->0(6)
[2026-08-01T22:09:02.428+0900][3.075s][info ][gc,heap        ] GC(46) Survivor regions: 1->1(1)
[2026-08-01T22:09:02.428+0900][3.075s][info ][gc,heap        ] GC(46) Old regions: 5->6
[2026-08-01T22:09:02.428+0900][3.075s][info ][gc,heap        ] GC(46) Archive regions: 0->0
[2026-08-01T22:09:02.428+0900][3.075s][info ][gc,heap        ] GC(46) Humongous regions: 0->0
[2026-08-01T22:09:02.428+0900][3.075s][info ][gc,metaspace   ] GC(46) Metaspace: 9075K(9600K)->9075K(9600K) NonClass: 8253K(8512K)->8253K(8512K) Class: 821K(1088K)->821K(1088K)
[2026-08-01T22:09:02.428+0900][3.075s][debug][gc,heap        ] GC(46) Heap after GC invocations=47 (full 32):
[2026-08-01T22:09:02.428+0900][3.075s][debug][gc,heap        ] GC(46)  garbage-first heap   total 1179648K, used 191352K [0x000001da1e000000, 0x000002111e000000)
[2026-08-01T22:09:02.428+0900][3.075s][debug][gc,heap        ] GC(46)   region size 32768K, 1 young (32768K), 1 survivors (32768K)
[2026-08-01T22:09:02.428+0900][3.075s][debug][gc,heap        ] GC(46)  Metaspace       used 9075K, committed 9600K, reserved 1114112K
[2026-08-01T22:09:02.428+0900][3.075s][debug][gc,heap        ] GC(46)   class space    used 821K, committed 1088K, reserved 1048576K
[2026-08-01T22:09:02.428+0900][3.075s][info ][gc             ] GC(46) Pause Young (Normal) (G1 Evacuation Pause) 332M->186M(1152M) 9.352ms
[2026-08-01T22:09:02.428+0900][3.075s][info ][gc,cpu         ] GC(46) User=0.20s Sys=0.05s Real=0.01s
[2026-08-01T22:09:02.428+0900][3.075s][info ][safepoint      ] Safepoint "G1CollectForAllocation", Time since last: 146009699 ns, Reaching safepoint: 112501 ns, At safepoint: 9402300 ns, Total: 9514801 ns
[2026-08-01T22:09:02.529+0900][3.176s][info ][gc,start       ] GC(47) Pause Young (Normal) (G1 Evacuation Pause)
[2026-08-01T22:09:02.529+0900][3.176s][debug][gc,heap        ] GC(47) Heap before GC invocations=47 (full 32):
[2026-08-01T22:09:02.529+0900][3.176s][debug][gc,heap        ] GC(47)  garbage-first heap   total 1179648K, used 387960K [0x000001da1e000000, 0x000002111e000000)
[2026-08-01T22:09:02.529+0900][3.176s][debug][gc,heap        ] GC(47)   region size 32768K, 7 young (229376K), 1 survivors (32768K)
[2026-08-01T22:09:02.529+0900][3.176s][debug][gc,heap        ] GC(47)  Metaspace       used 9096K, committed 9600K, reserved 1114112K
[2026-08-01T22:09:02.529+0900][3.176s][debug][gc,heap        ] GC(47)   class space    used 821K, committed 1088K, reserved 1048576K
[2026-08-01T22:09:02.529+0900][3.176s][info ][gc,task        ] GC(47) Using 18 workers of 18 for evacuation
[2026-08-01T22:09:02.537+0900][3.184s][info ][gc,phases      ] GC(47)   Pre Evacuate Collection Set: 0.1ms
[2026-08-01T22:09:02.537+0900][3.184s][info ][gc,phases      ] GC(47)   Merge Heap Roots: 0.2ms
[2026-08-01T22:09:02.537+0900][3.184s][info ][gc,phases      ] GC(47)   Evacuate Collection Set: 5.1ms
[2026-08-01T22:09:02.537+0900][3.184s][info ][gc,phases      ] GC(47)   Post Evacuate Collection Set: 2.9ms
[2026-08-01T22:09:02.537+0900][3.184s][info ][gc,phases      ] GC(47)   Other: 0.1ms
[2026-08-01T22:09:02.537+0900][3.184s][info ][gc,heap        ] GC(47) Eden regions: 6->0(13)
[2026-08-01T22:09:02.537+0900][3.185s][info ][gc,heap        ] GC(47) Survivor regions: 1->1(1)
[2026-08-01T22:09:02.537+0900][3.185s][info ][gc,heap        ] GC(47) Old regions: 6->6
[2026-08-01T22:09:02.537+0900][3.185s][info ][gc,heap        ] GC(47) Archive regions: 0->0
[2026-08-01T22:09:02.537+0900][3.185s][info ][gc,heap        ] GC(47) Humongous regions: 0->0
[2026-08-01T22:09:02.537+0900][3.185s][info ][gc,metaspace   ] GC(47) Metaspace: 9096K(9600K)->9096K(9600K) NonClass: 8274K(8512K)->8274K(8512K) Class: 821K(1088K)->821K(1088K)
[2026-08-01T22:09:02.537+0900][3.185s][debug][gc,heap        ] GC(47) Heap after GC invocations=48 (full 32):
[2026-08-01T22:09:02.537+0900][3.185s][debug][gc,heap        ] GC(47)  garbage-first heap   total 2359296K, used 196383K [0x000001da1e000000, 0x000002111e000000)
[2026-08-01T22:09:02.537+0900][3.185s][debug][gc,heap        ] GC(47)   region size 32768K, 1 young (32768K), 1 survivors (32768K)
[2026-08-01T22:09:02.537+0900][3.185s][debug][gc,heap        ] GC(47)  Metaspace       used 9096K, committed 9600K, reserved 1114112K
[2026-08-01T22:09:02.537+0900][3.185s][debug][gc,heap        ] GC(47)   class space    used 821K, committed 1088K, reserved 1048576K
[2026-08-01T22:09:02.537+0900][3.185s][info ][gc             ] GC(47) Pause Young (Normal) (G1 Evacuation Pause) 378M->191M(2304M) 8.712ms
[2026-08-01T22:09:02.537+0900][3.185s][info ][gc,cpu         ] GC(47) User=0.00s Sys=0.00s Real=0.01s
[2026-08-01T22:09:02.537+0900][3.185s][info ][safepoint      ] Safepoint "G1CollectForAllocation", Time since last: 100831899 ns, Reaching safepoint: 105501 ns, At safepoint: 8811400 ns, Total: 8916901 ns
[2026-08-01T22:09:02.860+0900][3.508s][info ][gc,start       ] GC(48) Pause Young (Normal) (G1 Evacuation Pause)
[2026-08-01T22:09:02.860+0900][3.508s][debug][gc,heap        ] GC(48) Heap before GC invocations=48 (full 32):
[2026-08-01T22:09:02.860+0900][3.508s][debug][gc,heap        ] GC(48)  garbage-first heap   total 2359296K, used 622367K [0x000001da1e000000, 0x000002111e000000)
[2026-08-01T22:09:02.860+0900][3.508s][debug][gc,heap        ] GC(48)   region size 32768K, 14 young (458752K), 1 survivors (32768K)
[2026-08-01T22:09:02.860+0900][3.508s][debug][gc,heap        ] GC(48)  Metaspace       used 9114K, committed 9600K, reserved 1114112K
[2026-08-01T22:09:02.860+0900][3.508s][debug][gc,heap        ] GC(48)   class space    used 821K, committed 1088K, reserved 1048576K
[2026-08-01T22:09:02.860+0900][3.508s][info ][gc,task        ] GC(48) Using 18 workers of 18 for evacuation
[2026-08-01T22:09:02.868+0900][3.516s][info ][gc,phases      ] GC(48)   Pre Evacuate Collection Set: 0.1ms
[2026-08-01T22:09:02.868+0900][3.516s][info ][gc,phases      ] GC(48)   Merge Heap Roots: 0.1ms
[2026-08-01T22:09:02.868+0900][3.516s][info ][gc,phases      ] GC(48)   Evacuate Collection Set: 7.6ms
[2026-08-01T22:09:02.868+0900][3.516s][info ][gc,phases      ] GC(48)   Post Evacuate Collection Set: 0.3ms
[2026-08-01T22:09:02.868+0900][3.516s][info ][gc,phases      ] GC(48)   Other: 0.1ms
[2026-08-01T22:09:02.868+0900][3.516s][info ][gc,heap        ] GC(48) Eden regions: 13->0(12)
[2026-08-01T22:09:02.868+0900][3.516s][info ][gc,heap        ] GC(48) Survivor regions: 1->2(2)
[2026-08-01T22:09:02.868+0900][3.516s][info ][gc,heap        ] GC(48) Old regions: 6->6
[2026-08-01T22:09:02.868+0900][3.516s][info ][gc,heap        ] GC(48) Archive regions: 0->0
[2026-08-01T22:09:02.868+0900][3.516s][info ][gc,heap        ] GC(48) Humongous regions: 0->0
[2026-08-01T22:09:02.868+0900][3.516s][info ][gc,metaspace   ] GC(48) Metaspace: 9114K(9600K)->9114K(9600K) NonClass: 8292K(8512K)->8292K(8512K) Class: 821K(1088K)->821K(1088K)
[2026-08-01T22:09:02.868+0900][3.516s][debug][gc,heap        ] GC(48) Heap after GC invocations=49 (full 32):
[2026-08-01T22:09:02.868+0900][3.516s][debug][gc,heap        ] GC(48)  garbage-first heap   total 2359296K, used 212793K [0x000001da1e000000, 0x000002111e000000)
[2026-08-01T22:09:02.869+0900][3.516s][debug][gc,heap        ] GC(48)   region size 32768K, 2 young (65536K), 2 survivors (65536K)
[2026-08-01T22:09:02.869+0900][3.516s][debug][gc,heap        ] GC(48)  Metaspace       used 9114K, committed 9600K, reserved 1114112K
[2026-08-01T22:09:02.870+0900][3.516s][debug][gc,heap        ] GC(48)   class space    used 821K, committed 1088K, reserved 1048576K
[2026-08-01T22:09:02.870+0900][3.516s][info ][gc             ] GC(48) Pause Young (Normal) (G1 Evacuation Pause) 607M->207M(2304M) 8.504ms
[2026-08-01T22:09:02.870+0900][3.516s][info ][gc,cpu         ] GC(48) User=0.00s Sys=0.00s Real=0.01s
[2026-08-01T22:09:02.870+0900][3.516s][info ][safepoint      ] Safepoint "G1CollectForAllocation", Time since last: 322900800 ns, Reaching safepoint: 104000 ns, At safepoint: 8553699 ns, Total: 8657699 ns
[2026-08-01T22:09:03.025+0900][3.672s][info ][gc,start       ] GC(49) Pause Young (Normal) (G1 Evacuation Pause)
[2026-08-01T22:09:03.025+0900][3.672s][debug][gc,heap        ] GC(49) Heap before GC invocations=49 (full 32):
[2026-08-01T22:09:03.025+0900][3.672s][debug][gc,heap        ] GC(49)  garbage-first heap   total 2359296K, used 606009K [0x000001da1e000000, 0x000002111e000000)
[2026-08-01T22:09:03.025+0900][3.672s][debug][gc,heap        ] GC(49)   region size 32768K, 14 young (458752K), 2 survivors (65536K)
[2026-08-01T22:09:03.025+0900][3.672s][debug][gc,heap        ] GC(49)  Metaspace       used 9114K, committed 9600K, reserved 1114112K
[2026-08-01T22:09:03.025+0900][3.672s][debug][gc,heap        ] GC(49)   class space    used 821K, committed 1088K, reserved 1048576K
[2026-08-01T22:09:03.025+0900][3.672s][info ][gc,task        ] GC(49) Using 18 workers of 18 for evacuation
[2026-08-01T22:09:03.032+0900][3.679s][info ][gc,phases      ] GC(49)   Pre Evacuate Collection Set: 0.1ms
[2026-08-01T22:09:03.032+0900][3.679s][info ][gc,phases      ] GC(49)   Merge Heap Roots: 0.1ms
[2026-08-01T22:09:03.032+0900][3.679s][info ][gc,phases      ] GC(49)   Evacuate Collection Set: 6.0ms
[2026-08-01T22:09:03.032+0900][3.679s][info ][gc,phases      ] GC(49)   Post Evacuate Collection Set: 0.2ms
[2026-08-01T22:09:03.032+0900][3.679s][info ][gc,phases      ] GC(49)   Other: 0.1ms
[2026-08-01T22:09:03.032+0900][3.679s][info ][gc,heap        ] GC(49) Eden regions: 12->0(12)
[2026-08-01T22:09:03.032+0900][3.679s][info ][gc,heap        ] GC(49) Survivor regions: 2->2(2)
[2026-08-01T22:09:03.032+0900][3.679s][info ][gc,heap        ] GC(49) Old regions: 6->7
[2026-08-01T22:09:03.032+0900][3.679s][info ][gc,heap        ] GC(49) Archive regions: 0->0
[2026-08-01T22:09:03.032+0900][3.679s][info ][gc,heap        ] GC(49) Humongous regions: 0->0
[2026-08-01T22:09:03.032+0900][3.679s][info ][gc,metaspace   ] GC(49) Metaspace: 9114K(9600K)->9114K(9600K) NonClass: 8292K(8512K)->8292K(8512K) Class: 821K(1088K)->821K(1088K)
[2026-08-01T22:09:03.032+0900][3.679s][debug][gc,heap        ] GC(49) Heap after GC invocations=50 (full 32):
[2026-08-01T22:09:03.032+0900][3.679s][debug][gc,heap        ] GC(49)  garbage-first heap   total 2359296K, used 228001K [0x000001da1e000000, 0x000002111e000000)
[2026-08-01T22:09:03.032+0900][3.679s][debug][gc,heap        ] GC(49)   region size 32768K, 2 young (65536K), 2 survivors (65536K)
[2026-08-01T22:09:03.032+0900][3.679s][debug][gc,heap        ] GC(49)  Metaspace       used 9114K, committed 9600K, reserved 1114112K
[2026-08-01T22:09:03.032+0900][3.679s][debug][gc,heap        ] GC(49)   class space    used 821K, committed 1088K, reserved 1048576K
[2026-08-01T22:09:03.032+0900][3.679s][info ][gc             ] GC(49) Pause Young (Normal) (G1 Evacuation Pause) 591M->222M(2304M) 6.817ms
[2026-08-01T22:09:03.032+0900][3.679s][info ][gc,cpu         ] GC(49) User=0.28s Sys=0.00s Real=0.01s
[2026-08-01T22:09:03.032+0900][3.679s][info ][safepoint      ] Safepoint "G1CollectForAllocation", Time since last: 155806901 ns, Reaching safepoint: 111900 ns, At safepoint: 6869600 ns, Total: 6981500 ns
[2026-08-01T22:09:03.188+0900][3.835s][info ][gc,start       ] GC(50) Pause Young (Normal) (G1 Evacuation Pause)
[2026-08-01T22:09:03.188+0900][3.835s][debug][gc,heap        ] GC(50) Heap before GC invocations=50 (full 32):
[2026-08-01T22:09:03.188+0900][3.835s][debug][gc,heap        ] GC(50)  garbage-first heap   total 2359296K, used 621217K [0x000001da1e000000, 0x000002111e000000)
[2026-08-01T22:09:03.188+0900][3.835s][debug][gc,heap        ] GC(50)   region size 32768K, 14 young (458752K), 2 survivors (65536K)
[2026-08-01T22:09:03.188+0900][3.835s][debug][gc,heap        ] GC(50)  Metaspace       used 9114K, committed 9600K, reserved 1114112K
[2026-08-01T22:09:03.188+0900][3.835s][debug][gc,heap        ] GC(50)   class space    used 821K, committed 1088K, reserved 1048576K
[2026-08-01T22:09:03.188+0900][3.835s][info ][gc,task        ] GC(50) Using 18 workers of 18 for evacuation
[2026-08-01T22:09:03.194+0900][3.841s][info ][gc,phases      ] GC(50)   Pre Evacuate Collection Set: 0.1ms
[2026-08-01T22:09:03.194+0900][3.842s][info ][gc,phases      ] GC(50)   Merge Heap Roots: 0.1ms
[2026-08-01T22:09:03.194+0900][3.842s][info ][gc,phases      ] GC(50)   Evacuate Collection Set: 5.9ms
[2026-08-01T22:09:03.194+0900][3.842s][info ][gc,phases      ] GC(50)   Post Evacuate Collection Set: 0.2ms
[2026-08-01T22:09:03.194+0900][3.842s][info ][gc,phases      ] GC(50)   Other: 0.1ms
[2026-08-01T22:09:03.194+0900][3.842s][info ][gc,heap        ] GC(50) Eden regions: 12->0(13)
[2026-08-01T22:09:03.194+0900][3.842s][info ][gc,heap        ] GC(50) Survivor regions: 2->1(2)
[2026-08-01T22:09:03.194+0900][3.842s][info ][gc,heap        ] GC(50) Old regions: 7->7
[2026-08-01T22:09:03.194+0900][3.842s][info ][gc,heap        ] GC(50) Archive regions: 0->0
[2026-08-01T22:09:03.194+0900][3.842s][info ][gc,heap        ] GC(50) Humongous regions: 0->0
[2026-08-01T22:09:03.194+0900][3.842s][info ][gc,metaspace   ] GC(50) Metaspace: 9114K(9600K)->9114K(9600K) NonClass: 8292K(8512K)->8292K(8512K) Class: 821K(1088K)->821K(1088K)
[2026-08-01T22:09:03.194+0900][3.842s][debug][gc,heap        ] GC(50) Heap after GC invocations=51 (full 32):
[2026-08-01T22:09:03.194+0900][3.842s][debug][gc,heap        ] GC(50)  garbage-first heap   total 2359296K, used 243246K [0x000001da1e000000, 0x000002111e000000)
[2026-08-01T22:09:03.194+0900][3.842s][debug][gc,heap        ] GC(50)   region size 32768K, 1 young (32768K), 1 survivors (32768K)
[2026-08-01T22:09:03.194+0900][3.842s][debug][gc,heap        ] GC(50)  Metaspace       used 9114K, committed 9600K, reserved 1114112K
[2026-08-01T22:09:03.195+0900][3.842s][debug][gc,heap        ] GC(50)   class space    used 821K, committed 1088K, reserved 1048576K
[2026-08-01T22:09:03.195+0900][3.842s][info ][gc             ] GC(50) Pause Young (Normal) (G1 Evacuation Pause) 606M->237M(2304M) 6.810ms
[2026-08-01T22:09:03.195+0900][3.842s][info ][gc,cpu         ] GC(50) User=0.00s Sys=0.00s Real=0.01s
[2026-08-01T22:09:03.195+0900][3.842s][info ][safepoint      ] Safepoint "G1CollectForAllocation", Time since last: 155697800 ns, Reaching safepoint: 102900 ns, At safepoint: 6858700 ns, Total: 6961600 ns
[2026-08-01T22:09:03.358+0900][4.005s][info ][gc,start       ] GC(51) Pause Young (Normal) (G1 Evacuation Pause)
[2026-08-01T22:09:03.358+0900][4.005s][debug][gc,heap        ] GC(51) Heap before GC invocations=51 (full 32):
[2026-08-01T22:09:03.358+0900][4.005s][debug][gc,heap        ] GC(51)  garbage-first heap   total 2359296K, used 669230K [0x000001da1e000000, 0x000002111e000000)
[2026-08-01T22:09:03.358+0900][4.005s][debug][gc,heap        ] GC(51)   region size 32768K, 14 young (458752K), 1 survivors (32768K)
[2026-08-01T22:09:03.358+0900][4.005s][debug][gc,heap        ] GC(51)  Metaspace       used 9114K, committed 9600K, reserved 1114112K
[2026-08-01T22:09:03.358+0900][4.005s][debug][gc,heap        ] GC(51)   class space    used 821K, committed 1088K, reserved 1048576K
[2026-08-01T22:09:03.358+0900][4.005s][info ][gc,task        ] GC(51) Using 18 workers of 18 for evacuation
[2026-08-01T22:09:03.367+0900][4.014s][info ][gc,phases      ] GC(51)   Pre Evacuate Collection Set: 0.1ms
[2026-08-01T22:09:03.367+0900][4.014s][info ][gc,phases      ] GC(51)   Merge Heap Roots: 0.1ms
[2026-08-01T22:09:03.367+0900][4.014s][info ][gc,phases      ] GC(51)   Evacuate Collection Set: 6.2ms
[2026-08-01T22:09:03.367+0900][4.014s][info ][gc,phases      ] GC(51)   Post Evacuate Collection Set: 2.3ms
[2026-08-01T22:09:03.367+0900][4.014s][info ][gc,phases      ] GC(51)   Other: 0.1ms
[2026-08-01T22:09:03.367+0900][4.014s][info ][gc,heap        ] GC(51) Eden regions: 13->0(19)
[2026-08-01T22:09:03.367+0900][4.014s][info ][gc,heap        ] GC(51) Survivor regions: 1->2(2)
[2026-08-01T22:09:03.367+0900][4.014s][info ][gc,heap        ] GC(51) Old regions: 7->7
[2026-08-01T22:09:03.367+0900][4.014s][info ][gc,heap        ] GC(51) Archive regions: 0->0
[2026-08-01T22:09:03.367+0900][4.014s][info ][gc,heap        ] GC(51) Humongous regions: 0->0
[2026-08-01T22:09:03.367+0900][4.014s][info ][gc,metaspace   ] GC(51) Metaspace: 9114K(9600K)->9114K(9600K) NonClass: 8292K(8512K)->8292K(8512K) Class: 821K(1088K)->821K(1088K)
[2026-08-01T22:09:03.367+0900][4.014s][debug][gc,heap        ] GC(51) Heap after GC invocations=52 (full 32):
[2026-08-01T22:09:03.367+0900][4.014s][debug][gc,heap        ] GC(51)  garbage-first heap   total 3440640K, used 256173K [0x000001da1e000000, 0x000002111e000000)
[2026-08-01T22:09:03.367+0900][4.014s][debug][gc,heap        ] GC(51)   region size 32768K, 2 young (65536K), 2 survivors (65536K)
[2026-08-01T22:09:03.367+0900][4.014s][debug][gc,heap        ] GC(51)  Metaspace       used 9114K, committed 9600K, reserved 1114112K
[2026-08-01T22:09:03.367+0900][4.014s][debug][gc,heap        ] GC(51)   class space    used 821K, committed 1088K, reserved 1048576K
[2026-08-01T22:09:03.367+0900][4.014s][info ][gc             ] GC(51) Pause Young (Normal) (G1 Evacuation Pause) 653M->250M(3360M) 9.276ms
[2026-08-01T22:09:03.367+0900][4.014s][info ][gc,cpu         ] GC(51) User=0.00s Sys=0.00s Real=0.01s
[2026-08-01T22:09:03.367+0900][4.014s][info ][safepoint      ] Safepoint "G1CollectForAllocation", Time since last: 163044800 ns, Reaching safepoint: 152300 ns, At safepoint: 9327800 ns, Total: 9480100 ns
[2026-08-01T22:09:03.756+0900][4.403s][info ][gc,start       ] GC(52) Pause Young (Normal) (G1 Evacuation Pause)
[2026-08-01T22:09:03.756+0900][4.403s][debug][gc,heap        ] GC(52) Heap before GC invocations=52 (full 32):
[2026-08-01T22:09:03.756+0900][4.403s][debug][gc,heap        ] GC(52)  garbage-first heap   total 3440640K, used 878765K [0x000001da1e000000, 0x000002111e000000)
[2026-08-01T22:09:03.756+0900][4.403s][debug][gc,heap        ] GC(52)   region size 32768K, 21 young (688128K), 2 survivors (65536K)
[2026-08-01T22:09:03.756+0900][4.403s][debug][gc,heap        ] GC(52)  Metaspace       used 9114K, committed 9600K, reserved 1114112K
[2026-08-01T22:09:03.756+0900][4.403s][debug][gc,heap        ] GC(52)   class space    used 821K, committed 1088K, reserved 1048576K
[2026-08-01T22:09:03.756+0900][4.403s][info ][gc,task        ] GC(52) Using 18 workers of 18 for evacuation
[2026-08-01T22:09:03.767+0900][4.415s][info ][gc,phases      ] GC(52)   Pre Evacuate Collection Set: 0.1ms
[2026-08-01T22:09:03.767+0900][4.415s][info ][gc,phases      ] GC(52)   Merge Heap Roots: 0.1ms
[2026-08-01T22:09:03.767+0900][4.415s][info ][gc,phases      ] GC(52)   Evacuate Collection Set: 10.8ms
[2026-08-01T22:09:03.767+0900][4.415s][info ][gc,phases      ] GC(52)   Post Evacuate Collection Set: 0.2ms
[2026-08-01T22:09:03.767+0900][4.415s][info ][gc,phases      ] GC(52)   Other: 0.1ms
[2026-08-01T22:09:03.767+0900][4.415s][info ][gc,heap        ] GC(52) Eden regions: 19->0(18)
[2026-08-01T22:09:03.767+0900][4.415s][info ][gc,heap        ] GC(52) Survivor regions: 2->3(3)
[2026-08-01T22:09:03.767+0900][4.415s][info ][gc,heap        ] GC(52) Old regions: 7->7
[2026-08-01T22:09:03.767+0900][4.415s][info ][gc,heap        ] GC(52) Archive regions: 0->0
[2026-08-01T22:09:03.767+0900][4.415s][info ][gc,heap        ] GC(52) Humongous regions: 0->0
[2026-08-01T22:09:03.767+0900][4.415s][info ][gc,metaspace   ] GC(52) Metaspace: 9114K(9600K)->9114K(9600K) NonClass: 8292K(8512K)->8292K(8512K) Class: 821K(1088K)->821K(1088K)
[2026-08-01T22:09:03.767+0900][4.415s][debug][gc,heap        ] GC(52) Heap after GC invocations=53 (full 32):
[2026-08-01T22:09:03.767+0900][4.415s][debug][gc,heap        ] GC(52)  garbage-first heap   total 3440640K, used 277434K [0x000001da1e000000, 0x000002111e000000)
[2026-08-01T22:09:03.767+0900][4.415s][debug][gc,heap        ] GC(52)   region size 32768K, 3 young (98304K), 3 survivors (98304K)
[2026-08-01T22:09:03.767+0900][4.415s][debug][gc,heap        ] GC(52)  Metaspace       used 9114K, committed 9600K, reserved 1114112K
[2026-08-01T22:09:03.767+0900][4.415s][debug][gc,heap        ] GC(52)   class space    used 821K, committed 1088K, reserved 1048576K
[2026-08-01T22:09:03.767+0900][4.415s][info ][gc             ] GC(52) Pause Young (Normal) (G1 Evacuation Pause) 858M->270M(3360M) 11.671ms
[2026-08-01T22:09:03.767+0900][4.415s][info ][gc,cpu         ] GC(52) User=0.20s Sys=0.08s Real=0.01s
[2026-08-01T22:09:03.767+0900][4.415s][info ][safepoint      ] Safepoint "G1CollectForAllocation", Time since last: 388673000 ns, Reaching safepoint: 135500 ns, At safepoint: 11715100 ns, Total: 11850600 ns
[2026-08-01T22:09:03.992+0900][4.640s][info ][gc,start       ] GC(53) Pause Young (Normal) (G1 Evacuation Pause)
[2026-08-01T22:09:03.992+0900][4.640s][debug][gc,heap        ] GC(53) Heap before GC invocations=53 (full 32):
[2026-08-01T22:09:03.992+0900][4.640s][debug][gc,heap        ] GC(53)  garbage-first heap   total 3440640K, used 867258K [0x000001da1e000000, 0x000002111e000000)
[2026-08-01T22:09:03.992+0900][4.640s][debug][gc,heap        ] GC(53)   region size 32768K, 21 young (688128K), 3 survivors (98304K)
[2026-08-01T22:09:03.992+0900][4.640s][debug][gc,heap        ] GC(53)  Metaspace       used 9114K, committed 9600K, reserved 1114112K
[2026-08-01T22:09:03.992+0900][4.640s][debug][gc,heap        ] GC(53)   class space    used 821K, committed 1088K, reserved 1048576K
[2026-08-01T22:09:03.992+0900][4.640s][info ][gc,task        ] GC(53) Using 18 workers of 18 for evacuation
[2026-08-01T22:09:04.006+0900][4.653s][info ][gc,phases      ] GC(53)   Pre Evacuate Collection Set: 0.1ms
[2026-08-01T22:09:04.006+0900][4.653s][info ][gc,phases      ] GC(53)   Merge Heap Roots: 0.1ms
[2026-08-01T22:09:04.006+0900][4.653s][info ][gc,phases      ] GC(53)   Evacuate Collection Set: 13.0ms
[2026-08-01T22:09:04.006+0900][4.653s][info ][gc,phases      ] GC(53)   Post Evacuate Collection Set: 0.2ms
[2026-08-01T22:09:04.006+0900][4.653s][info ][gc,phases      ] GC(53)   Other: 0.1ms
[2026-08-01T22:09:04.006+0900][4.653s][info ][gc,heap        ] GC(53) Eden regions: 18->0(19)
[2026-08-01T22:09:04.006+0900][4.653s][info ][gc,heap        ] GC(53) Survivor regions: 3->2(3)
[2026-08-01T22:09:04.006+0900][4.653s][info ][gc,heap        ] GC(53) Old regions: 7->8
[2026-08-01T22:09:04.006+0900][4.653s][info ][gc,heap        ] GC(53) Archive regions: 0->0
[2026-08-01T22:09:04.006+0900][4.653s][info ][gc,heap        ] GC(53) Humongous regions: 0->0
[2026-08-01T22:09:04.006+0900][4.653s][info ][gc,metaspace   ] GC(53) Metaspace: 9114K(9600K)->9114K(9600K) NonClass: 8292K(8512K)->8292K(8512K) Class: 821K(1088K)->821K(1088K)
[2026-08-01T22:09:04.006+0900][4.653s][debug][gc,heap        ] GC(53) Heap after GC invocations=54 (full 32):
[2026-08-01T22:09:04.006+0900][4.653s][debug][gc,heap        ] GC(53)  garbage-first heap   total 3440640K, used 299194K [0x000001da1e000000, 0x000002111e000000)
[2026-08-01T22:09:04.006+0900][4.653s][debug][gc,heap        ] GC(53)   region size 32768K, 2 young (65536K), 2 survivors (65536K)
[2026-08-01T22:09:04.006+0900][4.653s][debug][gc,heap        ] GC(53)  Metaspace       used 9114K, committed 9600K, reserved 1114112K
[2026-08-01T22:09:04.006+0900][4.653s][debug][gc,heap        ] GC(53)   class space    used 821K, committed 1088K, reserved 1048576K
[2026-08-01T22:09:04.006+0900][4.653s][info ][gc             ] GC(53) Pause Young (Normal) (G1 Evacuation Pause) 846M->292M(3360M) 13.837ms
[2026-08-01T22:09:04.006+0900][4.653s][info ][gc,cpu         ] GC(53) User=0.19s Sys=0.09s Real=0.01s
[2026-08-01T22:09:04.006+0900][4.653s][info ][safepoint      ] Safepoint "G1CollectForAllocation", Time since last: 224652100 ns, Reaching safepoint: 107799 ns, At safepoint: 13881200 ns, Total: 13988999 ns
[2026-08-01T22:09:04.245+0900][4.892s][info ][gc,start       ] GC(54) Pause Young (Normal) (G1 Evacuation Pause)
[2026-08-01T22:09:04.245+0900][4.892s][debug][gc,heap        ] GC(54) Heap before GC invocations=54 (full 32):
[2026-08-01T22:09:04.245+0900][4.892s][debug][gc,heap        ] GC(54)  garbage-first heap   total 3440640K, used 921786K [0x000001da1e000000, 0x000002111e000000)
[2026-08-01T22:09:04.245+0900][4.892s][debug][gc,heap        ] GC(54)   region size 32768K, 21 young (688128K), 2 survivors (65536K)
[2026-08-01T22:09:04.245+0900][4.892s][debug][gc,heap        ] GC(54)  Metaspace       used 9114K, committed 9600K, reserved 1114112K
[2026-08-01T22:09:04.245+0900][4.892s][debug][gc,heap        ] GC(54)   class space    used 821K, committed 1088K, reserved 1048576K
[2026-08-01T22:09:04.245+0900][4.892s][info ][gc,task        ] GC(54) Using 18 workers of 18 for evacuation
[2026-08-01T22:09:04.256+0900][4.903s][info ][gc,phases      ] GC(54)   Pre Evacuate Collection Set: 0.1ms
[2026-08-01T22:09:04.256+0900][4.903s][info ][gc,phases      ] GC(54)   Merge Heap Roots: 0.1ms
[2026-08-01T22:09:04.256+0900][4.903s][info ][gc,phases      ] GC(54)   Evacuate Collection Set: 10.2ms
[2026-08-01T22:09:04.256+0900][4.903s][info ][gc,phases      ] GC(54)   Post Evacuate Collection Set: 0.2ms
[2026-08-01T22:09:04.256+0900][4.903s][info ][gc,phases      ] GC(54)   Other: 0.1ms
[2026-08-01T22:09:04.256+0900][4.903s][info ][gc,heap        ] GC(54) Eden regions: 19->0(18)
[2026-08-01T22:09:04.256+0900][4.903s][info ][gc,heap        ] GC(54) Survivor regions: 2->3(3)
[2026-08-01T22:09:04.256+0900][4.903s][info ][gc,heap        ] GC(54) Old regions: 8->9
[2026-08-01T22:09:04.256+0900][4.903s][info ][gc,heap        ] GC(54) Archive regions: 0->0
[2026-08-01T22:09:04.256+0900][4.903s][info ][gc,heap        ] GC(54) Humongous regions: 0->0
[2026-08-01T22:09:04.256+0900][4.903s][info ][gc,metaspace   ] GC(54) Metaspace: 9114K(9600K)->9114K(9600K) NonClass: 8292K(8512K)->8292K(8512K) Class: 821K(1088K)->821K(1088K)
[2026-08-01T22:09:04.256+0900][4.903s][debug][gc,heap        ] GC(54) Heap after GC invocations=55 (full 32):
[2026-08-01T22:09:04.256+0900][4.903s][debug][gc,heap        ] GC(54)  garbage-first heap   total 3440640K, used 323131K [0x000001da1e000000, 0x000002111e000000)
[2026-08-01T22:09:04.256+0900][4.903s][debug][gc,heap        ] GC(54)   region size 32768K, 3 young (98304K), 3 survivors (98304K)
[2026-08-01T22:09:04.256+0900][4.903s][debug][gc,heap        ] GC(54)  Metaspace       used 9114K, committed 9600K, reserved 1114112K
[2026-08-01T22:09:04.256+0900][4.903s][debug][gc,heap        ] GC(54)   class space    used 821K, committed 1088K, reserved 1048576K
[2026-08-01T22:09:04.256+0900][4.903s][info ][gc             ] GC(54) Pause Young (Normal) (G1 Evacuation Pause) 900M->315M(3360M) 11.052ms
[2026-08-01T22:09:04.256+0900][4.903s][info ][gc,cpu         ] GC(54) User=0.17s Sys=0.11s Real=0.01s
[2026-08-01T22:09:04.256+0900][4.903s][info ][safepoint      ] Safepoint "G1CollectForAllocation", Time since last: 238623601 ns, Reaching safepoint: 105100 ns, At safepoint: 11116700 ns, Total: 11221800 ns
[2026-08-01T22:09:04.485+0900][5.132s][info ][gc,start       ] GC(55) Pause Young (Normal) (G1 Evacuation Pause)
[2026-08-01T22:09:04.485+0900][5.132s][debug][gc,heap        ] GC(55) Heap before GC invocations=55 (full 32):
[2026-08-01T22:09:04.485+0900][5.132s][debug][gc,heap        ] GC(55)  garbage-first heap   total 3440640K, used 912955K [0x000001da1e000000, 0x000002111e000000)
[2026-08-01T22:09:04.485+0900][5.132s][debug][gc,heap        ] GC(55)   region size 32768K, 21 young (688128K), 3 survivors (98304K)
[2026-08-01T22:09:04.485+0900][5.132s][debug][gc,heap        ] GC(55)  Metaspace       used 9114K, committed 9600K, reserved 1114112K
[2026-08-01T22:09:04.485+0900][5.132s][debug][gc,heap        ] GC(55)   class space    used 821K, committed 1088K, reserved 1048576K
[2026-08-01T22:09:04.485+0900][5.132s][info ][gc,task        ] GC(55) Using 18 workers of 18 for evacuation
[2026-08-01T22:09:04.499+0900][5.146s][info ][gc,phases      ] GC(55)   Pre Evacuate Collection Set: 0.1ms
[2026-08-01T22:09:04.499+0900][5.146s][info ][gc,phases      ] GC(55)   Merge Heap Roots: 0.1ms
[2026-08-01T22:09:04.499+0900][5.146s][info ][gc,phases      ] GC(55)   Evacuate Collection Set: 10.2ms
[2026-08-01T22:09:04.499+0900][5.146s][info ][gc,phases      ] GC(55)   Post Evacuate Collection Set: 3.7ms
[2026-08-01T22:09:04.499+0900][5.146s][info ][gc,phases      ] GC(55)   Other: 0.1ms
[2026-08-01T22:09:04.499+0900][5.146s][info ][gc,heap        ] GC(55) Eden regions: 18->0(28)
[2026-08-01T22:09:04.499+0900][5.146s][info ][gc,heap        ] GC(55) Survivor regions: 3->2(3)
[2026-08-01T22:09:04.499+0900][5.146s][info ][gc,heap        ] GC(55) Old regions: 9->9
[2026-08-01T22:09:04.499+0900][5.146s][info ][gc,heap        ] GC(55) Archive regions: 0->0
[2026-08-01T22:09:04.499+0900][5.146s][info ][gc,heap        ] GC(55) Humongous regions: 0->0
[2026-08-01T22:09:04.499+0900][5.146s][info ][gc,metaspace   ] GC(55) Metaspace: 9114K(9600K)->9114K(9600K) NonClass: 8292K(8512K)->8292K(8512K) Class: 821K(1088K)->821K(1088K)
[2026-08-01T22:09:04.499+0900][5.146s][debug][gc,heap        ] GC(55) Heap after GC invocations=56 (full 32):
[2026-08-01T22:09:04.499+0900][5.146s][debug][gc,heap        ] GC(55)  garbage-first heap   total 4980736K, used 343084K [0x000001da1e000000, 0x000002111e000000)
[2026-08-01T22:09:04.499+0900][5.146s][debug][gc,heap        ] GC(55)   region size 32768K, 2 young (65536K), 2 survivors (65536K)
[2026-08-01T22:09:04.499+0900][5.147s][debug][gc,heap        ] GC(55)  Metaspace       used 9114K, committed 9600K, reserved 1114112K
[2026-08-01T22:09:04.499+0900][5.147s][debug][gc,heap        ] GC(55)   class space    used 821K, committed 1088K, reserved 1048576K
[2026-08-01T22:09:04.499+0900][5.147s][info ][gc             ] GC(55) Pause Young (Normal) (G1 Evacuation Pause) 891M->335M(4864M) 14.585ms
[2026-08-01T22:09:04.499+0900][5.147s][info ][gc,cpu         ] GC(55) User=0.00s Sys=0.02s Real=0.01s
[2026-08-01T22:09:04.499+0900][5.147s][info ][safepoint      ] Safepoint "G1CollectForAllocation", Time since last: 228594000 ns, Reaching safepoint: 104200 ns, At safepoint: 14633799 ns, Total: 14737999 ns
[2026-08-01T22:09:05.048+0900][5.695s][info ][gc,start       ] GC(56) Pause Young (Normal) (G1 Evacuation Pause)
[2026-08-01T22:09:05.048+0900][5.695s][debug][gc,heap        ] GC(56) Heap before GC invocations=56 (full 32):
[2026-08-01T22:09:05.048+0900][5.695s][debug][gc,heap        ] GC(56)  garbage-first heap   total 4980736K, used 1260588K [0x000001da1e000000, 0x000002111e000000)
[2026-08-01T22:09:05.048+0900][5.695s][debug][gc,heap        ] GC(56)   region size 32768K, 30 young (983040K), 2 survivors (65536K)
[2026-08-01T22:09:05.048+0900][5.695s][debug][gc,heap        ] GC(56)  Metaspace       used 9114K, committed 9600K, reserved 1114112K
[2026-08-01T22:09:05.048+0900][5.695s][debug][gc,heap        ] GC(56)   class space    used 821K, committed 1088K, reserved 1048576K
[2026-08-01T22:09:05.048+0900][5.695s][info ][gc,task        ] GC(56) Using 18 workers of 18 for evacuation
[2026-08-01T22:09:05.063+0900][5.710s][info ][gc,phases      ] GC(56)   Pre Evacuate Collection Set: 0.1ms
[2026-08-01T22:09:05.063+0900][5.710s][info ][gc,phases      ] GC(56)   Merge Heap Roots: 0.2ms
[2026-08-01T22:09:05.063+0900][5.710s][info ][gc,phases      ] GC(56)   Evacuate Collection Set: 14.7ms
[2026-08-01T22:09:05.063+0900][5.710s][info ][gc,phases      ] GC(56)   Post Evacuate Collection Set: 0.2ms
[2026-08-01T22:09:05.063+0900][5.710s][info ][gc,phases      ] GC(56)   Other: 0.1ms
[2026-08-01T22:09:05.063+0900][5.710s][info ][gc,heap        ] GC(56) Eden regions: 28->0(26)
[2026-08-01T22:09:05.063+0900][5.710s][info ][gc,heap        ] GC(56) Survivor regions: 2->4(4)
[2026-08-01T22:09:05.063+0900][5.711s][info ][gc,heap        ] GC(56) Old regions: 9->9
[2026-08-01T22:09:05.063+0900][5.711s][info ][gc,heap        ] GC(56) Archive regions: 0->0
[2026-08-01T22:09:05.063+0900][5.711s][info ][gc,heap        ] GC(56) Humongous regions: 0->0
[2026-08-01T22:09:05.063+0900][5.711s][info ][gc,metaspace   ] GC(56) Metaspace: 9114K(9600K)->9114K(9600K) NonClass: 8292K(8512K)->8292K(8512K) Class: 821K(1088K)->821K(1088K)
[2026-08-01T22:09:05.063+0900][5.711s][debug][gc,heap        ] GC(56) Heap after GC invocations=57 (full 32):
[2026-08-01T22:09:05.063+0900][5.711s][debug][gc,heap        ] GC(56)  garbage-first heap   total 4980736K, used 376512K [0x000001da1e000000, 0x000002111e000000)
[2026-08-01T22:09:05.063+0900][5.711s][debug][gc,heap        ] GC(56)   region size 32768K, 4 young (131072K), 4 survivors (131072K)
[2026-08-01T22:09:05.063+0900][5.711s][debug][gc,heap        ] GC(56)  Metaspace       used 9114K, committed 9600K, reserved 1114112K
[2026-08-01T22:09:05.063+0900][5.711s][debug][gc,heap        ] GC(56)   class space    used 821K, committed 1088K, reserved 1048576K
[2026-08-01T22:09:05.063+0900][5.711s][info ][gc             ] GC(56) Pause Young (Normal) (G1 Evacuation Pause) 1231M->367M(4864M) 15.695ms
[2026-08-01T22:09:05.063+0900][5.711s][info ][gc,cpu         ] GC(56) User=0.23s Sys=0.05s Real=0.01s
[2026-08-01T22:09:05.063+0900][5.711s][info ][safepoint      ] Safepoint "G1CollectForAllocation", Time since last: 548213201 ns, Reaching safepoint: 110000 ns, At safepoint: 15737700 ns, Total: 15847700 ns
[2026-08-01T22:09:05.390+0900][6.037s][info ][gc,start       ] GC(57) Pause Young (Normal) (G1 Evacuation Pause)
[2026-08-01T22:09:05.390+0900][6.037s][debug][gc,heap        ] GC(57) Heap before GC invocations=57 (full 32):
[2026-08-01T22:09:05.390+0900][6.037s][debug][gc,heap        ] GC(57)  garbage-first heap   total 4980736K, used 1228480K [0x000001da1e000000, 0x000002111e000000)
[2026-08-01T22:09:05.390+0900][6.037s][debug][gc,heap        ] GC(57)   region size 32768K, 30 young (983040K), 4 survivors (131072K)
[2026-08-01T22:09:05.390+0900][6.037s][debug][gc,heap        ] GC(57)  Metaspace       used 9114K, committed 9600K, reserved 1114112K
[2026-08-01T22:09:05.390+0900][6.037s][debug][gc,heap        ] GC(57)   class space    used 821K, committed 1088K, reserved 1048576K
[2026-08-01T22:09:05.390+0900][6.037s][info ][gc,task        ] GC(57) Using 18 workers of 18 for evacuation
[2026-08-01T22:09:05.409+0900][6.056s][info ][gc,phases      ] GC(57)   Pre Evacuate Collection Set: 0.1ms
[2026-08-01T22:09:05.409+0900][6.056s][info ][gc,phases      ] GC(57)   Merge Heap Roots: 0.1ms
[2026-08-01T22:09:05.409+0900][6.056s][info ][gc,phases      ] GC(57)   Evacuate Collection Set: 18.3ms
[2026-08-01T22:09:05.409+0900][6.056s][info ][gc,phases      ] GC(57)   Post Evacuate Collection Set: 0.2ms
[2026-08-01T22:09:05.409+0900][6.056s][info ][gc,phases      ] GC(57)   Other: 0.1ms
[2026-08-01T22:09:05.409+0900][6.056s][info ][gc,heap        ] GC(57) Eden regions: 26->0(27)
[2026-08-01T22:09:05.409+0900][6.056s][info ][gc,heap        ] GC(57) Survivor regions: 4->3(4)
[2026-08-01T22:09:05.409+0900][6.056s][info ][gc,heap        ] GC(57) Old regions: 9->11
[2026-08-01T22:09:05.409+0900][6.056s][info ][gc,heap        ] GC(57) Archive regions: 0->0
[2026-08-01T22:09:05.409+0900][6.056s][info ][gc,heap        ] GC(57) Humongous regions: 0->0
[2026-08-01T22:09:05.409+0900][6.056s][info ][gc,metaspace   ] GC(57) Metaspace: 9114K(9600K)->9114K(9600K) NonClass: 8292K(8512K)->8292K(8512K) Class: 821K(1088K)->821K(1088K)
[2026-08-01T22:09:05.409+0900][6.056s][debug][gc,heap        ] GC(57) Heap after GC invocations=58 (full 32):
[2026-08-01T22:09:05.409+0900][6.056s][debug][gc,heap        ] GC(57)  garbage-first heap   total 4980736K, used 402655K [0x000001da1e000000, 0x000002111e000000)
[2026-08-01T22:09:05.409+0900][6.056s][debug][gc,heap        ] GC(57)   region size 32768K, 3 young (98304K), 3 survivors (98304K)
[2026-08-01T22:09:05.410+0900][6.056s][debug][gc,heap        ] GC(57)  Metaspace       used 9114K, committed 9600K, reserved 1114112K
[2026-08-01T22:09:05.410+0900][6.056s][debug][gc,heap        ] GC(57)   class space    used 821K, committed 1088K, reserved 1048576K
[2026-08-01T22:09:05.410+0900][6.057s][info ][gc             ] GC(57) Pause Young (Normal) (G1 Evacuation Pause) 1199M->393M(4864M) 19.167ms
[2026-08-01T22:09:05.410+0900][6.057s][info ][gc,cpu         ] GC(57) User=0.28s Sys=0.00s Real=0.02s
[2026-08-01T22:09:05.410+0900][6.057s][info ][safepoint      ] Safepoint "G1CollectForAllocation", Time since last: 326594599 ns, Reaching safepoint: 108000 ns, At safepoint: 19222401 ns, Total: 19330401 ns
[2026-08-01T22:09:05.757+0900][6.404s][info ][gc,start       ] GC(58) Pause Young (Normal) (G1 Evacuation Pause)
[2026-08-01T22:09:05.757+0900][6.404s][debug][gc,heap        ] GC(58) Heap before GC invocations=58 (full 32):
[2026-08-01T22:09:05.757+0900][6.404s][debug][gc,heap        ] GC(58)  garbage-first heap   total 4980736K, used 1287391K [0x000001da1e000000, 0x000002111e000000)
[2026-08-01T22:09:05.757+0900][6.404s][debug][gc,heap        ] GC(58)   region size 32768K, 30 young (983040K), 3 survivors (98304K)
[2026-08-01T22:09:05.757+0900][6.404s][debug][gc,heap        ] GC(58)  Metaspace       used 9114K, committed 9600K, reserved 1114112K
[2026-08-01T22:09:05.757+0900][6.404s][debug][gc,heap        ] GC(58)   class space    used 821K, committed 1088K, reserved 1048576K
[2026-08-01T22:09:05.757+0900][6.404s][info ][gc,task        ] GC(58) Using 18 workers of 18 for evacuation
[2026-08-01T22:09:05.770+0900][6.417s][info ][gc,phases      ] GC(58)   Pre Evacuate Collection Set: 0.1ms
[2026-08-01T22:09:05.770+0900][6.417s][info ][gc,phases      ] GC(58)   Merge Heap Roots: 0.1ms
[2026-08-01T22:09:05.770+0900][6.417s][info ][gc,phases      ] GC(58)   Evacuate Collection Set: 13.1ms
[2026-08-01T22:09:05.770+0900][6.417s][info ][gc,phases      ] GC(58)   Post Evacuate Collection Set: 0.2ms
[2026-08-01T22:09:05.770+0900][6.417s][info ][gc,phases      ] GC(58)   Other: 0.1ms
[2026-08-01T22:09:05.770+0900][6.417s][info ][gc,heap        ] GC(58) Eden regions: 27->0(27)
[2026-08-01T22:09:05.770+0900][6.417s][info ][gc,heap        ] GC(58) Survivor regions: 3->3(4)
[2026-08-01T22:09:05.770+0900][6.417s][info ][gc,heap        ] GC(58) Old regions: 11->11
[2026-08-01T22:09:05.770+0900][6.417s][info ][gc,heap        ] GC(58) Archive regions: 0->0
[2026-08-01T22:09:05.770+0900][6.417s][info ][gc,heap        ] GC(58) Humongous regions: 0->0
[2026-08-01T22:09:05.770+0900][6.417s][info ][gc,metaspace   ] GC(58) Metaspace: 9114K(9600K)->9114K(9600K) NonClass: 8292K(8512K)->8292K(8512K) Class: 821K(1088K)->821K(1088K)
[2026-08-01T22:09:05.770+0900][6.417s][debug][gc,heap        ] GC(58) Heap after GC invocations=59 (full 32):
[2026-08-01T22:09:05.770+0900][6.418s][debug][gc,heap        ] GC(58)  garbage-first heap   total 4980736K, used 434923K [0x000001da1e000000, 0x000002111e000000)
[2026-08-01T22:09:05.770+0900][6.418s][debug][gc,heap        ] GC(58)   region size 32768K, 3 young (98304K), 3 survivors (98304K)
[2026-08-01T22:09:05.770+0900][6.418s][debug][gc,heap        ] GC(58)  Metaspace       used 9114K, committed 9600K, reserved 1114112K
[2026-08-01T22:09:05.770+0900][6.418s][debug][gc,heap        ] GC(58)   class space    used 821K, committed 1088K, reserved 1048576K
[2026-08-01T22:09:05.770+0900][6.418s][info ][gc             ] GC(58) Pause Young (Normal) (G1 Evacuation Pause) 1257M->424M(4864M) 14.014ms
[2026-08-01T22:09:05.770+0900][6.418s][info ][gc,cpu         ] GC(58) User=0.27s Sys=0.02s Real=0.01s
[2026-08-01T22:09:05.770+0900][6.418s][info ][safepoint      ] Safepoint "G1CollectForAllocation", Time since last: 346873200 ns, Reaching safepoint: 104300 ns, At safepoint: 14056000 ns, Total: 14160300 ns
[2026-08-01T22:09:06.109+0900][6.756s][info ][gc,start       ] GC(59) Pause Young (Normal) (G1 Evacuation Pause)
[2026-08-01T22:09:06.110+0900][6.757s][debug][gc,heap        ] GC(59) Heap before GC invocations=59 (full 32):
[2026-08-01T22:09:06.110+0900][6.757s][debug][gc,heap        ] GC(59)  garbage-first heap   total 4980736K, used 1319659K [0x000001da1e000000, 0x000002111e000000)
[2026-08-01T22:09:06.110+0900][6.757s][debug][gc,heap        ] GC(59)   region size 32768K, 30 young (983040K), 3 survivors (98304K)
[2026-08-01T22:09:06.110+0900][6.757s][debug][gc,heap        ] GC(59)  Metaspace       used 9114K, committed 9600K, reserved 1114112K
[2026-08-01T22:09:06.110+0900][6.757s][debug][gc,heap        ] GC(59)   class space    used 821K, committed 1088K, reserved 1048576K
[2026-08-01T22:09:06.110+0900][6.757s][info ][gc,task        ] GC(59) Using 18 workers of 18 for evacuation
[2026-08-01T22:09:06.129+0900][6.776s][info ][gc,phases      ] GC(59)   Pre Evacuate Collection Set: 0.2ms
[2026-08-01T22:09:06.129+0900][6.776s][info ][gc,phases      ] GC(59)   Merge Heap Roots: 0.3ms
[2026-08-01T22:09:06.129+0900][6.776s][info ][gc,phases      ] GC(59)   Evacuate Collection Set: 14.4ms
[2026-08-01T22:09:06.129+0900][6.776s][info ][gc,phases      ] GC(59)   Post Evacuate Collection Set: 4.4ms
[2026-08-01T22:09:06.129+0900][6.776s][info ][gc,phases      ] GC(59)   Other: 0.1ms
[2026-08-01T22:09:06.129+0900][6.776s][info ][gc,heap        ] GC(59) Eden regions: 27->0(41)
[2026-08-01T22:09:06.129+0900][6.776s][info ][gc,heap        ] GC(59) Survivor regions: 3->3(4)
[2026-08-01T22:09:06.129+0900][6.776s][info ][gc,heap        ] GC(59) Old regions: 11->12
[2026-08-01T22:09:06.129+0900][6.776s][info ][gc,heap        ] GC(59) Archive regions: 0->0
[2026-08-01T22:09:06.129+0900][6.776s][info ][gc,heap        ] GC(59) Humongous regions: 0->0
[2026-08-01T22:09:06.129+0900][6.776s][info ][gc,metaspace   ] GC(59) Metaspace: 9114K(9600K)->9114K(9600K) NonClass: 8292K(8512K)->8292K(8512K) Class: 821K(1088K)->821K(1088K)
[2026-08-01T22:09:06.129+0900][6.776s][debug][gc,heap        ] GC(59) Heap after GC invocations=60 (full 32):
[2026-08-01T22:09:06.129+0900][6.776s][debug][gc,heap        ] GC(59)  garbage-first heap   total 7208960K, used 468314K [0x000001da1e000000, 0x000002111e000000)
[2026-08-01T22:09:06.129+0900][6.776s][debug][gc,heap        ] GC(59)   region size 32768K, 3 young (98304K), 3 survivors (98304K)
[2026-08-01T22:09:06.129+0900][6.776s][debug][gc,heap        ] GC(59)  Metaspace       used 9114K, committed 9600K, reserved 1114112K
[2026-08-01T22:09:06.129+0900][6.776s][debug][gc,heap        ] GC(59)   class space    used 821K, committed 1088K, reserved 1048576K
[2026-08-01T22:09:06.129+0900][6.776s][info ][gc             ] GC(59) Pause Young (Normal) (G1 Evacuation Pause) 1288M->457M(7040M) 19.989ms
[2026-08-01T22:09:06.129+0900][6.776s][info ][gc,cpu         ] GC(59) User=0.28s Sys=0.00s Real=0.02s
[2026-08-01T22:09:06.129+0900][6.777s][info ][safepoint      ] Safepoint "G1CollectForAllocation", Time since last: 338718500 ns, Reaching safepoint: 159200 ns, At safepoint: 20043300 ns, Total: 20202500 ns
[2026-08-01T22:09:06.920+0900][7.568s][info ][gc,start       ] GC(60) Pause Young (Normal) (G1 Evacuation Pause)
[2026-08-01T22:09:06.920+0900][7.568s][debug][gc,heap        ] GC(60) Heap before GC invocations=60 (full 32):
[2026-08-01T22:09:06.920+0900][7.568s][debug][gc,heap        ] GC(60)  garbage-first heap   total 7208960K, used 1811802K [0x000001da1e000000, 0x000002111e000000)
[2026-08-01T22:09:06.920+0900][7.568s][debug][gc,heap        ] GC(60)   region size 32768K, 44 young (1441792K), 3 survivors (98304K)
[2026-08-01T22:09:06.920+0900][7.568s][debug][gc,heap        ] GC(60)  Metaspace       used 9114K, committed 9600K, reserved 1114112K
[2026-08-01T22:09:06.920+0900][7.568s][debug][gc,heap        ] GC(60)   class space    used 821K, committed 1088K, reserved 1048576K
[2026-08-01T22:09:06.921+0900][7.568s][info ][gc,task        ] GC(60) Using 18 workers of 18 for evacuation
[2026-08-01T22:09:06.942+0900][7.589s][info ][gc,phases      ] GC(60)   Pre Evacuate Collection Set: 0.1ms
[2026-08-01T22:09:06.942+0900][7.589s][info ][gc,phases      ] GC(60)   Merge Heap Roots: 0.2ms
[2026-08-01T22:09:06.942+0900][7.589s][info ][gc,phases      ] GC(60)   Evacuate Collection Set: 20.2ms
[2026-08-01T22:09:06.942+0900][7.589s][info ][gc,phases      ] GC(60)   Post Evacuate Collection Set: 0.3ms
[2026-08-01T22:09:06.942+0900][7.589s][info ][gc,phases      ] GC(60)   Other: 0.1ms
[2026-08-01T22:09:06.942+0900][7.589s][info ][gc,heap        ] GC(60) Eden regions: 41->0(39)
[2026-08-01T22:09:06.942+0900][7.589s][info ][gc,heap        ] GC(60) Survivor regions: 3->5(6)
[2026-08-01T22:09:06.942+0900][7.589s][info ][gc,heap        ] GC(60) Old regions: 12->12
[2026-08-01T22:09:06.942+0900][7.589s][info ][gc,heap        ] GC(60) Archive regions: 0->0
[2026-08-01T22:09:06.942+0900][7.589s][info ][gc,heap        ] GC(60) Humongous regions: 0->0
[2026-08-01T22:09:06.942+0900][7.589s][info ][gc,metaspace   ] GC(60) Metaspace: 9114K(9600K)->9114K(9600K) NonClass: 8292K(8512K)->8292K(8512K) Class: 821K(1088K)->821K(1088K)
[2026-08-01T22:09:06.942+0900][7.589s][debug][gc,heap        ] GC(60) Heap after GC invocations=61 (full 32):
[2026-08-01T22:09:06.942+0900][7.589s][debug][gc,heap        ] GC(60)  garbage-first heap   total 7208960K, used 510963K [0x000001da1e000000, 0x000002111e000000)
[2026-08-01T22:09:06.942+0900][7.589s][debug][gc,heap        ] GC(60)   region size 32768K, 5 young (163840K), 5 survivors (163840K)
[2026-08-01T22:09:06.942+0900][7.589s][debug][gc,heap        ] GC(60)  Metaspace       used 9114K, committed 9600K, reserved 1114112K
[2026-08-01T22:09:06.942+0900][7.589s][debug][gc,heap        ] GC(60)   class space    used 821K, committed 1088K, reserved 1048576K
[2026-08-01T22:09:06.942+0900][7.589s][info ][gc             ] GC(60) Pause Young (Normal) (G1 Evacuation Pause) 1769M->498M(7040M) 21.223ms
[2026-08-01T22:09:06.942+0900][7.589s][info ][gc,cpu         ] GC(60) User=0.14s Sys=0.14s Real=0.02s
[2026-08-01T22:09:06.942+0900][7.589s][info ][safepoint      ] Safepoint "G1CollectForAllocation", Time since last: 791206700 ns, Reaching safepoint: 102300 ns, At safepoint: 21269300 ns, Total: 21371600 ns
[2026-08-01T22:09:07.440+0900][8.087s][info ][gc,start       ] GC(61) Pause Young (Normal) (G1 Evacuation Pause)
[2026-08-01T22:09:07.440+0900][8.087s][debug][gc,heap        ] GC(61) Heap before GC invocations=61 (full 32):
[2026-08-01T22:09:07.440+0900][8.087s][debug][gc,heap        ] GC(61)  garbage-first heap   total 7208960K, used 1788915K [0x000001da1e000000, 0x000002111e000000)
[2026-08-01T22:09:07.440+0900][8.087s][debug][gc,heap        ] GC(61)   region size 32768K, 44 young (1441792K), 5 survivors (163840K)
[2026-08-01T22:09:07.440+0900][8.087s][debug][gc,heap        ] GC(61)  Metaspace       used 9114K, committed 9600K, reserved 1114112K
[2026-08-01T22:09:07.440+0900][8.087s][debug][gc,heap        ] GC(61)   class space    used 821K, committed 1088K, reserved 1048576K
[2026-08-01T22:09:07.440+0900][8.087s][info ][gc,task        ] GC(61) Using 18 workers of 18 for evacuation
[2026-08-01T22:09:07.463+0900][8.110s][info ][gc,phases      ] GC(61)   Pre Evacuate Collection Set: 0.1ms
[2026-08-01T22:09:07.463+0900][8.110s][info ][gc,phases      ] GC(61)   Merge Heap Roots: 0.2ms
[2026-08-01T22:09:07.463+0900][8.110s][info ][gc,phases      ] GC(61)   Evacuate Collection Set: 22.4ms
[2026-08-01T22:09:07.463+0900][8.110s][info ][gc,phases      ] GC(61)   Post Evacuate Collection Set: 0.3ms
[2026-08-01T22:09:07.463+0900][8.111s][info ][gc,phases      ] GC(61)   Other: 0.1ms
[2026-08-01T22:09:07.463+0900][8.111s][info ][gc,heap        ] GC(61) Eden regions: 39->0(39)
[2026-08-01T22:09:07.463+0900][8.111s][info ][gc,heap        ] GC(61) Survivor regions: 5->5(6)
[2026-08-01T22:09:07.463+0900][8.111s][info ][gc,heap        ] GC(61) Old regions: 12->13
[2026-08-01T22:09:07.463+0900][8.111s][info ][gc,heap        ] GC(61) Archive regions: 0->0
[2026-08-01T22:09:07.463+0900][8.111s][info ][gc,heap        ] GC(61) Humongous regions: 0->0
[2026-08-01T22:09:07.463+0900][8.111s][info ][gc,metaspace   ] GC(61) Metaspace: 9114K(9600K)->9114K(9600K) NonClass: 8292K(8512K)->8292K(8512K) Class: 821K(1088K)->821K(1088K)
[2026-08-01T22:09:07.463+0900][8.111s][debug][gc,heap        ] GC(61) Heap after GC invocations=62 (full 32):
[2026-08-01T22:09:07.463+0900][8.111s][debug][gc,heap        ] GC(61)  garbage-first heap   total 7208960K, used 558794K [0x000001da1e000000, 0x000002111e000000)
[2026-08-01T22:09:07.463+0900][8.111s][debug][gc,heap        ] GC(61)   region size 32768K, 5 young (163840K), 5 survivors (163840K)
[2026-08-01T22:09:07.463+0900][8.111s][debug][gc,heap        ] GC(61)  Metaspace       used 9114K, committed 9600K, reserved 1114112K
[2026-08-01T22:09:07.463+0900][8.111s][debug][gc,heap        ] GC(61)   class space    used 821K, committed 1088K, reserved 1048576K
[2026-08-01T22:09:07.463+0900][8.111s][info ][gc             ] GC(61) Pause Young (Normal) (G1 Evacuation Pause) 1746M->545M(7040M) 23.396ms
[2026-08-01T22:09:07.463+0900][8.111s][info ][gc,cpu         ] GC(61) User=0.28s Sys=0.00s Real=0.02s
[2026-08-01T22:09:07.463+0900][8.111s][info ][safepoint      ] Safepoint "G1CollectForAllocation", Time since last: 498024300 ns, Reaching safepoint: 110199 ns, At safepoint: 23440500 ns, Total: 23550699 ns
[2026-08-01T22:09:07.954+0900][8.602s][info ][gc,start       ] GC(62) Pause Young (Normal) (G1 Evacuation Pause)
[2026-08-01T22:09:07.954+0900][8.602s][debug][gc,heap        ] GC(62) Heap before GC invocations=62 (full 32):
[2026-08-01T22:09:07.954+0900][8.602s][debug][gc,heap        ] GC(62)  garbage-first heap   total 7208960K, used 1836746K [0x000001da1e000000, 0x000002111e000000)
[2026-08-01T22:09:07.954+0900][8.602s][debug][gc,heap        ] GC(62)   region size 32768K, 44 young (1441792K), 5 survivors (163840K)
[2026-08-01T22:09:07.954+0900][8.602s][debug][gc,heap        ] GC(62)  Metaspace       used 9114K, committed 9600K, reserved 1114112K
[2026-08-01T22:09:07.954+0900][8.602s][debug][gc,heap        ] GC(62)   class space    used 821K, committed 1088K, reserved 1048576K
[2026-08-01T22:09:07.954+0900][8.602s][info ][gc,task        ] GC(62) Using 18 workers of 18 for evacuation
[2026-08-01T22:09:07.979+0900][8.626s][info ][gc,phases      ] GC(62)   Pre Evacuate Collection Set: 0.1ms
[2026-08-01T22:09:07.979+0900][8.626s][info ][gc,phases      ] GC(62)   Merge Heap Roots: 0.2ms
[2026-08-01T22:09:07.979+0900][8.626s][info ][gc,phases      ] GC(62)   Evacuate Collection Set: 23.0ms
[2026-08-01T22:09:07.979+0900][8.626s][info ][gc,phases      ] GC(62)   Post Evacuate Collection Set: 0.3ms
[2026-08-01T22:09:07.979+0900][8.626s][info ][gc,phases      ] GC(62)   Other: 0.1ms
[2026-08-01T22:09:07.979+0900][8.626s][info ][gc,heap        ] GC(62) Eden regions: 39->0(39)
[2026-08-01T22:09:07.979+0900][8.626s][info ][gc,heap        ] GC(62) Survivor regions: 5->5(6)
[2026-08-01T22:09:07.979+0900][8.626s][info ][gc,heap        ] GC(62) Old regions: 13->15
[2026-08-01T22:09:07.979+0900][8.626s][info ][gc,heap        ] GC(62) Archive regions: 0->0
[2026-08-01T22:09:07.979+0900][8.626s][info ][gc,heap        ] GC(62) Humongous regions: 0->0
[2026-08-01T22:09:07.979+0900][8.626s][info ][gc,metaspace   ] GC(62) Metaspace: 9114K(9600K)->9114K(9600K) NonClass: 8292K(8512K)->8292K(8512K) Class: 821K(1088K)->821K(1088K)
[2026-08-01T22:09:07.979+0900][8.626s][debug][gc,heap        ] GC(62) Heap after GC invocations=63 (full 32):
[2026-08-01T22:09:07.979+0900][8.626s][debug][gc,heap        ] GC(62)  garbage-first heap   total 7208960K, used 602334K [0x000001da1e000000, 0x000002111e000000)
[2026-08-01T22:09:07.979+0900][8.626s][debug][gc,heap        ] GC(62)   region size 32768K, 5 young (163840K), 5 survivors (163840K)
[2026-08-01T22:09:07.979+0900][8.626s][debug][gc,heap        ] GC(62)  Metaspace       used 9114K, committed 9600K, reserved 1114112K
[2026-08-01T22:09:07.979+0900][8.626s][debug][gc,heap        ] GC(62)   class space    used 821K, committed 1088K, reserved 1048576K
[2026-08-01T22:09:07.979+0900][8.626s][info ][gc             ] GC(62) Pause Young (Normal) (G1 Evacuation Pause) 1793M->588M(7040M) 23.939ms
[2026-08-01T22:09:07.979+0900][8.626s][info ][gc,cpu         ] GC(62) User=0.23s Sys=0.05s Real=0.03s
[2026-08-01T22:09:07.979+0900][8.626s][info ][safepoint      ] Safepoint "G1CollectForAllocation", Time since last: 491037201 ns, Reaching safepoint: 93299 ns, At safepoint: 23989701 ns, Total: 24083000 ns
[2026-08-01T22:09:08.469+0900][9.116s][info ][gc,start       ] GC(63) Pause Young (Normal) (G1 Evacuation Pause)
[2026-08-01T22:09:08.469+0900][9.116s][debug][gc,heap        ] GC(63) Heap before GC invocations=63 (full 32):
[2026-08-01T22:09:08.469+0900][9.116s][debug][gc,heap        ] GC(63)  garbage-first heap   total 7208960K, used 1880286K [0x000001da1e000000, 0x000002111e000000)
[2026-08-01T22:09:08.469+0900][9.116s][debug][gc,heap        ] GC(63)   region size 32768K, 44 young (1441792K), 5 survivors (163840K)
[2026-08-01T22:09:08.469+0900][9.116s][debug][gc,heap        ] GC(63)  Metaspace       used 9115K, committed 9600K, reserved 1114112K
[2026-08-01T22:09:08.469+0900][9.116s][debug][gc,heap        ] GC(63)   class space    used 821K, committed 1088K, reserved 1048576K
[2026-08-01T22:09:08.469+0900][9.116s][info ][gc,task        ] GC(63) Using 18 workers of 18 for evacuation
[2026-08-01T22:09:08.494+0900][9.141s][info ][gc,phases      ] GC(63)   Pre Evacuate Collection Set: 0.1ms
[2026-08-01T22:09:08.494+0900][9.141s][info ][gc,phases      ] GC(63)   Merge Heap Roots: 0.2ms
[2026-08-01T22:09:08.494+0900][9.141s][info ][gc,phases      ] GC(63)   Evacuate Collection Set: 18.5ms
[2026-08-01T22:09:08.494+0900][9.141s][info ][gc,phases      ] GC(63)   Post Evacuate Collection Set: 5.9ms
[2026-08-01T22:09:08.494+0900][9.141s][info ][gc,phases      ] GC(63)   Other: 0.1ms
[2026-08-01T22:09:08.494+0900][9.141s][info ][gc,heap        ] GC(63) Eden regions: 39->0(57)
[2026-08-01T22:09:08.494+0900][9.141s][info ][gc,heap        ] GC(63) Survivor regions: 5->5(6)
[2026-08-01T22:09:08.494+0900][9.141s][info ][gc,heap        ] GC(63) Old regions: 15->17
[2026-08-01T22:09:08.494+0900][9.141s][info ][gc,heap        ] GC(63) Archive regions: 0->0
[2026-08-01T22:09:08.494+0900][9.141s][info ][gc,heap        ] GC(63) Humongous regions: 0->0
[2026-08-01T22:09:08.494+0900][9.141s][info ][gc,metaspace   ] GC(63) Metaspace: 9115K(9600K)->9115K(9600K) NonClass: 8293K(8512K)->8293K(8512K) Class: 821K(1088K)->821K(1088K)
[2026-08-01T22:09:08.494+0900][9.141s][debug][gc,heap        ] GC(63) Heap after GC invocations=64 (full 32):
[2026-08-01T22:09:08.494+0900][9.141s][debug][gc,heap        ] GC(63)  garbage-first heap   total 10256384K, used 640556K [0x000001da1e000000, 0x000002111e000000)
[2026-08-01T22:09:08.494+0900][9.141s][debug][gc,heap        ] GC(63)   region size 32768K, 5 young (163840K), 5 survivors (163840K)
[2026-08-01T22:09:08.494+0900][9.141s][debug][gc,heap        ] GC(63)  Metaspace       used 9115K, committed 9600K, reserved 1114112K
[2026-08-01T22:09:08.494+0900][9.141s][debug][gc,heap        ] GC(63)   class space    used 821K, committed 1088K, reserved 1048576K
[2026-08-01T22:09:08.494+0900][9.141s][info ][gc             ] GC(63) Pause Young (Normal) (G1 Evacuation Pause) 1836M->625M(10016M) 25.118ms
[2026-08-01T22:09:08.494+0900][9.141s][info ][gc,cpu         ] GC(63) User=0.28s Sys=0.00s Real=0.02s
[2026-08-01T22:09:08.494+0900][9.141s][info ][safepoint      ] Safepoint "G1CollectForAllocation", Time since last: 490230300 ns, Reaching safepoint: 95999 ns, At safepoint: 25175201 ns, Total: 25271200 ns
[2026-08-01T22:09:09.499+0900][10.146s][info ][safepoint      ] Safepoint "Cleanup", Time since last: 1004305700 ns, Reaching safepoint: 131800 ns, At safepoint: 10899 ns, Total: 142699 ns
[2026-08-01T22:09:09.982+0900][10.628s][info ][gc,start       ] GC(64) Pause Young (Normal) (G1 Evacuation Pause)
[2026-08-01T22:09:09.982+0900][10.628s][debug][gc,heap        ] GC(64) Heap before GC invocations=64 (full 32):
[2026-08-01T22:09:09.982+0900][10.628s][debug][gc,heap        ] GC(64)  garbage-first heap   total 10256384K, used 2508332K [0x000001da1e000000, 0x000002111e000000)
[2026-08-01T22:09:09.982+0900][10.628s][debug][gc,heap        ] GC(64)   region size 32768K, 62 young (2031616K), 5 survivors (163840K)
[2026-08-01T22:09:09.982+0900][10.628s][debug][gc,heap        ] GC(64)  Metaspace       used 9122K, committed 9600K, reserved 1114112K
[2026-08-01T22:09:09.982+0900][10.628s][debug][gc,heap        ] GC(64)   class space    used 821K, committed 1088K, reserved 1048576K
[2026-08-01T22:09:09.982+0900][10.629s][info ][gc,task        ] GC(64) Using 18 workers of 18 for evacuation
[2026-08-01T22:09:10.109+0900][10.756s][info ][gc,phases      ] GC(64)   Pre Evacuate Collection Set: 0.1ms
[2026-08-01T22:09:10.109+0900][10.756s][info ][gc,phases      ] GC(64)   Merge Heap Roots: 0.3ms
[2026-08-01T22:09:10.109+0900][10.756s][info ][gc,phases      ] GC(64)   Evacuate Collection Set: 125.5ms
[2026-08-01T22:09:10.109+0900][10.756s][info ][gc,phases      ] GC(64)   Post Evacuate Collection Set: 1.3ms
[2026-08-01T22:09:10.109+0900][10.756s][info ][gc,phases      ] GC(64)   Other: 0.1ms
[2026-08-01T22:09:10.109+0900][10.756s][info ][gc,heap        ] GC(64) Eden regions: 57->0(54)
[2026-08-01T22:09:10.109+0900][10.756s][info ][gc,heap        ] GC(64) Survivor regions: 5->8(8)
[2026-08-01T22:09:10.109+0900][10.756s][info ][gc,heap        ] GC(64) Old regions: 17->29
[2026-08-01T22:09:10.109+0900][10.756s][info ][gc,heap        ] GC(64) Archive regions: 0->0
[2026-08-01T22:09:10.109+0900][10.756s][info ][gc,heap        ] GC(64) Humongous regions: 0->0
[2026-08-01T22:09:10.109+0900][10.756s][info ][gc,metaspace   ] GC(64) Metaspace: 9122K(9600K)->9122K(9600K) NonClass: 8300K(8512K)->8300K(8512K) Class: 821K(1088K)->821K(1088K)
[2026-08-01T22:09:10.109+0900][10.756s][debug][gc,heap        ] GC(64) Heap after GC invocations=65 (full 32):
[2026-08-01T22:09:10.109+0900][10.756s][debug][gc,heap        ] GC(64)  garbage-first heap   total 10256384K, used 1190702K [0x000001da1e000000, 0x000002111e000000)
[2026-08-01T22:09:10.109+0900][10.756s][debug][gc,heap        ] GC(64)   region size 32768K, 8 young (262144K), 8 survivors (262144K)
[2026-08-01T22:09:10.109+0900][10.756s][debug][gc,heap        ] GC(64)  Metaspace       used 9122K, committed 9600K, reserved 1114112K
[2026-08-01T22:09:10.109+0900][10.756s][debug][gc,heap        ] GC(64)   class space    used 821K, committed 1088K, reserved 1048576K
[2026-08-01T22:09:10.109+0900][10.756s][info ][gc             ] GC(64) Pause Young (Normal) (G1 Evacuation Pause) 2449M->1162M(10016M) 127.690ms
[2026-08-01T22:09:10.109+0900][10.756s][info ][gc,cpu         ] GC(64) User=2.02s Sys=0.23s Real=0.13s
[2026-08-01T22:09:10.109+0900][10.756s][info ][safepoint      ] Safepoint "G1CollectForAllocation", Time since last: 482536101 ns, Reaching safepoint: 102699 ns, At safepoint: 127750100 ns, Total: 127852799 ns
[2026-08-01T22:09:12.125+0900][12.771s][info ][safepoint      ] Safepoint "Cleanup", Time since last: 2015248201 ns, Reaching safepoint: 105299 ns, At safepoint: 10001 ns, Total: 115300 ns
[2026-08-01T22:09:13.128+0900][13.774s][info ][safepoint      ] Safepoint "Cleanup", Time since last: 1002873700 ns, Reaching safepoint: 93500 ns, At safepoint: 16699 ns, Total: 110199 ns
[2026-08-01T22:09:18.915+0900][19.562s][info ][gc,start       ] GC(65) Pause Young (Normal) (G1 Evacuation Pause)
[2026-08-01T22:09:18.915+0900][19.562s][debug][gc,heap        ] GC(65) Heap before GC invocations=65 (full 32):
[2026-08-01T22:09:18.915+0900][19.562s][debug][gc,heap        ] GC(65)  garbage-first heap   total 10256384K, used 2960174K [0x000001da1e000000, 0x000002111e000000)
[2026-08-01T22:09:18.915+0900][19.562s][debug][gc,heap        ] GC(65)   region size 32768K, 62 young (2031616K), 8 survivors (262144K)
[2026-08-01T22:09:18.915+0900][19.562s][debug][gc,heap        ] GC(65)  Metaspace       used 9132K, committed 9600K, reserved 1114112K
[2026-08-01T22:09:18.915+0900][19.562s][debug][gc,heap        ] GC(65)   class space    used 821K, committed 1088K, reserved 1048576K
[2026-08-01T22:09:18.915+0900][19.563s][info ][gc,task        ] GC(65) Using 18 workers of 18 for evacuation
[2026-08-01T22:09:19.095+0900][19.742s][info ][gc,phases      ] GC(65)   Pre Evacuate Collection Set: 0.1ms
[2026-08-01T22:09:19.095+0900][19.742s][info ][gc,phases      ] GC(65)   Merge Heap Roots: 2.9ms
[2026-08-01T22:09:19.095+0900][19.742s][info ][gc,phases      ] GC(65)   Evacuate Collection Set: 175.2ms
[2026-08-01T22:09:19.095+0900][19.742s][info ][gc,phases      ] GC(65)   Post Evacuate Collection Set: 1.0ms
[2026-08-01T22:09:19.095+0900][19.742s][info ][gc,phases      ] GC(65)   Other: 0.1ms
[2026-08-01T22:09:19.095+0900][19.742s][info ][gc,heap        ] GC(65) Eden regions: 54->0(54)
[2026-08-01T22:09:19.095+0900][19.742s][info ][gc,heap        ] GC(65) Survivor regions: 8->8(8)
[2026-08-01T22:09:19.095+0900][19.742s][info ][gc,heap        ] GC(65) Old regions: 29->54
[2026-08-01T22:09:19.095+0900][19.742s][info ][gc,heap        ] GC(65) Archive regions: 0->0
[2026-08-01T22:09:19.095+0900][19.742s][info ][gc,heap        ] GC(65) Humongous regions: 0->0
[2026-08-01T22:09:19.095+0900][19.742s][info ][gc,metaspace   ] GC(65) Metaspace: 9132K(9600K)->9132K(9600K) NonClass: 8310K(8512K)->8310K(8512K) Class: 821K(1088K)->821K(1088K)
[2026-08-01T22:09:19.095+0900][19.742s][debug][gc,heap        ] GC(65) Heap after GC invocations=66 (full 32):
[2026-08-01T22:09:19.095+0900][19.742s][debug][gc,heap        ] GC(65)  garbage-first heap   total 10256384K, used 2010775K [0x000001da1e000000, 0x000002111e000000)
[2026-08-01T22:09:19.095+0900][19.742s][debug][gc,heap        ] GC(65)   region size 32768K, 8 young (262144K), 8 survivors (262144K)
[2026-08-01T22:09:19.095+0900][19.742s][debug][gc,heap        ] GC(65)  Metaspace       used 9132K, committed 9600K, reserved 1114112K
[2026-08-01T22:09:19.095+0900][19.742s][debug][gc,heap        ] GC(65)   class space    used 821K, committed 1088K, reserved 1048576K
[2026-08-01T22:09:19.095+0900][19.742s][info ][gc             ] GC(65) Pause Young (Normal) (G1 Evacuation Pause) 2890M->1963M(10016M) 179.773ms
[2026-08-01T22:09:19.095+0900][19.742s][info ][gc,cpu         ] GC(65) User=2.67s Sys=0.44s Real=0.18s
[2026-08-01T22:09:19.095+0900][19.742s][info ][safepoint      ] Safepoint "G1CollectForAllocation", Time since last: 5787767600 ns, Reaching safepoint: 101101 ns, At safepoint: 179832800 ns, Total: 179933901 ns
[2026-08-01T22:09:20.103+0900][20.750s][info ][safepoint      ] Safepoint "Cleanup", Time since last: 1007814000 ns, Reaching safepoint: 127500 ns, At safepoint: 14900 ns, Total: 142400 ns
[2026-08-01T22:09:20.894+0900][21.541s][info ][gc,start       ] GC(66) Pause Young (Normal) (G1 Evacuation Pause)
[2026-08-01T22:09:20.894+0900][21.541s][debug][gc,heap        ] GC(66) Heap before GC invocations=66 (full 32):
[2026-08-01T22:09:20.894+0900][21.541s][debug][gc,heap        ] GC(66)  garbage-first heap   total 10256384K, used 3780247K [0x000001da1e000000, 0x000002111e000000)
[2026-08-01T22:09:20.894+0900][21.541s][debug][gc,heap        ] GC(66)   region size 32768K, 62 young (2031616K), 8 survivors (262144K)
[2026-08-01T22:09:20.894+0900][21.541s][debug][gc,heap        ] GC(66)  Metaspace       used 9160K, committed 9664K, reserved 1114112K
[2026-08-01T22:09:20.894+0900][21.541s][debug][gc,heap        ] GC(66)   class space    used 821K, committed 1088K, reserved 1048576K
[2026-08-01T22:09:20.894+0900][21.541s][info ][gc,task        ] GC(66) Using 18 workers of 18 for evacuation
[2026-08-01T22:09:21.023+0900][21.670s][info ][gc,phases      ] GC(66)   Pre Evacuate Collection Set: 0.1ms
[2026-08-01T22:09:21.023+0900][21.670s][info ][gc,phases      ] GC(66)   Merge Heap Roots: 2.1ms
[2026-08-01T22:09:21.023+0900][21.670s][info ][gc,phases      ] GC(66)   Evacuate Collection Set: 125.8ms
[2026-08-01T22:09:21.023+0900][21.670s][info ][gc,phases      ] GC(66)   Post Evacuate Collection Set: 0.5ms
[2026-08-01T22:09:21.023+0900][21.670s][info ][gc,phases      ] GC(66)   Other: 0.1ms
[2026-08-01T22:09:21.023+0900][21.670s][info ][gc,heap        ] GC(66) Eden regions: 54->0(54)
[2026-08-01T22:09:21.023+0900][21.670s][info ][gc,heap        ] GC(66) Survivor regions: 8->8(8)
[2026-08-01T22:09:21.023+0900][21.670s][info ][gc,heap        ] GC(66) Old regions: 54->76
[2026-08-01T22:09:21.023+0900][21.670s][info ][gc,heap        ] GC(66) Archive regions: 0->0
[2026-08-01T22:09:21.023+0900][21.670s][info ][gc,heap        ] GC(66) Humongous regions: 0->0
[2026-08-01T22:09:21.023+0900][21.670s][info ][gc,metaspace   ] GC(66) Metaspace: 9160K(9664K)->9160K(9664K) NonClass: 8338K(8576K)->8338K(8576K) Class: 821K(1088K)->821K(1088K)
[2026-08-01T22:09:21.023+0900][21.670s][debug][gc,heap        ] GC(66) Heap after GC invocations=67 (full 32):
[2026-08-01T22:09:21.023+0900][21.670s][debug][gc,heap        ] GC(66)  garbage-first heap   total 10256384K, used 2717653K [0x000001da1e000000, 0x000002111e000000)
[2026-08-01T22:09:21.023+0900][21.670s][debug][gc,heap        ] GC(66)   region size 32768K, 8 young (262144K), 8 survivors (262144K)
[2026-08-01T22:09:21.023+0900][21.670s][debug][gc,heap        ] GC(66)  Metaspace       used 9160K, committed 9664K, reserved 1114112K
[2026-08-01T22:09:21.023+0900][21.670s][debug][gc,heap        ] GC(66)   class space    used 821K, committed 1088K, reserved 1048576K
[2026-08-01T22:09:21.023+0900][21.670s][info ][gc             ] GC(66) Pause Young (Normal) (G1 Evacuation Pause) 3691M->2653M(10016M) 129.044ms
[2026-08-01T22:09:21.023+0900][21.670s][info ][gc,cpu         ] GC(66) User=2.19s Sys=0.06s Real=0.13s
[2026-08-01T22:09:21.023+0900][21.670s][info ][safepoint      ] Safepoint "G1CollectForAllocation", Time since last: 790950000 ns, Reaching safepoint: 96900 ns, At safepoint: 129100999 ns, Total: 129197899 ns
[2026-08-01T22:09:22.026+0900][22.673s][info ][safepoint      ] Safepoint "Cleanup", Time since last: 1002795000 ns, Reaching safepoint: 90201 ns, At safepoint: 9099 ns, Total: 99300 ns
[2026-08-01T22:09:22.601+0900][23.248s][info ][gc,start       ] GC(67) Pause Young (Normal) (G1 Evacuation Pause)
[2026-08-01T22:09:22.601+0900][23.248s][debug][gc,heap        ] GC(67) Heap before GC invocations=67 (full 32):
[2026-08-01T22:09:22.601+0900][23.248s][debug][gc,heap        ] GC(67)  garbage-first heap   total 10256384K, used 4487125K [0x000001da1e000000, 0x000002111e000000)
[2026-08-01T22:09:22.601+0900][23.248s][debug][gc,heap        ] GC(67)   region size 32768K, 62 young (2031616K), 8 survivors (262144K)
[2026-08-01T22:09:22.601+0900][23.248s][debug][gc,heap        ] GC(67)  Metaspace       used 9179K, committed 9728K, reserved 1114112K
[2026-08-01T22:09:22.601+0900][23.248s][debug][gc,heap        ] GC(67)   class space    used 822K, committed 1088K, reserved 1048576K
[2026-08-01T22:09:22.601+0900][23.248s][info ][gc,task        ] GC(67) Using 18 workers of 18 for evacuation
[2026-08-01T22:09:22.767+0900][23.415s][info ][gc,phases      ] GC(67)   Pre Evacuate Collection Set: 0.1ms
[2026-08-01T22:09:22.767+0900][23.415s][info ][gc,phases      ] GC(67)   Merge Heap Roots: 0.6ms
[2026-08-01T22:09:22.767+0900][23.415s][info ][gc,phases      ] GC(67)   Evacuate Collection Set: 154.4ms
[2026-08-01T22:09:22.767+0900][23.415s][info ][gc,phases      ] GC(67)   Post Evacuate Collection Set: 11.4ms
[2026-08-01T22:09:22.767+0900][23.415s][info ][gc,phases      ] GC(67)   Other: 0.1ms
[2026-08-01T22:09:22.767+0900][23.415s][info ][gc,heap        ] GC(67) Eden regions: 54->0(55)
[2026-08-01T22:09:22.767+0900][23.415s][info ][gc,heap        ] GC(67) Survivor regions: 8->8(8)
[2026-08-01T22:09:22.767+0900][23.415s][info ][gc,heap        ] GC(67) Old regions: 76->107
[2026-08-01T22:09:22.767+0900][23.415s][info ][gc,heap        ] GC(67) Archive regions: 0->0
[2026-08-01T22:09:22.767+0900][23.415s][info ][gc,heap        ] GC(67) Humongous regions: 0->0
[2026-08-01T22:09:22.767+0900][23.415s][info ][gc,metaspace   ] GC(67) Metaspace: 9179K(9728K)->9179K(9728K) NonClass: 8356K(8640K)->8356K(8640K) Class: 822K(1088K)->822K(1088K)
[2026-08-01T22:09:22.767+0900][23.415s][debug][gc,heap        ] GC(67) Heap after GC invocations=68 (full 32):
[2026-08-01T22:09:22.767+0900][23.415s][debug][gc,heap        ] GC(67)  garbage-first heap   total 16056320K, used 3751563K [0x000001da1e000000, 0x000002111e000000)
[2026-08-01T22:09:22.767+0900][23.415s][debug][gc,heap        ] GC(67)   region size 32768K, 8 young (262144K), 8 survivors (262144K)
[2026-08-01T22:09:22.767+0900][23.415s][debug][gc,heap        ] GC(67)  Metaspace       used 9179K, committed 9728K, reserved 1114112K
[2026-08-01T22:09:22.767+0900][23.415s][debug][gc,heap        ] GC(67)   class space    used 822K, committed 1088K, reserved 1048576K
[2026-08-01T22:09:22.767+0900][23.415s][info ][gc             ] GC(67) Pause Young (Normal) (G1 Evacuation Pause) 4381M->3663M(15680M) 167.029ms
[2026-08-01T22:09:22.768+0900][23.415s][info ][gc,cpu         ] GC(67) User=2.66s Sys=0.17s Real=0.17s
[2026-08-01T22:09:22.768+0900][23.415s][info ][safepoint      ] Safepoint "G1CollectForAllocation", Time since last: 574733701 ns, Reaching safepoint: 103600 ns, At safepoint: 167096900 ns, Total: 167200500 ns
[2026-08-01T22:09:23.779+0900][24.426s][info ][safepoint      ] Safepoint "Cleanup", Time since last: 1011040600 ns, Reaching safepoint: 87799 ns, At safepoint: 11500 ns, Total: 99299 ns
[2026-08-01T22:09:25.330+0900][25.976s][info ][gc,start       ] GC(68) Pause Young (Normal) (G1 Evacuation Pause)
[2026-08-01T22:09:25.330+0900][25.977s][debug][gc,heap        ] GC(68) Heap before GC invocations=68 (full 32):
[2026-08-01T22:09:25.330+0900][25.977s][debug][gc,heap        ] GC(68)  garbage-first heap   total 16056320K, used 5357195K [0x000001da1e000000, 0x000002111e000000)
[2026-08-01T22:09:25.330+0900][25.977s][debug][gc,heap        ] GC(68)   region size 32768K, 57 young (1867776K), 8 survivors (262144K)
[2026-08-01T22:09:25.330+0900][25.977s][debug][gc,heap        ] GC(68)  Metaspace       used 9322K, committed 9792K, reserved 1114112K
[2026-08-01T22:09:25.330+0900][25.977s][debug][gc,heap        ] GC(68)   class space    used 835K, committed 1088K, reserved 1048576K
[2026-08-01T22:09:25.330+0900][25.977s][info ][gc,task        ] GC(68) Using 18 workers of 18 for evacuation
[2026-08-01T22:09:25.510+0900][26.158s][info ][gc,phases      ] GC(68)   Pre Evacuate Collection Set: 0.1ms
[2026-08-01T22:09:25.510+0900][26.158s][info ][gc,phases      ] GC(68)   Merge Heap Roots: 0.8ms
[2026-08-01T22:09:25.511+0900][26.158s][info ][gc,phases      ] GC(68)   Evacuate Collection Set: 178.6ms
[2026-08-01T22:09:25.511+0900][26.158s][info ][gc,phases      ] GC(68)   Post Evacuate Collection Set: 1.2ms
[2026-08-01T22:09:25.511+0900][26.158s][info ][gc,phases      ] GC(68)   Other: 0.1ms
[2026-08-01T22:09:25.511+0900][26.158s][info ][gc,heap        ] GC(68) Eden regions: 49->0(46)
[2026-08-01T22:09:25.511+0900][26.158s][info ][gc,heap        ] GC(68) Survivor regions: 8->8(8)
[2026-08-01T22:09:25.511+0900][26.158s][info ][gc,heap        ] GC(68) Old regions: 107->130
[2026-08-01T22:09:25.511+0900][26.158s][info ][gc,heap        ] GC(68) Archive regions: 0->0
[2026-08-01T22:09:25.511+0900][26.158s][info ][gc,heap        ] GC(68) Humongous regions: 0->0
[2026-08-01T22:09:25.511+0900][26.158s][info ][gc,metaspace   ] GC(68) Metaspace: 9322K(9792K)->9322K(9792K) NonClass: 8486K(8704K)->8486K(8704K) Class: 835K(1088K)->835K(1088K)
[2026-08-01T22:09:25.511+0900][26.158s][debug][gc,heap        ] GC(68) Heap after GC invocations=69 (full 32):
[2026-08-01T22:09:25.511+0900][26.158s][debug][gc,heap        ] GC(68)  garbage-first heap   total 16056320K, used 4502438K [0x000001da1e000000, 0x000002111e000000)
[2026-08-01T22:09:25.511+0900][26.158s][debug][gc,heap        ] GC(68)   region size 32768K, 8 young (262144K), 8 survivors (262144K)
[2026-08-01T22:09:25.511+0900][26.158s][debug][gc,heap        ] GC(68)  Metaspace       used 9322K, committed 9792K, reserved 1114112K
[2026-08-01T22:09:25.511+0900][26.158s][debug][gc,heap        ] GC(68)   class space    used 835K, committed 1088K, reserved 1048576K
[2026-08-01T22:09:25.511+0900][26.158s][info ][gc             ] GC(68) Pause Young (Normal) (G1 Evacuation Pause) 5231M->4396M(15680M) 181.320ms
[2026-08-01T22:09:25.511+0900][26.158s][info ][gc,cpu         ] GC(68) User=2.41s Sys=0.28s Real=0.18s
[2026-08-01T22:09:25.511+0900][26.158s][info ][safepoint      ] Safepoint "G1CollectForAllocation", Time since last: 1550183401 ns, Reaching safepoint: 48600 ns, At safepoint: 181374500 ns, Total: 181423100 ns
[2026-08-01T22:09:25.700+0900][26.347s][info ][gc,start       ] GC(69) Pause Full (System.gc())
[2026-08-01T22:09:25.700+0900][26.347s][debug][gc,heap        ] GC(69) Heap before GC invocations=69 (full 32):
[2026-08-01T22:09:25.700+0900][26.347s][debug][gc,heap        ] GC(69)  garbage-first heap   total 16056320K, used 4633510K [0x000001da1e000000, 0x000002111e000000)
[2026-08-01T22:09:25.700+0900][26.347s][debug][gc,heap        ] GC(69)   region size 32768K, 13 young (425984K), 8 survivors (262144K)
[2026-08-01T22:09:25.700+0900][26.347s][debug][gc,heap        ] GC(69)  Metaspace       used 9326K, committed 9856K, reserved 1114112K
[2026-08-01T22:09:25.700+0900][26.347s][debug][gc,heap        ] GC(69)   class space    used 836K, committed 1088K, reserved 1048576K
[2026-08-01T22:09:25.700+0900][26.347s][info ][gc,task        ] GC(69) Using 18 workers of 18 for full compaction
[2026-08-01T22:09:25.700+0900][26.348s][info ][gc,phases,start] GC(69) Phase 1: Mark live objects
[2026-08-01T22:09:25.818+0900][26.465s][info ][gc,phases      ] GC(69) Phase 1: Mark live objects 117.765ms
[2026-08-01T22:09:25.818+0900][26.465s][info ][gc,phases,start] GC(69) Phase 2: Prepare for compaction
[2026-08-01T22:09:25.846+0900][26.493s][info ][gc,phases      ] GC(69) Phase 2: Prepare for compaction 27.994ms
[2026-08-01T22:09:25.846+0900][26.493s][info ][gc,phases,start] GC(69) Phase 3: Adjust pointers
[2026-08-01T22:09:25.901+0900][26.547s][info ][gc,phases      ] GC(69) Phase 3: Adjust pointers 54.054ms
[2026-08-01T22:09:25.901+0900][26.548s][info ][gc,phases,start] GC(69) Phase 4: Compact heap
[2026-08-01T22:09:25.934+0900][26.581s][info ][gc,phases      ] GC(69) Phase 4: Compact heap 33.208ms
[2026-08-01T22:09:25.969+0900][26.616s][debug][gc,heap        ] GC(69) Uncommittable regions after shrink: 336
[2026-08-01T22:09:25.971+0900][26.618s][info ][gc,heap        ] GC(69) Eden regions: 5->0(30)
[2026-08-01T22:09:25.971+0900][26.618s][info ][gc,heap        ] GC(69) Survivor regions: 8->0(8)
[2026-08-01T22:09:25.971+0900][26.618s][info ][gc,heap        ] GC(69) Old regions: 130->46
[2026-08-01T22:09:25.971+0900][26.618s][info ][gc,heap        ] GC(69) Archive regions: 0->0
[2026-08-01T22:09:25.971+0900][26.618s][info ][gc,heap        ] GC(69) Humongous regions: 0->0
[2026-08-01T22:09:25.971+0900][26.618s][info ][gc,metaspace   ] GC(69) Metaspace: 9326K(9856K)->9326K(9856K) NonClass: 8490K(8768K)->8490K(8768K) Class: 836K(1088K)->836K(1088K)
[2026-08-01T22:09:25.971+0900][26.618s][debug][gc,heap        ] GC(69) Heap after GC invocations=70 (full 33):
[2026-08-01T22:09:25.971+0900][26.618s][debug][gc,heap        ] GC(69)  garbage-first heap   total 5046272K, used 1196936K [0x000001da1e000000, 0x000002111e000000)
[2026-08-01T22:09:25.971+0900][26.618s][debug][gc,heap        ] GC(69)   region size 32768K, 0 young (0K), 0 survivors (0K)
[2026-08-01T22:09:25.971+0900][26.618s][debug][gc,heap        ] GC(69)  Metaspace       used 9326K, committed 9856K, reserved 1114112K
[2026-08-01T22:09:25.971+0900][26.618s][debug][gc,heap        ] GC(69)   class space    used 836K, committed 1088K, reserved 1048576K
[2026-08-01T22:09:25.971+0900][26.618s][info ][gc             ] GC(69) Pause Full (System.gc()) 4540M->1168M(4928M) 271.239ms
[2026-08-01T22:09:25.971+0900][26.618s][info ][gc,cpu         ] GC(69) User=3.72s Sys=0.52s Real=0.27s
[2026-08-01T22:09:25.971+0900][26.618s][info ][safepoint      ] Safepoint "G1CollectFull", Time since last: 189174600 ns, Reaching safepoint: 92499 ns, At safepoint: 271377501 ns, Total: 271470000 ns
[2026-08-01T22:09:26.822+0900][27.470s][info ][gc,start       ] GC(70) Pause Young (Normal) (G1 Evacuation Pause)
[2026-08-01T22:09:26.822+0900][27.470s][debug][gc,heap        ] GC(70) Heap before GC invocations=70 (full 33):
[2026-08-01T22:09:26.822+0900][27.470s][debug][gc,heap        ] GC(70)  garbage-first heap   total 5046272K, used 2179976K [0x000001da1e000000, 0x000002111e000000)
[2026-08-01T22:09:26.822+0900][27.470s][debug][gc,heap        ] GC(70)   region size 32768K, 30 young (983040K), 0 survivors (0K)
[2026-08-01T22:09:26.822+0900][27.470s][debug][gc,heap        ] GC(70)  Metaspace       used 9334K, committed 9856K, reserved 1114112K
[2026-08-01T22:09:26.822+0900][27.470s][debug][gc,heap        ] GC(70)   class space    used 836K, committed 1088K, reserved 1048576K
[2026-08-01T22:09:26.822+0900][27.470s][info ][gc,task        ] GC(70) Using 18 workers of 18 for evacuation
[2026-08-01T22:09:26.905+0900][27.552s][info ][gc,phases      ] GC(70)   Pre Evacuate Collection Set: 0.1ms
[2026-08-01T22:09:26.905+0900][27.552s][info ][gc,phases      ] GC(70)   Merge Heap Roots: 0.4ms
[2026-08-01T22:09:26.905+0900][27.552s][info ][gc,phases      ] GC(70)   Evacuate Collection Set: 81.2ms
[2026-08-01T22:09:26.905+0900][27.552s][info ][gc,phases      ] GC(70)   Post Evacuate Collection Set: 0.7ms
[2026-08-01T22:09:26.905+0900][27.552s][info ][gc,phases      ] GC(70)   Other: 0.1ms
[2026-08-01T22:09:26.905+0900][27.552s][info ][gc,heap        ] GC(70) Eden regions: 30->0(26)
[2026-08-01T22:09:26.905+0900][27.552s][info ][gc,heap        ] GC(70) Survivor regions: 0->4(4)
[2026-08-01T22:09:26.905+0900][27.552s][info ][gc,heap        ] GC(70) Old regions: 46->60
[2026-08-01T22:09:26.905+0900][27.552s][info ][gc,heap        ] GC(70) Archive regions: 0->0
[2026-08-01T22:09:26.905+0900][27.552s][info ][gc,heap        ] GC(70) Humongous regions: 0->0
[2026-08-01T22:09:26.905+0900][27.552s][info ][gc,metaspace   ] GC(70) Metaspace: 9334K(9856K)->9334K(9856K) NonClass: 8498K(8768K)->8498K(8768K) Class: 836K(1088K)->836K(1088K)
[2026-08-01T22:09:26.905+0900][27.552s][debug][gc,heap        ] GC(70) Heap after GC invocations=71 (full 33):
[2026-08-01T22:09:26.905+0900][27.552s][debug][gc,heap        ] GC(70)  garbage-first heap   total 5046272K, used 1786760K [0x000001da1e000000, 0x000002111e000000)
[2026-08-01T22:09:26.905+0900][27.552s][debug][gc,heap        ] GC(70)   region size 32768K, 4 young (131072K), 4 survivors (131072K)
[2026-08-01T22:09:26.905+0900][27.552s][debug][gc,heap        ] GC(70)  Metaspace       used 9334K, committed 9856K, reserved 1114112K
[2026-08-01T22:09:26.905+0900][27.552s][debug][gc,heap        ] GC(70)   class space    used 836K, committed 1088K, reserved 1048576K
[2026-08-01T22:09:26.905+0900][27.553s][info ][gc             ] GC(70) Pause Young (Normal) (G1 Evacuation Pause) 2128M->1744M(4928M) 82.870ms
[2026-08-01T22:09:26.905+0900][27.553s][info ][gc,cpu         ] GC(70) User=1.69s Sys=0.00s Real=0.08s
[2026-08-01T22:09:26.905+0900][27.553s][info ][safepoint      ] Safepoint "G1CollectForAllocation", Time since last: 851012700 ns, Reaching safepoint: 106100 ns, At safepoint: 82927000 ns, Total: 83033100 ns
[2026-08-01T22:09:27.725+0900][28.372s][info ][gc,start       ] GC(71) Pause Young (Normal) (G1 Evacuation Pause)
[2026-08-01T22:09:27.725+0900][28.372s][debug][gc,heap        ] GC(71) Heap before GC invocations=71 (full 33):
[2026-08-01T22:09:27.725+0900][28.372s][debug][gc,heap        ] GC(71)  garbage-first heap   total 5046272K, used 2638728K [0x000001da1e000000, 0x000002111e000000)
[2026-08-01T22:09:27.725+0900][28.372s][debug][gc,heap        ] GC(71)   region size 32768K, 30 young (983040K), 4 survivors (131072K)
[2026-08-01T22:09:27.725+0900][28.372s][debug][gc,heap        ] GC(71)  Metaspace       used 9336K, committed 9856K, reserved 1114112K
[2026-08-01T22:09:27.725+0900][28.372s][debug][gc,heap        ] GC(71)   class space    used 836K, committed 1088K, reserved 1048576K
[2026-08-01T22:09:27.725+0900][28.372s][info ][gc,task        ] GC(71) Using 18 workers of 18 for evacuation
[2026-08-01T22:09:27.824+0900][28.471s][info ][gc,phases      ] GC(71)   Pre Evacuate Collection Set: 0.1ms
[2026-08-01T22:09:27.824+0900][28.471s][info ][gc,phases      ] GC(71)   Merge Heap Roots: 1.5ms
[2026-08-01T22:09:27.824+0900][28.471s][info ][gc,phases      ] GC(71)   Evacuate Collection Set: 96.3ms
[2026-08-01T22:09:27.824+0900][28.471s][info ][gc,phases      ] GC(71)   Post Evacuate Collection Set: 0.9ms
[2026-08-01T22:09:27.824+0900][28.471s][info ][gc,phases      ] GC(71)   Other: 0.1ms
[2026-08-01T22:09:27.824+0900][28.471s][info ][gc,heap        ] GC(71) Eden regions: 26->0(23)
[2026-08-01T22:09:27.824+0900][28.471s][info ][gc,heap        ] GC(71) Survivor regions: 4->4(4)
[2026-08-01T22:09:27.824+0900][28.471s][info ][gc,heap        ] GC(71) Old regions: 60->78
[2026-08-01T22:09:27.824+0900][28.471s][info ][gc,heap        ] GC(71) Archive regions: 0->0
[2026-08-01T22:09:27.824+0900][28.471s][info ][gc,heap        ] GC(71) Humongous regions: 0->0
[2026-08-01T22:09:27.824+0900][28.471s][info ][gc,metaspace   ] GC(71) Metaspace: 9336K(9856K)->9336K(9856K) NonClass: 8499K(8768K)->8499K(8768K) Class: 836K(1088K)->836K(1088K)
[2026-08-01T22:09:27.824+0900][28.471s][debug][gc,heap        ] GC(71) Heap after GC invocations=72 (full 33):
[2026-08-01T22:09:27.824+0900][28.471s][debug][gc,heap        ] GC(71)  garbage-first heap   total 5046272K, used 2369835K [0x000001da1e000000, 0x000002111e000000)
[2026-08-01T22:09:27.824+0900][28.471s][debug][gc,heap        ] GC(71)   region size 32768K, 4 young (131072K), 4 survivors (131072K)
[2026-08-01T22:09:27.824+0900][28.471s][debug][gc,heap        ] GC(71)  Metaspace       used 9336K, committed 9856K, reserved 1114112K
[2026-08-01T22:09:27.824+0900][28.471s][debug][gc,heap        ] GC(71)   class space    used 836K, committed 1088K, reserved 1048576K
[2026-08-01T22:09:27.824+0900][28.471s][info ][gc             ] GC(71) Pause Young (Normal) (G1 Evacuation Pause) 2576M->2314M(4928M) 99.236ms
[2026-08-01T22:09:27.824+0900][28.471s][info ][gc,cpu         ] GC(71) User=1.69s Sys=0.00s Real=0.10s
[2026-08-01T22:09:27.824+0900][28.471s][info ][safepoint      ] Safepoint "G1CollectForAllocation", Time since last: 813410600 ns, Reaching safepoint: 6048100 ns, At safepoint: 99291900 ns, Total: 105340000 ns
[2026-08-01T22:09:28.148+0900][28.795s][debug][gc,heap        ] Concurrent Uncommit Summary: 10752M, 336 regions, 381.913ms
[2026-08-01T22:09:28.831+0900][29.478s][info ][safepoint      ] Safepoint "Cleanup", Time since last: 1006086000 ns, Reaching safepoint: 107200 ns, At safepoint: 13399 ns, Total: 120599 ns
[2026-08-01T22:09:29.204+0900][29.851s][info ][gc,start       ] GC(72) Pause Young (Concurrent Start) (G1 Evacuation Pause)
[2026-08-01T22:09:29.204+0900][29.851s][debug][gc,heap        ] GC(72) Heap before GC invocations=72 (full 33):
[2026-08-01T22:09:29.204+0900][29.851s][debug][gc,heap        ] GC(72)  garbage-first heap   total 5046272K, used 3123499K [0x000001da1e000000, 0x000002111e000000)
[2026-08-01T22:09:29.204+0900][29.851s][debug][gc,heap        ] GC(72)   region size 32768K, 27 young (884736K), 4 survivors (131072K)
[2026-08-01T22:09:29.204+0900][29.851s][debug][gc,heap        ] GC(72)  Metaspace       used 9400K, committed 9856K, reserved 1114112K
[2026-08-01T22:09:29.204+0900][29.851s][debug][gc,heap        ] GC(72)   class space    used 843K, committed 1088K, reserved 1048576K
[2026-08-01T22:09:29.204+0900][29.851s][info ][gc,task        ] GC(72) Using 18 workers of 18 for evacuation
[2026-08-01T22:09:29.285+0900][29.932s][info ][gc,phases      ] GC(72)   Pre Evacuate Collection Set: 0.3ms
[2026-08-01T22:09:29.285+0900][29.932s][info ][gc,phases      ] GC(72)   Merge Heap Roots: 2.0ms
[2026-08-01T22:09:29.285+0900][29.932s][info ][gc,phases      ] GC(72)   Evacuate Collection Set: 62.9ms
[2026-08-01T22:09:29.285+0900][29.932s][info ][gc,phases      ] GC(72)   Post Evacuate Collection Set: 15.4ms
[2026-08-01T22:09:29.285+0900][29.932s][info ][gc,phases      ] GC(72)   Other: 0.1ms
[2026-08-01T22:09:29.285+0900][29.932s][info ][gc,heap        ] GC(72) Eden regions: 23->0(45)
[2026-08-01T22:09:29.285+0900][29.932s][info ][gc,heap        ] GC(72) Survivor regions: 4->4(4)
[2026-08-01T22:09:29.285+0900][29.932s][info ][gc,heap        ] GC(72) Old regions: 78->87
[2026-08-01T22:09:29.285+0900][29.932s][info ][gc,heap        ] GC(72) Archive regions: 0->0
[2026-08-01T22:09:29.285+0900][29.932s][info ][gc,heap        ] GC(72) Humongous regions: 0->0
[2026-08-01T22:09:29.285+0900][29.932s][info ][gc,metaspace   ] GC(72) Metaspace: 9400K(9856K)->9400K(9856K) NonClass: 8557K(8768K)->8557K(8768K) Class: 843K(1088K)->843K(1088K)
[2026-08-01T22:09:29.285+0900][29.932s][debug][gc,heap        ] GC(72) Heap after GC invocations=73 (full 33):
[2026-08-01T22:09:29.285+0900][29.932s][debug][gc,heap        ] GC(72)  garbage-first heap   total 13205504K, used 2666711K [0x000001da1e000000, 0x000002111e000000)
[2026-08-01T22:09:29.285+0900][29.932s][debug][gc,heap        ] GC(72)   region size 32768K, 4 young (131072K), 4 survivors (131072K)
[2026-08-01T22:09:29.285+0900][29.932s][debug][gc,heap        ] GC(72)  Metaspace       used 9400K, committed 9856K, reserved 1114112K
[2026-08-01T22:09:29.285+0900][29.932s][debug][gc,heap        ] GC(72)   class space    used 843K, committed 1088K, reserved 1048576K
[2026-08-01T22:09:29.285+0900][29.932s][info ][gc             ] GC(72) Pause Young (Concurrent Start) (G1 Evacuation Pause) 3050M->2604M(12896M) 81.093ms
[2026-08-01T22:09:29.285+0900][29.932s][info ][gc,cpu         ] GC(72) User=1.12s Sys=0.02s Real=0.08s
[2026-08-01T22:09:29.285+0900][29.932s][info ][gc             ] GC(73) Concurrent Mark Cycle
[2026-08-01T22:09:29.285+0900][29.932s][info ][safepoint      ] Safepoint "G1CollectForAllocation", Time since last: 373641601 ns, Reaching safepoint: 105600 ns, At safepoint: 81168100 ns, Total: 81273700 ns
[2026-08-01T22:09:29.285+0900][29.932s][info ][gc,marking     ] GC(73) Concurrent Clear Claimed Marks
[2026-08-01T22:09:29.285+0900][29.933s][info ][gc,marking     ] GC(73) Concurrent Clear Claimed Marks 0.078ms
[2026-08-01T22:09:29.285+0900][29.933s][info ][gc,marking     ] GC(73) Concurrent Scan Root Regions
[2026-08-01T22:09:29.358+0900][30.006s][info ][gc,marking     ] GC(73) Concurrent Scan Root Regions 73.101ms
[2026-08-01T22:09:29.358+0900][30.006s][info ][gc,marking     ] GC(73) Concurrent Mark
[2026-08-01T22:09:29.358+0900][30.006s][info ][gc,marking     ] GC(73) Concurrent Mark From Roots
[2026-08-01T22:09:29.358+0900][30.006s][info ][gc,task        ] GC(73) Using 5 workers of 5 for marking
[2026-08-01T22:09:29.748+0900][30.395s][info ][gc,marking     ] GC(73) Concurrent Mark From Roots 389.415ms
[2026-08-01T22:09:29.748+0900][30.395s][info ][gc,marking     ] GC(73) Concurrent Preclean
[2026-08-01T22:09:29.748+0900][30.395s][info ][gc,marking     ] GC(73) Concurrent Preclean 0.048ms
[2026-08-01T22:09:29.748+0900][30.395s][info ][gc,start       ] GC(73) Pause Remark
[2026-08-01T22:09:29.749+0900][30.397s][debug][gc,heap        ] GC(73) Uncommittable regions after shrink: 76
[2026-08-01T22:09:29.749+0900][30.397s][info ][gc             ] GC(73) Pause Remark 2825M->2825M(10464M) 1.287ms
[2026-08-01T22:09:29.749+0900][30.397s][info ][gc,cpu         ] GC(73) User=0.00s Sys=0.00s Real=0.00s
[2026-08-01T22:09:29.749+0900][30.397s][info ][safepoint      ] Safepoint "G1Concurrent", Time since last: 462853799 ns, Reaching safepoint: 113501 ns, At safepoint: 1332900 ns, Total: 1446401 ns
[2026-08-01T22:09:29.749+0900][30.397s][info ][gc,marking     ] GC(73) Concurrent Mark 391.045ms
[2026-08-01T22:09:29.749+0900][30.397s][info ][gc,marking     ] GC(73) Concurrent Rebuild Remembered Sets
[2026-08-01T22:09:30.063+0900][30.710s][info ][gc,marking     ] GC(73) Concurrent Rebuild Remembered Sets 313.104ms
[2026-08-01T22:09:30.063+0900][30.710s][info ][gc,start       ] GC(73) Pause Cleanup
[2026-08-01T22:09:30.063+0900][30.710s][debug][gc,ergo,cset   ] GC(73) Pruned 33 regions out of 37, leaving 543305960 bytes waste (allowed 548614963)
[2026-08-01T22:09:30.063+0900][30.710s][info ][gc             ] GC(73) Pause Cleanup 2985M->2985M(10464M) 0.260ms
[2026-08-01T22:09:30.063+0900][30.710s][info ][gc,cpu         ] GC(73) User=0.00s Sys=0.00s Real=0.00s
[2026-08-01T22:09:30.063+0900][30.710s][info ][safepoint      ] Safepoint "G1Concurrent", Time since last: 313276400 ns, Reaching safepoint: 108000 ns, At safepoint: 301600 ns, Total: 409600 ns
[2026-08-01T22:09:30.063+0900][30.710s][info ][gc,marking     ] GC(73) Concurrent Cleanup for Next Mark
[2026-08-01T22:09:30.083+0900][30.730s][info ][gc,marking     ] GC(73) Concurrent Cleanup for Next Mark 19.704ms
[2026-08-01T22:09:30.083+0900][30.730s][info ][gc             ] GC(73) Concurrent Mark Cycle 797.803ms
[2026-08-01T22:09:30.131+0900][30.779s][debug][gc,heap        ] Concurrent Uncommit Summary: 2432M, 76 regions, 18.213ms
[2026-08-01T22:09:31.072+0900][31.720s][info ][safepoint      ] Safepoint "Cleanup", Time since last: 1008542400 ns, Reaching safepoint: 81900 ns, At safepoint: 551500 ns, Total: 633400 ns
[2026-08-01T22:09:31.148+0900][31.795s][info ][gc,start       ] GC(74) Pause Young (Prepare Mixed) (G1 Evacuation Pause)
[2026-08-01T22:09:31.148+0900][31.795s][debug][gc,heap        ] GC(74) Heap before GC invocations=74 (full 33):
[2026-08-01T22:09:31.148+0900][31.795s][debug][gc,heap        ] GC(74)  garbage-first heap   total 10715136K, used 4141271K [0x000001da1e000000, 0x000002111e000000)
[2026-08-01T22:09:31.148+0900][31.795s][debug][gc,heap        ] GC(74)   region size 32768K, 49 young (1605632K), 4 survivors (131072K)
[2026-08-01T22:09:31.148+0900][31.795s][debug][gc,heap        ] GC(74)  Metaspace       used 9471K, committed 9984K, reserved 1114112K
[2026-08-01T22:09:31.148+0900][31.795s][debug][gc,heap        ] GC(74)   class space    used 852K, committed 1152K, reserved 1048576K
[2026-08-01T22:09:31.148+0900][31.795s][info ][gc,task        ] GC(74) Using 18 workers of 18 for evacuation
[2026-08-01T22:09:31.194+0900][31.841s][info ][gc,phases      ] GC(74)   Pre Evacuate Collection Set: 0.1ms
[2026-08-01T22:09:31.194+0900][31.841s][info ][gc,phases      ] GC(74)   Merge Heap Roots: 0.4ms
[2026-08-01T22:09:31.194+0900][31.841s][info ][gc,phases      ] GC(74)   Evacuate Collection Set: 44.9ms
[2026-08-01T22:09:31.194+0900][31.841s][info ][gc,phases      ] GC(74)   Post Evacuate Collection Set: 0.4ms
[2026-08-01T22:09:31.194+0900][31.841s][info ][gc,phases      ] GC(74)   Other: 0.1ms
[2026-08-01T22:09:31.194+0900][31.841s][info ][gc,heap        ] GC(74) Eden regions: 45->0(11)
[2026-08-01T22:09:31.194+0900][31.841s][info ][gc,heap        ] GC(74) Survivor regions: 4->5(7)
[2026-08-01T22:09:31.194+0900][31.841s][info ][gc,heap        ] GC(74) Old regions: 87->93
[2026-08-01T22:09:31.194+0900][31.841s][info ][gc,heap        ] GC(74) Archive regions: 0->0
[2026-08-01T22:09:31.194+0900][31.841s][info ][gc,heap        ] GC(74) Humongous regions: 0->0
[2026-08-01T22:09:31.194+0900][31.841s][info ][gc,metaspace   ] GC(74) Metaspace: 9471K(9984K)->9471K(9984K) NonClass: 8618K(8832K)->8618K(8832K) Class: 852K(1152K)->852K(1152K)
[2026-08-01T22:09:31.194+0900][31.841s][debug][gc,heap        ] GC(74) Heap after GC invocations=75 (full 33):
[2026-08-01T22:09:31.194+0900][31.841s][debug][gc,heap        ] GC(74)  garbage-first heap   total 10715136K, used 2863509K [0x000001da1e000000, 0x000002111e000000)
[2026-08-01T22:09:31.194+0900][31.841s][debug][gc,heap        ] GC(74)   region size 32768K, 5 young (163840K), 5 survivors (163840K)
[2026-08-01T22:09:31.194+0900][31.841s][debug][gc,heap        ] GC(74)  Metaspace       used 9471K, committed 9984K, reserved 1114112K
[2026-08-01T22:09:31.194+0900][31.841s][debug][gc,heap        ] GC(74)   class space    used 852K, committed 1152K, reserved 1048576K
[2026-08-01T22:09:31.194+0900][31.841s][info ][gc             ] GC(74) Pause Young (Prepare Mixed) (G1 Evacuation Pause) 4044M->2796M(10464M) 46.312ms
[2026-08-01T22:09:31.194+0900][31.841s][info ][gc,cpu         ] GC(74) User=0.92s Sys=0.02s Real=0.05s
[2026-08-01T22:09:31.194+0900][31.841s][info ][safepoint      ] Safepoint "G1CollectForAllocation", Time since last: 75298100 ns, Reaching safepoint: 79600 ns, At safepoint: 46416300 ns, Total: 46495900 ns
[2026-08-01T22:09:31.242+0900][31.889s][info ][gc,start       ] GC(75) Pause Young (Mixed) (G1 Evacuation Pause)
[2026-08-01T22:09:31.242+0900][31.889s][debug][gc,heap        ] GC(75) Heap before GC invocations=75 (full 33):
[2026-08-01T22:09:31.242+0900][31.889s][debug][gc,heap        ] GC(75)  garbage-first heap   total 10715136K, used 3223957K [0x000001da1e000000, 0x000002111e000000)
[2026-08-01T22:09:31.242+0900][31.889s][debug][gc,heap        ] GC(75)   region size 32768K, 16 young (524288K), 5 survivors (163840K)
[2026-08-01T22:09:31.242+0900][31.889s][debug][gc,heap        ] GC(75)  Metaspace       used 9478K, committed 10048K, reserved 1114112K
[2026-08-01T22:09:31.242+0900][31.889s][debug][gc,heap        ] GC(75)   class space    used 852K, committed 1152K, reserved 1048576K
[2026-08-01T22:09:31.242+0900][31.889s][info ][gc,task        ] GC(75) Using 18 workers of 18 for evacuation
[2026-08-01T22:09:31.242+0900][31.889s][debug][gc,ergo,cset   ] GC(75) Start adding old regions to collection set. Min 1 regions, max 33 regions, time remaining 149.31ms, optional threshold 29.86ms
[2026-08-01T22:09:31.242+0900][31.889s][debug][gc,ergo,cset   ] GC(75) Old candidate collection set empty.
[2026-08-01T22:09:31.242+0900][31.889s][debug][gc,ergo,cset   ] GC(75) Finish choosing collection set old regions. Initial: 4, optional: 0, predicted old time: 0.00ms, predicted optional time: 0.00ms, time remaining: 146.09
[2026-08-01T22:09:31.257+0900][31.904s][info ][gc,phases      ] GC(75)   Pre Evacuate Collection Set: 0.1ms
[2026-08-01T22:09:31.257+0900][31.904s][info ][gc,phases      ] GC(75)   Merge Heap Roots: 0.2ms
[2026-08-01T22:09:31.257+0900][31.904s][info ][gc,phases      ] GC(75)   Evacuate Collection Set: 14.5ms
[2026-08-01T22:09:31.257+0900][31.904s][info ][gc,phases      ] GC(75)   Post Evacuate Collection Set: 0.3ms
[2026-08-01T22:09:31.257+0900][31.904s][info ][gc,phases      ] GC(75)   Other: 0.1ms
[2026-08-01T22:09:31.257+0900][31.904s][info ][gc,heap        ] GC(75) Eden regions: 11->0(64)
[2026-08-01T22:09:31.257+0900][31.904s][info ][gc,heap        ] GC(75) Survivor regions: 5->1(2)
[2026-08-01T22:09:31.257+0900][31.904s][info ][gc,heap        ] GC(75) Old regions: 93->94
[2026-08-01T22:09:31.257+0900][31.904s][info ][gc,heap        ] GC(75) Archive regions: 0->0
[2026-08-01T22:09:31.257+0900][31.904s][info ][gc,heap        ] GC(75) Humongous regions: 0->0
[2026-08-01T22:09:31.257+0900][31.904s][info ][gc,metaspace   ] GC(75) Metaspace: 9478K(10048K)->9478K(10048K) NonClass: 8625K(8896K)->8625K(8896K) Class: 852K(1152K)->852K(1152K)
[2026-08-01T22:09:31.257+0900][31.904s][debug][gc,heap        ] GC(75) Heap after GC invocations=76 (full 33):
[2026-08-01T22:09:31.257+0900][31.904s][debug][gc,heap        ] GC(75)  garbage-first heap   total 10715136K, used 2859091K [0x000001da1e000000, 0x000002111e000000)
[2026-08-01T22:09:31.257+0900][31.905s][debug][gc,heap        ] GC(75)   region size 32768K, 1 young (32768K), 1 survivors (32768K)
[2026-08-01T22:09:31.257+0900][31.905s][debug][gc,heap        ] GC(75)  Metaspace       used 9478K, committed 10048K, reserved 1114112K
[2026-08-01T22:09:31.257+0900][31.905s][debug][gc,heap        ] GC(75)   class space    used 852K, committed 1152K, reserved 1048576K
[2026-08-01T22:09:31.257+0900][31.905s][info ][gc             ] GC(75) Pause Young (Mixed) (G1 Evacuation Pause) 3148M->2792M(10464M) 15.576ms
[2026-08-01T22:09:31.257+0900][31.905s][info ][gc,cpu         ] GC(75) User=0.36s Sys=0.00s Real=0.01s
[2026-08-01T22:09:31.257+0900][31.905s][info ][safepoint      ] Safepoint "G1CollectForAllocation", Time since last: 47511300 ns, Reaching safepoint: 73299 ns, At safepoint: 15657400 ns, Total: 15730699 ns
[2026-08-01T22:09:31.796+0900][32.443s][info ][gc,start       ] GC(76) Pause Young (Normal) (G1 Evacuation Pause)
[2026-08-01T22:09:31.796+0900][32.443s][debug][gc,heap        ] GC(76) Heap before GC invocations=76 (full 33):
[2026-08-01T22:09:31.796+0900][32.443s][debug][gc,heap        ] GC(76)  garbage-first heap   total 10715136K, used 4956243K [0x000001da1e000000, 0x000002111e000000)
[2026-08-01T22:09:31.796+0900][32.443s][debug][gc,heap        ] GC(76)   region size 32768K, 65 young (2129920K), 1 survivors (32768K)
[2026-08-01T22:09:31.796+0900][32.443s][debug][gc,heap        ] GC(76)  Metaspace       used 9478K, committed 10048K, reserved 1114112K
[2026-08-01T22:09:31.796+0900][32.443s][debug][gc,heap        ] GC(76)   class space    used 852K, committed 1152K, reserved 1048576K
[2026-08-01T22:09:31.796+0900][32.443s][info ][gc,task        ] GC(76) Using 18 workers of 18 for evacuation
[2026-08-01T22:09:31.800+0900][32.447s][info ][gc,phases      ] GC(76)   Pre Evacuate Collection Set: 0.1ms
[2026-08-01T22:09:31.800+0900][32.447s][info ][gc,phases      ] GC(76)   Merge Heap Roots: 0.4ms
[2026-08-01T22:09:31.800+0900][32.447s][info ][gc,phases      ] GC(76)   Evacuate Collection Set: 3.0ms
[2026-08-01T22:09:31.800+0900][32.447s][info ][gc,phases      ] GC(76)   Post Evacuate Collection Set: 0.3ms
[2026-08-01T22:09:31.800+0900][32.447s][info ][gc,phases      ] GC(76)   Other: 0.1ms
[2026-08-01T22:09:31.800+0900][32.447s][info ][gc,heap        ] GC(76) Eden regions: 64->0(41)
[2026-08-01T22:09:31.800+0900][32.447s][info ][gc,heap        ] GC(76) Survivor regions: 1->1(9)
[2026-08-01T22:09:31.800+0900][32.447s][info ][gc,heap        ] GC(76) Old regions: 94->94
[2026-08-01T22:09:31.800+0900][32.447s][info ][gc,heap        ] GC(76) Archive regions: 0->0
[2026-08-01T22:09:31.800+0900][32.447s][info ][gc,heap        ] GC(76) Humongous regions: 0->0
[2026-08-01T22:09:31.800+0900][32.447s][info ][gc,metaspace   ] GC(76) Metaspace: 9478K(10048K)->9478K(10048K) NonClass: 8625K(8896K)->8625K(8896K) Class: 852K(1152K)->852K(1152K)
[2026-08-01T22:09:31.800+0900][32.447s][debug][gc,heap        ] GC(76) Heap after GC invocations=77 (full 33):
[2026-08-01T22:09:31.800+0900][32.447s][debug][gc,heap        ] GC(76)  garbage-first heap   total 10715136K, used 2838834K [0x000001da1e000000, 0x000002111e000000)
[2026-08-01T22:09:31.800+0900][32.447s][debug][gc,heap        ] GC(76)   region size 32768K, 1 young (32768K), 1 survivors (32768K)
[2026-08-01T22:09:31.800+0900][32.447s][debug][gc,heap        ] GC(76)  Metaspace       used 9478K, committed 10048K, reserved 1114112K
[2026-08-01T22:09:31.800+0900][32.447s][debug][gc,heap        ] GC(76)   class space    used 852K, committed 1152K, reserved 1048576K
[2026-08-01T22:09:31.800+0900][32.447s][info ][gc             ] GC(76) Pause Young (Normal) (G1 Evacuation Pause) 4840M->2772M(10464M) 4.321ms
[2026-08-01T22:09:31.800+0900][32.447s][info ][gc,cpu         ] GC(76) User=0.00s Sys=0.00s Real=0.00s
[2026-08-01T22:09:31.800+0900][32.448s][info ][safepoint      ] Safepoint "G1CollectForAllocation", Time since last: 538186400 ns, Reaching safepoint: 310801 ns, At safepoint: 4395600 ns, Total: 4706401 ns
[2026-08-01T22:09:32.442+0900][33.089s][info ][gc,start       ] GC(77) Pause Young (Normal) (G1 Evacuation Pause)
[2026-08-01T22:09:32.442+0900][33.089s][debug][gc,heap        ] GC(77) Heap before GC invocations=77 (full 33):
[2026-08-01T22:09:32.442+0900][33.089s][debug][gc,heap        ] GC(77)  garbage-first heap   total 10715136K, used 4182322K [0x000001da1e000000, 0x000002111e000000)
[2026-08-01T22:09:32.442+0900][33.089s][debug][gc,heap        ] GC(77)   region size 32768K, 42 young (1376256K), 1 survivors (32768K)
[2026-08-01T22:09:32.442+0900][33.089s][debug][gc,heap        ] GC(77)  Metaspace       used 9485K, committed 10048K, reserved 1114112K
[2026-08-01T22:09:32.442+0900][33.089s][debug][gc,heap        ] GC(77)   class space    used 852K, committed 1152K, reserved 1048576K
[2026-08-01T22:09:32.442+0900][33.089s][info ][gc,task        ] GC(77) Using 18 workers of 18 for evacuation
[2026-08-01T22:09:32.457+0900][33.104s][info ][gc,phases      ] GC(77)   Pre Evacuate Collection Set: 0.1ms
[2026-08-01T22:09:32.457+0900][33.104s][info ][gc,phases      ] GC(77)   Merge Heap Roots: 0.6ms
[2026-08-01T22:09:32.457+0900][33.104s][info ][gc,phases      ] GC(77)   Evacuate Collection Set: 13.6ms
[2026-08-01T22:09:32.457+0900][33.104s][info ][gc,phases      ] GC(77)   Post Evacuate Collection Set: 0.4ms
[2026-08-01T22:09:32.457+0900][33.104s][info ][gc,phases      ] GC(77)   Other: 0.1ms
[2026-08-01T22:09:32.457+0900][33.104s][info ][gc,heap        ] GC(77) Eden regions: 41->0(55)
[2026-08-01T22:09:32.457+0900][33.104s][info ][gc,heap        ] GC(77) Survivor regions: 1->2(6)
[2026-08-01T22:09:32.457+0900][33.104s][info ][gc,heap        ] GC(77) Old regions: 94->94
[2026-08-01T22:09:32.457+0900][33.104s][info ][gc,heap        ] GC(77) Archive regions: 0->0
[2026-08-01T22:09:32.457+0900][33.104s][info ][gc,heap        ] GC(77) Humongous regions: 0->0
[2026-08-01T22:09:32.457+0900][33.104s][info ][gc,metaspace   ] GC(77) Metaspace: 9485K(10048K)->9485K(10048K) NonClass: 8632K(8896K)->8632K(8896K) Class: 852K(1152K)->852K(1152K)
[2026-08-01T22:09:32.457+0900][33.104s][debug][gc,heap        ] GC(77) Heap after GC invocations=78 (full 33):
[2026-08-01T22:09:32.457+0900][33.104s][debug][gc,heap        ] GC(77)  garbage-first heap   total 10715136K, used 2893089K [0x000001da1e000000, 0x000002111e000000)
[2026-08-01T22:09:32.457+0900][33.104s][debug][gc,heap        ] GC(77)   region size 32768K, 2 young (65536K), 2 survivors (65536K)
[2026-08-01T22:09:32.457+0900][33.104s][debug][gc,heap        ] GC(77)  Metaspace       used 9485K, committed 10048K, reserved 1114112K
[2026-08-01T22:09:32.457+0900][33.104s][debug][gc,heap        ] GC(77)   class space    used 852K, committed 1152K, reserved 1048576K
[2026-08-01T22:09:32.457+0900][33.104s][info ][gc             ] GC(77) Pause Young (Normal) (G1 Evacuation Pause) 4084M->2825M(10464M) 15.233ms
[2026-08-01T22:09:32.457+0900][33.104s][info ][gc,cpu         ] GC(77) User=0.30s Sys=0.00s Real=0.02s
[2026-08-01T22:09:32.457+0900][33.104s][info ][safepoint      ] Safepoint "G1CollectForAllocation", Time since last: 641515900 ns, Reaching safepoint: 109300 ns, At safepoint: 15282699 ns, Total: 15391999 ns
[2026-08-01T22:09:33.472+0900][34.118s][info ][safepoint      ] Safepoint "Cleanup", Time since last: 1013848001 ns, Reaching safepoint: 108200 ns, At safepoint: 14300 ns, Total: 122500 ns
[2026-08-01T22:09:33.741+0900][34.388s][info ][gc,start       ] GC(78) Pause Young (Normal) (G1 Evacuation Pause)
[2026-08-01T22:09:33.741+0900][34.388s][debug][gc,heap        ] GC(78) Heap before GC invocations=78 (full 33):
[2026-08-01T22:09:33.741+0900][34.388s][debug][gc,heap        ] GC(78)  garbage-first heap   total 10715136K, used 4662561K [0x000001da1e000000, 0x000002111e000000)
[2026-08-01T22:09:33.741+0900][34.388s][debug][gc,heap        ] GC(78)   region size 32768K, 57 young (1867776K), 2 survivors (65536K)
[2026-08-01T22:09:33.741+0900][34.388s][debug][gc,heap        ] GC(78)  Metaspace       used 9489K, committed 10048K, reserved 1114112K
[2026-08-01T22:09:33.741+0900][34.388s][debug][gc,heap        ] GC(78)   class space    used 852K, committed 1152K, reserved 1048576K
[2026-08-01T22:09:33.741+0900][34.388s][info ][gc,task        ] GC(78) Using 18 workers of 18 for evacuation
[2026-08-01T22:09:33.860+0900][34.508s][info ][gc,phases      ] GC(78)   Pre Evacuate Collection Set: 0.1ms
[2026-08-01T22:09:33.861+0900][34.508s][info ][gc,phases      ] GC(78)   Merge Heap Roots: 0.7ms
[2026-08-01T22:09:33.861+0900][34.508s][info ][gc,phases      ] GC(78)   Evacuate Collection Set: 118.1ms
[2026-08-01T22:09:33.861+0900][34.508s][info ][gc,phases      ] GC(78)   Post Evacuate Collection Set: 1.0ms
[2026-08-01T22:09:33.861+0900][34.508s][info ][gc,phases      ] GC(78)   Other: 0.1ms
[2026-08-01T22:09:33.861+0900][34.508s][info ][gc,heap        ] GC(78) Eden regions: 55->0(42)
[2026-08-01T22:09:33.861+0900][34.508s][info ][gc,heap        ] GC(78) Survivor regions: 2->8(8)
[2026-08-01T22:09:33.861+0900][34.508s][info ][gc,heap        ] GC(78) Old regions: 94->109
[2026-08-01T22:09:33.861+0900][34.508s][info ][gc,heap        ] GC(78) Archive regions: 0->0
[2026-08-01T22:09:33.861+0900][34.508s][info ][gc,heap        ] GC(78) Humongous regions: 0->0
[2026-08-01T22:09:33.861+0900][34.508s][info ][gc,metaspace   ] GC(78) Metaspace: 9489K(10048K)->9489K(10048K) NonClass: 8636K(8896K)->8636K(8896K) Class: 852K(1152K)->852K(1152K)
[2026-08-01T22:09:33.861+0900][34.508s][debug][gc,heap        ] GC(78) Heap after GC invocations=79 (full 33):
[2026-08-01T22:09:33.861+0900][34.508s][debug][gc,heap        ] GC(78)  garbage-first heap   total 10715136K, used 3594728K [0x000001da1e000000, 0x000002111e000000)
[2026-08-01T22:09:33.861+0900][34.508s][debug][gc,heap        ] GC(78)   region size 32768K, 8 young (262144K), 8 survivors (262144K)
[2026-08-01T22:09:33.861+0900][34.508s][debug][gc,heap        ] GC(78)  Metaspace       used 9489K, committed 10048K, reserved 1114112K
[2026-08-01T22:09:33.861+0900][34.508s][debug][gc,heap        ] GC(78)   class space    used 852K, committed 1152K, reserved 1048576K
[2026-08-01T22:09:33.861+0900][34.508s][info ][gc             ] GC(78) Pause Young (Normal) (G1 Evacuation Pause) 4585M->3510M(10464M) 120.523ms
[2026-08-01T22:09:33.861+0900][34.508s][info ][gc,cpu         ] GC(78) User=2.06s Sys=0.00s Real=0.12s
[2026-08-01T22:09:33.861+0900][34.508s][info ][safepoint      ] Safepoint "G1CollectForAllocation", Time since last: 269341400 ns, Reaching safepoint: 110800 ns, At safepoint: 120579800 ns, Total: 120690600 ns
[2026-08-01T22:09:34.813+0900][35.459s][info ][gc,start       ] GC(79) Pause Young (Normal) (G1 Evacuation Pause)
[2026-08-01T22:09:34.813+0900][35.460s][debug][gc,heap        ] GC(79) Heap before GC invocations=79 (full 33):
[2026-08-01T22:09:34.813+0900][35.460s][debug][gc,heap        ] GC(79)  garbage-first heap   total 10715136K, used 4577768K [0x000001da1e000000, 0x000002111e000000)
[2026-08-01T22:09:34.813+0900][35.460s][debug][gc,heap        ] GC(79)   region size 32768K, 38 young (1245184K), 8 survivors (262144K)
[2026-08-01T22:09:34.813+0900][35.460s][debug][gc,heap        ] GC(79)  Metaspace       used 9489K, committed 10048K, reserved 1114112K
[2026-08-01T22:09:34.813+0900][35.460s][debug][gc,heap        ] GC(79)   class space    used 852K, committed 1152K, reserved 1048576K
[2026-08-01T22:09:34.813+0900][35.460s][info ][gc,task        ] GC(79) Using 18 workers of 18 for evacuation
[2026-08-01T22:09:34.931+0900][35.578s][info ][gc,phases      ] GC(79)   Pre Evacuate Collection Set: 0.1ms
[2026-08-01T22:09:34.931+0900][35.578s][info ][gc,phases      ] GC(79)   Merge Heap Roots: 1.5ms
[2026-08-01T22:09:34.931+0900][35.578s][info ][gc,phases      ] GC(79)   Evacuate Collection Set: 93.9ms
[2026-08-01T22:09:34.931+0900][35.578s][info ][gc,phases      ] GC(79)   Post Evacuate Collection Set: 22.8ms
[2026-08-01T22:09:34.931+0900][35.578s][info ][gc,phases      ] GC(79)   Other: 0.1ms
[2026-08-01T22:09:34.931+0900][35.578s][info ][gc,heap        ] GC(79) Eden regions: 30->0(38)
[2026-08-01T22:09:34.931+0900][35.578s][info ][gc,heap        ] GC(79) Survivor regions: 8->5(5)
[2026-08-01T22:09:34.931+0900][35.578s][info ][gc,heap        ] GC(79) Old regions: 109->125
[2026-08-01T22:09:34.931+0900][35.578s][info ][gc,heap        ] GC(79) Archive regions: 0->0
[2026-08-01T22:09:34.931+0900][35.578s][info ][gc,heap        ] GC(79) Humongous regions: 0->0
[2026-08-01T22:09:34.931+0900][35.578s][info ][gc,metaspace   ] GC(79) Metaspace: 9489K(10048K)->9489K(10048K) NonClass: 8636K(8896K)->8636K(8896K) Class: 852K(1152K)->852K(1152K)
[2026-08-01T22:09:34.931+0900][35.578s][debug][gc,heap        ] GC(79) Heap after GC invocations=80 (full 33):
[2026-08-01T22:09:34.931+0900][35.578s][debug][gc,heap        ] GC(79)  garbage-first heap   total 21430272K, used 4032871K [0x000001da1e000000, 0x000002111e000000)
[2026-08-01T22:09:34.931+0900][35.578s][debug][gc,heap        ] GC(79)   region size 32768K, 5 young (163840K), 5 survivors (163840K)
[2026-08-01T22:09:34.931+0900][35.578s][debug][gc,heap        ] GC(79)  Metaspace       used 9489K, committed 10048K, reserved 1114112K
[2026-08-01T22:09:34.931+0900][35.578s][debug][gc,heap        ] GC(79)   class space    used 852K, committed 1152K, reserved 1048576K
[2026-08-01T22:09:34.931+0900][35.578s][info ][gc             ] GC(79) Pause Young (Normal) (G1 Evacuation Pause) 4470M->3938M(20928M) 118.829ms
[2026-08-01T22:09:34.931+0900][35.578s][info ][gc,cpu         ] GC(79) User=1.69s Sys=0.02s Real=0.12s
[2026-08-01T22:09:34.931+0900][35.578s][info ][safepoint      ] Safepoint "G1CollectForAllocation", Time since last: 950959600 ns, Reaching safepoint: 98300 ns, At safepoint: 118885700 ns, Total: 118984000 ns
[2026-08-01T22:09:36.220+0900][36.867s][info ][gc,start       ] GC(80) Pause Young (Normal) (G1 Evacuation Pause)
[2026-08-01T22:09:36.220+0900][36.867s][debug][gc,heap        ] GC(80) Heap before GC invocations=80 (full 33):
[2026-08-01T22:09:36.220+0900][36.867s][debug][gc,heap        ] GC(80)  garbage-first heap   total 21430272K, used 5278055K [0x000001da1e000000, 0x000002111e000000)
[2026-08-01T22:09:36.220+0900][36.867s][debug][gc,heap        ] GC(80)   region size 32768K, 43 young (1409024K), 5 survivors (163840K)
[2026-08-01T22:09:36.220+0900][36.867s][debug][gc,heap        ] GC(80)  Metaspace       used 9489K, committed 10048K, reserved 1114112K
[2026-08-01T22:09:36.220+0900][36.867s][debug][gc,heap        ] GC(80)   class space    used 852K, committed 1152K, reserved 1048576K
[2026-08-01T22:09:36.220+0900][36.867s][info ][gc,task        ] GC(80) Using 18 workers of 18 for evacuation
[2026-08-01T22:09:36.237+0900][36.885s][info ][gc,phases      ] GC(80)   Pre Evacuate Collection Set: 0.1ms
[2026-08-01T22:09:36.237+0900][36.885s][info ][gc,phases      ] GC(80)   Merge Heap Roots: 0.7ms
[2026-08-01T22:09:36.237+0900][36.885s][info ][gc,phases      ] GC(80)   Evacuate Collection Set: 16.1ms
[2026-08-01T22:09:36.237+0900][36.885s][info ][gc,phases      ] GC(80)   Post Evacuate Collection Set: 0.3ms
[2026-08-01T22:09:36.237+0900][36.885s][info ][gc,phases      ] GC(80)   Other: 0.1ms
[2026-08-01T22:09:36.237+0900][36.885s][info ][gc,heap        ] GC(80) Eden regions: 38->0(90)
[2026-08-01T22:09:36.237+0900][36.885s][info ][gc,heap        ] GC(80) Survivor regions: 5->0(6)
[2026-08-01T22:09:36.237+0900][36.885s][info ][gc,heap        ] GC(80) Old regions: 125->131
[2026-08-01T22:09:36.237+0900][36.885s][info ][gc,heap        ] GC(80) Archive regions: 0->0
[2026-08-01T22:09:36.237+0900][36.885s][info ][gc,heap        ] GC(80) Humongous regions: 0->0
[2026-08-01T22:09:36.237+0900][36.885s][info ][gc,metaspace   ] GC(80) Metaspace: 9489K(10048K)->9489K(10048K) NonClass: 8636K(8896K)->8636K(8896K) Class: 852K(1152K)->852K(1152K)
[2026-08-01T22:09:36.237+0900][36.885s][debug][gc,heap        ] GC(80) Heap after GC invocations=81 (full 33):
[2026-08-01T22:09:36.237+0900][36.885s][debug][gc,heap        ] GC(80)  garbage-first heap   total 21430272K, used 4070500K [0x000001da1e000000, 0x000002111e000000)
[2026-08-01T22:09:36.237+0900][36.885s][debug][gc,heap        ] GC(80)   region size 32768K, 0 young (0K), 0 survivors (0K)
[2026-08-01T22:09:36.237+0900][36.885s][debug][gc,heap        ] GC(80)  Metaspace       used 9489K, committed 10048K, reserved 1114112K
[2026-08-01T22:09:36.237+0900][36.885s][debug][gc,heap        ] GC(80)   class space    used 852K, committed 1152K, reserved 1048576K
[2026-08-01T22:09:36.238+0900][36.885s][info ][gc             ] GC(80) Pause Young (Normal) (G1 Evacuation Pause) 5154M->3975M(20928M) 17.753ms
[2026-08-01T22:09:36.238+0900][36.885s][info ][gc,cpu         ] GC(80) User=0.28s Sys=0.00s Real=0.02s
[2026-08-01T22:09:36.238+0900][36.885s][info ][safepoint      ] Safepoint "G1CollectForAllocation", Time since last: 1288724800 ns, Reaching safepoint: 104000 ns, At safepoint: 17811999 ns, Total: 17915999 ns
[2026-08-01T22:09:38.718+0900][39.366s][info ][gc,start       ] GC(81) Pause Young (Normal) (G1 Evacuation Pause)
[2026-08-01T22:09:38.719+0900][39.366s][debug][gc,heap        ] GC(81) Heap before GC invocations=81 (full 33):
[2026-08-01T22:09:38.719+0900][39.366s][debug][gc,heap        ] GC(81)  garbage-first heap   total 21430272K, used 7019620K [0x000001da1e000000, 0x000002111e000000)
[2026-08-01T22:09:38.719+0900][39.366s][debug][gc,heap        ] GC(81)   region size 32768K, 90 young (2949120K), 0 survivors (0K)
[2026-08-01T22:09:38.719+0900][39.366s][debug][gc,heap        ] GC(81)  Metaspace       used 9489K, committed 10048K, reserved 1114112K
[2026-08-01T22:09:38.719+0900][39.366s][debug][gc,heap        ] GC(81)   class space    used 852K, committed 1152K, reserved 1048576K
[2026-08-01T22:09:38.719+0900][39.366s][info ][gc,task        ] GC(81) Using 18 workers of 18 for evacuation
[2026-08-01T22:09:38.720+0900][39.367s][info ][gc,phases      ] GC(81)   Pre Evacuate Collection Set: 0.1ms
[2026-08-01T22:09:38.720+0900][39.367s][info ][gc,phases      ] GC(81)   Merge Heap Roots: 0.2ms
[2026-08-01T22:09:38.720+0900][39.367s][info ][gc,phases      ] GC(81)   Evacuate Collection Set: 0.3ms
[2026-08-01T22:09:38.720+0900][39.367s][info ][gc,phases      ] GC(81)   Post Evacuate Collection Set: 0.3ms
[2026-08-01T22:09:38.720+0900][39.367s][info ][gc,phases      ] GC(81)   Other: 0.1ms
[2026-08-01T22:09:38.720+0900][39.367s][info ][gc,heap        ] GC(81) Eden regions: 90->0(130)
[2026-08-01T22:09:38.720+0900][39.367s][info ][gc,heap        ] GC(81) Survivor regions: 0->0(12)
[2026-08-01T22:09:38.720+0900][39.367s][info ][gc,heap        ] GC(81) Old regions: 131->131
[2026-08-01T22:09:38.720+0900][39.367s][info ][gc,heap        ] GC(81) Archive regions: 0->0
[2026-08-01T22:09:38.720+0900][39.367s][info ][gc,heap        ] GC(81) Humongous regions: 0->0
[2026-08-01T22:09:38.720+0900][39.367s][info ][gc,metaspace   ] GC(81) Metaspace: 9489K(10048K)->9489K(10048K) NonClass: 8636K(8896K)->8636K(8896K) Class: 852K(1152K)->852K(1152K)
[2026-08-01T22:09:38.720+0900][39.367s][debug][gc,heap        ] GC(81) Heap after GC invocations=82 (full 33):
[2026-08-01T22:09:38.720+0900][39.367s][debug][gc,heap        ] GC(81)  garbage-first heap   total 21430272K, used 4070500K [0x000001da1e000000, 0x000002111e000000)
[2026-08-01T22:09:38.720+0900][39.367s][debug][gc,heap        ] GC(81)   region size 32768K, 0 young (0K), 0 survivors (0K)
[2026-08-01T22:09:38.720+0900][39.367s][debug][gc,heap        ] GC(81)  Metaspace       used 9489K, committed 10048K, reserved 1114112K
[2026-08-01T22:09:38.720+0900][39.367s][debug][gc,heap        ] GC(81)   class space    used 852K, committed 1152K, reserved 1048576K
[2026-08-01T22:09:38.720+0900][39.367s][info ][gc             ] GC(81) Pause Young (Normal) (G1 Evacuation Pause) 6855M->3975M(20928M) 1.340ms
[2026-08-01T22:09:38.720+0900][39.367s][info ][gc,cpu         ] GC(81) User=0.00s Sys=0.00s Real=0.00s
[2026-08-01T22:09:38.720+0900][39.367s][info ][safepoint      ] Safepoint "G1CollectForAllocation", Time since last: 2480728501 ns, Reaching safepoint: 103600 ns, At safepoint: 1388800 ns, Total: 1492400 ns
[2026-08-01T22:09:41.911+0900][42.558s][info ][gc,start       ] GC(82) Pause Young (Normal) (G1 Evacuation Pause)
[2026-08-01T22:09:41.911+0900][42.558s][debug][gc,heap        ] GC(82) Heap before GC invocations=82 (full 33):
[2026-08-01T22:09:41.911+0900][42.558s][debug][gc,heap        ] GC(82)  garbage-first heap   total 21430272K, used 8330340K [0x000001da1e000000, 0x000002111e000000)
[2026-08-01T22:09:41.911+0900][42.558s][debug][gc,heap        ] GC(82)   region size 32768K, 130 young (4259840K), 0 survivors (0K)
[2026-08-01T22:09:41.911+0900][42.558s][debug][gc,heap        ] GC(82)  Metaspace       used 9489K, committed 10048K, reserved 1114112K
[2026-08-01T22:09:41.911+0900][42.558s][debug][gc,heap        ] GC(82)   class space    used 852K, committed 1152K, reserved 1048576K
[2026-08-01T22:09:41.911+0900][42.558s][info ][gc,task        ] GC(82) Using 18 workers of 18 for evacuation
[2026-08-01T22:09:41.912+0900][42.559s][info ][gc,phases      ] GC(82)   Pre Evacuate Collection Set: 0.2ms
[2026-08-01T22:09:41.912+0900][42.559s][info ][gc,phases      ] GC(82)   Merge Heap Roots: 0.2ms
[2026-08-01T22:09:41.912+0900][42.559s][info ][gc,phases      ] GC(82)   Evacuate Collection Set: 0.3ms
[2026-08-01T22:09:41.912+0900][42.559s][info ][gc,phases      ] GC(82)   Post Evacuate Collection Set: 0.3ms
[2026-08-01T22:09:41.912+0900][42.559s][info ][gc,phases      ] GC(82)   Other: 0.1ms
[2026-08-01T22:09:41.912+0900][42.559s][info ][gc,heap        ] GC(82) Eden regions: 130->0(130)
[2026-08-01T22:09:41.912+0900][42.560s][info ][gc,heap        ] GC(82) Survivor regions: 0->0(17)
[2026-08-01T22:09:41.912+0900][42.560s][info ][gc,heap        ] GC(82) Old regions: 131->131
[2026-08-01T22:09:41.912+0900][42.560s][info ][gc,heap        ] GC(82) Archive regions: 0->0
[2026-08-01T22:09:41.912+0900][42.560s][info ][gc,heap        ] GC(82) Humongous regions: 0->0
[2026-08-01T22:09:41.912+0900][42.560s][info ][gc,metaspace   ] GC(82) Metaspace: 9489K(10048K)->9489K(10048K) NonClass: 8636K(8896K)->8636K(8896K) Class: 852K(1152K)->852K(1152K)
[2026-08-01T22:09:41.912+0900][42.560s][debug][gc,heap        ] GC(82) Heap after GC invocations=83 (full 33):
[2026-08-01T22:09:41.912+0900][42.560s][debug][gc,heap        ] GC(82)  garbage-first heap   total 21430272K, used 4070500K [0x000001da1e000000, 0x000002111e000000)
[2026-08-01T22:09:41.912+0900][42.560s][debug][gc,heap        ] GC(82)   region size 32768K, 0 young (0K), 0 survivors (0K)
[2026-08-01T22:09:41.912+0900][42.560s][debug][gc,heap        ] GC(82)  Metaspace       used 9489K, committed 10048K, reserved 1114112K
[2026-08-01T22:09:41.912+0900][42.560s][debug][gc,heap        ] GC(82)   class space    used 852K, committed 1152K, reserved 1048576K
[2026-08-01T22:09:41.913+0900][42.560s][info ][gc             ] GC(82) Pause Young (Normal) (G1 Evacuation Pause) 8135M->3975M(20928M) 1.438ms
[2026-08-01T22:09:41.913+0900][42.560s][info ][gc,cpu         ] GC(82) User=0.00s Sys=0.00s Real=0.00s
[2026-08-01T22:09:41.913+0900][42.560s][info ][safepoint      ] Safepoint "G1CollectForAllocation", Time since last: 3190845400 ns, Reaching safepoint: 106500 ns, At safepoint: 1491200 ns, Total: 1597700 ns
[2026-08-01T22:09:44.797+0900][45.444s][info ][gc,start       ] GC(83) Pause Young (Normal) (G1 Evacuation Pause)
[2026-08-01T22:09:44.797+0900][45.444s][debug][gc,heap        ] GC(83) Heap before GC invocations=83 (full 33):
[2026-08-01T22:09:44.797+0900][45.444s][debug][gc,heap        ] GC(83)  garbage-first heap   total 21430272K, used 8330340K [0x000001da1e000000, 0x000002111e000000)
[2026-08-01T22:09:44.797+0900][45.444s][debug][gc,heap        ] GC(83)   region size 32768K, 130 young (4259840K), 0 survivors (0K)
[2026-08-01T22:09:44.797+0900][45.444s][debug][gc,heap        ] GC(83)  Metaspace       used 9489K, committed 10048K, reserved 1114112K
[2026-08-01T22:09:44.797+0900][45.444s][debug][gc,heap        ] GC(83)   class space    used 852K, committed 1152K, reserved 1048576K
[2026-08-01T22:09:44.797+0900][45.444s][info ][gc,task        ] GC(83) Using 18 workers of 18 for evacuation
[2026-08-01T22:09:44.798+0900][45.445s][info ][gc,phases      ] GC(83)   Pre Evacuate Collection Set: 0.1ms
[2026-08-01T22:09:44.798+0900][45.445s][info ][gc,phases      ] GC(83)   Merge Heap Roots: 0.2ms
[2026-08-01T22:09:44.798+0900][45.445s][info ][gc,phases      ] GC(83)   Evacuate Collection Set: 0.3ms
[2026-08-01T22:09:44.798+0900][45.445s][info ][gc,phases      ] GC(83)   Post Evacuate Collection Set: 0.3ms
[2026-08-01T22:09:44.798+0900][45.445s][info ][gc,phases      ] GC(83)   Other: 0.1ms
[2026-08-01T22:09:44.798+0900][45.445s][info ][gc,heap        ] GC(83) Eden regions: 130->0(130)
[2026-08-01T22:09:44.798+0900][45.445s][info ][gc,heap        ] GC(83) Survivor regions: 0->0(17)
[2026-08-01T22:09:44.798+0900][45.445s][info ][gc,heap        ] GC(83) Old regions: 131->131
[2026-08-01T22:09:44.798+0900][45.445s][info ][gc,heap        ] GC(83) Archive regions: 0->0
[2026-08-01T22:09:44.798+0900][45.445s][info ][gc,heap        ] GC(83) Humongous regions: 0->0
[2026-08-01T22:09:44.798+0900][45.445s][info ][gc,metaspace   ] GC(83) Metaspace: 9489K(10048K)->9489K(10048K) NonClass: 8636K(8896K)->8636K(8896K) Class: 852K(1152K)->852K(1152K)
[2026-08-01T22:09:44.798+0900][45.445s][debug][gc,heap        ] GC(83) Heap after GC invocations=84 (full 33):
[2026-08-01T22:09:44.798+0900][45.445s][debug][gc,heap        ] GC(83)  garbage-first heap   total 21430272K, used 4070500K [0x000001da1e000000, 0x000002111e000000)
[2026-08-01T22:09:44.798+0900][45.445s][debug][gc,heap        ] GC(83)   region size 32768K, 0 young (0K), 0 survivors (0K)
[2026-08-01T22:09:44.798+0900][45.445s][debug][gc,heap        ] GC(83)  Metaspace       used 9489K, committed 10048K, reserved 1114112K
[2026-08-01T22:09:44.798+0900][45.445s][debug][gc,heap        ] GC(83)   class space    used 852K, committed 1152K, reserved 1048576K
[2026-08-01T22:09:44.798+0900][45.445s][info ][gc             ] GC(83) Pause Young (Normal) (G1 Evacuation Pause) 8135M->3975M(20928M) 1.449ms
[2026-08-01T22:09:44.798+0900][45.446s][info ][gc,cpu         ] GC(83) User=0.00s Sys=0.00s Real=0.00s
[2026-08-01T22:09:44.798+0900][45.446s][info ][safepoint      ] Safepoint "G1CollectForAllocation", Time since last: 2884260900 ns, Reaching safepoint: 100699 ns, At safepoint: 1505501 ns, Total: 1606200 ns
[2026-08-01T22:09:47.535+0900][48.183s][info ][gc,start       ] GC(84) Pause Young (Normal) (G1 Evacuation Pause)
[2026-08-01T22:09:47.535+0900][48.183s][debug][gc,heap        ] GC(84) Heap before GC invocations=84 (full 33):
[2026-08-01T22:09:47.535+0900][48.183s][debug][gc,heap        ] GC(84)  garbage-first heap   total 21430272K, used 8330340K [0x000001da1e000000, 0x000002111e000000)
[2026-08-01T22:09:47.535+0900][48.183s][debug][gc,heap        ] GC(84)   region size 32768K, 130 young (4259840K), 0 survivors (0K)
[2026-08-01T22:09:47.535+0900][48.183s][debug][gc,heap        ] GC(84)  Metaspace       used 9489K, committed 10048K, reserved 1114112K
[2026-08-01T22:09:47.535+0900][48.183s][debug][gc,heap        ] GC(84)   class space    used 852K, committed 1152K, reserved 1048576K
[2026-08-01T22:09:47.535+0900][48.183s][info ][gc,task        ] GC(84) Using 18 workers of 18 for evacuation
[2026-08-01T22:09:47.536+0900][48.184s][info ][gc,phases      ] GC(84)   Pre Evacuate Collection Set: 0.1ms
[2026-08-01T22:09:47.536+0900][48.184s][info ][gc,phases      ] GC(84)   Merge Heap Roots: 0.2ms
[2026-08-01T22:09:47.536+0900][48.184s][info ][gc,phases      ] GC(84)   Evacuate Collection Set: 0.2ms
[2026-08-01T22:09:47.536+0900][48.184s][info ][gc,phases      ] GC(84)   Post Evacuate Collection Set: 0.3ms
[2026-08-01T22:09:47.536+0900][48.184s][info ][gc,phases      ] GC(84)   Other: 0.1ms
[2026-08-01T22:09:47.536+0900][48.184s][info ][gc,heap        ] GC(84) Eden regions: 130->0(130)
[2026-08-01T22:09:47.536+0900][48.184s][info ][gc,heap        ] GC(84) Survivor regions: 0->0(17)
[2026-08-01T22:09:47.536+0900][48.184s][info ][gc,heap        ] GC(84) Old regions: 131->131
[2026-08-01T22:09:47.536+0900][48.184s][info ][gc,heap        ] GC(84) Archive regions: 0->0
[2026-08-01T22:09:47.536+0900][48.184s][info ][gc,heap        ] GC(84) Humongous regions: 0->0
[2026-08-01T22:09:47.536+0900][48.184s][info ][gc,metaspace   ] GC(84) Metaspace: 9489K(10048K)->9489K(10048K) NonClass: 8636K(8896K)->8636K(8896K) Class: 852K(1152K)->852K(1152K)
[2026-08-01T22:09:47.536+0900][48.184s][debug][gc,heap        ] GC(84) Heap after GC invocations=85 (full 33):
[2026-08-01T22:09:47.536+0900][48.184s][debug][gc,heap        ] GC(84)  garbage-first heap   total 21430272K, used 4070500K [0x000001da1e000000, 0x000002111e000000)
[2026-08-01T22:09:47.536+0900][48.184s][debug][gc,heap        ] GC(84)   region size 32768K, 0 young (0K), 0 survivors (0K)
[2026-08-01T22:09:47.536+0900][48.184s][debug][gc,heap        ] GC(84)  Metaspace       used 9489K, committed 10048K, reserved 1114112K
[2026-08-01T22:09:47.536+0900][48.184s][debug][gc,heap        ] GC(84)   class space    used 852K, committed 1152K, reserved 1048576K
[2026-08-01T22:09:47.536+0900][48.184s][info ][gc             ] GC(84) Pause Young (Normal) (G1 Evacuation Pause) 8135M->3975M(20928M) 1.372ms
[2026-08-01T22:09:47.536+0900][48.184s][info ][gc,cpu         ] GC(84) User=0.00s Sys=0.00s Real=0.00s
[2026-08-01T22:09:47.537+0900][48.184s][info ][safepoint      ] Safepoint "G1CollectForAllocation", Time since last: 2736967600 ns, Reaching safepoint: 110099 ns, At safepoint: 1426401 ns, Total: 1536500 ns
[2026-08-01T22:09:50.215+0900][50.862s][info ][gc,start       ] GC(85) Pause Young (Normal) (G1 Evacuation Pause)
[2026-08-01T22:09:50.215+0900][50.862s][debug][gc,heap        ] GC(85) Heap before GC invocations=85 (full 33):
[2026-08-01T22:09:50.215+0900][50.862s][debug][gc,heap        ] GC(85)  garbage-first heap   total 21430272K, used 8330340K [0x000001da1e000000, 0x000002111e000000)
[2026-08-01T22:09:50.215+0900][50.862s][debug][gc,heap        ] GC(85)   region size 32768K, 130 young (4259840K), 0 survivors (0K)
[2026-08-01T22:09:50.215+0900][50.862s][debug][gc,heap        ] GC(85)  Metaspace       used 9489K, committed 10048K, reserved 1114112K
[2026-08-01T22:09:50.215+0900][50.862s][debug][gc,heap        ] GC(85)   class space    used 852K, committed 1152K, reserved 1048576K
[2026-08-01T22:09:50.215+0900][50.862s][info ][gc,task        ] GC(85) Using 18 workers of 18 for evacuation
[2026-08-01T22:09:50.216+0900][50.863s][info ][gc,phases      ] GC(85)   Pre Evacuate Collection Set: 0.1ms
[2026-08-01T22:09:50.216+0900][50.863s][info ][gc,phases      ] GC(85)   Merge Heap Roots: 0.2ms
[2026-08-01T22:09:50.216+0900][50.863s][info ][gc,phases      ] GC(85)   Evacuate Collection Set: 0.3ms
[2026-08-01T22:09:50.216+0900][50.863s][info ][gc,phases      ] GC(85)   Post Evacuate Collection Set: 0.3ms
[2026-08-01T22:09:50.216+0900][50.863s][info ][gc,phases      ] GC(85)   Other: 0.1ms
[2026-08-01T22:09:50.216+0900][50.863s][info ][gc,heap        ] GC(85) Eden regions: 130->0(130)
[2026-08-01T22:09:50.216+0900][50.863s][info ][gc,heap        ] GC(85) Survivor regions: 0->0(17)
[2026-08-01T22:09:50.216+0900][50.863s][info ][gc,heap        ] GC(85) Old regions: 131->131
[2026-08-01T22:09:50.216+0900][50.863s][info ][gc,heap        ] GC(85) Archive regions: 0->0
[2026-08-01T22:09:50.216+0900][50.864s][info ][gc,heap        ] GC(85) Humongous regions: 0->0
[2026-08-01T22:09:50.216+0900][50.864s][info ][gc,metaspace   ] GC(85) Metaspace: 9489K(10048K)->9489K(10048K) NonClass: 8636K(8896K)->8636K(8896K) Class: 852K(1152K)->852K(1152K)
[2026-08-01T22:09:50.216+0900][50.864s][debug][gc,heap        ] GC(85) Heap after GC invocations=86 (full 33):
[2026-08-01T22:09:50.216+0900][50.864s][debug][gc,heap        ] GC(85)  garbage-first heap   total 21430272K, used 4070500K [0x000001da1e000000, 0x000002111e000000)
[2026-08-01T22:09:50.216+0900][50.864s][debug][gc,heap        ] GC(85)   region size 32768K, 0 young (0K), 0 survivors (0K)
[2026-08-01T22:09:50.216+0900][50.864s][debug][gc,heap        ] GC(85)  Metaspace       used 9489K, committed 10048K, reserved 1114112K
[2026-08-01T22:09:50.216+0900][50.864s][debug][gc,heap        ] GC(85)   class space    used 852K, committed 1152K, reserved 1048576K
[2026-08-01T22:09:50.216+0900][50.864s][info ][gc             ] GC(85) Pause Young (Normal) (G1 Evacuation Pause) 8135M->3975M(20928M) 1.310ms
[2026-08-01T22:09:50.216+0900][50.864s][info ][gc,cpu         ] GC(85) User=0.00s Sys=0.00s Real=0.00s
[2026-08-01T22:09:50.216+0900][50.864s][info ][safepoint      ] Safepoint "G1CollectForAllocation", Time since last: 2678113300 ns, Reaching safepoint: 117100 ns, At safepoint: 1363900 ns, Total: 1481000 ns
[2026-08-01T22:09:52.886+0900][53.534s][info ][gc,start       ] GC(86) Pause Young (Normal) (G1 Evacuation Pause)
[2026-08-01T22:09:52.886+0900][53.534s][debug][gc,heap        ] GC(86) Heap before GC invocations=86 (full 33):
[2026-08-01T22:09:52.886+0900][53.534s][debug][gc,heap        ] GC(86)  garbage-first heap   total 21430272K, used 8330340K [0x000001da1e000000, 0x000002111e000000)
[2026-08-01T22:09:52.886+0900][53.534s][debug][gc,heap        ] GC(86)   region size 32768K, 130 young (4259840K), 0 survivors (0K)
[2026-08-01T22:09:52.886+0900][53.534s][debug][gc,heap        ] GC(86)  Metaspace       used 9489K, committed 10048K, reserved 1114112K
[2026-08-01T22:09:52.886+0900][53.534s][debug][gc,heap        ] GC(86)   class space    used 852K, committed 1152K, reserved 1048576K
[2026-08-01T22:09:52.886+0900][53.534s][info ][gc,task        ] GC(86) Using 18 workers of 18 for evacuation
[2026-08-01T22:09:52.887+0900][53.535s][info ][gc,phases      ] GC(86)   Pre Evacuate Collection Set: 0.1ms
[2026-08-01T22:09:52.887+0900][53.535s][info ][gc,phases      ] GC(86)   Merge Heap Roots: 0.2ms
[2026-08-01T22:09:52.887+0900][53.535s][info ][gc,phases      ] GC(86)   Evacuate Collection Set: 0.2ms
[2026-08-01T22:09:52.887+0900][53.535s][info ][gc,phases      ] GC(86)   Post Evacuate Collection Set: 0.3ms
[2026-08-01T22:09:52.887+0900][53.535s][info ][gc,phases      ] GC(86)   Other: 0.1ms
[2026-08-01T22:09:52.887+0900][53.535s][info ][gc,heap        ] GC(86) Eden regions: 130->0(130)
[2026-08-01T22:09:52.887+0900][53.535s][info ][gc,heap        ] GC(86) Survivor regions: 0->0(17)
[2026-08-01T22:09:52.887+0900][53.535s][info ][gc,heap        ] GC(86) Old regions: 131->131
[2026-08-01T22:09:52.887+0900][53.535s][info ][gc,heap        ] GC(86) Archive regions: 0->0
[2026-08-01T22:09:52.887+0900][53.535s][info ][gc,heap        ] GC(86) Humongous regions: 0->0
[2026-08-01T22:09:52.887+0900][53.535s][info ][gc,metaspace   ] GC(86) Metaspace: 9489K(10048K)->9489K(10048K) NonClass: 8636K(8896K)->8636K(8896K) Class: 852K(1152K)->852K(1152K)
[2026-08-01T22:09:52.887+0900][53.535s][debug][gc,heap        ] GC(86) Heap after GC invocations=87 (full 33):
[2026-08-01T22:09:52.887+0900][53.535s][debug][gc,heap        ] GC(86)  garbage-first heap   total 21430272K, used 4070500K [0x000001da1e000000, 0x000002111e000000)
[2026-08-01T22:09:52.887+0900][53.535s][debug][gc,heap        ] GC(86)   region size 32768K, 0 young (0K), 0 survivors (0K)
[2026-08-01T22:09:52.887+0900][53.535s][debug][gc,heap        ] GC(86)  Metaspace       used 9489K, committed 10048K, reserved 1114112K
[2026-08-01T22:09:52.887+0900][53.535s][debug][gc,heap        ] GC(86)   class space    used 852K, committed 1152K, reserved 1048576K
[2026-08-01T22:09:52.887+0900][53.535s][info ][gc             ] GC(86) Pause Young (Normal) (G1 Evacuation Pause) 8135M->3975M(20928M) 1.256ms
[2026-08-01T22:09:52.887+0900][53.535s][info ][gc,cpu         ] GC(86) User=0.02s Sys=0.00s Real=0.00s
[2026-08-01T22:09:52.887+0900][53.535s][info ][safepoint      ] Safepoint "G1CollectForAllocation", Time since last: 2669751900 ns, Reaching safepoint: 113900 ns, At safepoint: 1309300 ns, Total: 1423200 ns
[2026-08-01T22:09:55.544+0900][56.191s][info ][gc,start       ] GC(87) Pause Young (Normal) (G1 Evacuation Pause)
[2026-08-01T22:09:55.544+0900][56.191s][debug][gc,heap        ] GC(87) Heap before GC invocations=87 (full 33):
[2026-08-01T22:09:55.544+0900][56.191s][debug][gc,heap        ] GC(87)  garbage-first heap   total 21430272K, used 8330340K [0x000001da1e000000, 0x000002111e000000)
[2026-08-01T22:09:55.544+0900][56.191s][debug][gc,heap        ] GC(87)   region size 32768K, 130 young (4259840K), 0 survivors (0K)
[2026-08-01T22:09:55.544+0900][56.191s][debug][gc,heap        ] GC(87)  Metaspace       used 9489K, committed 10048K, reserved 1114112K
[2026-08-01T22:09:55.544+0900][56.191s][debug][gc,heap        ] GC(87)   class space    used 852K, committed 1152K, reserved 1048576K
[2026-08-01T22:09:55.544+0900][56.191s][info ][gc,task        ] GC(87) Using 18 workers of 18 for evacuation
[2026-08-01T22:09:55.545+0900][56.192s][info ][gc,phases      ] GC(87)   Pre Evacuate Collection Set: 0.1ms
[2026-08-01T22:09:55.545+0900][56.192s][info ][gc,phases      ] GC(87)   Merge Heap Roots: 0.2ms
[2026-08-01T22:09:55.545+0900][56.192s][info ][gc,phases      ] GC(87)   Evacuate Collection Set: 0.3ms
[2026-08-01T22:09:55.545+0900][56.192s][info ][gc,phases      ] GC(87)   Post Evacuate Collection Set: 0.3ms
[2026-08-01T22:09:55.545+0900][56.192s][info ][gc,phases      ] GC(87)   Other: 0.1ms
[2026-08-01T22:09:55.545+0900][56.192s][info ][gc,heap        ] GC(87) Eden regions: 130->0(130)
[2026-08-01T22:09:55.545+0900][56.192s][info ][gc,heap        ] GC(87) Survivor regions: 0->0(17)
[2026-08-01T22:09:55.545+0900][56.192s][info ][gc,heap        ] GC(87) Old regions: 131->131
[2026-08-01T22:09:55.545+0900][56.192s][info ][gc,heap        ] GC(87) Archive regions: 0->0
[2026-08-01T22:09:55.545+0900][56.192s][info ][gc,heap        ] GC(87) Humongous regions: 0->0
[2026-08-01T22:09:55.545+0900][56.192s][info ][gc,metaspace   ] GC(87) Metaspace: 9489K(10048K)->9489K(10048K) NonClass: 8636K(8896K)->8636K(8896K) Class: 852K(1152K)->852K(1152K)
[2026-08-01T22:09:55.545+0900][56.192s][debug][gc,heap        ] GC(87) Heap after GC invocations=88 (full 33):
[2026-08-01T22:09:55.545+0900][56.192s][debug][gc,heap        ] GC(87)  garbage-first heap   total 21430272K, used 4070500K [0x000001da1e000000, 0x000002111e000000)
[2026-08-01T22:09:55.545+0900][56.192s][debug][gc,heap        ] GC(87)   region size 32768K, 0 young (0K), 0 survivors (0K)
[2026-08-01T22:09:55.545+0900][56.192s][debug][gc,heap        ] GC(87)  Metaspace       used 9489K, committed 10048K, reserved 1114112K
[2026-08-01T22:09:55.545+0900][56.192s][debug][gc,heap        ] GC(87)   class space    used 852K, committed 1152K, reserved 1048576K
[2026-08-01T22:09:55.545+0900][56.193s][info ][gc             ] GC(87) Pause Young (Normal) (G1 Evacuation Pause) 8135M->3975M(20928M) 1.425ms
[2026-08-01T22:09:55.545+0900][56.193s][info ][gc,cpu         ] GC(87) User=0.00s Sys=0.00s Real=0.00s
[2026-08-01T22:09:55.545+0900][56.193s][info ][safepoint      ] Safepoint "G1CollectForAllocation", Time since last: 2656153600 ns, Reaching safepoint: 110700 ns, At safepoint: 1480200 ns, Total: 1590900 ns
[2026-08-01T22:09:58.282+0900][58.929s][info ][gc,start       ] GC(88) Pause Young (Normal) (G1 Evacuation Pause)
[2026-08-01T22:09:58.282+0900][58.929s][debug][gc,heap        ] GC(88) Heap before GC invocations=88 (full 33):
[2026-08-01T22:09:58.282+0900][58.929s][debug][gc,heap        ] GC(88)  garbage-first heap   total 21430272K, used 8330340K [0x000001da1e000000, 0x000002111e000000)
[2026-08-01T22:09:58.282+0900][58.929s][debug][gc,heap        ] GC(88)   region size 32768K, 130 young (4259840K), 0 survivors (0K)
[2026-08-01T22:09:58.282+0900][58.929s][debug][gc,heap        ] GC(88)  Metaspace       used 9489K, committed 10048K, reserved 1114112K
[2026-08-01T22:09:58.282+0900][58.929s][debug][gc,heap        ] GC(88)   class space    used 852K, committed 1152K, reserved 1048576K
[2026-08-01T22:09:58.282+0900][58.929s][info ][gc,task        ] GC(88) Using 18 workers of 18 for evacuation
[2026-08-01T22:09:58.283+0900][58.930s][info ][gc,phases      ] GC(88)   Pre Evacuate Collection Set: 0.1ms
[2026-08-01T22:09:58.283+0900][58.930s][info ][gc,phases      ] GC(88)   Merge Heap Roots: 0.2ms
[2026-08-01T22:09:58.283+0900][58.930s][info ][gc,phases      ] GC(88)   Evacuate Collection Set: 0.2ms
[2026-08-01T22:09:58.283+0900][58.930s][info ][gc,phases      ] GC(88)   Post Evacuate Collection Set: 0.3ms
[2026-08-01T22:09:58.283+0900][58.930s][info ][gc,phases      ] GC(88)   Other: 0.1ms
[2026-08-01T22:09:58.283+0900][58.930s][info ][gc,heap        ] GC(88) Eden regions: 130->0(130)
[2026-08-01T22:09:58.283+0900][58.930s][info ][gc,heap        ] GC(88) Survivor regions: 0->0(17)
[2026-08-01T22:09:58.283+0900][58.930s][info ][gc,heap        ] GC(88) Old regions: 131->131
[2026-08-01T22:09:58.283+0900][58.931s][info ][gc,heap        ] GC(88) Archive regions: 0->0
[2026-08-01T22:09:58.283+0900][58.931s][info ][gc,heap        ] GC(88) Humongous regions: 0->0
[2026-08-01T22:09:58.283+0900][58.931s][info ][gc,metaspace   ] GC(88) Metaspace: 9489K(10048K)->9489K(10048K) NonClass: 8636K(8896K)->8636K(8896K) Class: 852K(1152K)->852K(1152K)
[2026-08-01T22:09:58.283+0900][58.931s][debug][gc,heap        ] GC(88) Heap after GC invocations=89 (full 33):
[2026-08-01T22:09:58.283+0900][58.931s][debug][gc,heap        ] GC(88)  garbage-first heap   total 21430272K, used 4070500K [0x000001da1e000000, 0x000002111e000000)
[2026-08-01T22:09:58.283+0900][58.931s][debug][gc,heap        ] GC(88)   region size 32768K, 0 young (0K), 0 survivors (0K)
[2026-08-01T22:09:58.283+0900][58.931s][debug][gc,heap        ] GC(88)  Metaspace       used 9489K, committed 10048K, reserved 1114112K
[2026-08-01T22:09:58.283+0900][58.931s][debug][gc,heap        ] GC(88)   class space    used 852K, committed 1152K, reserved 1048576K
[2026-08-01T22:09:58.283+0900][58.931s][info ][gc             ] GC(88) Pause Young (Normal) (G1 Evacuation Pause) 8135M->3975M(20928M) 1.324ms
[2026-08-01T22:09:58.283+0900][58.931s][info ][gc,cpu         ] GC(88) User=0.00s Sys=0.00s Real=0.00s
[2026-08-01T22:09:58.283+0900][58.931s][info ][safepoint      ] Safepoint "G1CollectForAllocation", Time since last: 2736635800 ns, Reaching safepoint: 107700 ns, At safepoint: 1383400 ns, Total: 1491100 ns
[2026-08-01T22:10:01.036+0900][61.684s][info ][gc,start       ] GC(89) Pause Young (Normal) (G1 Evacuation Pause)
[2026-08-01T22:10:01.036+0900][61.684s][debug][gc,heap        ] GC(89) Heap before GC invocations=89 (full 33):
[2026-08-01T22:10:01.036+0900][61.684s][debug][gc,heap        ] GC(89)  garbage-first heap   total 21430272K, used 8330340K [0x000001da1e000000, 0x000002111e000000)
[2026-08-01T22:10:01.036+0900][61.684s][debug][gc,heap        ] GC(89)   region size 32768K, 130 young (4259840K), 0 survivors (0K)
[2026-08-01T22:10:01.036+0900][61.684s][debug][gc,heap        ] GC(89)  Metaspace       used 9489K, committed 10048K, reserved 1114112K
[2026-08-01T22:10:01.036+0900][61.684s][debug][gc,heap        ] GC(89)   class space    used 852K, committed 1152K, reserved 1048576K
[2026-08-01T22:10:01.036+0900][61.684s][info ][gc,task        ] GC(89) Using 18 workers of 18 for evacuation
[2026-08-01T22:10:01.037+0900][61.685s][info ][gc,phases      ] GC(89)   Pre Evacuate Collection Set: 0.2ms
[2026-08-01T22:10:01.037+0900][61.685s][info ][gc,phases      ] GC(89)   Merge Heap Roots: 0.2ms
[2026-08-01T22:10:01.037+0900][61.685s][info ][gc,phases      ] GC(89)   Evacuate Collection Set: 0.2ms
[2026-08-01T22:10:01.037+0900][61.685s][info ][gc,phases      ] GC(89)   Post Evacuate Collection Set: 0.3ms
[2026-08-01T22:10:01.037+0900][61.685s][info ][gc,phases      ] GC(89)   Other: 0.1ms
[2026-08-01T22:10:01.037+0900][61.685s][info ][gc,heap        ] GC(89) Eden regions: 130->0(130)
[2026-08-01T22:10:01.037+0900][61.685s][info ][gc,heap        ] GC(89) Survivor regions: 0->0(17)
[2026-08-01T22:10:01.037+0900][61.685s][info ][gc,heap        ] GC(89) Old regions: 131->131
[2026-08-01T22:10:01.037+0900][61.685s][info ][gc,heap        ] GC(89) Archive regions: 0->0
[2026-08-01T22:10:01.037+0900][61.685s][info ][gc,heap        ] GC(89) Humongous regions: 0->0
[2026-08-01T22:10:01.037+0900][61.685s][info ][gc,metaspace   ] GC(89) Metaspace: 9489K(10048K)->9489K(10048K) NonClass: 8636K(8896K)->8636K(8896K) Class: 852K(1152K)->852K(1152K)
[2026-08-01T22:10:01.037+0900][61.685s][debug][gc,heap        ] GC(89) Heap after GC invocations=90 (full 33):
[2026-08-01T22:10:01.037+0900][61.685s][debug][gc,heap        ] GC(89)  garbage-first heap   total 21430272K, used 4070500K [0x000001da1e000000, 0x000002111e000000)
[2026-08-01T22:10:01.037+0900][61.685s][debug][gc,heap        ] GC(89)   region size 32768K, 0 young (0K), 0 survivors (0K)
[2026-08-01T22:10:01.037+0900][61.685s][debug][gc,heap        ] GC(89)  Metaspace       used 9489K, committed 10048K, reserved 1114112K
[2026-08-01T22:10:01.037+0900][61.685s][debug][gc,heap        ] GC(89)   class space    used 852K, committed 1152K, reserved 1048576K
[2026-08-01T22:10:01.037+0900][61.685s][info ][gc             ] GC(89) Pause Young (Normal) (G1 Evacuation Pause) 8135M->3975M(20928M) 1.365ms
[2026-08-01T22:10:01.037+0900][61.685s][info ][gc,cpu         ] GC(89) User=0.00s Sys=0.00s Real=0.00s
[2026-08-01T22:10:01.037+0900][61.685s][info ][safepoint      ] Safepoint "G1CollectForAllocation", Time since last: 2752854899 ns, Reaching safepoint: 104001 ns, At safepoint: 1421700 ns, Total: 1525701 ns
[2026-08-01T22:10:03.844+0900][64.492s][info ][gc,start       ] GC(90) Pause Young (Normal) (G1 Evacuation Pause)
[2026-08-01T22:10:03.844+0900][64.492s][debug][gc,heap        ] GC(90) Heap before GC invocations=90 (full 33):
[2026-08-01T22:10:03.844+0900][64.492s][debug][gc,heap        ] GC(90)  garbage-first heap   total 21430272K, used 8330340K [0x000001da1e000000, 0x000002111e000000)
[2026-08-01T22:10:03.844+0900][64.492s][debug][gc,heap        ] GC(90)   region size 32768K, 130 young (4259840K), 0 survivors (0K)
[2026-08-01T22:10:03.844+0900][64.492s][debug][gc,heap        ] GC(90)  Metaspace       used 9489K, committed 10048K, reserved 1114112K
[2026-08-01T22:10:03.844+0900][64.492s][debug][gc,heap        ] GC(90)   class space    used 852K, committed 1152K, reserved 1048576K
[2026-08-01T22:10:03.844+0900][64.492s][info ][gc,task        ] GC(90) Using 18 workers of 18 for evacuation
[2026-08-01T22:10:03.845+0900][64.493s][info ][gc,phases      ] GC(90)   Pre Evacuate Collection Set: 0.1ms
[2026-08-01T22:10:03.845+0900][64.493s][info ][gc,phases      ] GC(90)   Merge Heap Roots: 0.2ms
[2026-08-01T22:10:03.845+0900][64.493s][info ][gc,phases      ] GC(90)   Evacuate Collection Set: 0.3ms
[2026-08-01T22:10:03.845+0900][64.493s][info ][gc,phases      ] GC(90)   Post Evacuate Collection Set: 0.3ms
[2026-08-01T22:10:03.845+0900][64.493s][info ][gc,phases      ] GC(90)   Other: 0.1ms
[2026-08-01T22:10:03.845+0900][64.493s][info ][gc,heap        ] GC(90) Eden regions: 130->0(130)
[2026-08-01T22:10:03.846+0900][64.493s][info ][gc,heap        ] GC(90) Survivor regions: 0->0(17)
[2026-08-01T22:10:03.846+0900][64.493s][info ][gc,heap        ] GC(90) Old regions: 131->131
[2026-08-01T22:10:03.846+0900][64.493s][info ][gc,heap        ] GC(90) Archive regions: 0->0
[2026-08-01T22:10:03.846+0900][64.493s][info ][gc,heap        ] GC(90) Humongous regions: 0->0
[2026-08-01T22:10:03.846+0900][64.493s][info ][gc,metaspace   ] GC(90) Metaspace: 9489K(10048K)->9489K(10048K) NonClass: 8636K(8896K)->8636K(8896K) Class: 852K(1152K)->852K(1152K)
[2026-08-01T22:10:03.846+0900][64.493s][debug][gc,heap        ] GC(90) Heap after GC invocations=91 (full 33):
[2026-08-01T22:10:03.846+0900][64.493s][debug][gc,heap        ] GC(90)  garbage-first heap   total 21430272K, used 4070500K [0x000001da1e000000, 0x000002111e000000)
[2026-08-01T22:10:03.846+0900][64.493s][debug][gc,heap        ] GC(90)   region size 32768K, 0 young (0K), 0 survivors (0K)
[2026-08-01T22:10:03.846+0900][64.493s][debug][gc,heap        ] GC(90)  Metaspace       used 9489K, committed 10048K, reserved 1114112K
[2026-08-01T22:10:03.846+0900][64.493s][debug][gc,heap        ] GC(90)   class space    used 852K, committed 1152K, reserved 1048576K
[2026-08-01T22:10:03.846+0900][64.493s][info ][gc             ] GC(90) Pause Young (Normal) (G1 Evacuation Pause) 8135M->3975M(20928M) 1.368ms
[2026-08-01T22:10:03.846+0900][64.493s][info ][gc,cpu         ] GC(90) User=0.00s Sys=0.00s Real=0.00s
[2026-08-01T22:10:03.846+0900][64.493s][info ][safepoint      ] Safepoint "G1CollectForAllocation", Time since last: 2806624200 ns, Reaching safepoint: 118400 ns, At safepoint: 1423800 ns, Total: 1542200 ns
[2026-08-01T22:10:06.644+0900][67.291s][info ][gc,start       ] GC(91) Pause Young (Normal) (G1 Evacuation Pause)
[2026-08-01T22:10:06.644+0900][67.292s][debug][gc,heap        ] GC(91) Heap before GC invocations=91 (full 33):
[2026-08-01T22:10:06.644+0900][67.292s][debug][gc,heap        ] GC(91)  garbage-first heap   total 21430272K, used 8330340K [0x000001da1e000000, 0x000002111e000000)
[2026-08-01T22:10:06.644+0900][67.292s][debug][gc,heap        ] GC(91)   region size 32768K, 130 young (4259840K), 0 survivors (0K)
[2026-08-01T22:10:06.644+0900][67.292s][debug][gc,heap        ] GC(91)  Metaspace       used 9489K, committed 10048K, reserved 1114112K
[2026-08-01T22:10:06.644+0900][67.292s][debug][gc,heap        ] GC(91)   class space    used 852K, committed 1152K, reserved 1048576K
[2026-08-01T22:10:06.644+0900][67.292s][info ][gc,task        ] GC(91) Using 18 workers of 18 for evacuation
[2026-08-01T22:10:06.645+0900][67.293s][info ][gc,phases      ] GC(91)   Pre Evacuate Collection Set: 0.1ms
[2026-08-01T22:10:06.645+0900][67.293s][info ][gc,phases      ] GC(91)   Merge Heap Roots: 0.2ms
[2026-08-01T22:10:06.645+0900][67.293s][info ][gc,phases      ] GC(91)   Evacuate Collection Set: 0.2ms
[2026-08-01T22:10:06.645+0900][67.293s][info ][gc,phases      ] GC(91)   Post Evacuate Collection Set: 0.3ms
[2026-08-01T22:10:06.645+0900][67.293s][info ][gc,phases      ] GC(91)   Other: 0.1ms
[2026-08-01T22:10:06.645+0900][67.293s][info ][gc,heap        ] GC(91) Eden regions: 130->0(130)
[2026-08-01T22:10:06.645+0900][67.293s][info ][gc,heap        ] GC(91) Survivor regions: 0->0(17)
[2026-08-01T22:10:06.645+0900][67.293s][info ][gc,heap        ] GC(91) Old regions: 131->131
[2026-08-01T22:10:06.645+0900][67.293s][info ][gc,heap        ] GC(91) Archive regions: 0->0
[2026-08-01T22:10:06.645+0900][67.293s][info ][gc,heap        ] GC(91) Humongous regions: 0->0
[2026-08-01T22:10:06.645+0900][67.293s][info ][gc,metaspace   ] GC(91) Metaspace: 9489K(10048K)->9489K(10048K) NonClass: 8636K(8896K)->8636K(8896K) Class: 852K(1152K)->852K(1152K)
[2026-08-01T22:10:06.645+0900][67.293s][debug][gc,heap        ] GC(91) Heap after GC invocations=92 (full 33):
[2026-08-01T22:10:06.645+0900][67.293s][debug][gc,heap        ] GC(91)  garbage-first heap   total 21430272K, used 4070500K [0x000001da1e000000, 0x000002111e000000)
[2026-08-01T22:10:06.645+0900][67.293s][debug][gc,heap        ] GC(91)   region size 32768K, 0 young (0K), 0 survivors (0K)
[2026-08-01T22:10:06.645+0900][67.293s][debug][gc,heap        ] GC(91)  Metaspace       used 9489K, committed 10048K, reserved 1114112K
[2026-08-01T22:10:06.645+0900][67.293s][debug][gc,heap        ] GC(91)   class space    used 852K, committed 1152K, reserved 1048576K
[2026-08-01T22:10:06.645+0900][67.293s][info ][gc             ] GC(91) Pause Young (Normal) (G1 Evacuation Pause) 8135M->3975M(20928M) 1.372ms
[2026-08-01T22:10:06.645+0900][67.293s][info ][gc,cpu         ] GC(91) User=0.00s Sys=0.00s Real=0.00s
[2026-08-01T22:10:06.645+0900][67.293s][info ][safepoint      ] Safepoint "G1CollectForAllocation", Time since last: 2798072200 ns, Reaching safepoint: 111700 ns, At safepoint: 1429399 ns, Total: 1541099 ns
[2026-08-01T22:10:09.528+0900][70.175s][info ][gc,start       ] GC(92) Pause Young (Normal) (G1 Evacuation Pause)
[2026-08-01T22:10:09.528+0900][70.175s][debug][gc,heap        ] GC(92) Heap before GC invocations=92 (full 33):
[2026-08-01T22:10:09.528+0900][70.175s][debug][gc,heap        ] GC(92)  garbage-first heap   total 21430272K, used 8330340K [0x000001da1e000000, 0x000002111e000000)
[2026-08-01T22:10:09.528+0900][70.175s][debug][gc,heap        ] GC(92)   region size 32768K, 130 young (4259840K), 0 survivors (0K)
[2026-08-01T22:10:09.528+0900][70.175s][debug][gc,heap        ] GC(92)  Metaspace       used 9489K, committed 10048K, reserved 1114112K
[2026-08-01T22:10:09.528+0900][70.175s][debug][gc,heap        ] GC(92)   class space    used 852K, committed 1152K, reserved 1048576K
[2026-08-01T22:10:09.528+0900][70.175s][info ][gc,task        ] GC(92) Using 18 workers of 18 for evacuation
[2026-08-01T22:10:09.529+0900][70.176s][info ][gc,phases      ] GC(92)   Pre Evacuate Collection Set: 0.1ms
[2026-08-01T22:10:09.529+0900][70.176s][info ][gc,phases      ] GC(92)   Merge Heap Roots: 0.2ms
[2026-08-01T22:10:09.529+0900][70.176s][info ][gc,phases      ] GC(92)   Evacuate Collection Set: 0.2ms
[2026-08-01T22:10:09.530+0900][70.176s][info ][gc,phases      ] GC(92)   Post Evacuate Collection Set: 0.3ms
[2026-08-01T22:10:09.530+0900][70.176s][info ][gc,phases      ] GC(92)   Other: 0.1ms
[2026-08-01T22:10:09.530+0900][70.176s][info ][gc,heap        ] GC(92) Eden regions: 130->0(130)
[2026-08-01T22:10:09.530+0900][70.176s][info ][gc,heap        ] GC(92) Survivor regions: 0->0(17)
[2026-08-01T22:10:09.530+0900][70.176s][info ][gc,heap        ] GC(92) Old regions: 131->131
[2026-08-01T22:10:09.530+0900][70.176s][info ][gc,heap        ] GC(92) Archive regions: 0->0
[2026-08-01T22:10:09.530+0900][70.176s][info ][gc,heap        ] GC(92) Humongous regions: 0->0
[2026-08-01T22:10:09.530+0900][70.176s][info ][gc,metaspace   ] GC(92) Metaspace: 9489K(10048K)->9489K(10048K) NonClass: 8636K(8896K)->8636K(8896K) Class: 852K(1152K)->852K(1152K)
[2026-08-01T22:10:09.530+0900][70.176s][debug][gc,heap        ] GC(92) Heap after GC invocations=93 (full 33):
[2026-08-01T22:10:09.530+0900][70.176s][debug][gc,heap        ] GC(92)  garbage-first heap   total 21430272K, used 4070500K [0x000001da1e000000, 0x000002111e000000)
[2026-08-01T22:10:09.530+0900][70.176s][debug][gc,heap        ] GC(92)   region size 32768K, 0 young (0K), 0 survivors (0K)
[2026-08-01T22:10:09.530+0900][70.176s][debug][gc,heap        ] GC(92)  Metaspace       used 9489K, committed 10048K, reserved 1114112K
[2026-08-01T22:10:09.530+0900][70.176s][debug][gc,heap        ] GC(92)   class space    used 852K, committed 1152K, reserved 1048576K
[2026-08-01T22:10:09.530+0900][70.176s][info ][gc             ] GC(92) Pause Young (Normal) (G1 Evacuation Pause) 8135M->3975M(20928M) 1.342ms
[2026-08-01T22:10:09.530+0900][70.176s][info ][gc,cpu         ] GC(92) User=0.00s Sys=0.00s Real=0.00s
[2026-08-01T22:10:09.530+0900][70.176s][info ][safepoint      ] Safepoint "G1CollectForAllocation", Time since last: 2882048900 ns, Reaching safepoint: 105200 ns, At safepoint: 1403700 ns, Total: 1508900 ns
[2026-08-01T22:10:12.452+0900][73.099s][info ][gc,start       ] GC(93) Pause Young (Normal) (G1 Evacuation Pause)
[2026-08-01T22:10:12.452+0900][73.099s][debug][gc,heap        ] GC(93) Heap before GC invocations=93 (full 33):
[2026-08-01T22:10:12.452+0900][73.099s][debug][gc,heap        ] GC(93)  garbage-first heap   total 21430272K, used 8330340K [0x000001da1e000000, 0x000002111e000000)
[2026-08-01T22:10:12.452+0900][73.099s][debug][gc,heap        ] GC(93)   region size 32768K, 130 young (4259840K), 0 survivors (0K)
[2026-08-01T22:10:12.452+0900][73.099s][debug][gc,heap        ] GC(93)  Metaspace       used 9489K, committed 10048K, reserved 1114112K
[2026-08-01T22:10:12.452+0900][73.099s][debug][gc,heap        ] GC(93)   class space    used 852K, committed 1152K, reserved 1048576K
[2026-08-01T22:10:12.452+0900][73.099s][info ][gc,task        ] GC(93) Using 18 workers of 18 for evacuation
[2026-08-01T22:10:12.453+0900][73.100s][info ][gc,phases      ] GC(93)   Pre Evacuate Collection Set: 0.1ms
[2026-08-01T22:10:12.453+0900][73.100s][info ][gc,phases      ] GC(93)   Merge Heap Roots: 0.2ms
[2026-08-01T22:10:12.453+0900][73.100s][info ][gc,phases      ] GC(93)   Evacuate Collection Set: 0.2ms
[2026-08-01T22:10:12.453+0900][73.100s][info ][gc,phases      ] GC(93)   Post Evacuate Collection Set: 0.3ms
[2026-08-01T22:10:12.453+0900][73.100s][info ][gc,phases      ] GC(93)   Other: 0.1ms
[2026-08-01T22:10:12.453+0900][73.100s][info ][gc,heap        ] GC(93) Eden regions: 130->0(130)
[2026-08-01T22:10:12.453+0900][73.100s][info ][gc,heap        ] GC(93) Survivor regions: 0->0(17)
[2026-08-01T22:10:12.453+0900][73.100s][info ][gc,heap        ] GC(93) Old regions: 131->131
[2026-08-01T22:10:12.453+0900][73.100s][info ][gc,heap        ] GC(93) Archive regions: 0->0
[2026-08-01T22:10:12.453+0900][73.100s][info ][gc,heap        ] GC(93) Humongous regions: 0->0
[2026-08-01T22:10:12.453+0900][73.100s][info ][gc,metaspace   ] GC(93) Metaspace: 9489K(10048K)->9489K(10048K) NonClass: 8636K(8896K)->8636K(8896K) Class: 852K(1152K)->852K(1152K)
[2026-08-01T22:10:12.453+0900][73.100s][debug][gc,heap        ] GC(93) Heap after GC invocations=94 (full 33):
[2026-08-01T22:10:12.453+0900][73.100s][debug][gc,heap        ] GC(93)  garbage-first heap   total 21430272K, used 4070500K [0x000001da1e000000, 0x000002111e000000)
[2026-08-01T22:10:12.453+0900][73.100s][debug][gc,heap        ] GC(93)   region size 32768K, 0 young (0K), 0 survivors (0K)
[2026-08-01T22:10:12.453+0900][73.100s][debug][gc,heap        ] GC(93)  Metaspace       used 9489K, committed 10048K, reserved 1114112K
[2026-08-01T22:10:12.453+0900][73.100s][debug][gc,heap        ] GC(93)   class space    used 852K, committed 1152K, reserved 1048576K
[2026-08-01T22:10:12.453+0900][73.100s][info ][gc             ] GC(93) Pause Young (Normal) (G1 Evacuation Pause) 8135M->3975M(20928M) 1.289ms
[2026-08-01T22:10:12.453+0900][73.100s][info ][gc,cpu         ] GC(93) User=0.00s Sys=0.00s Real=0.00s
[2026-08-01T22:10:12.453+0900][73.100s][info ][safepoint      ] Safepoint "G1CollectForAllocation", Time since last: 2922392900 ns, Reaching safepoint: 118400 ns, At safepoint: 1343600 ns, Total: 1462000 ns
[2026-08-01T22:10:15.480+0900][76.128s][info ][gc,start       ] GC(94) Pause Young (Normal) (G1 Evacuation Pause)
[2026-08-01T22:10:15.480+0900][76.128s][debug][gc,heap        ] GC(94) Heap before GC invocations=94 (full 33):
[2026-08-01T22:10:15.480+0900][76.128s][debug][gc,heap        ] GC(94)  garbage-first heap   total 21430272K, used 8330340K [0x000001da1e000000, 0x000002111e000000)
[2026-08-01T22:10:15.480+0900][76.128s][debug][gc,heap        ] GC(94)   region size 32768K, 130 young (4259840K), 0 survivors (0K)
[2026-08-01T22:10:15.480+0900][76.128s][debug][gc,heap        ] GC(94)  Metaspace       used 9489K, committed 10048K, reserved 1114112K
[2026-08-01T22:10:15.480+0900][76.128s][debug][gc,heap        ] GC(94)   class space    used 852K, committed 1152K, reserved 1048576K
[2026-08-01T22:10:15.480+0900][76.128s][info ][gc,task        ] GC(94) Using 18 workers of 18 for evacuation
[2026-08-01T22:10:15.481+0900][76.129s][info ][gc,phases      ] GC(94)   Pre Evacuate Collection Set: 0.1ms
[2026-08-01T22:10:15.481+0900][76.129s][info ][gc,phases      ] GC(94)   Merge Heap Roots: 0.2ms
[2026-08-01T22:10:15.481+0900][76.129s][info ][gc,phases      ] GC(94)   Evacuate Collection Set: 0.2ms
[2026-08-01T22:10:15.481+0900][76.129s][info ][gc,phases      ] GC(94)   Post Evacuate Collection Set: 0.3ms
[2026-08-01T22:10:15.481+0900][76.129s][info ][gc,phases      ] GC(94)   Other: 0.1ms
[2026-08-01T22:10:15.481+0900][76.129s][info ][gc,heap        ] GC(94) Eden regions: 130->0(130)
[2026-08-01T22:10:15.481+0900][76.129s][info ][gc,heap        ] GC(94) Survivor regions: 0->0(17)
[2026-08-01T22:10:15.481+0900][76.129s][info ][gc,heap        ] GC(94) Old regions: 131->131
[2026-08-01T22:10:15.481+0900][76.129s][info ][gc,heap        ] GC(94) Archive regions: 0->0
[2026-08-01T22:10:15.481+0900][76.129s][info ][gc,heap        ] GC(94) Humongous regions: 0->0
[2026-08-01T22:10:15.481+0900][76.129s][info ][gc,metaspace   ] GC(94) Metaspace: 9489K(10048K)->9489K(10048K) NonClass: 8636K(8896K)->8636K(8896K) Class: 852K(1152K)->852K(1152K)
[2026-08-01T22:10:15.481+0900][76.129s][debug][gc,heap        ] GC(94) Heap after GC invocations=95 (full 33):
[2026-08-01T22:10:15.481+0900][76.129s][debug][gc,heap        ] GC(94)  garbage-first heap   total 21430272K, used 4070500K [0x000001da1e000000, 0x000002111e000000)
[2026-08-01T22:10:15.481+0900][76.129s][debug][gc,heap        ] GC(94)   region size 32768K, 0 young (0K), 0 survivors (0K)
[2026-08-01T22:10:15.481+0900][76.129s][debug][gc,heap        ] GC(94)  Metaspace       used 9489K, committed 10048K, reserved 1114112K
[2026-08-01T22:10:15.481+0900][76.129s][debug][gc,heap        ] GC(94)   class space    used 852K, committed 1152K, reserved 1048576K
[2026-08-01T22:10:15.481+0900][76.129s][info ][gc             ] GC(94) Pause Young (Normal) (G1 Evacuation Pause) 8135M->3975M(20928M) 1.241ms
[2026-08-01T22:10:15.481+0900][76.129s][info ][gc,cpu         ] GC(94) User=0.11s Sys=0.03s Real=0.00s
[2026-08-01T22:10:15.481+0900][76.129s][info ][safepoint      ] Safepoint "G1CollectForAllocation", Time since last: 3027152101 ns, Reaching safepoint: 113800 ns, At safepoint: 1306499 ns, Total: 1420299 ns
[2026-08-01T22:10:18.581+0900][79.229s][info ][gc,start       ] GC(95) Pause Young (Normal) (G1 Evacuation Pause)
[2026-08-01T22:10:18.581+0900][79.229s][debug][gc,heap        ] GC(95) Heap before GC invocations=95 (full 33):
[2026-08-01T22:10:18.581+0900][79.229s][debug][gc,heap        ] GC(95)  garbage-first heap   total 21430272K, used 8330340K [0x000001da1e000000, 0x000002111e000000)
[2026-08-01T22:10:18.581+0900][79.229s][debug][gc,heap        ] GC(95)   region size 32768K, 130 young (4259840K), 0 survivors (0K)
[2026-08-01T22:10:18.581+0900][79.229s][debug][gc,heap        ] GC(95)  Metaspace       used 9489K, committed 10048K, reserved 1114112K
[2026-08-01T22:10:18.581+0900][79.229s][debug][gc,heap        ] GC(95)   class space    used 852K, committed 1152K, reserved 1048576K
[2026-08-01T22:10:18.581+0900][79.229s][info ][gc,task        ] GC(95) Using 18 workers of 18 for evacuation
[2026-08-01T22:10:18.582+0900][79.230s][info ][gc,phases      ] GC(95)   Pre Evacuate Collection Set: 0.1ms
[2026-08-01T22:10:18.582+0900][79.230s][info ][gc,phases      ] GC(95)   Merge Heap Roots: 0.2ms
[2026-08-01T22:10:18.582+0900][79.230s][info ][gc,phases      ] GC(95)   Evacuate Collection Set: 0.2ms
[2026-08-01T22:10:18.582+0900][79.230s][info ][gc,phases      ] GC(95)   Post Evacuate Collection Set: 0.3ms
[2026-08-01T22:10:18.582+0900][79.230s][info ][gc,phases      ] GC(95)   Other: 0.1ms
[2026-08-01T22:10:18.582+0900][79.230s][info ][gc,heap        ] GC(95) Eden regions: 130->0(130)
[2026-08-01T22:10:18.582+0900][79.230s][info ][gc,heap        ] GC(95) Survivor regions: 0->0(17)
[2026-08-01T22:10:18.582+0900][79.230s][info ][gc,heap        ] GC(95) Old regions: 131->131
[2026-08-01T22:10:18.582+0900][79.230s][info ][gc,heap        ] GC(95) Archive regions: 0->0
[2026-08-01T22:10:18.582+0900][79.230s][info ][gc,heap        ] GC(95) Humongous regions: 0->0
[2026-08-01T22:10:18.582+0900][79.230s][info ][gc,metaspace   ] GC(95) Metaspace: 9489K(10048K)->9489K(10048K) NonClass: 8636K(8896K)->8636K(8896K) Class: 852K(1152K)->852K(1152K)
[2026-08-01T22:10:18.582+0900][79.230s][debug][gc,heap        ] GC(95) Heap after GC invocations=96 (full 33):
[2026-08-01T22:10:18.582+0900][79.230s][debug][gc,heap        ] GC(95)  garbage-first heap   total 21430272K, used 4070500K [0x000001da1e000000, 0x000002111e000000)
[2026-08-01T22:10:18.582+0900][79.230s][debug][gc,heap        ] GC(95)   region size 32768K, 0 young (0K), 0 survivors (0K)
[2026-08-01T22:10:18.582+0900][79.230s][debug][gc,heap        ] GC(95)  Metaspace       used 9489K, committed 10048K, reserved 1114112K
[2026-08-01T22:10:18.582+0900][79.230s][debug][gc,heap        ] GC(95)   class space    used 852K, committed 1152K, reserved 1048576K
[2026-08-01T22:10:18.582+0900][79.230s][info ][gc             ] GC(95) Pause Young (Normal) (G1 Evacuation Pause) 8135M->3975M(20928M) 1.223ms
[2026-08-01T22:10:18.582+0900][79.230s][info ][gc,cpu         ] GC(95) User=0.00s Sys=0.00s Real=0.00s
[2026-08-01T22:10:18.582+0900][79.230s][info ][safepoint      ] Safepoint "G1CollectForAllocation", Time since last: 3099734301 ns, Reaching safepoint: 105100 ns, At safepoint: 1279300 ns, Total: 1384400 ns
[2026-08-01T22:10:20.594+0900][81.241s][info ][safepoint      ] Safepoint "Cleanup", Time since last: 2011036200 ns, Reaching safepoint: 128300 ns, At safepoint: 11899 ns, Total: 140199 ns
[2026-08-01T22:11:49.304+0900][169.951s][info ][safepoint      ] Safepoint "Cleanup", Time since last: 88709324901 ns, Reaching safepoint: 105899 ns, At safepoint: 13601 ns, Total: 119500 ns
[2026-08-01T22:22:47.989+0900][828.636s][info ][safepoint      ] Safepoint "Cleanup", Time since last: 658685360800 ns, Reaching safepoint: 156400 ns, At safepoint: 20200 ns, Total: 176600 ns
[2026-08-01T22:22:48.996+0900][829.643s][info ][safepoint      ] Safepoint "Cleanup", Time since last: 1006759500 ns, Reaching safepoint: 128600 ns, At safepoint: 11300 ns, Total: 139900 ns
[2026-08-01T22:22:48.997+0900][829.644s][info ][gc,start       ] GC(96) Pause Young (Normal) (G1 Evacuation Pause)
[2026-08-01T22:22:48.997+0900][829.644s][debug][gc,heap        ] GC(96) Heap before GC invocations=96 (full 33):
[2026-08-01T22:22:48.997+0900][829.644s][debug][gc,heap        ] GC(96)  garbage-first heap   total 21430272K, used 8363108K [0x000001da1e000000, 0x000002111e000000)
[2026-08-01T22:22:48.997+0900][829.644s][debug][gc,heap        ] GC(96)   region size 32768K, 130 young (4259840K), 0 survivors (0K)
[2026-08-01T22:22:48.997+0900][829.644s][debug][gc,heap        ] GC(96)  Metaspace       used 9508K, committed 10112K, reserved 1114112K
[2026-08-01T22:22:48.997+0900][829.644s][debug][gc,heap        ] GC(96)   class space    used 852K, committed 1152K, reserved 1048576K
[2026-08-01T22:22:48.997+0900][829.644s][info ][gc,task        ] GC(96) Using 18 workers of 18 for evacuation
[2026-08-01T22:22:49.225+0900][829.872s][info ][gc,mmu         ] GC(96) MMU target violated: 201.0ms (200.0ms/201.0ms)
[2026-08-01T22:22:49.225+0900][829.872s][info ][gc,phases      ] GC(96)   Pre Evacuate Collection Set: 0.2ms
[2026-08-01T22:22:49.225+0900][829.872s][info ][gc,phases      ] GC(96)   Merge Heap Roots: 1.3ms
[2026-08-01T22:22:49.225+0900][829.872s][info ][gc,phases      ] GC(96)   Evacuate Collection Set: 225.8ms
[2026-08-01T22:22:49.225+0900][829.872s][info ][gc,phases      ] GC(96)   Post Evacuate Collection Set: 0.8ms
[2026-08-01T22:22:49.225+0900][829.872s][info ][gc,phases      ] GC(96)   Other: 0.2ms
[2026-08-01T22:22:49.225+0900][829.872s][info ][gc,heap        ] GC(96) Eden regions: 130->0(113)
[2026-08-01T22:22:49.225+0900][829.872s][info ][gc,heap        ] GC(96) Survivor regions: 0->17(17)
[2026-08-01T22:22:49.225+0900][829.872s][info ][gc,heap        ] GC(96) Old regions: 131->131
[2026-08-01T22:22:49.225+0900][829.872s][info ][gc,heap        ] GC(96) Archive regions: 0->0
[2026-08-01T22:22:49.225+0900][829.872s][info ][gc,heap        ] GC(96) Humongous regions: 1->1
[2026-08-01T22:22:49.225+0900][829.872s][info ][gc,metaspace   ] GC(96) Metaspace: 9508K(10112K)->9508K(10112K) NonClass: 8655K(8960K)->8655K(8960K) Class: 852K(1152K)->852K(1152K)
[2026-08-01T22:22:49.225+0900][829.872s][debug][gc,heap        ] GC(96) Heap after GC invocations=97 (full 33):
[2026-08-01T22:22:49.225+0900][829.872s][debug][gc,heap        ] GC(96)  garbage-first heap   total 21430272K, used 4649279K [0x000001da1e000000, 0x000002111e000000)
[2026-08-01T22:22:49.225+0900][829.872s][debug][gc,heap        ] GC(96)   region size 32768K, 17 young (557056K), 17 survivors (557056K)
[2026-08-01T22:22:49.225+0900][829.872s][debug][gc,heap        ] GC(96)  Metaspace       used 9508K, committed 10112K, reserved 1114112K
[2026-08-01T22:22:49.225+0900][829.872s][debug][gc,heap        ] GC(96)   class space    used 852K, committed 1152K, reserved 1048576K
[2026-08-01T22:22:49.225+0900][829.872s][info ][gc             ] GC(96) Pause Young (Normal) (G1 Evacuation Pause) 8167M->4540M(20928M) 228.530ms
[2026-08-01T22:22:49.225+0900][829.872s][info ][gc,cpu         ] GC(96) User=1.69s Sys=2.25s Real=0.23s
[2026-08-01T22:22:49.225+0900][829.873s][info ][safepoint      ] Safepoint "G1CollectForAllocation", Time since last: 895000 ns, Reaching safepoint: 34100 ns, At safepoint: 228582700 ns, Total: 228616800 ns
[2026-08-01T22:22:50.512+0900][831.159s][info ][safepoint      ] Safepoint "Cleanup", Time since last: 1286416500 ns, Reaching safepoint: 124200 ns, At safepoint: 12200 ns, Total: 136400 ns
[2026-08-01T22:25:34.492+0900][995.139s][info ][safepoint      ] Safepoint "Cleanup", Time since last: 163979792300 ns, Reaching safepoint: 118500 ns, At safepoint: 10500 ns, Total: 129000 ns
[2026-08-01T22:26:40.881+0900][1061.528s][info ][safepoint      ] Safepoint "Cleanup", Time since last: 66388927600 ns, Reaching safepoint: 150800 ns, At safepoint: 12500 ns, Total: 163300 ns
[2026-08-01T22:26:53.021+0900][1073.669s][info ][gc,heap,exit   ] Heap
[2026-08-01T22:26:53.021+0900][1073.669s][info ][gc,heap,exit   ]  garbage-first heap   total 21430272K, used 6607000K [0x000001da1e000000, 0x000002111e000000)
[2026-08-01T22:26:53.021+0900][1073.669s][info ][gc,heap,exit   ]   region size 32768K, 77 young (2523136K), 17 survivors (557056K)
[2026-08-01T22:26:53.021+0900][1073.669s][info ][gc,heap,exit   ]  Metaspace       used 10565K, committed 11200K, reserved 1114112K
[2026-08-01T22:26:53.021+0900][1073.669s][info ][gc,heap,exit   ]   class space    used 954K, committed 1280K, reserved 1048576K
