[2026-08-01T23:22:04.724+0900][0.006s][info][gc,init] CardTable entry size: 512
[2026-08-01T23:22:04.724+0900][0.006s][debug][gc,heap] Minimum heap 33554432  Initial heap 2147483648  Maximum heap 236223201280
[2026-08-01T23:22:04.724+0900][0.007s][info ][gc     ] Using G1
[2026-08-01T23:22:04.730+0900][0.013s][info ][gc,init] Version: 18.0.1.1+2-6 (release)
[2026-08-01T23:22:04.730+0900][0.013s][info ][gc,init] CPUs: 24 total, 24 available
[2026-08-01T23:22:04.730+0900][0.013s][info ][gc,init] Memory: 255G
[2026-08-01T23:22:04.730+0900][0.013s][info ][gc,init] Large Page Support: Disabled
[2026-08-01T23:22:04.730+0900][0.013s][info ][gc,init] NUMA Support: Disabled
[2026-08-01T23:22:04.730+0900][0.013s][info ][gc,init] Compressed Oops: Disabled
[2026-08-01T23:22:04.730+0900][0.013s][info ][gc,init] Heap Region Size: 32M
[2026-08-01T23:22:04.730+0900][0.013s][info ][gc,init] Heap Min Capacity: 32M
[2026-08-01T23:22:04.730+0900][0.013s][info ][gc,init] Heap Initial Capacity: 2G
[2026-08-01T23:22:04.730+0900][0.013s][info ][gc,init] Heap Max Capacity: 220G
[2026-08-01T23:22:04.730+0900][0.013s][info ][gc,init] Pre-touch: Disabled
[2026-08-01T23:22:04.730+0900][0.013s][info ][gc,init] Parallel Workers: 18
[2026-08-01T23:22:04.730+0900][0.013s][info ][gc,init] Concurrent Workers: 5
[2026-08-01T23:22:04.730+0900][0.013s][info ][gc,init] Concurrent Refinement Workers: 18
[2026-08-01T23:22:04.730+0900][0.013s][info ][gc,init] Periodic GC: Disabled
[2026-08-01T23:22:04.731+0900][0.014s][info ][gc,metaspace] CDS archive(s) mapped at: [0x0000000800000000-0x0000000800ba0000-0x0000000800ba0000), size 12189696, SharedBaseAddress: 0x0000000800000000, ArchiveRelocationMode: 0.
[2026-08-01T23:22:04.731+0900][0.014s][info ][gc,metaspace] Compressed class space mapped at: 0x0000000800c00000-0x0000000840c00000, reserved size: 1073741824
[2026-08-01T23:22:04.731+0900][0.014s][info ][gc,metaspace] Narrow klass base: 0x0000000800000000, Narrow klass shift: 0, Narrow klass range: 0x100000000
[2026-08-01T23:22:04.797+0900][0.079s][info ][gc,start    ] GC(0) Pause Full (System.gc())
[2026-08-01T23:22:04.797+0900][0.079s][debug][gc,heap     ] GC(0) Heap before GC invocations=0 (full 0):
[2026-08-01T23:22:04.797+0900][0.079s][debug][gc,heap     ] GC(0)  garbage-first heap   total 2097152K, used 0K [0x000001d45a000000, 0x0000020b5a000000)
[2026-08-01T23:22:04.797+0900][0.079s][debug][gc,heap     ] GC(0)   region size 32768K, 1 young (32768K), 0 survivors (0K)
[2026-08-01T23:22:04.797+0900][0.079s][debug][gc,heap     ] GC(0)  Metaspace       used 630K, committed 768K, reserved 1114112K
[2026-08-01T23:22:04.797+0900][0.079s][debug][gc,heap     ] GC(0)   class space    used 41K, committed 128K, reserved 1048576K
[2026-08-01T23:22:04.797+0900][0.079s][info ][gc,task     ] GC(0) Using 1 workers of 18 for full compaction
[2026-08-01T23:22:04.797+0900][0.079s][info ][gc,phases,start] GC(0) Phase 1: Mark live objects
[2026-08-01T23:22:04.798+0900][0.081s][info ][gc,phases      ] GC(0) Phase 1: Mark live objects 1.300ms
[2026-08-01T23:22:04.798+0900][0.081s][info ][gc,phases,start] GC(0) Phase 2: Prepare for compaction
[2026-08-01T23:22:04.800+0900][0.083s][info ][gc,phases      ] GC(0) Phase 2: Prepare for compaction 1.911ms
[2026-08-01T23:22:04.800+0900][0.083s][info ][gc,phases,start] GC(0) Phase 3: Adjust pointers
[2026-08-01T23:22:04.801+0900][0.083s][info ][gc,phases      ] GC(0) Phase 3: Adjust pointers 0.576ms
[2026-08-01T23:22:04.801+0900][0.083s][info ][gc,phases,start] GC(0) Phase 4: Compact heap
[2026-08-01T23:22:04.803+0900][0.085s][info ][gc,phases      ] GC(0) Phase 4: Compact heap 2.201ms
[2026-08-01T23:22:04.810+0900][0.092s][debug][gc,heap        ] GC(0) Uncommittable regions after shrink: 60
[2026-08-01T23:22:04.810+0900][0.093s][info ][gc,heap        ] GC(0) Eden regions: 1->0(1)
[2026-08-01T23:22:04.810+0900][0.093s][info ][gc,heap        ] GC(0) Survivor regions: 0->0(0)
[2026-08-01T23:22:04.810+0900][0.093s][info ][gc,heap        ] GC(0) Old regions: 0->1
[2026-08-01T23:22:04.810+0900][0.093s][info ][gc,heap        ] GC(0) Archive regions: 0->0
[2026-08-01T23:22:04.810+0900][0.093s][info ][gc,heap        ] GC(0) Humongous regions: 0->0
[2026-08-01T23:22:04.810+0900][0.093s][info ][gc,metaspace   ] GC(0) Metaspace: 630K(768K)->630K(768K) NonClass: 589K(640K)->589K(640K) Class: 41K(128K)->41K(128K)
[2026-08-01T23:22:04.810+0900][0.093s][debug][gc,heap        ] GC(0) Heap after GC invocations=1 (full 1):
[2026-08-01T23:22:04.810+0900][0.093s][debug][gc,heap        ] GC(0)  garbage-first heap   total 131072K, used 6067K [0x000001d45a000000, 0x0000020b5a000000)
[2026-08-01T23:22:04.810+0900][0.093s][debug][gc,heap        ] GC(0)   region size 32768K, 0 young (0K), 0 survivors (0K)
[2026-08-01T23:22:04.810+0900][0.093s][debug][gc,heap        ] GC(0)  Metaspace       used 630K, committed 768K, reserved 1114112K
[2026-08-01T23:22:04.810+0900][0.093s][debug][gc,heap        ] GC(0)   class space    used 41K, committed 128K, reserved 1048576K
[2026-08-01T23:22:04.810+0900][0.093s][info ][gc             ] GC(0) Pause Full (System.gc()) 14M->5M(128M) 13.688ms
[2026-08-01T23:22:04.810+0900][0.093s][info ][gc,cpu         ] GC(0) User=0.03s Sys=0.00s Real=0.01s
[2026-08-01T23:22:04.810+0900][0.093s][info ][safepoint      ] Safepoint "G1CollectFull", Time since last: 60664300 ns, Reaching safepoint: 66500 ns, At safepoint: 13736700 ns, Total: 13803200 ns
[2026-08-01T23:22:05.037+0900][0.319s][debug][gc,heap        ] Concurrent Uncommit Summary: 1920M, 60 regions, 15.850ms
[2026-08-01T23:22:05.042+0900][0.325s][info ][gc,start       ] GC(1) Pause Full (System.gc())
[2026-08-01T23:22:05.042+0900][0.325s][debug][gc,heap        ] GC(1) Heap before GC invocations=1 (full 1):
[2026-08-01T23:22:05.042+0900][0.325s][debug][gc,heap        ] GC(1)  garbage-first heap   total 131072K, used 6067K [0x000001d45a000000, 0x0000020b5a000000)
[2026-08-01T23:22:05.042+0900][0.325s][debug][gc,heap        ] GC(1)   region size 32768K, 1 young (32768K), 0 survivors (0K)
[2026-08-01T23:22:05.042+0900][0.325s][debug][gc,heap        ] GC(1)  Metaspace       used 5949K, committed 6144K, reserved 1114112K
[2026-08-01T23:22:05.042+0900][0.325s][debug][gc,heap        ] GC(1)   class space    used 550K, committed 640K, reserved 1048576K
[2026-08-01T23:22:05.042+0900][0.325s][info ][gc,task        ] GC(1) Using 1 workers of 18 for full compaction
[2026-08-01T23:22:05.042+0900][0.325s][info ][gc,phases,start] GC(1) Phase 1: Mark live objects
[2026-08-01T23:22:05.051+0900][0.333s][info ][gc,phases      ] GC(1) Phase 1: Mark live objects 8.263ms
[2026-08-01T23:22:05.051+0900][0.333s][info ][gc,phases,start] GC(1) Phase 2: Prepare for compaction
[2026-08-01T23:22:05.053+0900][0.335s][info ][gc,phases      ] GC(1) Phase 2: Prepare for compaction 2.005ms
[2026-08-01T23:22:05.053+0900][0.335s][info ][gc,phases,start] GC(1) Phase 3: Adjust pointers
[2026-08-01T23:22:05.056+0900][0.338s][info ][gc,phases      ] GC(1) Phase 3: Adjust pointers 3.138ms
[2026-08-01T23:22:05.056+0900][0.338s][info ][gc,phases,start] GC(1) Phase 4: Compact heap
[2026-08-01T23:22:05.059+0900][0.341s][info ][gc,phases      ] GC(1) Phase 4: Compact heap 2.837ms
[2026-08-01T23:22:05.060+0900][0.342s][info ][gc,heap        ] GC(1) Eden regions: 1->0(1)
[2026-08-01T23:22:05.060+0900][0.342s][info ][gc,heap        ] GC(1) Survivor regions: 0->0(0)
[2026-08-01T23:22:05.060+0900][0.342s][info ][gc,heap        ] GC(1) Old regions: 1->1
[2026-08-01T23:22:05.060+0900][0.342s][info ][gc,heap        ] GC(1) Archive regions: 0->0
[2026-08-01T23:22:05.060+0900][0.342s][info ][gc,heap        ] GC(1) Humongous regions: 0->0
[2026-08-01T23:22:05.060+0900][0.342s][info ][gc,metaspace   ] GC(1) Metaspace: 5949K(6144K)->5949K(6144K) NonClass: 5399K(5504K)->5399K(5504K) Class: 550K(640K)->550K(640K)
[2026-08-01T23:22:05.060+0900][0.342s][debug][gc,heap        ] GC(1) Heap after GC invocations=2 (full 2):
[2026-08-01T23:22:05.060+0900][0.342s][debug][gc,heap        ] GC(1)  garbage-first heap   total 131072K, used 9007K [0x000001d45a000000, 0x0000020b5a000000)
[2026-08-01T23:22:05.060+0900][0.342s][debug][gc,heap        ] GC(1)   region size 32768K, 0 young (0K), 0 survivors (0K)
[2026-08-01T23:22:05.060+0900][0.342s][debug][gc,heap        ] GC(1)  Metaspace       used 5949K, committed 6144K, reserved 1114112K
[2026-08-01T23:22:05.060+0900][0.342s][debug][gc,heap        ] GC(1)   class space    used 550K, committed 640K, reserved 1048576K
[2026-08-01T23:22:05.060+0900][0.342s][info ][gc             ] GC(1) Pause Full (System.gc()) 25M->8M(128M) 17.747ms
[2026-08-01T23:22:05.060+0900][0.342s][info ][gc,cpu         ] GC(1) User=0.03s Sys=0.00s Real=0.02s
[2026-08-01T23:22:05.060+0900][0.342s][info ][safepoint      ] Safepoint "G1CollectFull", Time since last: 231630300 ns, Reaching safepoint: 108000 ns, At safepoint: 17841600 ns, Total: 17949600 ns
[2026-08-01T23:22:05.139+0900][0.421s][info ][gc,start       ] GC(2) Pause Full (System.gc())
[2026-08-01T23:22:05.139+0900][0.421s][debug][gc,heap        ] GC(2) Heap before GC invocations=2 (full 2):
[2026-08-01T23:22:05.139+0900][0.421s][debug][gc,heap        ] GC(2)  garbage-first heap   total 131072K, used 9007K [0x000001d45a000000, 0x0000020b5a000000)
[2026-08-01T23:22:05.139+0900][0.421s][debug][gc,heap        ] GC(2)   region size 32768K, 1 young (32768K), 0 survivors (0K)
[2026-08-01T23:22:05.139+0900][0.421s][debug][gc,heap        ] GC(2)  Metaspace       used 6320K, committed 6528K, reserved 1114112K
[2026-08-01T23:22:05.139+0900][0.421s][debug][gc,heap        ] GC(2)   class space    used 595K, committed 704K, reserved 1048576K
[2026-08-01T23:22:05.139+0900][0.421s][info ][gc,task        ] GC(2) Using 1 workers of 18 for full compaction
[2026-08-01T23:22:05.139+0900][0.422s][info ][gc,phases,start] GC(2) Phase 1: Mark live objects
[2026-08-01T23:22:05.158+0900][0.440s][info ][gc,phases      ] GC(2) Phase 1: Mark live objects 18.467ms
[2026-08-01T23:22:05.158+0900][0.440s][info ][gc,phases,start] GC(2) Phase 2: Prepare for compaction
[2026-08-01T23:22:05.163+0900][0.445s][info ][gc,phases      ] GC(2) Phase 2: Prepare for compaction 4.862ms
[2026-08-01T23:22:05.163+0900][0.445s][info ][gc,phases,start] GC(2) Phase 3: Adjust pointers
[2026-08-01T23:22:05.170+0900][0.453s][info ][gc,phases      ] GC(2) Phase 3: Adjust pointers 7.919ms
[2026-08-01T23:22:05.171+0900][0.453s][info ][gc,phases,start] GC(2) Phase 4: Compact heap
[2026-08-01T23:22:05.176+0900][0.459s][info ][gc,phases      ] GC(2) Phase 4: Compact heap 5.601ms
[2026-08-01T23:22:05.177+0900][0.459s][info ][gc,heap        ] GC(2) Eden regions: 1->0(1)
[2026-08-01T23:22:05.177+0900][0.459s][info ][gc,heap        ] GC(2) Survivor regions: 0->0(0)
[2026-08-01T23:22:05.177+0900][0.460s][info ][gc,heap        ] GC(2) Old regions: 1->1
[2026-08-01T23:22:05.177+0900][0.460s][info ][gc,heap        ] GC(2) Archive regions: 0->0
[2026-08-01T23:22:05.177+0900][0.460s][info ][gc,heap        ] GC(2) Humongous regions: 0->0
[2026-08-01T23:22:05.177+0900][0.460s][info ][gc,metaspace   ] GC(2) Metaspace: 6320K(6528K)->6320K(6528K) NonClass: 5725K(5824K)->5725K(5824K) Class: 595K(704K)->595K(704K)
[2026-08-01T23:22:05.177+0900][0.460s][debug][gc,heap        ] GC(2) Heap after GC invocations=3 (full 3):
[2026-08-01T23:22:05.177+0900][0.460s][debug][gc,heap        ] GC(2)  garbage-first heap   total 131072K, used 15152K [0x000001d45a000000, 0x0000020b5a000000)
[2026-08-01T23:22:05.177+0900][0.460s][debug][gc,heap        ] GC(2)   region size 32768K, 0 young (0K), 0 survivors (0K)
[2026-08-01T23:22:05.177+0900][0.460s][debug][gc,heap        ] GC(2)  Metaspace       used 6320K, committed 6528K, reserved 1114112K
[2026-08-01T23:22:05.177+0900][0.460s][debug][gc,heap        ] GC(2)   class space    used 595K, committed 704K, reserved 1048576K
[2026-08-01T23:22:05.177+0900][0.460s][info ][gc             ] GC(2) Pause Full (System.gc()) 27M->14M(128M) 38.268ms
[2026-08-01T23:22:05.177+0900][0.460s][info ][gc,cpu         ] GC(2) User=0.05s Sys=0.00s Real=0.04s
[2026-08-01T23:22:05.177+0900][0.460s][info ][safepoint      ] Safepoint "G1CollectFull", Time since last: 78855000 ns, Reaching safepoint: 41300 ns, At safepoint: 38321200 ns, Total: 38362500 ns
[2026-08-01T23:22:05.193+0900][0.475s][info ][gc,start       ] GC(3) Pause Full (System.gc())
[2026-08-01T23:22:05.193+0900][0.475s][debug][gc,heap        ] GC(3) Heap before GC invocations=3 (full 3):
[2026-08-01T23:22:05.193+0900][0.475s][debug][gc,heap        ] GC(3)  garbage-first heap   total 131072K, used 15152K [0x000001d45a000000, 0x0000020b5a000000)
[2026-08-01T23:22:05.193+0900][0.475s][debug][gc,heap        ] GC(3)   region size 32768K, 1 young (32768K), 0 survivors (0K)
[2026-08-01T23:22:05.193+0900][0.475s][debug][gc,heap        ] GC(3)  Metaspace       used 6543K, committed 6720K, reserved 1114112K
[2026-08-01T23:22:05.193+0900][0.475s][debug][gc,heap        ] GC(3)   class space    used 615K, committed 704K, reserved 1048576K
[2026-08-01T23:22:05.193+0900][0.475s][info ][gc,task        ] GC(3) Using 1 workers of 18 for full compaction
[2026-08-01T23:22:05.193+0900][0.475s][info ][gc,phases,start] GC(3) Phase 1: Mark live objects
[2026-08-01T23:22:05.206+0900][0.488s][info ][gc,phases      ] GC(3) Phase 1: Mark live objects 12.963ms
[2026-08-01T23:22:05.206+0900][0.488s][info ][gc,phases,start] GC(3) Phase 2: Prepare for compaction
[2026-08-01T23:22:05.208+0900][0.491s][info ][gc,phases      ] GC(3) Phase 2: Prepare for compaction 2.186ms
[2026-08-01T23:22:05.208+0900][0.491s][info ][gc,phases,start] GC(3) Phase 3: Adjust pointers
[2026-08-01T23:22:05.213+0900][0.495s][info ][gc,phases      ] GC(3) Phase 3: Adjust pointers 4.295ms
[2026-08-01T23:22:05.213+0900][0.495s][info ][gc,phases,start] GC(3) Phase 4: Compact heap
[2026-08-01T23:22:05.215+0900][0.497s][info ][gc,phases      ] GC(3) Phase 4: Compact heap 2.011ms
[2026-08-01T23:22:05.215+0900][0.498s][info ][gc,heap        ] GC(3) Eden regions: 1->0(1)
[2026-08-01T23:22:05.215+0900][0.498s][info ][gc,heap        ] GC(3) Survivor regions: 0->0(0)
[2026-08-01T23:22:05.215+0900][0.498s][info ][gc,heap        ] GC(3) Old regions: 1->1
[2026-08-01T23:22:05.215+0900][0.498s][info ][gc,heap        ] GC(3) Archive regions: 0->0
[2026-08-01T23:22:05.215+0900][0.498s][info ][gc,heap        ] GC(3) Humongous regions: 0->0
[2026-08-01T23:22:05.215+0900][0.498s][info ][gc,metaspace   ] GC(3) Metaspace: 6543K(6720K)->6543K(6720K) NonClass: 5927K(6016K)->5927K(6016K) Class: 615K(704K)->615K(704K)
[2026-08-01T23:22:05.215+0900][0.498s][debug][gc,heap        ] GC(3) Heap after GC invocations=4 (full 4):
[2026-08-01T23:22:05.215+0900][0.498s][debug][gc,heap        ] GC(3)  garbage-first heap   total 131072K, used 15213K [0x000001d45a000000, 0x0000020b5a000000)
[2026-08-01T23:22:05.215+0900][0.498s][debug][gc,heap        ] GC(3)   region size 32768K, 0 young (0K), 0 survivors (0K)
[2026-08-01T23:22:05.215+0900][0.498s][debug][gc,heap        ] GC(3)  Metaspace       used 6543K, committed 6720K, reserved 1114112K
[2026-08-01T23:22:05.215+0900][0.498s][debug][gc,heap        ] GC(3)   class space    used 615K, committed 704K, reserved 1048576K
[2026-08-01T23:22:05.215+0900][0.498s][info ][gc             ] GC(3) Pause Full (System.gc()) 16M->14M(128M) 22.474ms
[2026-08-01T23:22:05.215+0900][0.498s][info ][gc,cpu         ] GC(3) User=0.02s Sys=0.00s Real=0.02s
[2026-08-01T23:22:05.215+0900][0.498s][info ][safepoint      ] Safepoint "G1CollectFull", Time since last: 15564500 ns, Reaching safepoint: 31400 ns, At safepoint: 22582100 ns, Total: 22613500 ns
[2026-08-01T23:22:05.218+0900][0.501s][info ][gc,start       ] GC(4) Pause Full (System.gc())
[2026-08-01T23:22:05.218+0900][0.501s][debug][gc,heap        ] GC(4) Heap before GC invocations=4 (full 4):
[2026-08-01T23:22:05.218+0900][0.501s][debug][gc,heap        ] GC(4)  garbage-first heap   total 131072K, used 15213K [0x000001d45a000000, 0x0000020b5a000000)
[2026-08-01T23:22:05.218+0900][0.501s][debug][gc,heap        ] GC(4)   region size 32768K, 1 young (32768K), 0 survivors (0K)
[2026-08-01T23:22:05.218+0900][0.501s][debug][gc,heap        ] GC(4)  Metaspace       used 6558K, committed 6720K, reserved 1114112K
[2026-08-01T23:22:05.218+0900][0.501s][debug][gc,heap        ] GC(4)   class space    used 615K, committed 704K, reserved 1048576K
[2026-08-01T23:22:05.219+0900][0.501s][info ][gc,task        ] GC(4) Using 1 workers of 18 for full compaction
[2026-08-01T23:22:05.219+0900][0.501s][info ][gc,phases,start] GC(4) Phase 1: Mark live objects
[2026-08-01T23:22:05.229+0900][0.511s][info ][gc,phases      ] GC(4) Phase 1: Mark live objects 10.329ms
[2026-08-01T23:22:05.229+0900][0.511s][info ][gc,phases,start] GC(4) Phase 2: Prepare for compaction
[2026-08-01T23:22:05.231+0900][0.514s][info ][gc,phases      ] GC(4) Phase 2: Prepare for compaction 2.211ms
[2026-08-01T23:22:05.231+0900][0.514s][info ][gc,phases,start] GC(4) Phase 3: Adjust pointers
[2026-08-01T23:22:05.235+0900][0.518s][info ][gc,phases      ] GC(4) Phase 3: Adjust pointers 3.993ms
[2026-08-01T23:22:05.235+0900][0.518s][info ][gc,phases,start] GC(4) Phase 4: Compact heap
[2026-08-01T23:22:05.237+0900][0.519s][info ][gc,phases      ] GC(4) Phase 4: Compact heap 1.787ms
[2026-08-01T23:22:05.238+0900][0.520s][info ][gc,heap        ] GC(4) Eden regions: 1->0(1)
[2026-08-01T23:22:05.238+0900][0.520s][info ][gc,heap        ] GC(4) Survivor regions: 0->0(0)
[2026-08-01T23:22:05.238+0900][0.520s][info ][gc,heap        ] GC(4) Old regions: 1->1
[2026-08-01T23:22:05.238+0900][0.520s][info ][gc,heap        ] GC(4) Archive regions: 0->0
[2026-08-01T23:22:05.238+0900][0.520s][info ][gc,heap        ] GC(4) Humongous regions: 0->0
[2026-08-01T23:22:05.238+0900][0.520s][info ][gc,metaspace   ] GC(4) Metaspace: 6558K(6720K)->6558K(6720K) NonClass: 5943K(6016K)->5943K(6016K) Class: 615K(704K)->615K(704K)
[2026-08-01T23:22:05.238+0900][0.520s][debug][gc,heap        ] GC(4) Heap after GC invocations=5 (full 5):
[2026-08-01T23:22:05.238+0900][0.520s][debug][gc,heap        ] GC(4)  garbage-first heap   total 131072K, used 15221K [0x000001d45a000000, 0x0000020b5a000000)
[2026-08-01T23:22:05.238+0900][0.520s][debug][gc,heap        ] GC(4)   region size 32768K, 0 young (0K), 0 survivors (0K)
[2026-08-01T23:22:05.238+0900][0.520s][debug][gc,heap        ] GC(4)  Metaspace       used 6558K, committed 6720K, reserved 1114112K
[2026-08-01T23:22:05.238+0900][0.520s][debug][gc,heap        ] GC(4)   class space    used 615K, committed 704K, reserved 1048576K
[2026-08-01T23:22:05.238+0900][0.520s][info ][gc             ] GC(4) Pause Full (System.gc()) 16M->14M(128M) 19.481ms
[2026-08-01T23:22:05.238+0900][0.520s][info ][gc,cpu         ] GC(4) User=0.02s Sys=0.00s Real=0.02s
[2026-08-01T23:22:05.238+0900][0.520s][info ][safepoint      ] Safepoint "G1CollectFull", Time since last: 2926200 ns, Reaching safepoint: 19800 ns, At safepoint: 19597300 ns, Total: 19617100 ns
[2026-08-01T23:22:05.241+0900][0.523s][info ][gc,start       ] GC(5) Pause Full (System.gc())
[2026-08-01T23:22:05.241+0900][0.523s][debug][gc,heap        ] GC(5) Heap before GC invocations=5 (full 5):
[2026-08-01T23:22:05.241+0900][0.523s][debug][gc,heap        ] GC(5)  garbage-first heap   total 131072K, used 15221K [0x000001d45a000000, 0x0000020b5a000000)
[2026-08-01T23:22:05.241+0900][0.523s][debug][gc,heap        ] GC(5)   region size 32768K, 1 young (32768K), 0 survivors (0K)
[2026-08-01T23:22:05.241+0900][0.523s][debug][gc,heap        ] GC(5)  Metaspace       used 6572K, committed 6784K, reserved 1114112K
[2026-08-01T23:22:05.241+0900][0.523s][debug][gc,heap        ] GC(5)   class space    used 615K, committed 704K, reserved 1048576K
[2026-08-01T23:22:05.241+0900][0.523s][info ][gc,task        ] GC(5) Using 1 workers of 18 for full compaction
[2026-08-01T23:22:05.241+0900][0.523s][info ][gc,phases,start] GC(5) Phase 1: Mark live objects
[2026-08-01T23:22:05.250+0900][0.532s][info ][gc,phases      ] GC(5) Phase 1: Mark live objects 9.165ms
[2026-08-01T23:22:05.250+0900][0.532s][info ][gc,phases,start] GC(5) Phase 2: Prepare for compaction
[2026-08-01T23:22:05.252+0900][0.534s][info ][gc,phases      ] GC(5) Phase 2: Prepare for compaction 1.962ms
[2026-08-01T23:22:05.252+0900][0.534s][info ][gc,phases,start] GC(5) Phase 3: Adjust pointers
[2026-08-01T23:22:05.256+0900][0.538s][info ][gc,phases      ] GC(5) Phase 3: Adjust pointers 3.802ms
[2026-08-01T23:22:05.256+0900][0.538s][info ][gc,phases,start] GC(5) Phase 4: Compact heap
[2026-08-01T23:22:05.258+0900][0.540s][info ][gc,phases      ] GC(5) Phase 4: Compact heap 1.675ms
[2026-08-01T23:22:05.258+0900][0.541s][info ][gc,heap        ] GC(5) Eden regions: 1->0(1)
[2026-08-01T23:22:05.258+0900][0.541s][info ][gc,heap        ] GC(5) Survivor regions: 0->0(0)
[2026-08-01T23:22:05.258+0900][0.541s][info ][gc,heap        ] GC(5) Old regions: 1->1
[2026-08-01T23:22:05.258+0900][0.541s][info ][gc,heap        ] GC(5) Archive regions: 0->0
[2026-08-01T23:22:05.258+0900][0.541s][info ][gc,heap        ] GC(5) Humongous regions: 0->0
[2026-08-01T23:22:05.258+0900][0.541s][info ][gc,metaspace   ] GC(5) Metaspace: 6572K(6784K)->6572K(6784K) NonClass: 5957K(6080K)->5957K(6080K) Class: 615K(704K)->615K(704K)
[2026-08-01T23:22:05.258+0900][0.541s][debug][gc,heap        ] GC(5) Heap after GC invocations=6 (full 6):
[2026-08-01T23:22:05.258+0900][0.541s][debug][gc,heap        ] GC(5)  garbage-first heap   total 131072K, used 15230K [0x000001d45a000000, 0x0000020b5a000000)
[2026-08-01T23:22:05.258+0900][0.541s][debug][gc,heap        ] GC(5)   region size 32768K, 0 young (0K), 0 survivors (0K)
[2026-08-01T23:22:05.258+0900][0.541s][debug][gc,heap        ] GC(5)  Metaspace       used 6572K, committed 6784K, reserved 1114112K
[2026-08-01T23:22:05.258+0900][0.541s][debug][gc,heap        ] GC(5)   class space    used 615K, committed 704K, reserved 1048576K
[2026-08-01T23:22:05.258+0900][0.541s][info ][gc             ] GC(5) Pause Full (System.gc()) 15M->14M(128M) 17.685ms
[2026-08-01T23:22:05.258+0900][0.541s][info ][gc,cpu         ] GC(5) User=0.02s Sys=0.00s Real=0.02s
[2026-08-01T23:22:05.259+0900][0.541s][info ][safepoint      ] Safepoint "G1CollectFull", Time since last: 2735700 ns, Reaching safepoint: 24900 ns, At safepoint: 17778000 ns, Total: 17802900 ns
[2026-08-01T23:22:05.261+0900][0.543s][info ][gc,start       ] GC(6) Pause Full (System.gc())
[2026-08-01T23:22:05.261+0900][0.543s][debug][gc,heap        ] GC(6) Heap before GC invocations=6 (full 6):
[2026-08-01T23:22:05.261+0900][0.543s][debug][gc,heap        ] GC(6)  garbage-first heap   total 131072K, used 15230K [0x000001d45a000000, 0x0000020b5a000000)
[2026-08-01T23:22:05.261+0900][0.543s][debug][gc,heap        ] GC(6)   region size 32768K, 1 young (32768K), 0 survivors (0K)
[2026-08-01T23:22:05.261+0900][0.543s][debug][gc,heap        ] GC(6)  Metaspace       used 6591K, committed 6848K, reserved 1114112K
[2026-08-01T23:22:05.261+0900][0.543s][debug][gc,heap        ] GC(6)   class space    used 615K, committed 704K, reserved 1048576K
[2026-08-01T23:22:05.261+0900][0.543s][info ][gc,task        ] GC(6) Using 1 workers of 18 for full compaction
[2026-08-01T23:22:05.261+0900][0.543s][info ][gc,phases,start] GC(6) Phase 1: Mark live objects
[2026-08-01T23:22:05.270+0900][0.552s][info ][gc,phases      ] GC(6) Phase 1: Mark live objects 8.985ms
[2026-08-01T23:22:05.270+0900][0.552s][info ][gc,phases,start] GC(6) Phase 2: Prepare for compaction
[2026-08-01T23:22:05.272+0900][0.554s][info ][gc,phases      ] GC(6) Phase 2: Prepare for compaction 1.970ms
[2026-08-01T23:22:05.272+0900][0.554s][info ][gc,phases,start] GC(6) Phase 3: Adjust pointers
[2026-08-01T23:22:05.276+0900][0.558s][info ][gc,phases      ] GC(6) Phase 3: Adjust pointers 3.724ms
[2026-08-01T23:22:05.276+0900][0.558s][info ][gc,phases,start] GC(6) Phase 4: Compact heap
[2026-08-01T23:22:05.277+0900][0.560s][info ][gc,phases      ] GC(6) Phase 4: Compact heap 1.706ms
[2026-08-01T23:22:05.278+0900][0.561s][info ][gc,heap        ] GC(6) Eden regions: 1->0(1)
[2026-08-01T23:22:05.278+0900][0.561s][info ][gc,heap        ] GC(6) Survivor regions: 0->0(0)
[2026-08-01T23:22:05.278+0900][0.561s][info ][gc,heap        ] GC(6) Old regions: 1->1
[2026-08-01T23:22:05.278+0900][0.561s][info ][gc,heap        ] GC(6) Archive regions: 0->0
[2026-08-01T23:22:05.278+0900][0.561s][info ][gc,heap        ] GC(6) Humongous regions: 0->0
[2026-08-01T23:22:05.278+0900][0.561s][info ][gc,metaspace   ] GC(6) Metaspace: 6591K(6848K)->6591K(6848K) NonClass: 5976K(6144K)->5976K(6144K) Class: 615K(704K)->615K(704K)
[2026-08-01T23:22:05.278+0900][0.561s][debug][gc,heap        ] GC(6) Heap after GC invocations=7 (full 7):
[2026-08-01T23:22:05.278+0900][0.561s][debug][gc,heap        ] GC(6)  garbage-first heap   total 131072K, used 15239K [0x000001d45a000000, 0x0000020b5a000000)
[2026-08-01T23:22:05.278+0900][0.561s][debug][gc,heap        ] GC(6)   region size 32768K, 0 young (0K), 0 survivors (0K)
[2026-08-01T23:22:05.278+0900][0.561s][debug][gc,heap        ] GC(6)  Metaspace       used 6591K, committed 6848K, reserved 1114112K
[2026-08-01T23:22:05.278+0900][0.561s][debug][gc,heap        ] GC(6)   class space    used 615K, committed 704K, reserved 1048576K
[2026-08-01T23:22:05.278+0900][0.561s][info ][gc             ] GC(6) Pause Full (System.gc()) 15M->14M(128M) 17.596ms
[2026-08-01T23:22:05.278+0900][0.561s][info ][gc,cpu         ] GC(6) User=0.03s Sys=0.00s Real=0.02s
[2026-08-01T23:22:05.278+0900][0.561s][info ][safepoint      ] Safepoint "G1CollectFull", Time since last: 2220300 ns, Reaching safepoint: 32500 ns, At safepoint: 17647200 ns, Total: 17679700 ns
[2026-08-01T23:22:05.281+0900][0.564s][info ][gc,start       ] GC(7) Pause Full (System.gc())
[2026-08-01T23:22:05.281+0900][0.564s][debug][gc,heap        ] GC(7) Heap before GC invocations=7 (full 7):
[2026-08-01T23:22:05.281+0900][0.564s][debug][gc,heap        ] GC(7)  garbage-first heap   total 131072K, used 15239K [0x000001d45a000000, 0x0000020b5a000000)
[2026-08-01T23:22:05.281+0900][0.564s][debug][gc,heap        ] GC(7)   region size 32768K, 1 young (32768K), 0 survivors (0K)
[2026-08-01T23:22:05.282+0900][0.564s][debug][gc,heap        ] GC(7)  Metaspace       used 6604K, committed 6848K, reserved 1114112K
[2026-08-01T23:22:05.282+0900][0.564s][debug][gc,heap        ] GC(7)   class space    used 616K, committed 704K, reserved 1048576K
[2026-08-01T23:22:05.282+0900][0.564s][info ][gc,task        ] GC(7) Using 1 workers of 18 for full compaction
[2026-08-01T23:22:05.282+0900][0.564s][info ][gc,phases,start] GC(7) Phase 1: Mark live objects
[2026-08-01T23:22:05.292+0900][0.575s][info ][gc,phases      ] GC(7) Phase 1: Mark live objects 10.589ms
[2026-08-01T23:22:05.292+0900][0.575s][info ][gc,phases,start] GC(7) Phase 2: Prepare for compaction
[2026-08-01T23:22:05.294+0900][0.577s][info ][gc,phases      ] GC(7) Phase 2: Prepare for compaction 2.200ms
[2026-08-01T23:22:05.294+0900][0.577s][info ][gc,phases,start] GC(7) Phase 3: Adjust pointers
[2026-08-01T23:22:05.298+0900][0.581s][info ][gc,phases      ] GC(7) Phase 3: Adjust pointers 3.983ms
[2026-08-01T23:22:05.298+0900][0.581s][info ][gc,phases,start] GC(7) Phase 4: Compact heap
[2026-08-01T23:22:05.300+0900][0.583s][info ][gc,phases      ] GC(7) Phase 4: Compact heap 1.715ms
[2026-08-01T23:22:05.301+0900][0.583s][info ][gc,heap        ] GC(7) Eden regions: 1->0(1)
[2026-08-01T23:22:05.301+0900][0.583s][info ][gc,heap        ] GC(7) Survivor regions: 0->0(0)
[2026-08-01T23:22:05.301+0900][0.583s][info ][gc,heap        ] GC(7) Old regions: 1->1
[2026-08-01T23:22:05.301+0900][0.583s][info ][gc,heap        ] GC(7) Archive regions: 0->0
[2026-08-01T23:22:05.301+0900][0.583s][info ][gc,heap        ] GC(7) Humongous regions: 0->0
[2026-08-01T23:22:05.301+0900][0.583s][info ][gc,metaspace   ] GC(7) Metaspace: 6604K(6848K)->6604K(6848K) NonClass: 5988K(6144K)->5988K(6144K) Class: 616K(704K)->616K(704K)
[2026-08-01T23:22:05.301+0900][0.583s][debug][gc,heap        ] GC(7) Heap after GC invocations=8 (full 8):
[2026-08-01T23:22:05.301+0900][0.583s][debug][gc,heap        ] GC(7)  garbage-first heap   total 131072K, used 15248K [0x000001d45a000000, 0x0000020b5a000000)
[2026-08-01T23:22:05.301+0900][0.583s][debug][gc,heap        ] GC(7)   region size 32768K, 0 young (0K), 0 survivors (0K)
[2026-08-01T23:22:05.301+0900][0.583s][debug][gc,heap        ] GC(7)  Metaspace       used 6604K, committed 6848K, reserved 1114112K
[2026-08-01T23:22:05.301+0900][0.583s][debug][gc,heap        ] GC(7)   class space    used 616K, committed 704K, reserved 1048576K
[2026-08-01T23:22:05.301+0900][0.583s][info ][gc             ] GC(7) Pause Full (System.gc()) 16M->14M(128M) 19.573ms
[2026-08-01T23:22:05.301+0900][0.583s][info ][gc,cpu         ] GC(7) User=0.02s Sys=0.00s Real=0.02s
[2026-08-01T23:22:05.301+0900][0.583s][info ][safepoint      ] Safepoint "G1CollectFull", Time since last: 2978900 ns, Reaching safepoint: 35400 ns, At safepoint: 19665500 ns, Total: 19700900 ns
[2026-08-01T23:22:05.303+0900][0.586s][info ][gc,start       ] GC(8) Pause Full (System.gc())
[2026-08-01T23:22:05.303+0900][0.586s][debug][gc,heap        ] GC(8) Heap before GC invocations=8 (full 8):
[2026-08-01T23:22:05.303+0900][0.586s][debug][gc,heap        ] GC(8)  garbage-first heap   total 131072K, used 15248K [0x000001d45a000000, 0x0000020b5a000000)
[2026-08-01T23:22:05.303+0900][0.586s][debug][gc,heap        ] GC(8)   region size 32768K, 1 young (32768K), 0 survivors (0K)
[2026-08-01T23:22:05.303+0900][0.586s][debug][gc,heap        ] GC(8)  Metaspace       used 6619K, committed 6848K, reserved 1114112K
[2026-08-01T23:22:05.303+0900][0.586s][debug][gc,heap        ] GC(8)   class space    used 616K, committed 704K, reserved 1048576K
[2026-08-01T23:22:05.303+0900][0.586s][info ][gc,task        ] GC(8) Using 1 workers of 18 for full compaction
[2026-08-01T23:22:05.303+0900][0.586s][info ][gc,phases,start] GC(8) Phase 1: Mark live objects
[2026-08-01T23:22:05.313+0900][0.595s][info ][gc,phases      ] GC(8) Phase 1: Mark live objects 9.442ms
[2026-08-01T23:22:05.313+0900][0.595s][info ][gc,phases,start] GC(8) Phase 2: Prepare for compaction
[2026-08-01T23:22:05.315+0900][0.597s][info ][gc,phases      ] GC(8) Phase 2: Prepare for compaction 2.005ms
[2026-08-01T23:22:05.315+0900][0.597s][info ][gc,phases,start] GC(8) Phase 3: Adjust pointers
[2026-08-01T23:22:05.319+0900][0.601s][info ][gc,phases      ] GC(8) Phase 3: Adjust pointers 3.857ms
[2026-08-01T23:22:05.319+0900][0.601s][info ][gc,phases,start] GC(8) Phase 4: Compact heap
[2026-08-01T23:22:05.320+0900][0.603s][info ][gc,phases      ] GC(8) Phase 4: Compact heap 1.682ms
[2026-08-01T23:22:05.321+0900][0.604s][info ][gc,heap        ] GC(8) Eden regions: 1->0(1)
[2026-08-01T23:22:05.321+0900][0.604s][info ][gc,heap        ] GC(8) Survivor regions: 0->0(0)
[2026-08-01T23:22:05.321+0900][0.604s][info ][gc,heap        ] GC(8) Old regions: 1->1
[2026-08-01T23:22:05.321+0900][0.604s][info ][gc,heap        ] GC(8) Archive regions: 0->0
[2026-08-01T23:22:05.321+0900][0.604s][info ][gc,heap        ] GC(8) Humongous regions: 0->0
[2026-08-01T23:22:05.321+0900][0.604s][info ][gc,metaspace   ] GC(8) Metaspace: 6619K(6848K)->6619K(6848K) NonClass: 6003K(6144K)->6003K(6144K) Class: 616K(704K)->616K(704K)
[2026-08-01T23:22:05.321+0900][0.604s][debug][gc,heap        ] GC(8) Heap after GC invocations=9 (full 9):
[2026-08-01T23:22:05.321+0900][0.604s][debug][gc,heap        ] GC(8)  garbage-first heap   total 131072K, used 15257K [0x000001d45a000000, 0x0000020b5a000000)
[2026-08-01T23:22:05.321+0900][0.604s][debug][gc,heap        ] GC(8)   region size 32768K, 0 young (0K), 0 survivors (0K)
[2026-08-01T23:22:05.321+0900][0.604s][debug][gc,heap        ] GC(8)  Metaspace       used 6619K, committed 6848K, reserved 1114112K
[2026-08-01T23:22:05.321+0900][0.604s][debug][gc,heap        ] GC(8)   class space    used 616K, committed 704K, reserved 1048576K
[2026-08-01T23:22:05.321+0900][0.604s][info ][gc             ] GC(8) Pause Full (System.gc()) 15M->14M(128M) 18.119ms
[2026-08-01T23:22:05.321+0900][0.604s][info ][gc,cpu         ] GC(8) User=0.02s Sys=0.00s Real=0.02s
[2026-08-01T23:22:05.321+0900][0.604s][info ][safepoint      ] Safepoint "G1CollectFull", Time since last: 2113600 ns, Reaching safepoint: 24300 ns, At safepoint: 18209700 ns, Total: 18234000 ns
[2026-08-01T23:22:05.323+0900][0.606s][info ][gc,start       ] GC(9) Pause Full (System.gc())
[2026-08-01T23:22:05.324+0900][0.606s][debug][gc,heap        ] GC(9) Heap before GC invocations=9 (full 9):
[2026-08-01T23:22:05.324+0900][0.606s][debug][gc,heap        ] GC(9)  garbage-first heap   total 131072K, used 15257K [0x000001d45a000000, 0x0000020b5a000000)
[2026-08-01T23:22:05.324+0900][0.606s][debug][gc,heap        ] GC(9)   region size 32768K, 1 young (32768K), 0 survivors (0K)
[2026-08-01T23:22:05.324+0900][0.606s][debug][gc,heap        ] GC(9)  Metaspace       used 6635K, committed 6848K, reserved 1114112K
[2026-08-01T23:22:05.324+0900][0.606s][debug][gc,heap        ] GC(9)   class space    used 616K, committed 704K, reserved 1048576K
[2026-08-01T23:22:05.324+0900][0.606s][info ][gc,task        ] GC(9) Using 1 workers of 18 for full compaction
[2026-08-01T23:22:05.324+0900][0.606s][info ][gc,phases,start] GC(9) Phase 1: Mark live objects
[2026-08-01T23:22:05.333+0900][0.616s][info ][gc,phases      ] GC(9) Phase 1: Mark live objects 9.440ms
[2026-08-01T23:22:05.333+0900][0.616s][info ][gc,phases,start] GC(9) Phase 2: Prepare for compaction
[2026-08-01T23:22:05.335+0900][0.618s][info ][gc,phases      ] GC(9) Phase 2: Prepare for compaction 2.029ms
[2026-08-01T23:22:05.335+0900][0.618s][info ][gc,phases,start] GC(9) Phase 3: Adjust pointers
[2026-08-01T23:22:05.339+0900][0.621s][info ][gc,phases      ] GC(9) Phase 3: Adjust pointers 3.795ms
[2026-08-01T23:22:05.339+0900][0.621s][info ][gc,phases,start] GC(9) Phase 4: Compact heap
[2026-08-01T23:22:05.341+0900][0.623s][info ][gc,phases      ] GC(9) Phase 4: Compact heap 1.660ms
[2026-08-01T23:22:05.341+0900][0.624s][info ][gc,heap        ] GC(9) Eden regions: 1->0(1)
[2026-08-01T23:22:05.341+0900][0.624s][info ][gc,heap        ] GC(9) Survivor regions: 0->0(0)
[2026-08-01T23:22:05.341+0900][0.624s][info ][gc,heap        ] GC(9) Old regions: 1->1
[2026-08-01T23:22:05.341+0900][0.624s][info ][gc,heap        ] GC(9) Archive regions: 0->0
[2026-08-01T23:22:05.342+0900][0.624s][info ][gc,heap        ] GC(9) Humongous regions: 0->0
[2026-08-01T23:22:05.342+0900][0.624s][info ][gc,metaspace   ] GC(9) Metaspace: 6635K(6848K)->6635K(6848K) NonClass: 6019K(6144K)->6019K(6144K) Class: 616K(704K)->616K(704K)
[2026-08-01T23:22:05.342+0900][0.624s][debug][gc,heap        ] GC(9) Heap after GC invocations=10 (full 10):
[2026-08-01T23:22:05.342+0900][0.624s][debug][gc,heap        ] GC(9)  garbage-first heap   total 131072K, used 15267K [0x000001d45a000000, 0x0000020b5a000000)
[2026-08-01T23:22:05.342+0900][0.624s][debug][gc,heap        ] GC(9)   region size 32768K, 0 young (0K), 0 survivors (0K)
[2026-08-01T23:22:05.342+0900][0.624s][debug][gc,heap        ] GC(9)  Metaspace       used 6635K, committed 6848K, reserved 1114112K
[2026-08-01T23:22:05.342+0900][0.624s][debug][gc,heap        ] GC(9)   class space    used 616K, committed 704K, reserved 1048576K
[2026-08-01T23:22:05.342+0900][0.624s][info ][gc             ] GC(9) Pause Full (System.gc()) 16M->14M(128M) 18.140ms
[2026-08-01T23:22:05.342+0900][0.624s][info ][gc,cpu         ] GC(9) User=0.05s Sys=0.00s Real=0.02s
[2026-08-01T23:22:05.342+0900][0.624s][info ][safepoint      ] Safepoint "G1CollectFull", Time since last: 1970100 ns, Reaching safepoint: 41600 ns, At safepoint: 18189400 ns, Total: 18231000 ns
[2026-08-01T23:22:05.344+0900][0.626s][info ][gc,start       ] GC(10) Pause Full (System.gc())
[2026-08-01T23:22:05.344+0900][0.626s][debug][gc,heap        ] GC(10) Heap before GC invocations=10 (full 10):
[2026-08-01T23:22:05.344+0900][0.626s][debug][gc,heap        ] GC(10)  garbage-first heap   total 131072K, used 15267K [0x000001d45a000000, 0x0000020b5a000000)
[2026-08-01T23:22:05.344+0900][0.626s][debug][gc,heap        ] GC(10)   region size 32768K, 1 young (32768K), 0 survivors (0K)
[2026-08-01T23:22:05.344+0900][0.626s][debug][gc,heap        ] GC(10)  Metaspace       used 6645K, committed 6912K, reserved 1114112K
[2026-08-01T23:22:05.344+0900][0.626s][debug][gc,heap        ] GC(10)   class space    used 616K, committed 704K, reserved 1048576K
[2026-08-01T23:22:05.344+0900][0.626s][info ][gc,task        ] GC(10) Using 1 workers of 18 for full compaction
[2026-08-01T23:22:05.344+0900][0.626s][info ][gc,phases,start] GC(10) Phase 1: Mark live objects
[2026-08-01T23:22:05.354+0900][0.636s][info ][gc,phases      ] GC(10) Phase 1: Mark live objects 10.013ms
[2026-08-01T23:22:05.354+0900][0.636s][info ][gc,phases,start] GC(10) Phase 2: Prepare for compaction
[2026-08-01T23:22:05.356+0900][0.638s][info ][gc,phases      ] GC(10) Phase 2: Prepare for compaction 2.189ms
[2026-08-01T23:22:05.356+0900][0.638s][info ][gc,phases,start] GC(10) Phase 3: Adjust pointers
[2026-08-01T23:22:05.360+0900][0.643s][info ][gc,phases      ] GC(10) Phase 3: Adjust pointers 4.423ms
[2026-08-01T23:22:05.360+0900][0.643s][info ][gc,phases,start] GC(10) Phase 4: Compact heap
[2026-08-01T23:22:05.362+0900][0.645s][info ][gc,phases      ] GC(10) Phase 4: Compact heap 1.656ms
[2026-08-01T23:22:05.363+0900][0.645s][info ][gc,heap        ] GC(10) Eden regions: 1->0(1)
[2026-08-01T23:22:05.363+0900][0.645s][info ][gc,heap        ] GC(10) Survivor regions: 0->0(0)
[2026-08-01T23:22:05.363+0900][0.645s][info ][gc,heap        ] GC(10) Old regions: 1->1
[2026-08-01T23:22:05.363+0900][0.645s][info ][gc,heap        ] GC(10) Archive regions: 0->0
[2026-08-01T23:22:05.363+0900][0.645s][info ][gc,heap        ] GC(10) Humongous regions: 0->0
[2026-08-01T23:22:05.363+0900][0.645s][info ][gc,metaspace   ] GC(10) Metaspace: 6645K(6912K)->6645K(6912K) NonClass: 6029K(6208K)->6029K(6208K) Class: 616K(704K)->616K(704K)
[2026-08-01T23:22:05.363+0900][0.645s][debug][gc,heap        ] GC(10) Heap after GC invocations=11 (full 11):
[2026-08-01T23:22:05.363+0900][0.645s][debug][gc,heap        ] GC(10)  garbage-first heap   total 131072K, used 15276K [0x000001d45a000000, 0x0000020b5a000000)
[2026-08-01T23:22:05.363+0900][0.645s][debug][gc,heap        ] GC(10)   region size 32768K, 0 young (0K), 0 survivors (0K)
[2026-08-01T23:22:05.363+0900][0.645s][debug][gc,heap        ] GC(10)  Metaspace       used 6645K, committed 6912K, reserved 1114112K
[2026-08-01T23:22:05.363+0900][0.645s][debug][gc,heap        ] GC(10)   class space    used 616K, committed 704K, reserved 1048576K
[2026-08-01T23:22:05.363+0900][0.645s][info ][gc             ] GC(10) Pause Full (System.gc()) 16M->14M(128M) 19.367ms
[2026-08-01T23:22:05.363+0900][0.645s][info ][gc,cpu         ] GC(10) User=0.02s Sys=0.00s Real=0.02s
[2026-08-01T23:22:05.363+0900][0.645s][info ][safepoint      ] Safepoint "G1CollectFull", Time since last: 1946700 ns, Reaching safepoint: 30400 ns, At safepoint: 19473700 ns, Total: 19504100 ns
[2026-08-01T23:22:05.365+0900][0.647s][info ][gc,start       ] GC(11) Pause Full (System.gc())
[2026-08-01T23:22:05.365+0900][0.647s][debug][gc,heap        ] GC(11) Heap before GC invocations=11 (full 11):
[2026-08-01T23:22:05.365+0900][0.647s][debug][gc,heap        ] GC(11)  garbage-first heap   total 131072K, used 15276K [0x000001d45a000000, 0x0000020b5a000000)
[2026-08-01T23:22:05.365+0900][0.647s][debug][gc,heap        ] GC(11)   region size 32768K, 1 young (32768K), 0 survivors (0K)
[2026-08-01T23:22:05.365+0900][0.647s][debug][gc,heap        ] GC(11)  Metaspace       used 6651K, committed 6912K, reserved 1114112K
[2026-08-01T23:22:05.365+0900][0.647s][debug][gc,heap        ] GC(11)   class space    used 616K, committed 704K, reserved 1048576K
[2026-08-01T23:22:05.365+0900][0.647s][info ][gc,task        ] GC(11) Using 1 workers of 18 for full compaction
[2026-08-01T23:22:05.365+0900][0.647s][info ][gc,phases,start] GC(11) Phase 1: Mark live objects
[2026-08-01T23:22:05.374+0900][0.656s][info ][gc,phases      ] GC(11) Phase 1: Mark live objects 9.196ms
[2026-08-01T23:22:05.374+0900][0.657s][info ][gc,phases,start] GC(11) Phase 2: Prepare for compaction
[2026-08-01T23:22:05.376+0900][0.659s][info ][gc,phases      ] GC(11) Phase 2: Prepare for compaction 2.037ms
[2026-08-01T23:22:05.376+0900][0.659s][info ][gc,phases,start] GC(11) Phase 3: Adjust pointers
[2026-08-01T23:22:05.380+0900][0.662s][info ][gc,phases      ] GC(11) Phase 3: Adjust pointers 3.732ms
[2026-08-01T23:22:05.380+0900][0.662s][info ][gc,phases,start] GC(11) Phase 4: Compact heap
[2026-08-01T23:22:05.382+0900][0.664s][info ][gc,phases      ] GC(11) Phase 4: Compact heap 1.710ms
[2026-08-01T23:22:05.382+0900][0.665s][info ][gc,heap        ] GC(11) Eden regions: 1->0(1)
[2026-08-01T23:22:05.382+0900][0.665s][info ][gc,heap        ] GC(11) Survivor regions: 0->0(0)
[2026-08-01T23:22:05.382+0900][0.665s][info ][gc,heap        ] GC(11) Old regions: 1->1
[2026-08-01T23:22:05.382+0900][0.665s][info ][gc,heap        ] GC(11) Archive regions: 0->0
[2026-08-01T23:22:05.382+0900][0.665s][info ][gc,heap        ] GC(11) Humongous regions: 0->0
[2026-08-01T23:22:05.382+0900][0.665s][info ][gc,metaspace   ] GC(11) Metaspace: 6651K(6912K)->6651K(6912K) NonClass: 6035K(6208K)->6035K(6208K) Class: 616K(704K)->616K(704K)
[2026-08-01T23:22:05.382+0900][0.665s][debug][gc,heap        ] GC(11) Heap after GC invocations=12 (full 12):
[2026-08-01T23:22:05.382+0900][0.665s][debug][gc,heap        ] GC(11)  garbage-first heap   total 131072K, used 15285K [0x000001d45a000000, 0x0000020b5a000000)
[2026-08-01T23:22:05.383+0900][0.665s][debug][gc,heap        ] GC(11)   region size 32768K, 0 young (0K), 0 survivors (0K)
[2026-08-01T23:22:05.383+0900][0.665s][debug][gc,heap        ] GC(11)  Metaspace       used 6651K, committed 6912K, reserved 1114112K
[2026-08-01T23:22:05.383+0900][0.665s][debug][gc,heap        ] GC(11)   class space    used 616K, committed 704K, reserved 1048576K
[2026-08-01T23:22:05.383+0900][0.665s][info ][gc             ] GC(11) Pause Full (System.gc()) 15M->14M(128M) 17.803ms
[2026-08-01T23:22:05.383+0900][0.665s][info ][gc,cpu         ] GC(11) User=0.02s Sys=0.00s Real=0.02s
[2026-08-01T23:22:05.383+0900][0.665s][info ][safepoint      ] Safepoint "G1CollectFull", Time since last: 1631700 ns, Reaching safepoint: 17500 ns, At safepoint: 17855300 ns, Total: 17872800 ns
[2026-08-01T23:22:05.385+0900][0.667s][info ][gc,start       ] GC(12) Pause Full (System.gc())
[2026-08-01T23:22:05.385+0900][0.667s][debug][gc,heap        ] GC(12) Heap before GC invocations=12 (full 12):
[2026-08-01T23:22:05.385+0900][0.667s][debug][gc,heap        ] GC(12)  garbage-first heap   total 131072K, used 15285K [0x000001d45a000000, 0x0000020b5a000000)
[2026-08-01T23:22:05.385+0900][0.667s][debug][gc,heap        ] GC(12)   region size 32768K, 1 young (32768K), 0 survivors (0K)
[2026-08-01T23:22:05.385+0900][0.667s][debug][gc,heap        ] GC(12)  Metaspace       used 6658K, committed 6912K, reserved 1114112K
[2026-08-01T23:22:05.385+0900][0.667s][debug][gc,heap        ] GC(12)   class space    used 616K, committed 704K, reserved 1048576K
[2026-08-01T23:22:05.385+0900][0.667s][info ][gc,task        ] GC(12) Using 1 workers of 18 for full compaction
[2026-08-01T23:22:05.385+0900][0.667s][info ][gc,phases,start] GC(12) Phase 1: Mark live objects
[2026-08-01T23:22:05.394+0900][0.676s][info ][gc,phases      ] GC(12) Phase 1: Mark live objects 9.159ms
[2026-08-01T23:22:05.394+0900][0.676s][info ][gc,phases,start] GC(12) Phase 2: Prepare for compaction
[2026-08-01T23:22:05.396+0900][0.678s][info ][gc,phases      ] GC(12) Phase 2: Prepare for compaction 2.002ms
[2026-08-01T23:22:05.396+0900][0.678s][info ][gc,phases,start] GC(12) Phase 3: Adjust pointers
[2026-08-01T23:22:05.400+0900][0.682s][info ][gc,phases      ] GC(12) Phase 3: Adjust pointers 3.774ms
[2026-08-01T23:22:05.400+0900][0.682s][info ][gc,phases,start] GC(12) Phase 4: Compact heap
[2026-08-01T23:22:05.401+0900][0.684s][info ][gc,phases      ] GC(12) Phase 4: Compact heap 1.646ms
[2026-08-01T23:22:05.402+0900][0.685s][info ][gc,heap        ] GC(12) Eden regions: 1->0(1)
[2026-08-01T23:22:05.402+0900][0.685s][info ][gc,heap        ] GC(12) Survivor regions: 0->0(0)
[2026-08-01T23:22:05.402+0900][0.685s][info ][gc,heap        ] GC(12) Old regions: 1->1
[2026-08-01T23:22:05.402+0900][0.685s][info ][gc,heap        ] GC(12) Archive regions: 0->0
[2026-08-01T23:22:05.402+0900][0.685s][info ][gc,heap        ] GC(12) Humongous regions: 0->0
[2026-08-01T23:22:05.402+0900][0.685s][info ][gc,metaspace   ] GC(12) Metaspace: 6658K(6912K)->6658K(6912K) NonClass: 6042K(6208K)->6042K(6208K) Class: 616K(704K)->616K(704K)
[2026-08-01T23:22:05.402+0900][0.685s][debug][gc,heap        ] GC(12) Heap after GC invocations=13 (full 13):
[2026-08-01T23:22:05.402+0900][0.685s][debug][gc,heap        ] GC(12)  garbage-first heap   total 131072K, used 15299K [0x000001d45a000000, 0x0000020b5a000000)
[2026-08-01T23:22:05.402+0900][0.685s][debug][gc,heap        ] GC(12)   region size 32768K, 0 young (0K), 0 survivors (0K)
[2026-08-01T23:22:05.402+0900][0.685s][debug][gc,heap        ] GC(12)  Metaspace       used 6658K, committed 6912K, reserved 1114112K
[2026-08-01T23:22:05.402+0900][0.685s][debug][gc,heap        ] GC(12)   class space    used 616K, committed 704K, reserved 1048576K
[2026-08-01T23:22:05.402+0900][0.685s][info ][gc             ] GC(12) Pause Full (System.gc()) 15M->14M(128M) 17.748ms
[2026-08-01T23:22:05.402+0900][0.685s][info ][gc,cpu         ] GC(12) User=0.02s Sys=0.00s Real=0.02s
[2026-08-01T23:22:05.402+0900][0.685s][info ][safepoint      ] Safepoint "G1CollectFull", Time since last: 2034200 ns, Reaching safepoint: 21700 ns, At safepoint: 17787000 ns, Total: 17808700 ns
[2026-08-01T23:22:05.405+0900][0.687s][info ][gc,start       ] GC(13) Pause Full (System.gc())
[2026-08-01T23:22:05.405+0900][0.687s][debug][gc,heap        ] GC(13) Heap before GC invocations=13 (full 13):
[2026-08-01T23:22:05.405+0900][0.687s][debug][gc,heap        ] GC(13)  garbage-first heap   total 131072K, used 15299K [0x000001d45a000000, 0x0000020b5a000000)
[2026-08-01T23:22:05.405+0900][0.687s][debug][gc,heap        ] GC(13)   region size 32768K, 1 young (32768K), 0 survivors (0K)
[2026-08-01T23:22:05.405+0900][0.687s][debug][gc,heap        ] GC(13)  Metaspace       used 6664K, committed 6912K, reserved 1114112K
[2026-08-01T23:22:05.405+0900][0.687s][debug][gc,heap        ] GC(13)   class space    used 616K, committed 704K, reserved 1048576K
[2026-08-01T23:22:05.405+0900][0.687s][info ][gc,task        ] GC(13) Using 1 workers of 18 for full compaction
[2026-08-01T23:22:05.405+0900][0.687s][info ][gc,phases,start] GC(13) Phase 1: Mark live objects
[2026-08-01T23:22:05.415+0900][0.697s][info ][gc,phases      ] GC(13) Phase 1: Mark live objects 10.210ms
[2026-08-01T23:22:05.415+0900][0.697s][info ][gc,phases,start] GC(13) Phase 2: Prepare for compaction
[2026-08-01T23:22:05.418+0900][0.700s][info ][gc,phases      ] GC(13) Phase 2: Prepare for compaction 2.575ms
[2026-08-01T23:22:05.418+0900][0.700s][info ][gc,phases,start] GC(13) Phase 3: Adjust pointers
[2026-08-01T23:22:05.422+0900][0.704s][info ][gc,phases      ] GC(13) Phase 3: Adjust pointers 4.112ms
[2026-08-01T23:22:05.422+0900][0.704s][info ][gc,phases,start] GC(13) Phase 4: Compact heap
[2026-08-01T23:22:05.423+0900][0.706s][info ][gc,phases      ] GC(13) Phase 4: Compact heap 1.767ms
[2026-08-01T23:22:05.424+0900][0.707s][info ][gc,heap        ] GC(13) Eden regions: 1->0(1)
[2026-08-01T23:22:05.424+0900][0.707s][info ][gc,heap        ] GC(13) Survivor regions: 0->0(0)
[2026-08-01T23:22:05.424+0900][0.707s][info ][gc,heap        ] GC(13) Old regions: 1->1
[2026-08-01T23:22:05.424+0900][0.707s][info ][gc,heap        ] GC(13) Archive regions: 0->0
[2026-08-01T23:22:05.424+0900][0.707s][info ][gc,heap        ] GC(13) Humongous regions: 0->0
[2026-08-01T23:22:05.424+0900][0.707s][info ][gc,metaspace   ] GC(13) Metaspace: 6664K(6912K)->6664K(6912K) NonClass: 6048K(6208K)->6048K(6208K) Class: 616K(704K)->616K(704K)
[2026-08-01T23:22:05.424+0900][0.707s][debug][gc,heap        ] GC(13) Heap after GC invocations=14 (full 14):
[2026-08-01T23:22:05.424+0900][0.707s][debug][gc,heap        ] GC(13)  garbage-first heap   total 131072K, used 15326K [0x000001d45a000000, 0x0000020b5a000000)
[2026-08-01T23:22:05.424+0900][0.707s][debug][gc,heap        ] GC(13)   region size 32768K, 0 young (0K), 0 survivors (0K)
[2026-08-01T23:22:05.424+0900][0.707s][debug][gc,heap        ] GC(13)  Metaspace       used 6664K, committed 6912K, reserved 1114112K
[2026-08-01T23:22:05.424+0900][0.707s][debug][gc,heap        ] GC(13)   class space    used 616K, committed 704K, reserved 1048576K
[2026-08-01T23:22:05.424+0900][0.707s][info ][gc             ] GC(13) Pause Full (System.gc()) 16M->14M(128M) 19.874ms
[2026-08-01T23:22:05.424+0900][0.707s][info ][gc,cpu         ] GC(13) User=0.02s Sys=0.00s Real=0.02s
[2026-08-01T23:22:05.424+0900][0.707s][info ][safepoint      ] Safepoint "G1CollectFull", Time since last: 2083900 ns, Reaching safepoint: 21700 ns, At safepoint: 19923400 ns, Total: 19945100 ns
[2026-08-01T23:22:05.427+0900][0.709s][info ][gc,start       ] GC(14) Pause Full (System.gc())
[2026-08-01T23:22:05.427+0900][0.709s][debug][gc,heap        ] GC(14) Heap before GC invocations=14 (full 14):
[2026-08-01T23:22:05.427+0900][0.709s][debug][gc,heap        ] GC(14)  garbage-first heap   total 131072K, used 15326K [0x000001d45a000000, 0x0000020b5a000000)
[2026-08-01T23:22:05.427+0900][0.709s][debug][gc,heap        ] GC(14)   region size 32768K, 1 young (32768K), 0 survivors (0K)
[2026-08-01T23:22:05.427+0900][0.709s][debug][gc,heap        ] GC(14)  Metaspace       used 6669K, committed 6912K, reserved 1114112K
[2026-08-01T23:22:05.427+0900][0.709s][debug][gc,heap        ] GC(14)   class space    used 616K, committed 704K, reserved 1048576K
[2026-08-01T23:22:05.427+0900][0.709s][info ][gc,task        ] GC(14) Using 1 workers of 18 for full compaction
[2026-08-01T23:22:05.427+0900][0.709s][info ][gc,phases,start] GC(14) Phase 1: Mark live objects
[2026-08-01T23:22:05.436+0900][0.718s][info ][gc,phases      ] GC(14) Phase 1: Mark live objects 9.164ms
[2026-08-01T23:22:05.436+0900][0.718s][info ][gc,phases,start] GC(14) Phase 2: Prepare for compaction
[2026-08-01T23:22:05.438+0900][0.720s][info ][gc,phases      ] GC(14) Phase 2: Prepare for compaction 2.064ms
[2026-08-01T23:22:05.438+0900][0.720s][info ][gc,phases,start] GC(14) Phase 3: Adjust pointers
[2026-08-01T23:22:05.442+0900][0.724s][info ][gc,phases      ] GC(14) Phase 3: Adjust pointers 3.778ms
[2026-08-01T23:22:05.442+0900][0.724s][info ][gc,phases,start] GC(14) Phase 4: Compact heap
[2026-08-01T23:22:05.444+0900][0.726s][info ][gc,phases      ] GC(14) Phase 4: Compact heap 1.711ms
[2026-08-01T23:22:05.444+0900][0.727s][info ][gc,heap        ] GC(14) Eden regions: 1->0(1)
[2026-08-01T23:22:05.444+0900][0.727s][info ][gc,heap        ] GC(14) Survivor regions: 0->0(0)
[2026-08-01T23:22:05.444+0900][0.727s][info ][gc,heap        ] GC(14) Old regions: 1->1
[2026-08-01T23:22:05.444+0900][0.727s][info ][gc,heap        ] GC(14) Archive regions: 0->0
[2026-08-01T23:22:05.444+0900][0.727s][info ][gc,heap        ] GC(14) Humongous regions: 0->0
[2026-08-01T23:22:05.444+0900][0.727s][info ][gc,metaspace   ] GC(14) Metaspace: 6669K(6912K)->6669K(6912K) NonClass: 6053K(6208K)->6053K(6208K) Class: 616K(704K)->616K(704K)
[2026-08-01T23:22:05.444+0900][0.727s][debug][gc,heap        ] GC(14) Heap after GC invocations=15 (full 15):
[2026-08-01T23:22:05.444+0900][0.727s][debug][gc,heap        ] GC(14)  garbage-first heap   total 131072K, used 15340K [0x000001d45a000000, 0x0000020b5a000000)
[2026-08-01T23:22:05.444+0900][0.727s][debug][gc,heap        ] GC(14)   region size 32768K, 0 young (0K), 0 survivors (0K)
[2026-08-01T23:22:05.444+0900][0.727s][debug][gc,heap        ] GC(14)  Metaspace       used 6669K, committed 6912K, reserved 1114112K
[2026-08-01T23:22:05.444+0900][0.727s][debug][gc,heap        ] GC(14)   class space    used 616K, committed 704K, reserved 1048576K
[2026-08-01T23:22:05.444+0900][0.727s][info ][gc             ] GC(14) Pause Full (System.gc()) 16M->14M(128M) 17.796ms
[2026-08-01T23:22:05.444+0900][0.727s][info ][gc,cpu         ] GC(14) User=0.02s Sys=0.00s Real=0.02s
[2026-08-01T23:22:05.444+0900][0.727s][info ][safepoint      ] Safepoint "G1CollectFull", Time since last: 2047000 ns, Reaching safepoint: 18800 ns, At safepoint: 17830500 ns, Total: 17849300 ns
[2026-08-01T23:22:05.446+0900][0.729s][info ][gc,start       ] GC(15) Pause Full (System.gc())
[2026-08-01T23:22:05.446+0900][0.729s][debug][gc,heap        ] GC(15) Heap before GC invocations=15 (full 15):
[2026-08-01T23:22:05.446+0900][0.729s][debug][gc,heap        ] GC(15)  garbage-first heap   total 131072K, used 15340K [0x000001d45a000000, 0x0000020b5a000000)
[2026-08-01T23:22:05.446+0900][0.729s][debug][gc,heap        ] GC(15)   region size 32768K, 1 young (32768K), 0 survivors (0K)
[2026-08-01T23:22:05.446+0900][0.729s][debug][gc,heap        ] GC(15)  Metaspace       used 6675K, committed 6912K, reserved 1114112K
[2026-08-01T23:22:05.446+0900][0.729s][debug][gc,heap        ] GC(15)   class space    used 616K, committed 704K, reserved 1048576K
[2026-08-01T23:22:05.446+0900][0.729s][info ][gc,task        ] GC(15) Using 1 workers of 18 for full compaction
[2026-08-01T23:22:05.446+0900][0.729s][info ][gc,phases,start] GC(15) Phase 1: Mark live objects
[2026-08-01T23:22:05.456+0900][0.738s][info ][gc,phases      ] GC(15) Phase 1: Mark live objects 9.488ms
[2026-08-01T23:22:05.456+0900][0.738s][info ][gc,phases,start] GC(15) Phase 2: Prepare for compaction
[2026-08-01T23:22:05.458+0900][0.740s][info ][gc,phases      ] GC(15) Phase 2: Prepare for compaction 2.025ms
[2026-08-01T23:22:05.458+0900][0.740s][info ][gc,phases,start] GC(15) Phase 3: Adjust pointers
[2026-08-01T23:22:05.462+0900][0.744s][info ][gc,phases      ] GC(15) Phase 3: Adjust pointers 3.828ms
[2026-08-01T23:22:05.462+0900][0.744s][info ][gc,phases,start] GC(15) Phase 4: Compact heap
[2026-08-01T23:22:05.463+0900][0.746s][info ][gc,phases      ] GC(15) Phase 4: Compact heap 1.729ms
[2026-08-01T23:22:05.464+0900][0.747s][info ][gc,heap        ] GC(15) Eden regions: 1->0(1)
[2026-08-01T23:22:05.464+0900][0.747s][info ][gc,heap        ] GC(15) Survivor regions: 0->0(0)
[2026-08-01T23:22:05.464+0900][0.747s][info ][gc,heap        ] GC(15) Old regions: 1->1
[2026-08-01T23:22:05.464+0900][0.747s][info ][gc,heap        ] GC(15) Archive regions: 0->0
[2026-08-01T23:22:05.464+0900][0.747s][info ][gc,heap        ] GC(15) Humongous regions: 0->0
[2026-08-01T23:22:05.464+0900][0.747s][info ][gc,metaspace   ] GC(15) Metaspace: 6675K(6912K)->6675K(6912K) NonClass: 6059K(6208K)->6059K(6208K) Class: 616K(704K)->616K(704K)
[2026-08-01T23:22:05.464+0900][0.747s][debug][gc,heap        ] GC(15) Heap after GC invocations=16 (full 16):
[2026-08-01T23:22:05.464+0900][0.747s][debug][gc,heap        ] GC(15)  garbage-first heap   total 131072K, used 15353K [0x000001d45a000000, 0x0000020b5a000000)
[2026-08-01T23:22:05.464+0900][0.747s][debug][gc,heap        ] GC(15)   region size 32768K, 0 young (0K), 0 survivors (0K)
[2026-08-01T23:22:05.464+0900][0.747s][debug][gc,heap        ] GC(15)  Metaspace       used 6675K, committed 6912K, reserved 1114112K
[2026-08-01T23:22:05.464+0900][0.747s][debug][gc,heap        ] GC(15)   class space    used 616K, committed 704K, reserved 1048576K
[2026-08-01T23:22:05.464+0900][0.747s][info ][gc             ] GC(15) Pause Full (System.gc()) 16M->14M(128M) 18.158ms
[2026-08-01T23:22:05.464+0900][0.747s][info ][gc,cpu         ] GC(15) User=0.02s Sys=0.00s Real=0.02s
[2026-08-01T23:22:05.464+0900][0.747s][info ][safepoint      ] Safepoint "G1CollectFull", Time since last: 1728500 ns, Reaching safepoint: 18600 ns, At safepoint: 18263400 ns, Total: 18282000 ns
[2026-08-01T23:22:05.466+0900][0.749s][info ][gc,start       ] GC(16) Pause Full (System.gc())
[2026-08-01T23:22:05.466+0900][0.749s][debug][gc,heap        ] GC(16) Heap before GC invocations=16 (full 16):
[2026-08-01T23:22:05.466+0900][0.749s][debug][gc,heap        ] GC(16)  garbage-first heap   total 131072K, used 15353K [0x000001d45a000000, 0x0000020b5a000000)
[2026-08-01T23:22:05.466+0900][0.749s][debug][gc,heap        ] GC(16)   region size 32768K, 1 young (32768K), 0 survivors (0K)
[2026-08-01T23:22:05.466+0900][0.749s][debug][gc,heap        ] GC(16)  Metaspace       used 6680K, committed 6912K, reserved 1114112K
[2026-08-01T23:22:05.466+0900][0.749s][debug][gc,heap        ] GC(16)   class space    used 616K, committed 704K, reserved 1048576K
[2026-08-01T23:22:05.467+0900][0.749s][info ][gc,task        ] GC(16) Using 1 workers of 18 for full compaction
[2026-08-01T23:22:05.467+0900][0.749s][info ][gc,phases,start] GC(16) Phase 1: Mark live objects
[2026-08-01T23:22:05.478+0900][0.760s][info ][gc,phases      ] GC(16) Phase 1: Mark live objects 11.102ms
[2026-08-01T23:22:05.478+0900][0.760s][info ][gc,phases,start] GC(16) Phase 2: Prepare for compaction
[2026-08-01T23:22:05.480+0900][0.762s][info ][gc,phases      ] GC(16) Phase 2: Prepare for compaction 2.175ms
[2026-08-01T23:22:05.480+0900][0.762s][info ][gc,phases,start] GC(16) Phase 3: Adjust pointers
[2026-08-01T23:22:05.484+0900][0.767s][info ][gc,phases      ] GC(16) Phase 3: Adjust pointers 4.307ms
[2026-08-01T23:22:05.484+0900][0.767s][info ][gc,phases,start] GC(16) Phase 4: Compact heap
[2026-08-01T23:22:05.486+0900][0.768s][info ][gc,phases      ] GC(16) Phase 4: Compact heap 1.796ms
[2026-08-01T23:22:05.487+0900][0.769s][info ][gc,heap        ] GC(16) Eden regions: 1->0(1)
[2026-08-01T23:22:05.487+0900][0.769s][info ][gc,heap        ] GC(16) Survivor regions: 0->0(0)
[2026-08-01T23:22:05.487+0900][0.769s][info ][gc,heap        ] GC(16) Old regions: 1->1
[2026-08-01T23:22:05.487+0900][0.769s][info ][gc,heap        ] GC(16) Archive regions: 0->0
[2026-08-01T23:22:05.487+0900][0.769s][info ][gc,heap        ] GC(16) Humongous regions: 0->0
[2026-08-01T23:22:05.487+0900][0.769s][info ][gc,metaspace   ] GC(16) Metaspace: 6680K(6912K)->6680K(6912K) NonClass: 6064K(6208K)->6064K(6208K) Class: 616K(704K)->616K(704K)
[2026-08-01T23:22:05.487+0900][0.769s][debug][gc,heap        ] GC(16) Heap after GC invocations=17 (full 17):
[2026-08-01T23:22:05.487+0900][0.769s][debug][gc,heap        ] GC(16)  garbage-first heap   total 131072K, used 15367K [0x000001d45a000000, 0x0000020b5a000000)
[2026-08-01T23:22:05.487+0900][0.769s][debug][gc,heap        ] GC(16)   region size 32768K, 0 young (0K), 0 survivors (0K)
[2026-08-01T23:22:05.487+0900][0.769s][debug][gc,heap        ] GC(16)  Metaspace       used 6680K, committed 6912K, reserved 1114112K
[2026-08-01T23:22:05.487+0900][0.769s][debug][gc,heap        ] GC(16)   class space    used 616K, committed 704K, reserved 1048576K
[2026-08-01T23:22:05.487+0900][0.769s][info ][gc             ] GC(16) Pause Full (System.gc()) 16M->15M(128M) 20.577ms
[2026-08-01T23:22:05.487+0900][0.769s][info ][gc,cpu         ] GC(16) User=0.02s Sys=0.00s Real=0.02s
[2026-08-01T23:22:05.487+0900][0.769s][info ][safepoint      ] Safepoint "G1CollectFull", Time since last: 2014100 ns, Reaching safepoint: 23500 ns, At safepoint: 20656900 ns, Total: 20680400 ns
[2026-08-01T23:22:05.489+0900][0.772s][info ][gc,start       ] GC(17) Pause Full (System.gc())
[2026-08-01T23:22:05.489+0900][0.772s][debug][gc,heap        ] GC(17) Heap before GC invocations=17 (full 17):
[2026-08-01T23:22:05.489+0900][0.772s][debug][gc,heap        ] GC(17)  garbage-first heap   total 131072K, used 15367K [0x000001d45a000000, 0x0000020b5a000000)
[2026-08-01T23:22:05.489+0900][0.772s][debug][gc,heap        ] GC(17)   region size 32768K, 1 young (32768K), 0 survivors (0K)
[2026-08-01T23:22:05.489+0900][0.772s][debug][gc,heap        ] GC(17)  Metaspace       used 6697K, committed 6912K, reserved 1114112K
[2026-08-01T23:22:05.489+0900][0.772s][debug][gc,heap        ] GC(17)   class space    used 616K, committed 704K, reserved 1048576K
[2026-08-01T23:22:05.489+0900][0.772s][info ][gc,task        ] GC(17) Using 1 workers of 18 for full compaction
[2026-08-01T23:22:05.490+0900][0.772s][info ][gc,phases,start] GC(17) Phase 1: Mark live objects
[2026-08-01T23:22:05.499+0900][0.782s][info ][gc,phases      ] GC(17) Phase 1: Mark live objects 9.931ms
[2026-08-01T23:22:05.500+0900][0.782s][info ][gc,phases,start] GC(17) Phase 2: Prepare for compaction
[2026-08-01T23:22:05.502+0900][0.784s][info ][gc,phases      ] GC(17) Phase 2: Prepare for compaction 2.072ms
[2026-08-01T23:22:05.502+0900][0.784s][info ][gc,phases,start] GC(17) Phase 3: Adjust pointers
[2026-08-01T23:22:05.506+0900][0.788s][info ][gc,phases      ] GC(17) Phase 3: Adjust pointers 4.122ms
[2026-08-01T23:22:05.506+0900][0.788s][info ][gc,phases,start] GC(17) Phase 4: Compact heap
[2026-08-01T23:22:05.508+0900][0.790s][info ][gc,phases      ] GC(17) Phase 4: Compact heap 1.770ms
[2026-08-01T23:22:05.508+0900][0.791s][info ][gc,heap        ] GC(17) Eden regions: 1->0(1)
[2026-08-01T23:22:05.508+0900][0.791s][info ][gc,heap        ] GC(17) Survivor regions: 0->0(0)
[2026-08-01T23:22:05.508+0900][0.791s][info ][gc,heap        ] GC(17) Old regions: 1->1
[2026-08-01T23:22:05.508+0900][0.791s][info ][gc,heap        ] GC(17) Archive regions: 0->0
[2026-08-01T23:22:05.508+0900][0.791s][info ][gc,heap        ] GC(17) Humongous regions: 0->0
[2026-08-01T23:22:05.508+0900][0.791s][info ][gc,metaspace   ] GC(17) Metaspace: 6697K(6912K)->6697K(6912K) NonClass: 6081K(6208K)->6081K(6208K) Class: 616K(704K)->616K(704K)
[2026-08-01T23:22:05.508+0900][0.791s][debug][gc,heap        ] GC(17) Heap after GC invocations=18 (full 18):
[2026-08-01T23:22:05.508+0900][0.791s][debug][gc,heap        ] GC(17)  garbage-first heap   total 131072K, used 15381K [0x000001d45a000000, 0x0000020b5a000000)
[2026-08-01T23:22:05.508+0900][0.791s][debug][gc,heap        ] GC(17)   region size 32768K, 0 young (0K), 0 survivors (0K)
[2026-08-01T23:22:05.508+0900][0.791s][debug][gc,heap        ] GC(17)  Metaspace       used 6697K, committed 6912K, reserved 1114112K
[2026-08-01T23:22:05.508+0900][0.791s][debug][gc,heap        ] GC(17)   class space    used 616K, committed 704K, reserved 1048576K
[2026-08-01T23:22:05.509+0900][0.791s][info ][gc             ] GC(17) Pause Full (System.gc()) 16M->15M(128M) 19.101ms
[2026-08-01T23:22:05.509+0900][0.791s][info ][gc,cpu         ] GC(17) User=0.02s Sys=0.00s Real=0.02s
[2026-08-01T23:22:05.509+0900][0.791s][info ][safepoint      ] Safepoint "G1CollectFull", Time since last: 2319900 ns, Reaching safepoint: 17900 ns, At safepoint: 19209600 ns, Total: 19227500 ns
[2026-08-01T23:22:05.511+0900][0.793s][info ][gc,start       ] GC(18) Pause Full (System.gc())
[2026-08-01T23:22:05.511+0900][0.793s][debug][gc,heap        ] GC(18) Heap before GC invocations=18 (full 18):
[2026-08-01T23:22:05.511+0900][0.793s][debug][gc,heap        ] GC(18)  garbage-first heap   total 131072K, used 15381K [0x000001d45a000000, 0x0000020b5a000000)
[2026-08-01T23:22:05.511+0900][0.793s][debug][gc,heap        ] GC(18)   region size 32768K, 1 young (32768K), 0 survivors (0K)
[2026-08-01T23:22:05.511+0900][0.793s][debug][gc,heap        ] GC(18)  Metaspace       used 6700K, committed 6912K, reserved 1114112K
[2026-08-01T23:22:05.511+0900][0.793s][debug][gc,heap        ] GC(18)   class space    used 616K, committed 704K, reserved 1048576K
[2026-08-01T23:22:05.511+0900][0.793s][info ][gc,task        ] GC(18) Using 1 workers of 18 for full compaction
[2026-08-01T23:22:05.511+0900][0.793s][info ][gc,phases,start] GC(18) Phase 1: Mark live objects
[2026-08-01T23:22:05.521+0900][0.803s][info ][gc,phases      ] GC(18) Phase 1: Mark live objects 9.902ms
[2026-08-01T23:22:05.521+0900][0.803s][info ][gc,phases,start] GC(18) Phase 2: Prepare for compaction
[2026-08-01T23:22:05.523+0900][0.805s][info ][gc,phases      ] GC(18) Phase 2: Prepare for compaction 2.062ms
[2026-08-01T23:22:05.523+0900][0.805s][info ][gc,phases,start] GC(18) Phase 3: Adjust pointers
[2026-08-01T23:22:05.527+0900][0.809s][info ][gc,phases      ] GC(18) Phase 3: Adjust pointers 3.894ms
[2026-08-01T23:22:05.527+0900][0.809s][info ][gc,phases,start] GC(18) Phase 4: Compact heap
[2026-08-01T23:22:05.529+0900][0.811s][info ][gc,phases      ] GC(18) Phase 4: Compact heap 1.746ms
[2026-08-01T23:22:05.529+0900][0.812s][info ][gc,heap        ] GC(18) Eden regions: 1->0(1)
[2026-08-01T23:22:05.529+0900][0.812s][info ][gc,heap        ] GC(18) Survivor regions: 0->0(0)
[2026-08-01T23:22:05.529+0900][0.812s][info ][gc,heap        ] GC(18) Old regions: 1->1
[2026-08-01T23:22:05.529+0900][0.812s][info ][gc,heap        ] GC(18) Archive regions: 0->0
[2026-08-01T23:22:05.529+0900][0.812s][info ][gc,heap        ] GC(18) Humongous regions: 0->0
[2026-08-01T23:22:05.530+0900][0.812s][info ][gc,metaspace   ] GC(18) Metaspace: 6700K(6912K)->6700K(6912K) NonClass: 6083K(6208K)->6083K(6208K) Class: 616K(704K)->616K(704K)
[2026-08-01T23:22:05.530+0900][0.812s][debug][gc,heap        ] GC(18) Heap after GC invocations=19 (full 19):
[2026-08-01T23:22:05.530+0900][0.812s][debug][gc,heap        ] GC(18)  garbage-first heap   total 131072K, used 15396K [0x000001d45a000000, 0x0000020b5a000000)
[2026-08-01T23:22:05.530+0900][0.812s][debug][gc,heap        ] GC(18)   region size 32768K, 0 young (0K), 0 survivors (0K)
[2026-08-01T23:22:05.530+0900][0.812s][debug][gc,heap        ] GC(18)  Metaspace       used 6700K, committed 6912K, reserved 1114112K
[2026-08-01T23:22:05.530+0900][0.812s][debug][gc,heap        ] GC(18)   class space    used 616K, committed 704K, reserved 1048576K
[2026-08-01T23:22:05.530+0900][0.812s][info ][gc             ] GC(18) Pause Full (System.gc()) 16M->15M(128M) 18.823ms
[2026-08-01T23:22:05.530+0900][0.812s][info ][gc,cpu         ] GC(18) User=0.03s Sys=0.00s Real=0.02s
[2026-08-01T23:22:05.530+0900][0.812s][info ][safepoint      ] Safepoint "G1CollectFull", Time since last: 2133400 ns, Reaching safepoint: 27200 ns, At safepoint: 18858000 ns, Total: 18885200 ns
[2026-08-01T23:22:05.531+0900][0.814s][info ][gc,start       ] GC(19) Pause Full (System.gc())
[2026-08-01T23:22:05.531+0900][0.814s][debug][gc,heap        ] GC(19) Heap before GC invocations=19 (full 19):
[2026-08-01T23:22:05.531+0900][0.814s][debug][gc,heap        ] GC(19)  garbage-first heap   total 131072K, used 15396K [0x000001d45a000000, 0x0000020b5a000000)
[2026-08-01T23:22:05.531+0900][0.814s][debug][gc,heap        ] GC(19)   region size 32768K, 1 young (32768K), 0 survivors (0K)
[2026-08-01T23:22:05.531+0900][0.814s][debug][gc,heap        ] GC(19)  Metaspace       used 6704K, committed 6912K, reserved 1114112K
[2026-08-01T23:22:05.531+0900][0.814s][debug][gc,heap        ] GC(19)   class space    used 616K, committed 704K, reserved 1048576K
[2026-08-01T23:22:05.531+0900][0.814s][info ][gc,task        ] GC(19) Using 1 workers of 18 for full compaction
[2026-08-01T23:22:05.531+0900][0.814s][info ][gc,phases,start] GC(19) Phase 1: Mark live objects
[2026-08-01T23:22:05.542+0900][0.824s][info ][gc,phases      ] GC(19) Phase 1: Mark live objects 10.659ms
[2026-08-01T23:22:05.542+0900][0.824s][info ][gc,phases,start] GC(19) Phase 2: Prepare for compaction
[2026-08-01T23:22:05.544+0900][0.827s][info ][gc,phases      ] GC(19) Phase 2: Prepare for compaction 2.188ms
[2026-08-01T23:22:05.544+0900][0.827s][info ][gc,phases,start] GC(19) Phase 3: Adjust pointers
[2026-08-01T23:22:05.549+0900][0.832s][info ][gc,phases      ] GC(19) Phase 3: Adjust pointers 4.920ms
[2026-08-01T23:22:05.549+0900][0.832s][info ][gc,phases,start] GC(19) Phase 4: Compact heap
[2026-08-01T23:22:05.551+0900][0.834s][info ][gc,phases      ] GC(19) Phase 4: Compact heap 2.087ms
[2026-08-01T23:22:05.552+0900][0.835s][info ][gc,heap        ] GC(19) Eden regions: 1->0(1)
[2026-08-01T23:22:05.552+0900][0.835s][info ][gc,heap        ] GC(19) Survivor regions: 0->0(0)
[2026-08-01T23:22:05.552+0900][0.835s][info ][gc,heap        ] GC(19) Old regions: 1->1
[2026-08-01T23:22:05.552+0900][0.835s][info ][gc,heap        ] GC(19) Archive regions: 0->0
[2026-08-01T23:22:05.552+0900][0.835s][info ][gc,heap        ] GC(19) Humongous regions: 0->0
[2026-08-01T23:22:05.552+0900][0.835s][info ][gc,metaspace   ] GC(19) Metaspace: 6704K(6912K)->6704K(6912K) NonClass: 6088K(6208K)->6088K(6208K) Class: 616K(704K)->616K(704K)
[2026-08-01T23:22:05.552+0900][0.835s][debug][gc,heap        ] GC(19) Heap after GC invocations=20 (full 20):
[2026-08-01T23:22:05.552+0900][0.835s][debug][gc,heap        ] GC(19)  garbage-first heap   total 131072K, used 15409K [0x000001d45a000000, 0x0000020b5a000000)
[2026-08-01T23:22:05.552+0900][0.835s][debug][gc,heap        ] GC(19)   region size 32768K, 0 young (0K), 0 survivors (0K)
[2026-08-01T23:22:05.552+0900][0.835s][debug][gc,heap        ] GC(19)  Metaspace       used 6704K, committed 6912K, reserved 1114112K
[2026-08-01T23:22:05.552+0900][0.835s][debug][gc,heap        ] GC(19)   class space    used 616K, committed 704K, reserved 1048576K
[2026-08-01T23:22:05.552+0900][0.835s][info ][gc             ] GC(19) Pause Full (System.gc()) 16M->15M(128M) 21.224ms
[2026-08-01T23:22:05.552+0900][0.835s][info ][gc,cpu         ] GC(19) User=0.02s Sys=0.00s Real=0.02s
[2026-08-01T23:22:05.553+0900][0.835s][info ][safepoint      ] Safepoint "G1CollectFull", Time since last: 1582000 ns, Reaching safepoint: 17100 ns, At safepoint: 21305700 ns, Total: 21322800 ns
[2026-08-01T23:22:05.554+0900][0.837s][info ][gc,start       ] GC(20) Pause Full (System.gc())
[2026-08-01T23:22:05.554+0900][0.837s][debug][gc,heap        ] GC(20) Heap before GC invocations=20 (full 20):
[2026-08-01T23:22:05.554+0900][0.837s][debug][gc,heap        ] GC(20)  garbage-first heap   total 131072K, used 15409K [0x000001d45a000000, 0x0000020b5a000000)
[2026-08-01T23:22:05.554+0900][0.837s][debug][gc,heap        ] GC(20)   region size 32768K, 1 young (32768K), 0 survivors (0K)
[2026-08-01T23:22:05.554+0900][0.837s][debug][gc,heap        ] GC(20)  Metaspace       used 6709K, committed 6912K, reserved 1114112K
[2026-08-01T23:22:05.554+0900][0.837s][debug][gc,heap        ] GC(20)   class space    used 616K, committed 704K, reserved 1048576K
[2026-08-01T23:22:05.554+0900][0.837s][info ][gc,task        ] GC(20) Using 1 workers of 18 for full compaction
[2026-08-01T23:22:05.555+0900][0.837s][info ][gc,phases,start] GC(20) Phase 1: Mark live objects
[2026-08-01T23:22:05.566+0900][0.848s][info ][gc,phases      ] GC(20) Phase 1: Mark live objects 11.021ms
[2026-08-01T23:22:05.566+0900][0.848s][info ][gc,phases,start] GC(20) Phase 2: Prepare for compaction
[2026-08-01T23:22:05.568+0900][0.850s][info ][gc,phases      ] GC(20) Phase 2: Prepare for compaction 2.129ms
[2026-08-01T23:22:05.568+0900][0.850s][info ][gc,phases,start] GC(20) Phase 3: Adjust pointers
[2026-08-01T23:22:05.572+0900][0.854s][info ][gc,phases      ] GC(20) Phase 3: Adjust pointers 4.044ms
[2026-08-01T23:22:05.572+0900][0.854s][info ][gc,phases,start] GC(20) Phase 4: Compact heap
[2026-08-01T23:22:05.574+0900][0.856s][info ][gc,phases      ] GC(20) Phase 4: Compact heap 1.765ms
[2026-08-01T23:22:05.574+0900][0.857s][info ][gc,heap        ] GC(20) Eden regions: 1->0(1)
[2026-08-01T23:22:05.574+0900][0.857s][info ][gc,heap        ] GC(20) Survivor regions: 0->0(0)
[2026-08-01T23:22:05.574+0900][0.857s][info ][gc,heap        ] GC(20) Old regions: 1->1
[2026-08-01T23:22:05.574+0900][0.857s][info ][gc,heap        ] GC(20) Archive regions: 0->0
[2026-08-01T23:22:05.574+0900][0.857s][info ][gc,heap        ] GC(20) Humongous regions: 0->0
[2026-08-01T23:22:05.574+0900][0.857s][info ][gc,metaspace   ] GC(20) Metaspace: 6709K(6912K)->6709K(6912K) NonClass: 6093K(6208K)->6093K(6208K) Class: 616K(704K)->616K(704K)
[2026-08-01T23:22:05.574+0900][0.857s][debug][gc,heap        ] GC(20) Heap after GC invocations=21 (full 21):
[2026-08-01T23:22:05.575+0900][0.857s][debug][gc,heap        ] GC(20)  garbage-first heap   total 131072K, used 15423K [0x000001d45a000000, 0x0000020b5a000000)
[2026-08-01T23:22:05.575+0900][0.857s][debug][gc,heap        ] GC(20)   region size 32768K, 0 young (0K), 0 survivors (0K)
[2026-08-01T23:22:05.575+0900][0.857s][debug][gc,heap        ] GC(20)  Metaspace       used 6709K, committed 6912K, reserved 1114112K
[2026-08-01T23:22:05.575+0900][0.857s][debug][gc,heap        ] GC(20)   class space    used 616K, committed 704K, reserved 1048576K
[2026-08-01T23:22:05.575+0900][0.857s][info ][gc             ] GC(20) Pause Full (System.gc()) 16M->15M(128M) 20.163ms
[2026-08-01T23:22:05.575+0900][0.857s][info ][gc,cpu         ] GC(20) User=0.02s Sys=0.02s Real=0.02s
[2026-08-01T23:22:05.575+0900][0.857s][info ][safepoint      ] Safepoint "G1CollectFull", Time since last: 1826000 ns, Reaching safepoint: 24000 ns, At safepoint: 20255200 ns, Total: 20279200 ns
[2026-08-01T23:22:05.577+0900][0.859s][info ][gc,start       ] GC(21) Pause Full (System.gc())
[2026-08-01T23:22:05.577+0900][0.859s][debug][gc,heap        ] GC(21) Heap before GC invocations=21 (full 21):
[2026-08-01T23:22:05.577+0900][0.859s][debug][gc,heap        ] GC(21)  garbage-first heap   total 131072K, used 15423K [0x000001d45a000000, 0x0000020b5a000000)
[2026-08-01T23:22:05.577+0900][0.859s][debug][gc,heap        ] GC(21)   region size 32768K, 1 young (32768K), 0 survivors (0K)
[2026-08-01T23:22:05.577+0900][0.859s][debug][gc,heap        ] GC(21)  Metaspace       used 6715K, committed 6912K, reserved 1114112K
[2026-08-01T23:22:05.577+0900][0.859s][debug][gc,heap        ] GC(21)   class space    used 616K, committed 704K, reserved 1048576K
[2026-08-01T23:22:05.577+0900][0.859s][info ][gc,task        ] GC(21) Using 1 workers of 18 for full compaction
[2026-08-01T23:22:05.577+0900][0.859s][info ][gc,phases,start] GC(21) Phase 1: Mark live objects
[2026-08-01T23:22:05.587+0900][0.869s][info ][gc,phases      ] GC(21) Phase 1: Mark live objects 9.961ms
[2026-08-01T23:22:05.587+0900][0.869s][info ][gc,phases,start] GC(21) Phase 2: Prepare for compaction
[2026-08-01T23:22:05.589+0900][0.871s][info ][gc,phases      ] GC(21) Phase 2: Prepare for compaction 2.081ms
[2026-08-01T23:22:05.589+0900][0.871s][info ][gc,phases,start] GC(21) Phase 3: Adjust pointers
[2026-08-01T23:22:05.593+0900][0.876s][info ][gc,phases      ] GC(21) Phase 3: Adjust pointers 4.119ms
[2026-08-01T23:22:05.593+0900][0.876s][info ][gc,phases,start] GC(21) Phase 4: Compact heap
[2026-08-01T23:22:05.595+0900][0.877s][info ][gc,phases      ] GC(21) Phase 4: Compact heap 1.707ms
[2026-08-01T23:22:05.596+0900][0.878s][info ][gc,heap        ] GC(21) Eden regions: 1->0(1)
[2026-08-01T23:22:05.596+0900][0.878s][info ][gc,heap        ] GC(21) Survivor regions: 0->0(0)
[2026-08-01T23:22:05.596+0900][0.878s][info ][gc,heap        ] GC(21) Old regions: 1->1
[2026-08-01T23:22:05.596+0900][0.878s][info ][gc,heap        ] GC(21) Archive regions: 0->0
[2026-08-01T23:22:05.596+0900][0.878s][info ][gc,heap        ] GC(21) Humongous regions: 0->0
[2026-08-01T23:22:05.596+0900][0.878s][info ][gc,metaspace   ] GC(21) Metaspace: 6715K(6912K)->6715K(6912K) NonClass: 6098K(6208K)->6098K(6208K) Class: 616K(704K)->616K(704K)
[2026-08-01T23:22:05.596+0900][0.878s][debug][gc,heap        ] GC(21) Heap after GC invocations=22 (full 22):
[2026-08-01T23:22:05.596+0900][0.878s][debug][gc,heap        ] GC(21)  garbage-first heap   total 131072K, used 15436K [0x000001d45a000000, 0x0000020b5a000000)
[2026-08-01T23:22:05.596+0900][0.878s][debug][gc,heap        ] GC(21)   region size 32768K, 0 young (0K), 0 survivors (0K)
[2026-08-01T23:22:05.596+0900][0.878s][debug][gc,heap        ] GC(21)  Metaspace       used 6715K, committed 6912K, reserved 1114112K
[2026-08-01T23:22:05.596+0900][0.878s][debug][gc,heap        ] GC(21)   class space    used 616K, committed 704K, reserved 1048576K
[2026-08-01T23:22:05.596+0900][0.878s][info ][gc             ] GC(21) Pause Full (System.gc()) 16M->15M(128M) 19.043ms
[2026-08-01T23:22:05.596+0900][0.878s][info ][gc,cpu         ] GC(21) User=0.02s Sys=0.00s Real=0.02s
[2026-08-01T23:22:05.596+0900][0.878s][info ][safepoint      ] Safepoint "G1CollectFull", Time since last: 2031200 ns, Reaching safepoint: 25200 ns, At safepoint: 19089000 ns, Total: 19114200 ns
[2026-08-01T23:22:05.598+0900][0.880s][info ][gc,start       ] GC(22) Pause Full (System.gc())
[2026-08-01T23:22:05.598+0900][0.880s][debug][gc,heap        ] GC(22) Heap before GC invocations=22 (full 22):
[2026-08-01T23:22:05.598+0900][0.880s][debug][gc,heap        ] GC(22)  garbage-first heap   total 131072K, used 15436K [0x000001d45a000000, 0x0000020b5a000000)
[2026-08-01T23:22:05.598+0900][0.880s][debug][gc,heap        ] GC(22)   region size 32768K, 1 young (32768K), 0 survivors (0K)
[2026-08-01T23:22:05.598+0900][0.880s][debug][gc,heap        ] GC(22)  Metaspace       used 6722K, committed 6912K, reserved 1114112K
[2026-08-01T23:22:05.598+0900][0.880s][debug][gc,heap        ] GC(22)   class space    used 616K, committed 704K, reserved 1048576K
[2026-08-01T23:22:05.598+0900][0.880s][info ][gc,task        ] GC(22) Using 1 workers of 18 for full compaction
[2026-08-01T23:22:05.598+0900][0.880s][info ][gc,phases,start] GC(22) Phase 1: Mark live objects
[2026-08-01T23:22:05.609+0900][0.891s][info ][gc,phases      ] GC(22) Phase 1: Mark live objects 11.012ms
[2026-08-01T23:22:05.609+0900][0.892s][info ][gc,phases,start] GC(22) Phase 2: Prepare for compaction
[2026-08-01T23:22:05.611+0900][0.894s][info ][gc,phases      ] GC(22) Phase 2: Prepare for compaction 2.226ms
[2026-08-01T23:22:05.611+0900][0.894s][info ][gc,phases,start] GC(22) Phase 3: Adjust pointers
[2026-08-01T23:22:05.616+0900][0.898s][info ][gc,phases      ] GC(22) Phase 3: Adjust pointers 4.295ms
[2026-08-01T23:22:05.616+0900][0.898s][info ][gc,phases,start] GC(22) Phase 4: Compact heap
[2026-08-01T23:22:05.617+0900][0.900s][info ][gc,phases      ] GC(22) Phase 4: Compact heap 1.759ms
[2026-08-01T23:22:05.618+0900][0.901s][info ][gc,heap        ] GC(22) Eden regions: 1->0(1)
[2026-08-01T23:22:05.618+0900][0.901s][info ][gc,heap        ] GC(22) Survivor regions: 0->0(0)
[2026-08-01T23:22:05.618+0900][0.901s][info ][gc,heap        ] GC(22) Old regions: 1->1
[2026-08-01T23:22:05.618+0900][0.901s][info ][gc,heap        ] GC(22) Archive regions: 0->0
[2026-08-01T23:22:05.618+0900][0.901s][info ][gc,heap        ] GC(22) Humongous regions: 0->0
[2026-08-01T23:22:05.618+0900][0.901s][info ][gc,metaspace   ] GC(22) Metaspace: 6722K(6912K)->6722K(6912K) NonClass: 6105K(6208K)->6105K(6208K) Class: 616K(704K)->616K(704K)
[2026-08-01T23:22:05.618+0900][0.901s][debug][gc,heap        ] GC(22) Heap after GC invocations=23 (full 23):
[2026-08-01T23:22:05.618+0900][0.901s][debug][gc,heap        ] GC(22)  garbage-first heap   total 131072K, used 15450K [0x000001d45a000000, 0x0000020b5a000000)
[2026-08-01T23:22:05.618+0900][0.901s][debug][gc,heap        ] GC(22)   region size 32768K, 0 young (0K), 0 survivors (0K)
[2026-08-01T23:22:05.618+0900][0.901s][debug][gc,heap        ] GC(22)  Metaspace       used 6722K, committed 6912K, reserved 1114112K
[2026-08-01T23:22:05.618+0900][0.901s][debug][gc,heap        ] GC(22)   class space    used 616K, committed 704K, reserved 1048576K
[2026-08-01T23:22:05.618+0900][0.901s][info ][gc             ] GC(22) Pause Full (System.gc()) 16M->15M(128M) 20.531ms
[2026-08-01T23:22:05.618+0900][0.901s][info ][gc,cpu         ] GC(22) User=0.02s Sys=0.00s Real=0.02s
[2026-08-01T23:22:05.618+0900][0.901s][info ][safepoint      ] Safepoint "G1CollectFull", Time since last: 2017900 ns, Reaching safepoint: 25600 ns, At safepoint: 20572700 ns, Total: 20598300 ns
[2026-08-01T23:22:05.620+0900][0.903s][info ][gc,start       ] GC(23) Pause Full (System.gc())
[2026-08-01T23:22:05.620+0900][0.903s][debug][gc,heap        ] GC(23) Heap before GC invocations=23 (full 23):
[2026-08-01T23:22:05.620+0900][0.903s][debug][gc,heap        ] GC(23)  garbage-first heap   total 131072K, used 15450K [0x000001d45a000000, 0x0000020b5a000000)
[2026-08-01T23:22:05.620+0900][0.903s][debug][gc,heap        ] GC(23)   region size 32768K, 1 young (32768K), 0 survivors (0K)
[2026-08-01T23:22:05.620+0900][0.903s][debug][gc,heap        ] GC(23)  Metaspace       used 6728K, committed 6912K, reserved 1114112K
[2026-08-01T23:22:05.620+0900][0.903s][debug][gc,heap        ] GC(23)   class space    used 616K, committed 704K, reserved 1048576K
[2026-08-01T23:22:05.620+0900][0.903s][info ][gc,task        ] GC(23) Using 1 workers of 18 for full compaction
[2026-08-01T23:22:05.620+0900][0.903s][info ][gc,phases,start] GC(23) Phase 1: Mark live objects
[2026-08-01T23:22:05.631+0900][0.913s][info ][gc,phases      ] GC(23) Phase 1: Mark live objects 10.342ms
[2026-08-01T23:22:05.631+0900][0.913s][info ][gc,phases,start] GC(23) Phase 2: Prepare for compaction
[2026-08-01T23:22:05.633+0900][0.915s][info ][gc,phases      ] GC(23) Phase 2: Prepare for compaction 2.147ms
[2026-08-01T23:22:05.633+0900][0.915s][info ][gc,phases,start] GC(23) Phase 3: Adjust pointers
[2026-08-01T23:22:05.637+0900][0.919s][info ][gc,phases      ] GC(23) Phase 3: Adjust pointers 4.013ms
[2026-08-01T23:22:05.637+0900][0.920s][info ][gc,phases,start] GC(23) Phase 4: Compact heap
[2026-08-01T23:22:05.639+0900][0.922s][info ][gc,phases      ] GC(23) Phase 4: Compact heap 2.082ms
[2026-08-01T23:22:05.640+0900][0.922s][info ][gc,heap        ] GC(23) Eden regions: 1->0(1)
[2026-08-01T23:22:05.640+0900][0.922s][info ][gc,heap        ] GC(23) Survivor regions: 0->0(0)
[2026-08-01T23:22:05.640+0900][0.922s][info ][gc,heap        ] GC(23) Old regions: 1->1
[2026-08-01T23:22:05.640+0900][0.922s][info ][gc,heap        ] GC(23) Archive regions: 0->0
[2026-08-01T23:22:05.640+0900][0.922s][info ][gc,heap        ] GC(23) Humongous regions: 0->0
[2026-08-01T23:22:05.640+0900][0.923s][info ][gc,metaspace   ] GC(23) Metaspace: 6728K(6912K)->6728K(6912K) NonClass: 6111K(6208K)->6111K(6208K) Class: 616K(704K)->616K(704K)
[2026-08-01T23:22:05.640+0900][0.923s][debug][gc,heap        ] GC(23) Heap after GC invocations=24 (full 24):
[2026-08-01T23:22:05.640+0900][0.923s][debug][gc,heap        ] GC(23)  garbage-first heap   total 131072K, used 15463K [0x000001d45a000000, 0x0000020b5a000000)
[2026-08-01T23:22:05.640+0900][0.923s][debug][gc,heap        ] GC(23)   region size 32768K, 0 young (0K), 0 survivors (0K)
[2026-08-01T23:22:05.640+0900][0.923s][debug][gc,heap        ] GC(23)  Metaspace       used 6728K, committed 6912K, reserved 1114112K
[2026-08-01T23:22:05.640+0900][0.923s][debug][gc,heap        ] GC(23)   class space    used 616K, committed 704K, reserved 1048576K
[2026-08-01T23:22:05.640+0900][0.923s][info ][gc             ] GC(23) Pause Full (System.gc()) 16M->15M(128M) 19.825ms
[2026-08-01T23:22:05.640+0900][0.923s][info ][gc,cpu         ] GC(23) User=0.03s Sys=0.00s Real=0.02s
[2026-08-01T23:22:05.640+0900][0.923s][info ][safepoint      ] Safepoint "G1CollectFull", Time since last: 1898800 ns, Reaching safepoint: 43500 ns, At safepoint: 19902700 ns, Total: 19946200 ns
[2026-08-01T23:22:05.642+0900][0.924s][info ][gc,start       ] GC(24) Pause Full (System.gc())
[2026-08-01T23:22:05.642+0900][0.924s][debug][gc,heap        ] GC(24) Heap before GC invocations=24 (full 24):
[2026-08-01T23:22:05.642+0900][0.924s][debug][gc,heap        ] GC(24)  garbage-first heap   total 131072K, used 15463K [0x000001d45a000000, 0x0000020b5a000000)
[2026-08-01T23:22:05.642+0900][0.924s][debug][gc,heap        ] GC(24)   region size 32768K, 1 young (32768K), 0 survivors (0K)
[2026-08-01T23:22:05.642+0900][0.924s][debug][gc,heap        ] GC(24)  Metaspace       used 6729K, committed 6912K, reserved 1114112K
[2026-08-01T23:22:05.642+0900][0.924s][debug][gc,heap        ] GC(24)   class space    used 616K, committed 704K, reserved 1048576K
[2026-08-01T23:22:05.642+0900][0.924s][info ][gc,task        ] GC(24) Using 1 workers of 18 for full compaction
[2026-08-01T23:22:05.642+0900][0.925s][info ][gc,phases,start] GC(24) Phase 1: Mark live objects
[2026-08-01T23:22:05.652+0900][0.934s][info ][gc,phases      ] GC(24) Phase 1: Mark live objects 9.606ms
[2026-08-01T23:22:05.652+0900][0.934s][info ][gc,phases,start] GC(24) Phase 2: Prepare for compaction
[2026-08-01T23:22:05.654+0900][0.936s][info ][gc,phases      ] GC(24) Phase 2: Prepare for compaction 2.118ms
[2026-08-01T23:22:05.654+0900][0.936s][info ][gc,phases,start] GC(24) Phase 3: Adjust pointers
[2026-08-01T23:22:05.658+0900][0.940s][info ][gc,phases      ] GC(24) Phase 3: Adjust pointers 3.947ms
[2026-08-01T23:22:05.658+0900][0.940s][info ][gc,phases,start] GC(24) Phase 4: Compact heap
[2026-08-01T23:22:05.660+0900][0.942s][info ][gc,phases      ] GC(24) Phase 4: Compact heap 1.688ms
[2026-08-01T23:22:05.660+0900][0.943s][info ][gc,heap        ] GC(24) Eden regions: 1->0(1)
[2026-08-01T23:22:05.660+0900][0.943s][info ][gc,heap        ] GC(24) Survivor regions: 0->0(0)
[2026-08-01T23:22:05.660+0900][0.943s][info ][gc,heap        ] GC(24) Old regions: 1->1
[2026-08-01T23:22:05.660+0900][0.943s][info ][gc,heap        ] GC(24) Archive regions: 0->0
[2026-08-01T23:22:05.660+0900][0.943s][info ][gc,heap        ] GC(24) Humongous regions: 0->0
[2026-08-01T23:22:05.660+0900][0.943s][info ][gc,metaspace   ] GC(24) Metaspace: 6729K(6912K)->6729K(6912K) NonClass: 6112K(6208K)->6112K(6208K) Class: 616K(704K)->616K(704K)
[2026-08-01T23:22:05.660+0900][0.943s][debug][gc,heap        ] GC(24) Heap after GC invocations=25 (full 25):
[2026-08-01T23:22:05.660+0900][0.943s][debug][gc,heap        ] GC(24)  garbage-first heap   total 131072K, used 15477K [0x000001d45a000000, 0x0000020b5a000000)
[2026-08-01T23:22:05.660+0900][0.943s][debug][gc,heap        ] GC(24)   region size 32768K, 0 young (0K), 0 survivors (0K)
[2026-08-01T23:22:05.660+0900][0.943s][debug][gc,heap        ] GC(24)  Metaspace       used 6729K, committed 6912K, reserved 1114112K
[2026-08-01T23:22:05.660+0900][0.943s][debug][gc,heap        ] GC(24)   class space    used 616K, committed 704K, reserved 1048576K
[2026-08-01T23:22:05.660+0900][0.943s][info ][gc             ] GC(24) Pause Full (System.gc()) 16M->15M(128M) 18.470ms
[2026-08-01T23:22:05.661+0900][0.943s][info ][gc,cpu         ] GC(24) User=0.02s Sys=0.00s Real=0.02s
[2026-08-01T23:22:05.661+0900][0.943s][info ][safepoint      ] Safepoint "G1CollectFull", Time since last: 1731900 ns, Reaching safepoint: 33000 ns, At safepoint: 18561100 ns, Total: 18594100 ns
[2026-08-01T23:22:05.662+0900][0.945s][info ][gc,start       ] GC(25) Pause Full (System.gc())
[2026-08-01T23:22:05.662+0900][0.945s][debug][gc,heap        ] GC(25) Heap before GC invocations=25 (full 25):
[2026-08-01T23:22:05.662+0900][0.945s][debug][gc,heap        ] GC(25)  garbage-first heap   total 131072K, used 15477K [0x000001d45a000000, 0x0000020b5a000000)
[2026-08-01T23:22:05.662+0900][0.945s][debug][gc,heap        ] GC(25)   region size 32768K, 1 young (32768K), 0 survivors (0K)
[2026-08-01T23:22:05.662+0900][0.945s][debug][gc,heap        ] GC(25)  Metaspace       used 6730K, committed 6912K, reserved 1114112K
[2026-08-01T23:22:05.662+0900][0.945s][debug][gc,heap        ] GC(25)   class space    used 616K, committed 704K, reserved 1048576K
[2026-08-01T23:22:05.662+0900][0.945s][info ][gc,task        ] GC(25) Using 1 workers of 18 for full compaction
[2026-08-01T23:22:05.663+0900][0.945s][info ][gc,phases,start] GC(25) Phase 1: Mark live objects
[2026-08-01T23:22:05.674+0900][0.957s][info ][gc,phases      ] GC(25) Phase 1: Mark live objects 11.577ms
[2026-08-01T23:22:05.674+0900][0.957s][info ][gc,phases,start] GC(25) Phase 2: Prepare for compaction
[2026-08-01T23:22:05.676+0900][0.959s][info ][gc,phases      ] GC(25) Phase 2: Prepare for compaction 2.218ms
[2026-08-01T23:22:05.676+0900][0.959s][info ][gc,phases,start] GC(25) Phase 3: Adjust pointers
[2026-08-01T23:22:05.681+0900][0.964s][info ][gc,phases      ] GC(25) Phase 3: Adjust pointers 4.731ms
[2026-08-01T23:22:05.681+0900][0.964s][info ][gc,phases,start] GC(25) Phase 4: Compact heap
[2026-08-01T23:22:05.683+0900][0.966s][info ][gc,phases      ] GC(25) Phase 4: Compact heap 1.945ms
[2026-08-01T23:22:05.684+0900][0.966s][info ][gc,heap        ] GC(25) Eden regions: 1->0(1)
[2026-08-01T23:22:05.684+0900][0.966s][info ][gc,heap        ] GC(25) Survivor regions: 0->0(0)
[2026-08-01T23:22:05.684+0900][0.966s][info ][gc,heap        ] GC(25) Old regions: 1->1
[2026-08-01T23:22:05.684+0900][0.966s][info ][gc,heap        ] GC(25) Archive regions: 0->0
[2026-08-01T23:22:05.684+0900][0.966s][info ][gc,heap        ] GC(25) Humongous regions: 0->0
[2026-08-01T23:22:05.684+0900][0.966s][info ][gc,metaspace   ] GC(25) Metaspace: 6730K(6912K)->6730K(6912K) NonClass: 6114K(6208K)->6114K(6208K) Class: 616K(704K)->616K(704K)
[2026-08-01T23:22:05.684+0900][0.966s][debug][gc,heap        ] GC(25) Heap after GC invocations=26 (full 26):
[2026-08-01T23:22:05.684+0900][0.966s][debug][gc,heap        ] GC(25)  garbage-first heap   total 131072K, used 15491K [0x000001d45a000000, 0x0000020b5a000000)
[2026-08-01T23:22:05.684+0900][0.967s][debug][gc,heap        ] GC(25)   region size 32768K, 0 young (0K), 0 survivors (0K)
[2026-08-01T23:22:05.684+0900][0.967s][debug][gc,heap        ] GC(25)  Metaspace       used 6730K, committed 6912K, reserved 1114112K
[2026-08-01T23:22:05.684+0900][0.967s][debug][gc,heap        ] GC(25)   class space    used 616K, committed 704K, reserved 1048576K
[2026-08-01T23:22:05.684+0900][0.967s][info ][gc             ] GC(25) Pause Full (System.gc()) 16M->15M(128M) 21.790ms
[2026-08-01T23:22:05.684+0900][0.967s][info ][gc,cpu         ] GC(25) User=0.03s Sys=0.00s Real=0.02s
[2026-08-01T23:22:05.684+0900][0.967s][info ][safepoint      ] Safepoint "G1CollectFull", Time since last: 1798800 ns, Reaching safepoint: 27100 ns, At safepoint: 21842500 ns, Total: 21869600 ns
[2026-08-01T23:22:05.686+0900][0.969s][info ][gc,start       ] GC(26) Pause Full (System.gc())
[2026-08-01T23:22:05.686+0900][0.969s][debug][gc,heap        ] GC(26) Heap before GC invocations=26 (full 26):
[2026-08-01T23:22:05.686+0900][0.969s][debug][gc,heap        ] GC(26)  garbage-first heap   total 131072K, used 15491K [0x000001d45a000000, 0x0000020b5a000000)
[2026-08-01T23:22:05.686+0900][0.969s][debug][gc,heap        ] GC(26)   region size 32768K, 1 young (32768K), 0 survivors (0K)
[2026-08-01T23:22:05.686+0900][0.969s][debug][gc,heap        ] GC(26)  Metaspace       used 6739K, committed 6912K, reserved 1114112K
[2026-08-01T23:22:05.686+0900][0.969s][debug][gc,heap        ] GC(26)   class space    used 616K, committed 704K, reserved 1048576K
[2026-08-01T23:22:05.686+0900][0.969s][info ][gc,task        ] GC(26) Using 1 workers of 18 for full compaction
[2026-08-01T23:22:05.686+0900][0.969s][info ][gc,phases,start] GC(26) Phase 1: Mark live objects
[2026-08-01T23:22:05.698+0900][0.980s][info ][gc,phases      ] GC(26) Phase 1: Mark live objects 11.669ms
[2026-08-01T23:22:05.698+0900][0.980s][info ][gc,phases,start] GC(26) Phase 2: Prepare for compaction
[2026-08-01T23:22:05.700+0900][0.983s][info ][gc,phases      ] GC(26) Phase 2: Prepare for compaction 2.280ms
[2026-08-01T23:22:05.700+0900][0.983s][info ][gc,phases,start] GC(26) Phase 3: Adjust pointers
[2026-08-01T23:22:05.705+0900][0.987s][info ][gc,phases      ] GC(26) Phase 3: Adjust pointers 4.642ms
[2026-08-01T23:22:05.705+0900][0.987s][info ][gc,phases,start] GC(26) Phase 4: Compact heap
[2026-08-01T23:22:05.707+0900][0.989s][info ][gc,phases      ] GC(26) Phase 4: Compact heap 1.874ms
[2026-08-01T23:22:05.708+0900][0.990s][info ][gc,heap        ] GC(26) Eden regions: 1->0(1)
[2026-08-01T23:22:05.708+0900][0.990s][info ][gc,heap        ] GC(26) Survivor regions: 0->0(0)
[2026-08-01T23:22:05.708+0900][0.990s][info ][gc,heap        ] GC(26) Old regions: 1->1
[2026-08-01T23:22:05.708+0900][0.990s][info ][gc,heap        ] GC(26) Archive regions: 0->0
[2026-08-01T23:22:05.708+0900][0.990s][info ][gc,heap        ] GC(26) Humongous regions: 0->0
[2026-08-01T23:22:05.708+0900][0.990s][info ][gc,metaspace   ] GC(26) Metaspace: 6739K(6912K)->6739K(6912K) NonClass: 6123K(6208K)->6123K(6208K) Class: 616K(704K)->616K(704K)
[2026-08-01T23:22:05.708+0900][0.990s][debug][gc,heap        ] GC(26) Heap after GC invocations=27 (full 27):
[2026-08-01T23:22:05.708+0900][0.990s][debug][gc,heap        ] GC(26)  garbage-first heap   total 131072K, used 15504K [0x000001d45a000000, 0x0000020b5a000000)
[2026-08-01T23:22:05.708+0900][0.990s][debug][gc,heap        ] GC(26)   region size 32768K, 0 young (0K), 0 survivors (0K)
[2026-08-01T23:22:05.708+0900][0.990s][debug][gc,heap        ] GC(26)  Metaspace       used 6739K, committed 6912K, reserved 1114112K
[2026-08-01T23:22:05.708+0900][0.990s][debug][gc,heap        ] GC(26)   class space    used 616K, committed 704K, reserved 1048576K
[2026-08-01T23:22:05.708+0900][0.990s][info ][gc             ] GC(26) Pause Full (System.gc()) 16M->15M(128M) 21.728ms
[2026-08-01T23:22:05.708+0900][0.990s][info ][gc,cpu         ] GC(26) User=0.02s Sys=0.00s Real=0.02s
[2026-08-01T23:22:05.708+0900][0.990s][info ][safepoint      ] Safepoint "G1CollectFull", Time since last: 1905400 ns, Reaching safepoint: 29100 ns, At safepoint: 21776200 ns, Total: 21805300 ns
[2026-08-01T23:22:05.710+0900][0.992s][info ][gc,start       ] GC(27) Pause Full (System.gc())
[2026-08-01T23:22:05.710+0900][0.992s][debug][gc,heap        ] GC(27) Heap before GC invocations=27 (full 27):
[2026-08-01T23:22:05.710+0900][0.992s][debug][gc,heap        ] GC(27)  garbage-first heap   total 131072K, used 15504K [0x000001d45a000000, 0x0000020b5a000000)
[2026-08-01T23:22:05.710+0900][0.992s][debug][gc,heap        ] GC(27)   region size 32768K, 1 young (32768K), 0 survivors (0K)
[2026-08-01T23:22:05.710+0900][0.992s][debug][gc,heap        ] GC(27)  Metaspace       used 6739K, committed 6912K, reserved 1114112K
[2026-08-01T23:22:05.710+0900][0.992s][debug][gc,heap        ] GC(27)   class space    used 616K, committed 704K, reserved 1048576K
[2026-08-01T23:22:05.710+0900][0.992s][info ][gc,task        ] GC(27) Using 1 workers of 18 for full compaction
[2026-08-01T23:22:05.710+0900][0.992s][info ][gc,phases,start] GC(27) Phase 1: Mark live objects
[2026-08-01T23:22:05.721+0900][1.003s][info ][gc,phases      ] GC(27) Phase 1: Mark live objects 10.457ms
[2026-08-01T23:22:05.721+0900][1.003s][info ][gc,phases,start] GC(27) Phase 2: Prepare for compaction
[2026-08-01T23:22:05.723+0900][1.005s][info ][gc,phases      ] GC(27) Phase 2: Prepare for compaction 2.254ms
[2026-08-01T23:22:05.723+0900][1.005s][info ][gc,phases,start] GC(27) Phase 3: Adjust pointers
[2026-08-01T23:22:05.728+0900][1.010s][info ][gc,phases      ] GC(27) Phase 3: Adjust pointers 5.152ms
[2026-08-01T23:22:05.728+0900][1.010s][info ][gc,phases,start] GC(27) Phase 4: Compact heap
[2026-08-01T23:22:05.730+0900][1.012s][info ][gc,phases      ] GC(27) Phase 4: Compact heap 1.972ms
[2026-08-01T23:22:05.731+0900][1.013s][info ][gc,heap        ] GC(27) Eden regions: 1->0(1)
[2026-08-01T23:22:05.731+0900][1.013s][info ][gc,heap        ] GC(27) Survivor regions: 0->0(0)
[2026-08-01T23:22:05.731+0900][1.013s][info ][gc,heap        ] GC(27) Old regions: 1->1
[2026-08-01T23:22:05.731+0900][1.013s][info ][gc,heap        ] GC(27) Archive regions: 0->0
[2026-08-01T23:22:05.731+0900][1.013s][info ][gc,heap        ] GC(27) Humongous regions: 0->0
[2026-08-01T23:22:05.731+0900][1.013s][info ][gc,metaspace   ] GC(27) Metaspace: 6739K(6912K)->6739K(6912K) NonClass: 6123K(6208K)->6123K(6208K) Class: 616K(704K)->616K(704K)
[2026-08-01T23:22:05.731+0900][1.013s][debug][gc,heap        ] GC(27) Heap after GC invocations=28 (full 28):
[2026-08-01T23:22:05.731+0900][1.013s][debug][gc,heap        ] GC(27)  garbage-first heap   total 131072K, used 15522K [0x000001d45a000000, 0x0000020b5a000000)
[2026-08-01T23:22:05.731+0900][1.013s][debug][gc,heap        ] GC(27)   region size 32768K, 0 young (0K), 0 survivors (0K)
[2026-08-01T23:22:05.731+0900][1.013s][debug][gc,heap        ] GC(27)  Metaspace       used 6739K, committed 6912K, reserved 1114112K
[2026-08-01T23:22:05.731+0900][1.013s][debug][gc,heap        ] GC(27)   class space    used 616K, committed 704K, reserved 1048576K
[2026-08-01T23:22:05.731+0900][1.013s][info ][gc             ] GC(27) Pause Full (System.gc()) 16M->15M(128M) 21.198ms
[2026-08-01T23:22:05.731+0900][1.013s][info ][gc,cpu         ] GC(27) User=0.02s Sys=0.00s Real=0.02s
[2026-08-01T23:22:05.731+0900][1.014s][info ][safepoint      ] Safepoint "G1CollectFull", Time since last: 1902900 ns, Reaching safepoint: 22200 ns, At safepoint: 21232800 ns, Total: 21255000 ns
[2026-08-01T23:22:05.745+0900][1.028s][info ][gc,start       ] GC(28) Pause Full (System.gc())
[2026-08-01T23:22:05.746+0900][1.028s][debug][gc,heap        ] GC(28) Heap before GC invocations=28 (full 28):
[2026-08-01T23:22:05.746+0900][1.028s][debug][gc,heap        ] GC(28)  garbage-first heap   total 131072K, used 15522K [0x000001d45a000000, 0x0000020b5a000000)
[2026-08-01T23:22:05.746+0900][1.028s][debug][gc,heap        ] GC(28)   region size 32768K, 1 young (32768K), 0 survivors (0K)
[2026-08-01T23:22:05.746+0900][1.028s][debug][gc,heap        ] GC(28)  Metaspace       used 6768K, committed 6976K, reserved 1114112K
[2026-08-01T23:22:05.746+0900][1.028s][debug][gc,heap        ] GC(28)   class space    used 618K, committed 704K, reserved 1048576K
[2026-08-01T23:22:05.746+0900][1.028s][info ][gc,task        ] GC(28) Using 1 workers of 18 for full compaction
[2026-08-01T23:22:05.746+0900][1.028s][info ][gc,phases,start] GC(28) Phase 1: Mark live objects
[2026-08-01T23:22:05.759+0900][1.041s][info ][gc,phases      ] GC(28) Phase 1: Mark live objects 13.070ms
[2026-08-01T23:22:05.759+0900][1.041s][info ][gc,phases,start] GC(28) Phase 2: Prepare for compaction
[2026-08-01T23:22:05.762+0900][1.044s][info ][gc,phases      ] GC(28) Phase 2: Prepare for compaction 2.747ms
[2026-08-01T23:22:05.762+0900][1.044s][info ][gc,phases,start] GC(28) Phase 3: Adjust pointers
[2026-08-01T23:22:05.767+0900][1.049s][info ][gc,phases      ] GC(28) Phase 3: Adjust pointers 5.407ms
[2026-08-01T23:22:05.767+0900][1.049s][info ][gc,phases,start] GC(28) Phase 4: Compact heap
[2026-08-01T23:22:05.769+0900][1.052s][info ][gc,phases      ] GC(28) Phase 4: Compact heap 2.787ms
[2026-08-01T23:22:05.770+0900][1.053s][info ][gc,heap        ] GC(28) Eden regions: 1->0(1)
[2026-08-01T23:22:05.770+0900][1.053s][info ][gc,heap        ] GC(28) Survivor regions: 0->0(0)
[2026-08-01T23:22:05.770+0900][1.053s][info ][gc,heap        ] GC(28) Old regions: 1->1
[2026-08-01T23:22:05.770+0900][1.053s][info ][gc,heap        ] GC(28) Archive regions: 0->0
[2026-08-01T23:22:05.770+0900][1.053s][info ][gc,heap        ] GC(28) Humongous regions: 0->0
[2026-08-01T23:22:05.770+0900][1.053s][info ][gc,metaspace   ] GC(28) Metaspace: 6768K(6976K)->6768K(6976K) NonClass: 6150K(6272K)->6150K(6272K) Class: 618K(704K)->618K(704K)
[2026-08-01T23:22:05.770+0900][1.053s][debug][gc,heap        ] GC(28) Heap after GC invocations=29 (full 29):
[2026-08-01T23:22:05.770+0900][1.053s][debug][gc,heap        ] GC(28)  garbage-first heap   total 131072K, used 18138K [0x000001d45a000000, 0x0000020b5a000000)
[2026-08-01T23:22:05.770+0900][1.053s][debug][gc,heap        ] GC(28)   region size 32768K, 0 young (0K), 0 survivors (0K)
[2026-08-01T23:22:05.770+0900][1.053s][debug][gc,heap        ] GC(28)  Metaspace       used 6768K, committed 6976K, reserved 1114112K
[2026-08-01T23:22:05.770+0900][1.053s][debug][gc,heap        ] GC(28)   class space    used 618K, committed 704K, reserved 1048576K
[2026-08-01T23:22:05.770+0900][1.053s][info ][gc             ] GC(28) Pause Full (System.gc()) 20M->17M(128M) 25.295ms
[2026-08-01T23:22:05.770+0900][1.053s][info ][gc,cpu         ] GC(28) User=0.05s Sys=0.00s Real=0.03s
[2026-08-01T23:22:05.770+0900][1.053s][info ][safepoint      ] Safepoint "G1CollectFull", Time since last: 13915800 ns, Reaching safepoint: 74600 ns, At safepoint: 25347600 ns, Total: 25422200 ns
[2026-08-01T23:22:05.832+0900][1.114s][info ][gc,start       ] GC(29) Pause Young (Normal) (G1 Evacuation Pause)
[2026-08-01T23:22:05.832+0900][1.114s][debug][gc,heap        ] GC(29) Heap before GC invocations=29 (full 29):
[2026-08-01T23:22:05.832+0900][1.114s][debug][gc,heap        ] GC(29)  garbage-first heap   total 131072K, used 50906K [0x000001d45a000000, 0x0000020b5a000000)
[2026-08-01T23:22:05.832+0900][1.114s][debug][gc,heap        ] GC(29)   region size 32768K, 1 young (32768K), 0 survivors (0K)
[2026-08-01T23:22:05.832+0900][1.114s][debug][gc,heap        ] GC(29)  Metaspace       used 6780K, committed 6976K, reserved 1114112K
[2026-08-01T23:22:05.832+0900][1.114s][debug][gc,heap        ] GC(29)   class space    used 619K, committed 704K, reserved 1048576K
[2026-08-01T23:22:05.832+0900][1.115s][info ][gc,task        ] GC(29) Using 4 workers of 18 for evacuation
[2026-08-01T23:22:05.842+0900][1.124s][info ][gc,phases      ] GC(29)   Pre Evacuate Collection Set: 0.0ms
[2026-08-01T23:22:05.842+0900][1.124s][info ][gc,phases      ] GC(29)   Merge Heap Roots: 0.3ms
[2026-08-01T23:22:05.842+0900][1.124s][info ][gc,phases      ] GC(29)   Evacuate Collection Set: 9.1ms
[2026-08-01T23:22:05.842+0900][1.124s][info ][gc,phases      ] GC(29)   Post Evacuate Collection Set: 0.2ms
[2026-08-01T23:22:05.842+0900][1.124s][info ][gc,phases      ] GC(29)   Other: 0.1ms
[2026-08-01T23:22:05.842+0900][1.124s][info ][gc,heap        ] GC(29) Eden regions: 1->0(1)
[2026-08-01T23:22:05.842+0900][1.124s][info ][gc,heap        ] GC(29) Survivor regions: 0->1(1)
[2026-08-01T23:22:05.842+0900][1.124s][info ][gc,heap        ] GC(29) Old regions: 1->1
[2026-08-01T23:22:05.842+0900][1.124s][info ][gc,heap        ] GC(29) Archive regions: 0->0
[2026-08-01T23:22:05.842+0900][1.124s][info ][gc,heap        ] GC(29) Humongous regions: 0->0
[2026-08-01T23:22:05.842+0900][1.124s][info ][gc,metaspace   ] GC(29) Metaspace: 6780K(6976K)->6780K(6976K) NonClass: 6161K(6272K)->6161K(6272K) Class: 619K(704K)->619K(704K)
[2026-08-01T23:22:05.842+0900][1.124s][debug][gc,heap        ] GC(29) Heap after GC invocations=30 (full 29):
[2026-08-01T23:22:05.842+0900][1.124s][debug][gc,heap        ] GC(29)  garbage-first heap   total 131072K, used 34487K [0x000001d45a000000, 0x0000020b5a000000)
[2026-08-01T23:22:05.842+0900][1.124s][debug][gc,heap        ] GC(29)   region size 32768K, 1 young (32768K), 1 survivors (32768K)
[2026-08-01T23:22:05.842+0900][1.124s][debug][gc,heap        ] GC(29)  Metaspace       used 6780K, committed 6976K, reserved 1114112K
[2026-08-01T23:22:05.842+0900][1.124s][debug][gc,heap        ] GC(29)   class space    used 619K, committed 704K, reserved 1048576K
[2026-08-01T23:22:05.842+0900][1.124s][info ][gc             ] GC(29) Pause Young (Normal) (G1 Evacuation Pause) 49M->33M(128M) 10.103ms
[2026-08-01T23:22:05.842+0900][1.124s][info ][gc,cpu         ] GC(29) User=0.02s Sys=0.05s Real=0.01s
[2026-08-01T23:22:05.842+0900][1.125s][info ][safepoint      ] Safepoint "G1CollectForAllocation", Time since last: 61481900 ns, Reaching safepoint: 31700 ns, At safepoint: 10164100 ns, Total: 10195800 ns
[2026-08-01T23:22:05.875+0900][1.157s][info ][gc,start       ] GC(30) Pause Young (Normal) (G1 Evacuation Pause)
[2026-08-01T23:22:05.875+0900][1.157s][debug][gc,heap        ] GC(30) Heap before GC invocations=30 (full 29):
[2026-08-01T23:22:05.875+0900][1.157s][debug][gc,heap        ] GC(30)  garbage-first heap   total 131072K, used 67255K [0x000001d45a000000, 0x0000020b5a000000)
[2026-08-01T23:22:05.875+0900][1.157s][debug][gc,heap        ] GC(30)   region size 32768K, 2 young (65536K), 1 survivors (32768K)
[2026-08-01T23:22:05.875+0900][1.157s][debug][gc,heap        ] GC(30)  Metaspace       used 6780K, committed 6976K, reserved 1114112K
[2026-08-01T23:22:05.875+0900][1.157s][debug][gc,heap        ] GC(30)   class space    used 619K, committed 704K, reserved 1048576K
[2026-08-01T23:22:05.875+0900][1.157s][info ][gc,task        ] GC(30) Using 4 workers of 18 for evacuation
[2026-08-01T23:22:05.890+0900][1.172s][info ][gc,phases      ] GC(30)   Pre Evacuate Collection Set: 0.1ms
[2026-08-01T23:22:05.890+0900][1.172s][info ][gc,phases      ] GC(30)   Merge Heap Roots: 0.1ms
[2026-08-01T23:22:05.890+0900][1.172s][info ][gc,phases      ] GC(30)   Evacuate Collection Set: 14.4ms
[2026-08-01T23:22:05.890+0900][1.172s][info ][gc,phases      ] GC(30)   Post Evacuate Collection Set: 0.3ms
[2026-08-01T23:22:05.890+0900][1.172s][info ][gc,phases      ] GC(30)   Other: 0.1ms
[2026-08-01T23:22:05.890+0900][1.172s][info ][gc,heap        ] GC(30) Eden regions: 1->0(1)
[2026-08-01T23:22:05.890+0900][1.172s][info ][gc,heap        ] GC(30) Survivor regions: 1->1(1)
[2026-08-01T23:22:05.890+0900][1.172s][info ][gc,heap        ] GC(30) Old regions: 1->1
[2026-08-01T23:22:05.890+0900][1.172s][info ][gc,heap        ] GC(30) Archive regions: 0->0
[2026-08-01T23:22:05.890+0900][1.172s][info ][gc,heap        ] GC(30) Humongous regions: 0->0
[2026-08-01T23:22:05.890+0900][1.172s][info ][gc,metaspace   ] GC(30) Metaspace: 6780K(6976K)->6780K(6976K) NonClass: 6161K(6272K)->6161K(6272K) Class: 619K(704K)->619K(704K)
[2026-08-01T23:22:05.890+0900][1.172s][debug][gc,heap        ] GC(30) Heap after GC invocations=31 (full 29):
[2026-08-01T23:22:05.890+0900][1.172s][debug][gc,heap        ] GC(30)  garbage-first heap   total 131072K, used 50003K [0x000001d45a000000, 0x0000020b5a000000)
[2026-08-01T23:22:05.890+0900][1.172s][debug][gc,heap        ] GC(30)   region size 32768K, 1 young (32768K), 1 survivors (32768K)
[2026-08-01T23:22:05.890+0900][1.172s][debug][gc,heap        ] GC(30)  Metaspace       used 6780K, committed 6976K, reserved 1114112K
[2026-08-01T23:22:05.890+0900][1.172s][debug][gc,heap        ] GC(30)   class space    used 619K, committed 704K, reserved 1048576K
[2026-08-01T23:22:05.890+0900][1.172s][info ][gc             ] GC(30) Pause Young (Normal) (G1 Evacuation Pause) 65M->48M(128M) 15.442ms
[2026-08-01T23:22:05.890+0900][1.172s][info ][gc,cpu         ] GC(30) User=0.08s Sys=0.00s Real=0.02s
[2026-08-01T23:22:05.890+0900][1.173s][info ][safepoint      ] Safepoint "G1CollectForAllocation", Time since last: 32396700 ns, Reaching safepoint: 97400 ns, At safepoint: 15510200 ns, Total: 15607600 ns
[2026-08-01T23:22:05.912+0900][1.195s][info ][gc,start       ] GC(31) Pause Young (Normal) (G1 Evacuation Pause)
[2026-08-01T23:22:05.912+0900][1.195s][debug][gc,heap        ] GC(31) Heap before GC invocations=31 (full 29):
[2026-08-01T23:22:05.912+0900][1.195s][debug][gc,heap        ] GC(31)  garbage-first heap   total 131072K, used 82771K [0x000001d45a000000, 0x0000020b5a000000)
[2026-08-01T23:22:05.912+0900][1.195s][debug][gc,heap        ] GC(31)   region size 32768K, 2 young (65536K), 1 survivors (32768K)
[2026-08-01T23:22:05.912+0900][1.195s][debug][gc,heap        ] GC(31)  Metaspace       used 6783K, committed 6976K, reserved 1114112K
[2026-08-01T23:22:05.912+0900][1.195s][debug][gc,heap        ] GC(31)   class space    used 619K, committed 704K, reserved 1048576K
[2026-08-01T23:22:05.912+0900][1.195s][info ][gc,task        ] GC(31) Using 4 workers of 18 for evacuation
[2026-08-01T23:22:05.934+0900][1.217s][info ][gc,phases      ] GC(31)   Pre Evacuate Collection Set: 0.1ms
[2026-08-01T23:22:05.934+0900][1.217s][info ][gc,phases      ] GC(31)   Merge Heap Roots: 0.1ms
[2026-08-01T23:22:05.934+0900][1.217s][info ][gc,phases      ] GC(31)   Evacuate Collection Set: 21.3ms
[2026-08-01T23:22:05.934+0900][1.217s][info ][gc,phases      ] GC(31)   Post Evacuate Collection Set: 0.3ms
[2026-08-01T23:22:05.934+0900][1.217s][info ][gc,phases      ] GC(31)   Other: 0.1ms
[2026-08-01T23:22:05.934+0900][1.217s][info ][gc,heap        ] GC(31) Eden regions: 1->0(1)
[2026-08-01T23:22:05.934+0900][1.217s][info ][gc,heap        ] GC(31) Survivor regions: 1->1(1)
[2026-08-01T23:22:05.934+0900][1.217s][info ][gc,heap        ] GC(31) Old regions: 1->2
[2026-08-01T23:22:05.934+0900][1.217s][info ][gc,heap        ] GC(31) Archive regions: 0->0
[2026-08-01T23:22:05.934+0900][1.217s][info ][gc,heap        ] GC(31) Humongous regions: 0->0
[2026-08-01T23:22:05.934+0900][1.217s][info ][gc,metaspace   ] GC(31) Metaspace: 6783K(6976K)->6783K(6976K) NonClass: 6163K(6272K)->6163K(6272K) Class: 619K(704K)->619K(704K)
[2026-08-01T23:22:05.934+0900][1.217s][debug][gc,heap        ] GC(31) Heap after GC invocations=32 (full 29):
[2026-08-01T23:22:05.934+0900][1.217s][debug][gc,heap        ] GC(31)  garbage-first heap   total 163840K, used 67106K [0x000001d45a000000, 0x0000020b5a000000)
[2026-08-01T23:22:05.934+0900][1.217s][debug][gc,heap        ] GC(31)   region size 32768K, 1 young (32768K), 1 survivors (32768K)
[2026-08-01T23:22:05.934+0900][1.217s][debug][gc,heap        ] GC(31)  Metaspace       used 6783K, committed 6976K, reserved 1114112K
[2026-08-01T23:22:05.934+0900][1.217s][debug][gc,heap        ] GC(31)   class space    used 619K, committed 704K, reserved 1048576K
[2026-08-01T23:22:05.934+0900][1.217s][info ][gc             ] GC(31) Pause Young (Normal) (G1 Evacuation Pause) 80M->65M(160M) 22.222ms
[2026-08-01T23:22:05.934+0900][1.217s][info ][gc,cpu         ] GC(31) User=0.11s Sys=0.03s Real=0.02s
[2026-08-01T23:22:05.934+0900][1.217s][info ][safepoint      ] Safepoint "G1CollectForAllocation", Time since last: 22036600 ns, Reaching safepoint: 79500 ns, At safepoint: 22349200 ns, Total: 22428700 ns
[2026-08-01T23:22:05.985+0900][1.268s][info ][gc,start       ] GC(32) Pause Young (Normal) (G1 Evacuation Pause)
[2026-08-01T23:22:05.985+0900][1.268s][debug][gc,heap        ] GC(32) Heap before GC invocations=32 (full 29):
[2026-08-01T23:22:05.985+0900][1.268s][debug][gc,heap        ] GC(32)  garbage-first heap   total 163840K, used 99874K [0x000001d45a000000, 0x0000020b5a000000)
[2026-08-01T23:22:05.985+0900][1.268s][debug][gc,heap        ] GC(32)   region size 32768K, 2 young (65536K), 1 survivors (32768K)
[2026-08-01T23:22:05.985+0900][1.268s][debug][gc,heap        ] GC(32)  Metaspace       used 6817K, committed 7040K, reserved 1114112K
[2026-08-01T23:22:05.985+0900][1.268s][debug][gc,heap        ] GC(32)   class space    used 621K, committed 704K, reserved 1048576K
[2026-08-01T23:22:05.985+0900][1.268s][info ][gc,task        ] GC(32) Using 3 workers of 18 for evacuation
[2026-08-01T23:22:06.018+0900][1.300s][info ][gc,phases      ] GC(32)   Pre Evacuate Collection Set: 0.1ms
[2026-08-01T23:22:06.018+0900][1.300s][info ][gc,phases      ] GC(32)   Merge Heap Roots: 0.1ms
[2026-08-01T23:22:06.018+0900][1.300s][info ][gc,phases      ] GC(32)   Evacuate Collection Set: 30.3ms
[2026-08-01T23:22:06.018+0900][1.300s][info ][gc,phases      ] GC(32)   Post Evacuate Collection Set: 2.1ms
[2026-08-01T23:22:06.018+0900][1.300s][info ][gc,phases      ] GC(32)   Other: 0.1ms
[2026-08-01T23:22:06.018+0900][1.300s][info ][gc,heap        ] GC(32) Eden regions: 1->0(1)
[2026-08-01T23:22:06.018+0900][1.300s][info ][gc,heap        ] GC(32) Survivor regions: 1->1(1)
[2026-08-01T23:22:06.018+0900][1.300s][info ][gc,heap        ] GC(32) Old regions: 2->3
[2026-08-01T23:22:06.018+0900][1.300s][info ][gc,heap        ] GC(32) Archive regions: 0->0
[2026-08-01T23:22:06.018+0900][1.300s][info ][gc,heap        ] GC(32) Humongous regions: 0->0
[2026-08-01T23:22:06.018+0900][1.300s][info ][gc,metaspace   ] GC(32) Metaspace: 6817K(7040K)->6817K(7040K) NonClass: 6195K(6336K)->6195K(6336K) Class: 621K(704K)->621K(704K)
[2026-08-01T23:22:06.018+0900][1.300s][debug][gc,heap        ] GC(32) Heap after GC invocations=33 (full 29):
[2026-08-01T23:22:06.018+0900][1.300s][debug][gc,heap        ] GC(32)  garbage-first heap   total 1146880K, used 88512K [0x000001d45a000000, 0x0000020b5a000000)
[2026-08-01T23:22:06.018+0900][1.301s][debug][gc,heap        ] GC(32)   region size 32768K, 1 young (32768K), 1 survivors (32768K)
[2026-08-01T23:22:06.018+0900][1.301s][debug][gc,heap        ] GC(32)  Metaspace       used 6817K, committed 7040K, reserved 1114112K
[2026-08-01T23:22:06.018+0900][1.301s][debug][gc,heap        ] GC(32)   class space    used 621K, committed 704K, reserved 1048576K
[2026-08-01T23:22:06.018+0900][1.301s][info ][gc             ] GC(32) Pause Young (Normal) (G1 Evacuation Pause) 97M->86M(1120M) 32.973ms
[2026-08-01T23:22:06.018+0900][1.301s][info ][gc,cpu         ] GC(32) User=0.11s Sys=0.02s Real=0.03s
[2026-08-01T23:22:06.018+0900][1.301s][info ][safepoint      ] Safepoint "G1CollectForAllocation", Time since last: 49859100 ns, Reaching safepoint: 703900 ns, At safepoint: 33102600 ns, Total: 33806500 ns
[2026-08-01T23:22:06.023+0900][1.306s][info ][gc,start       ] GC(33) Pause Full (System.gc())
[2026-08-01T23:22:06.023+0900][1.306s][debug][gc,heap        ] GC(33) Heap before GC invocations=33 (full 29):
[2026-08-01T23:22:06.023+0900][1.306s][debug][gc,heap        ] GC(33)  garbage-first heap   total 1146880K, used 88512K [0x000001d45a000000, 0x0000020b5a000000)
[2026-08-01T23:22:06.023+0900][1.306s][debug][gc,heap        ] GC(33)   region size 32768K, 2 young (65536K), 1 survivors (32768K)
[2026-08-01T23:22:06.023+0900][1.306s][debug][gc,heap        ] GC(33)  Metaspace       used 6817K, committed 7040K, reserved 1114112K
[2026-08-01T23:22:06.023+0900][1.306s][debug][gc,heap        ] GC(33)   class space    used 621K, committed 704K, reserved 1048576K
[2026-08-01T23:22:06.023+0900][1.306s][info ][gc,task        ] GC(33) Using 2 workers of 18 for full compaction
[2026-08-01T23:22:06.024+0900][1.306s][info ][gc,phases,start] GC(33) Phase 1: Mark live objects
[2026-08-01T23:22:06.070+0900][1.353s][info ][gc,phases      ] GC(33) Phase 1: Mark live objects 46.400ms
[2026-08-01T23:22:06.070+0900][1.353s][info ][gc,phases,start] GC(33) Phase 2: Prepare for compaction
[2026-08-01T23:22:06.084+0900][1.367s][info ][gc,phases      ] GC(33) Phase 2: Prepare for compaction 14.024ms
[2026-08-01T23:22:06.084+0900][1.367s][info ][gc,phases,start] GC(33) Phase 3: Adjust pointers
[2026-08-01T23:22:06.100+0900][1.382s][info ][gc,phases      ] GC(33) Phase 3: Adjust pointers 15.733ms
[2026-08-01T23:22:06.100+0900][1.382s][info ][gc,phases,start] GC(33) Phase 4: Compact heap
[2026-08-01T23:22:06.107+0900][1.389s][info ][gc,phases      ] GC(33) Phase 4: Compact heap 7.109ms
[2026-08-01T23:22:06.110+0900][1.393s][debug][gc,heap        ] GC(33) Uncommittable regions after shrink: 25
[2026-08-01T23:22:06.111+0900][1.394s][info ][gc,heap        ] GC(33) Eden regions: 1->0(1)
[2026-08-01T23:22:06.111+0900][1.394s][info ][gc,heap        ] GC(33) Survivor regions: 1->0(1)
[2026-08-01T23:22:06.111+0900][1.394s][info ][gc,heap        ] GC(33) Old regions: 3->3
[2026-08-01T23:22:06.111+0900][1.394s][info ][gc,heap        ] GC(33) Archive regions: 0->0
[2026-08-01T23:22:06.111+0900][1.394s][info ][gc,heap        ] GC(33) Humongous regions: 0->0
[2026-08-01T23:22:06.111+0900][1.394s][info ][gc,metaspace   ] GC(33) Metaspace: 6817K(7040K)->6817K(7040K) NonClass: 6195K(6336K)->6195K(6336K) Class: 621K(704K)->621K(704K)
[2026-08-01T23:22:06.111+0900][1.394s][debug][gc,heap        ] GC(33) Heap after GC invocations=34 (full 30):
[2026-08-01T23:22:06.111+0900][1.394s][debug][gc,heap        ] GC(33)  garbage-first heap   total 327680K, used 83478K [0x000001d45a000000, 0x0000020b5a000000)
[2026-08-01T23:22:06.111+0900][1.394s][debug][gc,heap        ] GC(33)   region size 32768K, 0 young (0K), 0 survivors (0K)
[2026-08-01T23:22:06.111+0900][1.394s][debug][gc,heap        ] GC(33)  Metaspace       used 6817K, committed 7040K, reserved 1114112K
[2026-08-01T23:22:06.111+0900][1.394s][debug][gc,heap        ] GC(33)   class space    used 621K, committed 704K, reserved 1048576K
[2026-08-01T23:22:06.111+0900][1.394s][info ][gc             ] GC(33) Pause Full (System.gc()) 88M->81M(320M) 88.165ms
[2026-08-01T23:22:06.112+0900][1.394s][info ][gc,cpu         ] GC(33) User=0.23s Sys=0.00s Real=0.09s
[2026-08-01T23:22:06.112+0900][1.394s][info ][safepoint      ] Safepoint "G1CollectFull", Time since last: 5118700 ns, Reaching safepoint: 64700 ns, At safepoint: 88319000 ns, Total: 88383700 ns
[2026-08-01T23:22:06.147+0900][1.430s][info ][gc,start       ] GC(34) Pause Young (Normal) (G1 Evacuation Pause)
[2026-08-01T23:22:06.147+0900][1.430s][debug][gc,heap        ] GC(34) Heap before GC invocations=34 (full 30):
[2026-08-01T23:22:06.147+0900][1.430s][debug][gc,heap        ] GC(34)  garbage-first heap   total 327680K, used 116246K [0x000001d45a000000, 0x0000020b5a000000)
[2026-08-01T23:22:06.147+0900][1.430s][debug][gc,heap        ] GC(34)   region size 32768K, 1 young (32768K), 0 survivors (0K)
[2026-08-01T23:22:06.147+0900][1.430s][debug][gc,heap        ] GC(34)  Metaspace       used 6819K, committed 7040K, reserved 1114112K
[2026-08-01T23:22:06.147+0900][1.430s][debug][gc,heap        ] GC(34)   class space    used 621K, committed 704K, reserved 1048576K
[2026-08-01T23:22:06.147+0900][1.430s][info ][gc,task        ] GC(34) Using 7 workers of 18 for evacuation
[2026-08-01T23:22:06.154+0900][1.436s][info ][gc,phases      ] GC(34)   Pre Evacuate Collection Set: 0.1ms
[2026-08-01T23:22:06.154+0900][1.436s][info ][gc,phases      ] GC(34)   Merge Heap Roots: 0.2ms
[2026-08-01T23:22:06.154+0900][1.436s][info ][gc,phases      ] GC(34)   Evacuate Collection Set: 5.7ms
[2026-08-01T23:22:06.154+0900][1.436s][info ][gc,phases      ] GC(34)   Post Evacuate Collection Set: 0.2ms
[2026-08-01T23:22:06.154+0900][1.436s][info ][gc,phases      ] GC(34)   Other: 0.1ms
[2026-08-01T23:22:06.154+0900][1.436s][info ][gc,heap        ] GC(34) Eden regions: 1->0(1)
[2026-08-01T23:22:06.154+0900][1.436s][info ][gc,heap        ] GC(34) Survivor regions: 0->1(1)
[2026-08-01T23:22:06.154+0900][1.436s][info ][gc,heap        ] GC(34) Old regions: 3->3
[2026-08-01T23:22:06.154+0900][1.436s][info ][gc,heap        ] GC(34) Archive regions: 0->0
[2026-08-01T23:22:06.154+0900][1.436s][info ][gc,heap        ] GC(34) Humongous regions: 0->0
[2026-08-01T23:22:06.154+0900][1.436s][info ][gc,metaspace   ] GC(34) Metaspace: 6819K(7040K)->6819K(7040K) NonClass: 6197K(6336K)->6197K(6336K) Class: 621K(704K)->621K(704K)
[2026-08-01T23:22:06.154+0900][1.436s][debug][gc,heap        ] GC(34) Heap after GC invocations=35 (full 30):
[2026-08-01T23:22:06.154+0900][1.436s][debug][gc,heap        ] GC(34)  garbage-first heap   total 327680K, used 101245K [0x000001d45a000000, 0x0000020b5a000000)
[2026-08-01T23:22:06.154+0900][1.436s][debug][gc,heap        ] GC(34)   region size 32768K, 1 young (32768K), 1 survivors (32768K)
[2026-08-01T23:22:06.154+0900][1.436s][debug][gc,heap        ] GC(34)  Metaspace       used 6819K, committed 7040K, reserved 1114112K
[2026-08-01T23:22:06.154+0900][1.436s][debug][gc,heap        ] GC(34)   class space    used 621K, committed 704K, reserved 1048576K
[2026-08-01T23:22:06.154+0900][1.436s][info ][gc             ] GC(34) Pause Young (Normal) (G1 Evacuation Pause) 113M->98M(320M) 6.663ms
[2026-08-01T23:22:06.154+0900][1.436s][info ][gc,cpu         ] GC(34) User=0.12s Sys=0.02s Real=0.01s
[2026-08-01T23:22:06.154+0900][1.436s][info ][safepoint      ] Safepoint "G1CollectForAllocation", Time since last: 35263700 ns, Reaching safepoint: 137700 ns, At safepoint: 6729700 ns, Total: 6867400 ns
[2026-08-01T23:22:06.182+0900][1.464s][info ][gc,start       ] GC(35) Pause Young (Normal) (G1 Evacuation Pause)
[2026-08-01T23:22:06.182+0900][1.464s][debug][gc,heap        ] GC(35) Heap before GC invocations=35 (full 30):
[2026-08-01T23:22:06.182+0900][1.464s][debug][gc,heap        ] GC(35)  garbage-first heap   total 327680K, used 134013K [0x000001d45a000000, 0x0000020b5a000000)
[2026-08-01T23:22:06.182+0900][1.464s][debug][gc,heap        ] GC(35)   region size 32768K, 2 young (65536K), 1 survivors (32768K)
[2026-08-01T23:22:06.182+0900][1.464s][debug][gc,heap        ] GC(35)  Metaspace       used 6929K, committed 7232K, reserved 1114112K
[2026-08-01T23:22:06.182+0900][1.464s][debug][gc,heap        ] GC(35)   class space    used 635K, committed 768K, reserved 1048576K
[2026-08-01T23:22:06.182+0900][1.464s][info ][gc,task        ] GC(35) Using 7 workers of 18 for evacuation
[2026-08-01T23:22:06.191+0900][1.474s][info ][gc,phases      ] GC(35)   Pre Evacuate Collection Set: 0.1ms
[2026-08-01T23:22:06.192+0900][1.474s][info ][gc,phases      ] GC(35)   Merge Heap Roots: 0.1ms
[2026-08-01T23:22:06.192+0900][1.474s][info ][gc,phases      ] GC(35)   Evacuate Collection Set: 9.0ms
[2026-08-01T23:22:06.192+0900][1.474s][info ][gc,phases      ] GC(35)   Post Evacuate Collection Set: 0.3ms
[2026-08-01T23:22:06.192+0900][1.474s][info ][gc,phases      ] GC(35)   Other: 0.1ms
[2026-08-01T23:22:06.192+0900][1.474s][info ][gc,heap        ] GC(35) Eden regions: 1->0(1)
[2026-08-01T23:22:06.192+0900][1.474s][info ][gc,heap        ] GC(35) Survivor regions: 1->1(1)
[2026-08-01T23:22:06.192+0900][1.474s][info ][gc,heap        ] GC(35) Old regions: 3->3
[2026-08-01T23:22:06.192+0900][1.474s][info ][gc,heap        ] GC(35) Archive regions: 0->0
[2026-08-01T23:22:06.192+0900][1.474s][info ][gc,heap        ] GC(35) Humongous regions: 0->0
[2026-08-01T23:22:06.192+0900][1.474s][info ][gc,metaspace   ] GC(35) Metaspace: 6929K(7232K)->6929K(7232K) NonClass: 6293K(6464K)->6293K(6464K) Class: 635K(768K)->635K(768K)
[2026-08-01T23:22:06.192+0900][1.474s][debug][gc,heap        ] GC(35) Heap after GC invocations=36 (full 30):
[2026-08-01T23:22:06.192+0900][1.474s][debug][gc,heap        ] GC(35)  garbage-first heap   total 327680K, used 113917K [0x000001d45a000000, 0x0000020b5a000000)
[2026-08-01T23:22:06.192+0900][1.474s][debug][gc,heap        ] GC(35)   region size 32768K, 1 young (32768K), 1 survivors (32768K)
[2026-08-01T23:22:06.192+0900][1.474s][debug][gc,heap        ] GC(35)  Metaspace       used 6929K, committed 7232K, reserved 1114112K
[2026-08-01T23:22:06.192+0900][1.474s][debug][gc,heap        ] GC(35)   class space    used 635K, committed 768K, reserved 1048576K
[2026-08-01T23:22:06.192+0900][1.474s][info ][gc             ] GC(35) Pause Young (Normal) (G1 Evacuation Pause) 130M->111M(320M) 9.960ms
[2026-08-01T23:22:06.192+0900][1.474s][info ][gc,cpu         ] GC(35) User=0.11s Sys=0.05s Real=0.01s
[2026-08-01T23:22:06.192+0900][1.474s][info ][safepoint      ] Safepoint "G1CollectForAllocation", Time since last: 27869100 ns, Reaching safepoint: 95100 ns, At safepoint: 10016700 ns, Total: 10111800 ns
[2026-08-01T23:22:06.303+0900][1.586s][info ][gc,start       ] GC(36) Pause Young (Normal) (G1 Evacuation Pause)
[2026-08-01T23:22:06.303+0900][1.586s][debug][gc,heap        ] GC(36) Heap before GC invocations=36 (full 30):
[2026-08-01T23:22:06.303+0900][1.586s][debug][gc,heap        ] GC(36)  garbage-first heap   total 327680K, used 146685K [0x000001d45a000000, 0x0000020b5a000000)
[2026-08-01T23:22:06.303+0900][1.586s][debug][gc,heap        ] GC(36)   region size 32768K, 2 young (65536K), 1 survivors (32768K)
[2026-08-01T23:22:06.303+0900][1.586s][debug][gc,heap        ] GC(36)  Metaspace       used 7563K, committed 7872K, reserved 1114112K
[2026-08-01T23:22:06.303+0900][1.586s][debug][gc,heap        ] GC(36)   class space    used 681K, committed 832K, reserved 1048576K
[2026-08-01T23:22:06.303+0900][1.586s][info ][gc,task        ] GC(36) Using 7 workers of 18 for evacuation
[2026-08-01T23:22:06.311+0900][1.594s][info ][gc,phases      ] GC(36)   Pre Evacuate Collection Set: 0.1ms
[2026-08-01T23:22:06.311+0900][1.594s][info ][gc,phases      ] GC(36)   Merge Heap Roots: 0.1ms
[2026-08-01T23:22:06.311+0900][1.594s][info ][gc,phases      ] GC(36)   Evacuate Collection Set: 7.3ms
[2026-08-01T23:22:06.311+0900][1.594s][info ][gc,phases      ] GC(36)   Post Evacuate Collection Set: 0.4ms
[2026-08-01T23:22:06.311+0900][1.594s][info ][gc,phases      ] GC(36)   Other: 0.1ms
[2026-08-01T23:22:06.311+0900][1.594s][info ][gc,heap        ] GC(36) Eden regions: 1->0(1)
[2026-08-01T23:22:06.311+0900][1.594s][info ][gc,heap        ] GC(36) Survivor regions: 1->1(1)
[2026-08-01T23:22:06.312+0900][1.594s][info ][gc,heap        ] GC(36) Old regions: 3->4
[2026-08-01T23:22:06.312+0900][1.594s][info ][gc,heap        ] GC(36) Archive regions: 0->0
[2026-08-01T23:22:06.312+0900][1.594s][info ][gc,heap        ] GC(36) Humongous regions: 0->0
[2026-08-01T23:22:06.312+0900][1.594s][info ][gc,metaspace   ] GC(36) Metaspace: 7563K(7872K)->7563K(7872K) NonClass: 6882K(7040K)->6882K(7040K) Class: 681K(832K)->681K(832K)
[2026-08-01T23:22:06.312+0900][1.594s][debug][gc,heap        ] GC(36) Heap after GC invocations=37 (full 30):
[2026-08-01T23:22:06.312+0900][1.594s][debug][gc,heap        ] GC(36)  garbage-first heap   total 327680K, used 123264K [0x000001d45a000000, 0x0000020b5a000000)
[2026-08-01T23:22:06.312+0900][1.594s][debug][gc,heap        ] GC(36)   region size 32768K, 1 young (32768K), 1 survivors (32768K)
[2026-08-01T23:22:06.312+0900][1.594s][debug][gc,heap        ] GC(36)  Metaspace       used 7563K, committed 7872K, reserved 1114112K
[2026-08-01T23:22:06.312+0900][1.594s][debug][gc,heap        ] GC(36)   class space    used 681K, committed 832K, reserved 1048576K
[2026-08-01T23:22:06.312+0900][1.594s][info ][gc             ] GC(36) Pause Young (Normal) (G1 Evacuation Pause) 143M->120M(320M) 8.343ms
[2026-08-01T23:22:06.312+0900][1.594s][info ][gc,cpu         ] GC(36) User=0.11s Sys=0.00s Real=0.01s
[2026-08-01T23:22:06.312+0900][1.594s][info ][safepoint      ] Safepoint "G1CollectForAllocation", Time since last: 111526500 ns, Reaching safepoint: 68700 ns, At safepoint: 8401200 ns, Total: 8469900 ns
[2026-08-01T23:22:06.314+0900][1.597s][debug][gc,heap        ] Concurrent Uncommit Summary: 800M, 25 regions, 9.135ms
[2026-08-01T23:22:06.351+0900][1.633s][info ][gc,start       ] GC(37) Pause Young (Normal) (G1 Evacuation Pause)
[2026-08-01T23:22:06.351+0900][1.633s][debug][gc,heap        ] GC(37) Heap before GC invocations=37 (full 30):
[2026-08-01T23:22:06.351+0900][1.633s][debug][gc,heap        ] GC(37)  garbage-first heap   total 327680K, used 156032K [0x000001d45a000000, 0x0000020b5a000000)
[2026-08-01T23:22:06.351+0900][1.633s][debug][gc,heap        ] GC(37)   region size 32768K, 2 young (65536K), 1 survivors (32768K)
[2026-08-01T23:22:06.351+0900][1.633s][debug][gc,heap        ] GC(37)  Metaspace       used 7573K, committed 7872K, reserved 1114112K
[2026-08-01T23:22:06.351+0900][1.633s][debug][gc,heap        ] GC(37)   class space    used 681K, committed 832K, reserved 1048576K
[2026-08-01T23:22:06.351+0900][1.633s][info ][gc,task        ] GC(37) Using 7 workers of 18 for evacuation
[2026-08-01T23:22:06.361+0900][1.644s][info ][gc,phases      ] GC(37)   Pre Evacuate Collection Set: 0.1ms
[2026-08-01T23:22:06.361+0900][1.644s][info ][gc,phases      ] GC(37)   Merge Heap Roots: 0.2ms
[2026-08-01T23:22:06.361+0900][1.644s][info ][gc,phases      ] GC(37)   Evacuate Collection Set: 7.9ms
[2026-08-01T23:22:06.361+0900][1.644s][info ][gc,phases      ] GC(37)   Post Evacuate Collection Set: 2.0ms
[2026-08-01T23:22:06.361+0900][1.644s][info ][gc,phases      ] GC(37)   Other: 0.1ms
[2026-08-01T23:22:06.361+0900][1.644s][info ][gc,heap        ] GC(37) Eden regions: 1->0(4)
[2026-08-01T23:22:06.361+0900][1.644s][info ][gc,heap        ] GC(37) Survivor regions: 1->1(1)
[2026-08-01T23:22:06.361+0900][1.644s][info ][gc,heap        ] GC(37) Old regions: 4->4
[2026-08-01T23:22:06.361+0900][1.644s][info ][gc,heap        ] GC(37) Archive regions: 0->0
[2026-08-01T23:22:06.361+0900][1.644s][info ][gc,heap        ] GC(37) Humongous regions: 0->0
[2026-08-01T23:22:06.361+0900][1.644s][info ][gc,metaspace   ] GC(37) Metaspace: 7573K(7872K)->7573K(7872K) NonClass: 6891K(7040K)->6891K(7040K) Class: 681K(832K)->681K(832K)
[2026-08-01T23:22:06.361+0900][1.644s][debug][gc,heap        ] GC(37) Heap after GC invocations=38 (full 30):
[2026-08-01T23:22:06.361+0900][1.644s][debug][gc,heap        ] GC(37)  garbage-first heap   total 1212416K, used 137788K [0x000001d45a000000, 0x0000020b5a000000)
[2026-08-01T23:22:06.361+0900][1.644s][debug][gc,heap        ] GC(37)   region size 32768K, 1 young (32768K), 1 survivors (32768K)
[2026-08-01T23:22:06.361+0900][1.644s][debug][gc,heap        ] GC(37)  Metaspace       used 7573K, committed 7872K, reserved 1114112K
[2026-08-01T23:22:06.361+0900][1.644s][debug][gc,heap        ] GC(37)   class space    used 681K, committed 832K, reserved 1048576K
[2026-08-01T23:22:06.361+0900][1.644s][info ][gc             ] GC(37) Pause Young (Normal) (G1 Evacuation Pause) 152M->134M(1184M) 10.570ms
[2026-08-01T23:22:06.361+0900][1.644s][info ][gc,cpu         ] GC(37) User=0.12s Sys=0.00s Real=0.01s
[2026-08-01T23:22:06.361+0900][1.644s][info ][safepoint      ] Safepoint "G1CollectForAllocation", Time since last: 38828000 ns, Reaching safepoint: 97400 ns, At safepoint: 10635000 ns, Total: 10732400 ns
[2026-08-01T23:22:06.474+0900][1.757s][info ][gc,start       ] GC(38) Pause Full (System.gc())
[2026-08-01T23:22:06.474+0900][1.757s][debug][gc,heap        ] GC(38) Heap before GC invocations=38 (full 30):
[2026-08-01T23:22:06.474+0900][1.757s][debug][gc,heap        ] GC(38)  garbage-first heap   total 1212416K, used 170556K [0x000001d45a000000, 0x0000020b5a000000)
[2026-08-01T23:22:06.474+0900][1.757s][debug][gc,heap        ] GC(38)   region size 32768K, 3 young (98304K), 1 survivors (32768K)
[2026-08-01T23:22:06.474+0900][1.757s][debug][gc,heap        ] GC(38)  Metaspace       used 7629K, committed 7872K, reserved 1114112K
[2026-08-01T23:22:06.474+0900][1.757s][debug][gc,heap        ] GC(38)   class space    used 686K, committed 832K, reserved 1048576K
[2026-08-01T23:22:06.474+0900][1.757s][info ][gc,task        ] GC(38) Using 2 workers of 18 for full compaction
[2026-08-01T23:22:06.474+0900][1.757s][info ][gc,phases,start] GC(38) Phase 1: Mark live objects
[2026-08-01T23:22:06.542+0900][1.825s][info ][gc,phases      ] GC(38) Phase 1: Mark live objects 67.994ms
[2026-08-01T23:22:06.542+0900][1.825s][info ][gc,phases,start] GC(38) Phase 2: Prepare for compaction
[2026-08-01T23:22:06.550+0900][1.832s][info ][gc,phases      ] GC(38) Phase 2: Prepare for compaction 7.535ms
[2026-08-01T23:22:06.550+0900][1.833s][info ][gc,phases,start] GC(38) Phase 3: Adjust pointers
[2026-08-01T23:22:06.572+0900][1.855s][info ][gc,phases      ] GC(38) Phase 3: Adjust pointers 22.326ms
[2026-08-01T23:22:06.572+0900][1.855s][info ][gc,phases,start] GC(38) Phase 4: Compact heap
[2026-08-01T23:22:06.580+0900][1.863s][info ][gc,phases      ] GC(38) Phase 4: Compact heap 7.671ms
[2026-08-01T23:22:06.584+0900][1.866s][debug][gc,heap        ] GC(38) Uncommittable regions after shrink: 27
[2026-08-01T23:22:06.585+0900][1.868s][info ][gc,heap        ] GC(38) Eden regions: 2->0(2)
[2026-08-01T23:22:06.585+0900][1.868s][info ][gc,heap        ] GC(38) Survivor regions: 1->0(1)
[2026-08-01T23:22:06.585+0900][1.868s][info ][gc,heap        ] GC(38) Old regions: 4->3
[2026-08-01T23:22:06.585+0900][1.868s][info ][gc,heap        ] GC(38) Archive regions: 0->0
[2026-08-01T23:22:06.585+0900][1.868s][info ][gc,heap        ] GC(38) Humongous regions: 0->0
[2026-08-01T23:22:06.585+0900][1.868s][info ][gc,metaspace   ] GC(38) Metaspace: 7629K(7872K)->7629K(7872K) NonClass: 6943K(7040K)->6943K(7040K) Class: 686K(832K)->686K(832K)
[2026-08-01T23:22:06.585+0900][1.868s][debug][gc,heap        ] GC(38) Heap after GC invocations=39 (full 31):
[2026-08-01T23:22:06.585+0900][1.868s][debug][gc,heap        ] GC(38)  garbage-first heap   total 327680K, used 85919K [0x000001d45a000000, 0x0000020b5a000000)
[2026-08-01T23:22:06.585+0900][1.868s][debug][gc,heap        ] GC(38)   region size 32768K, 0 young (0K), 0 survivors (0K)
[2026-08-01T23:22:06.585+0900][1.868s][debug][gc,heap        ] GC(38)  Metaspace       used 7629K, committed 7872K, reserved 1114112K
[2026-08-01T23:22:06.585+0900][1.868s][debug][gc,heap        ] GC(38)   class space    used 686K, committed 832K, reserved 1048576K
[2026-08-01T23:22:06.585+0900][1.868s][info ][gc             ] GC(38) Pause Full (System.gc()) 194M->83M(320M) 111.126ms
[2026-08-01T23:22:06.585+0900][1.868s][info ][gc,cpu         ] GC(38) User=0.22s Sys=0.00s Real=0.11s
[2026-08-01T23:22:06.585+0900][1.868s][info ][safepoint      ] Safepoint "G1CollectFull", Time since last: 112782700 ns, Reaching safepoint: 47700 ns, At safepoint: 111231200 ns, Total: 111278900 ns
[2026-08-01T23:22:06.608+0900][1.891s][info ][gc,start       ] GC(39) Pause Full (System.gc())
[2026-08-01T23:22:06.608+0900][1.891s][debug][gc,heap        ] GC(39) Heap before GC invocations=39 (full 31):
[2026-08-01T23:22:06.608+0900][1.891s][debug][gc,heap        ] GC(39)  garbage-first heap   total 327680K, used 85919K [0x000001d45a000000, 0x0000020b5a000000)
[2026-08-01T23:22:06.608+0900][1.891s][debug][gc,heap        ] GC(39)   region size 32768K, 1 young (32768K), 0 survivors (0K)
[2026-08-01T23:22:06.608+0900][1.891s][debug][gc,heap        ] GC(39)  Metaspace       used 7629K, committed 7872K, reserved 1114112K
[2026-08-01T23:22:06.608+0900][1.891s][debug][gc,heap        ] GC(39)   class space    used 686K, committed 832K, reserved 1048576K
[2026-08-01T23:22:06.608+0900][1.891s][info ][gc,task        ] GC(39) Using 1 workers of 18 for full compaction
[2026-08-01T23:22:06.608+0900][1.891s][info ][gc,phases,start] GC(39) Phase 1: Mark live objects
[2026-08-01T23:22:06.656+0900][1.939s][info ][gc,phases      ] GC(39) Phase 1: Mark live objects 47.617ms
[2026-08-01T23:22:06.656+0900][1.939s][info ][gc,phases,start] GC(39) Phase 2: Prepare for compaction
[2026-08-01T23:22:06.668+0900][1.951s][info ][gc,phases      ] GC(39) Phase 2: Prepare for compaction 11.858ms
[2026-08-01T23:22:06.668+0900][1.951s][info ][gc,phases,start] GC(39) Phase 3: Adjust pointers
[2026-08-01T23:22:06.693+0900][1.976s][info ][gc,phases      ] GC(39) Phase 3: Adjust pointers 24.945ms
[2026-08-01T23:22:06.693+0900][1.976s][info ][gc,phases,start] GC(39) Phase 4: Compact heap
[2026-08-01T23:22:06.707+0900][1.989s][info ][gc,phases      ] GC(39) Phase 4: Compact heap 13.843ms
[2026-08-01T23:22:06.708+0900][1.991s][debug][gc,heap        ] GC(39) Uncommittable regions after shrink: 3
[2026-08-01T23:22:06.710+0900][1.992s][info ][gc,heap        ] GC(39) Eden regions: 1->0(1)
[2026-08-01T23:22:06.710+0900][1.992s][info ][gc,heap        ] GC(39) Survivor regions: 0->0(1)
[2026-08-01T23:22:06.710+0900][1.992s][info ][gc,heap        ] GC(39) Old regions: 3->2
[2026-08-01T23:22:06.710+0900][1.992s][info ][gc,heap        ] GC(39) Archive regions: 0->0
[2026-08-01T23:22:06.710+0900][1.992s][info ][gc,heap        ] GC(39) Humongous regions: 0->0
[2026-08-01T23:22:06.710+0900][1.992s][info ][gc,metaspace   ] GC(39) Metaspace: 7629K(7872K)->7629K(7872K) NonClass: 6943K(7040K)->6943K(7040K) Class: 686K(832K)->686K(832K)
[2026-08-01T23:22:06.710+0900][1.992s][debug][gc,heap        ] GC(39) Heap after GC invocations=40 (full 32):
[2026-08-01T23:22:06.710+0900][1.992s][debug][gc,heap        ] GC(39)  garbage-first heap   total 229376K, used 48782K [0x000001d45a000000, 0x0000020b5a000000)
[2026-08-01T23:22:06.710+0900][1.992s][debug][gc,heap        ] GC(39)   region size 32768K, 0 young (0K), 0 survivors (0K)
[2026-08-01T23:22:06.710+0900][1.992s][debug][gc,heap        ] GC(39)  Metaspace       used 7629K, committed 7872K, reserved 1114112K
[2026-08-01T23:22:06.710+0900][1.992s][debug][gc,heap        ] GC(39)   class space    used 686K, committed 832K, reserved 1048576K
[2026-08-01T23:22:06.710+0900][1.992s][info ][gc             ] GC(39) Pause Full (System.gc()) 97M->47M(224M) 101.029ms
[2026-08-01T23:22:06.710+0900][1.992s][info ][gc,cpu         ] GC(39) User=0.08s Sys=0.02s Real=0.10s
[2026-08-01T23:22:06.710+0900][1.992s][info ][safepoint      ] Safepoint "G1CollectFull", Time since last: 22876300 ns, Reaching safepoint: 30700 ns, At safepoint: 101161700 ns, Total: 101192400 ns
[2026-08-01T23:22:06.744+0900][2.026s][info ][gc,start       ] GC(40) Pause Full (System.gc())
[2026-08-01T23:22:06.744+0900][2.026s][debug][gc,heap        ] GC(40) Heap before GC invocations=40 (full 32):
[2026-08-01T23:22:06.744+0900][2.026s][debug][gc,heap        ] GC(40)  garbage-first heap   total 229376K, used 48782K [0x000001d45a000000, 0x0000020b5a000000)
[2026-08-01T23:22:06.744+0900][2.026s][debug][gc,heap        ] GC(40)   region size 32768K, 1 young (32768K), 0 survivors (0K)
[2026-08-01T23:22:06.744+0900][2.026s][debug][gc,heap        ] GC(40)  Metaspace       used 7724K, committed 7936K, reserved 1114112K
[2026-08-01T23:22:06.744+0900][2.026s][debug][gc,heap        ] GC(40)   class space    used 693K, committed 832K, reserved 1048576K
[2026-08-01T23:22:06.744+0900][2.026s][info ][gc,task        ] GC(40) Using 1 workers of 18 for full compaction
[2026-08-01T23:22:06.744+0900][2.026s][info ][gc,phases,start] GC(40) Phase 1: Mark live objects
[2026-08-01T23:22:06.801+0900][2.083s][info ][gc,phases      ] GC(40) Phase 1: Mark live objects 56.735ms
[2026-08-01T23:22:06.801+0900][2.083s][info ][gc,phases,start] GC(40) Phase 2: Prepare for compaction
[2026-08-01T23:22:06.808+0900][2.090s][info ][gc,phases      ] GC(40) Phase 2: Prepare for compaction 6.610ms
[2026-08-01T23:22:06.808+0900][2.090s][info ][gc,phases,start] GC(40) Phase 3: Adjust pointers
[2026-08-01T23:22:06.829+0900][2.111s][info ][gc,phases      ] GC(40) Phase 3: Adjust pointers 21.131ms
[2026-08-01T23:22:06.829+0900][2.111s][info ][gc,phases,start] GC(40) Phase 4: Compact heap
[2026-08-01T23:22:06.835+0900][2.117s][info ][gc,phases      ] GC(40) Phase 4: Compact heap 6.008ms
[2026-08-01T23:22:06.837+0900][2.119s][info ][gc,heap        ] GC(40) Eden regions: 1->0(1)
[2026-08-01T23:22:06.837+0900][2.119s][info ][gc,heap        ] GC(40) Survivor regions: 0->0(1)
[2026-08-01T23:22:06.837+0900][2.119s][info ][gc,heap        ] GC(40) Old regions: 2->2
[2026-08-01T23:22:06.837+0900][2.119s][info ][gc,heap        ] GC(40) Archive regions: 0->0
[2026-08-01T23:22:06.837+0900][2.119s][info ][gc,heap        ] GC(40) Humongous regions: 0->0
[2026-08-01T23:22:06.837+0900][2.119s][info ][gc,metaspace   ] GC(40) Metaspace: 7724K(7936K)->7724K(7936K) NonClass: 7030K(7104K)->7030K(7104K) Class: 693K(832K)->693K(832K)
[2026-08-01T23:22:06.837+0900][2.119s][debug][gc,heap        ] GC(40) Heap after GC invocations=41 (full 33):
[2026-08-01T23:22:06.837+0900][2.119s][debug][gc,heap        ] GC(40)  garbage-first heap   total 229376K, used 55594K [0x000001d45a000000, 0x0000020b5a000000)
[2026-08-01T23:22:06.837+0900][2.119s][debug][gc,heap        ] GC(40)   region size 32768K, 0 young (0K), 0 survivors (0K)
[2026-08-01T23:22:06.837+0900][2.119s][debug][gc,heap        ] GC(40)  Metaspace       used 7724K, committed 7936K, reserved 1114112K
[2026-08-01T23:22:06.837+0900][2.119s][debug][gc,heap        ] GC(40)   class space    used 693K, committed 832K, reserved 1048576K
[2026-08-01T23:22:06.837+0900][2.119s][info ][gc             ] GC(40) Pause Full (System.gc()) 69M->54M(224M) 93.068ms
[2026-08-01T23:22:06.837+0900][2.119s][info ][gc,cpu         ] GC(40) User=0.12s Sys=0.02s Real=0.09s
[2026-08-01T23:22:06.837+0900][2.119s][info ][safepoint      ] Safepoint "G1CollectFull", Time since last: 34113600 ns, Reaching safepoint: 49200 ns, At safepoint: 93211600 ns, Total: 93260800 ns
[2026-08-01T23:22:06.865+0900][2.147s][info ][gc,start       ] GC(41) Pause Young (Normal) (G1 Evacuation Pause)
[2026-08-01T23:22:06.865+0900][2.147s][debug][gc,heap        ] GC(41) Heap before GC invocations=41 (full 33):
[2026-08-01T23:22:06.865+0900][2.147s][debug][gc,heap        ] GC(41)  garbage-first heap   total 229376K, used 88362K [0x000001d45a000000, 0x0000020b5a000000)
[2026-08-01T23:22:06.865+0900][2.147s][debug][gc,heap        ] GC(41)   region size 32768K, 1 young (32768K), 0 survivors (0K)
[2026-08-01T23:22:06.865+0900][2.147s][debug][gc,heap        ] GC(41)  Metaspace       used 7731K, committed 8000K, reserved 1114112K
[2026-08-01T23:22:06.865+0900][2.147s][debug][gc,heap        ] GC(41)   class space    used 693K, committed 832K, reserved 1048576K
[2026-08-01T23:22:06.865+0900][2.147s][info ][gc,task        ] GC(41) Using 5 workers of 18 for evacuation
[2026-08-01T23:22:06.873+0900][2.155s][info ][gc,phases      ] GC(41)   Pre Evacuate Collection Set: 0.1ms
[2026-08-01T23:22:06.873+0900][2.155s][info ][gc,phases      ] GC(41)   Merge Heap Roots: 0.2ms
[2026-08-01T23:22:06.873+0900][2.155s][info ][gc,phases      ] GC(41)   Evacuate Collection Set: 7.3ms
[2026-08-01T23:22:06.873+0900][2.155s][info ][gc,phases      ] GC(41)   Post Evacuate Collection Set: 0.2ms
[2026-08-01T23:22:06.873+0900][2.155s][info ][gc,phases      ] GC(41)   Other: 0.1ms
[2026-08-01T23:22:06.873+0900][2.155s][info ][gc,heap        ] GC(41) Eden regions: 1->0(1)
[2026-08-01T23:22:06.873+0900][2.155s][info ][gc,heap        ] GC(41) Survivor regions: 0->1(1)
[2026-08-01T23:22:06.873+0900][2.155s][info ][gc,heap        ] GC(41) Old regions: 2->2
[2026-08-01T23:22:06.873+0900][2.155s][info ][gc,heap        ] GC(41) Archive regions: 0->0
[2026-08-01T23:22:06.873+0900][2.155s][info ][gc,heap        ] GC(41) Humongous regions: 0->0
[2026-08-01T23:22:06.873+0900][2.155s][info ][gc,metaspace   ] GC(41) Metaspace: 7731K(8000K)->7731K(8000K) NonClass: 7038K(7168K)->7038K(7168K) Class: 693K(832K)->693K(832K)
[2026-08-01T23:22:06.873+0900][2.155s][debug][gc,heap        ] GC(41) Heap after GC invocations=42 (full 33):
[2026-08-01T23:22:06.873+0900][2.155s][debug][gc,heap        ] GC(41)  garbage-first heap   total 229376K, used 71723K [0x000001d45a000000, 0x0000020b5a000000)
[2026-08-01T23:22:06.873+0900][2.155s][debug][gc,heap        ] GC(41)   region size 32768K, 1 young (32768K), 1 survivors (32768K)
[2026-08-01T23:22:06.873+0900][2.155s][debug][gc,heap        ] GC(41)  Metaspace       used 7731K, committed 8000K, reserved 1114112K
[2026-08-01T23:22:06.873+0900][2.155s][debug][gc,heap        ] GC(41)   class space    used 693K, committed 832K, reserved 1048576K
[2026-08-01T23:22:06.873+0900][2.155s][info ][gc             ] GC(41) Pause Young (Normal) (G1 Evacuation Pause) 86M->70M(224M) 8.176ms
[2026-08-01T23:22:06.873+0900][2.155s][info ][gc,cpu         ] GC(41) User=0.06s Sys=0.03s Real=0.01s
[2026-08-01T23:22:06.873+0900][2.155s][info ][safepoint      ] Safepoint "G1CollectForAllocation", Time since last: 27548300 ns, Reaching safepoint: 76700 ns, At safepoint: 8233300 ns, Total: 8310000 ns
[2026-08-01T23:22:06.903+0900][2.185s][info ][gc,start       ] GC(42) Pause Young (Normal) (G1 Evacuation Pause)
[2026-08-01T23:22:06.903+0900][2.185s][debug][gc,heap        ] GC(42) Heap before GC invocations=42 (full 33):
[2026-08-01T23:22:06.903+0900][2.185s][debug][gc,heap        ] GC(42)  garbage-first heap   total 229376K, used 104491K [0x000001d45a000000, 0x0000020b5a000000)
[2026-08-01T23:22:06.903+0900][2.185s][debug][gc,heap        ] GC(42)   region size 32768K, 2 young (65536K), 1 survivors (32768K)
[2026-08-01T23:22:06.903+0900][2.185s][debug][gc,heap        ] GC(42)  Metaspace       used 7848K, committed 8192K, reserved 1114112K
[2026-08-01T23:22:06.903+0900][2.185s][debug][gc,heap        ] GC(42)   class space    used 710K, committed 896K, reserved 1048576K
[2026-08-01T23:22:06.903+0900][2.185s][info ][gc,task        ] GC(42) Using 5 workers of 18 for evacuation
[2026-08-01T23:22:06.916+0900][2.198s][info ][gc,phases      ] GC(42)   Pre Evacuate Collection Set: 0.1ms
[2026-08-01T23:22:06.916+0900][2.198s][info ][gc,phases      ] GC(42)   Merge Heap Roots: 0.2ms
[2026-08-01T23:22:06.916+0900][2.198s][info ][gc,phases      ] GC(42)   Evacuate Collection Set: 12.0ms
[2026-08-01T23:22:06.916+0900][2.198s][info ][gc,phases      ] GC(42)   Post Evacuate Collection Set: 0.4ms
[2026-08-01T23:22:06.916+0900][2.198s][info ][gc,phases      ] GC(42)   Other: 0.1ms
[2026-08-01T23:22:06.916+0900][2.198s][info ][gc,heap        ] GC(42) Eden regions: 1->0(1)
[2026-08-01T23:22:06.916+0900][2.198s][info ][gc,heap        ] GC(42) Survivor regions: 1->1(1)
[2026-08-01T23:22:06.916+0900][2.198s][info ][gc,heap        ] GC(42) Old regions: 2->2
[2026-08-01T23:22:06.916+0900][2.198s][info ][gc,heap        ] GC(42) Archive regions: 0->0
[2026-08-01T23:22:06.916+0900][2.198s][info ][gc,heap        ] GC(42) Humongous regions: 0->0
[2026-08-01T23:22:06.916+0900][2.198s][info ][gc,metaspace   ] GC(42) Metaspace: 7848K(8192K)->7848K(8192K) NonClass: 7137K(7296K)->7137K(7296K) Class: 710K(896K)->710K(896K)
[2026-08-01T23:22:06.916+0900][2.198s][debug][gc,heap        ] GC(42) Heap after GC invocations=43 (full 33):
[2026-08-01T23:22:06.916+0900][2.198s][debug][gc,heap        ] GC(42)  garbage-first heap   total 229376K, used 83996K [0x000001d45a000000, 0x0000020b5a000000)
[2026-08-01T23:22:06.916+0900][2.198s][debug][gc,heap        ] GC(42)   region size 32768K, 1 young (32768K), 1 survivors (32768K)
[2026-08-01T23:22:06.916+0900][2.198s][debug][gc,heap        ] GC(42)  Metaspace       used 7848K, committed 8192K, reserved 1114112K
[2026-08-01T23:22:06.916+0900][2.198s][debug][gc,heap        ] GC(42)   class space    used 710K, committed 896K, reserved 1048576K
[2026-08-01T23:22:06.916+0900][2.198s][info ][gc             ] GC(42) Pause Young (Normal) (G1 Evacuation Pause) 102M->82M(224M) 13.004ms
[2026-08-01T23:22:06.916+0900][2.198s][info ][gc,cpu         ] GC(42) User=0.00s Sys=0.00s Real=0.01s
[2026-08-01T23:22:06.916+0900][2.198s][info ][safepoint      ] Safepoint "G1CollectForAllocation", Time since last: 29454800 ns, Reaching safepoint: 117300 ns, At safepoint: 13052700 ns, Total: 13170000 ns
[2026-08-01T23:22:06.931+0900][2.213s][info ][gc,start       ] GC(43) Pause Young (Normal) (G1 Evacuation Pause)
[2026-08-01T23:22:06.931+0900][2.213s][debug][gc,heap        ] GC(43) Heap before GC invocations=43 (full 33):
[2026-08-01T23:22:06.931+0900][2.213s][debug][gc,heap        ] GC(43)  garbage-first heap   total 229376K, used 116764K [0x000001d45a000000, 0x0000020b5a000000)
[2026-08-01T23:22:06.931+0900][2.213s][debug][gc,heap        ] GC(43)   region size 32768K, 2 young (65536K), 1 survivors (32768K)
[2026-08-01T23:22:06.931+0900][2.213s][debug][gc,heap        ] GC(43)  Metaspace       used 7848K, committed 8192K, reserved 1114112K
[2026-08-01T23:22:06.931+0900][2.213s][debug][gc,heap        ] GC(43)   class space    used 710K, committed 896K, reserved 1048576K
[2026-08-01T23:22:06.931+0900][2.213s][info ][gc,task        ] GC(43) Using 5 workers of 18 for evacuation
[2026-08-01T23:22:06.947+0900][2.229s][info ][gc,phases      ] GC(43)   Pre Evacuate Collection Set: 0.1ms
[2026-08-01T23:22:06.947+0900][2.230s][info ][gc,phases      ] GC(43)   Merge Heap Roots: 0.2ms
[2026-08-01T23:22:06.947+0900][2.230s][info ][gc,phases      ] GC(43)   Evacuate Collection Set: 15.5ms
[2026-08-01T23:22:06.947+0900][2.230s][info ][gc,phases      ] GC(43)   Post Evacuate Collection Set: 0.3ms
[2026-08-01T23:22:06.948+0900][2.230s][info ][gc,phases      ] GC(43)   Other: 0.1ms
[2026-08-01T23:22:06.948+0900][2.230s][info ][gc,heap        ] GC(43) Eden regions: 1->0(1)
[2026-08-01T23:22:06.948+0900][2.230s][info ][gc,heap        ] GC(43) Survivor regions: 1->1(1)
[2026-08-01T23:22:06.948+0900][2.230s][info ][gc,heap        ] GC(43) Old regions: 2->3
[2026-08-01T23:22:06.948+0900][2.230s][info ][gc,heap        ] GC(43) Archive regions: 0->0
[2026-08-01T23:22:06.948+0900][2.230s][info ][gc,heap        ] GC(43) Humongous regions: 0->0
[2026-08-01T23:22:06.948+0900][2.230s][info ][gc,metaspace   ] GC(43) Metaspace: 7848K(8192K)->7848K(8192K) NonClass: 7137K(7296K)->7137K(7296K) Class: 710K(896K)->710K(896K)
[2026-08-01T23:22:06.948+0900][2.230s][debug][gc,heap        ] GC(43) Heap after GC invocations=44 (full 33):
[2026-08-01T23:22:06.948+0900][2.230s][debug][gc,heap        ] GC(43)  garbage-first heap   total 229376K, used 101712K [0x000001d45a000000, 0x0000020b5a000000)
[2026-08-01T23:22:06.948+0900][2.230s][debug][gc,heap        ] GC(43)   region size 32768K, 1 young (32768K), 1 survivors (32768K)
[2026-08-01T23:22:06.948+0900][2.230s][debug][gc,heap        ] GC(43)  Metaspace       used 7848K, committed 8192K, reserved 1114112K
[2026-08-01T23:22:06.948+0900][2.230s][debug][gc,heap        ] GC(43)   class space    used 710K, committed 896K, reserved 1048576K
[2026-08-01T23:22:06.948+0900][2.230s][info ][gc             ] GC(43) Pause Young (Normal) (G1 Evacuation Pause) 114M->99M(224M) 16.506ms
[2026-08-01T23:22:06.948+0900][2.230s][info ][gc,cpu         ] GC(43) User=0.08s Sys=0.00s Real=0.02s
[2026-08-01T23:22:06.948+0900][2.230s][info ][safepoint      ] Safepoint "G1CollectForAllocation", Time since last: 15240700 ns, Reaching safepoint: 89700 ns, At safepoint: 16561000 ns, Total: 16650700 ns
[2026-08-01T23:22:06.953+0900][2.235s][debug][gc,heap        ] Concurrent Uncommit Summary: 960M, 30 regions, 18.666ms
[2026-08-01T23:22:06.981+0900][2.263s][info ][gc,start       ] GC(44) Pause Young (Normal) (G1 Evacuation Pause)
[2026-08-01T23:22:06.981+0900][2.263s][debug][gc,heap        ] GC(44) Heap before GC invocations=44 (full 33):
[2026-08-01T23:22:06.981+0900][2.263s][debug][gc,heap        ] GC(44)  garbage-first heap   total 229376K, used 134480K [0x000001d45a000000, 0x0000020b5a000000)
[2026-08-01T23:22:06.981+0900][2.263s][debug][gc,heap        ] GC(44)   region size 32768K, 2 young (65536K), 1 survivors (32768K)
[2026-08-01T23:22:06.981+0900][2.263s][debug][gc,heap        ] GC(44)  Metaspace       used 7918K, committed 8256K, reserved 1114112K
[2026-08-01T23:22:06.981+0900][2.263s][debug][gc,heap        ] GC(44)   class space    used 714K, committed 896K, reserved 1048576K
[2026-08-01T23:22:06.981+0900][2.263s][info ][gc,task        ] GC(44) Using 5 workers of 18 for evacuation
[2026-08-01T23:22:07.000+0900][2.282s][info ][gc,phases      ] GC(44)   Pre Evacuate Collection Set: 0.1ms
[2026-08-01T23:22:07.000+0900][2.282s][info ][gc,phases      ] GC(44)   Merge Heap Roots: 0.2ms
[2026-08-01T23:22:07.000+0900][2.282s][info ][gc,phases      ] GC(44)   Evacuate Collection Set: 15.8ms
[2026-08-01T23:22:07.000+0900][2.282s][info ][gc,phases      ] GC(44)   Post Evacuate Collection Set: 2.5ms
[2026-08-01T23:22:07.000+0900][2.282s][info ][gc,phases      ] GC(44)   Other: 0.1ms
[2026-08-01T23:22:07.000+0900][2.282s][info ][gc,heap        ] GC(44) Eden regions: 1->0(6)
[2026-08-01T23:22:07.000+0900][2.282s][info ][gc,heap        ] GC(44) Survivor regions: 1->1(1)
[2026-08-01T23:22:07.000+0900][2.282s][info ][gc,heap        ] GC(44) Old regions: 3->4
[2026-08-01T23:22:07.000+0900][2.282s][info ][gc,heap        ] GC(44) Archive regions: 0->0
[2026-08-01T23:22:07.000+0900][2.282s][info ][gc,heap        ] GC(44) Humongous regions: 0->0
[2026-08-01T23:22:07.000+0900][2.282s][info ][gc,metaspace   ] GC(44) Metaspace: 7918K(8256K)->7918K(8256K) NonClass: 7203K(7360K)->7203K(7360K) Class: 714K(896K)->714K(896K)
[2026-08-01T23:22:07.000+0900][2.282s][debug][gc,heap        ] GC(44) Heap after GC invocations=45 (full 33):
[2026-08-01T23:22:07.000+0900][2.282s][debug][gc,heap        ] GC(44)  garbage-first heap   total 1179648K, used 121557K [0x000001d45a000000, 0x0000020b5a000000)
[2026-08-01T23:22:07.000+0900][2.282s][debug][gc,heap        ] GC(44)   region size 32768K, 1 young (32768K), 1 survivors (32768K)
[2026-08-01T23:22:07.000+0900][2.282s][debug][gc,heap        ] GC(44)  Metaspace       used 7918K, committed 8256K, reserved 1114112K
[2026-08-01T23:22:07.000+0900][2.282s][debug][gc,heap        ] GC(44)   class space    used 714K, committed 896K, reserved 1048576K
[2026-08-01T23:22:07.000+0900][2.282s][info ][gc             ] GC(44) Pause Young (Normal) (G1 Evacuation Pause) 131M->118M(1152M) 18.898ms
[2026-08-01T23:22:07.000+0900][2.282s][info ][gc,cpu         ] GC(44) User=0.12s Sys=0.00s Real=0.02s
[2026-08-01T23:22:07.000+0900][2.282s][info ][safepoint      ] Safepoint "G1CollectForAllocation", Time since last: 33410500 ns, Reaching safepoint: 102800 ns, At safepoint: 18958300 ns, Total: 19061100 ns
[2026-08-01T23:22:07.218+0900][2.500s][info ][gc,start       ] GC(45) Pause Young (Normal) (G1 Evacuation Pause)
[2026-08-01T23:22:07.218+0900][2.500s][debug][gc,heap        ] GC(45) Heap before GC invocations=45 (full 33):
[2026-08-01T23:22:07.218+0900][2.500s][debug][gc,heap        ] GC(45)  garbage-first heap   total 1179648K, used 318165K [0x000001d45a000000, 0x0000020b5a000000)
[2026-08-01T23:22:07.218+0900][2.500s][debug][gc,heap        ] GC(45)   region size 32768K, 7 young (229376K), 1 survivors (32768K)
[2026-08-01T23:22:07.218+0900][2.500s][debug][gc,heap        ] GC(45)  Metaspace       used 8141K, committed 8448K, reserved 1114112K
[2026-08-01T23:22:07.218+0900][2.500s][debug][gc,heap        ] GC(45)   class space    used 717K, committed 896K, reserved 1048576K
[2026-08-01T23:22:07.218+0900][2.500s][info ][gc,task        ] GC(45) Using 18 workers of 18 for evacuation
[2026-08-01T23:22:07.233+0900][2.515s][info ][gc,phases      ] GC(45)   Pre Evacuate Collection Set: 0.1ms
[2026-08-01T23:22:07.233+0900][2.515s][info ][gc,phases      ] GC(45)   Merge Heap Roots: 0.3ms
[2026-08-01T23:22:07.233+0900][2.515s][info ][gc,phases      ] GC(45)   Evacuate Collection Set: 14.3ms
[2026-08-01T23:22:07.233+0900][2.515s][info ][gc,phases      ] GC(45)   Post Evacuate Collection Set: 0.4ms
[2026-08-01T23:22:07.233+0900][2.515s][info ][gc,phases      ] GC(45)   Other: 0.3ms
[2026-08-01T23:22:07.233+0900][2.515s][info ][gc,heap        ] GC(45) Eden regions: 6->0(6)
[2026-08-01T23:22:07.233+0900][2.515s][info ][gc,heap        ] GC(45) Survivor regions: 1->1(1)
[2026-08-01T23:22:07.233+0900][2.515s][info ][gc,heap        ] GC(45) Old regions: 4->5
[2026-08-01T23:22:07.233+0900][2.515s][info ][gc,heap        ] GC(45) Archive regions: 0->0
[2026-08-01T23:22:07.233+0900][2.515s][info ][gc,heap        ] GC(45) Humongous regions: 0->0
[2026-08-01T23:22:07.233+0900][2.515s][info ][gc,metaspace   ] GC(45) Metaspace: 8141K(8448K)->8141K(8448K) NonClass: 7424K(7552K)->7424K(7552K) Class: 717K(896K)->717K(896K)
[2026-08-01T23:22:07.233+0900][2.515s][debug][gc,heap        ] GC(45) Heap after GC invocations=46 (full 33):
[2026-08-01T23:22:07.233+0900][2.515s][debug][gc,heap        ] GC(45)  garbage-first heap   total 1179648K, used 183077K [0x000001d45a000000, 0x0000020b5a000000)
[2026-08-01T23:22:07.233+0900][2.516s][debug][gc,heap        ] GC(45)   region size 32768K, 1 young (32768K), 1 survivors (32768K)
[2026-08-01T23:22:07.233+0900][2.516s][debug][gc,heap        ] GC(45)  Metaspace       used 8141K, committed 8448K, reserved 1114112K
[2026-08-01T23:22:07.233+0900][2.516s][debug][gc,heap        ] GC(45)   class space    used 717K, committed 896K, reserved 1048576K
[2026-08-01T23:22:07.234+0900][2.516s][info ][gc             ] GC(45) Pause Young (Normal) (G1 Evacuation Pause) 310M->178M(1152M) 15.802ms
[2026-08-01T23:22:07.234+0900][2.516s][info ][gc,cpu         ] GC(45) User=0.30s Sys=0.00s Real=0.02s
[2026-08-01T23:22:07.234+0900][2.516s][info ][safepoint      ] Safepoint "G1CollectForAllocation", Time since last: 217443800 ns, Reaching safepoint: 103700 ns, At safepoint: 15860000 ns, Total: 15963700 ns
[2026-08-01T23:22:07.472+0900][2.754s][info ][gc,start       ] GC(46) Pause Young (Normal) (G1 Evacuation Pause)
[2026-08-01T23:22:07.472+0900][2.754s][debug][gc,heap        ] GC(46) Heap before GC invocations=46 (full 33):
[2026-08-01T23:22:07.472+0900][2.754s][debug][gc,heap        ] GC(46)  garbage-first heap   total 1179648K, used 379685K [0x000001d45a000000, 0x0000020b5a000000)
[2026-08-01T23:22:07.472+0900][2.754s][debug][gc,heap        ] GC(46)   region size 32768K, 7 young (229376K), 1 survivors (32768K)
[2026-08-01T23:22:07.472+0900][2.754s][debug][gc,heap        ] GC(46)  Metaspace       used 8172K, committed 8448K, reserved 1114112K
[2026-08-01T23:22:07.472+0900][2.754s][debug][gc,heap        ] GC(46)   class space    used 719K, committed 896K, reserved 1048576K
[2026-08-01T23:22:07.472+0900][2.754s][info ][gc,task        ] GC(46) Using 18 workers of 18 for evacuation
[2026-08-01T23:22:07.493+0900][2.775s][info ][gc,phases      ] GC(46)   Pre Evacuate Collection Set: 0.1ms
[2026-08-01T23:22:07.493+0900][2.775s][info ][gc,phases      ] GC(46)   Merge Heap Roots: 0.6ms
[2026-08-01T23:22:07.493+0900][2.775s][info ][gc,phases      ] GC(46)   Evacuate Collection Set: 20.1ms
[2026-08-01T23:22:07.493+0900][2.775s][info ][gc,phases      ] GC(46)   Post Evacuate Collection Set: 0.4ms
[2026-08-01T23:22:07.493+0900][2.775s][info ][gc,phases      ] GC(46)   Other: 0.2ms
[2026-08-01T23:22:07.493+0900][2.775s][info ][gc,heap        ] GC(46) Eden regions: 6->0(6)
[2026-08-01T23:22:07.493+0900][2.775s][info ][gc,heap        ] GC(46) Survivor regions: 1->1(1)
[2026-08-01T23:22:07.493+0900][2.775s][info ][gc,heap        ] GC(46) Old regions: 5->8
[2026-08-01T23:22:07.493+0900][2.775s][info ][gc,heap        ] GC(46) Archive regions: 0->0
[2026-08-01T23:22:07.493+0900][2.775s][info ][gc,heap        ] GC(46) Humongous regions: 0->0
[2026-08-01T23:22:07.493+0900][2.775s][info ][gc,metaspace   ] GC(46) Metaspace: 8172K(8448K)->8172K(8448K) NonClass: 7453K(7552K)->7453K(7552K) Class: 719K(896K)->719K(896K)
[2026-08-01T23:22:07.493+0900][2.775s][debug][gc,heap        ] GC(46) Heap after GC invocations=47 (full 33):
[2026-08-01T23:22:07.493+0900][2.775s][debug][gc,heap        ] GC(46)  garbage-first heap   total 1179648K, used 267043K [0x000001d45a000000, 0x0000020b5a000000)
[2026-08-01T23:22:07.493+0900][2.775s][debug][gc,heap        ] GC(46)   region size 32768K, 1 young (32768K), 1 survivors (32768K)
[2026-08-01T23:22:07.493+0900][2.775s][debug][gc,heap        ] GC(46)  Metaspace       used 8172K, committed 8448K, reserved 1114112K
[2026-08-01T23:22:07.493+0900][2.775s][debug][gc,heap        ] GC(46)   class space    used 719K, committed 896K, reserved 1048576K
[2026-08-01T23:22:07.493+0900][2.775s][info ][gc             ] GC(46) Pause Young (Normal) (G1 Evacuation Pause) 370M->260M(1152M) 21.753ms
[2026-08-01T23:22:07.493+0900][2.775s][info ][gc,cpu         ] GC(46) User=0.23s Sys=0.06s Real=0.02s
[2026-08-01T23:22:07.493+0900][2.775s][info ][safepoint      ] Safepoint "G1CollectForAllocation", Time since last: 237931700 ns, Reaching safepoint: 115200 ns, At safepoint: 21805500 ns, Total: 21920700 ns
[2026-08-01T23:22:07.608+0900][2.890s][info ][gc,start       ] GC(47) Pause Young (Normal) (G1 Evacuation Pause)
[2026-08-01T23:22:07.608+0900][2.890s][debug][gc,heap        ] GC(47) Heap before GC invocations=47 (full 33):
[2026-08-01T23:22:07.608+0900][2.890s][debug][gc,heap        ] GC(47)  garbage-first heap   total 1179648K, used 430883K [0x000001d45a000000, 0x0000020b5a000000)
[2026-08-01T23:22:07.608+0900][2.890s][debug][gc,heap        ] GC(47)   region size 32768K, 7 young (229376K), 1 survivors (32768K)
[2026-08-01T23:22:07.608+0900][2.890s][debug][gc,heap        ] GC(47)  Metaspace       used 8191K, committed 8512K, reserved 1114112K
[2026-08-01T23:22:07.608+0900][2.890s][debug][gc,heap        ] GC(47)   class space    used 719K, committed 896K, reserved 1048576K
[2026-08-01T23:22:07.608+0900][2.890s][info ][gc,task        ] GC(47) Using 18 workers of 18 for evacuation
[2026-08-01T23:22:07.635+0900][2.917s][info ][gc,phases      ] GC(47)   Pre Evacuate Collection Set: 0.1ms
[2026-08-01T23:22:07.635+0900][2.917s][info ][gc,phases      ] GC(47)   Merge Heap Roots: 0.8ms
[2026-08-01T23:22:07.635+0900][2.917s][info ][gc,phases      ] GC(47)   Evacuate Collection Set: 26.0ms
[2026-08-01T23:22:07.635+0900][2.917s][info ][gc,phases      ] GC(47)   Post Evacuate Collection Set: 0.3ms
[2026-08-01T23:22:07.635+0900][2.917s][info ][gc,phases      ] GC(47)   Other: 0.1ms
[2026-08-01T23:22:07.635+0900][2.917s][info ][gc,heap        ] GC(47) Eden regions: 6->0(6)
[2026-08-01T23:22:07.635+0900][2.917s][info ][gc,heap        ] GC(47) Survivor regions: 1->1(1)
[2026-08-01T23:22:07.635+0900][2.917s][info ][gc,heap        ] GC(47) Old regions: 8->12
[2026-08-01T23:22:07.635+0900][2.917s][info ][gc,heap        ] GC(47) Archive regions: 0->0
[2026-08-01T23:22:07.635+0900][2.917s][info ][gc,heap        ] GC(47) Humongous regions: 0->0
[2026-08-01T23:22:07.635+0900][2.917s][info ][gc,metaspace   ] GC(47) Metaspace: 8191K(8512K)->8191K(8512K) NonClass: 7472K(7616K)->7472K(7616K) Class: 719K(896K)->719K(896K)
[2026-08-01T23:22:07.635+0900][2.917s][debug][gc,heap        ] GC(47) Heap after GC invocations=48 (full 33):
[2026-08-01T23:22:07.635+0900][2.917s][debug][gc,heap        ] GC(47)  garbage-first heap   total 1179648K, used 393149K [0x000001d45a000000, 0x0000020b5a000000)
[2026-08-01T23:22:07.635+0900][2.917s][debug][gc,heap        ] GC(47)   region size 32768K, 1 young (32768K), 1 survivors (32768K)
[2026-08-01T23:22:07.635+0900][2.917s][debug][gc,heap        ] GC(47)  Metaspace       used 8191K, committed 8512K, reserved 1114112K
[2026-08-01T23:22:07.635+0900][2.917s][debug][gc,heap        ] GC(47)   class space    used 719K, committed 896K, reserved 1048576K
[2026-08-01T23:22:07.635+0900][2.917s][info ][gc             ] GC(47) Pause Young (Normal) (G1 Evacuation Pause) 452M->383M(1152M) 27.578ms
[2026-08-01T23:22:07.635+0900][2.918s][info ][gc,cpu         ] GC(47) User=0.28s Sys=0.00s Real=0.03s
[2026-08-01T23:22:07.635+0900][2.918s][info ][safepoint      ] Safepoint "G1CollectForAllocation", Time since last: 114329500 ns, Reaching safepoint: 120900 ns, At safepoint: 27630400 ns, Total: 27751300 ns
[2026-08-01T23:22:07.764+0900][3.046s][info ][gc,start       ] GC(48) Pause Full (System.gc())
[2026-08-01T23:22:07.764+0900][3.046s][debug][gc,heap        ] GC(48) Heap before GC invocations=48 (full 33):
[2026-08-01T23:22:07.764+0900][3.046s][debug][gc,heap        ] GC(48)  garbage-first heap   total 1179648K, used 524221K [0x000001d45a000000, 0x0000020b5a000000)
[2026-08-01T23:22:07.764+0900][3.046s][debug][gc,heap        ] GC(48)   region size 32768K, 6 young (196608K), 1 survivors (32768K)
[2026-08-01T23:22:07.764+0900][3.046s][debug][gc,heap        ] GC(48)  Metaspace       used 8246K, committed 8576K, reserved 1114112K
[2026-08-01T23:22:07.764+0900][3.046s][debug][gc,heap        ] GC(48)   class space    used 724K, committed 896K, reserved 1048576K
[2026-08-01T23:22:07.764+0900][3.046s][info ][gc,task        ] GC(48) Using 2 workers of 18 for full compaction
[2026-08-01T23:22:07.764+0900][3.046s][info ][gc,phases,start] GC(48) Phase 1: Mark live objects
[2026-08-01T23:22:07.919+0900][3.201s][info ][gc,phases      ] GC(48) Phase 1: Mark live objects 154.426ms
[2026-08-01T23:22:07.919+0900][3.201s][info ][gc,phases,start] GC(48) Phase 2: Prepare for compaction
[2026-08-01T23:22:07.950+0900][3.232s][info ][gc,phases      ] GC(48) Phase 2: Prepare for compaction 31.393ms
[2026-08-01T23:22:07.950+0900][3.232s][info ][gc,phases,start] GC(48) Phase 3: Adjust pointers
[2026-08-01T23:22:08.035+0900][3.317s][info ][gc,phases      ] GC(48) Phase 3: Adjust pointers 84.332ms
[2026-08-01T23:22:08.035+0900][3.317s][info ][gc,phases,start] GC(48) Phase 4: Compact heap
[2026-08-01T23:22:08.065+0900][3.347s][info ][gc,phases      ] GC(48) Phase 4: Compact heap 30.023ms
[2026-08-01T23:22:08.070+0900][3.353s][debug][gc,heap        ] GC(48) Uncommittable regions after shrink: 2
[2026-08-01T23:22:08.072+0900][3.354s][info ][gc,heap        ] GC(48) Eden regions: 5->0(6)
[2026-08-01T23:22:08.072+0900][3.354s][info ][gc,heap        ] GC(48) Survivor regions: 1->0(1)
[2026-08-01T23:22:08.072+0900][3.354s][info ][gc,heap        ] GC(48) Old regions: 12->10
[2026-08-01T23:22:08.072+0900][3.354s][info ][gc,heap        ] GC(48) Archive regions: 0->0
[2026-08-01T23:22:08.072+0900][3.354s][info ][gc,heap        ] GC(48) Humongous regions: 0->0
[2026-08-01T23:22:08.072+0900][3.354s][info ][gc,metaspace   ] GC(48) Metaspace: 8246K(8576K)->8246K(8576K) NonClass: 7521K(7680K)->7521K(7680K) Class: 724K(896K)->724K(896K)
[2026-08-01T23:22:08.072+0900][3.354s][debug][gc,heap        ] GC(48) Heap after GC invocations=49 (full 34):
[2026-08-01T23:22:08.072+0900][3.354s][debug][gc,heap        ] GC(48)  garbage-first heap   total 1114112K, used 288891K [0x000001d45a000000, 0x0000020b5a000000)
[2026-08-01T23:22:08.072+0900][3.354s][debug][gc,heap        ] GC(48)   region size 32768K, 0 young (0K), 0 survivors (0K)
[2026-08-01T23:22:08.072+0900][3.354s][debug][gc,heap        ] GC(48)  Metaspace       used 8246K, committed 8576K, reserved 1114112K
[2026-08-01T23:22:08.072+0900][3.354s][debug][gc,heap        ] GC(48)   class space    used 724K, committed 896K, reserved 1048576K
[2026-08-01T23:22:08.072+0900][3.354s][info ][gc             ] GC(48) Pause Full (System.gc()) 526M->282M(1088M) 308.106ms
[2026-08-01T23:22:08.072+0900][3.354s][info ][gc,cpu         ] GC(48) User=0.56s Sys=0.00s Real=0.31s
[2026-08-01T23:22:08.072+0900][3.354s][info ][safepoint      ] Safepoint "G1CollectFull", Time since last: 128505000 ns, Reaching safepoint: 124800 ns, At safepoint: 308231300 ns, Total: 308356100 ns
[2026-08-01T23:22:08.187+0900][3.469s][debug][gc,heap        ] Concurrent Uncommit Summary: 65536K, 2 regions, 5.125ms
[2026-08-01T23:22:08.366+0900][3.648s][info ][gc,start       ] GC(49) Pause Young (Normal) (G1 Evacuation Pause)
[2026-08-01T23:22:08.366+0900][3.648s][debug][gc,heap        ] GC(49) Heap before GC invocations=49 (full 34):
[2026-08-01T23:22:08.366+0900][3.648s][debug][gc,heap        ] GC(49)  garbage-first heap   total 1114112K, used 485499K [0x000001d45a000000, 0x0000020b5a000000)
[2026-08-01T23:22:08.366+0900][3.648s][debug][gc,heap        ] GC(49)   region size 32768K, 6 young (196608K), 0 survivors (0K)
[2026-08-01T23:22:08.366+0900][3.648s][debug][gc,heap        ] GC(49)  Metaspace       used 8246K, committed 8576K, reserved 1114112K
[2026-08-01T23:22:08.366+0900][3.648s][debug][gc,heap        ] GC(49)   class space    used 724K, committed 896K, reserved 1048576K
[2026-08-01T23:22:08.366+0900][3.648s][info ][gc,task        ] GC(49) Using 18 workers of 18 for evacuation
[2026-08-01T23:22:08.423+0900][3.706s][info ][gc,phases      ] GC(49)   Pre Evacuate Collection Set: 0.2ms
[2026-08-01T23:22:08.424+0900][3.706s][info ][gc,phases      ] GC(49)   Merge Heap Roots: 0.1ms
[2026-08-01T23:22:08.424+0900][3.706s][info ][gc,phases      ] GC(49)   Evacuate Collection Set: 53.1ms
[2026-08-01T23:22:08.424+0900][3.706s][info ][gc,phases      ] GC(49)   Post Evacuate Collection Set: 4.3ms
[2026-08-01T23:22:08.424+0900][3.706s][info ][gc,phases      ] GC(49)   Other: 0.1ms
[2026-08-01T23:22:08.424+0900][3.706s][info ][gc,heap        ] GC(49) Eden regions: 6->0(17)
[2026-08-01T23:22:08.424+0900][3.706s][info ][gc,heap        ] GC(49) Survivor regions: 0->1(1)
[2026-08-01T23:22:08.424+0900][3.706s][info ][gc,heap        ] GC(49) Old regions: 10->13
[2026-08-01T23:22:08.424+0900][3.706s][info ][gc,heap        ] GC(49) Archive regions: 0->0
[2026-08-01T23:22:08.424+0900][3.706s][info ][gc,heap        ] GC(49) Humongous regions: 0->0
[2026-08-01T23:22:08.424+0900][3.706s][info ][gc,metaspace   ] GC(49) Metaspace: 8246K(8576K)->8246K(8576K) NonClass: 7521K(7680K)->7521K(7680K) Class: 724K(896K)->724K(896K)
[2026-08-01T23:22:08.424+0900][3.706s][debug][gc,heap        ] GC(49) Heap after GC invocations=50 (full 34):
[2026-08-01T23:22:08.424+0900][3.706s][debug][gc,heap        ] GC(49)  garbage-first heap   total 3342336K, used 402711K [0x000001d45a000000, 0x0000020b5a000000)
[2026-08-01T23:22:08.424+0900][3.706s][debug][gc,heap        ] GC(49)   region size 32768K, 1 young (32768K), 1 survivors (32768K)
[2026-08-01T23:22:08.424+0900][3.706s][debug][gc,heap        ] GC(49)  Metaspace       used 8246K, committed 8576K, reserved 1114112K
[2026-08-01T23:22:08.424+0900][3.706s][debug][gc,heap        ] GC(49)   class space    used 724K, committed 896K, reserved 1048576K
[2026-08-01T23:22:08.424+0900][3.706s][info ][gc             ] GC(49) Pause Young (Normal) (G1 Evacuation Pause) 474M->393M(3264M) 58.155ms
[2026-08-01T23:22:08.424+0900][3.706s][info ][gc,cpu         ] GC(49) User=0.39s Sys=0.02s Real=0.06s
[2026-08-01T23:22:08.424+0900][3.706s][info ][safepoint      ] Safepoint "G1CollectForAllocation", Time since last: 293075900 ns, Reaching safepoint: 81800 ns, At safepoint: 58248900 ns, Total: 58330700 ns
[2026-08-01T23:22:09.443+0900][4.725s][info ][gc,start       ] GC(50) Pause Young (Normal) (G1 Evacuation Pause)
[2026-08-01T23:22:09.444+0900][4.726s][debug][gc,heap        ] GC(50) Heap before GC invocations=50 (full 34):
[2026-08-01T23:22:09.444+0900][4.726s][debug][gc,heap        ] GC(50)  garbage-first heap   total 3342336K, used 959767K [0x000001d45a000000, 0x0000020b5a000000)
[2026-08-01T23:22:09.444+0900][4.726s][debug][gc,heap        ] GC(50)   region size 32768K, 18 young (589824K), 1 survivors (32768K)
[2026-08-01T23:22:09.444+0900][4.726s][debug][gc,heap        ] GC(50)  Metaspace       used 8246K, committed 8576K, reserved 1114112K
[2026-08-01T23:22:09.444+0900][4.726s][debug][gc,heap        ] GC(50)   class space    used 724K, committed 896K, reserved 1048576K
[2026-08-01T23:22:09.444+0900][4.726s][info ][gc,task        ] GC(50) Using 18 workers of 18 for evacuation
[2026-08-01T23:22:09.605+0900][4.887s][info ][gc,phases      ] GC(50)   Pre Evacuate Collection Set: 0.1ms
[2026-08-01T23:22:09.605+0900][4.887s][info ][gc,phases      ] GC(50)   Merge Heap Roots: 0.4ms
[2026-08-01T23:22:09.605+0900][4.887s][info ][gc,phases      ] GC(50)   Evacuate Collection Set: 160.4ms
[2026-08-01T23:22:09.605+0900][4.887s][info ][gc,phases      ] GC(50)   Post Evacuate Collection Set: 0.4ms
[2026-08-01T23:22:09.605+0900][4.887s][info ][gc,phases      ] GC(50)   Other: 0.1ms
[2026-08-01T23:22:09.605+0900][4.887s][info ][gc,heap        ] GC(50) Eden regions: 17->0(12)
[2026-08-01T23:22:09.605+0900][4.887s][info ][gc,heap        ] GC(50) Survivor regions: 1->3(3)
[2026-08-01T23:22:09.605+0900][4.887s][info ][gc,heap        ] GC(50) Old regions: 13->20
[2026-08-01T23:22:09.605+0900][4.887s][info ][gc,heap        ] GC(50) Archive regions: 0->0
[2026-08-01T23:22:09.605+0900][4.887s][info ][gc,heap        ] GC(50) Humongous regions: 1->1
[2026-08-01T23:22:09.605+0900][4.887s][info ][gc,metaspace   ] GC(50) Metaspace: 8246K(8576K)->8246K(8576K) NonClass: 7521K(7680K)->7521K(7680K) Class: 724K(896K)->724K(896K)
[2026-08-01T23:22:09.605+0900][4.887s][debug][gc,heap        ] GC(50) Heap after GC invocations=51 (full 34):
[2026-08-01T23:22:09.605+0900][4.887s][debug][gc,heap        ] GC(50)  garbage-first heap   total 3342336K, used 725478K [0x000001d45a000000, 0x0000020b5a000000)
[2026-08-01T23:22:09.605+0900][4.887s][debug][gc,heap        ] GC(50)   region size 32768K, 3 young (98304K), 3 survivors (98304K)
[2026-08-01T23:22:09.605+0900][4.887s][debug][gc,heap        ] GC(50)  Metaspace       used 8246K, committed 8576K, reserved 1114112K
[2026-08-01T23:22:09.605+0900][4.887s][debug][gc,heap        ] GC(50)   class space    used 724K, committed 896K, reserved 1048576K
[2026-08-01T23:22:09.605+0900][4.887s][info ][gc             ] GC(50) Pause Young (Normal) (G1 Evacuation Pause) 969M->708M(3264M) 161.619ms
[2026-08-01T23:22:09.605+0900][4.887s][info ][gc,cpu         ] GC(50) User=1.00s Sys=0.16s Real=0.16s
[2026-08-01T23:22:09.605+0900][4.887s][info ][safepoint      ] Safepoint "G1CollectForAllocation", Time since last: 1019558000 ns, Reaching safepoint: 106800 ns, At safepoint: 161672000 ns, Total: 161778800 ns
[2026-08-01T23:22:09.908+0900][5.190s][info ][gc,start       ] GC(51) Pause Young (Normal) (G1 Evacuation Pause)
[2026-08-01T23:22:09.908+0900][5.190s][debug][gc,heap        ] GC(51) Heap before GC invocations=51 (full 34):
[2026-08-01T23:22:09.908+0900][5.190s][debug][gc,heap        ] GC(51)  garbage-first heap   total 3342336K, used 1118694K [0x000001d45a000000, 0x0000020b5a000000)
[2026-08-01T23:22:09.908+0900][5.190s][debug][gc,heap        ] GC(51)   region size 32768K, 15 young (491520K), 3 survivors (98304K)
[2026-08-01T23:22:09.908+0900][5.190s][debug][gc,heap        ] GC(51)  Metaspace       used 8246K, committed 8576K, reserved 1114112K
[2026-08-01T23:22:09.908+0900][5.190s][debug][gc,heap        ] GC(51)   class space    used 724K, committed 896K, reserved 1048576K
[2026-08-01T23:22:09.908+0900][5.190s][info ][gc,task        ] GC(51) Using 18 workers of 18 for evacuation
[2026-08-01T23:22:09.951+0900][5.233s][info ][gc,phases      ] GC(51)   Pre Evacuate Collection Set: 0.1ms
[2026-08-01T23:22:09.951+0900][5.233s][info ][gc,phases      ] GC(51)   Merge Heap Roots: 0.4ms
[2026-08-01T23:22:09.951+0900][5.233s][info ][gc,phases      ] GC(51)   Evacuate Collection Set: 42.4ms
[2026-08-01T23:22:09.951+0900][5.233s][info ][gc,phases      ] GC(51)   Post Evacuate Collection Set: 0.5ms
[2026-08-01T23:22:09.951+0900][5.233s][info ][gc,phases      ] GC(51)   Other: 0.1ms
[2026-08-01T23:22:09.951+0900][5.233s][info ][gc,heap        ] GC(51) Eden regions: 12->0(13)
[2026-08-01T23:22:09.951+0900][5.233s][info ][gc,heap        ] GC(51) Survivor regions: 3->2(2)
[2026-08-01T23:22:09.951+0900][5.234s][info ][gc,heap        ] GC(51) Old regions: 20->27
[2026-08-01T23:22:09.951+0900][5.234s][info ][gc,heap        ] GC(51) Archive regions: 0->0
[2026-08-01T23:22:09.951+0900][5.234s][info ][gc,heap        ] GC(51) Humongous regions: 1->1
[2026-08-01T23:22:09.951+0900][5.234s][info ][gc,metaspace   ] GC(51) Metaspace: 8246K(8576K)->8246K(8576K) NonClass: 7521K(7680K)->7521K(7680K) Class: 724K(896K)->724K(896K)
[2026-08-01T23:22:09.951+0900][5.234s][debug][gc,heap        ] GC(51) Heap after GC invocations=52 (full 34):
[2026-08-01T23:22:09.952+0900][5.234s][debug][gc,heap        ] GC(51)  garbage-first heap   total 3342336K, used 935377K [0x000001d45a000000, 0x0000020b5a000000)
[2026-08-01T23:22:09.952+0900][5.234s][debug][gc,heap        ] GC(51)   region size 32768K, 2 young (65536K), 2 survivors (65536K)
[2026-08-01T23:22:09.952+0900][5.234s][debug][gc,heap        ] GC(51)  Metaspace       used 8246K, committed 8576K, reserved 1114112K
[2026-08-01T23:22:09.952+0900][5.234s][debug][gc,heap        ] GC(51)   class space    used 724K, committed 896K, reserved 1048576K
[2026-08-01T23:22:09.952+0900][5.234s][info ][gc             ] GC(51) Pause Young (Normal) (G1 Evacuation Pause) 1092M->913M(3264M) 43.785ms
[2026-08-01T23:22:09.952+0900][5.234s][info ][gc,cpu         ] GC(51) User=0.73s Sys=0.11s Real=0.04s
[2026-08-01T23:22:09.952+0900][5.234s][info ][safepoint      ] Safepoint "G1CollectForAllocation", Time since last: 302562100 ns, Reaching safepoint: 108700 ns, At safepoint: 43840400 ns, Total: 43949100 ns
[2026-08-01T23:22:10.227+0900][5.509s][info ][gc,start       ] GC(52) Pause Young (Normal) (G1 Evacuation Pause)
[2026-08-01T23:22:10.227+0900][5.509s][debug][gc,heap        ] GC(52) Heap before GC invocations=52 (full 34):
[2026-08-01T23:22:10.227+0900][5.509s][debug][gc,heap        ] GC(52)  garbage-first heap   total 3342336K, used 1328593K [0x000001d45a000000, 0x0000020b5a000000)
[2026-08-01T23:22:10.227+0900][5.509s][debug][gc,heap        ] GC(52)   region size 32768K, 15 young (491520K), 2 survivors (65536K)
[2026-08-01T23:22:10.227+0900][5.509s][debug][gc,heap        ] GC(52)  Metaspace       used 8248K, committed 8576K, reserved 1114112K
[2026-08-01T23:22:10.227+0900][5.509s][debug][gc,heap        ] GC(52)   class space    used 724K, committed 896K, reserved 1048576K
[2026-08-01T23:22:10.227+0900][5.509s][info ][gc,task        ] GC(52) Using 18 workers of 18 for evacuation
[2026-08-01T23:22:10.280+0900][5.562s][info ][gc,phases      ] GC(52)   Pre Evacuate Collection Set: 0.1ms
[2026-08-01T23:22:10.280+0900][5.562s][info ][gc,phases      ] GC(52)   Merge Heap Roots: 1.2ms
[2026-08-01T23:22:10.280+0900][5.562s][info ][gc,phases      ] GC(52)   Evacuate Collection Set: 50.7ms
[2026-08-01T23:22:10.280+0900][5.562s][info ][gc,phases      ] GC(52)   Post Evacuate Collection Set: 0.5ms
[2026-08-01T23:22:10.280+0900][5.562s][info ][gc,phases      ] GC(52)   Other: 0.1ms
[2026-08-01T23:22:10.280+0900][5.562s][info ][gc,heap        ] GC(52) Eden regions: 13->0(14)
[2026-08-01T23:22:10.280+0900][5.562s][info ][gc,heap        ] GC(52) Survivor regions: 2->2(2)
[2026-08-01T23:22:10.280+0900][5.562s][info ][gc,heap        ] GC(52) Old regions: 27->35
[2026-08-01T23:22:10.280+0900][5.562s][info ][gc,heap        ] GC(52) Archive regions: 0->0
[2026-08-01T23:22:10.280+0900][5.562s][info ][gc,heap        ] GC(52) Humongous regions: 1->1
[2026-08-01T23:22:10.280+0900][5.562s][info ][gc,metaspace   ] GC(52) Metaspace: 8248K(8576K)->8248K(8576K) NonClass: 7523K(7680K)->7523K(7680K) Class: 724K(896K)->724K(896K)
[2026-08-01T23:22:10.280+0900][5.562s][debug][gc,heap        ] GC(52) Heap after GC invocations=53 (full 34):
[2026-08-01T23:22:10.280+0900][5.562s][debug][gc,heap        ] GC(52)  garbage-first heap   total 3342336K, used 1204684K [0x000001d45a000000, 0x0000020b5a000000)
[2026-08-01T23:22:10.280+0900][5.562s][debug][gc,heap        ] GC(52)   region size 32768K, 2 young (65536K), 2 survivors (65536K)
[2026-08-01T23:22:10.280+0900][5.562s][debug][gc,heap        ] GC(52)  Metaspace       used 8248K, committed 8576K, reserved 1114112K
[2026-08-01T23:22:10.280+0900][5.562s][debug][gc,heap        ] GC(52)   class space    used 724K, committed 896K, reserved 1048576K
[2026-08-01T23:22:10.280+0900][5.562s][info ][gc             ] GC(52) Pause Young (Normal) (G1 Evacuation Pause) 1329M->1176M(3264M) 53.066ms
[2026-08-01T23:22:10.280+0900][5.562s][info ][gc,cpu         ] GC(52) User=1.06s Sys=0.06s Real=0.05s
[2026-08-01T23:22:10.280+0900][5.562s][info ][safepoint      ] Safepoint "G1CollectForAllocation", Time since last: 275356500 ns, Reaching safepoint: 102600 ns, At safepoint: 53119800 ns, Total: 53222400 ns
[2026-08-01T23:22:10.594+0900][5.876s][info ][gc,start       ] GC(53) Pause Young (Normal) (G1 Evacuation Pause)
[2026-08-01T23:22:10.594+0900][5.876s][debug][gc,heap        ] GC(53) Heap before GC invocations=53 (full 34):
[2026-08-01T23:22:10.594+0900][5.876s][debug][gc,heap        ] GC(53)  garbage-first heap   total 3342336K, used 1696204K [0x000001d45a000000, 0x0000020b5a000000)
[2026-08-01T23:22:10.594+0900][5.876s][debug][gc,heap        ] GC(53)   region size 32768K, 16 young (524288K), 2 survivors (65536K)
[2026-08-01T23:22:10.594+0900][5.876s][debug][gc,heap        ] GC(53)  Metaspace       used 8250K, committed 8576K, reserved 1114112K
[2026-08-01T23:22:10.594+0900][5.876s][debug][gc,heap        ] GC(53)   class space    used 724K, committed 896K, reserved 1048576K
[2026-08-01T23:22:10.594+0900][5.876s][info ][gc,task        ] GC(53) Using 18 workers of 18 for evacuation
[2026-08-01T23:22:10.665+0900][5.947s][info ][gc,phases      ] GC(53)   Pre Evacuate Collection Set: 0.1ms
[2026-08-01T23:22:10.665+0900][5.947s][info ][gc,phases      ] GC(53)   Merge Heap Roots: 1.4ms
[2026-08-01T23:22:10.665+0900][5.947s][info ][gc,phases      ] GC(53)   Evacuate Collection Set: 60.6ms
[2026-08-01T23:22:10.665+0900][5.947s][info ][gc,phases      ] GC(53)   Post Evacuate Collection Set: 8.1ms
[2026-08-01T23:22:10.665+0900][5.947s][info ][gc,phases      ] GC(53)   Other: 0.1ms
[2026-08-01T23:22:10.665+0900][5.947s][info ][gc,heap        ] GC(53) Eden regions: 14->0(14)
[2026-08-01T23:22:10.665+0900][5.947s][info ][gc,heap        ] GC(53) Survivor regions: 2->2(2)
[2026-08-01T23:22:10.665+0900][5.947s][info ][gc,heap        ] GC(53) Old regions: 35->44
[2026-08-01T23:22:10.665+0900][5.947s][info ][gc,heap        ] GC(53) Archive regions: 0->0
[2026-08-01T23:22:10.665+0900][5.947s][info ][gc,heap        ] GC(53) Humongous regions: 2->2
[2026-08-01T23:22:10.665+0900][5.947s][info ][gc,metaspace   ] GC(53) Metaspace: 8250K(8576K)->8250K(8576K) NonClass: 7525K(7680K)->7525K(7680K) Class: 724K(896K)->724K(896K)
[2026-08-01T23:22:10.665+0900][5.947s][debug][gc,heap        ] GC(53) Heap after GC invocations=54 (full 34):
[2026-08-01T23:22:10.665+0900][5.947s][debug][gc,heap        ] GC(53)  garbage-first heap   total 7176192K, used 1521917K [0x000001d45a000000, 0x0000020b5a000000)
[2026-08-01T23:22:10.665+0900][5.947s][debug][gc,heap        ] GC(53)   region size 32768K, 2 young (65536K), 2 survivors (65536K)
[2026-08-01T23:22:10.665+0900][5.947s][debug][gc,heap        ] GC(53)  Metaspace       used 8250K, committed 8576K, reserved 1114112K
[2026-08-01T23:22:10.665+0900][5.947s][debug][gc,heap        ] GC(53)   class space    used 724K, committed 896K, reserved 1048576K
[2026-08-01T23:22:10.665+0900][5.947s][info ][gc             ] GC(53) Pause Young (Normal) (G1 Evacuation Pause) 1656M->1486M(7008M) 70.628ms
[2026-08-01T23:22:10.665+0900][5.947s][info ][gc,cpu         ] GC(53) User=0.94s Sys=0.19s Real=0.07s
[2026-08-01T23:22:10.665+0900][5.947s][info ][safepoint      ] Safepoint "G1CollectForAllocation", Time since last: 313922700 ns, Reaching safepoint: 113300 ns, At safepoint: 70688200 ns, Total: 70801500 ns
[2026-08-01T23:22:11.058+0900][6.340s][info ][gc,start       ] GC(54) Pause Young (Normal) (G1 Evacuation Pause)
[2026-08-01T23:22:11.058+0900][6.340s][debug][gc,heap        ] GC(54) Heap before GC invocations=54 (full 34):
[2026-08-01T23:22:11.058+0900][6.340s][debug][gc,heap        ] GC(54)  garbage-first heap   total 7176192K, used 1980669K [0x000001d45a000000, 0x0000020b5a000000)
[2026-08-01T23:22:11.058+0900][6.340s][debug][gc,heap        ] GC(54)   region size 32768K, 16 young (524288K), 2 survivors (65536K)
[2026-08-01T23:22:11.058+0900][6.340s][debug][gc,heap        ] GC(54)  Metaspace       used 8250K, committed 8576K, reserved 1114112K
[2026-08-01T23:22:11.058+0900][6.340s][debug][gc,heap        ] GC(54)   class space    used 724K, committed 896K, reserved 1048576K
[2026-08-01T23:22:11.058+0900][6.340s][info ][gc,task        ] GC(54) Using 18 workers of 18 for evacuation
[2026-08-01T23:22:11.125+0900][6.407s][info ][gc,phases      ] GC(54)   Pre Evacuate Collection Set: 0.1ms
[2026-08-01T23:22:11.125+0900][6.407s][info ][gc,phases      ] GC(54)   Merge Heap Roots: 1.6ms
[2026-08-01T23:22:11.125+0900][6.407s][info ][gc,phases      ] GC(54)   Evacuate Collection Set: 64.4ms
[2026-08-01T23:22:11.125+0900][6.407s][info ][gc,phases      ] GC(54)   Post Evacuate Collection Set: 0.5ms
[2026-08-01T23:22:11.125+0900][6.407s][info ][gc,phases      ] GC(54)   Other: 0.1ms
[2026-08-01T23:22:11.125+0900][6.407s][info ][gc,heap        ] GC(54) Eden regions: 14->0(19)
[2026-08-01T23:22:11.125+0900][6.407s][info ][gc,heap        ] GC(54) Survivor regions: 2->2(2)
[2026-08-01T23:22:11.125+0900][6.407s][info ][gc,heap        ] GC(54) Old regions: 44->53
[2026-08-01T23:22:11.125+0900][6.407s][info ][gc,heap        ] GC(54) Archive regions: 0->0
[2026-08-01T23:22:11.125+0900][6.407s][info ][gc,heap        ] GC(54) Humongous regions: 2->2
[2026-08-01T23:22:11.125+0900][6.407s][info ][gc,metaspace   ] GC(54) Metaspace: 8250K(8576K)->8250K(8576K) NonClass: 7525K(7680K)->7525K(7680K) Class: 724K(896K)->724K(896K)
[2026-08-01T23:22:11.125+0900][6.407s][debug][gc,heap        ] GC(54) Heap after GC invocations=55 (full 34):
[2026-08-01T23:22:11.125+0900][6.407s][debug][gc,heap        ] GC(54)  garbage-first heap   total 7176192K, used 1812948K [0x000001d45a000000, 0x0000020b5a000000)
[2026-08-01T23:22:11.125+0900][6.407s][debug][gc,heap        ] GC(54)   region size 32768K, 2 young (65536K), 2 survivors (65536K)
[2026-08-01T23:22:11.125+0900][6.407s][debug][gc,heap        ] GC(54)  Metaspace       used 8250K, committed 8576K, reserved 1114112K
[2026-08-01T23:22:11.125+0900][6.407s][debug][gc,heap        ] GC(54)   class space    used 724K, committed 896K, reserved 1048576K
[2026-08-01T23:22:11.125+0900][6.407s][info ][gc             ] GC(54) Pause Young (Normal) (G1 Evacuation Pause) 1934M->1770M(7008M) 67.050ms
[2026-08-01T23:22:11.125+0900][6.407s][info ][gc,cpu         ] GC(54) User=0.94s Sys=0.20s Real=0.07s
[2026-08-01T23:22:11.125+0900][6.407s][info ][safepoint      ] Safepoint "G1CollectForAllocation", Time since last: 393180800 ns, Reaching safepoint: 112800 ns, At safepoint: 67105600 ns, Total: 67218400 ns
[2026-08-01T23:22:11.770+0900][7.052s][info ][gc,start       ] GC(55) Pause Young (Normal) (G1 Evacuation Pause)
[2026-08-01T23:22:11.770+0900][7.052s][debug][gc,heap        ] GC(55) Heap before GC invocations=55 (full 34):
[2026-08-01T23:22:11.770+0900][7.052s][debug][gc,heap        ] GC(55)  garbage-first heap   total 7176192K, used 2337236K [0x000001d45a000000, 0x0000020b5a000000)
[2026-08-01T23:22:11.770+0900][7.052s][debug][gc,heap        ] GC(55)   region size 32768K, 18 young (589824K), 2 survivors (65536K)
[2026-08-01T23:22:11.770+0900][7.052s][debug][gc,heap        ] GC(55)  Metaspace       used 8306K, committed 8640K, reserved 1114112K
[2026-08-01T23:22:11.770+0900][7.053s][debug][gc,heap        ] GC(55)   class space    used 726K, committed 896K, reserved 1048576K
[2026-08-01T23:22:11.770+0900][7.053s][info ][gc,task        ] GC(55) Using 18 workers of 18 for evacuation
[2026-08-01T23:22:11.842+0900][7.124s][info ][gc,phases      ] GC(55)   Pre Evacuate Collection Set: 0.1ms
[2026-08-01T23:22:11.842+0900][7.124s][info ][gc,phases      ] GC(55)   Merge Heap Roots: 2.1ms
[2026-08-01T23:22:11.842+0900][7.124s][info ][gc,phases      ] GC(55)   Evacuate Collection Set: 68.3ms
[2026-08-01T23:22:11.842+0900][7.124s][info ][gc,phases      ] GC(55)   Post Evacuate Collection Set: 0.8ms
[2026-08-01T23:22:11.842+0900][7.124s][info ][gc,phases      ] GC(55)   Other: 0.1ms
[2026-08-01T23:22:11.842+0900][7.124s][info ][gc,heap        ] GC(55) Eden regions: 16->0(18)
[2026-08-01T23:22:11.842+0900][7.124s][info ][gc,heap        ] GC(55) Survivor regions: 2->3(3)
[2026-08-01T23:22:11.842+0900][7.124s][info ][gc,heap        ] GC(55) Old regions: 53->59
[2026-08-01T23:22:11.842+0900][7.124s][info ][gc,heap        ] GC(55) Archive regions: 0->0
[2026-08-01T23:22:11.842+0900][7.124s][info ][gc,heap        ] GC(55) Humongous regions: 2->2
[2026-08-01T23:22:11.842+0900][7.124s][info ][gc,metaspace   ] GC(55) Metaspace: 8306K(8640K)->8306K(8640K) NonClass: 7580K(7744K)->7580K(7744K) Class: 726K(896K)->726K(896K)
[2026-08-01T23:22:11.842+0900][7.124s][debug][gc,heap        ] GC(55) Heap after GC invocations=56 (full 34):
[2026-08-01T23:22:11.842+0900][7.124s][debug][gc,heap        ] GC(55)  garbage-first heap   total 7176192K, used 2042644K [0x000001d45a000000, 0x0000020b5a000000)
[2026-08-01T23:22:11.842+0900][7.124s][debug][gc,heap        ] GC(55)   region size 32768K, 3 young (98304K), 3 survivors (98304K)
[2026-08-01T23:22:11.842+0900][7.124s][debug][gc,heap        ] GC(55)  Metaspace       used 8306K, committed 8640K, reserved 1114112K
[2026-08-01T23:22:11.842+0900][7.124s][debug][gc,heap        ] GC(55)   class space    used 726K, committed 896K, reserved 1048576K
[2026-08-01T23:22:11.842+0900][7.124s][info ][gc             ] GC(55) Pause Young (Normal) (G1 Evacuation Pause) 2282M->1994M(7008M) 71.762ms
[2026-08-01T23:22:11.842+0900][7.124s][info ][gc,cpu         ] GC(55) User=1.08s Sys=0.11s Real=0.07s
[2026-08-01T23:22:11.842+0900][7.124s][info ][safepoint      ] Safepoint "G1CollectForAllocation", Time since last: 644921400 ns, Reaching safepoint: 106900 ns, At safepoint: 71823700 ns, Total: 71930600 ns
[2026-08-01T23:22:12.203+0900][7.485s][info ][gc,start       ] GC(56) Pause Young (Normal) (G1 Evacuation Pause)
[2026-08-01T23:22:12.203+0900][7.485s][debug][gc,heap        ] GC(56) Heap before GC invocations=56 (full 34):
[2026-08-01T23:22:12.203+0900][7.485s][debug][gc,heap        ] GC(56)  garbage-first heap   total 7176192K, used 2272020K [0x000001d45a000000, 0x0000020b5a000000)
[2026-08-01T23:22:12.203+0900][7.485s][debug][gc,heap        ] GC(56)   region size 32768K, 10 young (327680K), 3 survivors (98304K)
[2026-08-01T23:22:12.203+0900][7.485s][debug][gc,heap        ] GC(56)  Metaspace       used 8306K, committed 8640K, reserved 1114112K
[2026-08-01T23:22:12.203+0900][7.485s][debug][gc,heap        ] GC(56)   class space    used 726K, committed 896K, reserved 1048576K
[2026-08-01T23:22:12.203+0900][7.485s][info ][gc,task        ] GC(56) Using 18 workers of 18 for evacuation
[2026-08-01T23:22:12.238+0900][7.521s][info ][gc,phases      ] GC(56)   Pre Evacuate Collection Set: 0.1ms
[2026-08-01T23:22:12.239+0900][7.521s][info ][gc,phases      ] GC(56)   Merge Heap Roots: 2.3ms
[2026-08-01T23:22:12.239+0900][7.521s][info ][gc,phases      ] GC(56)   Evacuate Collection Set: 32.0ms
[2026-08-01T23:22:12.239+0900][7.521s][info ][gc,phases      ] GC(56)   Post Evacuate Collection Set: 0.5ms
[2026-08-01T23:22:12.239+0900][7.521s][info ][gc,phases      ] GC(56)   Other: 0.1ms
[2026-08-01T23:22:12.239+0900][7.521s][info ][gc,heap        ] GC(56) Eden regions: 7->0(28)
[2026-08-01T23:22:12.239+0900][7.521s][info ][gc,heap        ] GC(56) Survivor regions: 3->1(2)
[2026-08-01T23:22:12.239+0900][7.521s][info ][gc,heap        ] GC(56) Old regions: 59->63
[2026-08-01T23:22:12.239+0900][7.521s][info ][gc,heap        ] GC(56) Archive regions: 0->0
[2026-08-01T23:22:12.239+0900][7.521s][info ][gc,heap        ] GC(56) Humongous regions: 2->2
[2026-08-01T23:22:12.239+0900][7.521s][info ][gc,metaspace   ] GC(56) Metaspace: 8306K(8640K)->8306K(8640K) NonClass: 7580K(7744K)->7580K(7744K) Class: 726K(896K)->726K(896K)
[2026-08-01T23:22:12.239+0900][7.521s][debug][gc,heap        ] GC(56) Heap after GC invocations=57 (full 34):
[2026-08-01T23:22:12.239+0900][7.521s][debug][gc,heap        ] GC(56)  garbage-first heap   total 7176192K, used 2082463K [0x000001d45a000000, 0x0000020b5a000000)
[2026-08-01T23:22:12.239+0900][7.521s][debug][gc,heap        ] GC(56)   region size 32768K, 1 young (32768K), 1 survivors (32768K)
[2026-08-01T23:22:12.239+0900][7.521s][debug][gc,heap        ] GC(56)  Metaspace       used 8306K, committed 8640K, reserved 1114112K
[2026-08-01T23:22:12.239+0900][7.521s][debug][gc,heap        ] GC(56)   class space    used 726K, committed 896K, reserved 1048576K
[2026-08-01T23:22:12.239+0900][7.521s][info ][gc             ] GC(56) Pause Young (Normal) (G1 Evacuation Pause) 2218M->2033M(7008M) 35.417ms
[2026-08-01T23:22:12.239+0900][7.521s][info ][gc,cpu         ] GC(56) User=0.56s Sys=0.00s Real=0.04s
[2026-08-01T23:22:12.239+0900][7.521s][info ][safepoint      ] Safepoint "G1CollectForAllocation", Time since last: 361015100 ns, Reaching safepoint: 108200 ns, At safepoint: 35468800 ns, Total: 35577000 ns
[2026-08-01T23:22:13.240+0900][8.522s][info ][safepoint      ] Safepoint "Cleanup", Time since last: 1000823000 ns, Reaching safepoint: 128800 ns, At safepoint: 12400 ns, Total: 141200 ns
[2026-08-01T23:22:23.038+0900][18.320s][info ][gc,start       ] GC(57) Pause Young (Normal) (G1 Evacuation Pause)
[2026-08-01T23:22:23.038+0900][18.320s][debug][gc,heap        ] GC(57) Heap before GC invocations=57 (full 34):
[2026-08-01T23:22:23.038+0900][18.320s][debug][gc,heap        ] GC(57)  garbage-first heap   total 7176192K, used 2999967K [0x000001d45a000000, 0x0000020b5a000000)
[2026-08-01T23:22:23.038+0900][18.320s][debug][gc,heap        ] GC(57)   region size 32768K, 29 young (950272K), 1 survivors (32768K)
[2026-08-01T23:22:23.038+0900][18.320s][debug][gc,heap        ] GC(57)  Metaspace       used 8333K, committed 8640K, reserved 1114112K
[2026-08-01T23:22:23.038+0900][18.320s][debug][gc,heap        ] GC(57)   class space    used 726K, committed 896K, reserved 1048576K
[2026-08-01T23:22:23.038+0900][18.320s][info ][gc,task        ] GC(57) Using 18 workers of 18 for evacuation
[2026-08-01T23:22:23.079+0900][18.361s][info ][gc,phases      ] GC(57)   Pre Evacuate Collection Set: 0.1ms
[2026-08-01T23:22:23.079+0900][18.361s][info ][gc,phases      ] GC(57)   Merge Heap Roots: 1.2ms
[2026-08-01T23:22:23.079+0900][18.361s][info ][gc,phases      ] GC(57)   Evacuate Collection Set: 26.5ms
[2026-08-01T23:22:23.079+0900][18.361s][info ][gc,phases      ] GC(57)   Post Evacuate Collection Set: 13.5ms
[2026-08-01T23:22:23.079+0900][18.361s][info ][gc,phases      ] GC(57)   Other: 0.1ms
[2026-08-01T23:22:23.079+0900][18.361s][info ][gc,heap        ] GC(57) Eden regions: 28->0(85)
[2026-08-01T23:22:23.079+0900][18.361s][info ][gc,heap        ] GC(57) Survivor regions: 1->3(4)
[2026-08-01T23:22:23.079+0900][18.361s][info ][gc,heap        ] GC(57) Old regions: 63->63
[2026-08-01T23:22:23.079+0900][18.361s][info ][gc,heap        ] GC(57) Archive regions: 0->0
[2026-08-01T23:22:23.079+0900][18.361s][info ][gc,heap        ] GC(57) Humongous regions: 2->2
[2026-08-01T23:22:23.079+0900][18.361s][info ][gc,metaspace   ] GC(57) Metaspace: 8333K(8640K)->8333K(8640K) NonClass: 7607K(7744K)->7607K(7744K) Class: 726K(896K)->726K(896K)
[2026-08-01T23:22:23.079+0900][18.361s][debug][gc,heap        ] GC(57) Heap after GC invocations=58 (full 34):
[2026-08-01T23:22:23.079+0900][18.361s][debug][gc,heap        ] GC(57)  garbage-first heap   total 14516224K, used 2133647K [0x000001d45a000000, 0x0000020b5a000000)
[2026-08-01T23:22:23.079+0900][18.361s][debug][gc,heap        ] GC(57)   region size 32768K, 3 young (98304K), 3 survivors (98304K)
[2026-08-01T23:22:23.079+0900][18.361s][debug][gc,heap        ] GC(57)  Metaspace       used 8333K, committed 8640K, reserved 1114112K
[2026-08-01T23:22:23.079+0900][18.361s][debug][gc,heap        ] GC(57)   class space    used 726K, committed 896K, reserved 1048576K
[2026-08-01T23:22:23.079+0900][18.361s][info ][gc             ] GC(57) Pause Young (Normal) (G1 Evacuation Pause) 2929M->2083M(14176M) 41.863ms
[2026-08-01T23:22:23.079+0900][18.361s][info ][gc,cpu         ] GC(57) User=0.48s Sys=0.09s Real=0.04s
[2026-08-01T23:22:23.079+0900][18.361s][info ][safepoint      ] Safepoint "G1CollectForAllocation", Time since last: 9797724200 ns, Reaching safepoint: 47300 ns, At safepoint: 41960400 ns, Total: 42007700 ns
[2026-08-01T23:24:57.949+0900][173.231s][info ][safepoint      ] Safepoint "Cleanup", Time since last: 154869135700 ns, Reaching safepoint: 147700 ns, At safepoint: 15500 ns, Total: 163200 ns
[2026-08-01T23:25:11.024+0900][186.306s][info ][safepoint      ] Safepoint "Cleanup", Time since last: 13074777800 ns, Reaching safepoint: 139200 ns, At safepoint: 15100 ns, Total: 154300 ns
[2026-08-01T23:25:14.042+0900][189.324s][info ][safepoint      ] Safepoint "Cleanup", Time since last: 3017895600 ns, Reaching safepoint: 131400 ns, At safepoint: 16800 ns, Total: 148200 ns
[2026-08-01T23:25:17.061+0900][192.343s][info ][safepoint      ] Safepoint "Cleanup", Time since last: 3018863300 ns, Reaching safepoint: 131000 ns, At safepoint: 12900 ns, Total: 143900 ns
[2026-08-01T23:25:22.172+0900][197.454s][info ][gc,start       ] GC(58) Pause Young (Normal) (G1 Evacuation Pause)
[2026-08-01T23:25:22.172+0900][197.454s][debug][gc,heap        ] GC(58) Heap before GC invocations=58 (full 34):
[2026-08-01T23:25:22.172+0900][197.454s][debug][gc,heap        ] GC(58)  garbage-first heap   total 14516224K, used 4918927K [0x000001d45a000000, 0x0000020b5a000000)
[2026-08-01T23:25:22.172+0900][197.454s][debug][gc,heap        ] GC(58)   region size 32768K, 88 young (2883584K), 3 survivors (98304K)
[2026-08-01T23:25:22.172+0900][197.454s][debug][gc,heap        ] GC(58)  Metaspace       used 8348K, committed 8640K, reserved 1114112K
[2026-08-01T23:25:22.172+0900][197.454s][debug][gc,heap        ] GC(58)   class space    used 726K, committed 896K, reserved 1048576K
[2026-08-01T23:25:22.172+0900][197.454s][info ][gc,task        ] GC(58) Using 18 workers of 18 for evacuation
[2026-08-01T23:25:22.310+0900][197.592s][info ][gc,phases      ] GC(58)   Pre Evacuate Collection Set: 0.1ms
[2026-08-01T23:25:22.310+0900][197.592s][info ][gc,phases      ] GC(58)   Merge Heap Roots: 1.2ms
[2026-08-01T23:25:22.310+0900][197.592s][info ][gc,phases      ] GC(58)   Evacuate Collection Set: 135.7ms
[2026-08-01T23:25:22.310+0900][197.592s][info ][gc,phases      ] GC(58)   Post Evacuate Collection Set: 0.6ms
[2026-08-01T23:25:22.310+0900][197.592s][info ][gc,phases      ] GC(58)   Other: 0.1ms
[2026-08-01T23:25:22.310+0900][197.592s][info ][gc,heap        ] GC(58) Eden regions: 85->0(31)
[2026-08-01T23:25:22.310+0900][197.592s][info ][gc,heap        ] GC(58) Survivor regions: 3->11(11)
[2026-08-01T23:25:22.310+0900][197.592s][info ][gc,heap        ] GC(58) Old regions: 63->75
[2026-08-01T23:25:22.310+0900][197.592s][info ][gc,heap        ] GC(58) Archive regions: 0->0
[2026-08-01T23:25:22.310+0900][197.592s][info ][gc,heap        ] GC(58) Humongous regions: 2->2
[2026-08-01T23:25:22.310+0900][197.592s][info ][gc,metaspace   ] GC(58) Metaspace: 8348K(8640K)->8348K(8640K) NonClass: 7622K(7744K)->7622K(7744K) Class: 726K(896K)->726K(896K)
[2026-08-01T23:25:22.310+0900][197.592s][debug][gc,heap        ] GC(58) Heap after GC invocations=59 (full 34):
[2026-08-01T23:25:22.310+0900][197.592s][debug][gc,heap        ] GC(58)  garbage-first heap   total 14516224K, used 2844095K [0x000001d45a000000, 0x0000020b5a000000)
[2026-08-01T23:25:22.310+0900][197.592s][debug][gc,heap        ] GC(58)   region size 32768K, 11 young (360448K), 11 survivors (360448K)
[2026-08-01T23:25:22.310+0900][197.592s][debug][gc,heap        ] GC(58)  Metaspace       used 8348K, committed 8640K, reserved 1114112K
[2026-08-01T23:25:22.310+0900][197.592s][debug][gc,heap        ] GC(58)   class space    used 726K, committed 896K, reserved 1048576K
[2026-08-01T23:25:22.310+0900][197.592s][info ][gc             ] GC(58) Pause Young (Normal) (G1 Evacuation Pause) 4803M->2777M(14176M) 138.216ms
[2026-08-01T23:25:22.310+0900][197.592s][info ][gc,cpu         ] GC(58) User=1.69s Sys=0.67s Real=0.14s
[2026-08-01T23:25:22.310+0900][197.592s][info ][safepoint      ] Safepoint "G1CollectForAllocation", Time since last: 5110865600 ns, Reaching safepoint: 122000 ns, At safepoint: 138270600 ns, Total: 138392600 ns
[2026-08-01T23:25:38.339+0900][213.621s][info ][gc,start       ] GC(59) Pause Full (System.gc())
[2026-08-01T23:25:38.339+0900][213.621s][debug][gc,heap        ] GC(59) Heap before GC invocations=59 (full 34):
[2026-08-01T23:25:38.339+0900][213.621s][debug][gc,heap        ] GC(59)  garbage-first heap   total 14516224K, used 3368383K [0x000001d45a000000, 0x0000020b5a000000)
[2026-08-01T23:25:38.339+0900][213.621s][debug][gc,heap        ] GC(59)   region size 32768K, 28 young (917504K), 11 survivors (360448K)
[2026-08-01T23:25:38.339+0900][213.621s][debug][gc,heap        ] GC(59)  Metaspace       used 8419K, committed 8704K, reserved 1114112K
[2026-08-01T23:25:38.339+0900][213.621s][debug][gc,heap        ] GC(59)   class space    used 738K, committed 896K, reserved 1048576K
[2026-08-01T23:25:38.339+0900][213.621s][info ][gc,task        ] GC(59) Using 18 workers of 18 for full compaction
[2026-08-01T23:25:38.339+0900][213.621s][info ][gc,phases,start] GC(59) Phase 1: Mark live objects
[2026-08-01T23:25:38.558+0900][213.840s][info ][gc,phases      ] GC(59) Phase 1: Mark live objects 218.331ms
[2026-08-01T23:25:38.558+0900][213.840s][info ][gc,phases,start] GC(59) Phase 2: Prepare for compaction
[2026-08-01T23:25:38.597+0900][213.879s][info ][gc,phases      ] GC(59) Phase 2: Prepare for compaction 39.233ms
[2026-08-01T23:25:38.597+0900][213.879s][info ][gc,phases,start] GC(59) Phase 3: Adjust pointers
[2026-08-01T23:25:38.688+0900][213.970s][info ][gc,phases      ] GC(59) Phase 3: Adjust pointers 90.612ms
[2026-08-01T23:25:38.688+0900][213.970s][info ][gc,phases,start] GC(59) Phase 4: Compact heap
[2026-08-01T23:25:38.737+0900][214.019s][info ][gc,phases      ] GC(59) Phase 4: Compact heap 49.312ms
[2026-08-01T23:25:38.776+0900][214.058s][debug][gc,heap        ] GC(59) Uncommittable regions after shrink: 159
[2026-08-01T23:25:38.778+0900][214.060s][info ][gc,heap        ] GC(59) Eden regions: 17->0(34)
[2026-08-01T23:25:38.778+0900][214.060s][info ][gc,heap        ] GC(59) Survivor regions: 11->0(11)
[2026-08-01T23:25:38.778+0900][214.060s][info ][gc,heap        ] GC(59) Old regions: 75->83
[2026-08-01T23:25:38.778+0900][214.060s][info ][gc,heap        ] GC(59) Archive regions: 0->0
[2026-08-01T23:25:38.778+0900][214.060s][info ][gc,heap        ] GC(59) Humongous regions: 2->2
[2026-08-01T23:25:38.778+0900][214.060s][info ][gc,metaspace   ] GC(59) Metaspace: 8419K(8704K)->8419K(8704K) NonClass: 7681K(7808K)->7681K(7808K) Class: 738K(896K)->738K(896K)
[2026-08-01T23:25:38.778+0900][214.060s][debug][gc,heap        ] GC(59) Heap after GC invocations=60 (full 35):
[2026-08-01T23:25:38.778+0900][214.060s][debug][gc,heap        ] GC(59)  garbage-first heap   total 9306112K, used 2554796K [0x000001d45a000000, 0x0000020b5a000000)
[2026-08-01T23:25:38.778+0900][214.060s][debug][gc,heap        ] GC(59)   region size 32768K, 0 young (0K), 0 survivors (0K)
[2026-08-01T23:25:38.778+0900][214.060s][debug][gc,heap        ] GC(59)  Metaspace       used 8419K, committed 8704K, reserved 1114112K
[2026-08-01T23:25:38.778+0900][214.060s][debug][gc,heap        ] GC(59)   class space    used 738K, committed 896K, reserved 1048576K
[2026-08-01T23:25:38.778+0900][214.060s][info ][gc             ] GC(59) Pause Full (System.gc()) 3305M->2494M(9088M) 439.026ms
[2026-08-01T23:25:38.778+0900][214.060s][info ][gc,cpu         ] GC(59) User=6.36s Sys=0.44s Real=0.44s
[2026-08-01T23:25:38.778+0900][214.060s][info ][safepoint      ] Safepoint "G1CollectFull", Time since last: 16028816000 ns, Reaching safepoint: 100100 ns, At safepoint: 439148300 ns, Total: 439248400 ns
[2026-08-01T23:25:39.759+0900][215.041s][debug][gc,heap        ] Concurrent Uncommit Summary: 5088M, 159 regions, 156.447ms
[2026-08-01T23:25:39.787+0900][215.069s][info ][safepoint      ] Safepoint "Cleanup", Time since last: 1008529900 ns, Reaching safepoint: 123600 ns, At safepoint: 13300 ns, Total: 136900 ns
[2026-08-01T23:25:40.151+0900][215.433s][info ][gc,start       ] GC(60) Pause Young (Normal) (G1 Evacuation Pause)
[2026-08-01T23:25:40.151+0900][215.433s][debug][gc,heap        ] GC(60) Heap before GC invocations=60 (full 35):
[2026-08-01T23:25:40.151+0900][215.433s][debug][gc,heap        ] GC(60)  garbage-first heap   total 9306112K, used 3668908K [0x000001d45a000000, 0x0000020b5a000000)
[2026-08-01T23:25:40.151+0900][215.433s][debug][gc,heap        ] GC(60)   region size 32768K, 34 young (1114112K), 0 survivors (0K)
[2026-08-01T23:25:40.151+0900][215.433s][debug][gc,heap        ] GC(60)  Metaspace       used 8421K, committed 8704K, reserved 1114112K
[2026-08-01T23:25:40.151+0900][215.433s][debug][gc,heap        ] GC(60)   class space    used 738K, committed 896K, reserved 1048576K
[2026-08-01T23:25:40.151+0900][215.433s][info ][gc,task        ] GC(60) Using 18 workers of 18 for evacuation
[2026-08-01T23:25:40.255+0900][215.537s][info ][gc,phases      ] GC(60)   Pre Evacuate Collection Set: 0.1ms
[2026-08-01T23:25:40.255+0900][215.537s][info ][gc,phases      ] GC(60)   Merge Heap Roots: 0.7ms
[2026-08-01T23:25:40.255+0900][215.537s][info ][gc,phases      ] GC(60)   Evacuate Collection Set: 102.3ms
[2026-08-01T23:25:40.255+0900][215.537s][info ][gc,phases      ] GC(60)   Post Evacuate Collection Set: 0.8ms
[2026-08-01T23:25:40.255+0900][215.537s][info ][gc,phases      ] GC(60)   Other: 0.1ms
[2026-08-01T23:25:40.255+0900][215.537s][info ][gc,heap        ] GC(60) Eden regions: 34->0(33)
[2026-08-01T23:25:40.255+0900][215.537s][info ][gc,heap        ] GC(60) Survivor regions: 0->5(5)
[2026-08-01T23:25:40.255+0900][215.537s][info ][gc,heap        ] GC(60) Old regions: 83->96
[2026-08-01T23:25:40.255+0900][215.537s][info ][gc,heap        ] GC(60) Archive regions: 0->0
[2026-08-01T23:25:40.255+0900][215.537s][info ][gc,heap        ] GC(60) Humongous regions: 2->2
[2026-08-01T23:25:40.255+0900][215.537s][info ][gc,metaspace   ] GC(60) Metaspace: 8421K(8704K)->8421K(8704K) NonClass: 7683K(7808K)->7683K(7808K) Class: 738K(896K)->738K(896K)
[2026-08-01T23:25:40.255+0900][215.537s][debug][gc,heap        ] GC(60) Heap after GC invocations=61 (full 35):
[2026-08-01T23:25:40.255+0900][215.537s][debug][gc,heap        ] GC(60)  garbage-first heap   total 9306112K, used 3133358K [0x000001d45a000000, 0x0000020b5a000000)
[2026-08-01T23:25:40.255+0900][215.537s][debug][gc,heap        ] GC(60)   region size 32768K, 5 young (163840K), 5 survivors (163840K)
[2026-08-01T23:25:40.255+0900][215.537s][debug][gc,heap        ] GC(60)  Metaspace       used 8421K, committed 8704K, reserved 1114112K
[2026-08-01T23:25:40.255+0900][215.537s][debug][gc,heap        ] GC(60)   class space    used 738K, committed 896K, reserved 1048576K
[2026-08-01T23:25:40.255+0900][215.537s][info ][gc             ] GC(60) Pause Young (Normal) (G1 Evacuation Pause) 3582M->3059M(9088M) 104.425ms
[2026-08-01T23:25:40.255+0900][215.537s][info ][gc,cpu         ] GC(60) User=1.73s Sys=0.23s Real=0.10s
[2026-08-01T23:25:40.255+0900][215.537s][info ][safepoint      ] Safepoint "G1CollectForAllocation", Time since last: 363713300 ns, Reaching safepoint: 123300 ns, At safepoint: 104480100 ns, Total: 104603400 ns
[2026-08-01T23:25:40.913+0900][216.195s][info ][gc,start       ] GC(61) Pause Young (Normal) (G1 Evacuation Pause)
[2026-08-01T23:25:40.913+0900][216.195s][debug][gc,heap        ] GC(61) Heap before GC invocations=61 (full 35):
[2026-08-01T23:25:40.913+0900][216.195s][debug][gc,heap        ] GC(61)  garbage-first heap   total 9306112K, used 3821486K [0x000001d45a000000, 0x0000020b5a000000)
[2026-08-01T23:25:40.913+0900][216.195s][debug][gc,heap        ] GC(61)   region size 32768K, 24 young (786432K), 5 survivors (163840K)
[2026-08-01T23:25:40.913+0900][216.195s][debug][gc,heap        ] GC(61)  Metaspace       used 8469K, committed 8896K, reserved 1114112K
[2026-08-01T23:25:40.913+0900][216.195s][debug][gc,heap        ] GC(61)   class space    used 744K, committed 960K, reserved 1048576K
[2026-08-01T23:25:40.913+0900][216.195s][info ][gc,task        ] GC(61) Using 18 workers of 18 for evacuation
[2026-08-01T23:25:41.006+0900][216.288s][info ][gc,phases      ] GC(61)   Pre Evacuate Collection Set: 0.1ms
[2026-08-01T23:25:41.006+0900][216.288s][info ][gc,phases      ] GC(61)   Merge Heap Roots: 4.3ms
[2026-08-01T23:25:41.006+0900][216.288s][info ][gc,phases      ] GC(61)   Evacuate Collection Set: 87.5ms
[2026-08-01T23:25:41.006+0900][216.288s][info ][gc,phases      ] GC(61)   Post Evacuate Collection Set: 0.8ms
[2026-08-01T23:25:41.006+0900][216.288s][info ][gc,phases      ] GC(61)   Other: 0.1ms
[2026-08-01T23:25:41.006+0900][216.288s][info ][gc,heap        ] GC(61) Eden regions: 19->0(31)
[2026-08-01T23:25:41.006+0900][216.288s][info ][gc,heap        ] GC(61) Survivor regions: 5->3(3)
[2026-08-01T23:25:41.006+0900][216.288s][info ][gc,heap        ] GC(61) Old regions: 96->110
[2026-08-01T23:25:41.006+0900][216.288s][info ][gc,heap        ] GC(61) Archive regions: 0->0
[2026-08-01T23:25:41.006+0900][216.288s][info ][gc,heap        ] GC(61) Humongous regions: 4->4
[2026-08-01T23:25:41.006+0900][216.288s][info ][gc,metaspace   ] GC(61) Metaspace: 8469K(8896K)->8469K(8896K) NonClass: 7725K(7936K)->7725K(7936K) Class: 744K(960K)->744K(960K)
[2026-08-01T23:25:41.006+0900][216.288s][debug][gc,heap        ] GC(61) Heap after GC invocations=62 (full 35):
[2026-08-01T23:25:41.006+0900][216.288s][debug][gc,heap        ] GC(61)  garbage-first heap   total 9306112K, used 3574684K [0x000001d45a000000, 0x0000020b5a000000)
[2026-08-01T23:25:41.006+0900][216.288s][debug][gc,heap        ] GC(61)   region size 32768K, 3 young (98304K), 3 survivors (98304K)
[2026-08-01T23:25:41.006+0900][216.288s][debug][gc,heap        ] GC(61)  Metaspace       used 8469K, committed 8896K, reserved 1114112K
[2026-08-01T23:25:41.006+0900][216.288s][debug][gc,heap        ] GC(61)   class space    used 744K, committed 960K, reserved 1048576K
[2026-08-01T23:25:41.006+0900][216.288s][info ][gc             ] GC(61) Pause Young (Normal) (G1 Evacuation Pause) 3731M->3490M(9088M) 93.167ms
[2026-08-01T23:25:41.006+0900][216.288s][info ][gc,cpu         ] GC(61) User=1.69s Sys=0.00s Real=0.09s
[2026-08-01T23:25:41.006+0900][216.288s][info ][safepoint      ] Safepoint "G1CollectForAllocation", Time since last: 657464800 ns, Reaching safepoint: 101400 ns, At safepoint: 93224400 ns, Total: 93325800 ns
[2026-08-01T23:25:41.949+0900][217.231s][info ][gc,start       ] GC(62) Pause Young (Normal) (G1 Evacuation Pause)
[2026-08-01T23:25:41.949+0900][217.231s][debug][gc,heap        ] GC(62) Heap before GC invocations=62 (full 35):
[2026-08-01T23:25:41.949+0900][217.231s][debug][gc,heap        ] GC(62)  garbage-first heap   total 9306112K, used 4295580K [0x000001d45a000000, 0x0000020b5a000000)
[2026-08-01T23:25:41.949+0900][217.231s][debug][gc,heap        ] GC(62)   region size 32768K, 25 young (819200K), 3 survivors (98304K)
[2026-08-01T23:25:41.949+0900][217.231s][debug][gc,heap        ] GC(62)  Metaspace       used 8492K, committed 8896K, reserved 1114112K
[2026-08-01T23:25:41.949+0900][217.231s][debug][gc,heap        ] GC(62)   class space    used 744K, committed 960K, reserved 1048576K
[2026-08-01T23:25:41.949+0900][217.231s][info ][gc,task        ] GC(62) Using 18 workers of 18 for evacuation
[2026-08-01T23:25:42.026+0900][217.308s][info ][gc,phases      ] GC(62)   Pre Evacuate Collection Set: 0.1ms
[2026-08-01T23:25:42.026+0900][217.308s][info ][gc,phases      ] GC(62)   Merge Heap Roots: 2.3ms
[2026-08-01T23:25:42.026+0900][217.308s][info ][gc,phases      ] GC(62)   Evacuate Collection Set: 74.2ms
[2026-08-01T23:25:42.026+0900][217.308s][info ][gc,phases      ] GC(62)   Post Evacuate Collection Set: 0.7ms
[2026-08-01T23:25:42.026+0900][217.308s][info ][gc,phases      ] GC(62)   Other: 0.1ms
[2026-08-01T23:25:42.026+0900][217.308s][info ][gc,heap        ] GC(62) Eden regions: 22->0(36)
[2026-08-01T23:25:42.026+0900][217.308s][info ][gc,heap        ] GC(62) Survivor regions: 3->4(4)
[2026-08-01T23:25:42.026+0900][217.308s][info ][gc,heap        ] GC(62) Old regions: 110->114
[2026-08-01T23:25:42.026+0900][217.308s][info ][gc,heap        ] GC(62) Archive regions: 0->0
[2026-08-01T23:25:42.026+0900][217.308s][info ][gc,heap        ] GC(62) Humongous regions: 4->4
[2026-08-01T23:25:42.026+0900][217.308s][info ][gc,metaspace   ] GC(62) Metaspace: 8492K(8896K)->8492K(8896K) NonClass: 7747K(7936K)->7747K(7936K) Class: 744K(960K)->744K(960K)
[2026-08-01T23:25:42.026+0900][217.308s][debug][gc,heap        ] GC(62) Heap after GC invocations=63 (full 35):
[2026-08-01T23:25:42.026+0900][217.308s][debug][gc,heap        ] GC(62)  garbage-first heap   total 9306112K, used 3751694K [0x000001d45a000000, 0x0000020b5a000000)
[2026-08-01T23:25:42.026+0900][217.308s][debug][gc,heap        ] GC(62)   region size 32768K, 4 young (131072K), 4 survivors (131072K)
[2026-08-01T23:25:42.026+0900][217.308s][debug][gc,heap        ] GC(62)  Metaspace       used 8492K, committed 8896K, reserved 1114112K
[2026-08-01T23:25:42.026+0900][217.308s][debug][gc,heap        ] GC(62)   class space    used 744K, committed 960K, reserved 1048576K
[2026-08-01T23:25:42.026+0900][217.308s][info ][gc             ] GC(62) Pause Young (Normal) (G1 Evacuation Pause) 4194M->3663M(9088M) 77.722ms
[2026-08-01T23:25:42.026+0900][217.308s][info ][gc,cpu         ] GC(62) User=0.95s Sys=0.02s Real=0.08s
[2026-08-01T23:25:42.026+0900][217.309s][info ][safepoint      ] Safepoint "G1CollectForAllocation", Time since last: 942773700 ns, Reaching safepoint: 107300 ns, At safepoint: 77778500 ns, Total: 77885800 ns
[2026-08-01T23:25:43.040+0900][218.322s][info ][safepoint      ] Safepoint "Cleanup", Time since last: 1013040800 ns, Reaching safepoint: 120400 ns, At safepoint: 10300 ns, Total: 130700 ns
[2026-08-01T23:25:43.787+0900][219.069s][info ][gc,start       ] GC(63) Pause Young (Normal) (G1 Evacuation Pause)
[2026-08-01T23:25:43.787+0900][219.069s][debug][gc,heap        ] GC(63) Heap before GC invocations=63 (full 35):
[2026-08-01T23:25:43.787+0900][219.069s][debug][gc,heap        ] GC(63)  garbage-first heap   total 9306112K, used 4898574K [0x000001d45a000000, 0x0000020b5a000000)
[2026-08-01T23:25:43.787+0900][219.069s][debug][gc,heap        ] GC(63)   region size 32768K, 40 young (1310720K), 4 survivors (131072K)
[2026-08-01T23:25:43.787+0900][219.069s][debug][gc,heap        ] GC(63)  Metaspace       used 8556K, committed 8960K, reserved 1114112K
[2026-08-01T23:25:43.787+0900][219.069s][debug][gc,heap        ] GC(63)   class space    used 754K, committed 960K, reserved 1048576K
[2026-08-01T23:25:43.787+0900][219.069s][info ][gc,task        ] GC(63) Using 18 workers of 18 for evacuation
[2026-08-01T23:25:43.852+0900][219.134s][info ][gc,phases      ] GC(63)   Pre Evacuate Collection Set: 0.1ms
[2026-08-01T23:25:43.852+0900][219.134s][info ][gc,phases      ] GC(63)   Merge Heap Roots: 0.7ms
[2026-08-01T23:25:43.852+0900][219.134s][info ][gc,phases      ] GC(63)   Evacuate Collection Set: 49.1ms
[2026-08-01T23:25:43.852+0900][219.134s][info ][gc,phases      ] GC(63)   Post Evacuate Collection Set: 15.1ms
[2026-08-01T23:25:43.852+0900][219.134s][info ][gc,phases      ] GC(63)   Other: 0.1ms
[2026-08-01T23:25:43.852+0900][219.134s][info ][gc,heap        ] GC(63) Eden regions: 36->0(47)
[2026-08-01T23:25:43.852+0900][219.134s][info ][gc,heap        ] GC(63) Survivor regions: 4->5(5)
[2026-08-01T23:25:43.852+0900][219.134s][info ][gc,heap        ] GC(63) Old regions: 114->118
[2026-08-01T23:25:43.852+0900][219.134s][info ][gc,heap        ] GC(63) Archive regions: 0->0
[2026-08-01T23:25:43.852+0900][219.134s][info ][gc,heap        ] GC(63) Humongous regions: 4->4
[2026-08-01T23:25:43.852+0900][219.134s][info ][gc,metaspace   ] GC(63) Metaspace: 8556K(8960K)->8556K(8960K) NonClass: 7802K(8000K)->7802K(8000K) Class: 754K(960K)->754K(960K)
[2026-08-01T23:25:43.852+0900][219.134s][debug][gc,heap        ] GC(63) Heap after GC invocations=64 (full 35):
[2026-08-01T23:25:43.852+0900][219.134s][debug][gc,heap        ] GC(63)  garbage-first heap   total 17072128K, used 3907786K [0x000001d45a000000, 0x0000020b5a000000)
[2026-08-01T23:25:43.852+0900][219.134s][debug][gc,heap        ] GC(63)   region size 32768K, 5 young (163840K), 5 survivors (163840K)
[2026-08-01T23:25:43.852+0900][219.134s][debug][gc,heap        ] GC(63)  Metaspace       used 8556K, committed 8960K, reserved 1114112K
[2026-08-01T23:25:43.852+0900][219.134s][debug][gc,heap        ] GC(63)   class space    used 754K, committed 960K, reserved 1048576K
[2026-08-01T23:25:43.852+0900][219.134s][info ][gc             ] GC(63) Pause Young (Normal) (G1 Evacuation Pause) 4815M->3816M(16672M) 65.436ms
[2026-08-01T23:25:43.852+0900][219.134s][info ][gc,cpu         ] GC(63) User=0.86s Sys=0.11s Real=0.07s
[2026-08-01T23:25:43.852+0900][219.135s][info ][safepoint      ] Safepoint "G1CollectForAllocation", Time since last: 747215400 ns, Reaching safepoint: 104400 ns, At safepoint: 65500800 ns, Total: 65605200 ns
[2026-08-01T23:25:44.356+0900][219.638s][info ][gc,start       ] GC(64) Pause Young (Normal) (G1 Evacuation Pause)
[2026-08-01T23:25:44.356+0900][219.638s][debug][gc,heap        ] GC(64) Heap before GC invocations=64 (full 35):
[2026-08-01T23:25:44.356+0900][219.638s][debug][gc,heap        ] GC(64)  garbage-first heap   total 17072128K, used 5447882K [0x000001d45a000000, 0x0000020b5a000000)
[2026-08-01T23:25:44.356+0900][219.638s][debug][gc,heap        ] GC(64)   region size 32768K, 52 young (1703936K), 5 survivors (163840K)
[2026-08-01T23:25:44.356+0900][219.638s][debug][gc,heap        ] GC(64)  Metaspace       used 8568K, committed 8960K, reserved 1114112K
[2026-08-01T23:25:44.356+0900][219.638s][debug][gc,heap        ] GC(64)   class space    used 754K, committed 960K, reserved 1048576K
[2026-08-01T23:25:44.356+0900][219.639s][info ][gc,task        ] GC(64) Using 18 workers of 18 for evacuation
[2026-08-01T23:25:44.382+0900][219.664s][info ][gc,phases      ] GC(64)   Pre Evacuate Collection Set: 0.1ms
[2026-08-01T23:25:44.382+0900][219.664s][info ][gc,phases      ] GC(64)   Merge Heap Roots: 0.2ms
[2026-08-01T23:25:44.382+0900][219.664s][info ][gc,phases      ] GC(64)   Evacuate Collection Set: 25.0ms
[2026-08-01T23:25:44.382+0900][219.664s][info ][gc,phases      ] GC(64)   Post Evacuate Collection Set: 0.4ms
[2026-08-01T23:25:44.382+0900][219.664s][info ][gc,phases      ] GC(64)   Other: 0.1ms
[2026-08-01T23:25:44.382+0900][219.664s][info ][gc,heap        ] GC(64) Eden regions: 47->0(93)
[2026-08-01T23:25:44.382+0900][219.664s][info ][gc,heap        ] GC(64) Survivor regions: 5->2(7)
[2026-08-01T23:25:44.382+0900][219.664s][info ][gc,heap        ] GC(64) Old regions: 118->123
[2026-08-01T23:25:44.382+0900][219.664s][info ][gc,heap        ] GC(64) Archive regions: 0->0
[2026-08-01T23:25:44.382+0900][219.664s][info ][gc,heap        ] GC(64) Humongous regions: 4->4
[2026-08-01T23:25:44.382+0900][219.664s][info ][gc,metaspace   ] GC(64) Metaspace: 8568K(8960K)->8568K(8960K) NonClass: 7814K(8000K)->7814K(8000K) Class: 754K(960K)->754K(960K)
[2026-08-01T23:25:44.382+0900][219.664s][debug][gc,heap        ] GC(64) Heap after GC invocations=65 (full 35):
[2026-08-01T23:25:44.382+0900][219.664s][debug][gc,heap        ] GC(64)  garbage-first heap   total 17072128K, used 3955813K [0x000001d45a000000, 0x0000020b5a000000)
[2026-08-01T23:25:44.382+0900][219.665s][debug][gc,heap        ] GC(64)   region size 32768K, 2 young (65536K), 2 survivors (65536K)
[2026-08-01T23:25:44.382+0900][219.665s][debug][gc,heap        ] GC(64)  Metaspace       used 8568K, committed 8960K, reserved 1114112K
[2026-08-01T23:25:44.382+0900][219.665s][debug][gc,heap        ] GC(64)   class space    used 754K, committed 960K, reserved 1048576K
[2026-08-01T23:25:44.383+0900][219.665s][info ][gc             ] GC(64) Pause Young (Normal) (G1 Evacuation Pause) 5320M->3863M(16672M) 26.203ms
[2026-08-01T23:25:44.383+0900][219.665s][info ][gc,cpu         ] GC(64) User=0.19s Sys=0.11s Real=0.03s
[2026-08-01T23:25:44.383+0900][219.665s][info ][safepoint      ] Safepoint "G1CollectForAllocation", Time since last: 503724600 ns, Reaching safepoint: 95800 ns, At safepoint: 26287000 ns, Total: 26382800 ns
[2026-08-01T23:25:46.830+0900][222.112s][info ][gc,start       ] GC(65) Pause Young (Normal) (G1 Evacuation Pause)
[2026-08-01T23:25:46.830+0900][222.112s][debug][gc,heap        ] GC(65) Heap before GC invocations=65 (full 35):
[2026-08-01T23:25:46.830+0900][222.112s][debug][gc,heap        ] GC(65)  garbage-first heap   total 17072128K, used 7003237K [0x000001d45a000000, 0x0000020b5a000000)
[2026-08-01T23:25:46.830+0900][222.112s][debug][gc,heap        ] GC(65)   region size 32768K, 95 young (3112960K), 2 survivors (65536K)
[2026-08-01T23:25:46.830+0900][222.112s][debug][gc,heap        ] GC(65)  Metaspace       used 8568K, committed 8960K, reserved 1114112K
[2026-08-01T23:25:46.830+0900][222.112s][debug][gc,heap        ] GC(65)   class space    used 754K, committed 960K, reserved 1048576K
[2026-08-01T23:25:46.830+0900][222.112s][info ][gc,task        ] GC(65) Using 18 workers of 18 for evacuation
[2026-08-01T23:25:46.837+0900][222.119s][info ][gc,phases      ] GC(65)   Pre Evacuate Collection Set: 0.1ms
[2026-08-01T23:25:46.837+0900][222.119s][info ][gc,phases      ] GC(65)   Merge Heap Roots: 0.7ms
[2026-08-01T23:25:46.837+0900][222.119s][info ][gc,phases      ] GC(65)   Evacuate Collection Set: 5.3ms
[2026-08-01T23:25:46.837+0900][222.119s][info ][gc,phases      ] GC(65)   Post Evacuate Collection Set: 0.5ms
[2026-08-01T23:25:46.837+0900][222.119s][info ][gc,phases      ] GC(65)   Other: 0.1ms
[2026-08-01T23:25:46.837+0900][222.119s][info ][gc,heap        ] GC(65) Eden regions: 93->0(103)
[2026-08-01T23:25:46.837+0900][222.119s][info ][gc,heap        ] GC(65) Survivor regions: 2->1(12)
[2026-08-01T23:25:46.837+0900][222.119s][info ][gc,heap        ] GC(65) Old regions: 123->123
[2026-08-01T23:25:46.837+0900][222.119s][info ][gc,heap        ] GC(65) Archive regions: 0->0
[2026-08-01T23:25:46.837+0900][222.119s][info ][gc,heap        ] GC(65) Humongous regions: 4->4
[2026-08-01T23:25:46.837+0900][222.119s][info ][gc,metaspace   ] GC(65) Metaspace: 8568K(8960K)->8568K(8960K) NonClass: 7814K(8000K)->7814K(8000K) Class: 754K(960K)->754K(960K)
[2026-08-01T23:25:46.837+0900][222.119s][debug][gc,heap        ] GC(65) Heap after GC invocations=66 (full 35):
[2026-08-01T23:25:46.837+0900][222.119s][debug][gc,heap        ] GC(65)  garbage-first heap   total 17072128K, used 3930652K [0x000001d45a000000, 0x0000020b5a000000)
[2026-08-01T23:25:46.837+0900][222.119s][debug][gc,heap        ] GC(65)   region size 32768K, 1 young (32768K), 1 survivors (32768K)
[2026-08-01T23:25:46.837+0900][222.119s][debug][gc,heap        ] GC(65)  Metaspace       used 8568K, committed 8960K, reserved 1114112K
[2026-08-01T23:25:46.837+0900][222.119s][debug][gc,heap        ] GC(65)   class space    used 754K, committed 960K, reserved 1048576K
[2026-08-01T23:25:46.837+0900][222.119s][info ][gc             ] GC(65) Pause Young (Normal) (G1 Evacuation Pause) 6839M->3838M(16672M) 7.042ms
[2026-08-01T23:25:46.837+0900][222.119s][info ][gc,cpu         ] GC(65) User=0.00s Sys=0.00s Real=0.01s
[2026-08-01T23:25:46.837+0900][222.119s][info ][safepoint      ] Safepoint "G1CollectForAllocation", Time since last: 2447017200 ns, Reaching safepoint: 241100 ns, At safepoint: 7119500 ns, Total: 7360600 ns
[2026-08-01T23:25:47.845+0900][223.127s][info ][safepoint      ] Safepoint "Cleanup", Time since last: 1007577700 ns, Reaching safepoint: 112800 ns, At safepoint: 13600 ns, Total: 126400 ns
[2026-08-01T23:25:48.850+0900][224.132s][info ][safepoint      ] Safepoint "Cleanup", Time since last: 1004910600 ns, Reaching safepoint: 108300 ns, At safepoint: 17800 ns, Total: 126100 ns
[2026-08-01T23:25:49.261+0900][224.543s][info ][gc,start       ] GC(66) Pause Young (Normal) (G1 Evacuation Pause)
[2026-08-01T23:25:49.261+0900][224.543s][debug][gc,heap        ] GC(66) Heap before GC invocations=66 (full 35):
[2026-08-01T23:25:49.261+0900][224.543s][debug][gc,heap        ] GC(66)  garbage-first heap   total 17072128K, used 7305756K [0x000001d45a000000, 0x0000020b5a000000)
[2026-08-01T23:25:49.261+0900][224.543s][debug][gc,heap        ] GC(66)   region size 32768K, 104 young (3407872K), 1 survivors (32768K)
[2026-08-01T23:25:49.261+0900][224.543s][debug][gc,heap        ] GC(66)  Metaspace       used 8578K, committed 8960K, reserved 1114112K
[2026-08-01T23:25:49.261+0900][224.543s][debug][gc,heap        ] GC(66)   class space    used 754K, committed 960K, reserved 1048576K
[2026-08-01T23:25:49.261+0900][224.543s][info ][gc,task        ] GC(66) Using 18 workers of 18 for evacuation
[2026-08-01T23:25:49.487+0900][224.769s][info ][gc,mmu         ] GC(66) MMU target violated: 201.0ms (200.0ms/201.0ms)
[2026-08-01T23:25:49.487+0900][224.769s][info ][gc,phases      ] GC(66)   Pre Evacuate Collection Set: 0.2ms
[2026-08-01T23:25:49.487+0900][224.769s][info ][gc,phases      ] GC(66)   Merge Heap Roots: 0.8ms
[2026-08-01T23:25:49.487+0900][224.769s][info ][gc,phases      ] GC(66)   Evacuate Collection Set: 223.5ms
[2026-08-01T23:25:49.487+0900][224.769s][info ][gc,phases      ] GC(66)   Post Evacuate Collection Set: 1.2ms
[2026-08-01T23:25:49.487+0900][224.769s][info ][gc,phases      ] GC(66)   Other: 0.2ms
[2026-08-01T23:25:49.487+0900][224.769s][info ][gc,heap        ] GC(66) Eden regions: 103->0(53)
[2026-08-01T23:25:49.487+0900][224.769s][info ][gc,heap        ] GC(66) Survivor regions: 1->13(13)
[2026-08-01T23:25:49.487+0900][224.769s][info ][gc,heap        ] GC(66) Old regions: 123->145
[2026-08-01T23:25:49.487+0900][224.769s][info ][gc,heap        ] GC(66) Archive regions: 0->0
[2026-08-01T23:25:49.487+0900][224.769s][info ][gc,heap        ] GC(66) Humongous regions: 4->4
[2026-08-01T23:25:49.487+0900][224.769s][info ][gc,metaspace   ] GC(66) Metaspace: 8578K(8960K)->8578K(8960K) NonClass: 7824K(8000K)->7824K(8000K) Class: 754K(960K)->754K(960K)
[2026-08-01T23:25:49.487+0900][224.769s][debug][gc,heap        ] GC(66) Heap after GC invocations=67 (full 35):
[2026-08-01T23:25:49.487+0900][224.769s][debug][gc,heap        ] GC(66)  garbage-first heap   total 17072128K, used 5058566K [0x000001d45a000000, 0x0000020b5a000000)
[2026-08-01T23:25:49.487+0900][224.769s][debug][gc,heap        ] GC(66)   region size 32768K, 13 young (425984K), 13 survivors (425984K)
[2026-08-01T23:25:49.487+0900][224.769s][debug][gc,heap        ] GC(66)  Metaspace       used 8578K, committed 8960K, reserved 1114112K
[2026-08-01T23:25:49.487+0900][224.769s][debug][gc,heap        ] GC(66)   class space    used 754K, committed 960K, reserved 1048576K
[2026-08-01T23:25:49.487+0900][224.769s][info ][gc             ] GC(66) Pause Young (Normal) (G1 Evacuation Pause) 7134M->4940M(16672M) 226.416ms
[2026-08-01T23:25:49.487+0900][224.769s][info ][gc,cpu         ] GC(66) User=3.34s Sys=0.88s Real=0.23s
[2026-08-01T23:25:49.487+0900][224.769s][info ][safepoint      ] Safepoint "G1CollectForAllocation", Time since last: 411043000 ns, Reaching safepoint: 154200 ns, At safepoint: 226476200 ns, Total: 226630400 ns
[2026-08-01T23:25:50.492+0900][225.774s][info ][safepoint      ] Safepoint "Cleanup", Time since last: 1004209500 ns, Reaching safepoint: 117500 ns, At safepoint: 12700 ns, Total: 130200 ns
[2026-08-01T23:26:38.794+0900][274.076s][info ][safepoint      ] Safepoint "Cleanup", Time since last: 48301873000 ns, Reaching safepoint: 134200 ns, At safepoint: 13200 ns, Total: 147400 ns
[2026-08-01T23:48:17.579+0900][1572.861s][info ][safepoint      ] Safepoint "Cleanup", Time since last: 1298784789500 ns, Reaching safepoint: 181200 ns, At safepoint: 49300 ns, Total: 230500 ns
[2026-08-01T23:48:17.765+0900][1573.047s][info ][gc,start       ] GC(67) Pause Young (Normal) (G1 Evacuation Pause)
[2026-08-01T23:48:17.765+0900][1573.047s][debug][gc,heap        ] GC(67) Heap before GC invocations=67 (full 35):
[2026-08-01T23:48:17.765+0900][1573.047s][debug][gc,heap        ] GC(67)  garbage-first heap   total 17072128K, used 6139910K [0x000001d45a000000, 0x0000020b5a000000)
[2026-08-01T23:48:17.765+0900][1573.047s][debug][gc,heap        ] GC(67)   region size 32768K, 46 young (1507328K), 13 survivors (425984K)
[2026-08-01T23:48:17.765+0900][1573.047s][debug][gc,heap        ] GC(67)  Metaspace       used 8592K, committed 8960K, reserved 1114112K
[2026-08-01T23:48:17.765+0900][1573.047s][debug][gc,heap        ] GC(67)   class space    used 754K, committed 960K, reserved 1048576K
[2026-08-01T23:48:17.765+0900][1573.047s][info ][gc,task        ] GC(67) Using 18 workers of 18 for evacuation
[2026-08-01T23:48:17.815+0900][1573.097s][info ][gc,phases      ] GC(67)   Pre Evacuate Collection Set: 0.1ms
[2026-08-01T23:48:17.815+0900][1573.097s][info ][gc,phases      ] GC(67)   Merge Heap Roots: 3.9ms
[2026-08-01T23:48:17.815+0900][1573.097s][info ][gc,phases      ] GC(67)   Evacuate Collection Set: 45.1ms
[2026-08-01T23:48:17.815+0900][1573.097s][info ][gc,phases      ] GC(67)   Post Evacuate Collection Set: 0.7ms
[2026-08-01T23:48:17.815+0900][1573.097s][info ][gc,phases      ] GC(67)   Other: 0.1ms
[2026-08-01T23:48:17.815+0900][1573.097s][info ][gc,heap        ] GC(67) Eden regions: 33->0(56)
[2026-08-01T23:48:17.815+0900][1573.097s][info ][gc,heap        ] GC(67) Survivor regions: 13->5(6)
[2026-08-01T23:48:17.815+0900][1573.097s][info ][gc,heap        ] GC(67) Old regions: 145->148
[2026-08-01T23:48:17.815+0900][1573.097s][info ][gc,heap        ] GC(67) Archive regions: 0->0
[2026-08-01T23:48:17.815+0900][1573.097s][info ][gc,heap        ] GC(67) Humongous regions: 4->4
[2026-08-01T23:48:17.815+0900][1573.097s][info ][gc,metaspace   ] GC(67) Metaspace: 8592K(8960K)->8592K(8960K) NonClass: 7838K(8000K)->7838K(8000K) Class: 754K(960K)->754K(960K)
[2026-08-01T23:48:17.815+0900][1573.097s][debug][gc,heap        ] GC(67) Heap after GC invocations=68 (full 35):
[2026-08-01T23:48:17.815+0900][1573.097s][debug][gc,heap        ] GC(67)  garbage-first heap   total 17072128K, used 4882231K [0x000001d45a000000, 0x0000020b5a000000)
[2026-08-01T23:48:17.815+0900][1573.097s][debug][gc,heap        ] GC(67)   region size 32768K, 5 young (163840K), 5 survivors (163840K)
[2026-08-01T23:48:17.815+0900][1573.097s][debug][gc,heap        ] GC(67)  Metaspace       used 8592K, committed 8960K, reserved 1114112K
[2026-08-01T23:48:17.815+0900][1573.097s][debug][gc,heap        ] GC(67)   class space    used 754K, committed 960K, reserved 1048576K
[2026-08-01T23:48:17.815+0900][1573.097s][info ][gc             ] GC(67) Pause Young (Normal) (G1 Evacuation Pause) 5996M->4767M(16672M) 50.392ms
[2026-08-01T23:48:17.815+0900][1573.097s][info ][gc,cpu         ] GC(67) User=0.84s Sys=0.00s Real=0.05s
[2026-08-01T23:48:17.815+0900][1573.097s][info ][safepoint      ] Safepoint "G1CollectForAllocation", Time since last: 186020700 ns, Reaching safepoint: 94900 ns, At safepoint: 50447000 ns, Total: 50541900 ns
[2026-08-01T23:48:19.672+0900][1574.954s][info ][safepoint      ] Safepoint "Cleanup", Time since last: 1856426400 ns, Reaching safepoint: 142700 ns, At safepoint: 11000 ns, Total: 153700 ns
[2026-08-01T23:50:52.619+0900][1727.901s][info ][safepoint      ] Safepoint "Cleanup", Time since last: 152946776400 ns, Reaching safepoint: 139100 ns, At safepoint: 12200 ns, Total: 151300 ns
[2026-08-01T23:50:52.623+0900][1727.905s][info ][gc,start       ] GC(68) Pause Young (Normal) (G1 Evacuation Pause)
[2026-08-01T23:50:52.623+0900][1727.905s][debug][gc,heap        ] GC(68) Heap before GC invocations=68 (full 35):
[2026-08-01T23:50:52.623+0900][1727.905s][debug][gc,heap        ] GC(68)  garbage-first heap   total 17072128K, used 6717239K [0x000001d45a000000, 0x0000020b5a000000)
[2026-08-01T23:50:52.623+0900][1727.905s][debug][gc,heap        ] GC(68)   region size 32768K, 61 young (1998848K), 5 survivors (163840K)
[2026-08-01T23:50:52.623+0900][1727.905s][debug][gc,heap        ] GC(68)  Metaspace       used 9690K, committed 10176K, reserved 1114112K
[2026-08-01T23:50:52.623+0900][1727.905s][debug][gc,heap        ] GC(68)   class space    used 870K, committed 1152K, reserved 1048576K
[2026-08-01T23:50:52.623+0900][1727.905s][info ][gc,task        ] GC(68) Using 18 workers of 18 for evacuation
[2026-08-01T23:50:52.692+0900][1727.974s][info ][gc,phases      ] GC(68)   Pre Evacuate Collection Set: 0.1ms
[2026-08-01T23:50:52.692+0900][1727.974s][info ][gc,phases      ] GC(68)   Merge Heap Roots: 1.3ms
[2026-08-01T23:50:52.692+0900][1727.974s][info ][gc,phases      ] GC(68)   Evacuate Collection Set: 65.8ms
[2026-08-01T23:50:52.692+0900][1727.974s][info ][gc,phases      ] GC(68)   Post Evacuate Collection Set: 1.0ms
[2026-08-01T23:50:52.692+0900][1727.974s][info ][gc,phases      ] GC(68)   Other: 0.1ms
[2026-08-01T23:50:52.692+0900][1727.974s][info ][gc,heap        ] GC(68) Eden regions: 56->0(59)
[2026-08-01T23:50:52.692+0900][1727.974s][info ][gc,heap        ] GC(68) Survivor regions: 5->8(8)
[2026-08-01T23:50:52.692+0900][1727.974s][info ][gc,heap        ] GC(68) Old regions: 148->152
[2026-08-01T23:50:52.692+0900][1727.974s][info ][gc,heap        ] GC(68) Archive regions: 0->0
[2026-08-01T23:50:52.692+0900][1727.974s][info ][gc,heap        ] GC(68) Humongous regions: 4->4
[2026-08-01T23:50:52.692+0900][1727.974s][info ][gc,metaspace   ] GC(68) Metaspace: 9690K(10176K)->9690K(10176K) NonClass: 8819K(9024K)->8819K(9024K) Class: 870K(1152K)->870K(1152K)
[2026-08-01T23:50:52.692+0900][1727.974s][debug][gc,heap        ] GC(68) Heap after GC invocations=69 (full 35):
[2026-08-01T23:50:52.692+0900][1727.974s][debug][gc,heap        ] GC(68)  garbage-first heap   total 17072128K, used 5133763K [0x000001d45a000000, 0x0000020b5a000000)
[2026-08-01T23:50:52.692+0900][1727.974s][debug][gc,heap        ] GC(68)   region size 32768K, 8 young (262144K), 8 survivors (262144K)
[2026-08-01T23:50:52.692+0900][1727.974s][debug][gc,heap        ] GC(68)  Metaspace       used 9690K, committed 10176K, reserved 1114112K
[2026-08-01T23:50:52.692+0900][1727.974s][debug][gc,heap        ] GC(68)   class space    used 870K, committed 1152K, reserved 1048576K
[2026-08-01T23:50:52.692+0900][1727.974s][info ][gc             ] GC(68) Pause Young (Normal) (G1 Evacuation Pause) 6559M->5013M(16672M) 68.671ms
[2026-08-01T23:50:52.692+0900][1727.974s][info ][gc,cpu         ] GC(68) User=1.08s Sys=0.05s Real=0.07s
[2026-08-01T23:50:52.692+0900][1727.974s][info ][safepoint      ] Safepoint "G1CollectForAllocation", Time since last: 4410700 ns, Reaching safepoint: 80700 ns, At safepoint: 68719000 ns, Total: 68799700 ns
[2026-08-01T23:51:53.396+0900][1788.679s][info ][safepoint      ] Safepoint "Cleanup", Time since last: 60704329900 ns, Reaching safepoint: 233800 ns, At safepoint: 13600 ns, Total: 247400 ns
[2026-08-01T23:51:54.398+0900][1789.680s][info ][safepoint      ] Safepoint "Cleanup", Time since last: 1001125100 ns, Reaching safepoint: 129000 ns, At safepoint: 15000 ns, Total: 144000 ns
[2026-08-01T23:52:06.330+0900][1801.612s][info ][gc,heap,exit   ] Heap
[2026-08-01T23:52:06.330+0900][1801.612s][info ][gc,heap,exit   ]  garbage-first heap   total 17072128K, used 5909175K [0x000001d45a000000, 0x0000020b5a000000)
[2026-08-01T23:52:06.330+0900][1801.612s][info ][gc,heap,exit   ]   region size 32768K, 32 young (1048576K), 8 survivors (262144K)
[2026-08-01T23:52:06.330+0900][1801.612s][info ][gc,heap,exit   ]  Metaspace       used 9814K, committed 10368K, reserved 1114112K
[2026-08-01T23:52:06.330+0900][1801.612s][info ][gc,heap,exit   ]   class space    used 877K, committed 1152K, reserved 1048576K
