[2026-08-01T18:55:27.250+0900][0.006s][info][gc,init] CardTable entry size: 512
[2026-08-01T18:55:27.251+0900][0.007s][debug][gc,heap] Minimum heap 33554432  Initial heap 2147483648  Maximum heap 236223201280
[2026-08-01T18:55:27.251+0900][0.007s][info ][gc     ] Using G1
[2026-08-01T18:55:27.257+0900][0.013s][info ][gc,init] Version: 18.0.1.1+2-6 (release)
[2026-08-01T18:55:27.257+0900][0.013s][info ][gc,init] CPUs: 24 total, 24 available
[2026-08-01T18:55:27.257+0900][0.013s][info ][gc,init] Memory: 255G
[2026-08-01T18:55:27.257+0900][0.013s][info ][gc,init] Large Page Support: Disabled
[2026-08-01T18:55:27.257+0900][0.013s][info ][gc,init] NUMA Support: Disabled
[2026-08-01T18:55:27.257+0900][0.013s][info ][gc,init] Compressed Oops: Disabled
[2026-08-01T18:55:27.257+0900][0.013s][info ][gc,init] Heap Region Size: 32M
[2026-08-01T18:55:27.257+0900][0.013s][info ][gc,init] Heap Min Capacity: 32M
[2026-08-01T18:55:27.257+0900][0.013s][info ][gc,init] Heap Initial Capacity: 2G
[2026-08-01T18:55:27.257+0900][0.013s][info ][gc,init] Heap Max Capacity: 220G
[2026-08-01T18:55:27.257+0900][0.014s][info ][gc,init] Pre-touch: Disabled
[2026-08-01T18:55:27.257+0900][0.014s][info ][gc,init] Parallel Workers: 18
[2026-08-01T18:55:27.257+0900][0.014s][info ][gc,init] Concurrent Workers: 5
[2026-08-01T18:55:27.257+0900][0.014s][info ][gc,init] Concurrent Refinement Workers: 18
[2026-08-01T18:55:27.257+0900][0.014s][info ][gc,init] Periodic GC: Disabled
[2026-08-01T18:55:27.258+0900][0.014s][info ][gc,metaspace] CDS archive(s) mapped at: [0x0000000800000000-0x0000000800ba0000-0x0000000800ba0000), size 12189696, SharedBaseAddress: 0x0000000800000000, ArchiveRelocationMode: 0.
[2026-08-01T18:55:27.258+0900][0.014s][info ][gc,metaspace] Compressed class space mapped at: 0x0000000800c00000-0x0000000840c00000, reserved size: 1073741824
[2026-08-01T18:55:27.258+0900][0.014s][info ][gc,metaspace] Narrow klass base: 0x0000000800000000, Narrow klass shift: 0, Narrow klass range: 0x100000000
[2026-08-01T18:55:27.328+0900][0.083s][info ][gc,start    ] GC(0) Pause Full (System.gc())
[2026-08-01T18:55:27.328+0900][0.083s][debug][gc,heap     ] GC(0) Heap before GC invocations=0 (full 0):
[2026-08-01T18:55:27.328+0900][0.083s][debug][gc,heap     ] GC(0)  garbage-first heap   total 2097152K, used 0K [0x00000243aa000000, 0x0000027aaa000000)
[2026-08-01T18:55:27.328+0900][0.083s][debug][gc,heap     ] GC(0)   region size 32768K, 1 young (32768K), 0 survivors (0K)
[2026-08-01T18:55:27.328+0900][0.083s][debug][gc,heap     ] GC(0)  Metaspace       used 630K, committed 768K, reserved 1114112K
[2026-08-01T18:55:27.328+0900][0.083s][debug][gc,heap     ] GC(0)   class space    used 41K, committed 128K, reserved 1048576K
[2026-08-01T18:55:27.328+0900][0.083s][info ][gc,task     ] GC(0) Using 1 workers of 18 for full compaction
[2026-08-01T18:55:27.328+0900][0.084s][info ][gc,phases,start] GC(0) Phase 1: Mark live objects
[2026-08-01T18:55:27.329+0900][0.085s][info ][gc,phases      ] GC(0) Phase 1: Mark live objects 1.452ms
[2026-08-01T18:55:27.329+0900][0.085s][info ][gc,phases,start] GC(0) Phase 2: Prepare for compaction
[2026-08-01T18:55:27.331+0900][0.087s][info ][gc,phases      ] GC(0) Phase 2: Prepare for compaction 1.840ms
[2026-08-01T18:55:27.331+0900][0.087s][info ][gc,phases,start] GC(0) Phase 3: Adjust pointers
[2026-08-01T18:55:27.331+0900][0.087s][info ][gc,phases      ] GC(0) Phase 3: Adjust pointers 0.542ms
[2026-08-01T18:55:27.331+0900][0.087s][info ][gc,phases,start] GC(0) Phase 4: Compact heap
[2026-08-01T18:55:27.334+0900][0.090s][info ][gc,phases      ] GC(0) Phase 4: Compact heap 2.426ms
[2026-08-01T18:55:27.341+0900][0.097s][debug][gc,heap        ] GC(0) Uncommittable regions after shrink: 60
[2026-08-01T18:55:27.341+0900][0.097s][info ][gc,heap        ] GC(0) Eden regions: 1->0(1)
[2026-08-01T18:55:27.341+0900][0.097s][info ][gc,heap        ] GC(0) Survivor regions: 0->0(0)
[2026-08-01T18:55:27.341+0900][0.097s][info ][gc,heap        ] GC(0) Old regions: 0->1
[2026-08-01T18:55:27.341+0900][0.097s][info ][gc,heap        ] GC(0) Archive regions: 0->0
[2026-08-01T18:55:27.341+0900][0.097s][info ][gc,heap        ] GC(0) Humongous regions: 0->0
[2026-08-01T18:55:27.341+0900][0.097s][info ][gc,metaspace   ] GC(0) Metaspace: 630K(768K)->630K(768K) NonClass: 589K(640K)->589K(640K) Class: 41K(128K)->41K(128K)
[2026-08-01T18:55:27.341+0900][0.097s][debug][gc,heap        ] GC(0) Heap after GC invocations=1 (full 1):
[2026-08-01T18:55:27.341+0900][0.097s][debug][gc,heap        ] GC(0)  garbage-first heap   total 131072K, used 6067K [0x00000243aa000000, 0x0000027aaa000000)
[2026-08-01T18:55:27.341+0900][0.097s][debug][gc,heap        ] GC(0)   region size 32768K, 0 young (0K), 0 survivors (0K)
[2026-08-01T18:55:27.341+0900][0.097s][debug][gc,heap        ] GC(0)  Metaspace       used 630K, committed 768K, reserved 1114112K
[2026-08-01T18:55:27.341+0900][0.097s][debug][gc,heap        ] GC(0)   class space    used 41K, committed 128K, reserved 1048576K
[2026-08-01T18:55:27.341+0900][0.097s][info ][gc             ] GC(0) Pause Full (System.gc()) 14M->5M(128M) 14.024ms
[2026-08-01T18:55:27.342+0900][0.097s][info ][gc,cpu         ] GC(0) User=0.02s Sys=0.02s Real=0.01s
[2026-08-01T18:55:27.342+0900][0.097s][info ][safepoint      ] Safepoint "G1CollectFull", Time since last: 64199300 ns, Reaching safepoint: 38300 ns, At safepoint: 14071900 ns, Total: 14110200 ns
[2026-08-01T18:55:27.572+0900][0.328s][debug][gc,heap        ] Concurrent Uncommit Summary: 1920M, 60 regions, 15.498ms
[2026-08-01T18:55:27.899+0900][0.656s][info ][gc,start       ] GC(1) Pause Full (System.gc())
[2026-08-01T18:55:27.899+0900][0.656s][debug][gc,heap        ] GC(1) Heap before GC invocations=1 (full 1):
[2026-08-01T18:55:27.899+0900][0.656s][debug][gc,heap        ] GC(1)  garbage-first heap   total 131072K, used 6067K [0x00000243aa000000, 0x0000027aaa000000)
[2026-08-01T18:55:27.899+0900][0.656s][debug][gc,heap        ] GC(1)   region size 32768K, 1 young (32768K), 0 survivors (0K)
[2026-08-01T18:55:27.899+0900][0.656s][debug][gc,heap        ] GC(1)  Metaspace       used 5951K, committed 6144K, reserved 1114112K
[2026-08-01T18:55:27.899+0900][0.656s][debug][gc,heap        ] GC(1)   class space    used 550K, committed 640K, reserved 1048576K
[2026-08-01T18:55:27.899+0900][0.656s][info ][gc,task        ] GC(1) Using 1 workers of 18 for full compaction
[2026-08-01T18:55:27.899+0900][0.656s][info ][gc,phases,start] GC(1) Phase 1: Mark live objects
[2026-08-01T18:55:27.906+0900][0.663s][info ][gc,phases      ] GC(1) Phase 1: Mark live objects 6.991ms
[2026-08-01T18:55:27.906+0900][0.663s][info ][gc,phases,start] GC(1) Phase 2: Prepare for compaction
[2026-08-01T18:55:27.909+0900][0.665s][info ][gc,phases      ] GC(1) Phase 2: Prepare for compaction 1.701ms
[2026-08-01T18:55:27.909+0900][0.665s][info ][gc,phases,start] GC(1) Phase 3: Adjust pointers
[2026-08-01T18:55:27.911+0900][0.667s][info ][gc,phases      ] GC(1) Phase 3: Adjust pointers 2.774ms
[2026-08-01T18:55:27.911+0900][0.667s][info ][gc,phases,start] GC(1) Phase 4: Compact heap
[2026-08-01T18:55:27.914+0900][0.670s][info ][gc,phases      ] GC(1) Phase 4: Compact heap 2.473ms
[2026-08-01T18:55:27.915+0900][0.671s][info ][gc,heap        ] GC(1) Eden regions: 1->0(1)
[2026-08-01T18:55:27.915+0900][0.671s][info ][gc,heap        ] GC(1) Survivor regions: 0->0(0)
[2026-08-01T18:55:27.915+0900][0.671s][info ][gc,heap        ] GC(1) Old regions: 1->1
[2026-08-01T18:55:27.915+0900][0.671s][info ][gc,heap        ] GC(1) Archive regions: 0->0
[2026-08-01T18:55:27.915+0900][0.671s][info ][gc,heap        ] GC(1) Humongous regions: 0->0
[2026-08-01T18:55:27.915+0900][0.671s][info ][gc,metaspace   ] GC(1) Metaspace: 5951K(6144K)->5951K(6144K) NonClass: 5400K(5504K)->5400K(5504K) Class: 550K(640K)->550K(640K)
[2026-08-01T18:55:27.915+0900][0.671s][debug][gc,heap        ] GC(1) Heap after GC invocations=2 (full 2):
[2026-08-01T18:55:27.915+0900][0.671s][debug][gc,heap        ] GC(1)  garbage-first heap   total 131072K, used 9007K [0x00000243aa000000, 0x0000027aaa000000)
[2026-08-01T18:55:27.915+0900][0.671s][debug][gc,heap        ] GC(1)   region size 32768K, 0 young (0K), 0 survivors (0K)
[2026-08-01T18:55:27.915+0900][0.671s][debug][gc,heap        ] GC(1)  Metaspace       used 5951K, committed 6144K, reserved 1114112K
[2026-08-01T18:55:27.915+0900][0.671s][debug][gc,heap        ] GC(1)   class space    used 550K, committed 640K, reserved 1048576K
[2026-08-01T18:55:27.915+0900][0.671s][info ][gc             ] GC(1) Pause Full (System.gc()) 25M->8M(128M) 15.481ms
[2026-08-01T18:55:27.915+0900][0.671s][info ][gc,cpu         ] GC(1) User=0.02s Sys=0.00s Real=0.02s
[2026-08-01T18:55:27.915+0900][0.671s][info ][safepoint      ] Safepoint "G1CollectFull", Time since last: 558194900 ns, Reaching safepoint: 99000 ns, At safepoint: 15575700 ns, Total: 15674700 ns
[2026-08-01T18:55:27.987+0900][0.743s][info ][gc,start       ] GC(2) Pause Full (System.gc())
[2026-08-01T18:55:27.987+0900][0.744s][debug][gc,heap        ] GC(2) Heap before GC invocations=2 (full 2):
[2026-08-01T18:55:27.987+0900][0.744s][debug][gc,heap        ] GC(2)  garbage-first heap   total 131072K, used 9007K [0x00000243aa000000, 0x0000027aaa000000)
[2026-08-01T18:55:27.987+0900][0.744s][debug][gc,heap        ] GC(2)   region size 32768K, 1 young (32768K), 0 survivors (0K)
[2026-08-01T18:55:27.987+0900][0.744s][debug][gc,heap        ] GC(2)  Metaspace       used 6322K, committed 6528K, reserved 1114112K
[2026-08-01T18:55:27.987+0900][0.744s][debug][gc,heap        ] GC(2)   class space    used 596K, committed 704K, reserved 1048576K
[2026-08-01T18:55:27.987+0900][0.744s][info ][gc,task        ] GC(2) Using 1 workers of 18 for full compaction
[2026-08-01T18:55:27.987+0900][0.744s][info ][gc,phases,start] GC(2) Phase 1: Mark live objects
[2026-08-01T18:55:28.004+0900][0.760s][info ][gc,phases      ] GC(2) Phase 1: Mark live objects 16.156ms
[2026-08-01T18:55:28.004+0900][0.760s][info ][gc,phases,start] GC(2) Phase 2: Prepare for compaction
[2026-08-01T18:55:28.008+0900][0.764s][info ][gc,phases      ] GC(2) Phase 2: Prepare for compaction 4.418ms
[2026-08-01T18:55:28.008+0900][0.764s][info ][gc,phases,start] GC(2) Phase 3: Adjust pointers
[2026-08-01T18:55:28.016+0900][0.772s][info ][gc,phases      ] GC(2) Phase 3: Adjust pointers 7.597ms
[2026-08-01T18:55:28.016+0900][0.772s][info ][gc,phases,start] GC(2) Phase 4: Compact heap
[2026-08-01T18:55:28.021+0900][0.777s][info ][gc,phases      ] GC(2) Phase 4: Compact heap 4.806ms
[2026-08-01T18:55:28.022+0900][0.778s][info ][gc,heap        ] GC(2) Eden regions: 1->0(1)
[2026-08-01T18:55:28.022+0900][0.778s][info ][gc,heap        ] GC(2) Survivor regions: 0->0(0)
[2026-08-01T18:55:28.022+0900][0.778s][info ][gc,heap        ] GC(2) Old regions: 1->1
[2026-08-01T18:55:28.022+0900][0.778s][info ][gc,heap        ] GC(2) Archive regions: 0->0
[2026-08-01T18:55:28.022+0900][0.778s][info ][gc,heap        ] GC(2) Humongous regions: 0->0
[2026-08-01T18:55:28.022+0900][0.778s][info ][gc,metaspace   ] GC(2) Metaspace: 6322K(6528K)->6322K(6528K) NonClass: 5726K(5824K)->5726K(5824K) Class: 596K(704K)->596K(704K)
[2026-08-01T18:55:28.022+0900][0.778s][debug][gc,heap        ] GC(2) Heap after GC invocations=3 (full 3):
[2026-08-01T18:55:28.022+0900][0.778s][debug][gc,heap        ] GC(2)  garbage-first heap   total 131072K, used 15152K [0x00000243aa000000, 0x0000027aaa000000)
[2026-08-01T18:55:28.022+0900][0.778s][debug][gc,heap        ] GC(2)   region size 32768K, 0 young (0K), 0 survivors (0K)
[2026-08-01T18:55:28.022+0900][0.778s][debug][gc,heap        ] GC(2)  Metaspace       used 6322K, committed 6528K, reserved 1114112K
[2026-08-01T18:55:28.022+0900][0.778s][debug][gc,heap        ] GC(2)   class space    used 596K, committed 704K, reserved 1048576K
[2026-08-01T18:55:28.022+0900][0.778s][info ][gc             ] GC(2) Pause Full (System.gc()) 28M->14M(128M) 34.214ms
[2026-08-01T18:55:28.022+0900][0.778s][info ][gc,cpu         ] GC(2) User=0.06s Sys=0.00s Real=0.04s
[2026-08-01T18:55:28.022+0900][0.778s][info ][safepoint      ] Safepoint "G1CollectFull", Time since last: 72186600 ns, Reaching safepoint: 37900 ns, At safepoint: 34314000 ns, Total: 34351900 ns
[2026-08-01T18:55:28.037+0900][0.793s][info ][gc,start       ] GC(3) Pause Full (System.gc())
[2026-08-01T18:55:28.037+0900][0.793s][debug][gc,heap        ] GC(3) Heap before GC invocations=3 (full 3):
[2026-08-01T18:55:28.037+0900][0.793s][debug][gc,heap        ] GC(3)  garbage-first heap   total 131072K, used 15152K [0x00000243aa000000, 0x0000027aaa000000)
[2026-08-01T18:55:28.037+0900][0.793s][debug][gc,heap        ] GC(3)   region size 32768K, 1 young (32768K), 0 survivors (0K)
[2026-08-01T18:55:28.037+0900][0.793s][debug][gc,heap        ] GC(3)  Metaspace       used 6543K, committed 6720K, reserved 1114112K
[2026-08-01T18:55:28.037+0900][0.793s][debug][gc,heap        ] GC(3)   class space    used 615K, committed 704K, reserved 1048576K
[2026-08-01T18:55:28.037+0900][0.793s][info ][gc,task        ] GC(3) Using 1 workers of 18 for full compaction
[2026-08-01T18:55:28.037+0900][0.793s][info ][gc,phases,start] GC(3) Phase 1: Mark live objects
[2026-08-01T18:55:28.050+0900][0.806s][info ][gc,phases      ] GC(3) Phase 1: Mark live objects 12.594ms
[2026-08-01T18:55:28.050+0900][0.806s][info ][gc,phases,start] GC(3) Phase 2: Prepare for compaction
[2026-08-01T18:55:28.052+0900][0.808s][info ][gc,phases      ] GC(3) Phase 2: Prepare for compaction 2.403ms
[2026-08-01T18:55:28.052+0900][0.808s][info ][gc,phases,start] GC(3) Phase 3: Adjust pointers
[2026-08-01T18:55:28.057+0900][0.813s][info ][gc,phases      ] GC(3) Phase 3: Adjust pointers 4.757ms
[2026-08-01T18:55:28.057+0900][0.813s][info ][gc,phases,start] GC(3) Phase 4: Compact heap
[2026-08-01T18:55:28.059+0900][0.815s][info ][gc,phases      ] GC(3) Phase 4: Compact heap 2.077ms
[2026-08-01T18:55:28.060+0900][0.816s][info ][gc,heap        ] GC(3) Eden regions: 1->0(1)
[2026-08-01T18:55:28.060+0900][0.816s][info ][gc,heap        ] GC(3) Survivor regions: 0->0(0)
[2026-08-01T18:55:28.060+0900][0.816s][info ][gc,heap        ] GC(3) Old regions: 1->1
[2026-08-01T18:55:28.060+0900][0.816s][info ][gc,heap        ] GC(3) Archive regions: 0->0
[2026-08-01T18:55:28.060+0900][0.816s][info ][gc,heap        ] GC(3) Humongous regions: 0->0
[2026-08-01T18:55:28.060+0900][0.816s][info ][gc,metaspace   ] GC(3) Metaspace: 6543K(6720K)->6543K(6720K) NonClass: 5927K(6016K)->5927K(6016K) Class: 615K(704K)->615K(704K)
[2026-08-01T18:55:28.060+0900][0.816s][debug][gc,heap        ] GC(3) Heap after GC invocations=4 (full 4):
[2026-08-01T18:55:28.060+0900][0.816s][debug][gc,heap        ] GC(3)  garbage-first heap   total 131072K, used 15213K [0x00000243aa000000, 0x0000027aaa000000)
[2026-08-01T18:55:28.060+0900][0.816s][debug][gc,heap        ] GC(3)   region size 32768K, 0 young (0K), 0 survivors (0K)
[2026-08-01T18:55:28.060+0900][0.816s][debug][gc,heap        ] GC(3)  Metaspace       used 6543K, committed 6720K, reserved 1114112K
[2026-08-01T18:55:28.060+0900][0.816s][debug][gc,heap        ] GC(3)   class space    used 615K, committed 704K, reserved 1048576K
[2026-08-01T18:55:28.060+0900][0.816s][info ][gc             ] GC(3) Pause Full (System.gc()) 16M->14M(128M) 23.098ms
[2026-08-01T18:55:28.060+0900][0.816s][info ][gc,cpu         ] GC(3) User=0.03s Sys=0.00s Real=0.02s
[2026-08-01T18:55:28.060+0900][0.816s][info ][safepoint      ] Safepoint "G1CollectFull", Time since last: 15140200 ns, Reaching safepoint: 31900 ns, At safepoint: 23148100 ns, Total: 23180000 ns
[2026-08-01T18:55:28.063+0900][0.819s][info ][gc,start       ] GC(4) Pause Full (System.gc())
[2026-08-01T18:55:28.063+0900][0.819s][debug][gc,heap        ] GC(4) Heap before GC invocations=4 (full 4):
[2026-08-01T18:55:28.063+0900][0.819s][debug][gc,heap        ] GC(4)  garbage-first heap   total 131072K, used 15213K [0x00000243aa000000, 0x0000027aaa000000)
[2026-08-01T18:55:28.063+0900][0.819s][debug][gc,heap        ] GC(4)   region size 32768K, 1 young (32768K), 0 survivors (0K)
[2026-08-01T18:55:28.063+0900][0.819s][debug][gc,heap        ] GC(4)  Metaspace       used 6558K, committed 6720K, reserved 1114112K
[2026-08-01T18:55:28.063+0900][0.819s][debug][gc,heap        ] GC(4)   class space    used 615K, committed 704K, reserved 1048576K
[2026-08-01T18:55:28.063+0900][0.819s][info ][gc,task        ] GC(4) Using 1 workers of 18 for full compaction
[2026-08-01T18:55:28.063+0900][0.819s][info ][gc,phases,start] GC(4) Phase 1: Mark live objects
[2026-08-01T18:55:28.075+0900][0.831s][info ][gc,phases      ] GC(4) Phase 1: Mark live objects 11.846ms
[2026-08-01T18:55:28.075+0900][0.831s][info ][gc,phases,start] GC(4) Phase 2: Prepare for compaction
[2026-08-01T18:55:28.078+0900][0.834s][info ][gc,phases      ] GC(4) Phase 2: Prepare for compaction 2.302ms
[2026-08-01T18:55:28.078+0900][0.834s][info ][gc,phases,start] GC(4) Phase 3: Adjust pointers
[2026-08-01T18:55:28.082+0900][0.838s][info ][gc,phases      ] GC(4) Phase 3: Adjust pointers 4.840ms
[2026-08-01T18:55:28.082+0900][0.838s][info ][gc,phases,start] GC(4) Phase 4: Compact heap
[2026-08-01T18:55:28.084+0900][0.840s][info ][gc,phases      ] GC(4) Phase 4: Compact heap 1.899ms
[2026-08-01T18:55:28.085+0900][0.841s][info ][gc,heap        ] GC(4) Eden regions: 1->0(1)
[2026-08-01T18:55:28.085+0900][0.841s][info ][gc,heap        ] GC(4) Survivor regions: 0->0(0)
[2026-08-01T18:55:28.085+0900][0.841s][info ][gc,heap        ] GC(4) Old regions: 1->1
[2026-08-01T18:55:28.085+0900][0.841s][info ][gc,heap        ] GC(4) Archive regions: 0->0
[2026-08-01T18:55:28.085+0900][0.841s][info ][gc,heap        ] GC(4) Humongous regions: 0->0
[2026-08-01T18:55:28.085+0900][0.841s][info ][gc,metaspace   ] GC(4) Metaspace: 6558K(6720K)->6558K(6720K) NonClass: 5943K(6016K)->5943K(6016K) Class: 615K(704K)->615K(704K)
[2026-08-01T18:55:28.085+0900][0.841s][debug][gc,heap        ] GC(4) Heap after GC invocations=5 (full 5):
[2026-08-01T18:55:28.085+0900][0.841s][debug][gc,heap        ] GC(4)  garbage-first heap   total 131072K, used 15221K [0x00000243aa000000, 0x0000027aaa000000)
[2026-08-01T18:55:28.085+0900][0.841s][debug][gc,heap        ] GC(4)   region size 32768K, 0 young (0K), 0 survivors (0K)
[2026-08-01T18:55:28.085+0900][0.841s][debug][gc,heap        ] GC(4)  Metaspace       used 6558K, committed 6720K, reserved 1114112K
[2026-08-01T18:55:28.085+0900][0.841s][debug][gc,heap        ] GC(4)   class space    used 615K, committed 704K, reserved 1048576K
[2026-08-01T18:55:28.085+0900][0.841s][info ][gc             ] GC(4) Pause Full (System.gc()) 16M->14M(128M) 22.221ms
[2026-08-01T18:55:28.085+0900][0.841s][info ][gc,cpu         ] GC(4) User=0.02s Sys=0.00s Real=0.02s
[2026-08-01T18:55:28.085+0900][0.841s][info ][safepoint      ] Safepoint "G1CollectFull", Time since last: 3003400 ns, Reaching safepoint: 24800 ns, At safepoint: 22270500 ns, Total: 22295300 ns
[2026-08-01T18:55:28.089+0900][0.845s][info ][gc,start       ] GC(5) Pause Full (System.gc())
[2026-08-01T18:55:28.089+0900][0.845s][debug][gc,heap        ] GC(5) Heap before GC invocations=5 (full 5):
[2026-08-01T18:55:28.089+0900][0.845s][debug][gc,heap        ] GC(5)  garbage-first heap   total 131072K, used 15221K [0x00000243aa000000, 0x0000027aaa000000)
[2026-08-01T18:55:28.089+0900][0.845s][debug][gc,heap        ] GC(5)   region size 32768K, 1 young (32768K), 0 survivors (0K)
[2026-08-01T18:55:28.089+0900][0.845s][debug][gc,heap        ] GC(5)  Metaspace       used 6570K, committed 6784K, reserved 1114112K
[2026-08-01T18:55:28.089+0900][0.845s][debug][gc,heap        ] GC(5)   class space    used 615K, committed 704K, reserved 1048576K
[2026-08-01T18:55:28.089+0900][0.845s][info ][gc,task        ] GC(5) Using 1 workers of 18 for full compaction
[2026-08-01T18:55:28.089+0900][0.845s][info ][gc,phases,start] GC(5) Phase 1: Mark live objects
[2026-08-01T18:55:28.101+0900][0.857s][info ][gc,phases      ] GC(5) Phase 1: Mark live objects 11.661ms
[2026-08-01T18:55:28.101+0900][0.857s][info ][gc,phases,start] GC(5) Phase 2: Prepare for compaction
[2026-08-01T18:55:28.102+0900][0.859s][info ][gc,phases      ] GC(5) Phase 2: Prepare for compaction 2.257ms
[2026-08-01T18:55:28.102+0900][0.859s][info ][gc,phases,start] GC(5) Phase 3: Adjust pointers
[2026-08-01T18:55:28.107+0900][0.863s][info ][gc,phases      ] GC(5) Phase 3: Adjust pointers 4.456ms
[2026-08-01T18:55:28.107+0900][0.863s][info ][gc,phases,start] GC(5) Phase 4: Compact heap
[2026-08-01T18:55:28.109+0900][0.865s][info ][gc,phases      ] GC(5) Phase 4: Compact heap 1.802ms
[2026-08-01T18:55:28.110+0900][0.866s][info ][gc,heap        ] GC(5) Eden regions: 1->0(1)
[2026-08-01T18:55:28.110+0900][0.866s][info ][gc,heap        ] GC(5) Survivor regions: 0->0(0)
[2026-08-01T18:55:28.110+0900][0.866s][info ][gc,heap        ] GC(5) Old regions: 1->1
[2026-08-01T18:55:28.110+0900][0.866s][info ][gc,heap        ] GC(5) Archive regions: 0->0
[2026-08-01T18:55:28.110+0900][0.866s][info ][gc,heap        ] GC(5) Humongous regions: 0->0
[2026-08-01T18:55:28.110+0900][0.866s][info ][gc,metaspace   ] GC(5) Metaspace: 6570K(6784K)->6570K(6784K) NonClass: 5954K(6080K)->5954K(6080K) Class: 615K(704K)->615K(704K)
[2026-08-01T18:55:28.110+0900][0.866s][debug][gc,heap        ] GC(5) Heap after GC invocations=6 (full 6):
[2026-08-01T18:55:28.110+0900][0.866s][debug][gc,heap        ] GC(5)  garbage-first heap   total 131072K, used 15230K [0x00000243aa000000, 0x0000027aaa000000)
[2026-08-01T18:55:28.110+0900][0.866s][debug][gc,heap        ] GC(5)   region size 32768K, 0 young (0K), 0 survivors (0K)
[2026-08-01T18:55:28.110+0900][0.866s][debug][gc,heap        ] GC(5)  Metaspace       used 6570K, committed 6784K, reserved 1114112K
[2026-08-01T18:55:28.110+0900][0.866s][debug][gc,heap        ] GC(5)   class space    used 615K, committed 704K, reserved 1048576K
[2026-08-01T18:55:28.110+0900][0.866s][info ][gc             ] GC(5) Pause Full (System.gc()) 15M->14M(128M) 21.336ms
[2026-08-01T18:55:28.110+0900][0.866s][info ][gc,cpu         ] GC(5) User=0.03s Sys=0.00s Real=0.02s
[2026-08-01T18:55:28.110+0900][0.866s][info ][safepoint      ] Safepoint "G1CollectFull", Time since last: 3246500 ns, Reaching safepoint: 40100 ns, At safepoint: 21464100 ns, Total: 21504200 ns
[2026-08-01T18:55:28.113+0900][0.869s][info ][gc,start       ] GC(6) Pause Full (System.gc())
[2026-08-01T18:55:28.113+0900][0.869s][debug][gc,heap        ] GC(6) Heap before GC invocations=6 (full 6):
[2026-08-01T18:55:28.113+0900][0.869s][debug][gc,heap        ] GC(6)  garbage-first heap   total 131072K, used 15230K [0x00000243aa000000, 0x0000027aaa000000)
[2026-08-01T18:55:28.113+0900][0.869s][debug][gc,heap        ] GC(6)   region size 32768K, 1 young (32768K), 0 survivors (0K)
[2026-08-01T18:55:28.113+0900][0.869s][debug][gc,heap        ] GC(6)  Metaspace       used 6588K, committed 6848K, reserved 1114112K
[2026-08-01T18:55:28.113+0900][0.869s][debug][gc,heap        ] GC(6)   class space    used 615K, committed 704K, reserved 1048576K
[2026-08-01T18:55:28.113+0900][0.869s][info ][gc,task        ] GC(6) Using 1 workers of 18 for full compaction
[2026-08-01T18:55:28.113+0900][0.869s][info ][gc,phases,start] GC(6) Phase 1: Mark live objects
[2026-08-01T18:55:28.123+0900][0.879s][info ][gc,phases      ] GC(6) Phase 1: Mark live objects 10.205ms
[2026-08-01T18:55:28.123+0900][0.879s][info ][gc,phases,start] GC(6) Phase 2: Prepare for compaction
[2026-08-01T18:55:28.125+0900][0.881s][info ][gc,phases      ] GC(6) Phase 2: Prepare for compaction 2.196ms
[2026-08-01T18:55:28.125+0900][0.881s][info ][gc,phases,start] GC(6) Phase 3: Adjust pointers
[2026-08-01T18:55:28.130+0900][0.886s][info ][gc,phases      ] GC(6) Phase 3: Adjust pointers 4.350ms
[2026-08-01T18:55:28.130+0900][0.886s][info ][gc,phases,start] GC(6) Phase 4: Compact heap
[2026-08-01T18:55:28.132+0900][0.888s][info ][gc,phases      ] GC(6) Phase 4: Compact heap 1.800ms
[2026-08-01T18:55:28.132+0900][0.888s][info ][gc,heap        ] GC(6) Eden regions: 1->0(1)
[2026-08-01T18:55:28.132+0900][0.888s][info ][gc,heap        ] GC(6) Survivor regions: 0->0(0)
[2026-08-01T18:55:28.132+0900][0.888s][info ][gc,heap        ] GC(6) Old regions: 1->1
[2026-08-01T18:55:28.132+0900][0.888s][info ][gc,heap        ] GC(6) Archive regions: 0->0
[2026-08-01T18:55:28.132+0900][0.888s][info ][gc,heap        ] GC(6) Humongous regions: 0->0
[2026-08-01T18:55:28.132+0900][0.888s][info ][gc,metaspace   ] GC(6) Metaspace: 6588K(6848K)->6588K(6848K) NonClass: 5973K(6144K)->5973K(6144K) Class: 615K(704K)->615K(704K)
[2026-08-01T18:55:28.132+0900][0.888s][debug][gc,heap        ] GC(6) Heap after GC invocations=7 (full 7):
[2026-08-01T18:55:28.132+0900][0.888s][debug][gc,heap        ] GC(6)  garbage-first heap   total 131072K, used 15239K [0x00000243aa000000, 0x0000027aaa000000)
[2026-08-01T18:55:28.132+0900][0.888s][debug][gc,heap        ] GC(6)   region size 32768K, 0 young (0K), 0 survivors (0K)
[2026-08-01T18:55:28.132+0900][0.888s][debug][gc,heap        ] GC(6)  Metaspace       used 6588K, committed 6848K, reserved 1114112K
[2026-08-01T18:55:28.132+0900][0.888s][debug][gc,heap        ] GC(6)   class space    used 615K, committed 704K, reserved 1048576K
[2026-08-01T18:55:28.133+0900][0.888s][info ][gc             ] GC(6) Pause Full (System.gc()) 16M->14M(128M) 19.667ms
[2026-08-01T18:55:28.133+0900][0.888s][info ][gc,cpu         ] GC(6) User=0.02s Sys=0.00s Real=0.02s
[2026-08-01T18:55:28.133+0900][0.889s][info ][safepoint      ] Safepoint "G1CollectFull", Time since last: 2627400 ns, Reaching safepoint: 23600 ns, At safepoint: 19757400 ns, Total: 19781000 ns
[2026-08-01T18:55:28.135+0900][0.891s][info ][gc,start       ] GC(7) Pause Full (System.gc())
[2026-08-01T18:55:28.135+0900][0.892s][debug][gc,heap        ] GC(7) Heap before GC invocations=7 (full 7):
[2026-08-01T18:55:28.135+0900][0.892s][debug][gc,heap        ] GC(7)  garbage-first heap   total 131072K, used 15239K [0x00000243aa000000, 0x0000027aaa000000)
[2026-08-01T18:55:28.135+0900][0.892s][debug][gc,heap        ] GC(7)   region size 32768K, 1 young (32768K), 0 survivors (0K)
[2026-08-01T18:55:28.135+0900][0.892s][debug][gc,heap        ] GC(7)  Metaspace       used 6603K, committed 6848K, reserved 1114112K
[2026-08-01T18:55:28.135+0900][0.892s][debug][gc,heap        ] GC(7)   class space    used 616K, committed 704K, reserved 1048576K
[2026-08-01T18:55:28.135+0900][0.892s][info ][gc,task        ] GC(7) Using 1 workers of 18 for full compaction
[2026-08-01T18:55:28.135+0900][0.892s][info ][gc,phases,start] GC(7) Phase 1: Mark live objects
[2026-08-01T18:55:28.145+0900][0.902s][info ][gc,phases      ] GC(7) Phase 1: Mark live objects 9.919ms
[2026-08-01T18:55:28.145+0900][0.902s][info ][gc,phases,start] GC(7) Phase 2: Prepare for compaction
[2026-08-01T18:55:28.148+0900][0.904s][info ][gc,phases      ] GC(7) Phase 2: Prepare for compaction 2.102ms
[2026-08-01T18:55:28.148+0900][0.904s][info ][gc,phases,start] GC(7) Phase 3: Adjust pointers
[2026-08-01T18:55:28.151+0900][0.908s][info ][gc,phases      ] GC(7) Phase 3: Adjust pointers 3.934ms
[2026-08-01T18:55:28.151+0900][0.908s][info ][gc,phases,start] GC(7) Phase 4: Compact heap
[2026-08-01T18:55:28.153+0900][0.909s][info ][gc,phases      ] GC(7) Phase 4: Compact heap 1.743ms
[2026-08-01T18:55:28.154+0900][0.910s][info ][gc,heap        ] GC(7) Eden regions: 1->0(1)
[2026-08-01T18:55:28.154+0900][0.910s][info ][gc,heap        ] GC(7) Survivor regions: 0->0(0)
[2026-08-01T18:55:28.154+0900][0.910s][info ][gc,heap        ] GC(7) Old regions: 1->1
[2026-08-01T18:55:28.154+0900][0.910s][info ][gc,heap        ] GC(7) Archive regions: 0->0
[2026-08-01T18:55:28.154+0900][0.910s][info ][gc,heap        ] GC(7) Humongous regions: 0->0
[2026-08-01T18:55:28.154+0900][0.910s][info ][gc,metaspace   ] GC(7) Metaspace: 6603K(6848K)->6603K(6848K) NonClass: 5987K(6144K)->5987K(6144K) Class: 616K(704K)->616K(704K)
[2026-08-01T18:55:28.154+0900][0.910s][debug][gc,heap        ] GC(7) Heap after GC invocations=8 (full 8):
[2026-08-01T18:55:28.154+0900][0.910s][debug][gc,heap        ] GC(7)  garbage-first heap   total 131072K, used 15248K [0x00000243aa000000, 0x0000027aaa000000)
[2026-08-01T18:55:28.154+0900][0.910s][debug][gc,heap        ] GC(7)   region size 32768K, 0 young (0K), 0 survivors (0K)
[2026-08-01T18:55:28.154+0900][0.910s][debug][gc,heap        ] GC(7)  Metaspace       used 6603K, committed 6848K, reserved 1114112K
[2026-08-01T18:55:28.154+0900][0.910s][debug][gc,heap        ] GC(7)   class space    used 616K, committed 704K, reserved 1048576K
[2026-08-01T18:55:28.154+0900][0.910s][info ][gc             ] GC(7) Pause Full (System.gc()) 15M->14M(128M) 18.808ms
[2026-08-01T18:55:28.154+0900][0.910s][info ][gc,cpu         ] GC(7) User=0.03s Sys=0.00s Real=0.02s
[2026-08-01T18:55:28.154+0900][0.910s][info ][safepoint      ] Safepoint "G1CollectFull", Time since last: 2887100 ns, Reaching safepoint: 30300 ns, At safepoint: 18860000 ns, Total: 18890300 ns
[2026-08-01T18:55:28.157+0900][0.913s][info ][gc,start       ] GC(8) Pause Full (System.gc())
[2026-08-01T18:55:28.157+0900][0.913s][debug][gc,heap        ] GC(8) Heap before GC invocations=8 (full 8):
[2026-08-01T18:55:28.157+0900][0.913s][debug][gc,heap        ] GC(8)  garbage-first heap   total 131072K, used 15248K [0x00000243aa000000, 0x0000027aaa000000)
[2026-08-01T18:55:28.157+0900][0.913s][debug][gc,heap        ] GC(8)   region size 32768K, 1 young (32768K), 0 survivors (0K)
[2026-08-01T18:55:28.157+0900][0.913s][debug][gc,heap        ] GC(8)  Metaspace       used 6619K, committed 6848K, reserved 1114112K
[2026-08-01T18:55:28.157+0900][0.913s][debug][gc,heap        ] GC(8)   class space    used 616K, committed 704K, reserved 1048576K
[2026-08-01T18:55:28.157+0900][0.913s][info ][gc,task        ] GC(8) Using 1 workers of 18 for full compaction
[2026-08-01T18:55:28.157+0900][0.913s][info ][gc,phases,start] GC(8) Phase 1: Mark live objects
[2026-08-01T18:55:28.166+0900][0.922s][info ][gc,phases      ] GC(8) Phase 1: Mark live objects 9.221ms
[2026-08-01T18:55:28.166+0900][0.922s][info ][gc,phases,start] GC(8) Phase 2: Prepare for compaction
[2026-08-01T18:55:28.168+0900][0.924s][info ][gc,phases      ] GC(8) Phase 2: Prepare for compaction 2.070ms
[2026-08-01T18:55:28.168+0900][0.924s][info ][gc,phases,start] GC(8) Phase 3: Adjust pointers
[2026-08-01T18:55:28.172+0900][0.928s][info ][gc,phases      ] GC(8) Phase 3: Adjust pointers 4.110ms
[2026-08-01T18:55:28.172+0900][0.928s][info ][gc,phases,start] GC(8) Phase 4: Compact heap
[2026-08-01T18:55:28.174+0900][0.930s][info ][gc,phases      ] GC(8) Phase 4: Compact heap 1.724ms
[2026-08-01T18:55:28.174+0900][0.931s][info ][gc,heap        ] GC(8) Eden regions: 1->0(1)
[2026-08-01T18:55:28.174+0900][0.931s][info ][gc,heap        ] GC(8) Survivor regions: 0->0(0)
[2026-08-01T18:55:28.174+0900][0.931s][info ][gc,heap        ] GC(8) Old regions: 1->1
[2026-08-01T18:55:28.174+0900][0.931s][info ][gc,heap        ] GC(8) Archive regions: 0->0
[2026-08-01T18:55:28.174+0900][0.931s][info ][gc,heap        ] GC(8) Humongous regions: 0->0
[2026-08-01T18:55:28.174+0900][0.931s][info ][gc,metaspace   ] GC(8) Metaspace: 6619K(6848K)->6619K(6848K) NonClass: 6003K(6144K)->6003K(6144K) Class: 616K(704K)->616K(704K)
[2026-08-01T18:55:28.174+0900][0.931s][debug][gc,heap        ] GC(8) Heap after GC invocations=9 (full 9):
[2026-08-01T18:55:28.174+0900][0.931s][debug][gc,heap        ] GC(8)  garbage-first heap   total 131072K, used 15257K [0x00000243aa000000, 0x0000027aaa000000)
[2026-08-01T18:55:28.174+0900][0.931s][debug][gc,heap        ] GC(8)   region size 32768K, 0 young (0K), 0 survivors (0K)
[2026-08-01T18:55:28.174+0900][0.931s][debug][gc,heap        ] GC(8)  Metaspace       used 6619K, committed 6848K, reserved 1114112K
[2026-08-01T18:55:28.174+0900][0.931s][debug][gc,heap        ] GC(8)   class space    used 616K, committed 704K, reserved 1048576K
[2026-08-01T18:55:28.175+0900][0.931s][info ][gc             ] GC(8) Pause Full (System.gc()) 15M->14M(128M) 18.319ms
[2026-08-01T18:55:28.175+0900][0.931s][info ][gc,cpu         ] GC(8) User=0.02s Sys=0.00s Real=0.02s
[2026-08-01T18:55:28.175+0900][0.931s][info ][safepoint      ] Safepoint "G1CollectFull", Time since last: 2143500 ns, Reaching safepoint: 33800 ns, At safepoint: 18398100 ns, Total: 18431900 ns
[2026-08-01T18:55:28.177+0900][0.933s][info ][gc,start       ] GC(9) Pause Full (System.gc())
[2026-08-01T18:55:28.177+0900][0.933s][debug][gc,heap        ] GC(9) Heap before GC invocations=9 (full 9):
[2026-08-01T18:55:28.177+0900][0.933s][debug][gc,heap        ] GC(9)  garbage-first heap   total 131072K, used 15257K [0x00000243aa000000, 0x0000027aaa000000)
[2026-08-01T18:55:28.177+0900][0.933s][debug][gc,heap        ] GC(9)   region size 32768K, 1 young (32768K), 0 survivors (0K)
[2026-08-01T18:55:28.177+0900][0.933s][debug][gc,heap        ] GC(9)  Metaspace       used 6636K, committed 6848K, reserved 1114112K
[2026-08-01T18:55:28.177+0900][0.933s][debug][gc,heap        ] GC(9)   class space    used 616K, committed 704K, reserved 1048576K
[2026-08-01T18:55:28.177+0900][0.933s][info ][gc,task        ] GC(9) Using 1 workers of 18 for full compaction
[2026-08-01T18:55:28.177+0900][0.933s][info ][gc,phases,start] GC(9) Phase 1: Mark live objects
[2026-08-01T18:55:28.187+0900][0.943s][info ][gc,phases      ] GC(9) Phase 1: Mark live objects 9.874ms
[2026-08-01T18:55:28.187+0900][0.943s][info ][gc,phases,start] GC(9) Phase 2: Prepare for compaction
[2026-08-01T18:55:28.189+0900][0.945s][info ][gc,phases      ] GC(9) Phase 2: Prepare for compaction 2.192ms
[2026-08-01T18:55:28.189+0900][0.945s][info ][gc,phases,start] GC(9) Phase 3: Adjust pointers
[2026-08-01T18:55:28.194+0900][0.950s][info ][gc,phases      ] GC(9) Phase 3: Adjust pointers 4.480ms
[2026-08-01T18:55:28.194+0900][0.950s][info ][gc,phases,start] GC(9) Phase 4: Compact heap
[2026-08-01T18:55:28.196+0900][0.952s][info ][gc,phases      ] GC(9) Phase 4: Compact heap 2.146ms
[2026-08-01T18:55:28.196+0900][0.953s][info ][gc,heap        ] GC(9) Eden regions: 1->0(1)
[2026-08-01T18:55:28.196+0900][0.953s][info ][gc,heap        ] GC(9) Survivor regions: 0->0(0)
[2026-08-01T18:55:28.197+0900][0.953s][info ][gc,heap        ] GC(9) Old regions: 1->1
[2026-08-01T18:55:28.197+0900][0.953s][info ][gc,heap        ] GC(9) Archive regions: 0->0
[2026-08-01T18:55:28.197+0900][0.953s][info ][gc,heap        ] GC(9) Humongous regions: 0->0
[2026-08-01T18:55:28.197+0900][0.953s][info ][gc,metaspace   ] GC(9) Metaspace: 6636K(6848K)->6636K(6848K) NonClass: 6020K(6144K)->6020K(6144K) Class: 616K(704K)->616K(704K)
[2026-08-01T18:55:28.197+0900][0.953s][debug][gc,heap        ] GC(9) Heap after GC invocations=10 (full 10):
[2026-08-01T18:55:28.197+0900][0.953s][debug][gc,heap        ] GC(9)  garbage-first heap   total 131072K, used 15267K [0x00000243aa000000, 0x0000027aaa000000)
[2026-08-01T18:55:28.197+0900][0.953s][debug][gc,heap        ] GC(9)   region size 32768K, 0 young (0K), 0 survivors (0K)
[2026-08-01T18:55:28.197+0900][0.953s][debug][gc,heap        ] GC(9)  Metaspace       used 6636K, committed 6848K, reserved 1114112K
[2026-08-01T18:55:28.197+0900][0.953s][debug][gc,heap        ] GC(9)   class space    used 616K, committed 704K, reserved 1048576K
[2026-08-01T18:55:28.197+0900][0.953s][info ][gc             ] GC(9) Pause Full (System.gc()) 16M->14M(128M) 19.903ms
[2026-08-01T18:55:28.197+0900][0.953s][info ][gc,cpu         ] GC(9) User=0.02s Sys=0.00s Real=0.02s
[2026-08-01T18:55:28.197+0900][0.953s][info ][safepoint      ] Safepoint "G1CollectFull", Time since last: 2146500 ns, Reaching safepoint: 18200 ns, At safepoint: 19947700 ns, Total: 19965900 ns
[2026-08-01T18:55:28.199+0900][0.955s][info ][gc,start       ] GC(10) Pause Full (System.gc())
[2026-08-01T18:55:28.199+0900][0.955s][debug][gc,heap        ] GC(10) Heap before GC invocations=10 (full 10):
[2026-08-01T18:55:28.199+0900][0.955s][debug][gc,heap        ] GC(10)  garbage-first heap   total 131072K, used 15267K [0x00000243aa000000, 0x0000027aaa000000)
[2026-08-01T18:55:28.199+0900][0.955s][debug][gc,heap        ] GC(10)   region size 32768K, 1 young (32768K), 0 survivors (0K)
[2026-08-01T18:55:28.199+0900][0.955s][debug][gc,heap        ] GC(10)  Metaspace       used 6644K, committed 6912K, reserved 1114112K
[2026-08-01T18:55:28.199+0900][0.955s][debug][gc,heap        ] GC(10)   class space    used 616K, committed 704K, reserved 1048576K
[2026-08-01T18:55:28.199+0900][0.955s][info ][gc,task        ] GC(10) Using 1 workers of 18 for full compaction
[2026-08-01T18:55:28.199+0900][0.955s][info ][gc,phases,start] GC(10) Phase 1: Mark live objects
[2026-08-01T18:55:28.209+0900][0.965s][info ][gc,phases      ] GC(10) Phase 1: Mark live objects 9.965ms
[2026-08-01T18:55:28.209+0900][0.965s][info ][gc,phases,start] GC(10) Phase 2: Prepare for compaction
[2026-08-01T18:55:28.212+0900][0.967s][info ][gc,phases      ] GC(10) Phase 2: Prepare for compaction 2.059ms
[2026-08-01T18:55:28.212+0900][0.967s][info ][gc,phases,start] GC(10) Phase 3: Adjust pointers
[2026-08-01T18:55:28.216+0900][0.971s][info ][gc,phases      ] GC(10) Phase 3: Adjust pointers 4.102ms
[2026-08-01T18:55:28.216+0900][0.971s][info ][gc,phases,start] GC(10) Phase 4: Compact heap
[2026-08-01T18:55:28.217+0900][0.973s][info ][gc,phases      ] GC(10) Phase 4: Compact heap 1.919ms
[2026-08-01T18:55:28.218+0900][0.974s][info ][gc,heap        ] GC(10) Eden regions: 1->0(1)
[2026-08-01T18:55:28.218+0900][0.974s][info ][gc,heap        ] GC(10) Survivor regions: 0->0(0)
[2026-08-01T18:55:28.218+0900][0.974s][info ][gc,heap        ] GC(10) Old regions: 1->1
[2026-08-01T18:55:28.218+0900][0.974s][info ][gc,heap        ] GC(10) Archive regions: 0->0
[2026-08-01T18:55:28.218+0900][0.974s][info ][gc,heap        ] GC(10) Humongous regions: 0->0
[2026-08-01T18:55:28.218+0900][0.974s][info ][gc,metaspace   ] GC(10) Metaspace: 6644K(6912K)->6644K(6912K) NonClass: 6028K(6208K)->6028K(6208K) Class: 616K(704K)->616K(704K)
[2026-08-01T18:55:28.218+0900][0.974s][debug][gc,heap        ] GC(10) Heap after GC invocations=11 (full 11):
[2026-08-01T18:55:28.218+0900][0.974s][debug][gc,heap        ] GC(10)  garbage-first heap   total 131072K, used 15276K [0x00000243aa000000, 0x0000027aaa000000)
[2026-08-01T18:55:28.218+0900][0.974s][debug][gc,heap        ] GC(10)   region size 32768K, 0 young (0K), 0 survivors (0K)
[2026-08-01T18:55:28.218+0900][0.974s][debug][gc,heap        ] GC(10)  Metaspace       used 6644K, committed 6912K, reserved 1114112K
[2026-08-01T18:55:28.218+0900][0.974s][debug][gc,heap        ] GC(10)   class space    used 616K, committed 704K, reserved 1048576K
[2026-08-01T18:55:28.218+0900][0.974s][info ][gc             ] GC(10) Pause Full (System.gc()) 15M->14M(128M) 19.112ms
[2026-08-01T18:55:28.218+0900][0.974s][info ][gc,cpu         ] GC(10) User=0.03s Sys=0.00s Real=0.02s
[2026-08-01T18:55:28.218+0900][0.974s][info ][safepoint      ] Safepoint "G1CollectFull", Time since last: 1963800 ns, Reaching safepoint: 31900 ns, At safepoint: 19192700 ns, Total: 19224600 ns
[2026-08-01T18:55:28.220+0900][0.976s][info ][gc,start       ] GC(11) Pause Full (System.gc())
[2026-08-01T18:55:28.220+0900][0.976s][debug][gc,heap        ] GC(11) Heap before GC invocations=11 (full 11):
[2026-08-01T18:55:28.220+0900][0.976s][debug][gc,heap        ] GC(11)  garbage-first heap   total 131072K, used 15276K [0x00000243aa000000, 0x0000027aaa000000)
[2026-08-01T18:55:28.220+0900][0.976s][debug][gc,heap        ] GC(11)   region size 32768K, 1 young (32768K), 0 survivors (0K)
[2026-08-01T18:55:28.220+0900][0.976s][debug][gc,heap        ] GC(11)  Metaspace       used 6651K, committed 6912K, reserved 1114112K
[2026-08-01T18:55:28.220+0900][0.976s][debug][gc,heap        ] GC(11)   class space    used 616K, committed 704K, reserved 1048576K
[2026-08-01T18:55:28.220+0900][0.976s][info ][gc,task        ] GC(11) Using 1 workers of 18 for full compaction
[2026-08-01T18:55:28.220+0900][0.976s][info ][gc,phases,start] GC(11) Phase 1: Mark live objects
[2026-08-01T18:55:28.232+0900][0.988s][info ][gc,phases      ] GC(11) Phase 1: Mark live objects 12.044ms
[2026-08-01T18:55:28.232+0900][0.988s][info ][gc,phases,start] GC(11) Phase 2: Prepare for compaction
[2026-08-01T18:55:28.235+0900][0.991s][info ][gc,phases      ] GC(11) Phase 2: Prepare for compaction 2.330ms
[2026-08-01T18:55:28.235+0900][0.991s][info ][gc,phases,start] GC(11) Phase 3: Adjust pointers
[2026-08-01T18:55:28.239+0900][0.995s][info ][gc,phases      ] GC(11) Phase 3: Adjust pointers 4.421ms
[2026-08-01T18:55:28.239+0900][0.995s][info ][gc,phases,start] GC(11) Phase 4: Compact heap
[2026-08-01T18:55:28.240+0900][0.997s][info ][gc,phases      ] GC(11) Phase 4: Compact heap 1.821ms
[2026-08-01T18:55:28.241+0900][0.998s][info ][gc,heap        ] GC(11) Eden regions: 1->0(1)
[2026-08-01T18:55:28.241+0900][0.998s][info ][gc,heap        ] GC(11) Survivor regions: 0->0(0)
[2026-08-01T18:55:28.241+0900][0.998s][info ][gc,heap        ] GC(11) Old regions: 1->1
[2026-08-01T18:55:28.241+0900][0.998s][info ][gc,heap        ] GC(11) Archive regions: 0->0
[2026-08-01T18:55:28.241+0900][0.998s][info ][gc,heap        ] GC(11) Humongous regions: 0->0
[2026-08-01T18:55:28.241+0900][0.998s][info ][gc,metaspace   ] GC(11) Metaspace: 6651K(6912K)->6651K(6912K) NonClass: 6035K(6208K)->6035K(6208K) Class: 616K(704K)->616K(704K)
[2026-08-01T18:55:28.241+0900][0.998s][debug][gc,heap        ] GC(11) Heap after GC invocations=12 (full 12):
[2026-08-01T18:55:28.241+0900][0.998s][debug][gc,heap        ] GC(11)  garbage-first heap   total 131072K, used 15285K [0x00000243aa000000, 0x0000027aaa000000)
[2026-08-01T18:55:28.241+0900][0.998s][debug][gc,heap        ] GC(11)   region size 32768K, 0 young (0K), 0 survivors (0K)
[2026-08-01T18:55:28.241+0900][0.998s][debug][gc,heap        ] GC(11)  Metaspace       used 6651K, committed 6912K, reserved 1114112K
[2026-08-01T18:55:28.241+0900][0.998s][debug][gc,heap        ] GC(11)   class space    used 616K, committed 704K, reserved 1048576K
[2026-08-01T18:55:28.241+0900][0.998s][info ][gc             ] GC(11) Pause Full (System.gc()) 15M->14M(128M) 21.823ms
[2026-08-01T18:55:28.241+0900][0.998s][info ][gc,cpu         ] GC(11) User=0.02s Sys=0.00s Real=0.02s
[2026-08-01T18:55:28.241+0900][0.998s][info ][safepoint      ] Safepoint "G1CollectFull", Time since last: 1755800 ns, Reaching safepoint: 17800 ns, At safepoint: 21901700 ns, Total: 21919500 ns
[2026-08-01T18:55:28.244+0900][1.000s][info ][gc,start       ] GC(12) Pause Full (System.gc())
[2026-08-01T18:55:28.244+0900][1.000s][debug][gc,heap        ] GC(12) Heap before GC invocations=12 (full 12):
[2026-08-01T18:55:28.244+0900][1.000s][debug][gc,heap        ] GC(12)  garbage-first heap   total 131072K, used 15285K [0x00000243aa000000, 0x0000027aaa000000)
[2026-08-01T18:55:28.244+0900][1.000s][debug][gc,heap        ] GC(12)   region size 32768K, 1 young (32768K), 0 survivors (0K)
[2026-08-01T18:55:28.244+0900][1.000s][debug][gc,heap        ] GC(12)  Metaspace       used 6658K, committed 6912K, reserved 1114112K
[2026-08-01T18:55:28.244+0900][1.000s][debug][gc,heap        ] GC(12)   class space    used 616K, committed 704K, reserved 1048576K
[2026-08-01T18:55:28.244+0900][1.000s][info ][gc,task        ] GC(12) Using 1 workers of 18 for full compaction
[2026-08-01T18:55:28.244+0900][1.000s][info ][gc,phases,start] GC(12) Phase 1: Mark live objects
[2026-08-01T18:55:28.257+0900][1.013s][info ][gc,phases      ] GC(12) Phase 1: Mark live objects 13.199ms
[2026-08-01T18:55:28.257+0900][1.013s][info ][gc,phases,start] GC(12) Phase 2: Prepare for compaction
[2026-08-01T18:55:28.259+0900][1.016s][info ][gc,phases      ] GC(12) Phase 2: Prepare for compaction 2.254ms
[2026-08-01T18:55:28.260+0900][1.016s][info ][gc,phases,start] GC(12) Phase 3: Adjust pointers
[2026-08-01T18:55:28.264+0900][1.020s][info ][gc,phases      ] GC(12) Phase 3: Adjust pointers 4.375ms
[2026-08-01T18:55:28.264+0900][1.020s][info ][gc,phases,start] GC(12) Phase 4: Compact heap
[2026-08-01T18:55:28.266+0900][1.022s][info ][gc,phases      ] GC(12) Phase 4: Compact heap 1.769ms
[2026-08-01T18:55:28.267+0900][1.023s][info ][gc,heap        ] GC(12) Eden regions: 1->0(1)
[2026-08-01T18:55:28.267+0900][1.023s][info ][gc,heap        ] GC(12) Survivor regions: 0->0(0)
[2026-08-01T18:55:28.267+0900][1.023s][info ][gc,heap        ] GC(12) Old regions: 1->1
[2026-08-01T18:55:28.267+0900][1.023s][info ][gc,heap        ] GC(12) Archive regions: 0->0
[2026-08-01T18:55:28.267+0900][1.023s][info ][gc,heap        ] GC(12) Humongous regions: 0->0
[2026-08-01T18:55:28.267+0900][1.023s][info ][gc,metaspace   ] GC(12) Metaspace: 6658K(6912K)->6658K(6912K) NonClass: 6042K(6208K)->6042K(6208K) Class: 616K(704K)->616K(704K)
[2026-08-01T18:55:28.267+0900][1.023s][debug][gc,heap        ] GC(12) Heap after GC invocations=13 (full 13):
[2026-08-01T18:55:28.267+0900][1.023s][debug][gc,heap        ] GC(12)  garbage-first heap   total 131072K, used 15300K [0x00000243aa000000, 0x0000027aaa000000)
[2026-08-01T18:55:28.267+0900][1.023s][debug][gc,heap        ] GC(12)   region size 32768K, 0 young (0K), 0 survivors (0K)
[2026-08-01T18:55:28.267+0900][1.023s][debug][gc,heap        ] GC(12)  Metaspace       used 6658K, committed 6912K, reserved 1114112K
[2026-08-01T18:55:28.267+0900][1.023s][debug][gc,heap        ] GC(12)   class space    used 616K, committed 704K, reserved 1048576K
[2026-08-01T18:55:28.267+0900][1.023s][info ][gc             ] GC(12) Pause Full (System.gc()) 15M->14M(128M) 22.867ms
[2026-08-01T18:55:28.267+0900][1.023s][info ][gc,cpu         ] GC(12) User=0.03s Sys=0.00s Real=0.02s
[2026-08-01T18:55:28.267+0900][1.023s][info ][safepoint      ] Safepoint "G1CollectFull", Time since last: 2106300 ns, Reaching safepoint: 23100 ns, At safepoint: 22912300 ns, Total: 22935400 ns
[2026-08-01T18:55:28.269+0900][1.025s][info ][gc,start       ] GC(13) Pause Full (System.gc())
[2026-08-01T18:55:28.270+0900][1.025s][debug][gc,heap        ] GC(13) Heap before GC invocations=13 (full 13):
[2026-08-01T18:55:28.270+0900][1.025s][debug][gc,heap        ] GC(13)  garbage-first heap   total 131072K, used 15300K [0x00000243aa000000, 0x0000027aaa000000)
[2026-08-01T18:55:28.270+0900][1.025s][debug][gc,heap        ] GC(13)   region size 32768K, 1 young (32768K), 0 survivors (0K)
[2026-08-01T18:55:28.270+0900][1.025s][debug][gc,heap        ] GC(13)  Metaspace       used 6664K, committed 6912K, reserved 1114112K
[2026-08-01T18:55:28.270+0900][1.025s][debug][gc,heap        ] GC(13)   class space    used 616K, committed 704K, reserved 1048576K
[2026-08-01T18:55:28.270+0900][1.025s][info ][gc,task        ] GC(13) Using 1 workers of 18 for full compaction
[2026-08-01T18:55:28.270+0900][1.025s][info ][gc,phases,start] GC(13) Phase 1: Mark live objects
[2026-08-01T18:55:28.279+0900][1.035s][info ][gc,phases      ] GC(13) Phase 1: Mark live objects 9.842ms
[2026-08-01T18:55:28.279+0900][1.035s][info ][gc,phases,start] GC(13) Phase 2: Prepare for compaction
[2026-08-01T18:55:28.281+0900][1.037s][info ][gc,phases      ] GC(13) Phase 2: Prepare for compaction 2.082ms
[2026-08-01T18:55:28.281+0900][1.037s][info ][gc,phases,start] GC(13) Phase 3: Adjust pointers
[2026-08-01T18:55:28.285+0900][1.041s][info ][gc,phases      ] GC(13) Phase 3: Adjust pointers 4.007ms
[2026-08-01T18:55:28.285+0900][1.041s][info ][gc,phases,start] GC(13) Phase 4: Compact heap
[2026-08-01T18:55:28.287+0900][1.043s][info ][gc,phases      ] GC(13) Phase 4: Compact heap 1.661ms
[2026-08-01T18:55:28.287+0900][1.044s][info ][gc,heap        ] GC(13) Eden regions: 1->0(1)
[2026-08-01T18:55:28.287+0900][1.044s][info ][gc,heap        ] GC(13) Survivor regions: 0->0(0)
[2026-08-01T18:55:28.287+0900][1.044s][info ][gc,heap        ] GC(13) Old regions: 1->1
[2026-08-01T18:55:28.287+0900][1.044s][info ][gc,heap        ] GC(13) Archive regions: 0->0
[2026-08-01T18:55:28.287+0900][1.044s][info ][gc,heap        ] GC(13) Humongous regions: 0->0
[2026-08-01T18:55:28.287+0900][1.044s][info ][gc,metaspace   ] GC(13) Metaspace: 6664K(6912K)->6664K(6912K) NonClass: 6048K(6208K)->6048K(6208K) Class: 616K(704K)->616K(704K)
[2026-08-01T18:55:28.287+0900][1.044s][debug][gc,heap        ] GC(13) Heap after GC invocations=14 (full 14):
[2026-08-01T18:55:28.287+0900][1.044s][debug][gc,heap        ] GC(13)  garbage-first heap   total 131072K, used 15326K [0x00000243aa000000, 0x0000027aaa000000)
[2026-08-01T18:55:28.287+0900][1.044s][debug][gc,heap        ] GC(13)   region size 32768K, 0 young (0K), 0 survivors (0K)
[2026-08-01T18:55:28.287+0900][1.044s][debug][gc,heap        ] GC(13)  Metaspace       used 6664K, committed 6912K, reserved 1114112K
[2026-08-01T18:55:28.287+0900][1.044s][debug][gc,heap        ] GC(13)   class space    used 616K, committed 704K, reserved 1048576K
[2026-08-01T18:55:28.287+0900][1.044s][info ][gc             ] GC(13) Pause Full (System.gc()) 16M->14M(128M) 18.737ms
[2026-08-01T18:55:28.287+0900][1.044s][info ][gc,cpu         ] GC(13) User=0.02s Sys=0.00s Real=0.02s
[2026-08-01T18:55:28.288+0900][1.044s][info ][safepoint      ] Safepoint "G1CollectFull", Time since last: 2216700 ns, Reaching safepoint: 51000 ns, At safepoint: 18783300 ns, Total: 18834300 ns
[2026-08-01T18:55:28.290+0900][1.046s][info ][gc,start       ] GC(14) Pause Full (System.gc())
[2026-08-01T18:55:28.290+0900][1.046s][debug][gc,heap        ] GC(14) Heap before GC invocations=14 (full 14):
[2026-08-01T18:55:28.290+0900][1.046s][debug][gc,heap        ] GC(14)  garbage-first heap   total 131072K, used 15326K [0x00000243aa000000, 0x0000027aaa000000)
[2026-08-01T18:55:28.290+0900][1.046s][debug][gc,heap        ] GC(14)   region size 32768K, 1 young (32768K), 0 survivors (0K)
[2026-08-01T18:55:28.290+0900][1.046s][debug][gc,heap        ] GC(14)  Metaspace       used 6669K, committed 6912K, reserved 1114112K
[2026-08-01T18:55:28.290+0900][1.046s][debug][gc,heap        ] GC(14)   class space    used 616K, committed 704K, reserved 1048576K
[2026-08-01T18:55:28.290+0900][1.046s][info ][gc,task        ] GC(14) Using 1 workers of 18 for full compaction
[2026-08-01T18:55:28.290+0900][1.046s][info ][gc,phases,start] GC(14) Phase 1: Mark live objects
[2026-08-01T18:55:28.300+0900][1.056s][info ][gc,phases      ] GC(14) Phase 1: Mark live objects 9.824ms
[2026-08-01T18:55:28.300+0900][1.056s][info ][gc,phases,start] GC(14) Phase 2: Prepare for compaction
[2026-08-01T18:55:28.302+0900][1.058s][info ][gc,phases      ] GC(14) Phase 2: Prepare for compaction 2.090ms
[2026-08-01T18:55:28.302+0900][1.058s][info ][gc,phases,start] GC(14) Phase 3: Adjust pointers
[2026-08-01T18:55:28.307+0900][1.063s][info ][gc,phases      ] GC(14) Phase 3: Adjust pointers 4.732ms
[2026-08-01T18:55:28.307+0900][1.063s][info ][gc,phases,start] GC(14) Phase 4: Compact heap
[2026-08-01T18:55:28.308+0900][1.065s][info ][gc,phases      ] GC(14) Phase 4: Compact heap 1.890ms
[2026-08-01T18:55:28.309+0900][1.066s][info ][gc,heap        ] GC(14) Eden regions: 1->0(1)
[2026-08-01T18:55:28.309+0900][1.066s][info ][gc,heap        ] GC(14) Survivor regions: 0->0(0)
[2026-08-01T18:55:28.309+0900][1.066s][info ][gc,heap        ] GC(14) Old regions: 1->1
[2026-08-01T18:55:28.309+0900][1.066s][info ][gc,heap        ] GC(14) Archive regions: 0->0
[2026-08-01T18:55:28.309+0900][1.066s][info ][gc,heap        ] GC(14) Humongous regions: 0->0
[2026-08-01T18:55:28.309+0900][1.066s][info ][gc,metaspace   ] GC(14) Metaspace: 6669K(6912K)->6669K(6912K) NonClass: 6052K(6208K)->6052K(6208K) Class: 616K(704K)->616K(704K)
[2026-08-01T18:55:28.309+0900][1.066s][debug][gc,heap        ] GC(14) Heap after GC invocations=15 (full 15):
[2026-08-01T18:55:28.309+0900][1.066s][debug][gc,heap        ] GC(14)  garbage-first heap   total 131072K, used 15340K [0x00000243aa000000, 0x0000027aaa000000)
[2026-08-01T18:55:28.309+0900][1.066s][debug][gc,heap        ] GC(14)   region size 32768K, 0 young (0K), 0 survivors (0K)
[2026-08-01T18:55:28.309+0900][1.066s][debug][gc,heap        ] GC(14)  Metaspace       used 6669K, committed 6912K, reserved 1114112K
[2026-08-01T18:55:28.309+0900][1.066s][debug][gc,heap        ] GC(14)   class space    used 616K, committed 704K, reserved 1048576K
[2026-08-01T18:55:28.309+0900][1.066s][info ][gc             ] GC(14) Pause Full (System.gc()) 16M->14M(128M) 19.752ms
[2026-08-01T18:55:28.309+0900][1.066s][info ][gc,cpu         ] GC(14) User=0.03s Sys=0.00s Real=0.02s
[2026-08-01T18:55:28.309+0900][1.066s][info ][safepoint      ] Safepoint "G1CollectFull", Time since last: 2179100 ns, Reaching safepoint: 16000 ns, At safepoint: 19786800 ns, Total: 19802800 ns
[2026-08-01T18:55:28.312+0900][1.068s][info ][gc,start       ] GC(15) Pause Full (System.gc())
[2026-08-01T18:55:28.312+0900][1.068s][debug][gc,heap        ] GC(15) Heap before GC invocations=15 (full 15):
[2026-08-01T18:55:28.312+0900][1.068s][debug][gc,heap        ] GC(15)  garbage-first heap   total 131072K, used 15340K [0x00000243aa000000, 0x0000027aaa000000)
[2026-08-01T18:55:28.312+0900][1.068s][debug][gc,heap        ] GC(15)   region size 32768K, 1 young (32768K), 0 survivors (0K)
[2026-08-01T18:55:28.312+0900][1.068s][debug][gc,heap        ] GC(15)  Metaspace       used 6675K, committed 6912K, reserved 1114112K
[2026-08-01T18:55:28.312+0900][1.068s][debug][gc,heap        ] GC(15)   class space    used 616K, committed 704K, reserved 1048576K
[2026-08-01T18:55:28.312+0900][1.068s][info ][gc,task        ] GC(15) Using 1 workers of 18 for full compaction
[2026-08-01T18:55:28.312+0900][1.068s][info ][gc,phases,start] GC(15) Phase 1: Mark live objects
[2026-08-01T18:55:28.324+0900][1.080s][info ][gc,phases      ] GC(15) Phase 1: Mark live objects 12.262ms
[2026-08-01T18:55:28.324+0900][1.080s][info ][gc,phases,start] GC(15) Phase 2: Prepare for compaction
[2026-08-01T18:55:28.327+0900][1.083s][info ][gc,phases      ] GC(15) Phase 2: Prepare for compaction 2.342ms
[2026-08-01T18:55:28.327+0900][1.083s][info ][gc,phases,start] GC(15) Phase 3: Adjust pointers
[2026-08-01T18:55:28.331+0900][1.088s][info ][gc,phases      ] GC(15) Phase 3: Adjust pointers 4.732ms
[2026-08-01T18:55:28.332+0900][1.088s][info ][gc,phases,start] GC(15) Phase 4: Compact heap
[2026-08-01T18:55:28.333+0900][1.089s][info ][gc,phases      ] GC(15) Phase 4: Compact heap 1.890ms
[2026-08-01T18:55:28.334+0900][1.090s][info ][gc,heap        ] GC(15) Eden regions: 1->0(1)
[2026-08-01T18:55:28.334+0900][1.090s][info ][gc,heap        ] GC(15) Survivor regions: 0->0(0)
[2026-08-01T18:55:28.334+0900][1.090s][info ][gc,heap        ] GC(15) Old regions: 1->1
[2026-08-01T18:55:28.334+0900][1.090s][info ][gc,heap        ] GC(15) Archive regions: 0->0
[2026-08-01T18:55:28.334+0900][1.090s][info ][gc,heap        ] GC(15) Humongous regions: 0->0
[2026-08-01T18:55:28.334+0900][1.090s][info ][gc,metaspace   ] GC(15) Metaspace: 6675K(6912K)->6675K(6912K) NonClass: 6059K(6208K)->6059K(6208K) Class: 616K(704K)->616K(704K)
[2026-08-01T18:55:28.334+0900][1.090s][debug][gc,heap        ] GC(15) Heap after GC invocations=16 (full 16):
[2026-08-01T18:55:28.334+0900][1.090s][debug][gc,heap        ] GC(15)  garbage-first heap   total 131072K, used 15354K [0x00000243aa000000, 0x0000027aaa000000)
[2026-08-01T18:55:28.334+0900][1.090s][debug][gc,heap        ] GC(15)   region size 32768K, 0 young (0K), 0 survivors (0K)
[2026-08-01T18:55:28.334+0900][1.090s][debug][gc,heap        ] GC(15)  Metaspace       used 6675K, committed 6912K, reserved 1114112K
[2026-08-01T18:55:28.334+0900][1.090s][debug][gc,heap        ] GC(15)   class space    used 616K, committed 704K, reserved 1048576K
[2026-08-01T18:55:28.334+0900][1.090s][info ][gc             ] GC(15) Pause Full (System.gc()) 16M->14M(128M) 22.436ms
[2026-08-01T18:55:28.334+0900][1.090s][info ][gc,cpu         ] GC(15) User=0.00s Sys=0.02s Real=0.02s
[2026-08-01T18:55:28.334+0900][1.091s][info ][safepoint      ] Safepoint "G1CollectFull", Time since last: 2020200 ns, Reaching safepoint: 30900 ns, At safepoint: 22487600 ns, Total: 22518500 ns
[2026-08-01T18:55:28.337+0900][1.093s][info ][gc,start       ] GC(16) Pause Full (System.gc())
[2026-08-01T18:55:28.337+0900][1.093s][debug][gc,heap        ] GC(16) Heap before GC invocations=16 (full 16):
[2026-08-01T18:55:28.337+0900][1.093s][debug][gc,heap        ] GC(16)  garbage-first heap   total 131072K, used 15354K [0x00000243aa000000, 0x0000027aaa000000)
[2026-08-01T18:55:28.337+0900][1.093s][debug][gc,heap        ] GC(16)   region size 32768K, 1 young (32768K), 0 survivors (0K)
[2026-08-01T18:55:28.337+0900][1.093s][debug][gc,heap        ] GC(16)  Metaspace       used 6680K, committed 6912K, reserved 1114112K
[2026-08-01T18:55:28.337+0900][1.093s][debug][gc,heap        ] GC(16)   class space    used 616K, committed 704K, reserved 1048576K
[2026-08-01T18:55:28.337+0900][1.093s][info ][gc,task        ] GC(16) Using 1 workers of 18 for full compaction
[2026-08-01T18:55:28.337+0900][1.093s][info ][gc,phases,start] GC(16) Phase 1: Mark live objects
[2026-08-01T18:55:28.348+0900][1.104s][info ][gc,phases      ] GC(16) Phase 1: Mark live objects 11.499ms
[2026-08-01T18:55:28.348+0900][1.104s][info ][gc,phases,start] GC(16) Phase 2: Prepare for compaction
[2026-08-01T18:55:28.350+0900][1.107s][info ][gc,phases      ] GC(16) Phase 2: Prepare for compaction 2.283ms
[2026-08-01T18:55:28.350+0900][1.107s][info ][gc,phases,start] GC(16) Phase 3: Adjust pointers
[2026-08-01T18:55:28.356+0900][1.112s][info ][gc,phases      ] GC(16) Phase 3: Adjust pointers 5.516ms
[2026-08-01T18:55:28.356+0900][1.112s][info ][gc,phases,start] GC(16) Phase 4: Compact heap
[2026-08-01T18:55:28.358+0900][1.114s][info ][gc,phases      ] GC(16) Phase 4: Compact heap 2.197ms
[2026-08-01T18:55:28.359+0900][1.115s][info ][gc,heap        ] GC(16) Eden regions: 1->0(1)
[2026-08-01T18:55:28.359+0900][1.115s][info ][gc,heap        ] GC(16) Survivor regions: 0->0(0)
[2026-08-01T18:55:28.359+0900][1.115s][info ][gc,heap        ] GC(16) Old regions: 1->1
[2026-08-01T18:55:28.359+0900][1.115s][info ][gc,heap        ] GC(16) Archive regions: 0->0
[2026-08-01T18:55:28.359+0900][1.115s][info ][gc,heap        ] GC(16) Humongous regions: 0->0
[2026-08-01T18:55:28.359+0900][1.115s][info ][gc,metaspace   ] GC(16) Metaspace: 6680K(6912K)->6680K(6912K) NonClass: 6064K(6208K)->6064K(6208K) Class: 616K(704K)->616K(704K)
[2026-08-01T18:55:28.359+0900][1.115s][debug][gc,heap        ] GC(16) Heap after GC invocations=17 (full 17):
[2026-08-01T18:55:28.359+0900][1.115s][debug][gc,heap        ] GC(16)  garbage-first heap   total 131072K, used 15367K [0x00000243aa000000, 0x0000027aaa000000)
[2026-08-01T18:55:28.359+0900][1.115s][debug][gc,heap        ] GC(16)   region size 32768K, 0 young (0K), 0 survivors (0K)
[2026-08-01T18:55:28.359+0900][1.115s][debug][gc,heap        ] GC(16)  Metaspace       used 6680K, committed 6912K, reserved 1114112K
[2026-08-01T18:55:28.359+0900][1.115s][debug][gc,heap        ] GC(16)   class space    used 616K, committed 704K, reserved 1048576K
[2026-08-01T18:55:28.359+0900][1.116s][info ][gc             ] GC(16) Pause Full (System.gc()) 16M->15M(128M) 22.837ms
[2026-08-01T18:55:28.359+0900][1.116s][info ][gc,cpu         ] GC(16) User=0.03s Sys=0.00s Real=0.02s
[2026-08-01T18:55:28.359+0900][1.116s][info ][safepoint      ] Safepoint "G1CollectFull", Time since last: 2138800 ns, Reaching safepoint: 28800 ns, At safepoint: 22961100 ns, Total: 22989900 ns
[2026-08-01T18:55:28.363+0900][1.118s][info ][gc,start       ] GC(17) Pause Full (System.gc())
[2026-08-01T18:55:28.363+0900][1.118s][debug][gc,heap        ] GC(17) Heap before GC invocations=17 (full 17):
[2026-08-01T18:55:28.363+0900][1.118s][debug][gc,heap        ] GC(17)  garbage-first heap   total 131072K, used 15367K [0x00000243aa000000, 0x0000027aaa000000)
[2026-08-01T18:55:28.363+0900][1.118s][debug][gc,heap        ] GC(17)   region size 32768K, 1 young (32768K), 0 survivors (0K)
[2026-08-01T18:55:28.363+0900][1.118s][debug][gc,heap        ] GC(17)  Metaspace       used 6697K, committed 6912K, reserved 1114112K
[2026-08-01T18:55:28.363+0900][1.118s][debug][gc,heap        ] GC(17)   class space    used 616K, committed 704K, reserved 1048576K
[2026-08-01T18:55:28.363+0900][1.118s][info ][gc,task        ] GC(17) Using 1 workers of 18 for full compaction
[2026-08-01T18:55:28.363+0900][1.119s][info ][gc,phases,start] GC(17) Phase 1: Mark live objects
[2026-08-01T18:55:28.376+0900][1.132s][info ][gc,phases      ] GC(17) Phase 1: Mark live objects 13.435ms
[2026-08-01T18:55:28.376+0900][1.132s][info ][gc,phases,start] GC(17) Phase 2: Prepare for compaction
[2026-08-01T18:55:28.379+0900][1.135s][info ][gc,phases      ] GC(17) Phase 2: Prepare for compaction 2.474ms
[2026-08-01T18:55:28.379+0900][1.135s][info ][gc,phases,start] GC(17) Phase 3: Adjust pointers
[2026-08-01T18:55:28.384+0900][1.140s][info ][gc,phases      ] GC(17) Phase 3: Adjust pointers 5.832ms
[2026-08-01T18:55:28.384+0900][1.140s][info ][gc,phases,start] GC(17) Phase 4: Compact heap
[2026-08-01T18:55:28.386+0900][1.143s][info ][gc,phases      ] GC(17) Phase 4: Compact heap 2.261ms
[2026-08-01T18:55:28.387+0900][1.144s][info ][gc,heap        ] GC(17) Eden regions: 1->0(1)
[2026-08-01T18:55:28.387+0900][1.144s][info ][gc,heap        ] GC(17) Survivor regions: 0->0(0)
[2026-08-01T18:55:28.387+0900][1.144s][info ][gc,heap        ] GC(17) Old regions: 1->1
[2026-08-01T18:55:28.387+0900][1.144s][info ][gc,heap        ] GC(17) Archive regions: 0->0
[2026-08-01T18:55:28.387+0900][1.144s][info ][gc,heap        ] GC(17) Humongous regions: 0->0
[2026-08-01T18:55:28.387+0900][1.144s][info ][gc,metaspace   ] GC(17) Metaspace: 6697K(6912K)->6697K(6912K) NonClass: 6080K(6208K)->6080K(6208K) Class: 616K(704K)->616K(704K)
[2026-08-01T18:55:28.387+0900][1.144s][debug][gc,heap        ] GC(17) Heap after GC invocations=18 (full 18):
[2026-08-01T18:55:28.387+0900][1.144s][debug][gc,heap        ] GC(17)  garbage-first heap   total 131072K, used 15381K [0x00000243aa000000, 0x0000027aaa000000)
[2026-08-01T18:55:28.387+0900][1.144s][debug][gc,heap        ] GC(17)   region size 32768K, 0 young (0K), 0 survivors (0K)
[2026-08-01T18:55:28.387+0900][1.144s][debug][gc,heap        ] GC(17)  Metaspace       used 6697K, committed 6912K, reserved 1114112K
[2026-08-01T18:55:28.387+0900][1.144s][debug][gc,heap        ] GC(17)   class space    used 616K, committed 704K, reserved 1048576K
[2026-08-01T18:55:28.387+0900][1.144s][info ][gc             ] GC(17) Pause Full (System.gc()) 16M->15M(128M) 25.375ms
[2026-08-01T18:55:28.387+0900][1.144s][info ][gc,cpu         ] GC(17) User=0.03s Sys=0.00s Real=0.02s
[2026-08-01T18:55:28.387+0900][1.144s][info ][safepoint      ] Safepoint "G1CollectFull", Time since last: 2726800 ns, Reaching safepoint: 30500 ns, At safepoint: 25464700 ns, Total: 25495200 ns
[2026-08-01T18:55:28.390+0900][1.146s][info ][gc,start       ] GC(18) Pause Full (System.gc())
[2026-08-01T18:55:28.390+0900][1.146s][debug][gc,heap        ] GC(18) Heap before GC invocations=18 (full 18):
[2026-08-01T18:55:28.390+0900][1.146s][debug][gc,heap        ] GC(18)  garbage-first heap   total 131072K, used 15381K [0x00000243aa000000, 0x0000027aaa000000)
[2026-08-01T18:55:28.390+0900][1.146s][debug][gc,heap        ] GC(18)   region size 32768K, 1 young (32768K), 0 survivors (0K)
[2026-08-01T18:55:28.390+0900][1.146s][debug][gc,heap        ] GC(18)  Metaspace       used 6699K, committed 6912K, reserved 1114112K
[2026-08-01T18:55:28.390+0900][1.146s][debug][gc,heap        ] GC(18)   class space    used 616K, committed 704K, reserved 1048576K
[2026-08-01T18:55:28.390+0900][1.146s][info ][gc,task        ] GC(18) Using 1 workers of 18 for full compaction
[2026-08-01T18:55:28.391+0900][1.146s][info ][gc,phases,start] GC(18) Phase 1: Mark live objects
[2026-08-01T18:55:28.404+0900][1.160s][info ][gc,phases      ] GC(18) Phase 1: Mark live objects 13.656ms
[2026-08-01T18:55:28.404+0900][1.160s][info ][gc,phases,start] GC(18) Phase 2: Prepare for compaction
[2026-08-01T18:55:28.407+0900][1.163s][info ][gc,phases      ] GC(18) Phase 2: Prepare for compaction 2.352ms
[2026-08-01T18:55:28.407+0900][1.163s][info ][gc,phases,start] GC(18) Phase 3: Adjust pointers
[2026-08-01T18:55:28.411+0900][1.167s][info ][gc,phases      ] GC(18) Phase 3: Adjust pointers 4.896ms
[2026-08-01T18:55:28.411+0900][1.168s][info ][gc,phases,start] GC(18) Phase 4: Compact heap
[2026-08-01T18:55:28.413+0900][1.169s][info ][gc,phases      ] GC(18) Phase 4: Compact heap 1.855ms
[2026-08-01T18:55:28.414+0900][1.170s][info ][gc,heap        ] GC(18) Eden regions: 1->0(1)
[2026-08-01T18:55:28.414+0900][1.170s][info ][gc,heap        ] GC(18) Survivor regions: 0->0(0)
[2026-08-01T18:55:28.414+0900][1.170s][info ][gc,heap        ] GC(18) Old regions: 1->1
[2026-08-01T18:55:28.414+0900][1.170s][info ][gc,heap        ] GC(18) Archive regions: 0->0
[2026-08-01T18:55:28.414+0900][1.170s][info ][gc,heap        ] GC(18) Humongous regions: 0->0
[2026-08-01T18:55:28.414+0900][1.170s][info ][gc,metaspace   ] GC(18) Metaspace: 6699K(6912K)->6699K(6912K) NonClass: 6083K(6208K)->6083K(6208K) Class: 616K(704K)->616K(704K)
[2026-08-01T18:55:28.414+0900][1.170s][debug][gc,heap        ] GC(18) Heap after GC invocations=19 (full 19):
[2026-08-01T18:55:28.414+0900][1.170s][debug][gc,heap        ] GC(18)  garbage-first heap   total 131072K, used 15396K [0x00000243aa000000, 0x0000027aaa000000)
[2026-08-01T18:55:28.414+0900][1.170s][debug][gc,heap        ] GC(18)   region size 32768K, 0 young (0K), 0 survivors (0K)
[2026-08-01T18:55:28.414+0900][1.170s][debug][gc,heap        ] GC(18)  Metaspace       used 6699K, committed 6912K, reserved 1114112K
[2026-08-01T18:55:28.414+0900][1.170s][debug][gc,heap        ] GC(18)   class space    used 616K, committed 704K, reserved 1048576K
[2026-08-01T18:55:28.414+0900][1.170s][info ][gc             ] GC(18) Pause Full (System.gc()) 16M->15M(128M) 24.061ms
[2026-08-01T18:55:28.414+0900][1.170s][info ][gc,cpu         ] GC(18) User=0.02s Sys=0.00s Real=0.02s
[2026-08-01T18:55:28.414+0900][1.170s][info ][safepoint      ] Safepoint "G1CollectFull", Time since last: 2441800 ns, Reaching safepoint: 32500 ns, At safepoint: 24099500 ns, Total: 24132000 ns
[2026-08-01T18:55:28.416+0900][1.172s][info ][gc,start       ] GC(19) Pause Full (System.gc())
[2026-08-01T18:55:28.416+0900][1.172s][debug][gc,heap        ] GC(19) Heap before GC invocations=19 (full 19):
[2026-08-01T18:55:28.416+0900][1.172s][debug][gc,heap        ] GC(19)  garbage-first heap   total 131072K, used 15396K [0x00000243aa000000, 0x0000027aaa000000)
[2026-08-01T18:55:28.416+0900][1.172s][debug][gc,heap        ] GC(19)   region size 32768K, 1 young (32768K), 0 survivors (0K)
[2026-08-01T18:55:28.416+0900][1.172s][debug][gc,heap        ] GC(19)  Metaspace       used 6704K, committed 6912K, reserved 1114112K
[2026-08-01T18:55:28.416+0900][1.172s][debug][gc,heap        ] GC(19)   class space    used 616K, committed 704K, reserved 1048576K
[2026-08-01T18:55:28.416+0900][1.172s][info ][gc,task        ] GC(19) Using 1 workers of 18 for full compaction
[2026-08-01T18:55:28.416+0900][1.172s][info ][gc,phases,start] GC(19) Phase 1: Mark live objects
[2026-08-01T18:55:28.427+0900][1.183s][info ][gc,phases      ] GC(19) Phase 1: Mark live objects 10.244ms
[2026-08-01T18:55:28.427+0900][1.183s][info ][gc,phases,start] GC(19) Phase 2: Prepare for compaction
[2026-08-01T18:55:28.429+0900][1.185s][info ][gc,phases      ] GC(19) Phase 2: Prepare for compaction 2.171ms
[2026-08-01T18:55:28.429+0900][1.185s][info ][gc,phases,start] GC(19) Phase 3: Adjust pointers
[2026-08-01T18:55:28.433+0900][1.189s][info ][gc,phases      ] GC(19) Phase 3: Adjust pointers 4.343ms
[2026-08-01T18:55:28.433+0900][1.189s][info ][gc,phases,start] GC(19) Phase 4: Compact heap
[2026-08-01T18:55:28.435+0900][1.191s][info ][gc,phases      ] GC(19) Phase 4: Compact heap 2.033ms
[2026-08-01T18:55:28.436+0900][1.192s][info ][gc,heap        ] GC(19) Eden regions: 1->0(1)
[2026-08-01T18:55:28.436+0900][1.192s][info ][gc,heap        ] GC(19) Survivor regions: 0->0(0)
[2026-08-01T18:55:28.436+0900][1.192s][info ][gc,heap        ] GC(19) Old regions: 1->1
[2026-08-01T18:55:28.436+0900][1.192s][info ][gc,heap        ] GC(19) Archive regions: 0->0
[2026-08-01T18:55:28.436+0900][1.192s][info ][gc,heap        ] GC(19) Humongous regions: 0->0
[2026-08-01T18:55:28.436+0900][1.192s][info ][gc,metaspace   ] GC(19) Metaspace: 6704K(6912K)->6704K(6912K) NonClass: 6087K(6208K)->6087K(6208K) Class: 616K(704K)->616K(704K)
[2026-08-01T18:55:28.436+0900][1.192s][debug][gc,heap        ] GC(19) Heap after GC invocations=20 (full 20):
[2026-08-01T18:55:28.436+0900][1.192s][debug][gc,heap        ] GC(19)  garbage-first heap   total 131072K, used 15410K [0x00000243aa000000, 0x0000027aaa000000)
[2026-08-01T18:55:28.436+0900][1.192s][debug][gc,heap        ] GC(19)   region size 32768K, 0 young (0K), 0 survivors (0K)
[2026-08-01T18:55:28.436+0900][1.192s][debug][gc,heap        ] GC(19)  Metaspace       used 6704K, committed 6912K, reserved 1114112K
[2026-08-01T18:55:28.436+0900][1.192s][debug][gc,heap        ] GC(19)   class space    used 616K, committed 704K, reserved 1048576K
[2026-08-01T18:55:28.436+0900][1.192s][info ][gc             ] GC(19) Pause Full (System.gc()) 16M->15M(128M) 20.079ms
[2026-08-01T18:55:28.436+0900][1.192s][info ][gc,cpu         ] GC(19) User=0.02s Sys=0.00s Real=0.02s
[2026-08-01T18:55:28.436+0900][1.192s][info ][safepoint      ] Safepoint "G1CollectFull", Time since last: 1934700 ns, Reaching safepoint: 16100 ns, At safepoint: 20117600 ns, Total: 20133700 ns
[2026-08-01T18:55:28.438+0900][1.195s][info ][gc,start       ] GC(20) Pause Full (System.gc())
[2026-08-01T18:55:28.438+0900][1.195s][debug][gc,heap        ] GC(20) Heap before GC invocations=20 (full 20):
[2026-08-01T18:55:28.438+0900][1.195s][debug][gc,heap        ] GC(20)  garbage-first heap   total 131072K, used 15410K [0x00000243aa000000, 0x0000027aaa000000)
[2026-08-01T18:55:28.438+0900][1.195s][debug][gc,heap        ] GC(20)   region size 32768K, 1 young (32768K), 0 survivors (0K)
[2026-08-01T18:55:28.438+0900][1.195s][debug][gc,heap        ] GC(20)  Metaspace       used 6709K, committed 6912K, reserved 1114112K
[2026-08-01T18:55:28.438+0900][1.195s][debug][gc,heap        ] GC(20)   class space    used 616K, committed 704K, reserved 1048576K
[2026-08-01T18:55:28.438+0900][1.195s][info ][gc,task        ] GC(20) Using 1 workers of 18 for full compaction
[2026-08-01T18:55:28.438+0900][1.195s][info ][gc,phases,start] GC(20) Phase 1: Mark live objects
[2026-08-01T18:55:28.452+0900][1.208s][info ][gc,phases      ] GC(20) Phase 1: Mark live objects 13.028ms
[2026-08-01T18:55:28.452+0900][1.208s][info ][gc,phases,start] GC(20) Phase 2: Prepare for compaction
[2026-08-01T18:55:28.454+0900][1.210s][info ][gc,phases      ] GC(20) Phase 2: Prepare for compaction 2.455ms
[2026-08-01T18:55:28.454+0900][1.210s][info ][gc,phases,start] GC(20) Phase 3: Adjust pointers
[2026-08-01T18:55:28.460+0900][1.216s][info ][gc,phases      ] GC(20) Phase 3: Adjust pointers 5.541ms
[2026-08-01T18:55:28.460+0900][1.216s][info ][gc,phases,start] GC(20) Phase 4: Compact heap
[2026-08-01T18:55:28.462+0900][1.218s][info ][gc,phases      ] GC(20) Phase 4: Compact heap 2.006ms
[2026-08-01T18:55:28.463+0900][1.219s][info ][gc,heap        ] GC(20) Eden regions: 1->0(1)
[2026-08-01T18:55:28.463+0900][1.219s][info ][gc,heap        ] GC(20) Survivor regions: 0->0(0)
[2026-08-01T18:55:28.463+0900][1.219s][info ][gc,heap        ] GC(20) Old regions: 1->1
[2026-08-01T18:55:28.463+0900][1.219s][info ][gc,heap        ] GC(20) Archive regions: 0->0
[2026-08-01T18:55:28.463+0900][1.219s][info ][gc,heap        ] GC(20) Humongous regions: 0->0
[2026-08-01T18:55:28.463+0900][1.219s][info ][gc,metaspace   ] GC(20) Metaspace: 6709K(6912K)->6709K(6912K) NonClass: 6092K(6208K)->6092K(6208K) Class: 616K(704K)->616K(704K)
[2026-08-01T18:55:28.463+0900][1.219s][debug][gc,heap        ] GC(20) Heap after GC invocations=21 (full 21):
[2026-08-01T18:55:28.463+0900][1.219s][debug][gc,heap        ] GC(20)  garbage-first heap   total 131072K, used 15423K [0x00000243aa000000, 0x0000027aaa000000)
[2026-08-01T18:55:28.463+0900][1.219s][debug][gc,heap        ] GC(20)   region size 32768K, 0 young (0K), 0 survivors (0K)
[2026-08-01T18:55:28.463+0900][1.219s][debug][gc,heap        ] GC(20)  Metaspace       used 6709K, committed 6912K, reserved 1114112K
[2026-08-01T18:55:28.463+0900][1.219s][debug][gc,heap        ] GC(20)   class space    used 616K, committed 704K, reserved 1048576K
[2026-08-01T18:55:28.463+0900][1.219s][info ][gc             ] GC(20) Pause Full (System.gc()) 16M->15M(128M) 24.716ms
[2026-08-01T18:55:28.463+0900][1.219s][info ][gc,cpu         ] GC(20) User=0.02s Sys=0.00s Real=0.03s
[2026-08-01T18:55:28.463+0900][1.219s][info ][safepoint      ] Safepoint "G1CollectFull", Time since last: 2027800 ns, Reaching safepoint: 17700 ns, At safepoint: 24842100 ns, Total: 24859800 ns
[2026-08-01T18:55:28.465+0900][1.222s][info ][gc,start       ] GC(21) Pause Full (System.gc())
[2026-08-01T18:55:28.465+0900][1.222s][debug][gc,heap        ] GC(21) Heap before GC invocations=21 (full 21):
[2026-08-01T18:55:28.465+0900][1.222s][debug][gc,heap        ] GC(21)  garbage-first heap   total 131072K, used 15423K [0x00000243aa000000, 0x0000027aaa000000)
[2026-08-01T18:55:28.465+0900][1.222s][debug][gc,heap        ] GC(21)   region size 32768K, 1 young (32768K), 0 survivors (0K)
[2026-08-01T18:55:28.465+0900][1.222s][debug][gc,heap        ] GC(21)  Metaspace       used 6714K, committed 6912K, reserved 1114112K
[2026-08-01T18:55:28.465+0900][1.222s][debug][gc,heap        ] GC(21)   class space    used 616K, committed 704K, reserved 1048576K
[2026-08-01T18:55:28.466+0900][1.222s][info ][gc,task        ] GC(21) Using 1 workers of 18 for full compaction
[2026-08-01T18:55:28.466+0900][1.222s][info ][gc,phases,start] GC(21) Phase 1: Mark live objects
[2026-08-01T18:55:28.478+0900][1.234s][info ][gc,phases      ] GC(21) Phase 1: Mark live objects 12.344ms
[2026-08-01T18:55:28.478+0900][1.234s][info ][gc,phases,start] GC(21) Phase 2: Prepare for compaction
[2026-08-01T18:55:28.481+0900][1.237s][info ][gc,phases      ] GC(21) Phase 2: Prepare for compaction 2.306ms
[2026-08-01T18:55:28.481+0900][1.237s][info ][gc,phases,start] GC(21) Phase 3: Adjust pointers
[2026-08-01T18:55:28.485+0900][1.241s][info ][gc,phases      ] GC(21) Phase 3: Adjust pointers 4.385ms
[2026-08-01T18:55:28.485+0900][1.241s][info ][gc,phases,start] GC(21) Phase 4: Compact heap
[2026-08-01T18:55:28.486+0900][1.243s][info ][gc,phases      ] GC(21) Phase 4: Compact heap 1.845ms
[2026-08-01T18:55:28.487+0900][1.244s][info ][gc,heap        ] GC(21) Eden regions: 1->0(1)
[2026-08-01T18:55:28.487+0900][1.244s][info ][gc,heap        ] GC(21) Survivor regions: 0->0(0)
[2026-08-01T18:55:28.487+0900][1.244s][info ][gc,heap        ] GC(21) Old regions: 1->1
[2026-08-01T18:55:28.487+0900][1.244s][info ][gc,heap        ] GC(21) Archive regions: 0->0
[2026-08-01T18:55:28.487+0900][1.244s][info ][gc,heap        ] GC(21) Humongous regions: 0->0
[2026-08-01T18:55:28.487+0900][1.244s][info ][gc,metaspace   ] GC(21) Metaspace: 6714K(6912K)->6714K(6912K) NonClass: 6098K(6208K)->6098K(6208K) Class: 616K(704K)->616K(704K)
[2026-08-01T18:55:28.487+0900][1.244s][debug][gc,heap        ] GC(21) Heap after GC invocations=22 (full 22):
[2026-08-01T18:55:28.487+0900][1.244s][debug][gc,heap        ] GC(21)  garbage-first heap   total 131072K, used 15437K [0x00000243aa000000, 0x0000027aaa000000)
[2026-08-01T18:55:28.487+0900][1.244s][debug][gc,heap        ] GC(21)   region size 32768K, 0 young (0K), 0 survivors (0K)
[2026-08-01T18:55:28.487+0900][1.244s][debug][gc,heap        ] GC(21)  Metaspace       used 6714K, committed 6912K, reserved 1114112K
[2026-08-01T18:55:28.487+0900][1.244s][debug][gc,heap        ] GC(21)   class space    used 616K, committed 704K, reserved 1048576K
[2026-08-01T18:55:28.487+0900][1.244s][info ][gc             ] GC(21) Pause Full (System.gc()) 16M->15M(128M) 22.176ms
[2026-08-01T18:55:28.487+0900][1.244s][info ][gc,cpu         ] GC(21) User=0.02s Sys=0.00s Real=0.02s
[2026-08-01T18:55:28.487+0900][1.244s][info ][safepoint      ] Safepoint "G1CollectFull", Time since last: 2293900 ns, Reaching safepoint: 25800 ns, At safepoint: 22266500 ns, Total: 22292300 ns
[2026-08-01T18:55:28.489+0900][1.246s][info ][gc,start       ] GC(22) Pause Full (System.gc())
[2026-08-01T18:55:28.489+0900][1.246s][debug][gc,heap        ] GC(22) Heap before GC invocations=22 (full 22):
[2026-08-01T18:55:28.490+0900][1.246s][debug][gc,heap        ] GC(22)  garbage-first heap   total 131072K, used 15437K [0x00000243aa000000, 0x0000027aaa000000)
[2026-08-01T18:55:28.490+0900][1.246s][debug][gc,heap        ] GC(22)   region size 32768K, 1 young (32768K), 0 survivors (0K)
[2026-08-01T18:55:28.490+0900][1.246s][debug][gc,heap        ] GC(22)  Metaspace       used 6721K, committed 6912K, reserved 1114112K
[2026-08-01T18:55:28.490+0900][1.246s][debug][gc,heap        ] GC(22)   class space    used 616K, committed 704K, reserved 1048576K
[2026-08-01T18:55:28.490+0900][1.246s][info ][gc,task        ] GC(22) Using 1 workers of 18 for full compaction
[2026-08-01T18:55:28.490+0900][1.246s][info ][gc,phases,start] GC(22) Phase 1: Mark live objects
[2026-08-01T18:55:28.500+0900][1.256s][info ][gc,phases      ] GC(22) Phase 1: Mark live objects 10.295ms
[2026-08-01T18:55:28.500+0900][1.256s][info ][gc,phases,start] GC(22) Phase 2: Prepare for compaction
[2026-08-01T18:55:28.502+0900][1.259s][info ][gc,phases      ] GC(22) Phase 2: Prepare for compaction 2.248ms
[2026-08-01T18:55:28.502+0900][1.259s][info ][gc,phases,start] GC(22) Phase 3: Adjust pointers
[2026-08-01T18:55:28.507+0900][1.264s][info ][gc,phases      ] GC(22) Phase 3: Adjust pointers 4.954ms
[2026-08-01T18:55:28.507+0900][1.264s][info ][gc,phases,start] GC(22) Phase 4: Compact heap
[2026-08-01T18:55:28.510+0900][1.266s][info ][gc,phases      ] GC(22) Phase 4: Compact heap 1.953ms
[2026-08-01T18:55:28.511+0900][1.267s][info ][gc,heap        ] GC(22) Eden regions: 1->0(1)
[2026-08-01T18:55:28.511+0900][1.267s][info ][gc,heap        ] GC(22) Survivor regions: 0->0(0)
[2026-08-01T18:55:28.511+0900][1.267s][info ][gc,heap        ] GC(22) Old regions: 1->1
[2026-08-01T18:55:28.511+0900][1.267s][info ][gc,heap        ] GC(22) Archive regions: 0->0
[2026-08-01T18:55:28.511+0900][1.267s][info ][gc,heap        ] GC(22) Humongous regions: 0->0
[2026-08-01T18:55:28.511+0900][1.267s][info ][gc,metaspace   ] GC(22) Metaspace: 6721K(6912K)->6721K(6912K) NonClass: 6105K(6208K)->6105K(6208K) Class: 616K(704K)->616K(704K)
[2026-08-01T18:55:28.511+0900][1.267s][debug][gc,heap        ] GC(22) Heap after GC invocations=23 (full 23):
[2026-08-01T18:55:28.511+0900][1.267s][debug][gc,heap        ] GC(22)  garbage-first heap   total 131072K, used 15450K [0x00000243aa000000, 0x0000027aaa000000)
[2026-08-01T18:55:28.511+0900][1.267s][debug][gc,heap        ] GC(22)   region size 32768K, 0 young (0K), 0 survivors (0K)
[2026-08-01T18:55:28.511+0900][1.267s][debug][gc,heap        ] GC(22)  Metaspace       used 6721K, committed 6912K, reserved 1114112K
[2026-08-01T18:55:28.511+0900][1.267s][debug][gc,heap        ] GC(22)   class space    used 616K, committed 704K, reserved 1048576K
[2026-08-01T18:55:28.511+0900][1.267s][info ][gc             ] GC(22) Pause Full (System.gc()) 16M->15M(128M) 20.734ms
[2026-08-01T18:55:28.511+0900][1.267s][info ][gc,cpu         ] GC(22) User=0.02s Sys=0.00s Real=0.02s
[2026-08-01T18:55:28.511+0900][1.267s][info ][safepoint      ] Safepoint "G1CollectFull", Time since last: 1948500 ns, Reaching safepoint: 24800 ns, At safepoint: 20771800 ns, Total: 20796600 ns
[2026-08-01T18:55:28.512+0900][1.269s][info ][gc,start       ] GC(23) Pause Full (System.gc())
[2026-08-01T18:55:28.512+0900][1.269s][debug][gc,heap        ] GC(23) Heap before GC invocations=23 (full 23):
[2026-08-01T18:55:28.512+0900][1.269s][debug][gc,heap        ] GC(23)  garbage-first heap   total 131072K, used 15450K [0x00000243aa000000, 0x0000027aaa000000)
[2026-08-01T18:55:28.513+0900][1.269s][debug][gc,heap        ] GC(23)   region size 32768K, 1 young (32768K), 0 survivors (0K)
[2026-08-01T18:55:28.513+0900][1.269s][debug][gc,heap        ] GC(23)  Metaspace       used 6729K, committed 6912K, reserved 1114112K
[2026-08-01T18:55:28.513+0900][1.269s][debug][gc,heap        ] GC(23)   class space    used 616K, committed 704K, reserved 1048576K
[2026-08-01T18:55:28.513+0900][1.269s][info ][gc,task        ] GC(23) Using 1 workers of 18 for full compaction
[2026-08-01T18:55:28.513+0900][1.269s][info ][gc,phases,start] GC(23) Phase 1: Mark live objects
[2026-08-01T18:55:28.524+0900][1.280s][info ][gc,phases      ] GC(23) Phase 1: Mark live objects 11.024ms
[2026-08-01T18:55:28.524+0900][1.280s][info ][gc,phases,start] GC(23) Phase 2: Prepare for compaction
[2026-08-01T18:55:28.526+0900][1.282s][info ][gc,phases      ] GC(23) Phase 2: Prepare for compaction 2.148ms
[2026-08-01T18:55:28.526+0900][1.282s][info ][gc,phases,start] GC(23) Phase 3: Adjust pointers
[2026-08-01T18:55:28.531+0900][1.287s][info ][gc,phases      ] GC(23) Phase 3: Adjust pointers 4.890ms
[2026-08-01T18:55:28.531+0900][1.287s][info ][gc,phases,start] GC(23) Phase 4: Compact heap
[2026-08-01T18:55:28.534+0900][1.289s][info ][gc,phases      ] GC(23) Phase 4: Compact heap 2.138ms
[2026-08-01T18:55:28.534+0900][1.290s][info ][gc,heap        ] GC(23) Eden regions: 1->0(1)
[2026-08-01T18:55:28.534+0900][1.290s][info ][gc,heap        ] GC(23) Survivor regions: 0->0(0)
[2026-08-01T18:55:28.534+0900][1.290s][info ][gc,heap        ] GC(23) Old regions: 1->1
[2026-08-01T18:55:28.534+0900][1.290s][info ][gc,heap        ] GC(23) Archive regions: 0->0
[2026-08-01T18:55:28.534+0900][1.290s][info ][gc,heap        ] GC(23) Humongous regions: 0->0
[2026-08-01T18:55:28.534+0900][1.290s][info ][gc,metaspace   ] GC(23) Metaspace: 6729K(6912K)->6729K(6912K) NonClass: 6112K(6208K)->6112K(6208K) Class: 616K(704K)->616K(704K)
[2026-08-01T18:55:28.534+0900][1.290s][debug][gc,heap        ] GC(23) Heap after GC invocations=24 (full 24):
[2026-08-01T18:55:28.534+0900][1.290s][debug][gc,heap        ] GC(23)  garbage-first heap   total 131072K, used 15463K [0x00000243aa000000, 0x0000027aaa000000)
[2026-08-01T18:55:28.535+0900][1.290s][debug][gc,heap        ] GC(23)   region size 32768K, 0 young (0K), 0 survivors (0K)
[2026-08-01T18:55:28.535+0900][1.290s][debug][gc,heap        ] GC(23)  Metaspace       used 6729K, committed 6912K, reserved 1114112K
[2026-08-01T18:55:28.535+0900][1.290s][debug][gc,heap        ] GC(23)   class space    used 616K, committed 704K, reserved 1048576K
[2026-08-01T18:55:28.535+0900][1.290s][info ][gc             ] GC(23) Pause Full (System.gc()) 16M->15M(128M) 21.375ms
[2026-08-01T18:55:28.535+0900][1.290s][info ][gc,cpu         ] GC(23) User=0.02s Sys=0.00s Real=0.02s
[2026-08-01T18:55:28.535+0900][1.291s][info ][safepoint      ] Safepoint "G1CollectFull", Time since last: 2293300 ns, Reaching safepoint: 21100 ns, At safepoint: 21491800 ns, Total: 21512900 ns
[2026-08-01T18:55:28.536+0900][1.292s][info ][gc,start       ] GC(24) Pause Full (System.gc())
[2026-08-01T18:55:28.537+0900][1.292s][debug][gc,heap        ] GC(24) Heap before GC invocations=24 (full 24):
[2026-08-01T18:55:28.537+0900][1.292s][debug][gc,heap        ] GC(24)  garbage-first heap   total 131072K, used 15463K [0x00000243aa000000, 0x0000027aaa000000)
[2026-08-01T18:55:28.537+0900][1.292s][debug][gc,heap        ] GC(24)   region size 32768K, 1 young (32768K), 0 survivors (0K)
[2026-08-01T18:55:28.537+0900][1.292s][debug][gc,heap        ] GC(24)  Metaspace       used 6729K, committed 6912K, reserved 1114112K
[2026-08-01T18:55:28.537+0900][1.292s][debug][gc,heap        ] GC(24)   class space    used 616K, committed 704K, reserved 1048576K
[2026-08-01T18:55:28.537+0900][1.292s][info ][gc,task        ] GC(24) Using 1 workers of 18 for full compaction
[2026-08-01T18:55:28.537+0900][1.292s][info ][gc,phases,start] GC(24) Phase 1: Mark live objects
[2026-08-01T18:55:28.546+0900][1.302s][info ][gc,phases      ] GC(24) Phase 1: Mark live objects 9.809ms
[2026-08-01T18:55:28.546+0900][1.302s][info ][gc,phases,start] GC(24) Phase 2: Prepare for compaction
[2026-08-01T18:55:28.548+0900][1.304s][info ][gc,phases      ] GC(24) Phase 2: Prepare for compaction 2.085ms
[2026-08-01T18:55:28.548+0900][1.304s][info ][gc,phases,start] GC(24) Phase 3: Adjust pointers
[2026-08-01T18:55:28.553+0900][1.308s][info ][gc,phases      ] GC(24) Phase 3: Adjust pointers 4.019ms
[2026-08-01T18:55:28.553+0900][1.309s][info ][gc,phases,start] GC(24) Phase 4: Compact heap
[2026-08-01T18:55:28.554+0900][1.311s][info ][gc,phases      ] GC(24) Phase 4: Compact heap 2.091ms
[2026-08-01T18:55:28.555+0900][1.311s][info ][gc,heap        ] GC(24) Eden regions: 1->0(1)
[2026-08-01T18:55:28.555+0900][1.311s][info ][gc,heap        ] GC(24) Survivor regions: 0->0(0)
[2026-08-01T18:55:28.555+0900][1.311s][info ][gc,heap        ] GC(24) Old regions: 1->1
[2026-08-01T18:55:28.555+0900][1.311s][info ][gc,heap        ] GC(24) Archive regions: 0->0
[2026-08-01T18:55:28.555+0900][1.312s][info ][gc,heap        ] GC(24) Humongous regions: 0->0
[2026-08-01T18:55:28.555+0900][1.312s][info ][gc,metaspace   ] GC(24) Metaspace: 6729K(6912K)->6729K(6912K) NonClass: 6112K(6208K)->6112K(6208K) Class: 616K(704K)->616K(704K)
[2026-08-01T18:55:28.555+0900][1.312s][debug][gc,heap        ] GC(24) Heap after GC invocations=25 (full 25):
[2026-08-01T18:55:28.555+0900][1.312s][debug][gc,heap        ] GC(24)  garbage-first heap   total 131072K, used 15477K [0x00000243aa000000, 0x0000027aaa000000)
[2026-08-01T18:55:28.555+0900][1.312s][debug][gc,heap        ] GC(24)   region size 32768K, 0 young (0K), 0 survivors (0K)
[2026-08-01T18:55:28.555+0900][1.312s][debug][gc,heap        ] GC(24)  Metaspace       used 6729K, committed 6912K, reserved 1114112K
[2026-08-01T18:55:28.555+0900][1.312s][debug][gc,heap        ] GC(24)   class space    used 616K, committed 704K, reserved 1048576K
[2026-08-01T18:55:28.555+0900][1.312s][info ][gc             ] GC(24) Pause Full (System.gc()) 16M->15M(128M) 19.230ms
[2026-08-01T18:55:28.555+0900][1.312s][info ][gc,cpu         ] GC(24) User=0.02s Sys=0.00s Real=0.02s
[2026-08-01T18:55:28.555+0900][1.312s][info ][safepoint      ] Safepoint "G1CollectFull", Time since last: 1818700 ns, Reaching safepoint: 22800 ns, At safepoint: 19262000 ns, Total: 19284800 ns
[2026-08-01T18:55:28.558+0900][1.313s][info ][gc,start       ] GC(25) Pause Full (System.gc())
[2026-08-01T18:55:28.558+0900][1.313s][debug][gc,heap        ] GC(25) Heap before GC invocations=25 (full 25):
[2026-08-01T18:55:28.558+0900][1.313s][debug][gc,heap        ] GC(25)  garbage-first heap   total 131072K, used 15477K [0x00000243aa000000, 0x0000027aaa000000)
[2026-08-01T18:55:28.558+0900][1.313s][debug][gc,heap        ] GC(25)   region size 32768K, 1 young (32768K), 0 survivors (0K)
[2026-08-01T18:55:28.558+0900][1.313s][debug][gc,heap        ] GC(25)  Metaspace       used 6730K, committed 6912K, reserved 1114112K
[2026-08-01T18:55:28.558+0900][1.313s][debug][gc,heap        ] GC(25)   class space    used 616K, committed 704K, reserved 1048576K
[2026-08-01T18:55:28.558+0900][1.314s][info ][gc,task        ] GC(25) Using 1 workers of 18 for full compaction
[2026-08-01T18:55:28.558+0900][1.314s][info ][gc,phases,start] GC(25) Phase 1: Mark live objects
[2026-08-01T18:55:28.570+0900][1.326s][info ][gc,phases      ] GC(25) Phase 1: Mark live objects 12.737ms
[2026-08-01T18:55:28.570+0900][1.326s][info ][gc,phases,start] GC(25) Phase 2: Prepare for compaction
[2026-08-01T18:55:28.572+0900][1.329s][info ][gc,phases      ] GC(25) Phase 2: Prepare for compaction 2.316ms
[2026-08-01T18:55:28.572+0900][1.329s][info ][gc,phases,start] GC(25) Phase 3: Adjust pointers
[2026-08-01T18:55:28.577+0900][1.333s][info ][gc,phases      ] GC(25) Phase 3: Adjust pointers 4.755ms
[2026-08-01T18:55:28.577+0900][1.334s][info ][gc,phases,start] GC(25) Phase 4: Compact heap
[2026-08-01T18:55:28.580+0900][1.336s][info ][gc,phases      ] GC(25) Phase 4: Compact heap 2.110ms
[2026-08-01T18:55:28.580+0900][1.337s][info ][gc,heap        ] GC(25) Eden regions: 1->0(1)
[2026-08-01T18:55:28.581+0900][1.337s][info ][gc,heap        ] GC(25) Survivor regions: 0->0(0)
[2026-08-01T18:55:28.581+0900][1.337s][info ][gc,heap        ] GC(25) Old regions: 1->1
[2026-08-01T18:55:28.581+0900][1.337s][info ][gc,heap        ] GC(25) Archive regions: 0->0
[2026-08-01T18:55:28.581+0900][1.337s][info ][gc,heap        ] GC(25) Humongous regions: 0->0
[2026-08-01T18:55:28.581+0900][1.337s][info ][gc,metaspace   ] GC(25) Metaspace: 6730K(6912K)->6730K(6912K) NonClass: 6114K(6208K)->6114K(6208K) Class: 616K(704K)->616K(704K)
[2026-08-01T18:55:28.581+0900][1.337s][debug][gc,heap        ] GC(25) Heap after GC invocations=26 (full 26):
[2026-08-01T18:55:28.581+0900][1.337s][debug][gc,heap        ] GC(25)  garbage-first heap   total 131072K, used 15491K [0x00000243aa000000, 0x0000027aaa000000)
[2026-08-01T18:55:28.581+0900][1.337s][debug][gc,heap        ] GC(25)   region size 32768K, 0 young (0K), 0 survivors (0K)
[2026-08-01T18:55:28.581+0900][1.337s][debug][gc,heap        ] GC(25)  Metaspace       used 6730K, committed 6912K, reserved 1114112K
[2026-08-01T18:55:28.581+0900][1.337s][debug][gc,heap        ] GC(25)   class space    used 616K, committed 704K, reserved 1048576K
[2026-08-01T18:55:28.581+0900][1.337s][info ][gc             ] GC(25) Pause Full (System.gc()) 16M->15M(128M) 23.204ms
[2026-08-01T18:55:28.581+0900][1.337s][info ][gc,cpu         ] GC(25) User=0.03s Sys=0.00s Real=0.02s
[2026-08-01T18:55:28.581+0900][1.337s][info ][safepoint      ] Safepoint "G1CollectFull", Time since last: 1802500 ns, Reaching safepoint: 19400 ns, At safepoint: 23258100 ns, Total: 23277500 ns
[2026-08-01T18:55:28.583+0900][1.339s][info ][gc,start       ] GC(26) Pause Full (System.gc())
[2026-08-01T18:55:28.583+0900][1.339s][debug][gc,heap        ] GC(26) Heap before GC invocations=26 (full 26):
[2026-08-01T18:55:28.583+0900][1.339s][debug][gc,heap        ] GC(26)  garbage-first heap   total 131072K, used 15491K [0x00000243aa000000, 0x0000027aaa000000)
[2026-08-01T18:55:28.583+0900][1.339s][debug][gc,heap        ] GC(26)   region size 32768K, 1 young (32768K), 0 survivors (0K)
[2026-08-01T18:55:28.583+0900][1.339s][debug][gc,heap        ] GC(26)  Metaspace       used 6739K, committed 6912K, reserved 1114112K
[2026-08-01T18:55:28.583+0900][1.339s][debug][gc,heap        ] GC(26)   class space    used 616K, committed 704K, reserved 1048576K
[2026-08-01T18:55:28.583+0900][1.339s][info ][gc,task        ] GC(26) Using 1 workers of 18 for full compaction
[2026-08-01T18:55:28.583+0900][1.339s][info ][gc,phases,start] GC(26) Phase 1: Mark live objects
[2026-08-01T18:55:28.593+0900][1.349s][info ][gc,phases      ] GC(26) Phase 1: Mark live objects 10.232ms
[2026-08-01T18:55:28.593+0900][1.349s][info ][gc,phases,start] GC(26) Phase 2: Prepare for compaction
[2026-08-01T18:55:28.595+0900][1.351s][info ][gc,phases      ] GC(26) Phase 2: Prepare for compaction 2.077ms
[2026-08-01T18:55:28.595+0900][1.351s][info ][gc,phases,start] GC(26) Phase 3: Adjust pointers
[2026-08-01T18:55:28.599+0900][1.355s][info ][gc,phases      ] GC(26) Phase 3: Adjust pointers 4.072ms
[2026-08-01T18:55:28.599+0900][1.355s][info ][gc,phases,start] GC(26) Phase 4: Compact heap
[2026-08-01T18:55:28.601+0900][1.357s][info ][gc,phases      ] GC(26) Phase 4: Compact heap 1.709ms
[2026-08-01T18:55:28.601+0900][1.358s][info ][gc,heap        ] GC(26) Eden regions: 1->0(1)
[2026-08-01T18:55:28.601+0900][1.358s][info ][gc,heap        ] GC(26) Survivor regions: 0->0(0)
[2026-08-01T18:55:28.601+0900][1.358s][info ][gc,heap        ] GC(26) Old regions: 1->1
[2026-08-01T18:55:28.601+0900][1.358s][info ][gc,heap        ] GC(26) Archive regions: 0->0
[2026-08-01T18:55:28.601+0900][1.358s][info ][gc,heap        ] GC(26) Humongous regions: 0->0
[2026-08-01T18:55:28.601+0900][1.358s][info ][gc,metaspace   ] GC(26) Metaspace: 6739K(6912K)->6739K(6912K) NonClass: 6122K(6208K)->6122K(6208K) Class: 616K(704K)->616K(704K)
[2026-08-01T18:55:28.601+0900][1.358s][debug][gc,heap        ] GC(26) Heap after GC invocations=27 (full 27):
[2026-08-01T18:55:28.601+0900][1.358s][debug][gc,heap        ] GC(26)  garbage-first heap   total 131072K, used 15505K [0x00000243aa000000, 0x0000027aaa000000)
[2026-08-01T18:55:28.601+0900][1.358s][debug][gc,heap        ] GC(26)   region size 32768K, 0 young (0K), 0 survivors (0K)
[2026-08-01T18:55:28.601+0900][1.358s][debug][gc,heap        ] GC(26)  Metaspace       used 6739K, committed 6912K, reserved 1114112K
[2026-08-01T18:55:28.601+0900][1.358s][debug][gc,heap        ] GC(26)   class space    used 616K, committed 704K, reserved 1048576K
[2026-08-01T18:55:28.601+0900][1.358s][info ][gc             ] GC(26) Pause Full (System.gc()) 16M->15M(128M) 19.270ms
[2026-08-01T18:55:28.601+0900][1.358s][info ][gc,cpu         ] GC(26) User=0.02s Sys=0.00s Real=0.02s
[2026-08-01T18:55:28.601+0900][1.358s][info ][safepoint      ] Safepoint "G1CollectFull", Time since last: 1854400 ns, Reaching safepoint: 22400 ns, At safepoint: 19354500 ns, Total: 19376900 ns
[2026-08-01T18:55:28.603+0900][1.360s][info ][gc,start       ] GC(27) Pause Full (System.gc())
[2026-08-01T18:55:28.603+0900][1.360s][debug][gc,heap        ] GC(27) Heap before GC invocations=27 (full 27):
[2026-08-01T18:55:28.603+0900][1.360s][debug][gc,heap        ] GC(27)  garbage-first heap   total 131072K, used 15505K [0x00000243aa000000, 0x0000027aaa000000)
[2026-08-01T18:55:28.603+0900][1.360s][debug][gc,heap        ] GC(27)   region size 32768K, 1 young (32768K), 0 survivors (0K)
[2026-08-01T18:55:28.603+0900][1.360s][debug][gc,heap        ] GC(27)  Metaspace       used 6739K, committed 6912K, reserved 1114112K
[2026-08-01T18:55:28.603+0900][1.360s][debug][gc,heap        ] GC(27)   class space    used 616K, committed 704K, reserved 1048576K
[2026-08-01T18:55:28.603+0900][1.360s][info ][gc,task        ] GC(27) Using 1 workers of 18 for full compaction
[2026-08-01T18:55:28.603+0900][1.360s][info ][gc,phases,start] GC(27) Phase 1: Mark live objects
[2026-08-01T18:55:28.614+0900][1.370s][info ][gc,phases      ] GC(27) Phase 1: Mark live objects 10.010ms
[2026-08-01T18:55:28.614+0900][1.370s][info ][gc,phases,start] GC(27) Phase 2: Prepare for compaction
[2026-08-01T18:55:28.616+0900][1.372s][info ][gc,phases      ] GC(27) Phase 2: Prepare for compaction 2.113ms
[2026-08-01T18:55:28.616+0900][1.372s][info ][gc,phases,start] GC(27) Phase 3: Adjust pointers
[2026-08-01T18:55:28.620+0900][1.376s][info ][gc,phases      ] GC(27) Phase 3: Adjust pointers 4.013ms
[2026-08-01T18:55:28.620+0900][1.376s][info ][gc,phases,start] GC(27) Phase 4: Compact heap
[2026-08-01T18:55:28.622+0900][1.378s][info ][gc,phases      ] GC(27) Phase 4: Compact heap 1.781ms
[2026-08-01T18:55:28.623+0900][1.379s][info ][gc,heap        ] GC(27) Eden regions: 1->0(1)
[2026-08-01T18:55:28.623+0900][1.379s][info ][gc,heap        ] GC(27) Survivor regions: 0->0(0)
[2026-08-01T18:55:28.623+0900][1.379s][info ][gc,heap        ] GC(27) Old regions: 1->1
[2026-08-01T18:55:28.623+0900][1.379s][info ][gc,heap        ] GC(27) Archive regions: 0->0
[2026-08-01T18:55:28.623+0900][1.379s][info ][gc,heap        ] GC(27) Humongous regions: 0->0
[2026-08-01T18:55:28.623+0900][1.379s][info ][gc,metaspace   ] GC(27) Metaspace: 6739K(6912K)->6739K(6912K) NonClass: 6123K(6208K)->6123K(6208K) Class: 616K(704K)->616K(704K)
[2026-08-01T18:55:28.623+0900][1.379s][debug][gc,heap        ] GC(27) Heap after GC invocations=28 (full 28):
[2026-08-01T18:55:28.623+0900][1.379s][debug][gc,heap        ] GC(27)  garbage-first heap   total 131072K, used 15522K [0x00000243aa000000, 0x0000027aaa000000)
[2026-08-01T18:55:28.623+0900][1.379s][debug][gc,heap        ] GC(27)   region size 32768K, 0 young (0K), 0 survivors (0K)
[2026-08-01T18:55:28.623+0900][1.379s][debug][gc,heap        ] GC(27)  Metaspace       used 6739K, committed 6912K, reserved 1114112K
[2026-08-01T18:55:28.623+0900][1.379s][debug][gc,heap        ] GC(27)   class space    used 616K, committed 704K, reserved 1048576K
[2026-08-01T18:55:28.623+0900][1.379s][info ][gc             ] GC(27) Pause Full (System.gc()) 16M->15M(128M) 19.196ms
[2026-08-01T18:55:28.623+0900][1.379s][info ][gc,cpu         ] GC(27) User=0.03s Sys=0.00s Real=0.02s
[2026-08-01T18:55:28.623+0900][1.379s][info ][safepoint      ] Safepoint "G1CollectFull", Time since last: 1714000 ns, Reaching safepoint: 20700 ns, At safepoint: 19236200 ns, Total: 19256900 ns
[2026-08-01T18:55:28.638+0900][1.394s][info ][gc,start       ] GC(28) Pause Full (System.gc())
[2026-08-01T18:55:28.638+0900][1.395s][debug][gc,heap        ] GC(28) Heap before GC invocations=28 (full 28):
[2026-08-01T18:55:28.638+0900][1.395s][debug][gc,heap        ] GC(28)  garbage-first heap   total 131072K, used 15522K [0x00000243aa000000, 0x0000027aaa000000)
[2026-08-01T18:55:28.638+0900][1.395s][debug][gc,heap        ] GC(28)   region size 32768K, 1 young (32768K), 0 survivors (0K)
[2026-08-01T18:55:28.638+0900][1.395s][debug][gc,heap        ] GC(28)  Metaspace       used 6768K, committed 6976K, reserved 1114112K
[2026-08-01T18:55:28.638+0900][1.395s][debug][gc,heap        ] GC(28)   class space    used 618K, committed 704K, reserved 1048576K
[2026-08-01T18:55:28.638+0900][1.395s][info ][gc,task        ] GC(28) Using 1 workers of 18 for full compaction
[2026-08-01T18:55:28.638+0900][1.395s][info ][gc,phases,start] GC(28) Phase 1: Mark live objects
[2026-08-01T18:55:28.653+0900][1.409s][info ][gc,phases      ] GC(28) Phase 1: Mark live objects 13.926ms
[2026-08-01T18:55:28.653+0900][1.409s][info ][gc,phases,start] GC(28) Phase 2: Prepare for compaction
[2026-08-01T18:55:28.655+0900][1.412s][info ][gc,phases      ] GC(28) Phase 2: Prepare for compaction 3.010ms
[2026-08-01T18:55:28.655+0900][1.412s][info ][gc,phases,start] GC(28) Phase 3: Adjust pointers
[2026-08-01T18:55:28.661+0900][1.417s][info ][gc,phases      ] GC(28) Phase 3: Adjust pointers 5.633ms
[2026-08-01T18:55:28.661+0900][1.417s][info ][gc,phases,start] GC(28) Phase 4: Compact heap
[2026-08-01T18:55:28.664+0900][1.420s][info ][gc,phases      ] GC(28) Phase 4: Compact heap 2.773ms
[2026-08-01T18:55:28.665+0900][1.421s][info ][gc,heap        ] GC(28) Eden regions: 1->0(1)
[2026-08-01T18:55:28.665+0900][1.421s][info ][gc,heap        ] GC(28) Survivor regions: 0->0(0)
[2026-08-01T18:55:28.665+0900][1.421s][info ][gc,heap        ] GC(28) Old regions: 1->1
[2026-08-01T18:55:28.665+0900][1.421s][info ][gc,heap        ] GC(28) Archive regions: 0->0
[2026-08-01T18:55:28.665+0900][1.421s][info ][gc,heap        ] GC(28) Humongous regions: 0->0
[2026-08-01T18:55:28.665+0900][1.421s][info ][gc,metaspace   ] GC(28) Metaspace: 6768K(6976K)->6768K(6976K) NonClass: 6150K(6272K)->6150K(6272K) Class: 618K(704K)->618K(704K)
[2026-08-01T18:55:28.665+0900][1.421s][debug][gc,heap        ] GC(28) Heap after GC invocations=29 (full 29):
[2026-08-01T18:55:28.665+0900][1.421s][debug][gc,heap        ] GC(28)  garbage-first heap   total 131072K, used 18138K [0x00000243aa000000, 0x0000027aaa000000)
[2026-08-01T18:55:28.665+0900][1.421s][debug][gc,heap        ] GC(28)   region size 32768K, 0 young (0K), 0 survivors (0K)
[2026-08-01T18:55:28.665+0900][1.421s][debug][gc,heap        ] GC(28)  Metaspace       used 6768K, committed 6976K, reserved 1114112K
[2026-08-01T18:55:28.665+0900][1.421s][debug][gc,heap        ] GC(28)   class space    used 618K, committed 704K, reserved 1048576K
[2026-08-01T18:55:28.665+0900][1.421s][info ][gc             ] GC(28) Pause Full (System.gc()) 20M->17M(128M) 26.654ms
[2026-08-01T18:55:28.665+0900][1.421s][info ][gc,cpu         ] GC(28) User=0.02s Sys=0.00s Real=0.03s
[2026-08-01T18:55:28.665+0900][1.421s][info ][safepoint      ] Safepoint "G1CollectFull", Time since last: 15491200 ns, Reaching safepoint: 96200 ns, At safepoint: 26739400 ns, Total: 26835600 ns
[2026-08-01T18:55:28.731+0900][1.487s][info ][gc,start       ] GC(29) Pause Young (Normal) (G1 Evacuation Pause)
[2026-08-01T18:55:28.731+0900][1.487s][debug][gc,heap        ] GC(29) Heap before GC invocations=29 (full 29):
[2026-08-01T18:55:28.731+0900][1.487s][debug][gc,heap        ] GC(29)  garbage-first heap   total 131072K, used 50906K [0x00000243aa000000, 0x0000027aaa000000)
[2026-08-01T18:55:28.731+0900][1.487s][debug][gc,heap        ] GC(29)   region size 32768K, 1 young (32768K), 0 survivors (0K)
[2026-08-01T18:55:28.731+0900][1.487s][debug][gc,heap        ] GC(29)  Metaspace       used 6780K, committed 6976K, reserved 1114112K
[2026-08-01T18:55:28.731+0900][1.487s][debug][gc,heap        ] GC(29)   class space    used 619K, committed 704K, reserved 1048576K
[2026-08-01T18:55:28.731+0900][1.487s][info ][gc,task        ] GC(29) Using 4 workers of 18 for evacuation
[2026-08-01T18:55:28.741+0900][1.497s][info ][gc,phases      ] GC(29)   Pre Evacuate Collection Set: 0.0ms
[2026-08-01T18:55:28.741+0900][1.497s][info ][gc,phases      ] GC(29)   Merge Heap Roots: 0.3ms
[2026-08-01T18:55:28.741+0900][1.497s][info ][gc,phases      ] GC(29)   Evacuate Collection Set: 9.4ms
[2026-08-01T18:55:28.741+0900][1.497s][info ][gc,phases      ] GC(29)   Post Evacuate Collection Set: 0.3ms
[2026-08-01T18:55:28.741+0900][1.497s][info ][gc,phases      ] GC(29)   Other: 0.1ms
[2026-08-01T18:55:28.741+0900][1.497s][info ][gc,heap        ] GC(29) Eden regions: 1->0(1)
[2026-08-01T18:55:28.741+0900][1.497s][info ][gc,heap        ] GC(29) Survivor regions: 0->1(1)
[2026-08-01T18:55:28.741+0900][1.497s][info ][gc,heap        ] GC(29) Old regions: 1->1
[2026-08-01T18:55:28.741+0900][1.497s][info ][gc,heap        ] GC(29) Archive regions: 0->0
[2026-08-01T18:55:28.741+0900][1.497s][info ][gc,heap        ] GC(29) Humongous regions: 0->0
[2026-08-01T18:55:28.741+0900][1.497s][info ][gc,metaspace   ] GC(29) Metaspace: 6780K(6976K)->6780K(6976K) NonClass: 6161K(6272K)->6161K(6272K) Class: 619K(704K)->619K(704K)
[2026-08-01T18:55:28.741+0900][1.497s][debug][gc,heap        ] GC(29) Heap after GC invocations=30 (full 29):
[2026-08-01T18:55:28.741+0900][1.497s][debug][gc,heap        ] GC(29)  garbage-first heap   total 131072K, used 34327K [0x00000243aa000000, 0x0000027aaa000000)
[2026-08-01T18:55:28.741+0900][1.497s][debug][gc,heap        ] GC(29)   region size 32768K, 1 young (32768K), 1 survivors (32768K)
[2026-08-01T18:55:28.741+0900][1.497s][debug][gc,heap        ] GC(29)  Metaspace       used 6780K, committed 6976K, reserved 1114112K
[2026-08-01T18:55:28.741+0900][1.497s][debug][gc,heap        ] GC(29)   class space    used 619K, committed 704K, reserved 1048576K
[2026-08-01T18:55:28.741+0900][1.497s][info ][gc             ] GC(29) Pause Young (Normal) (G1 Evacuation Pause) 49M->33M(128M) 10.441ms
[2026-08-01T18:55:28.741+0900][1.497s][info ][gc,cpu         ] GC(29) User=0.00s Sys=0.00s Real=0.01s
[2026-08-01T18:55:28.741+0900][1.497s][info ][safepoint      ] Safepoint "G1CollectForAllocation", Time since last: 65520200 ns, Reaching safepoint: 84500 ns, At safepoint: 10501500 ns, Total: 10586000 ns
[2026-08-01T18:55:28.775+0900][1.531s][info ][gc,start       ] GC(30) Pause Young (Normal) (G1 Evacuation Pause)
[2026-08-01T18:55:28.775+0900][1.531s][debug][gc,heap        ] GC(30) Heap before GC invocations=30 (full 29):
[2026-08-01T18:55:28.775+0900][1.531s][debug][gc,heap        ] GC(30)  garbage-first heap   total 131072K, used 67095K [0x00000243aa000000, 0x0000027aaa000000)
[2026-08-01T18:55:28.775+0900][1.531s][debug][gc,heap        ] GC(30)   region size 32768K, 2 young (65536K), 1 survivors (32768K)
[2026-08-01T18:55:28.775+0900][1.531s][debug][gc,heap        ] GC(30)  Metaspace       used 6780K, committed 6976K, reserved 1114112K
[2026-08-01T18:55:28.775+0900][1.531s][debug][gc,heap        ] GC(30)   class space    used 619K, committed 704K, reserved 1048576K
[2026-08-01T18:55:28.775+0900][1.531s][info ][gc,task        ] GC(30) Using 4 workers of 18 for evacuation
[2026-08-01T18:55:28.791+0900][1.547s][info ][gc,phases      ] GC(30)   Pre Evacuate Collection Set: 0.0ms
[2026-08-01T18:55:28.791+0900][1.547s][info ][gc,phases      ] GC(30)   Merge Heap Roots: 0.1ms
[2026-08-01T18:55:28.791+0900][1.547s][info ][gc,phases      ] GC(30)   Evacuate Collection Set: 15.2ms
[2026-08-01T18:55:28.791+0900][1.547s][info ][gc,phases      ] GC(30)   Post Evacuate Collection Set: 0.2ms
[2026-08-01T18:55:28.791+0900][1.547s][info ][gc,phases      ] GC(30)   Other: 0.1ms
[2026-08-01T18:55:28.791+0900][1.547s][info ][gc,heap        ] GC(30) Eden regions: 1->0(1)
[2026-08-01T18:55:28.791+0900][1.547s][info ][gc,heap        ] GC(30) Survivor regions: 1->1(1)
[2026-08-01T18:55:28.791+0900][1.547s][info ][gc,heap        ] GC(30) Old regions: 1->1
[2026-08-01T18:55:28.791+0900][1.547s][info ][gc,heap        ] GC(30) Archive regions: 0->0
[2026-08-01T18:55:28.791+0900][1.547s][info ][gc,heap        ] GC(30) Humongous regions: 0->0
[2026-08-01T18:55:28.791+0900][1.547s][info ][gc,metaspace   ] GC(30) Metaspace: 6780K(6976K)->6780K(6976K) NonClass: 6161K(6272K)->6161K(6272K) Class: 619K(704K)->619K(704K)
[2026-08-01T18:55:28.791+0900][1.547s][debug][gc,heap        ] GC(30) Heap after GC invocations=31 (full 29):
[2026-08-01T18:55:28.791+0900][1.547s][debug][gc,heap        ] GC(30)  garbage-first heap   total 131072K, used 50334K [0x00000243aa000000, 0x0000027aaa000000)
[2026-08-01T18:55:28.791+0900][1.547s][debug][gc,heap        ] GC(30)   region size 32768K, 1 young (32768K), 1 survivors (32768K)
[2026-08-01T18:55:28.791+0900][1.547s][debug][gc,heap        ] GC(30)  Metaspace       used 6780K, committed 6976K, reserved 1114112K
[2026-08-01T18:55:28.791+0900][1.547s][debug][gc,heap        ] GC(30)   class space    used 619K, committed 704K, reserved 1048576K
[2026-08-01T18:55:28.791+0900][1.547s][info ][gc             ] GC(30) Pause Young (Normal) (G1 Evacuation Pause) 65M->49M(128M) 16.044ms
[2026-08-01T18:55:28.791+0900][1.547s][info ][gc,cpu         ] GC(30) User=0.08s Sys=0.02s Real=0.02s
[2026-08-01T18:55:28.791+0900][1.547s][info ][safepoint      ] Safepoint "G1CollectForAllocation", Time since last: 33534300 ns, Reaching safepoint: 83000 ns, At safepoint: 16106800 ns, Total: 16189800 ns
[2026-08-01T18:55:28.813+0900][1.569s][info ][gc,start       ] GC(31) Pause Young (Normal) (G1 Evacuation Pause)
[2026-08-01T18:55:28.813+0900][1.569s][debug][gc,heap        ] GC(31) Heap before GC invocations=31 (full 29):
[2026-08-01T18:55:28.813+0900][1.570s][debug][gc,heap        ] GC(31)  garbage-first heap   total 131072K, used 83102K [0x00000243aa000000, 0x0000027aaa000000)
[2026-08-01T18:55:28.813+0900][1.570s][debug][gc,heap        ] GC(31)   region size 32768K, 2 young (65536K), 1 survivors (32768K)
[2026-08-01T18:55:28.813+0900][1.570s][debug][gc,heap        ] GC(31)  Metaspace       used 6793K, committed 6976K, reserved 1114112K
[2026-08-01T18:55:28.813+0900][1.570s][debug][gc,heap        ] GC(31)   class space    used 621K, committed 704K, reserved 1048576K
[2026-08-01T18:55:28.813+0900][1.570s][info ][gc,task        ] GC(31) Using 3 workers of 18 for evacuation
[2026-08-01T18:55:28.843+0900][1.599s][info ][gc,phases      ] GC(31)   Pre Evacuate Collection Set: 0.0ms
[2026-08-01T18:55:28.843+0900][1.599s][info ][gc,phases      ] GC(31)   Merge Heap Roots: 0.1ms
[2026-08-01T18:55:28.843+0900][1.599s][info ][gc,phases      ] GC(31)   Evacuate Collection Set: 28.7ms
[2026-08-01T18:55:28.843+0900][1.599s][info ][gc,phases      ] GC(31)   Post Evacuate Collection Set: 0.3ms
[2026-08-01T18:55:28.843+0900][1.599s][info ][gc,phases      ] GC(31)   Other: 0.1ms
[2026-08-01T18:55:28.843+0900][1.599s][info ][gc,heap        ] GC(31) Eden regions: 1->0(1)
[2026-08-01T18:55:28.843+0900][1.599s][info ][gc,heap        ] GC(31) Survivor regions: 1->1(1)
[2026-08-01T18:55:28.843+0900][1.599s][info ][gc,heap        ] GC(31) Old regions: 1->2
[2026-08-01T18:55:28.843+0900][1.599s][info ][gc,heap        ] GC(31) Archive regions: 0->0
[2026-08-01T18:55:28.843+0900][1.599s][info ][gc,heap        ] GC(31) Humongous regions: 0->0
[2026-08-01T18:55:28.843+0900][1.599s][info ][gc,metaspace   ] GC(31) Metaspace: 6793K(6976K)->6793K(6976K) NonClass: 6171K(6272K)->6171K(6272K) Class: 621K(704K)->621K(704K)
[2026-08-01T18:55:28.843+0900][1.599s][debug][gc,heap        ] GC(31) Heap after GC invocations=32 (full 29):
[2026-08-01T18:55:28.843+0900][1.599s][debug][gc,heap        ] GC(31)  garbage-first heap   total 163840K, used 66860K [0x00000243aa000000, 0x0000027aaa000000)
[2026-08-01T18:55:28.843+0900][1.599s][debug][gc,heap        ] GC(31)   region size 32768K, 1 young (32768K), 1 survivors (32768K)
[2026-08-01T18:55:28.843+0900][1.599s][debug][gc,heap        ] GC(31)  Metaspace       used 6793K, committed 6976K, reserved 1114112K
[2026-08-01T18:55:28.843+0900][1.599s][debug][gc,heap        ] GC(31)   class space    used 621K, committed 704K, reserved 1048576K
[2026-08-01T18:55:28.843+0900][1.599s][info ][gc             ] GC(31) Pause Young (Normal) (G1 Evacuation Pause) 81M->65M(160M) 29.511ms
[2026-08-01T18:55:28.843+0900][1.599s][info ][gc,cpu         ] GC(31) User=0.09s Sys=0.00s Real=0.03s
[2026-08-01T18:55:28.843+0900][1.599s][info ][safepoint      ] Safepoint "G1CollectForAllocation", Time since last: 22334600 ns, Reaching safepoint: 29300 ns, At safepoint: 29564900 ns, Total: 29594200 ns
[2026-08-01T18:55:28.893+0900][1.650s][info ][gc,start       ] GC(32) Pause Young (Normal) (G1 Evacuation Pause)
[2026-08-01T18:55:28.893+0900][1.650s][debug][gc,heap        ] GC(32) Heap before GC invocations=32 (full 29):
[2026-08-01T18:55:28.893+0900][1.650s][debug][gc,heap        ] GC(32)  garbage-first heap   total 163840K, used 99628K [0x00000243aa000000, 0x0000027aaa000000)
[2026-08-01T18:55:28.893+0900][1.650s][debug][gc,heap        ] GC(32)   region size 32768K, 2 young (65536K), 1 survivors (32768K)
[2026-08-01T18:55:28.893+0900][1.650s][debug][gc,heap        ] GC(32)  Metaspace       used 6817K, committed 7040K, reserved 1114112K
[2026-08-01T18:55:28.893+0900][1.650s][debug][gc,heap        ] GC(32)   class space    used 621K, committed 704K, reserved 1048576K
[2026-08-01T18:55:28.893+0900][1.650s][info ][gc,task        ] GC(32) Using 3 workers of 18 for evacuation
[2026-08-01T18:55:28.923+0900][1.679s][info ][gc,phases      ] GC(32)   Pre Evacuate Collection Set: 0.1ms
[2026-08-01T18:55:28.923+0900][1.679s][info ][gc,phases      ] GC(32)   Merge Heap Roots: 0.2ms
[2026-08-01T18:55:28.923+0900][1.679s][info ][gc,phases      ] GC(32)   Evacuate Collection Set: 26.4ms
[2026-08-01T18:55:28.923+0900][1.679s][info ][gc,phases      ] GC(32)   Post Evacuate Collection Set: 2.1ms
[2026-08-01T18:55:28.923+0900][1.679s][info ][gc,phases      ] GC(32)   Other: 0.1ms
[2026-08-01T18:55:28.923+0900][1.679s][info ][gc,heap        ] GC(32) Eden regions: 1->0(1)
[2026-08-01T18:55:28.923+0900][1.679s][info ][gc,heap        ] GC(32) Survivor regions: 1->1(1)
[2026-08-01T18:55:28.923+0900][1.679s][info ][gc,heap        ] GC(32) Old regions: 2->3
[2026-08-01T18:55:28.923+0900][1.679s][info ][gc,heap        ] GC(32) Archive regions: 0->0
[2026-08-01T18:55:28.923+0900][1.679s][info ][gc,heap        ] GC(32) Humongous regions: 0->0
[2026-08-01T18:55:28.923+0900][1.679s][info ][gc,metaspace   ] GC(32) Metaspace: 6817K(7040K)->6817K(7040K) NonClass: 6195K(6336K)->6195K(6336K) Class: 621K(704K)->621K(704K)
[2026-08-01T18:55:28.923+0900][1.679s][debug][gc,heap        ] GC(32) Heap after GC invocations=33 (full 29):
[2026-08-01T18:55:28.923+0900][1.679s][debug][gc,heap        ] GC(32)  garbage-first heap   total 1146880K, used 87884K [0x00000243aa000000, 0x0000027aaa000000)
[2026-08-01T18:55:28.923+0900][1.679s][debug][gc,heap        ] GC(32)   region size 32768K, 1 young (32768K), 1 survivors (32768K)
[2026-08-01T18:55:28.923+0900][1.679s][debug][gc,heap        ] GC(32)  Metaspace       used 6817K, committed 7040K, reserved 1114112K
[2026-08-01T18:55:28.923+0900][1.679s][debug][gc,heap        ] GC(32)   class space    used 621K, committed 704K, reserved 1048576K
[2026-08-01T18:55:28.923+0900][1.679s][info ][gc             ] GC(32) Pause Young (Normal) (G1 Evacuation Pause) 97M->85M(1120M) 29.191ms
[2026-08-01T18:55:28.923+0900][1.679s][info ][gc,cpu         ] GC(32) User=0.12s Sys=0.03s Real=0.03s
[2026-08-01T18:55:28.923+0900][1.679s][info ][safepoint      ] Safepoint "G1CollectForAllocation", Time since last: 50510800 ns, Reaching safepoint: 38200 ns, At safepoint: 29341100 ns, Total: 29379300 ns
[2026-08-01T18:55:28.928+0900][1.684s][info ][gc,start       ] GC(33) Pause Full (System.gc())
[2026-08-01T18:55:28.928+0900][1.684s][debug][gc,heap        ] GC(33) Heap before GC invocations=33 (full 29):
[2026-08-01T18:55:28.928+0900][1.684s][debug][gc,heap        ] GC(33)  garbage-first heap   total 1146880K, used 87884K [0x00000243aa000000, 0x0000027aaa000000)
[2026-08-01T18:55:28.928+0900][1.684s][debug][gc,heap        ] GC(33)   region size 32768K, 2 young (65536K), 1 survivors (32768K)
[2026-08-01T18:55:28.928+0900][1.684s][debug][gc,heap        ] GC(33)  Metaspace       used 6817K, committed 7040K, reserved 1114112K
[2026-08-01T18:55:28.928+0900][1.684s][debug][gc,heap        ] GC(33)   class space    used 621K, committed 704K, reserved 1048576K
[2026-08-01T18:55:28.928+0900][1.684s][info ][gc,task        ] GC(33) Using 2 workers of 18 for full compaction
[2026-08-01T18:55:28.928+0900][1.684s][info ][gc,phases,start] GC(33) Phase 1: Mark live objects
[2026-08-01T18:55:28.966+0900][1.723s][info ][gc,phases      ] GC(33) Phase 1: Mark live objects 38.409ms
[2026-08-01T18:55:28.966+0900][1.723s][info ][gc,phases,start] GC(33) Phase 2: Prepare for compaction
[2026-08-01T18:55:28.973+0900][1.730s][info ][gc,phases      ] GC(33) Phase 2: Prepare for compaction 6.957ms
[2026-08-01T18:55:28.973+0900][1.730s][info ][gc,phases,start] GC(33) Phase 3: Adjust pointers
[2026-08-01T18:55:28.989+0900][1.745s][info ][gc,phases      ] GC(33) Phase 3: Adjust pointers 15.873ms
[2026-08-01T18:55:28.989+0900][1.746s][info ][gc,phases,start] GC(33) Phase 4: Compact heap
[2026-08-01T18:55:28.999+0900][1.755s][info ][gc,phases      ] GC(33) Phase 4: Compact heap 9.159ms
[2026-08-01T18:55:29.002+0900][1.758s][debug][gc,heap        ] GC(33) Uncommittable regions after shrink: 21
[2026-08-01T18:55:29.003+0900][1.759s][info ][gc,heap        ] GC(33) Eden regions: 1->0(1)
[2026-08-01T18:55:29.003+0900][1.759s][info ][gc,heap        ] GC(33) Survivor regions: 1->0(1)
[2026-08-01T18:55:29.003+0900][1.759s][info ][gc,heap        ] GC(33) Old regions: 3->4
[2026-08-01T18:55:29.003+0900][1.759s][info ][gc,heap        ] GC(33) Archive regions: 0->0
[2026-08-01T18:55:29.003+0900][1.759s][info ][gc,heap        ] GC(33) Humongous regions: 0->0
[2026-08-01T18:55:29.003+0900][1.759s][info ][gc,metaspace   ] GC(33) Metaspace: 6817K(7040K)->6817K(7040K) NonClass: 6195K(6336K)->6195K(6336K) Class: 621K(704K)->621K(704K)
[2026-08-01T18:55:29.003+0900][1.759s][debug][gc,heap        ] GC(33) Heap after GC invocations=34 (full 30):
[2026-08-01T18:55:29.003+0900][1.759s][debug][gc,heap        ] GC(33)  garbage-first heap   total 458752K, used 83471K [0x00000243aa000000, 0x0000027aaa000000)
[2026-08-01T18:55:29.003+0900][1.759s][debug][gc,heap        ] GC(33)   region size 32768K, 0 young (0K), 0 survivors (0K)
[2026-08-01T18:55:29.003+0900][1.759s][debug][gc,heap        ] GC(33)  Metaspace       used 6817K, committed 7040K, reserved 1114112K
[2026-08-01T18:55:29.003+0900][1.759s][debug][gc,heap        ] GC(33)   class space    used 621K, committed 704K, reserved 1048576K
[2026-08-01T18:55:29.003+0900][1.759s][info ][gc             ] GC(33) Pause Full (System.gc()) 87M->81M(448M) 75.014ms
[2026-08-01T18:55:29.003+0900][1.759s][info ][gc,cpu         ] GC(33) User=0.14s Sys=0.00s Real=0.08s
[2026-08-01T18:55:29.003+0900][1.759s][info ][safepoint      ] Safepoint "G1CollectFull", Time since last: 4990000 ns, Reaching safepoint: 19600 ns, At safepoint: 75166800 ns, Total: 75186400 ns
[2026-08-01T18:55:29.038+0900][1.794s][info ][gc,start       ] GC(34) Pause Young (Normal) (G1 Evacuation Pause)
[2026-08-01T18:55:29.038+0900][1.794s][debug][gc,heap        ] GC(34) Heap before GC invocations=34 (full 30):
[2026-08-01T18:55:29.038+0900][1.794s][debug][gc,heap        ] GC(34)  garbage-first heap   total 458752K, used 116239K [0x00000243aa000000, 0x0000027aaa000000)
[2026-08-01T18:55:29.038+0900][1.794s][debug][gc,heap        ] GC(34)   region size 32768K, 1 young (32768K), 0 survivors (0K)
[2026-08-01T18:55:29.038+0900][1.794s][debug][gc,heap        ] GC(34)  Metaspace       used 6819K, committed 7040K, reserved 1114112K
[2026-08-01T18:55:29.038+0900][1.794s][debug][gc,heap        ] GC(34)   class space    used 621K, committed 704K, reserved 1048576K
[2026-08-01T18:55:29.038+0900][1.794s][info ][gc,task        ] GC(34) Using 10 workers of 18 for evacuation
[2026-08-01T18:55:29.043+0900][1.799s][info ][gc,phases      ] GC(34)   Pre Evacuate Collection Set: 0.1ms
[2026-08-01T18:55:29.043+0900][1.799s][info ][gc,phases      ] GC(34)   Merge Heap Roots: 0.2ms
[2026-08-01T18:55:29.043+0900][1.799s][info ][gc,phases      ] GC(34)   Evacuate Collection Set: 4.4ms
[2026-08-01T18:55:29.043+0900][1.799s][info ][gc,phases      ] GC(34)   Post Evacuate Collection Set: 0.2ms
[2026-08-01T18:55:29.043+0900][1.799s][info ][gc,phases      ] GC(34)   Other: 0.2ms
[2026-08-01T18:55:29.043+0900][1.799s][info ][gc,heap        ] GC(34) Eden regions: 1->0(1)
[2026-08-01T18:55:29.043+0900][1.799s][info ][gc,heap        ] GC(34) Survivor regions: 0->1(1)
[2026-08-01T18:55:29.043+0900][1.799s][info ][gc,heap        ] GC(34) Old regions: 4->4
[2026-08-01T18:55:29.043+0900][1.799s][info ][gc,heap        ] GC(34) Archive regions: 0->0
[2026-08-01T18:55:29.043+0900][1.799s][info ][gc,heap        ] GC(34) Humongous regions: 0->0
[2026-08-01T18:55:29.043+0900][1.799s][info ][gc,metaspace   ] GC(34) Metaspace: 6819K(7040K)->6819K(7040K) NonClass: 6197K(6336K)->6197K(6336K) Class: 621K(704K)->621K(704K)
[2026-08-01T18:55:29.043+0900][1.799s][debug][gc,heap        ] GC(34) Heap after GC invocations=35 (full 30):
[2026-08-01T18:55:29.043+0900][1.799s][debug][gc,heap        ] GC(34)  garbage-first heap   total 458752K, used 101916K [0x00000243aa000000, 0x0000027aaa000000)
[2026-08-01T18:55:29.043+0900][1.799s][debug][gc,heap        ] GC(34)   region size 32768K, 1 young (32768K), 1 survivors (32768K)
[2026-08-01T18:55:29.043+0900][1.799s][debug][gc,heap        ] GC(34)  Metaspace       used 6819K, committed 7040K, reserved 1114112K
[2026-08-01T18:55:29.043+0900][1.799s][debug][gc,heap        ] GC(34)   class space    used 621K, committed 704K, reserved 1048576K
[2026-08-01T18:55:29.043+0900][1.799s][info ][gc             ] GC(34) Pause Young (Normal) (G1 Evacuation Pause) 113M->99M(448M) 5.443ms
[2026-08-01T18:55:29.043+0900][1.799s][info ][gc,cpu         ] GC(34) User=0.00s Sys=0.00s Real=0.00s
[2026-08-01T18:55:29.043+0900][1.799s][info ][safepoint      ] Safepoint "G1CollectForAllocation", Time since last: 34872200 ns, Reaching safepoint: 34000 ns, At safepoint: 5495500 ns, Total: 5529500 ns
[2026-08-01T18:55:29.072+0900][1.828s][info ][gc,start       ] GC(35) Pause Young (Normal) (G1 Evacuation Pause)
[2026-08-01T18:55:29.072+0900][1.828s][debug][gc,heap        ] GC(35) Heap before GC invocations=35 (full 30):
[2026-08-01T18:55:29.072+0900][1.828s][debug][gc,heap        ] GC(35)  garbage-first heap   total 458752K, used 134684K [0x00000243aa000000, 0x0000027aaa000000)
[2026-08-01T18:55:29.072+0900][1.828s][debug][gc,heap        ] GC(35)   region size 32768K, 2 young (65536K), 1 survivors (32768K)
[2026-08-01T18:55:29.072+0900][1.828s][debug][gc,heap        ] GC(35)  Metaspace       used 6928K, committed 7232K, reserved 1114112K
[2026-08-01T18:55:29.072+0900][1.828s][debug][gc,heap        ] GC(35)   class space    used 635K, committed 768K, reserved 1048576K
[2026-08-01T18:55:29.072+0900][1.828s][info ][gc,task        ] GC(35) Using 10 workers of 18 for evacuation
[2026-08-01T18:55:29.080+0900][1.836s][info ][gc,phases      ] GC(35)   Pre Evacuate Collection Set: 0.1ms
[2026-08-01T18:55:29.080+0900][1.836s][info ][gc,phases      ] GC(35)   Merge Heap Roots: 0.1ms
[2026-08-01T18:55:29.080+0900][1.836s][info ][gc,phases      ] GC(35)   Evacuate Collection Set: 7.1ms
[2026-08-01T18:55:29.080+0900][1.836s][info ][gc,phases      ] GC(35)   Post Evacuate Collection Set: 0.2ms
[2026-08-01T18:55:29.080+0900][1.836s][info ][gc,phases      ] GC(35)   Other: 0.1ms
[2026-08-01T18:55:29.080+0900][1.836s][info ][gc,heap        ] GC(35) Eden regions: 1->0(1)
[2026-08-01T18:55:29.080+0900][1.836s][info ][gc,heap        ] GC(35) Survivor regions: 1->1(1)
[2026-08-01T18:55:29.080+0900][1.836s][info ][gc,heap        ] GC(35) Old regions: 4->4
[2026-08-01T18:55:29.080+0900][1.836s][info ][gc,heap        ] GC(35) Archive regions: 0->0
[2026-08-01T18:55:29.080+0900][1.836s][info ][gc,heap        ] GC(35) Humongous regions: 0->0
[2026-08-01T18:55:29.080+0900][1.836s][info ][gc,metaspace   ] GC(35) Metaspace: 6928K(7232K)->6928K(7232K) NonClass: 6293K(6464K)->6293K(6464K) Class: 635K(768K)->635K(768K)
[2026-08-01T18:55:29.080+0900][1.836s][debug][gc,heap        ] GC(35) Heap after GC invocations=36 (full 30):
[2026-08-01T18:55:29.080+0900][1.836s][debug][gc,heap        ] GC(35)  garbage-first heap   total 458752K, used 113846K [0x00000243aa000000, 0x0000027aaa000000)
[2026-08-01T18:55:29.080+0900][1.836s][debug][gc,heap        ] GC(35)   region size 32768K, 1 young (32768K), 1 survivors (32768K)
[2026-08-01T18:55:29.080+0900][1.836s][debug][gc,heap        ] GC(35)  Metaspace       used 6928K, committed 7232K, reserved 1114112K
[2026-08-01T18:55:29.080+0900][1.836s][debug][gc,heap        ] GC(35)   class space    used 635K, committed 768K, reserved 1048576K
[2026-08-01T18:55:29.080+0900][1.836s][info ][gc             ] GC(35) Pause Young (Normal) (G1 Evacuation Pause) 131M->111M(448M) 8.008ms
[2026-08-01T18:55:29.080+0900][1.836s][info ][gc,cpu         ] GC(35) User=0.16s Sys=0.02s Real=0.01s
[2026-08-01T18:55:29.080+0900][1.836s][info ][safepoint      ] Safepoint "G1CollectForAllocation", Time since last: 28277000 ns, Reaching safepoint: 65100 ns, At safepoint: 8065900 ns, Total: 8131000 ns
[2026-08-01T18:55:29.193+0900][1.949s][info ][gc,start       ] GC(36) Pause Young (Normal) (G1 Evacuation Pause)
[2026-08-01T18:55:29.193+0900][1.950s][debug][gc,heap        ] GC(36) Heap before GC invocations=36 (full 30):
[2026-08-01T18:55:29.193+0900][1.950s][debug][gc,heap        ] GC(36)  garbage-first heap   total 458752K, used 146614K [0x00000243aa000000, 0x0000027aaa000000)
[2026-08-01T18:55:29.193+0900][1.950s][debug][gc,heap        ] GC(36)   region size 32768K, 2 young (65536K), 1 survivors (32768K)
[2026-08-01T18:55:29.193+0900][1.950s][debug][gc,heap        ] GC(36)  Metaspace       used 7565K, committed 7872K, reserved 1114112K
[2026-08-01T18:55:29.193+0900][1.950s][debug][gc,heap        ] GC(36)   class space    used 681K, committed 832K, reserved 1048576K
[2026-08-01T18:55:29.193+0900][1.950s][info ][gc,task        ] GC(36) Using 10 workers of 18 for evacuation
[2026-08-01T18:55:29.199+0900][1.956s][info ][gc,phases      ] GC(36)   Pre Evacuate Collection Set: 0.1ms
[2026-08-01T18:55:29.199+0900][1.956s][info ][gc,phases      ] GC(36)   Merge Heap Roots: 0.1ms
[2026-08-01T18:55:29.199+0900][1.956s][info ][gc,phases      ] GC(36)   Evacuate Collection Set: 5.4ms
[2026-08-01T18:55:29.199+0900][1.956s][info ][gc,phases      ] GC(36)   Post Evacuate Collection Set: 0.3ms
[2026-08-01T18:55:29.199+0900][1.956s][info ][gc,phases      ] GC(36)   Other: 0.1ms
[2026-08-01T18:55:29.199+0900][1.956s][info ][gc,heap        ] GC(36) Eden regions: 1->0(1)
[2026-08-01T18:55:29.199+0900][1.956s][info ][gc,heap        ] GC(36) Survivor regions: 1->1(1)
[2026-08-01T18:55:29.199+0900][1.956s][info ][gc,heap        ] GC(36) Old regions: 4->5
[2026-08-01T18:55:29.199+0900][1.956s][info ][gc,heap        ] GC(36) Archive regions: 0->0
[2026-08-01T18:55:29.199+0900][1.956s][info ][gc,heap        ] GC(36) Humongous regions: 0->0
[2026-08-01T18:55:29.199+0900][1.956s][info ][gc,metaspace   ] GC(36) Metaspace: 7565K(7872K)->7565K(7872K) NonClass: 6884K(7040K)->6884K(7040K) Class: 681K(832K)->681K(832K)
[2026-08-01T18:55:29.199+0900][1.956s][debug][gc,heap        ] GC(36) Heap after GC invocations=37 (full 30):
[2026-08-01T18:55:29.199+0900][1.956s][debug][gc,heap        ] GC(36)  garbage-first heap   total 458752K, used 122128K [0x00000243aa000000, 0x0000027aaa000000)
[2026-08-01T18:55:29.199+0900][1.956s][debug][gc,heap        ] GC(36)   region size 32768K, 1 young (32768K), 1 survivors (32768K)
[2026-08-01T18:55:29.199+0900][1.956s][debug][gc,heap        ] GC(36)  Metaspace       used 7565K, committed 7872K, reserved 1114112K
[2026-08-01T18:55:29.199+0900][1.956s][debug][gc,heap        ] GC(36)   class space    used 681K, committed 832K, reserved 1048576K
[2026-08-01T18:55:29.199+0900][1.956s][info ][gc             ] GC(36) Pause Young (Normal) (G1 Evacuation Pause) 143M->119M(448M) 6.257ms
[2026-08-01T18:55:29.199+0900][1.956s][info ][gc,cpu         ] GC(36) User=0.00s Sys=0.00s Real=0.01s
[2026-08-01T18:55:29.199+0900][1.956s][info ][safepoint      ] Safepoint "G1CollectForAllocation", Time since last: 113496500 ns, Reaching safepoint: 99500 ns, At safepoint: 6312200 ns, Total: 6411700 ns
[2026-08-01T18:55:29.202+0900][1.958s][debug][gc,heap        ] Concurrent Uncommit Summary: 672M, 21 regions, 7.824ms
[2026-08-01T18:55:29.238+0900][1.995s][info ][gc,start       ] GC(37) Pause Young (Normal) (G1 Evacuation Pause)
[2026-08-01T18:55:29.238+0900][1.995s][debug][gc,heap        ] GC(37) Heap before GC invocations=37 (full 30):
[2026-08-01T18:55:29.238+0900][1.995s][debug][gc,heap        ] GC(37)  garbage-first heap   total 458752K, used 154896K [0x00000243aa000000, 0x0000027aaa000000)
[2026-08-01T18:55:29.238+0900][1.995s][debug][gc,heap        ] GC(37)   region size 32768K, 2 young (65536K), 1 survivors (32768K)
[2026-08-01T18:55:29.238+0900][1.995s][debug][gc,heap        ] GC(37)  Metaspace       used 7575K, committed 7872K, reserved 1114112K
[2026-08-01T18:55:29.238+0900][1.995s][debug][gc,heap        ] GC(37)   class space    used 681K, committed 832K, reserved 1048576K
[2026-08-01T18:55:29.238+0900][1.995s][info ][gc,task        ] GC(37) Using 10 workers of 18 for evacuation
[2026-08-01T18:55:29.247+0900][2.003s][info ][gc,phases      ] GC(37)   Pre Evacuate Collection Set: 0.1ms
[2026-08-01T18:55:29.247+0900][2.003s][info ][gc,phases      ] GC(37)   Merge Heap Roots: 0.2ms
[2026-08-01T18:55:29.247+0900][2.003s][info ][gc,phases      ] GC(37)   Evacuate Collection Set: 6.3ms
[2026-08-01T18:55:29.247+0900][2.003s][info ][gc,phases      ] GC(37)   Post Evacuate Collection Set: 1.8ms
[2026-08-01T18:55:29.247+0900][2.003s][info ][gc,phases      ] GC(37)   Other: 0.1ms
[2026-08-01T18:55:29.247+0900][2.003s][info ][gc,heap        ] GC(37) Eden regions: 1->0(4)
[2026-08-01T18:55:29.247+0900][2.003s][info ][gc,heap        ] GC(37) Survivor regions: 1->1(1)
[2026-08-01T18:55:29.247+0900][2.003s][info ][gc,heap        ] GC(37) Old regions: 5->5
[2026-08-01T18:55:29.247+0900][2.003s][info ][gc,heap        ] GC(37) Archive regions: 0->0
[2026-08-01T18:55:29.247+0900][2.003s][info ][gc,heap        ] GC(37) Humongous regions: 0->0
[2026-08-01T18:55:29.247+0900][2.003s][info ][gc,metaspace   ] GC(37) Metaspace: 7575K(7872K)->7575K(7872K) NonClass: 6894K(7040K)->6894K(7040K) Class: 681K(832K)->681K(832K)
[2026-08-01T18:55:29.247+0900][2.003s][debug][gc,heap        ] GC(37) Heap after GC invocations=38 (full 30):
[2026-08-01T18:55:29.247+0900][2.003s][debug][gc,heap        ] GC(37)  garbage-first heap   total 1277952K, used 138038K [0x00000243aa000000, 0x0000027aaa000000)
[2026-08-01T18:55:29.248+0900][2.003s][debug][gc,heap        ] GC(37)   region size 32768K, 1 young (32768K), 1 survivors (32768K)
[2026-08-01T18:55:29.248+0900][2.003s][debug][gc,heap        ] GC(37)  Metaspace       used 7575K, committed 7872K, reserved 1114112K
[2026-08-01T18:55:29.248+0900][2.003s][debug][gc,heap        ] GC(37)   class space    used 681K, committed 832K, reserved 1048576K
[2026-08-01T18:55:29.248+0900][2.004s][info ][gc             ] GC(37) Pause Young (Normal) (G1 Evacuation Pause) 151M->134M(1248M) 8.773ms
[2026-08-01T18:55:29.248+0900][2.004s][info ][gc,cpu         ] GC(37) User=0.02s Sys=0.02s Real=0.01s
[2026-08-01T18:55:29.248+0900][2.004s][info ][safepoint      ] Safepoint "G1CollectForAllocation", Time since last: 38858000 ns, Reaching safepoint: 94800 ns, At safepoint: 8887500 ns, Total: 8982300 ns
[2026-08-01T18:55:29.365+0900][2.121s][info ][gc,start       ] GC(38) Pause Full (System.gc())
[2026-08-01T18:55:29.365+0900][2.121s][debug][gc,heap        ] GC(38) Heap before GC invocations=38 (full 30):
[2026-08-01T18:55:29.365+0900][2.121s][debug][gc,heap        ] GC(38)  garbage-first heap   total 1277952K, used 170806K [0x00000243aa000000, 0x0000027aaa000000)
[2026-08-01T18:55:29.365+0900][2.121s][debug][gc,heap        ] GC(38)   region size 32768K, 3 young (98304K), 1 survivors (32768K)
[2026-08-01T18:55:29.365+0900][2.121s][debug][gc,heap        ] GC(38)  Metaspace       used 7632K, committed 7872K, reserved 1114112K
[2026-08-01T18:55:29.365+0900][2.121s][debug][gc,heap        ] GC(38)   class space    used 686K, committed 832K, reserved 1048576K
[2026-08-01T18:55:29.365+0900][2.121s][info ][gc,task        ] GC(38) Using 2 workers of 18 for full compaction
[2026-08-01T18:55:29.365+0900][2.121s][info ][gc,phases,start] GC(38) Phase 1: Mark live objects
[2026-08-01T18:55:29.407+0900][2.163s][info ][gc,phases      ] GC(38) Phase 1: Mark live objects 42.295ms
[2026-08-01T18:55:29.407+0900][2.163s][info ][gc,phases,start] GC(38) Phase 2: Prepare for compaction
[2026-08-01T18:55:29.413+0900][2.169s][info ][gc,phases      ] GC(38) Phase 2: Prepare for compaction 6.191ms
[2026-08-01T18:55:29.414+0900][2.169s][info ][gc,phases,start] GC(38) Phase 3: Adjust pointers
[2026-08-01T18:55:29.434+0900][2.191s][info ][gc,phases      ] GC(38) Phase 3: Adjust pointers 21.397ms
[2026-08-01T18:55:29.434+0900][2.191s][info ][gc,phases,start] GC(38) Phase 4: Compact heap
[2026-08-01T18:55:29.442+0900][2.198s][info ][gc,phases      ] GC(38) Phase 4: Compact heap 6.683ms
[2026-08-01T18:55:29.445+0900][2.201s][debug][gc,heap        ] GC(38) Uncommittable regions after shrink: 29
[2026-08-01T18:55:29.446+0900][2.203s][info ][gc,heap        ] GC(38) Eden regions: 2->0(2)
[2026-08-01T18:55:29.446+0900][2.203s][info ][gc,heap        ] GC(38) Survivor regions: 1->0(1)
[2026-08-01T18:55:29.446+0900][2.203s][info ][gc,heap        ] GC(38) Old regions: 5->3
[2026-08-01T18:55:29.446+0900][2.203s][info ][gc,heap        ] GC(38) Archive regions: 0->0
[2026-08-01T18:55:29.446+0900][2.203s][info ][gc,heap        ] GC(38) Humongous regions: 0->0
[2026-08-01T18:55:29.446+0900][2.203s][info ][gc,metaspace   ] GC(38) Metaspace: 7632K(7872K)->7632K(7872K) NonClass: 6946K(7040K)->6946K(7040K) Class: 686K(832K)->686K(832K)
[2026-08-01T18:55:29.446+0900][2.203s][debug][gc,heap        ] GC(38) Heap after GC invocations=39 (full 31):
[2026-08-01T18:55:29.446+0900][2.203s][debug][gc,heap        ] GC(38)  garbage-first heap   total 327680K, used 86274K [0x00000243aa000000, 0x0000027aaa000000)
[2026-08-01T18:55:29.446+0900][2.203s][debug][gc,heap        ] GC(38)   region size 32768K, 0 young (0K), 0 survivors (0K)
[2026-08-01T18:55:29.446+0900][2.203s][debug][gc,heap        ] GC(38)  Metaspace       used 7632K, committed 7872K, reserved 1114112K
[2026-08-01T18:55:29.446+0900][2.203s][debug][gc,heap        ] GC(38)   class space    used 686K, committed 832K, reserved 1048576K
[2026-08-01T18:55:29.446+0900][2.203s][info ][gc             ] GC(38) Pause Full (System.gc()) 194M->84M(320M) 82.192ms
[2026-08-01T18:55:29.446+0900][2.203s][info ][gc,cpu         ] GC(38) User=0.14s Sys=0.00s Real=0.08s
[2026-08-01T18:55:29.446+0900][2.203s][info ][safepoint      ] Safepoint "G1CollectFull", Time since last: 116910300 ns, Reaching safepoint: 42000 ns, At safepoint: 82255300 ns, Total: 82297300 ns
[2026-08-01T18:55:29.474+0900][2.231s][info ][gc,start       ] GC(39) Pause Full (System.gc())
[2026-08-01T18:55:29.474+0900][2.231s][debug][gc,heap        ] GC(39) Heap before GC invocations=39 (full 31):
[2026-08-01T18:55:29.474+0900][2.231s][debug][gc,heap        ] GC(39)  garbage-first heap   total 327680K, used 86274K [0x00000243aa000000, 0x0000027aaa000000)
[2026-08-01T18:55:29.474+0900][2.231s][debug][gc,heap        ] GC(39)   region size 32768K, 1 young (32768K), 0 survivors (0K)
[2026-08-01T18:55:29.474+0900][2.231s][debug][gc,heap        ] GC(39)  Metaspace       used 7632K, committed 7872K, reserved 1114112K
[2026-08-01T18:55:29.474+0900][2.231s][debug][gc,heap        ] GC(39)   class space    used 686K, committed 832K, reserved 1048576K
[2026-08-01T18:55:29.474+0900][2.231s][info ][gc,task        ] GC(39) Using 1 workers of 18 for full compaction
[2026-08-01T18:55:29.474+0900][2.231s][info ][gc,phases,start] GC(39) Phase 1: Mark live objects
[2026-08-01T18:55:29.523+0900][2.279s][info ][gc,phases      ] GC(39) Phase 1: Mark live objects 48.238ms
[2026-08-01T18:55:29.523+0900][2.279s][info ][gc,phases,start] GC(39) Phase 2: Prepare for compaction
[2026-08-01T18:55:29.536+0900][2.292s][info ][gc,phases      ] GC(39) Phase 2: Prepare for compaction 13.144ms
[2026-08-01T18:55:29.537+0900][2.292s][info ][gc,phases,start] GC(39) Phase 3: Adjust pointers
[2026-08-01T18:55:29.561+0900][2.317s][info ][gc,phases      ] GC(39) Phase 3: Adjust pointers 25.182ms
[2026-08-01T18:55:29.561+0900][2.318s][info ][gc,phases,start] GC(39) Phase 4: Compact heap
[2026-08-01T18:55:29.572+0900][2.328s][info ][gc,phases      ] GC(39) Phase 4: Compact heap 10.822ms
[2026-08-01T18:55:29.573+0900][2.329s][debug][gc,heap        ] GC(39) Uncommittable regions after shrink: 3
[2026-08-01T18:55:29.574+0900][2.331s][info ][gc,heap        ] GC(39) Eden regions: 1->0(1)
[2026-08-01T18:55:29.574+0900][2.331s][info ][gc,heap        ] GC(39) Survivor regions: 0->0(1)
[2026-08-01T18:55:29.574+0900][2.331s][info ][gc,heap        ] GC(39) Old regions: 3->2
[2026-08-01T18:55:29.574+0900][2.331s][info ][gc,heap        ] GC(39) Archive regions: 0->0
[2026-08-01T18:55:29.574+0900][2.331s][info ][gc,heap        ] GC(39) Humongous regions: 0->0
[2026-08-01T18:55:29.574+0900][2.331s][info ][gc,metaspace   ] GC(39) Metaspace: 7632K(7872K)->7632K(7872K) NonClass: 6946K(7040K)->6946K(7040K) Class: 686K(832K)->686K(832K)
[2026-08-01T18:55:29.574+0900][2.331s][debug][gc,heap        ] GC(39) Heap after GC invocations=40 (full 32):
[2026-08-01T18:55:29.574+0900][2.331s][debug][gc,heap        ] GC(39)  garbage-first heap   total 229376K, used 48778K [0x00000243aa000000, 0x0000027aaa000000)
[2026-08-01T18:55:29.574+0900][2.331s][debug][gc,heap        ] GC(39)   region size 32768K, 0 young (0K), 0 survivors (0K)
[2026-08-01T18:55:29.574+0900][2.331s][debug][gc,heap        ] GC(39)  Metaspace       used 7632K, committed 7872K, reserved 1114112K
[2026-08-01T18:55:29.574+0900][2.331s][debug][gc,heap        ] GC(39)   class space    used 686K, committed 832K, reserved 1048576K
[2026-08-01T18:55:29.574+0900][2.331s][info ][gc             ] GC(39) Pause Full (System.gc()) 97M->47M(224M) 100.314ms
[2026-08-01T18:55:29.574+0900][2.331s][info ][gc,cpu         ] GC(39) User=0.11s Sys=0.00s Real=0.10s
[2026-08-01T18:55:29.574+0900][2.331s][info ][safepoint      ] Safepoint "G1CollectFull", Time since last: 27751200 ns, Reaching safepoint: 29100 ns, At safepoint: 100413600 ns, Total: 100442700 ns
[2026-08-01T18:55:29.626+0900][2.382s][info ][gc,start       ] GC(40) Pause Young (Normal) (G1 Evacuation Pause)
[2026-08-01T18:55:29.626+0900][2.382s][debug][gc,heap        ] GC(40) Heap before GC invocations=40 (full 32):
[2026-08-01T18:55:29.626+0900][2.382s][debug][gc,heap        ] GC(40)  garbage-first heap   total 229376K, used 81546K [0x00000243aa000000, 0x0000027aaa000000)
[2026-08-01T18:55:29.626+0900][2.382s][debug][gc,heap        ] GC(40)   region size 32768K, 1 young (32768K), 0 survivors (0K)
[2026-08-01T18:55:29.626+0900][2.382s][debug][gc,heap        ] GC(40)  Metaspace       used 7830K, committed 8192K, reserved 1114112K
[2026-08-01T18:55:29.626+0900][2.382s][debug][gc,heap        ] GC(40)   class space    used 710K, committed 896K, reserved 1048576K
[2026-08-01T18:55:29.626+0900][2.382s][info ][gc,task        ] GC(40) Using 5 workers of 18 for evacuation
[2026-08-01T18:55:29.633+0900][2.390s][info ][gc,phases      ] GC(40)   Pre Evacuate Collection Set: 0.1ms
[2026-08-01T18:55:29.633+0900][2.390s][info ][gc,phases      ] GC(40)   Merge Heap Roots: 0.2ms
[2026-08-01T18:55:29.633+0900][2.390s][info ][gc,phases      ] GC(40)   Evacuate Collection Set: 6.8ms
[2026-08-01T18:55:29.633+0900][2.390s][info ][gc,phases      ] GC(40)   Post Evacuate Collection Set: 0.2ms
[2026-08-01T18:55:29.633+0900][2.390s][info ][gc,phases      ] GC(40)   Other: 0.1ms
[2026-08-01T18:55:29.633+0900][2.390s][info ][gc,heap        ] GC(40) Eden regions: 1->0(1)
[2026-08-01T18:55:29.633+0900][2.390s][info ][gc,heap        ] GC(40) Survivor regions: 0->1(1)
[2026-08-01T18:55:29.633+0900][2.390s][info ][gc,heap        ] GC(40) Old regions: 2->2
[2026-08-01T18:55:29.634+0900][2.390s][info ][gc,heap        ] GC(40) Archive regions: 0->0
[2026-08-01T18:55:29.634+0900][2.390s][info ][gc,heap        ] GC(40) Humongous regions: 0->0
[2026-08-01T18:55:29.634+0900][2.390s][info ][gc,metaspace   ] GC(40) Metaspace: 7830K(8192K)->7830K(8192K) NonClass: 7120K(7296K)->7120K(7296K) Class: 710K(896K)->710K(896K)
[2026-08-01T18:55:29.634+0900][2.390s][debug][gc,heap        ] GC(40) Heap after GC invocations=41 (full 32):
[2026-08-01T18:55:29.634+0900][2.390s][debug][gc,heap        ] GC(40)  garbage-first heap   total 229376K, used 63881K [0x00000243aa000000, 0x0000027aaa000000)
[2026-08-01T18:55:29.634+0900][2.390s][debug][gc,heap        ] GC(40)   region size 32768K, 1 young (32768K), 1 survivors (32768K)
[2026-08-01T18:55:29.634+0900][2.390s][debug][gc,heap        ] GC(40)  Metaspace       used 7830K, committed 8192K, reserved 1114112K
[2026-08-01T18:55:29.634+0900][2.390s][debug][gc,heap        ] GC(40)   class space    used 710K, committed 896K, reserved 1048576K
[2026-08-01T18:55:29.634+0900][2.390s][info ][gc             ] GC(40) Pause Young (Normal) (G1 Evacuation Pause) 79M->62M(224M) 7.666ms
[2026-08-01T18:55:29.634+0900][2.390s][info ][gc,cpu         ] GC(40) User=0.00s Sys=0.00s Real=0.01s
[2026-08-01T18:55:29.634+0900][2.390s][info ][safepoint      ] Safepoint "G1CollectForAllocation", Time since last: 50971600 ns, Reaching safepoint: 40000 ns, At safepoint: 7722200 ns, Total: 7762200 ns
[2026-08-01T18:55:29.652+0900][2.408s][info ][gc,start       ] GC(41) Pause Young (Normal) (G1 Evacuation Pause)
[2026-08-01T18:55:29.652+0900][2.408s][debug][gc,heap        ] GC(41) Heap before GC invocations=41 (full 32):
[2026-08-01T18:55:29.652+0900][2.408s][debug][gc,heap        ] GC(41)  garbage-first heap   total 229376K, used 63881K [0x00000243aa000000, 0x0000027aaa000000)
[2026-08-01T18:55:29.652+0900][2.408s][debug][gc,heap        ] GC(41)   region size 32768K, 2 young (65536K), 1 survivors (32768K)
[2026-08-01T18:55:29.652+0900][2.408s][debug][gc,heap        ] GC(41)  Metaspace       used 7830K, committed 8192K, reserved 1114112K
[2026-08-01T18:55:29.652+0900][2.408s][debug][gc,heap        ] GC(41)   class space    used 710K, committed 896K, reserved 1048576K
[2026-08-01T18:55:29.653+0900][2.408s][info ][gc,task        ] GC(41) Using 5 workers of 18 for evacuation
[2026-08-01T18:55:29.664+0900][2.421s][info ][gc,phases      ] GC(41)   Pre Evacuate Collection Set: 0.1ms
[2026-08-01T18:55:29.664+0900][2.421s][info ][gc,phases      ] GC(41)   Merge Heap Roots: 0.2ms
[2026-08-01T18:55:29.664+0900][2.421s][info ][gc,phases      ] GC(41)   Evacuate Collection Set: 12.0ms
[2026-08-01T18:55:29.664+0900][2.421s][info ][gc,phases      ] GC(41)   Post Evacuate Collection Set: 0.2ms
[2026-08-01T18:55:29.664+0900][2.421s][info ][gc,phases      ] GC(41)   Other: 0.1ms
[2026-08-01T18:55:29.664+0900][2.421s][info ][gc,heap        ] GC(41) Eden regions: 1->0(1)
[2026-08-01T18:55:29.664+0900][2.421s][info ][gc,heap        ] GC(41) Survivor regions: 1->1(1)
[2026-08-01T18:55:29.664+0900][2.421s][info ][gc,heap        ] GC(41) Old regions: 2->2
[2026-08-01T18:55:29.664+0900][2.421s][info ][gc,heap        ] GC(41) Archive regions: 0->0
[2026-08-01T18:55:29.664+0900][2.421s][info ][gc,heap        ] GC(41) Humongous regions: 0->0
[2026-08-01T18:55:29.664+0900][2.421s][info ][gc,metaspace   ] GC(41) Metaspace: 7830K(8192K)->7830K(8192K) NonClass: 7120K(7296K)->7120K(7296K) Class: 710K(896K)->710K(896K)
[2026-08-01T18:55:29.664+0900][2.421s][debug][gc,heap        ] GC(41) Heap after GC invocations=42 (full 32):
[2026-08-01T18:55:29.664+0900][2.421s][debug][gc,heap        ] GC(41)  garbage-first heap   total 229376K, used 77696K [0x00000243aa000000, 0x0000027aaa000000)
[2026-08-01T18:55:29.664+0900][2.421s][debug][gc,heap        ] GC(41)   region size 32768K, 1 young (32768K), 1 survivors (32768K)
[2026-08-01T18:55:29.664+0900][2.421s][debug][gc,heap        ] GC(41)  Metaspace       used 7830K, committed 8192K, reserved 1114112K
[2026-08-01T18:55:29.664+0900][2.421s][debug][gc,heap        ] GC(41)   class space    used 710K, committed 896K, reserved 1048576K
[2026-08-01T18:55:29.664+0900][2.421s][info ][gc             ] GC(41) Pause Young (Normal) (G1 Evacuation Pause) 94M->75M(224M) 12.839ms
[2026-08-01T18:55:29.664+0900][2.421s][info ][gc,cpu         ] GC(41) User=0.00s Sys=0.02s Real=0.01s
[2026-08-01T18:55:29.664+0900][2.421s][info ][safepoint      ] Safepoint "G1CollectForAllocation", Time since last: 18340100 ns, Reaching safepoint: 30400 ns, At safepoint: 12887300 ns, Total: 12917700 ns
[2026-08-01T18:55:29.686+0900][2.442s][info ][gc,start       ] GC(42) Pause Young (Normal) (G1 Evacuation Pause)
[2026-08-01T18:55:29.686+0900][2.442s][debug][gc,heap        ] GC(42) Heap before GC invocations=42 (full 32):
[2026-08-01T18:55:29.686+0900][2.442s][debug][gc,heap        ] GC(42)  garbage-first heap   total 229376K, used 110464K [0x00000243aa000000, 0x0000027aaa000000)
[2026-08-01T18:55:29.686+0900][2.442s][debug][gc,heap        ] GC(42)   region size 32768K, 2 young (65536K), 1 survivors (32768K)
[2026-08-01T18:55:29.686+0900][2.442s][debug][gc,heap        ] GC(42)  Metaspace       used 7830K, committed 8192K, reserved 1114112K
[2026-08-01T18:55:29.686+0900][2.442s][debug][gc,heap        ] GC(42)   class space    used 710K, committed 896K, reserved 1048576K
[2026-08-01T18:55:29.686+0900][2.442s][info ][gc,task        ] GC(42) Using 5 workers of 18 for evacuation
[2026-08-01T18:55:29.704+0900][2.459s][info ][gc,phases      ] GC(42)   Pre Evacuate Collection Set: 0.1ms
[2026-08-01T18:55:29.704+0900][2.459s][info ][gc,phases      ] GC(42)   Merge Heap Roots: 0.2ms
[2026-08-01T18:55:29.704+0900][2.459s][info ][gc,phases      ] GC(42)   Evacuate Collection Set: 16.5ms
[2026-08-01T18:55:29.704+0900][2.459s][info ][gc,phases      ] GC(42)   Post Evacuate Collection Set: 0.2ms
[2026-08-01T18:55:29.704+0900][2.459s][info ][gc,phases      ] GC(42)   Other: 0.1ms
[2026-08-01T18:55:29.704+0900][2.460s][info ][gc,heap        ] GC(42) Eden regions: 1->0(1)
[2026-08-01T18:55:29.704+0900][2.460s][info ][gc,heap        ] GC(42) Survivor regions: 1->1(1)
[2026-08-01T18:55:29.704+0900][2.460s][info ][gc,heap        ] GC(42) Old regions: 2->3
[2026-08-01T18:55:29.704+0900][2.460s][info ][gc,heap        ] GC(42) Archive regions: 0->0
[2026-08-01T18:55:29.704+0900][2.460s][info ][gc,heap        ] GC(42) Humongous regions: 0->0
[2026-08-01T18:55:29.704+0900][2.460s][info ][gc,metaspace   ] GC(42) Metaspace: 7830K(8192K)->7830K(8192K) NonClass: 7120K(7296K)->7120K(7296K) Class: 710K(896K)->710K(896K)
[2026-08-01T18:55:29.704+0900][2.460s][debug][gc,heap        ] GC(42) Heap after GC invocations=43 (full 32):
[2026-08-01T18:55:29.704+0900][2.460s][debug][gc,heap        ] GC(42)  garbage-first heap   total 229376K, used 95728K [0x00000243aa000000, 0x0000027aaa000000)
[2026-08-01T18:55:29.704+0900][2.460s][debug][gc,heap        ] GC(42)   region size 32768K, 1 young (32768K), 1 survivors (32768K)
[2026-08-01T18:55:29.704+0900][2.460s][debug][gc,heap        ] GC(42)  Metaspace       used 7830K, committed 8192K, reserved 1114112K
[2026-08-01T18:55:29.704+0900][2.460s][debug][gc,heap        ] GC(42)   class space    used 710K, committed 896K, reserved 1048576K
[2026-08-01T18:55:29.704+0900][2.460s][info ][gc             ] GC(42) Pause Young (Normal) (G1 Evacuation Pause) 107M->93M(224M) 17.358ms
[2026-08-01T18:55:29.704+0900][2.460s][info ][gc,cpu         ] GC(42) User=0.08s Sys=0.00s Real=0.02s
[2026-08-01T18:55:29.704+0900][2.460s][info ][safepoint      ] Safepoint "G1CollectForAllocation", Time since last: 21205000 ns, Reaching safepoint: 33100 ns, At safepoint: 17416100 ns, Total: 17449200 ns
[2026-08-01T18:55:29.711+0900][2.467s][debug][gc,heap        ] Concurrent Uncommit Summary: 1024M, 32 regions, 21.276ms
[2026-08-01T18:55:29.741+0900][2.496s][info ][gc,start       ] GC(43) Pause Young (Normal) (G1 Evacuation Pause)
[2026-08-01T18:55:29.741+0900][2.497s][debug][gc,heap        ] GC(43) Heap before GC invocations=43 (full 32):
[2026-08-01T18:55:29.741+0900][2.497s][debug][gc,heap        ] GC(43)  garbage-first heap   total 229376K, used 128496K [0x00000243aa000000, 0x0000027aaa000000)
[2026-08-01T18:55:29.741+0900][2.497s][debug][gc,heap        ] GC(43)   region size 32768K, 2 young (65536K), 1 survivors (32768K)
[2026-08-01T18:55:29.741+0900][2.497s][debug][gc,heap        ] GC(43)  Metaspace       used 7900K, committed 8256K, reserved 1114112K
[2026-08-01T18:55:29.741+0900][2.497s][debug][gc,heap        ] GC(43)   class space    used 714K, committed 896K, reserved 1048576K
[2026-08-01T18:55:29.741+0900][2.497s][info ][gc,task        ] GC(43) Using 5 workers of 18 for evacuation
[2026-08-01T18:55:29.757+0900][2.512s][info ][gc,phases      ] GC(43)   Pre Evacuate Collection Set: 0.1ms
[2026-08-01T18:55:29.757+0900][2.512s][info ][gc,phases      ] GC(43)   Merge Heap Roots: 0.2ms
[2026-08-01T18:55:29.757+0900][2.512s][info ][gc,phases      ] GC(43)   Evacuate Collection Set: 13.4ms
[2026-08-01T18:55:29.757+0900][2.512s][info ][gc,phases      ] GC(43)   Post Evacuate Collection Set: 2.0ms
[2026-08-01T18:55:29.757+0900][2.512s][info ][gc,phases      ] GC(43)   Other: 0.1ms
[2026-08-01T18:55:29.757+0900][2.512s][info ][gc,heap        ] GC(43) Eden regions: 1->0(6)
[2026-08-01T18:55:29.757+0900][2.512s][info ][gc,heap        ] GC(43) Survivor regions: 1->1(1)
[2026-08-01T18:55:29.757+0900][2.512s][info ][gc,heap        ] GC(43) Old regions: 3->4
[2026-08-01T18:55:29.757+0900][2.512s][info ][gc,heap        ] GC(43) Archive regions: 0->0
[2026-08-01T18:55:29.757+0900][2.512s][info ][gc,heap        ] GC(43) Humongous regions: 0->0
[2026-08-01T18:55:29.757+0900][2.512s][info ][gc,metaspace   ] GC(43) Metaspace: 7900K(8256K)->7900K(8256K) NonClass: 7186K(7360K)->7186K(7360K) Class: 714K(896K)->714K(896K)
[2026-08-01T18:55:29.757+0900][2.512s][debug][gc,heap        ] GC(43) Heap after GC invocations=44 (full 32):
[2026-08-01T18:55:29.757+0900][2.512s][debug][gc,heap        ] GC(43)  garbage-first heap   total 1179648K, used 111494K [0x00000243aa000000, 0x0000027aaa000000)
[2026-08-01T18:55:29.757+0900][2.512s][debug][gc,heap        ] GC(43)   region size 32768K, 1 young (32768K), 1 survivors (32768K)
[2026-08-01T18:55:29.757+0900][2.512s][debug][gc,heap        ] GC(43)  Metaspace       used 7900K, committed 8256K, reserved 1114112K
[2026-08-01T18:55:29.757+0900][2.512s][debug][gc,heap        ] GC(43)   class space    used 714K, committed 896K, reserved 1048576K
[2026-08-01T18:55:29.757+0900][2.513s][info ][gc             ] GC(43) Pause Young (Normal) (G1 Evacuation Pause) 125M->108M(1152M) 16.048ms
[2026-08-01T18:55:29.757+0900][2.513s][info ][gc,cpu         ] GC(43) User=0.08s Sys=0.00s Real=0.02s
[2026-08-01T18:55:29.757+0900][2.513s][info ][safepoint      ] Safepoint "G1CollectForAllocation", Time since last: 36677200 ns, Reaching safepoint: 101200 ns, At safepoint: 16188500 ns, Total: 16289700 ns
[2026-08-01T18:55:30.026+0900][2.782s][info ][gc,start       ] GC(44) Pause Young (Normal) (G1 Evacuation Pause)
[2026-08-01T18:55:30.026+0900][2.782s][debug][gc,heap        ] GC(44) Heap before GC invocations=44 (full 32):
[2026-08-01T18:55:30.026+0900][2.782s][debug][gc,heap        ] GC(44)  garbage-first heap   total 1179648K, used 308102K [0x00000243aa000000, 0x0000027aaa000000)
[2026-08-01T18:55:30.026+0900][2.782s][debug][gc,heap        ] GC(44)   region size 32768K, 7 young (229376K), 1 survivors (32768K)
[2026-08-01T18:55:30.026+0900][2.782s][debug][gc,heap        ] GC(44)  Metaspace       used 8731K, committed 9216K, reserved 1114112K
[2026-08-01T18:55:30.026+0900][2.782s][debug][gc,heap        ] GC(44)   class space    used 788K, committed 1024K, reserved 1048576K
[2026-08-01T18:55:30.026+0900][2.782s][info ][gc,task        ] GC(44) Using 18 workers of 18 for evacuation
[2026-08-01T18:55:30.033+0900][2.789s][info ][gc,phases      ] GC(44)   Pre Evacuate Collection Set: 0.1ms
[2026-08-01T18:55:30.033+0900][2.789s][info ][gc,phases      ] GC(44)   Merge Heap Roots: 0.3ms
[2026-08-01T18:55:30.033+0900][2.789s][info ][gc,phases      ] GC(44)   Evacuate Collection Set: 5.8ms
[2026-08-01T18:55:30.033+0900][2.789s][info ][gc,phases      ] GC(44)   Post Evacuate Collection Set: 0.3ms
[2026-08-01T18:55:30.033+0900][2.789s][info ][gc,phases      ] GC(44)   Other: 0.3ms
[2026-08-01T18:55:30.033+0900][2.789s][info ][gc,heap        ] GC(44) Eden regions: 6->0(6)
[2026-08-01T18:55:30.033+0900][2.789s][info ][gc,heap        ] GC(44) Survivor regions: 1->1(1)
[2026-08-01T18:55:30.033+0900][2.789s][info ][gc,heap        ] GC(44) Old regions: 4->4
[2026-08-01T18:55:30.033+0900][2.789s][info ][gc,heap        ] GC(44) Archive regions: 0->0
[2026-08-01T18:55:30.033+0900][2.789s][info ][gc,heap        ] GC(44) Humongous regions: 0->0
[2026-08-01T18:55:30.033+0900][2.789s][info ][gc,metaspace   ] GC(44) Metaspace: 8731K(9216K)->8731K(9216K) NonClass: 7943K(8192K)->7943K(8192K) Class: 788K(1024K)->788K(1024K)
[2026-08-01T18:55:30.033+0900][2.789s][debug][gc,heap        ] GC(44) Heap after GC invocations=45 (full 32):
[2026-08-01T18:55:30.033+0900][2.789s][debug][gc,heap        ] GC(44)  garbage-first heap   total 1179648K, used 120856K [0x00000243aa000000, 0x0000027aaa000000)
[2026-08-01T18:55:30.033+0900][2.789s][debug][gc,heap        ] GC(44)   region size 32768K, 1 young (32768K), 1 survivors (32768K)
[2026-08-01T18:55:30.033+0900][2.789s][debug][gc,heap        ] GC(44)  Metaspace       used 8731K, committed 9216K, reserved 1114112K
[2026-08-01T18:55:30.033+0900][2.789s][debug][gc,heap        ] GC(44)   class space    used 788K, committed 1024K, reserved 1048576K
[2026-08-01T18:55:30.033+0900][2.789s][info ][gc             ] GC(44) Pause Young (Normal) (G1 Evacuation Pause) 300M->118M(1152M) 7.049ms
[2026-08-01T18:55:30.033+0900][2.789s][info ][gc,cpu         ] GC(44) User=0.27s Sys=0.02s Real=0.01s
[2026-08-01T18:55:30.033+0900][2.789s][info ][safepoint      ] Safepoint "G1CollectForAllocation", Time since last: 269016300 ns, Reaching safepoint: 79600 ns, At safepoint: 7095700 ns, Total: 7175300 ns
[2026-08-01T18:55:30.193+0900][2.950s][info ][gc,start       ] GC(45) Pause Young (Normal) (G1 Evacuation Pause)
[2026-08-01T18:55:30.193+0900][2.950s][debug][gc,heap        ] GC(45) Heap before GC invocations=45 (full 32):
[2026-08-01T18:55:30.194+0900][2.950s][debug][gc,heap        ] GC(45)  garbage-first heap   total 1179648K, used 317464K [0x00000243aa000000, 0x0000027aaa000000)
[2026-08-01T18:55:30.194+0900][2.950s][debug][gc,heap        ] GC(45)   region size 32768K, 7 young (229376K), 1 survivors (32768K)
[2026-08-01T18:55:30.194+0900][2.950s][debug][gc,heap        ] GC(45)  Metaspace       used 9067K, committed 9600K, reserved 1114112K
[2026-08-01T18:55:30.194+0900][2.950s][debug][gc,heap        ] GC(45)   class space    used 822K, committed 1088K, reserved 1048576K
[2026-08-01T18:55:30.194+0900][2.950s][info ][gc,task        ] GC(45) Using 18 workers of 18 for evacuation
[2026-08-01T18:55:30.202+0900][2.958s][info ][gc,phases      ] GC(45)   Pre Evacuate Collection Set: 0.1ms
[2026-08-01T18:55:30.202+0900][2.958s][info ][gc,phases      ] GC(45)   Merge Heap Roots: 0.3ms
[2026-08-01T18:55:30.202+0900][2.958s][info ][gc,phases      ] GC(45)   Evacuate Collection Set: 6.8ms
[2026-08-01T18:55:30.202+0900][2.958s][info ][gc,phases      ] GC(45)   Post Evacuate Collection Set: 0.3ms
[2026-08-01T18:55:30.202+0900][2.958s][info ][gc,phases      ] GC(45)   Other: 0.1ms
[2026-08-01T18:55:30.202+0900][2.958s][info ][gc,heap        ] GC(45) Eden regions: 6->0(6)
[2026-08-01T18:55:30.202+0900][2.958s][info ][gc,heap        ] GC(45) Survivor regions: 1->1(1)
[2026-08-01T18:55:30.202+0900][2.958s][info ][gc,heap        ] GC(45) Old regions: 4->5
[2026-08-01T18:55:30.202+0900][2.958s][info ][gc,heap        ] GC(45) Archive regions: 0->0
[2026-08-01T18:55:30.202+0900][2.958s][info ][gc,heap        ] GC(45) Humongous regions: 0->0
[2026-08-01T18:55:30.202+0900][2.958s][info ][gc,metaspace   ] GC(45) Metaspace: 9067K(9600K)->9067K(9600K) NonClass: 8244K(8512K)->8244K(8512K) Class: 822K(1088K)->822K(1088K)
[2026-08-01T18:55:30.202+0900][2.958s][debug][gc,heap        ] GC(45) Heap after GC invocations=46 (full 32):
[2026-08-01T18:55:30.202+0900][2.958s][debug][gc,heap        ] GC(45)  garbage-first heap   total 1179648K, used 143223K [0x00000243aa000000, 0x0000027aaa000000)
[2026-08-01T18:55:30.202+0900][2.958s][debug][gc,heap        ] GC(45)   region size 32768K, 1 young (32768K), 1 survivors (32768K)
[2026-08-01T18:55:30.202+0900][2.958s][debug][gc,heap        ] GC(45)  Metaspace       used 9067K, committed 9600K, reserved 1114112K
[2026-08-01T18:55:30.202+0900][2.958s][debug][gc,heap        ] GC(45)   class space    used 822K, committed 1088K, reserved 1048576K
[2026-08-01T18:55:30.202+0900][2.958s][info ][gc             ] GC(45) Pause Young (Normal) (G1 Evacuation Pause) 310M->139M(1152M) 7.836ms
[2026-08-01T18:55:30.202+0900][2.958s][info ][gc,cpu         ] GC(45) User=0.27s Sys=0.05s Real=0.01s
[2026-08-01T18:55:30.202+0900][2.958s][info ][safepoint      ] Safepoint "G1CollectForAllocation", Time since last: 161104800 ns, Reaching safepoint: 124500 ns, At safepoint: 7898200 ns, Total: 8022700 ns
[2026-08-01T18:55:30.335+0900][3.091s][info ][gc,start       ] GC(46) Pause Young (Normal) (G1 Evacuation Pause)
[2026-08-01T18:55:30.335+0900][3.092s][debug][gc,heap        ] GC(46) Heap before GC invocations=46 (full 32):
[2026-08-01T18:55:30.335+0900][3.092s][debug][gc,heap        ] GC(46)  garbage-first heap   total 1179648K, used 339831K [0x00000243aa000000, 0x0000027aaa000000)
[2026-08-01T18:55:30.335+0900][3.092s][debug][gc,heap        ] GC(46)   region size 32768K, 7 young (229376K), 1 survivors (32768K)
[2026-08-01T18:55:30.335+0900][3.092s][debug][gc,heap        ] GC(46)  Metaspace       used 9075K, committed 9600K, reserved 1114112K
[2026-08-01T18:55:30.335+0900][3.092s][debug][gc,heap        ] GC(46)   class space    used 822K, committed 1088K, reserved 1048576K
[2026-08-01T18:55:30.335+0900][3.092s][info ][gc,task        ] GC(46) Using 18 workers of 18 for evacuation
[2026-08-01T18:55:30.344+0900][3.101s][info ][gc,phases      ] GC(46)   Pre Evacuate Collection Set: 0.1ms
[2026-08-01T18:55:30.345+0900][3.101s][info ][gc,phases      ] GC(46)   Merge Heap Roots: 0.1ms
[2026-08-01T18:55:30.345+0900][3.101s][info ][gc,phases      ] GC(46)   Evacuate Collection Set: 8.4ms
[2026-08-01T18:55:30.345+0900][3.101s][info ][gc,phases      ] GC(46)   Post Evacuate Collection Set: 0.3ms
[2026-08-01T18:55:30.345+0900][3.101s][info ][gc,phases      ] GC(46)   Other: 0.1ms
[2026-08-01T18:55:30.345+0900][3.101s][info ][gc,heap        ] GC(46) Eden regions: 6->0(6)
[2026-08-01T18:55:30.345+0900][3.101s][info ][gc,heap        ] GC(46) Survivor regions: 1->1(1)
[2026-08-01T18:55:30.345+0900][3.101s][info ][gc,heap        ] GC(46) Old regions: 5->6
[2026-08-01T18:55:30.345+0900][3.101s][info ][gc,heap        ] GC(46) Archive regions: 0->0
[2026-08-01T18:55:30.345+0900][3.101s][info ][gc,heap        ] GC(46) Humongous regions: 0->0
[2026-08-01T18:55:30.345+0900][3.101s][info ][gc,metaspace   ] GC(46) Metaspace: 9075K(9600K)->9075K(9600K) NonClass: 8252K(8512K)->8252K(8512K) Class: 822K(1088K)->822K(1088K)
[2026-08-01T18:55:30.345+0900][3.101s][debug][gc,heap        ] GC(46) Heap after GC invocations=47 (full 32):
[2026-08-01T18:55:30.345+0900][3.101s][debug][gc,heap        ] GC(46)  garbage-first heap   total 1179648K, used 188255K [0x00000243aa000000, 0x0000027aaa000000)
[2026-08-01T18:55:30.345+0900][3.101s][debug][gc,heap        ] GC(46)   region size 32768K, 1 young (32768K), 1 survivors (32768K)
[2026-08-01T18:55:30.345+0900][3.101s][debug][gc,heap        ] GC(46)  Metaspace       used 9075K, committed 9600K, reserved 1114112K
[2026-08-01T18:55:30.345+0900][3.101s][debug][gc,heap        ] GC(46)   class space    used 822K, committed 1088K, reserved 1048576K
[2026-08-01T18:55:30.345+0900][3.101s][info ][gc             ] GC(46) Pause Young (Normal) (G1 Evacuation Pause) 331M->183M(1152M) 9.270ms
[2026-08-01T18:55:30.345+0900][3.101s][info ][gc,cpu         ] GC(46) User=0.27s Sys=0.02s Real=0.01s
[2026-08-01T18:55:30.345+0900][3.101s][info ][safepoint      ] Safepoint "G1CollectForAllocation", Time since last: 133411500 ns, Reaching safepoint: 116000 ns, At safepoint: 9324200 ns, Total: 9440200 ns
[2026-08-01T18:55:30.451+0900][3.207s][info ][gc,start       ] GC(47) Pause Young (Normal) (G1 Evacuation Pause)
[2026-08-01T18:55:30.451+0900][3.207s][debug][gc,heap        ] GC(47) Heap before GC invocations=47 (full 32):
[2026-08-01T18:55:30.451+0900][3.207s][debug][gc,heap        ] GC(47)  garbage-first heap   total 1179648K, used 384863K [0x00000243aa000000, 0x0000027aaa000000)
[2026-08-01T18:55:30.451+0900][3.207s][debug][gc,heap        ] GC(47)   region size 32768K, 7 young (229376K), 1 survivors (32768K)
[2026-08-01T18:55:30.451+0900][3.207s][debug][gc,heap        ] GC(47)  Metaspace       used 9096K, committed 9600K, reserved 1114112K
[2026-08-01T18:55:30.451+0900][3.207s][debug][gc,heap        ] GC(47)   class space    used 822K, committed 1088K, reserved 1048576K
[2026-08-01T18:55:30.451+0900][3.207s][info ][gc,task        ] GC(47) Using 18 workers of 18 for evacuation
[2026-08-01T18:55:30.458+0900][3.215s][info ][gc,phases      ] GC(47)   Pre Evacuate Collection Set: 0.1ms
[2026-08-01T18:55:30.459+0900][3.215s][info ][gc,phases      ] GC(47)   Merge Heap Roots: 0.2ms
[2026-08-01T18:55:30.459+0900][3.215s][info ][gc,phases      ] GC(47)   Evacuate Collection Set: 4.4ms
[2026-08-01T18:55:30.459+0900][3.215s][info ][gc,phases      ] GC(47)   Post Evacuate Collection Set: 2.9ms
[2026-08-01T18:55:30.459+0900][3.215s][info ][gc,phases      ] GC(47)   Other: 0.1ms
[2026-08-01T18:55:30.459+0900][3.215s][info ][gc,heap        ] GC(47) Eden regions: 6->0(13)
[2026-08-01T18:55:30.459+0900][3.215s][info ][gc,heap        ] GC(47) Survivor regions: 1->1(1)
[2026-08-01T18:55:30.459+0900][3.215s][info ][gc,heap        ] GC(47) Old regions: 6->6
[2026-08-01T18:55:30.459+0900][3.215s][info ][gc,heap        ] GC(47) Archive regions: 0->0
[2026-08-01T18:55:30.459+0900][3.215s][info ][gc,heap        ] GC(47) Humongous regions: 0->0
[2026-08-01T18:55:30.459+0900][3.215s][info ][gc,metaspace   ] GC(47) Metaspace: 9096K(9600K)->9096K(9600K) NonClass: 8273K(8512K)->8273K(8512K) Class: 822K(1088K)->822K(1088K)
[2026-08-01T18:55:30.459+0900][3.215s][debug][gc,heap        ] GC(47) Heap after GC invocations=48 (full 32):
[2026-08-01T18:55:30.459+0900][3.215s][debug][gc,heap        ] GC(47)  garbage-first heap   total 2359296K, used 191953K [0x00000243aa000000, 0x0000027aaa000000)
[2026-08-01T18:55:30.459+0900][3.215s][debug][gc,heap        ] GC(47)   region size 32768K, 1 young (32768K), 1 survivors (32768K)
[2026-08-01T18:55:30.459+0900][3.215s][debug][gc,heap        ] GC(47)  Metaspace       used 9096K, committed 9600K, reserved 1114112K
[2026-08-01T18:55:30.459+0900][3.215s][debug][gc,heap        ] GC(47)   class space    used 822K, committed 1088K, reserved 1048576K
[2026-08-01T18:55:30.459+0900][3.215s][info ][gc             ] GC(47) Pause Young (Normal) (G1 Evacuation Pause) 375M->187M(2304M) 8.022ms
[2026-08-01T18:55:30.459+0900][3.215s][info ][gc,cpu         ] GC(47) User=0.00s Sys=0.00s Real=0.01s
[2026-08-01T18:55:30.459+0900][3.215s][info ][safepoint      ] Safepoint "G1CollectForAllocation", Time since last: 105924600 ns, Reaching safepoint: 314800 ns, At safepoint: 8129800 ns, Total: 8444600 ns
[2026-08-01T18:55:30.778+0900][3.534s][info ][gc,start       ] GC(48) Pause Young (Normal) (G1 Evacuation Pause)
[2026-08-01T18:55:30.778+0900][3.534s][debug][gc,heap        ] GC(48) Heap before GC invocations=48 (full 32):
[2026-08-01T18:55:30.778+0900][3.534s][debug][gc,heap        ] GC(48)  garbage-first heap   total 2359296K, used 617937K [0x00000243aa000000, 0x0000027aaa000000)
[2026-08-01T18:55:30.778+0900][3.534s][debug][gc,heap        ] GC(48)   region size 32768K, 14 young (458752K), 1 survivors (32768K)
[2026-08-01T18:55:30.778+0900][3.534s][debug][gc,heap        ] GC(48)  Metaspace       used 9115K, committed 9600K, reserved 1114112K
[2026-08-01T18:55:30.778+0900][3.534s][debug][gc,heap        ] GC(48)   class space    used 822K, committed 1088K, reserved 1048576K
[2026-08-01T18:55:30.778+0900][3.534s][info ][gc,task        ] GC(48) Using 18 workers of 18 for evacuation
[2026-08-01T18:55:30.786+0900][3.542s][info ][gc,phases      ] GC(48)   Pre Evacuate Collection Set: 0.1ms
[2026-08-01T18:55:30.786+0900][3.542s][info ][gc,phases      ] GC(48)   Merge Heap Roots: 0.1ms
[2026-08-01T18:55:30.786+0900][3.542s][info ][gc,phases      ] GC(48)   Evacuate Collection Set: 7.4ms
[2026-08-01T18:55:30.786+0900][3.542s][info ][gc,phases      ] GC(48)   Post Evacuate Collection Set: 0.3ms
[2026-08-01T18:55:30.786+0900][3.542s][info ][gc,phases      ] GC(48)   Other: 0.1ms
[2026-08-01T18:55:30.786+0900][3.542s][info ][gc,heap        ] GC(48) Eden regions: 13->0(12)
[2026-08-01T18:55:30.786+0900][3.542s][info ][gc,heap        ] GC(48) Survivor regions: 1->2(2)
[2026-08-01T18:55:30.786+0900][3.542s][info ][gc,heap        ] GC(48) Old regions: 6->6
[2026-08-01T18:55:30.786+0900][3.542s][info ][gc,heap        ] GC(48) Archive regions: 0->0
[2026-08-01T18:55:30.786+0900][3.542s][info ][gc,heap        ] GC(48) Humongous regions: 0->0
[2026-08-01T18:55:30.786+0900][3.542s][info ][gc,metaspace   ] GC(48) Metaspace: 9115K(9600K)->9115K(9600K) NonClass: 8292K(8512K)->8292K(8512K) Class: 822K(1088K)->822K(1088K)
[2026-08-01T18:55:30.786+0900][3.542s][debug][gc,heap        ] GC(48) Heap after GC invocations=49 (full 32):
[2026-08-01T18:55:30.786+0900][3.542s][debug][gc,heap        ] GC(48)  garbage-first heap   total 2359296K, used 207921K [0x00000243aa000000, 0x0000027aaa000000)
[2026-08-01T18:55:30.786+0900][3.542s][debug][gc,heap        ] GC(48)   region size 32768K, 2 young (65536K), 2 survivors (65536K)
[2026-08-01T18:55:30.786+0900][3.542s][debug][gc,heap        ] GC(48)  Metaspace       used 9115K, committed 9600K, reserved 1114112K
[2026-08-01T18:55:30.786+0900][3.542s][debug][gc,heap        ] GC(48)   class space    used 822K, committed 1088K, reserved 1048576K
[2026-08-01T18:55:30.786+0900][3.542s][info ][gc             ] GC(48) Pause Young (Normal) (G1 Evacuation Pause) 603M->203M(2304M) 8.310ms
[2026-08-01T18:55:30.786+0900][3.542s][info ][gc,cpu         ] GC(48) User=0.00s Sys=0.00s Real=0.01s
[2026-08-01T18:55:30.786+0900][3.542s][info ][safepoint      ] Safepoint "G1CollectForAllocation", Time since last: 318560900 ns, Reaching safepoint: 104100 ns, At safepoint: 8357400 ns, Total: 8461500 ns
[2026-08-01T18:55:30.941+0900][3.697s][info ][gc,start       ] GC(49) Pause Young (Normal) (G1 Evacuation Pause)
[2026-08-01T18:55:30.941+0900][3.697s][debug][gc,heap        ] GC(49) Heap before GC invocations=49 (full 32):
[2026-08-01T18:55:30.941+0900][3.697s][debug][gc,heap        ] GC(49)  garbage-first heap   total 2359296K, used 601137K [0x00000243aa000000, 0x0000027aaa000000)
[2026-08-01T18:55:30.941+0900][3.697s][debug][gc,heap        ] GC(49)   region size 32768K, 14 young (458752K), 2 survivors (65536K)
[2026-08-01T18:55:30.941+0900][3.697s][debug][gc,heap        ] GC(49)  Metaspace       used 9115K, committed 9600K, reserved 1114112K
[2026-08-01T18:55:30.941+0900][3.697s][debug][gc,heap        ] GC(49)   class space    used 822K, committed 1088K, reserved 1048576K
[2026-08-01T18:55:30.941+0900][3.697s][info ][gc,task        ] GC(49) Using 18 workers of 18 for evacuation
[2026-08-01T18:55:30.947+0900][3.703s][info ][gc,phases      ] GC(49)   Pre Evacuate Collection Set: 0.1ms
[2026-08-01T18:55:30.947+0900][3.703s][info ][gc,phases      ] GC(49)   Merge Heap Roots: 0.1ms
[2026-08-01T18:55:30.947+0900][3.703s][info ][gc,phases      ] GC(49)   Evacuate Collection Set: 6.0ms
[2026-08-01T18:55:30.947+0900][3.703s][info ][gc,phases      ] GC(49)   Post Evacuate Collection Set: 0.2ms
[2026-08-01T18:55:30.947+0900][3.703s][info ][gc,phases      ] GC(49)   Other: 0.1ms
[2026-08-01T18:55:30.947+0900][3.703s][info ][gc,heap        ] GC(49) Eden regions: 12->0(12)
[2026-08-01T18:55:30.947+0900][3.703s][info ][gc,heap        ] GC(49) Survivor regions: 2->2(2)
[2026-08-01T18:55:30.947+0900][3.703s][info ][gc,heap        ] GC(49) Old regions: 6->7
[2026-08-01T18:55:30.947+0900][3.703s][info ][gc,heap        ] GC(49) Archive regions: 0->0
[2026-08-01T18:55:30.947+0900][3.703s][info ][gc,heap        ] GC(49) Humongous regions: 0->0
[2026-08-01T18:55:30.947+0900][3.703s][info ][gc,metaspace   ] GC(49) Metaspace: 9115K(9600K)->9115K(9600K) NonClass: 8292K(8512K)->8292K(8512K) Class: 822K(1088K)->822K(1088K)
[2026-08-01T18:55:30.947+0900][3.703s][debug][gc,heap        ] GC(49) Heap after GC invocations=50 (full 32):
[2026-08-01T18:55:30.947+0900][3.703s][debug][gc,heap        ] GC(49)  garbage-first heap   total 2359296K, used 222864K [0x00000243aa000000, 0x0000027aaa000000)
[2026-08-01T18:55:30.947+0900][3.703s][debug][gc,heap        ] GC(49)   region size 32768K, 2 young (65536K), 2 survivors (65536K)
[2026-08-01T18:55:30.947+0900][3.703s][debug][gc,heap        ] GC(49)  Metaspace       used 9115K, committed 9600K, reserved 1114112K
[2026-08-01T18:55:30.947+0900][3.703s][debug][gc,heap        ] GC(49)   class space    used 822K, committed 1088K, reserved 1048576K
[2026-08-01T18:55:30.947+0900][3.703s][info ][gc             ] GC(49) Pause Young (Normal) (G1 Evacuation Pause) 587M->217M(2304M) 6.892ms
[2026-08-01T18:55:30.947+0900][3.703s][info ][gc,cpu         ] GC(49) User=0.00s Sys=0.00s Real=0.01s
[2026-08-01T18:55:30.947+0900][3.703s][info ][safepoint      ] Safepoint "G1CollectForAllocation", Time since last: 154213500 ns, Reaching safepoint: 95500 ns, At safepoint: 6942900 ns, Total: 7038400 ns
[2026-08-01T18:55:31.104+0900][3.860s][info ][gc,start       ] GC(50) Pause Young (Normal) (G1 Evacuation Pause)
[2026-08-01T18:55:31.104+0900][3.861s][debug][gc,heap        ] GC(50) Heap before GC invocations=50 (full 32):
[2026-08-01T18:55:31.104+0900][3.861s][debug][gc,heap        ] GC(50)  garbage-first heap   total 2359296K, used 616080K [0x00000243aa000000, 0x0000027aaa000000)
[2026-08-01T18:55:31.104+0900][3.861s][debug][gc,heap        ] GC(50)   region size 32768K, 14 young (458752K), 2 survivors (65536K)
[2026-08-01T18:55:31.104+0900][3.861s][debug][gc,heap        ] GC(50)  Metaspace       used 9115K, committed 9600K, reserved 1114112K
[2026-08-01T18:55:31.104+0900][3.861s][debug][gc,heap        ] GC(50)   class space    used 822K, committed 1088K, reserved 1048576K
[2026-08-01T18:55:31.105+0900][3.861s][info ][gc,task        ] GC(50) Using 18 workers of 18 for evacuation
[2026-08-01T18:55:31.110+0900][3.867s][info ][gc,phases      ] GC(50)   Pre Evacuate Collection Set: 0.1ms
[2026-08-01T18:55:31.110+0900][3.867s][info ][gc,phases      ] GC(50)   Merge Heap Roots: 0.1ms
[2026-08-01T18:55:31.110+0900][3.867s][info ][gc,phases      ] GC(50)   Evacuate Collection Set: 5.7ms
[2026-08-01T18:55:31.110+0900][3.867s][info ][gc,phases      ] GC(50)   Post Evacuate Collection Set: 0.2ms
[2026-08-01T18:55:31.110+0900][3.867s][info ][gc,phases      ] GC(50)   Other: 0.1ms
[2026-08-01T18:55:31.110+0900][3.867s][info ][gc,heap        ] GC(50) Eden regions: 12->0(13)
[2026-08-01T18:55:31.110+0900][3.867s][info ][gc,heap        ] GC(50) Survivor regions: 2->1(2)
[2026-08-01T18:55:31.110+0900][3.867s][info ][gc,heap        ] GC(50) Old regions: 7->7
[2026-08-01T18:55:31.110+0900][3.867s][info ][gc,heap        ] GC(50) Archive regions: 0->0
[2026-08-01T18:55:31.110+0900][3.867s][info ][gc,heap        ] GC(50) Humongous regions: 0->0
[2026-08-01T18:55:31.110+0900][3.867s][info ][gc,metaspace   ] GC(50) Metaspace: 9115K(9600K)->9115K(9600K) NonClass: 8292K(8512K)->8292K(8512K) Class: 822K(1088K)->822K(1088K)
[2026-08-01T18:55:31.110+0900][3.867s][debug][gc,heap        ] GC(50) Heap after GC invocations=51 (full 32):
[2026-08-01T18:55:31.110+0900][3.867s][debug][gc,heap        ] GC(50)  garbage-first heap   total 2359296K, used 238340K [0x00000243aa000000, 0x0000027aaa000000)
[2026-08-01T18:55:31.110+0900][3.867s][debug][gc,heap        ] GC(50)   region size 32768K, 1 young (32768K), 1 survivors (32768K)
[2026-08-01T18:55:31.111+0900][3.867s][debug][gc,heap        ] GC(50)  Metaspace       used 9115K, committed 9600K, reserved 1114112K
[2026-08-01T18:55:31.111+0900][3.867s][debug][gc,heap        ] GC(50)   class space    used 822K, committed 1088K, reserved 1048576K
[2026-08-01T18:55:31.111+0900][3.867s][info ][gc             ] GC(50) Pause Young (Normal) (G1 Evacuation Pause) 601M->232M(2304M) 6.670ms
[2026-08-01T18:55:31.111+0900][3.867s][info ][gc,cpu         ] GC(50) User=0.30s Sys=0.00s Real=0.01s
[2026-08-01T18:55:31.111+0900][3.867s][info ][safepoint      ] Safepoint "G1CollectForAllocation", Time since last: 156923800 ns, Reaching safepoint: 50800 ns, At safepoint: 6720100 ns, Total: 6770900 ns
[2026-08-01T18:55:31.275+0900][4.032s][info ][gc,start       ] GC(51) Pause Young (Normal) (G1 Evacuation Pause)
[2026-08-01T18:55:31.275+0900][4.032s][debug][gc,heap        ] GC(51) Heap before GC invocations=51 (full 32):
[2026-08-01T18:55:31.275+0900][4.032s][debug][gc,heap        ] GC(51)  garbage-first heap   total 2359296K, used 664324K [0x00000243aa000000, 0x0000027aaa000000)
[2026-08-01T18:55:31.275+0900][4.032s][debug][gc,heap        ] GC(51)   region size 32768K, 14 young (458752K), 1 survivors (32768K)
[2026-08-01T18:55:31.275+0900][4.032s][debug][gc,heap        ] GC(51)  Metaspace       used 9115K, committed 9600K, reserved 1114112K
[2026-08-01T18:55:31.275+0900][4.032s][debug][gc,heap        ] GC(51)   class space    used 822K, committed 1088K, reserved 1048576K
[2026-08-01T18:55:31.275+0900][4.032s][info ][gc,task        ] GC(51) Using 18 workers of 18 for evacuation
[2026-08-01T18:55:31.285+0900][4.041s][info ][gc,phases      ] GC(51)   Pre Evacuate Collection Set: 0.1ms
[2026-08-01T18:55:31.285+0900][4.041s][info ][gc,phases      ] GC(51)   Merge Heap Roots: 0.1ms
[2026-08-01T18:55:31.285+0900][4.041s][info ][gc,phases      ] GC(51)   Evacuate Collection Set: 6.2ms
[2026-08-01T18:55:31.285+0900][4.041s][info ][gc,phases      ] GC(51)   Post Evacuate Collection Set: 2.9ms
[2026-08-01T18:55:31.285+0900][4.041s][info ][gc,phases      ] GC(51)   Other: 0.1ms
[2026-08-01T18:55:31.285+0900][4.041s][info ][gc,heap        ] GC(51) Eden regions: 13->0(18)
[2026-08-01T18:55:31.285+0900][4.041s][info ][gc,heap        ] GC(51) Survivor regions: 1->2(2)
[2026-08-01T18:55:31.285+0900][4.041s][info ][gc,heap        ] GC(51) Old regions: 7->7
[2026-08-01T18:55:31.285+0900][4.042s][info ][gc,heap        ] GC(51) Archive regions: 0->0
[2026-08-01T18:55:31.285+0900][4.042s][info ][gc,heap        ] GC(51) Humongous regions: 0->0
[2026-08-01T18:55:31.285+0900][4.042s][info ][gc,metaspace   ] GC(51) Metaspace: 9115K(9600K)->9115K(9600K) NonClass: 8292K(8512K)->8292K(8512K) Class: 822K(1088K)->822K(1088K)
[2026-08-01T18:55:31.285+0900][4.042s][debug][gc,heap        ] GC(51) Heap after GC invocations=52 (full 32):
[2026-08-01T18:55:31.285+0900][4.042s][debug][gc,heap        ] GC(51)  garbage-first heap   total 3375104K, used 251224K [0x00000243aa000000, 0x0000027aaa000000)
[2026-08-01T18:55:31.285+0900][4.042s][debug][gc,heap        ] GC(51)   region size 32768K, 2 young (65536K), 2 survivors (65536K)
[2026-08-01T18:55:31.285+0900][4.042s][debug][gc,heap        ] GC(51)  Metaspace       used 9115K, committed 9600K, reserved 1114112K
[2026-08-01T18:55:31.285+0900][4.042s][debug][gc,heap        ] GC(51)   class space    used 822K, committed 1088K, reserved 1048576K
[2026-08-01T18:55:31.285+0900][4.042s][info ][gc             ] GC(51) Pause Young (Normal) (G1 Evacuation Pause) 648M->245M(3296M) 9.853ms
[2026-08-01T18:55:31.285+0900][4.042s][info ][gc,cpu         ] GC(51) User=0.08s Sys=0.20s Real=0.01s
[2026-08-01T18:55:31.285+0900][4.042s][info ][safepoint      ] Safepoint "G1CollectForAllocation", Time since last: 164504900 ns, Reaching safepoint: 96000 ns, At safepoint: 9956400 ns, Total: 10052400 ns
[2026-08-01T18:55:31.646+0900][4.402s][info ][gc,start       ] GC(52) Pause Young (Normal) (G1 Evacuation Pause)
[2026-08-01T18:55:31.646+0900][4.402s][debug][gc,heap        ] GC(52) Heap before GC invocations=52 (full 32):
[2026-08-01T18:55:31.646+0900][4.402s][debug][gc,heap        ] GC(52)  garbage-first heap   total 3375104K, used 841048K [0x00000243aa000000, 0x0000027aaa000000)
[2026-08-01T18:55:31.646+0900][4.402s][debug][gc,heap        ] GC(52)   region size 32768K, 20 young (655360K), 2 survivors (65536K)
[2026-08-01T18:55:31.646+0900][4.402s][debug][gc,heap        ] GC(52)  Metaspace       used 9115K, committed 9600K, reserved 1114112K
[2026-08-01T18:55:31.646+0900][4.402s][debug][gc,heap        ] GC(52)   class space    used 822K, committed 1088K, reserved 1048576K
[2026-08-01T18:55:31.646+0900][4.402s][info ][gc,task        ] GC(52) Using 18 workers of 18 for evacuation
[2026-08-01T18:55:31.657+0900][4.413s][info ][gc,phases      ] GC(52)   Pre Evacuate Collection Set: 0.1ms
[2026-08-01T18:55:31.657+0900][4.413s][info ][gc,phases      ] GC(52)   Merge Heap Roots: 0.1ms
[2026-08-01T18:55:31.657+0900][4.413s][info ][gc,phases      ] GC(52)   Evacuate Collection Set: 9.9ms
[2026-08-01T18:55:31.657+0900][4.413s][info ][gc,phases      ] GC(52)   Post Evacuate Collection Set: 0.2ms
[2026-08-01T18:55:31.657+0900][4.413s][info ][gc,phases      ] GC(52)   Other: 0.1ms
[2026-08-01T18:55:31.657+0900][4.413s][info ][gc,heap        ] GC(52) Eden regions: 18->0(18)
[2026-08-01T18:55:31.657+0900][4.413s][info ][gc,heap        ] GC(52) Survivor regions: 2->2(3)
[2026-08-01T18:55:31.657+0900][4.413s][info ][gc,heap        ] GC(52) Old regions: 7->7
[2026-08-01T18:55:31.657+0900][4.413s][info ][gc,heap        ] GC(52) Archive regions: 0->0
[2026-08-01T18:55:31.657+0900][4.413s][info ][gc,heap        ] GC(52) Humongous regions: 0->0
[2026-08-01T18:55:31.657+0900][4.413s][info ][gc,metaspace   ] GC(52) Metaspace: 9115K(9600K)->9115K(9600K) NonClass: 8292K(8512K)->8292K(8512K) Class: 822K(1088K)->822K(1088K)
[2026-08-01T18:55:31.657+0900][4.413s][debug][gc,heap        ] GC(52) Heap after GC invocations=53 (full 32):
[2026-08-01T18:55:31.657+0900][4.413s][debug][gc,heap        ] GC(52)  garbage-first heap   total 3375104K, used 272021K [0x00000243aa000000, 0x0000027aaa000000)
[2026-08-01T18:55:31.657+0900][4.413s][debug][gc,heap        ] GC(52)   region size 32768K, 2 young (65536K), 2 survivors (65536K)
[2026-08-01T18:55:31.657+0900][4.413s][debug][gc,heap        ] GC(52)  Metaspace       used 9115K, committed 9600K, reserved 1114112K
[2026-08-01T18:55:31.657+0900][4.413s][debug][gc,heap        ] GC(52)   class space    used 822K, committed 1088K, reserved 1048576K
[2026-08-01T18:55:31.657+0900][4.413s][info ][gc             ] GC(52) Pause Young (Normal) (G1 Evacuation Pause) 821M->265M(3296M) 10.789ms
[2026-08-01T18:55:31.657+0900][4.413s][info ][gc,cpu         ] GC(52) User=0.23s Sys=0.05s Real=0.01s
[2026-08-01T18:55:31.657+0900][4.413s][info ][safepoint      ] Safepoint "G1CollectForAllocation", Time since last: 360291600 ns, Reaching safepoint: 101400 ns, At safepoint: 10831200 ns, Total: 10932600 ns
[2026-08-01T18:55:31.879+0900][4.635s][info ][gc,start       ] GC(53) Pause Young (Normal) (G1 Evacuation Pause)
[2026-08-01T18:55:31.879+0900][4.635s][debug][gc,heap        ] GC(53) Heap before GC invocations=53 (full 32):
[2026-08-01T18:55:31.879+0900][4.635s][debug][gc,heap        ] GC(53)  garbage-first heap   total 3375104K, used 861845K [0x00000243aa000000, 0x0000027aaa000000)
[2026-08-01T18:55:31.879+0900][4.635s][debug][gc,heap        ] GC(53)   region size 32768K, 20 young (655360K), 2 survivors (65536K)
[2026-08-01T18:55:31.879+0900][4.635s][debug][gc,heap        ] GC(53)  Metaspace       used 9115K, committed 9600K, reserved 1114112K
[2026-08-01T18:55:31.879+0900][4.635s][debug][gc,heap        ] GC(53)   class space    used 822K, committed 1088K, reserved 1048576K
[2026-08-01T18:55:31.879+0900][4.635s][info ][gc,task        ] GC(53) Using 18 workers of 18 for evacuation
[2026-08-01T18:55:31.892+0900][4.649s][info ][gc,phases      ] GC(53)   Pre Evacuate Collection Set: 0.1ms
[2026-08-01T18:55:31.892+0900][4.649s][info ][gc,phases      ] GC(53)   Merge Heap Roots: 0.1ms
[2026-08-01T18:55:31.892+0900][4.649s][info ][gc,phases      ] GC(53)   Evacuate Collection Set: 12.7ms
[2026-08-01T18:55:31.892+0900][4.649s][info ][gc,phases      ] GC(53)   Post Evacuate Collection Set: 0.2ms
[2026-08-01T18:55:31.892+0900][4.649s][info ][gc,phases      ] GC(53)   Other: 0.1ms
[2026-08-01T18:55:31.892+0900][4.649s][info ][gc,heap        ] GC(53) Eden regions: 18->0(17)
[2026-08-01T18:55:31.892+0900][4.649s][info ][gc,heap        ] GC(53) Survivor regions: 2->3(3)
[2026-08-01T18:55:31.892+0900][4.649s][info ][gc,heap        ] GC(53) Old regions: 7->8
[2026-08-01T18:55:31.892+0900][4.649s][info ][gc,heap        ] GC(53) Archive regions: 0->0
[2026-08-01T18:55:31.892+0900][4.649s][info ][gc,heap        ] GC(53) Humongous regions: 0->0
[2026-08-01T18:55:31.892+0900][4.649s][info ][gc,metaspace   ] GC(53) Metaspace: 9115K(9600K)->9115K(9600K) NonClass: 8292K(8512K)->8292K(8512K) Class: 822K(1088K)->822K(1088K)
[2026-08-01T18:55:31.892+0900][4.649s][debug][gc,heap        ] GC(53) Heap after GC invocations=54 (full 32):
[2026-08-01T18:55:31.892+0900][4.649s][debug][gc,heap        ] GC(53)  garbage-first heap   total 3375104K, used 294230K [0x00000243aa000000, 0x0000027aaa000000)
[2026-08-01T18:55:31.892+0900][4.649s][debug][gc,heap        ] GC(53)   region size 32768K, 3 young (98304K), 3 survivors (98304K)
[2026-08-01T18:55:31.892+0900][4.649s][debug][gc,heap        ] GC(53)  Metaspace       used 9115K, committed 9600K, reserved 1114112K
[2026-08-01T18:55:31.892+0900][4.649s][debug][gc,heap        ] GC(53)   class space    used 822K, committed 1088K, reserved 1048576K
[2026-08-01T18:55:31.892+0900][4.649s][info ][gc             ] GC(53) Pause Young (Normal) (G1 Evacuation Pause) 841M->287M(3296M) 13.539ms
[2026-08-01T18:55:31.892+0900][4.649s][info ][gc,cpu         ] GC(53) User=0.17s Sys=0.11s Real=0.01s
[2026-08-01T18:55:31.893+0900][4.649s][info ][safepoint      ] Safepoint "G1CollectForAllocation", Time since last: 222146000 ns, Reaching safepoint: 104000 ns, At safepoint: 13598400 ns, Total: 13702400 ns
[2026-08-01T18:55:32.104+0900][4.860s][info ][gc,start       ] GC(54) Pause Young (Normal) (G1 Evacuation Pause)
[2026-08-01T18:55:32.104+0900][4.860s][debug][gc,heap        ] GC(54) Heap before GC invocations=54 (full 32):
[2026-08-01T18:55:32.104+0900][4.860s][debug][gc,heap        ] GC(54)  garbage-first heap   total 3375104K, used 851286K [0x00000243aa000000, 0x0000027aaa000000)
[2026-08-01T18:55:32.104+0900][4.860s][debug][gc,heap        ] GC(54)   region size 32768K, 20 young (655360K), 3 survivors (98304K)
[2026-08-01T18:55:32.104+0900][4.860s][debug][gc,heap        ] GC(54)  Metaspace       used 9115K, committed 9600K, reserved 1114112K
[2026-08-01T18:55:32.104+0900][4.860s][debug][gc,heap        ] GC(54)   class space    used 822K, committed 1088K, reserved 1048576K
[2026-08-01T18:55:32.104+0900][4.860s][info ][gc,task        ] GC(54) Using 18 workers of 18 for evacuation
[2026-08-01T18:55:32.116+0900][4.872s][info ][gc,phases      ] GC(54)   Pre Evacuate Collection Set: 0.1ms
[2026-08-01T18:55:32.116+0900][4.872s][info ][gc,phases      ] GC(54)   Merge Heap Roots: 0.1ms
[2026-08-01T18:55:32.116+0900][4.872s][info ][gc,phases      ] GC(54)   Evacuate Collection Set: 11.5ms
[2026-08-01T18:55:32.116+0900][4.872s][info ][gc,phases      ] GC(54)   Post Evacuate Collection Set: 0.2ms
[2026-08-01T18:55:32.116+0900][4.872s][info ][gc,phases      ] GC(54)   Other: 0.1ms
[2026-08-01T18:55:32.116+0900][4.872s][info ][gc,heap        ] GC(54) Eden regions: 17->0(18)
[2026-08-01T18:55:32.116+0900][4.872s][info ][gc,heap        ] GC(54) Survivor regions: 3->2(3)
[2026-08-01T18:55:32.116+0900][4.872s][info ][gc,heap        ] GC(54) Old regions: 8->9
[2026-08-01T18:55:32.116+0900][4.872s][info ][gc,heap        ] GC(54) Archive regions: 0->0
[2026-08-01T18:55:32.116+0900][4.872s][info ][gc,heap        ] GC(54) Humongous regions: 0->0
[2026-08-01T18:55:32.116+0900][4.872s][info ][gc,metaspace   ] GC(54) Metaspace: 9115K(9600K)->9115K(9600K) NonClass: 8292K(8512K)->8292K(8512K) Class: 822K(1088K)->822K(1088K)
[2026-08-01T18:55:32.116+0900][4.872s][debug][gc,heap        ] GC(54) Heap after GC invocations=55 (full 32):
[2026-08-01T18:55:32.116+0900][4.872s][debug][gc,heap        ] GC(54)  garbage-first heap   total 3375104K, used 313999K [0x00000243aa000000, 0x0000027aaa000000)
[2026-08-01T18:55:32.116+0900][4.872s][debug][gc,heap        ] GC(54)   region size 32768K, 2 young (65536K), 2 survivors (65536K)
[2026-08-01T18:55:32.116+0900][4.872s][debug][gc,heap        ] GC(54)  Metaspace       used 9115K, committed 9600K, reserved 1114112K
[2026-08-01T18:55:32.116+0900][4.872s][debug][gc,heap        ] GC(54)   class space    used 822K, committed 1088K, reserved 1048576K
[2026-08-01T18:55:32.117+0900][4.872s][info ][gc             ] GC(54) Pause Young (Normal) (G1 Evacuation Pause) 831M->306M(3296M) 12.397ms
[2026-08-01T18:55:32.117+0900][4.872s][info ][gc,cpu         ] GC(54) User=0.12s Sys=0.16s Real=0.01s
[2026-08-01T18:55:32.117+0900][4.872s][info ][safepoint      ] Safepoint "G1CollectForAllocation", Time since last: 211197200 ns, Reaching safepoint: 75200 ns, At safepoint: 12454800 ns, Total: 12530000 ns
[2026-08-01T18:55:32.343+0900][5.100s][info ][gc,start       ] GC(55) Pause Young (Normal) (G1 Evacuation Pause)
[2026-08-01T18:55:32.343+0900][5.100s][debug][gc,heap        ] GC(55) Heap before GC invocations=55 (full 32):
[2026-08-01T18:55:32.343+0900][5.100s][debug][gc,heap        ] GC(55)  garbage-first heap   total 3375104K, used 903823K [0x00000243aa000000, 0x0000027aaa000000)
[2026-08-01T18:55:32.343+0900][5.100s][debug][gc,heap        ] GC(55)   region size 32768K, 20 young (655360K), 2 survivors (65536K)
[2026-08-01T18:55:32.343+0900][5.100s][debug][gc,heap        ] GC(55)  Metaspace       used 9115K, committed 9600K, reserved 1114112K
[2026-08-01T18:55:32.344+0900][5.100s][debug][gc,heap        ] GC(55)   class space    used 822K, committed 1088K, reserved 1048576K
[2026-08-01T18:55:32.344+0900][5.100s][info ][gc,task        ] GC(55) Using 18 workers of 18 for evacuation
[2026-08-01T18:55:32.359+0900][5.115s][info ][gc,phases      ] GC(55)   Pre Evacuate Collection Set: 0.1ms
[2026-08-01T18:55:32.359+0900][5.115s][info ][gc,phases      ] GC(55)   Merge Heap Roots: 0.4ms
[2026-08-01T18:55:32.359+0900][5.115s][info ][gc,phases      ] GC(55)   Evacuate Collection Set: 9.7ms
[2026-08-01T18:55:32.359+0900][5.115s][info ][gc,phases      ] GC(55)   Post Evacuate Collection Set: 4.0ms
[2026-08-01T18:55:32.359+0900][5.115s][info ][gc,phases      ] GC(55)   Other: 0.4ms
[2026-08-01T18:55:32.359+0900][5.115s][info ][gc,heap        ] GC(55) Eden regions: 18->0(28)
[2026-08-01T18:55:32.359+0900][5.115s][info ][gc,heap        ] GC(55) Survivor regions: 2->2(3)
[2026-08-01T18:55:32.359+0900][5.115s][info ][gc,heap        ] GC(55) Old regions: 9->9
[2026-08-01T18:55:32.359+0900][5.115s][info ][gc,heap        ] GC(55) Archive regions: 0->0
[2026-08-01T18:55:32.359+0900][5.115s][info ][gc,heap        ] GC(55) Humongous regions: 0->0
[2026-08-01T18:55:32.359+0900][5.115s][info ][gc,metaspace   ] GC(55) Metaspace: 9115K(9600K)->9115K(9600K) NonClass: 8292K(8512K)->8292K(8512K) Class: 822K(1088K)->822K(1088K)
[2026-08-01T18:55:32.359+0900][5.115s][debug][gc,heap        ] GC(55) Heap after GC invocations=56 (full 32):
[2026-08-01T18:55:32.359+0900][5.115s][debug][gc,heap        ] GC(55)  garbage-first heap   total 5046272K, used 334770K [0x00000243aa000000, 0x0000027aaa000000)
[2026-08-01T18:55:32.359+0900][5.115s][debug][gc,heap        ] GC(55)   region size 32768K, 2 young (65536K), 2 survivors (65536K)
[2026-08-01T18:55:32.359+0900][5.115s][debug][gc,heap        ] GC(55)  Metaspace       used 9115K, committed 9600K, reserved 1114112K
[2026-08-01T18:55:32.359+0900][5.115s][debug][gc,heap        ] GC(55)   class space    used 822K, committed 1088K, reserved 1048576K
[2026-08-01T18:55:32.359+0900][5.115s][info ][gc             ] GC(55) Pause Young (Normal) (G1 Evacuation Pause) 882M->326M(4928M) 14.987ms
[2026-08-01T18:55:32.359+0900][5.115s][info ][gc,cpu         ] GC(55) User=0.00s Sys=0.02s Real=0.02s
[2026-08-01T18:55:32.359+0900][5.115s][info ][safepoint      ] Safepoint "G1CollectForAllocation", Time since last: 227175400 ns, Reaching safepoint: 101600 ns, At safepoint: 15035800 ns, Total: 15137400 ns
[2026-08-01T18:55:32.904+0900][5.660s][info ][gc,start       ] GC(56) Pause Young (Normal) (G1 Evacuation Pause)
[2026-08-01T18:55:32.904+0900][5.660s][debug][gc,heap        ] GC(56) Heap before GC invocations=56 (full 32):
[2026-08-01T18:55:32.904+0900][5.660s][debug][gc,heap        ] GC(56)  garbage-first heap   total 5046272K, used 1252274K [0x00000243aa000000, 0x0000027aaa000000)
[2026-08-01T18:55:32.904+0900][5.660s][debug][gc,heap        ] GC(56)   region size 32768K, 30 young (983040K), 2 survivors (65536K)
[2026-08-01T18:55:32.904+0900][5.660s][debug][gc,heap        ] GC(56)  Metaspace       used 9115K, committed 9600K, reserved 1114112K
[2026-08-01T18:55:32.904+0900][5.660s][debug][gc,heap        ] GC(56)   class space    used 822K, committed 1088K, reserved 1048576K
[2026-08-01T18:55:32.904+0900][5.660s][info ][gc,task        ] GC(56) Using 18 workers of 18 for evacuation
[2026-08-01T18:55:32.918+0900][5.675s][info ][gc,phases      ] GC(56)   Pre Evacuate Collection Set: 0.1ms
[2026-08-01T18:55:32.918+0900][5.675s][info ][gc,phases      ] GC(56)   Merge Heap Roots: 0.1ms
[2026-08-01T18:55:32.918+0900][5.675s][info ][gc,phases      ] GC(56)   Evacuate Collection Set: 13.9ms
[2026-08-01T18:55:32.918+0900][5.675s][info ][gc,phases      ] GC(56)   Post Evacuate Collection Set: 0.2ms
[2026-08-01T18:55:32.918+0900][5.675s][info ][gc,phases      ] GC(56)   Other: 0.1ms
[2026-08-01T18:55:32.918+0900][5.675s][info ][gc,heap        ] GC(56) Eden regions: 28->0(27)
[2026-08-01T18:55:32.918+0900][5.675s][info ][gc,heap        ] GC(56) Survivor regions: 2->3(4)
[2026-08-01T18:55:32.918+0900][5.675s][info ][gc,heap        ] GC(56) Old regions: 9->9
[2026-08-01T18:55:32.918+0900][5.675s][info ][gc,heap        ] GC(56) Archive regions: 0->0
[2026-08-01T18:55:32.918+0900][5.675s][info ][gc,heap        ] GC(56) Humongous regions: 0->0
[2026-08-01T18:55:32.918+0900][5.675s][info ][gc,metaspace   ] GC(56) Metaspace: 9115K(9600K)->9115K(9600K) NonClass: 8292K(8512K)->8292K(8512K) Class: 822K(1088K)->822K(1088K)
[2026-08-01T18:55:32.918+0900][5.675s][debug][gc,heap        ] GC(56) Heap after GC invocations=57 (full 32):
[2026-08-01T18:55:32.918+0900][5.675s][debug][gc,heap        ] GC(56)  garbage-first heap   total 5046272K, used 367208K [0x00000243aa000000, 0x0000027aaa000000)
[2026-08-01T18:55:32.918+0900][5.675s][debug][gc,heap        ] GC(56)   region size 32768K, 3 young (98304K), 3 survivors (98304K)
[2026-08-01T18:55:32.918+0900][5.675s][debug][gc,heap        ] GC(56)  Metaspace       used 9115K, committed 9600K, reserved 1114112K
[2026-08-01T18:55:32.918+0900][5.675s][debug][gc,heap        ] GC(56)   class space    used 822K, committed 1088K, reserved 1048576K
[2026-08-01T18:55:32.919+0900][5.675s][info ][gc             ] GC(56) Pause Young (Normal) (G1 Evacuation Pause) 1222M->358M(4928M) 14.889ms
[2026-08-01T18:55:32.919+0900][5.675s][info ][gc,cpu         ] GC(56) User=0.02s Sys=0.00s Real=0.01s
[2026-08-01T18:55:32.919+0900][5.675s][info ][safepoint      ] Safepoint "G1CollectForAllocation", Time since last: 545035800 ns, Reaching safepoint: 105800 ns, At safepoint: 14956300 ns, Total: 15062100 ns
[2026-08-01T18:55:33.256+0900][6.012s][info ][gc,start       ] GC(57) Pause Young (Normal) (G1 Evacuation Pause)
[2026-08-01T18:55:33.256+0900][6.012s][debug][gc,heap        ] GC(57) Heap before GC invocations=57 (full 32):
[2026-08-01T18:55:33.256+0900][6.012s][debug][gc,heap        ] GC(57)  garbage-first heap   total 5046272K, used 1251944K [0x00000243aa000000, 0x0000027aaa000000)
[2026-08-01T18:55:33.256+0900][6.012s][debug][gc,heap        ] GC(57)   region size 32768K, 30 young (983040K), 3 survivors (98304K)
[2026-08-01T18:55:33.256+0900][6.012s][debug][gc,heap        ] GC(57)  Metaspace       used 9115K, committed 9600K, reserved 1114112K
[2026-08-01T18:55:33.256+0900][6.012s][debug][gc,heap        ] GC(57)   class space    used 822K, committed 1088K, reserved 1048576K
[2026-08-01T18:55:33.256+0900][6.012s][info ][gc,task        ] GC(57) Using 18 workers of 18 for evacuation
[2026-08-01T18:55:33.276+0900][6.032s][info ][gc,phases      ] GC(57)   Pre Evacuate Collection Set: 0.1ms
[2026-08-01T18:55:33.276+0900][6.032s][info ][gc,phases      ] GC(57)   Merge Heap Roots: 0.1ms
[2026-08-01T18:55:33.276+0900][6.032s][info ][gc,phases      ] GC(57)   Evacuate Collection Set: 19.2ms
[2026-08-01T18:55:33.276+0900][6.032s][info ][gc,phases      ] GC(57)   Post Evacuate Collection Set: 0.2ms
[2026-08-01T18:55:33.276+0900][6.032s][info ][gc,phases      ] GC(57)   Other: 0.1ms
[2026-08-01T18:55:33.276+0900][6.032s][info ][gc,heap        ] GC(57) Eden regions: 27->0(27)
[2026-08-01T18:55:33.276+0900][6.032s][info ][gc,heap        ] GC(57) Survivor regions: 3->3(4)
[2026-08-01T18:55:33.276+0900][6.032s][info ][gc,heap        ] GC(57) Old regions: 9->10
[2026-08-01T18:55:33.276+0900][6.032s][info ][gc,heap        ] GC(57) Archive regions: 0->0
[2026-08-01T18:55:33.276+0900][6.032s][info ][gc,heap        ] GC(57) Humongous regions: 0->0
[2026-08-01T18:55:33.276+0900][6.032s][info ][gc,metaspace   ] GC(57) Metaspace: 9115K(9600K)->9115K(9600K) NonClass: 8292K(8512K)->8292K(8512K) Class: 822K(1088K)->822K(1088K)
[2026-08-01T18:55:33.276+0900][6.032s][debug][gc,heap        ] GC(57) Heap after GC invocations=58 (full 32):
[2026-08-01T18:55:33.276+0900][6.032s][debug][gc,heap        ] GC(57)  garbage-first heap   total 5046272K, used 399098K [0x00000243aa000000, 0x0000027aaa000000)
[2026-08-01T18:55:33.276+0900][6.032s][debug][gc,heap        ] GC(57)   region size 32768K, 3 young (98304K), 3 survivors (98304K)
[2026-08-01T18:55:33.276+0900][6.032s][debug][gc,heap        ] GC(57)  Metaspace       used 9115K, committed 9600K, reserved 1114112K
[2026-08-01T18:55:33.276+0900][6.032s][debug][gc,heap        ] GC(57)   class space    used 822K, committed 1088K, reserved 1048576K
[2026-08-01T18:55:33.276+0900][6.032s][info ][gc             ] GC(57) Pause Young (Normal) (G1 Evacuation Pause) 1222M->389M(4928M) 20.162ms
[2026-08-01T18:55:33.276+0900][6.032s][info ][gc,cpu         ] GC(57) User=0.08s Sys=0.20s Real=0.02s
[2026-08-01T18:55:33.276+0900][6.032s][info ][safepoint      ] Safepoint "G1CollectForAllocation", Time since last: 337009900 ns, Reaching safepoint: 111200 ns, At safepoint: 20213200 ns, Total: 20324400 ns
[2026-08-01T18:55:33.618+0900][6.374s][info ][gc,start       ] GC(58) Pause Young (Normal) (G1 Evacuation Pause)
[2026-08-01T18:55:33.618+0900][6.374s][debug][gc,heap        ] GC(58) Heap before GC invocations=58 (full 32):
[2026-08-01T18:55:33.618+0900][6.374s][debug][gc,heap        ] GC(58)  garbage-first heap   total 5046272K, used 1283834K [0x00000243aa000000, 0x0000027aaa000000)
[2026-08-01T18:55:33.618+0900][6.374s][debug][gc,heap        ] GC(58)   region size 32768K, 30 young (983040K), 3 survivors (98304K)
[2026-08-01T18:55:33.618+0900][6.374s][debug][gc,heap        ] GC(58)  Metaspace       used 9115K, committed 9600K, reserved 1114112K
[2026-08-01T18:55:33.618+0900][6.374s][debug][gc,heap        ] GC(58)   class space    used 822K, committed 1088K, reserved 1048576K
[2026-08-01T18:55:33.618+0900][6.374s][info ][gc,task        ] GC(58) Using 18 workers of 18 for evacuation
[2026-08-01T18:55:33.631+0900][6.387s][info ][gc,phases      ] GC(58)   Pre Evacuate Collection Set: 0.1ms
[2026-08-01T18:55:33.631+0900][6.387s][info ][gc,phases      ] GC(58)   Merge Heap Roots: 0.2ms
[2026-08-01T18:55:33.631+0900][6.387s][info ][gc,phases      ] GC(58)   Evacuate Collection Set: 12.4ms
[2026-08-01T18:55:33.631+0900][6.387s][info ][gc,phases      ] GC(58)   Post Evacuate Collection Set: 0.2ms
[2026-08-01T18:55:33.631+0900][6.387s][info ][gc,phases      ] GC(58)   Other: 0.1ms
[2026-08-01T18:55:33.631+0900][6.387s][info ][gc,heap        ] GC(58) Eden regions: 27->0(27)
[2026-08-01T18:55:33.631+0900][6.387s][info ][gc,heap        ] GC(58) Survivor regions: 3->3(4)
[2026-08-01T18:55:33.631+0900][6.387s][info ][gc,heap        ] GC(58) Old regions: 10->11
[2026-08-01T18:55:33.631+0900][6.387s][info ][gc,heap        ] GC(58) Archive regions: 0->0
[2026-08-01T18:55:33.631+0900][6.387s][info ][gc,heap        ] GC(58) Humongous regions: 0->0
[2026-08-01T18:55:33.631+0900][6.387s][info ][gc,metaspace   ] GC(58) Metaspace: 9115K(9600K)->9115K(9600K) NonClass: 8292K(8512K)->8292K(8512K) Class: 822K(1088K)->822K(1088K)
[2026-08-01T18:55:33.631+0900][6.387s][debug][gc,heap        ] GC(58) Heap after GC invocations=59 (full 32):
[2026-08-01T18:55:33.631+0900][6.387s][debug][gc,heap        ] GC(58)  garbage-first heap   total 5046272K, used 430283K [0x00000243aa000000, 0x0000027aaa000000)
[2026-08-01T18:55:33.631+0900][6.387s][debug][gc,heap        ] GC(58)   region size 32768K, 3 young (98304K), 3 survivors (98304K)
[2026-08-01T18:55:33.631+0900][6.387s][debug][gc,heap        ] GC(58)  Metaspace       used 9115K, committed 9600K, reserved 1114112K
[2026-08-01T18:55:33.631+0900][6.387s][debug][gc,heap        ] GC(58)   class space    used 822K, committed 1088K, reserved 1048576K
[2026-08-01T18:55:33.631+0900][6.387s][info ][gc             ] GC(58) Pause Young (Normal) (G1 Evacuation Pause) 1253M->420M(4928M) 13.400ms
[2026-08-01T18:55:33.631+0900][6.387s][info ][gc,cpu         ] GC(58) User=0.22s Sys=0.06s Real=0.01s
[2026-08-01T18:55:33.631+0900][6.387s][info ][safepoint      ] Safepoint "G1CollectForAllocation", Time since last: 341700400 ns, Reaching safepoint: 94300 ns, At safepoint: 13445900 ns, Total: 13540200 ns
[2026-08-01T18:55:33.968+0900][6.724s][info ][gc,start       ] GC(59) Pause Young (Normal) (G1 Evacuation Pause)
[2026-08-01T18:55:33.968+0900][6.724s][debug][gc,heap        ] GC(59) Heap before GC invocations=59 (full 32):
[2026-08-01T18:55:33.968+0900][6.724s][debug][gc,heap        ] GC(59)  garbage-first heap   total 5046272K, used 1315019K [0x00000243aa000000, 0x0000027aaa000000)
[2026-08-01T18:55:33.968+0900][6.724s][debug][gc,heap        ] GC(59)   region size 32768K, 30 young (983040K), 3 survivors (98304K)
[2026-08-01T18:55:33.968+0900][6.724s][debug][gc,heap        ] GC(59)  Metaspace       used 9115K, committed 9600K, reserved 1114112K
[2026-08-01T18:55:33.968+0900][6.724s][debug][gc,heap        ] GC(59)   class space    used 822K, committed 1088K, reserved 1048576K
[2026-08-01T18:55:33.968+0900][6.724s][info ][gc,task        ] GC(59) Using 18 workers of 18 for evacuation
[2026-08-01T18:55:33.987+0900][6.743s][info ][gc,phases      ] GC(59)   Pre Evacuate Collection Set: 0.1ms
[2026-08-01T18:55:33.987+0900][6.743s][info ][gc,phases      ] GC(59)   Merge Heap Roots: 0.1ms
[2026-08-01T18:55:33.987+0900][6.743s][info ][gc,phases      ] GC(59)   Evacuate Collection Set: 14.2ms
[2026-08-01T18:55:33.987+0900][6.743s][info ][gc,phases      ] GC(59)   Post Evacuate Collection Set: 4.5ms
[2026-08-01T18:55:33.987+0900][6.743s][info ][gc,phases      ] GC(59)   Other: 0.1ms
[2026-08-01T18:55:33.987+0900][6.743s][info ][gc,heap        ] GC(59) Eden regions: 27->0(41)
[2026-08-01T18:55:33.987+0900][6.743s][info ][gc,heap        ] GC(59) Survivor regions: 3->3(4)
[2026-08-01T18:55:33.987+0900][6.743s][info ][gc,heap        ] GC(59) Old regions: 11->12
[2026-08-01T18:55:33.987+0900][6.743s][info ][gc,heap        ] GC(59) Archive regions: 0->0
[2026-08-01T18:55:33.987+0900][6.743s][info ][gc,heap        ] GC(59) Humongous regions: 0->0
[2026-08-01T18:55:33.987+0900][6.743s][info ][gc,metaspace   ] GC(59) Metaspace: 9115K(9600K)->9115K(9600K) NonClass: 8292K(8512K)->8292K(8512K) Class: 822K(1088K)->822K(1088K)
[2026-08-01T18:55:33.987+0900][6.743s][debug][gc,heap        ] GC(59) Heap after GC invocations=60 (full 32):
[2026-08-01T18:55:33.987+0900][6.743s][debug][gc,heap        ] GC(59)  garbage-first heap   total 7307264K, used 460900K [0x00000243aa000000, 0x0000027aaa000000)
[2026-08-01T18:55:33.987+0900][6.743s][debug][gc,heap        ] GC(59)   region size 32768K, 3 young (98304K), 3 survivors (98304K)
[2026-08-01T18:55:33.987+0900][6.743s][debug][gc,heap        ] GC(59)  Metaspace       used 9115K, committed 9600K, reserved 1114112K
[2026-08-01T18:55:33.987+0900][6.743s][debug][gc,heap        ] GC(59)   class space    used 822K, committed 1088K, reserved 1048576K
[2026-08-01T18:55:33.987+0900][6.743s][info ][gc             ] GC(59) Pause Young (Normal) (G1 Evacuation Pause) 1284M->450M(7136M) 19.382ms
[2026-08-01T18:55:33.987+0900][6.743s][info ][gc,cpu         ] GC(59) User=0.28s Sys=0.00s Real=0.02s
[2026-08-01T18:55:33.988+0900][6.743s][info ][safepoint      ] Safepoint "G1CollectForAllocation", Time since last: 336248700 ns, Reaching safepoint: 101000 ns, At safepoint: 19431100 ns, Total: 19532100 ns
[2026-08-01T18:55:34.779+0900][7.535s][info ][gc,start       ] GC(60) Pause Young (Normal) (G1 Evacuation Pause)
[2026-08-01T18:55:34.779+0900][7.535s][debug][gc,heap        ] GC(60) Heap before GC invocations=60 (full 32):
[2026-08-01T18:55:34.779+0900][7.536s][debug][gc,heap        ] GC(60)  garbage-first heap   total 7307264K, used 1804388K [0x00000243aa000000, 0x0000027aaa000000)
[2026-08-01T18:55:34.779+0900][7.536s][debug][gc,heap        ] GC(60)   region size 32768K, 44 young (1441792K), 3 survivors (98304K)
[2026-08-01T18:55:34.779+0900][7.536s][debug][gc,heap        ] GC(60)  Metaspace       used 9115K, committed 9600K, reserved 1114112K
[2026-08-01T18:55:34.779+0900][7.536s][debug][gc,heap        ] GC(60)   class space    used 822K, committed 1088K, reserved 1048576K
[2026-08-01T18:55:34.779+0900][7.536s][info ][gc,task        ] GC(60) Using 18 workers of 18 for evacuation
[2026-08-01T18:55:34.800+0900][7.557s][info ][gc,phases      ] GC(60)   Pre Evacuate Collection Set: 0.1ms
[2026-08-01T18:55:34.800+0900][7.557s][info ][gc,phases      ] GC(60)   Merge Heap Roots: 0.3ms
[2026-08-01T18:55:34.800+0900][7.557s][info ][gc,phases      ] GC(60)   Evacuate Collection Set: 20.9ms
[2026-08-01T18:55:34.800+0900][7.557s][info ][gc,phases      ] GC(60)   Post Evacuate Collection Set: 0.3ms
[2026-08-01T18:55:34.800+0900][7.557s][info ][gc,phases      ] GC(60)   Other: 0.1ms
[2026-08-01T18:55:34.800+0900][7.557s][info ][gc,heap        ] GC(60) Eden regions: 41->0(39)
[2026-08-01T18:55:34.800+0900][7.557s][info ][gc,heap        ] GC(60) Survivor regions: 3->5(6)
[2026-08-01T18:55:34.800+0900][7.557s][info ][gc,heap        ] GC(60) Old regions: 12->12
[2026-08-01T18:55:34.800+0900][7.557s][info ][gc,heap        ] GC(60) Archive regions: 0->0
[2026-08-01T18:55:34.800+0900][7.557s][info ][gc,heap        ] GC(60) Humongous regions: 0->0
[2026-08-01T18:55:34.800+0900][7.557s][info ][gc,metaspace   ] GC(60) Metaspace: 9115K(9600K)->9115K(9600K) NonClass: 8292K(8512K)->8292K(8512K) Class: 822K(1088K)->822K(1088K)
[2026-08-01T18:55:34.800+0900][7.557s][debug][gc,heap        ] GC(60) Heap after GC invocations=61 (full 32):
[2026-08-01T18:55:34.800+0900][7.557s][debug][gc,heap        ] GC(60)  garbage-first heap   total 7307264K, used 499330K [0x00000243aa000000, 0x0000027aaa000000)
[2026-08-01T18:55:34.802+0900][7.557s][debug][gc,heap        ] GC(60)   region size 32768K, 5 young (163840K), 5 survivors (163840K)
[2026-08-01T18:55:34.802+0900][7.557s][debug][gc,heap        ] GC(60)  Metaspace       used 9115K, committed 9600K, reserved 1114112K
[2026-08-01T18:55:34.802+0900][7.557s][debug][gc,heap        ] GC(60)   class space    used 822K, committed 1088K, reserved 1048576K
[2026-08-01T18:55:34.802+0900][7.557s][info ][gc             ] GC(60) Pause Young (Normal) (G1 Evacuation Pause) 1762M->487M(7136M) 22.015ms
[2026-08-01T18:55:34.802+0900][7.557s][info ][gc,cpu         ] GC(60) User=0.22s Sys=0.05s Real=0.02s
[2026-08-01T18:55:34.802+0900][7.557s][info ][safepoint      ] Safepoint "G1CollectForAllocation", Time since last: 792024400 ns, Reaching safepoint: 112200 ns, At safepoint: 22060600 ns, Total: 22172800 ns
[2026-08-01T18:55:35.299+0900][8.055s][info ][gc,start       ] GC(61) Pause Young (Normal) (G1 Evacuation Pause)
[2026-08-01T18:55:35.299+0900][8.055s][debug][gc,heap        ] GC(61) Heap before GC invocations=61 (full 32):
[2026-08-01T18:55:35.299+0900][8.055s][debug][gc,heap        ] GC(61)  garbage-first heap   total 7307264K, used 1777282K [0x00000243aa000000, 0x0000027aaa000000)
[2026-08-01T18:55:35.299+0900][8.055s][debug][gc,heap        ] GC(61)   region size 32768K, 44 young (1441792K), 5 survivors (163840K)
[2026-08-01T18:55:35.299+0900][8.055s][debug][gc,heap        ] GC(61)  Metaspace       used 9115K, committed 9600K, reserved 1114112K
[2026-08-01T18:55:35.299+0900][8.055s][debug][gc,heap        ] GC(61)   class space    used 822K, committed 1088K, reserved 1048576K
[2026-08-01T18:55:35.299+0900][8.055s][info ][gc,task        ] GC(61) Using 18 workers of 18 for evacuation
[2026-08-01T18:55:35.327+0900][8.083s][info ][gc,phases      ] GC(61)   Pre Evacuate Collection Set: 0.1ms
[2026-08-01T18:55:35.327+0900][8.083s][info ][gc,phases      ] GC(61)   Merge Heap Roots: 0.2ms
[2026-08-01T18:55:35.327+0900][8.083s][info ][gc,phases      ] GC(61)   Evacuate Collection Set: 27.2ms
[2026-08-01T18:55:35.327+0900][8.083s][info ][gc,phases      ] GC(61)   Post Evacuate Collection Set: 0.3ms
[2026-08-01T18:55:35.327+0900][8.083s][info ][gc,phases      ] GC(61)   Other: 0.1ms
[2026-08-01T18:55:35.327+0900][8.083s][info ][gc,heap        ] GC(61) Eden regions: 39->0(40)
[2026-08-01T18:55:35.327+0900][8.083s][info ][gc,heap        ] GC(61) Survivor regions: 5->4(6)
[2026-08-01T18:55:35.327+0900][8.083s][info ][gc,heap        ] GC(61) Old regions: 12->14
[2026-08-01T18:55:35.327+0900][8.083s][info ][gc,heap        ] GC(61) Archive regions: 0->0
[2026-08-01T18:55:35.327+0900][8.083s][info ][gc,heap        ] GC(61) Humongous regions: 0->0
[2026-08-01T18:55:35.327+0900][8.083s][info ][gc,metaspace   ] GC(61) Metaspace: 9115K(9600K)->9115K(9600K) NonClass: 8292K(8512K)->8292K(8512K) Class: 822K(1088K)->822K(1088K)
[2026-08-01T18:55:35.327+0900][8.083s][debug][gc,heap        ] GC(61) Heap after GC invocations=62 (full 32):
[2026-08-01T18:55:35.327+0900][8.083s][debug][gc,heap        ] GC(61)  garbage-first heap   total 7307264K, used 549355K [0x00000243aa000000, 0x0000027aaa000000)
[2026-08-01T18:55:35.327+0900][8.083s][debug][gc,heap        ] GC(61)   region size 32768K, 4 young (131072K), 4 survivors (131072K)
[2026-08-01T18:55:35.327+0900][8.083s][debug][gc,heap        ] GC(61)  Metaspace       used 9115K, committed 9600K, reserved 1114112K
[2026-08-01T18:55:35.327+0900][8.083s][debug][gc,heap        ] GC(61)   class space    used 822K, committed 1088K, reserved 1048576K
[2026-08-01T18:55:35.327+0900][8.084s][info ][gc             ] GC(61) Pause Young (Normal) (G1 Evacuation Pause) 1735M->536M(7136M) 28.179ms
[2026-08-01T18:55:35.327+0900][8.084s][info ][gc,cpu         ] GC(61) User=0.31s Sys=0.25s Real=0.03s
[2026-08-01T18:55:35.327+0900][8.084s][info ][safepoint      ] Safepoint "G1CollectForAllocation", Time since last: 497752000 ns, Reaching safepoint: 99200 ns, At safepoint: 28222700 ns, Total: 28321900 ns
[2026-08-01T18:55:35.827+0900][8.583s][info ][gc,start       ] GC(62) Pause Young (Normal) (G1 Evacuation Pause)
[2026-08-01T18:55:35.827+0900][8.584s][debug][gc,heap        ] GC(62) Heap before GC invocations=62 (full 32):
[2026-08-01T18:55:35.827+0900][8.584s][debug][gc,heap        ] GC(62)  garbage-first heap   total 7307264K, used 1860075K [0x00000243aa000000, 0x0000027aaa000000)
[2026-08-01T18:55:35.827+0900][8.584s][debug][gc,heap        ] GC(62)   region size 32768K, 44 young (1441792K), 4 survivors (131072K)
[2026-08-01T18:55:35.827+0900][8.584s][debug][gc,heap        ] GC(62)  Metaspace       used 9115K, committed 9600K, reserved 1114112K
[2026-08-01T18:55:35.827+0900][8.584s][debug][gc,heap        ] GC(62)   class space    used 822K, committed 1088K, reserved 1048576K
[2026-08-01T18:55:35.827+0900][8.584s][info ][gc,task        ] GC(62) Using 18 workers of 18 for evacuation
[2026-08-01T18:55:35.847+0900][8.603s][info ][gc,phases      ] GC(62)   Pre Evacuate Collection Set: 0.1ms
[2026-08-01T18:55:35.847+0900][8.603s][info ][gc,phases      ] GC(62)   Merge Heap Roots: 0.2ms
[2026-08-01T18:55:35.847+0900][8.603s][info ][gc,phases      ] GC(62)   Evacuate Collection Set: 18.7ms
[2026-08-01T18:55:35.847+0900][8.603s][info ][gc,phases      ] GC(62)   Post Evacuate Collection Set: 0.3ms
[2026-08-01T18:55:35.847+0900][8.603s][info ][gc,phases      ] GC(62)   Other: 0.1ms
[2026-08-01T18:55:35.847+0900][8.603s][info ][gc,heap        ] GC(62) Eden regions: 40->0(39)
[2026-08-01T18:55:35.847+0900][8.603s][info ][gc,heap        ] GC(62) Survivor regions: 4->5(6)
[2026-08-01T18:55:35.847+0900][8.603s][info ][gc,heap        ] GC(62) Old regions: 14->15
[2026-08-01T18:55:35.847+0900][8.603s][info ][gc,heap        ] GC(62) Archive regions: 0->0
[2026-08-01T18:55:35.847+0900][8.603s][info ][gc,heap        ] GC(62) Humongous regions: 0->0
[2026-08-01T18:55:35.847+0900][8.603s][info ][gc,metaspace   ] GC(62) Metaspace: 9115K(9600K)->9115K(9600K) NonClass: 8292K(8512K)->8292K(8512K) Class: 822K(1088K)->822K(1088K)
[2026-08-01T18:55:35.847+0900][8.603s][debug][gc,heap        ] GC(62) Heap after GC invocations=63 (full 32):
[2026-08-01T18:55:35.847+0900][8.603s][debug][gc,heap        ] GC(62)  garbage-first heap   total 7307264K, used 600026K [0x00000243aa000000, 0x0000027aaa000000)
[2026-08-01T18:55:35.847+0900][8.603s][debug][gc,heap        ] GC(62)   region size 32768K, 5 young (163840K), 5 survivors (163840K)
[2026-08-01T18:55:35.847+0900][8.603s][debug][gc,heap        ] GC(62)  Metaspace       used 9115K, committed 9600K, reserved 1114112K
[2026-08-01T18:55:35.847+0900][8.603s][debug][gc,heap        ] GC(62)   class space    used 822K, committed 1088K, reserved 1048576K
[2026-08-01T18:55:35.847+0900][8.603s][info ][gc             ] GC(62) Pause Young (Normal) (G1 Evacuation Pause) 1816M->585M(7136M) 19.647ms
[2026-08-01T18:55:35.847+0900][8.603s][info ][gc,cpu         ] GC(62) User=0.27s Sys=0.02s Real=0.02s
[2026-08-01T18:55:35.847+0900][8.603s][info ][safepoint      ] Safepoint "G1CollectForAllocation", Time since last: 499834800 ns, Reaching safepoint: 106800 ns, At safepoint: 19700000 ns, Total: 19806800 ns
[2026-08-01T18:55:36.333+0900][9.089s][info ][gc,start       ] GC(63) Pause Young (Normal) (G1 Evacuation Pause)
[2026-08-01T18:55:36.333+0900][9.089s][debug][gc,heap        ] GC(63) Heap before GC invocations=63 (full 32):
[2026-08-01T18:55:36.333+0900][9.089s][debug][gc,heap        ] GC(63)  garbage-first heap   total 7307264K, used 1877978K [0x00000243aa000000, 0x0000027aaa000000)
[2026-08-01T18:55:36.333+0900][9.089s][debug][gc,heap        ] GC(63)   region size 32768K, 44 young (1441792K), 5 survivors (163840K)
[2026-08-01T18:55:36.333+0900][9.089s][debug][gc,heap        ] GC(63)  Metaspace       used 9115K, committed 9600K, reserved 1114112K
[2026-08-01T18:55:36.333+0900][9.089s][debug][gc,heap        ] GC(63)   class space    used 822K, committed 1088K, reserved 1048576K
[2026-08-01T18:55:36.333+0900][9.089s][info ][gc,task        ] GC(63) Using 18 workers of 18 for evacuation
[2026-08-01T18:55:36.358+0900][9.114s][info ][gc,phases      ] GC(63)   Pre Evacuate Collection Set: 0.1ms
[2026-08-01T18:55:36.358+0900][9.114s][info ][gc,phases      ] GC(63)   Merge Heap Roots: 0.2ms
[2026-08-01T18:55:36.358+0900][9.114s][info ][gc,phases      ] GC(63)   Evacuate Collection Set: 18.8ms
[2026-08-01T18:55:36.358+0900][9.114s][info ][gc,phases      ] GC(63)   Post Evacuate Collection Set: 6.1ms
[2026-08-01T18:55:36.358+0900][9.114s][info ][gc,phases      ] GC(63)   Other: 0.1ms
[2026-08-01T18:55:36.358+0900][9.114s][info ][gc,heap        ] GC(63) Eden regions: 39->0(58)
[2026-08-01T18:55:36.358+0900][9.114s][info ][gc,heap        ] GC(63) Survivor regions: 5->5(6)
[2026-08-01T18:55:36.358+0900][9.114s][info ][gc,heap        ] GC(63) Old regions: 15->16
[2026-08-01T18:55:36.358+0900][9.114s][info ][gc,heap        ] GC(63) Archive regions: 0->0
[2026-08-01T18:55:36.358+0900][9.114s][info ][gc,heap        ] GC(63) Humongous regions: 0->0
[2026-08-01T18:55:36.358+0900][9.114s][info ][gc,metaspace   ] GC(63) Metaspace: 9115K(9600K)->9115K(9600K) NonClass: 8292K(8512K)->8292K(8512K) Class: 822K(1088K)->822K(1088K)
[2026-08-01T18:55:36.358+0900][9.114s][debug][gc,heap        ] GC(63) Heap after GC invocations=64 (full 32):
[2026-08-01T18:55:36.358+0900][9.114s][debug][gc,heap        ] GC(63)  garbage-first heap   total 10420224K, used 638594K [0x00000243aa000000, 0x0000027aaa000000)
[2026-08-01T18:55:36.358+0900][9.114s][debug][gc,heap        ] GC(63)   region size 32768K, 5 young (163840K), 5 survivors (163840K)
[2026-08-01T18:55:36.359+0900][9.114s][debug][gc,heap        ] GC(63)  Metaspace       used 9115K, committed 9600K, reserved 1114112K
[2026-08-01T18:55:36.359+0900][9.114s][debug][gc,heap        ] GC(63)   class space    used 822K, committed 1088K, reserved 1048576K
[2026-08-01T18:55:36.359+0900][9.114s][info ][gc             ] GC(63) Pause Young (Normal) (G1 Evacuation Pause) 1833M->623M(10176M) 25.639ms
[2026-08-01T18:55:36.359+0900][9.114s][info ][gc,cpu         ] GC(63) User=0.23s Sys=0.06s Real=0.03s
[2026-08-01T18:55:36.359+0900][9.114s][info ][safepoint      ] Safepoint "G1CollectForAllocation", Time since last: 485422500 ns, Reaching safepoint: 102300 ns, At safepoint: 25745900 ns, Total: 25848200 ns
[2026-08-01T18:55:37.373+0900][10.129s][info ][safepoint      ] Safepoint "Cleanup", Time since last: 1014759300 ns, Reaching safepoint: 137100 ns, At safepoint: 13000 ns, Total: 150100 ns
[2026-08-01T18:55:37.854+0900][10.610s][info ][gc,start       ] GC(64) Pause Young (Normal) (G1 Evacuation Pause)
[2026-08-01T18:55:37.854+0900][10.610s][debug][gc,heap        ] GC(64) Heap before GC invocations=64 (full 32):
[2026-08-01T18:55:37.854+0900][10.610s][debug][gc,heap        ] GC(64)  garbage-first heap   total 10420224K, used 2539138K [0x00000243aa000000, 0x0000027aaa000000)
[2026-08-01T18:55:37.854+0900][10.610s][debug][gc,heap        ] GC(64)   region size 32768K, 63 young (2064384K), 5 survivors (163840K)
[2026-08-01T18:55:37.854+0900][10.610s][debug][gc,heap        ] GC(64)  Metaspace       used 9123K, committed 9600K, reserved 1114112K
[2026-08-01T18:55:37.854+0900][10.610s][debug][gc,heap        ] GC(64)   class space    used 822K, committed 1088K, reserved 1048576K
[2026-08-01T18:55:37.854+0900][10.610s][info ][gc,task        ] GC(64) Using 18 workers of 18 for evacuation
[2026-08-01T18:55:37.981+0900][10.737s][info ][gc,phases      ] GC(64)   Pre Evacuate Collection Set: 0.1ms
[2026-08-01T18:55:37.981+0900][10.737s][info ][gc,phases      ] GC(64)   Merge Heap Roots: 0.3ms
[2026-08-01T18:55:37.981+0900][10.737s][info ][gc,phases      ] GC(64)   Evacuate Collection Set: 124.5ms
[2026-08-01T18:55:37.981+0900][10.737s][info ][gc,phases      ] GC(64)   Post Evacuate Collection Set: 1.4ms
[2026-08-01T18:55:37.981+0900][10.737s][info ][gc,phases      ] GC(64)   Other: 0.1ms
[2026-08-01T18:55:37.981+0900][10.737s][info ][gc,heap        ] GC(64) Eden regions: 58->0(55)
[2026-08-01T18:55:37.981+0900][10.737s][info ][gc,heap        ] GC(64) Survivor regions: 5->8(8)
[2026-08-01T18:55:37.981+0900][10.737s][info ][gc,heap        ] GC(64) Old regions: 16->29
[2026-08-01T18:55:37.981+0900][10.737s][info ][gc,heap        ] GC(64) Archive regions: 0->0
[2026-08-01T18:55:37.981+0900][10.737s][info ][gc,heap        ] GC(64) Humongous regions: 0->0
[2026-08-01T18:55:37.981+0900][10.737s][info ][gc,metaspace   ] GC(64) Metaspace: 9123K(9600K)->9123K(9600K) NonClass: 8300K(8512K)->8300K(8512K) Class: 822K(1088K)->822K(1088K)
[2026-08-01T18:55:37.981+0900][10.737s][debug][gc,heap        ] GC(64) Heap after GC invocations=65 (full 32):
[2026-08-01T18:55:37.981+0900][10.737s][debug][gc,heap        ] GC(64)  garbage-first heap   total 10420224K, used 1181697K [0x00000243aa000000, 0x0000027aaa000000)
[2026-08-01T18:55:37.981+0900][10.737s][debug][gc,heap        ] GC(64)   region size 32768K, 8 young (262144K), 8 survivors (262144K)
[2026-08-01T18:55:37.981+0900][10.737s][debug][gc,heap        ] GC(64)  Metaspace       used 9123K, committed 9600K, reserved 1114112K
[2026-08-01T18:55:37.981+0900][10.737s][debug][gc,heap        ] GC(64)   class space    used 822K, committed 1088K, reserved 1048576K
[2026-08-01T18:55:37.981+0900][10.737s][info ][gc             ] GC(64) Pause Young (Normal) (G1 Evacuation Pause) 2479M->1154M(10176M) 126.783ms
[2026-08-01T18:55:37.981+0900][10.737s][info ][gc,cpu         ] GC(64) User=1.50s Sys=0.77s Real=0.13s
[2026-08-01T18:55:37.981+0900][10.737s][info ][safepoint      ] Safepoint "G1CollectForAllocation", Time since last: 480595900 ns, Reaching safepoint: 109900 ns, At safepoint: 126844300 ns, Total: 126954200 ns
[2026-08-01T18:55:41.001+0900][13.757s][info ][safepoint      ] Safepoint "Cleanup", Time since last: 3019620000 ns, Reaching safepoint: 120600 ns, At safepoint: 11800 ns, Total: 132400 ns
[2026-08-01T18:55:46.833+0900][19.589s][info ][gc,start       ] GC(65) Pause Young (Normal) (G1 Evacuation Pause)
[2026-08-01T18:55:46.833+0900][19.589s][debug][gc,heap        ] GC(65) Heap before GC invocations=65 (full 32):
[2026-08-01T18:55:46.833+0900][19.589s][debug][gc,heap        ] GC(65)  garbage-first heap   total 10420224K, used 2983937K [0x00000243aa000000, 0x0000027aaa000000)
[2026-08-01T18:55:46.833+0900][19.589s][debug][gc,heap        ] GC(65)   region size 32768K, 63 young (2064384K), 8 survivors (262144K)
[2026-08-01T18:55:46.833+0900][19.589s][debug][gc,heap        ] GC(65)  Metaspace       used 9133K, committed 9600K, reserved 1114112K
[2026-08-01T18:55:46.833+0900][19.589s][debug][gc,heap        ] GC(65)   class space    used 822K, committed 1088K, reserved 1048576K
[2026-08-01T18:55:46.833+0900][19.589s][info ][gc,task        ] GC(65) Using 18 workers of 18 for evacuation
[2026-08-01T18:55:47.010+0900][19.766s][info ][gc,phases      ] GC(65)   Pre Evacuate Collection Set: 0.1ms
[2026-08-01T18:55:47.010+0900][19.766s][info ][gc,phases      ] GC(65)   Merge Heap Roots: 2.3ms
[2026-08-01T18:55:47.010+0900][19.766s][info ][gc,phases      ] GC(65)   Evacuate Collection Set: 173.4ms
[2026-08-01T18:55:47.010+0900][19.766s][info ][gc,phases      ] GC(65)   Post Evacuate Collection Set: 1.0ms
[2026-08-01T18:55:47.010+0900][19.766s][info ][gc,phases      ] GC(65)   Other: 0.1ms
[2026-08-01T18:55:47.010+0900][19.766s][info ][gc,heap        ] GC(65) Eden regions: 55->0(55)
[2026-08-01T18:55:47.010+0900][19.766s][info ][gc,heap        ] GC(65) Survivor regions: 8->8(8)
[2026-08-01T18:55:47.010+0900][19.766s][info ][gc,heap        ] GC(65) Old regions: 29->54
[2026-08-01T18:55:47.010+0900][19.766s][info ][gc,heap        ] GC(65) Archive regions: 0->0
[2026-08-01T18:55:47.010+0900][19.766s][info ][gc,heap        ] GC(65) Humongous regions: 0->0
[2026-08-01T18:55:47.010+0900][19.766s][info ][gc,metaspace   ] GC(65) Metaspace: 9133K(9600K)->9133K(9600K) NonClass: 8310K(8512K)->8310K(8512K) Class: 822K(1088K)->822K(1088K)
[2026-08-01T18:55:47.010+0900][19.766s][debug][gc,heap        ] GC(65) Heap after GC invocations=66 (full 32):
[2026-08-01T18:55:47.010+0900][19.766s][debug][gc,heap        ] GC(65)  garbage-first heap   total 10420224K, used 1999871K [0x00000243aa000000, 0x0000027aaa000000)
[2026-08-01T18:55:47.010+0900][19.766s][debug][gc,heap        ] GC(65)   region size 32768K, 8 young (262144K), 8 survivors (262144K)
[2026-08-01T18:55:47.010+0900][19.766s][debug][gc,heap        ] GC(65)  Metaspace       used 9133K, committed 9600K, reserved 1114112K
[2026-08-01T18:55:47.010+0900][19.766s][debug][gc,heap        ] GC(65)   class space    used 822K, committed 1088K, reserved 1048576K
[2026-08-01T18:55:47.010+0900][19.766s][info ][gc             ] GC(65) Pause Young (Normal) (G1 Evacuation Pause) 2914M->1952M(10176M) 177.314ms
[2026-08-01T18:55:47.010+0900][19.766s][info ][gc,cpu         ] GC(65) User=2.66s Sys=0.44s Real=0.18s
[2026-08-01T18:55:47.010+0900][19.766s][info ][safepoint      ] Safepoint "G1CollectForAllocation", Time since last: 5832197400 ns, Reaching safepoint: 100700 ns, At safepoint: 177369100 ns, Total: 177469800 ns
[2026-08-01T18:55:48.013+0900][20.769s][info ][safepoint      ] Safepoint "Cleanup", Time since last: 1002842800 ns, Reaching safepoint: 131900 ns, At safepoint: 11200 ns, Total: 143100 ns
[2026-08-01T18:55:48.822+0900][21.579s][info ][gc,start       ] GC(66) Pause Young (Normal) (G1 Evacuation Pause)
[2026-08-01T18:55:48.822+0900][21.579s][debug][gc,heap        ] GC(66) Heap before GC invocations=66 (full 32):
[2026-08-01T18:55:48.822+0900][21.579s][debug][gc,heap        ] GC(66)  garbage-first heap   total 10420224K, used 3802111K [0x00000243aa000000, 0x0000027aaa000000)
[2026-08-01T18:55:48.822+0900][21.579s][debug][gc,heap        ] GC(66)   region size 32768K, 63 young (2064384K), 8 survivors (262144K)
[2026-08-01T18:55:48.822+0900][21.579s][debug][gc,heap        ] GC(66)  Metaspace       used 9161K, committed 9664K, reserved 1114112K
[2026-08-01T18:55:48.822+0900][21.579s][debug][gc,heap        ] GC(66)   class space    used 822K, committed 1088K, reserved 1048576K
[2026-08-01T18:55:48.822+0900][21.579s][info ][gc,task        ] GC(66) Using 18 workers of 18 for evacuation
[2026-08-01T18:55:48.954+0900][21.710s][info ][gc,phases      ] GC(66)   Pre Evacuate Collection Set: 0.1ms
[2026-08-01T18:55:48.954+0900][21.710s][info ][gc,phases      ] GC(66)   Merge Heap Roots: 1.9ms
[2026-08-01T18:55:48.954+0900][21.710s][info ][gc,phases      ] GC(66)   Evacuate Collection Set: 128.9ms
[2026-08-01T18:55:48.954+0900][21.710s][info ][gc,phases      ] GC(66)   Post Evacuate Collection Set: 0.5ms
[2026-08-01T18:55:48.954+0900][21.710s][info ][gc,phases      ] GC(66)   Other: 0.1ms
[2026-08-01T18:55:48.954+0900][21.710s][info ][gc,heap        ] GC(66) Eden regions: 55->0(55)
[2026-08-01T18:55:48.954+0900][21.710s][info ][gc,heap        ] GC(66) Survivor regions: 8->8(8)
[2026-08-01T18:55:48.954+0900][21.710s][info ][gc,heap        ] GC(66) Old regions: 54->76
[2026-08-01T18:55:48.954+0900][21.710s][info ][gc,heap        ] GC(66) Archive regions: 0->0
[2026-08-01T18:55:48.954+0900][21.710s][info ][gc,heap        ] GC(66) Humongous regions: 0->0
[2026-08-01T18:55:48.954+0900][21.710s][info ][gc,metaspace   ] GC(66) Metaspace: 9161K(9664K)->9161K(9664K) NonClass: 8338K(8576K)->8338K(8576K) Class: 822K(1088K)->822K(1088K)
[2026-08-01T18:55:48.954+0900][21.710s][debug][gc,heap        ] GC(66) Heap after GC invocations=67 (full 32):
[2026-08-01T18:55:48.954+0900][21.710s][debug][gc,heap        ] GC(66)  garbage-first heap   total 10420224K, used 2735754K [0x00000243aa000000, 0x0000027aaa000000)
[2026-08-01T18:55:48.954+0900][21.710s][debug][gc,heap        ] GC(66)   region size 32768K, 8 young (262144K), 8 survivors (262144K)
[2026-08-01T18:55:48.954+0900][21.710s][debug][gc,heap        ] GC(66)  Metaspace       used 9161K, committed 9664K, reserved 1114112K
[2026-08-01T18:55:48.954+0900][21.710s][debug][gc,heap        ] GC(66)   class space    used 822K, committed 1088K, reserved 1048576K
[2026-08-01T18:55:48.954+0900][21.710s][info ][gc             ] GC(66) Pause Young (Normal) (G1 Evacuation Pause) 3712M->2671M(10176M) 131.826ms
[2026-08-01T18:55:48.954+0900][21.710s][info ][gc,cpu         ] GC(66) User=2.34s Sys=0.17s Real=0.13s
[2026-08-01T18:55:48.954+0900][21.710s][info ][safepoint      ] Safepoint "G1CollectForAllocation", Time since last: 809183300 ns, Reaching safepoint: 110400 ns, At safepoint: 131884400 ns, Total: 131994800 ns
[2026-08-01T18:55:49.967+0900][22.722s][info ][safepoint      ] Safepoint "Cleanup", Time since last: 1011759600 ns, Reaching safepoint: 80600 ns, At safepoint: 8800 ns, Total: 89400 ns
[2026-08-01T18:55:50.917+0900][23.673s][info ][gc,start       ] GC(67) Pause Young (Normal) (G1 Evacuation Pause)
[2026-08-01T18:55:50.917+0900][23.673s][debug][gc,heap        ] GC(67) Heap before GC invocations=67 (full 32):
[2026-08-01T18:55:50.917+0900][23.673s][debug][gc,heap        ] GC(67)  garbage-first heap   total 10420224K, used 4537994K [0x00000243aa000000, 0x0000027aaa000000)
[2026-08-01T18:55:50.917+0900][23.673s][debug][gc,heap        ] GC(67)   region size 32768K, 63 young (2064384K), 8 survivors (262144K)
[2026-08-01T18:55:50.917+0900][23.673s][debug][gc,heap        ] GC(67)  Metaspace       used 9179K, committed 9728K, reserved 1114112K
[2026-08-01T18:55:50.917+0900][23.674s][debug][gc,heap        ] GC(67)   class space    used 823K, committed 1088K, reserved 1048576K
[2026-08-01T18:55:50.917+0900][23.674s][info ][gc,task        ] GC(67) Using 18 workers of 18 for evacuation
[2026-08-01T18:55:51.058+0900][23.814s][info ][gc,phases      ] GC(67)   Pre Evacuate Collection Set: 0.1ms
[2026-08-01T18:55:51.058+0900][23.814s][info ][gc,phases      ] GC(67)   Merge Heap Roots: 0.7ms
[2026-08-01T18:55:51.058+0900][23.814s][info ][gc,phases      ] GC(67)   Evacuate Collection Set: 127.5ms
[2026-08-01T18:55:51.058+0900][23.814s][info ][gc,phases      ] GC(67)   Post Evacuate Collection Set: 12.2ms
[2026-08-01T18:55:51.058+0900][23.814s][info ][gc,phases      ] GC(67)   Other: 0.1ms
[2026-08-01T18:55:51.058+0900][23.814s][info ][gc,heap        ] GC(67) Eden regions: 55->0(60)
[2026-08-01T18:55:51.058+0900][23.814s][info ][gc,heap        ] GC(67) Survivor regions: 8->8(8)
[2026-08-01T18:55:51.058+0900][23.814s][info ][gc,heap        ] GC(67) Old regions: 76->101
[2026-08-01T18:55:51.058+0900][23.814s][info ][gc,heap        ] GC(67) Archive regions: 0->0
[2026-08-01T18:55:51.058+0900][23.814s][info ][gc,heap        ] GC(67) Humongous regions: 0->0
[2026-08-01T18:55:51.058+0900][23.814s][info ][gc,metaspace   ] GC(67) Metaspace: 9179K(9728K)->9179K(9728K) NonClass: 8356K(8640K)->8356K(8640K) Class: 823K(1088K)->823K(1088K)
[2026-08-01T18:55:51.058+0900][23.814s][debug][gc,heap        ] GC(67) Heap after GC invocations=68 (full 32):
[2026-08-01T18:55:51.058+0900][23.814s][debug][gc,heap        ] GC(67)  garbage-first heap   total 16351232K, used 3537105K [0x00000243aa000000, 0x0000027aaa000000)
[2026-08-01T18:55:51.058+0900][23.814s][debug][gc,heap        ] GC(67)   region size 32768K, 8 young (262144K), 8 survivors (262144K)
[2026-08-01T18:55:51.058+0900][23.814s][debug][gc,heap        ] GC(67)  Metaspace       used 9179K, committed 9728K, reserved 1114112K
[2026-08-01T18:55:51.058+0900][23.814s][debug][gc,heap        ] GC(67)   class space    used 823K, committed 1088K, reserved 1048576K
[2026-08-01T18:55:51.058+0900][23.814s][info ][gc             ] GC(67) Pause Young (Normal) (G1 Evacuation Pause) 4431M->3454M(15968M) 140.954ms
[2026-08-01T18:55:51.058+0900][23.814s][info ][gc,cpu         ] GC(67) User=2.42s Sys=0.11s Real=0.14s
[2026-08-01T18:55:51.058+0900][23.814s][info ][safepoint      ] Safepoint "G1CollectForAllocation", Time since last: 950942700 ns, Reaching safepoint: 95700 ns, At safepoint: 141013900 ns, Total: 141109600 ns
[2026-08-01T18:55:53.059+0900][25.815s][info ][safepoint      ] Safepoint "Cleanup", Time since last: 2000290200 ns, Reaching safepoint: 113800 ns, At safepoint: 10400 ns, Total: 124200 ns
[2026-08-01T18:55:53.446+0900][26.202s][info ][gc,start       ] GC(68) Pause Full (System.gc())
[2026-08-01T18:55:53.446+0900][26.202s][debug][gc,heap        ] GC(68) Heap before GC invocations=68 (full 32):
[2026-08-01T18:55:53.446+0900][26.202s][debug][gc,heap        ] GC(68)  garbage-first heap   total 16351232K, used 5142737K [0x00000243aa000000, 0x0000027aaa000000)
[2026-08-01T18:55:53.446+0900][26.202s][debug][gc,heap        ] GC(68)   region size 32768K, 58 young (1900544K), 8 survivors (262144K)
[2026-08-01T18:55:53.446+0900][26.202s][debug][gc,heap        ] GC(68)  Metaspace       used 9326K, committed 9856K, reserved 1114112K
[2026-08-01T18:55:53.446+0900][26.202s][debug][gc,heap        ] GC(68)   class space    used 837K, committed 1088K, reserved 1048576K
[2026-08-01T18:55:53.446+0900][26.202s][info ][gc,task        ] GC(68) Using 18 workers of 18 for full compaction
[2026-08-01T18:55:53.446+0900][26.202s][info ][gc,phases,start] GC(68) Phase 1: Mark live objects
[2026-08-01T18:55:53.571+0900][26.327s][info ][gc,phases      ] GC(68) Phase 1: Mark live objects 125.042ms
[2026-08-01T18:55:53.571+0900][26.327s][info ][gc,phases,start] GC(68) Phase 2: Prepare for compaction
[2026-08-01T18:55:53.630+0900][26.387s][info ][gc,phases      ] GC(68) Phase 2: Prepare for compaction 59.288ms
[2026-08-01T18:55:53.630+0900][26.387s][info ][gc,phases,start] GC(68) Phase 3: Adjust pointers
[2026-08-01T18:55:53.712+0900][26.469s][info ][gc,phases      ] GC(68) Phase 3: Adjust pointers 82.311ms
[2026-08-01T18:55:53.712+0900][26.469s][info ][gc,phases,start] GC(68) Phase 4: Compact heap
[2026-08-01T18:55:53.784+0900][26.540s][info ][gc,phases      ] GC(68) Phase 4: Compact heap 70.797ms
[2026-08-01T18:55:53.818+0900][26.574s][debug][gc,heap        ] GC(68) Uncommittable regions after shrink: 345
[2026-08-01T18:55:53.820+0900][26.576s][info ][gc,heap        ] GC(68) Eden regions: 50->0(30)
[2026-08-01T18:55:53.820+0900][26.576s][info ][gc,heap        ] GC(68) Survivor regions: 8->0(8)
[2026-08-01T18:55:53.820+0900][26.576s][info ][gc,heap        ] GC(68) Old regions: 101->46
[2026-08-01T18:55:53.820+0900][26.576s][info ][gc,heap        ] GC(68) Archive regions: 0->0
[2026-08-01T18:55:53.820+0900][26.576s][info ][gc,heap        ] GC(68) Humongous regions: 0->0
[2026-08-01T18:55:53.820+0900][26.576s][info ][gc,metaspace   ] GC(68) Metaspace: 9326K(9856K)->9326K(9856K) NonClass: 8489K(8768K)->8489K(8768K) Class: 837K(1088K)->837K(1088K)
[2026-08-01T18:55:53.820+0900][26.576s][debug][gc,heap        ] GC(68) Heap after GC invocations=69 (full 33):
[2026-08-01T18:55:53.820+0900][26.576s][debug][gc,heap        ] GC(68)  garbage-first heap   total 5046272K, used 1192785K [0x00000243aa000000, 0x0000027aaa000000)
[2026-08-01T18:55:53.820+0900][26.576s][debug][gc,heap        ] GC(68)   region size 32768K, 0 young (0K), 0 survivors (0K)
[2026-08-01T18:55:53.820+0900][26.576s][debug][gc,heap        ] GC(68)  Metaspace       used 9326K, committed 9856K, reserved 1114112K
[2026-08-01T18:55:53.820+0900][26.576s][debug][gc,heap        ] GC(68)   class space    used 837K, committed 1088K, reserved 1048576K
[2026-08-01T18:55:53.820+0900][26.576s][info ][gc             ] GC(68) Pause Full (System.gc()) 5054M->1164M(4928M) 374.629ms
[2026-08-01T18:55:53.820+0900][26.576s][info ][gc,cpu         ] GC(68) User=5.58s Sys=0.72s Real=0.37s
[2026-08-01T18:55:53.820+0900][26.576s][info ][safepoint      ] Safepoint "G1CollectFull", Time since last: 386813300 ns, Reaching safepoint: 101400 ns, At safepoint: 374687200 ns, Total: 374788600 ns
[2026-08-01T18:55:54.666+0900][27.423s][info ][gc,start       ] GC(69) Pause Young (Normal) (G1 Evacuation Pause)
[2026-08-01T18:55:54.667+0900][27.423s][debug][gc,heap        ] GC(69) Heap before GC invocations=69 (full 33):
[2026-08-01T18:55:54.667+0900][27.423s][debug][gc,heap        ] GC(69)  garbage-first heap   total 5046272K, used 2175825K [0x00000243aa000000, 0x0000027aaa000000)
[2026-08-01T18:55:54.667+0900][27.423s][debug][gc,heap        ] GC(69)   region size 32768K, 30 young (983040K), 0 survivors (0K)
[2026-08-01T18:55:54.667+0900][27.423s][debug][gc,heap        ] GC(69)  Metaspace       used 9334K, committed 9856K, reserved 1114112K
[2026-08-01T18:55:54.667+0900][27.423s][debug][gc,heap        ] GC(69)   class space    used 837K, committed 1088K, reserved 1048576K
[2026-08-01T18:55:54.667+0900][27.423s][info ][gc,task        ] GC(69) Using 18 workers of 18 for evacuation
[2026-08-01T18:55:54.749+0900][27.505s][info ][gc,phases      ] GC(69)   Pre Evacuate Collection Set: 0.1ms
[2026-08-01T18:55:54.749+0900][27.505s][info ][gc,phases      ] GC(69)   Merge Heap Roots: 0.3ms
[2026-08-01T18:55:54.749+0900][27.505s][info ][gc,phases      ] GC(69)   Evacuate Collection Set: 81.1ms
[2026-08-01T18:55:54.749+0900][27.505s][info ][gc,phases      ] GC(69)   Post Evacuate Collection Set: 0.7ms
[2026-08-01T18:55:54.749+0900][27.505s][info ][gc,phases      ] GC(69)   Other: 0.1ms
[2026-08-01T18:55:54.749+0900][27.505s][info ][gc,heap        ] GC(69) Eden regions: 30->0(26)
[2026-08-01T18:55:54.749+0900][27.505s][info ][gc,heap        ] GC(69) Survivor regions: 0->4(4)
[2026-08-01T18:55:54.749+0900][27.505s][info ][gc,heap        ] GC(69) Old regions: 46->60
[2026-08-01T18:55:54.749+0900][27.505s][info ][gc,heap        ] GC(69) Archive regions: 0->0
[2026-08-01T18:55:54.749+0900][27.505s][info ][gc,heap        ] GC(69) Humongous regions: 0->0
[2026-08-01T18:55:54.749+0900][27.505s][info ][gc,metaspace   ] GC(69) Metaspace: 9334K(9856K)->9334K(9856K) NonClass: 8497K(8768K)->8497K(8768K) Class: 837K(1088K)->837K(1088K)
[2026-08-01T18:55:54.749+0900][27.505s][debug][gc,heap        ] GC(69) Heap after GC invocations=70 (full 33):
[2026-08-01T18:55:54.749+0900][27.505s][debug][gc,heap        ] GC(69)  garbage-first heap   total 5046272K, used 1765711K [0x00000243aa000000, 0x0000027aaa000000)
[2026-08-01T18:55:54.749+0900][27.505s][debug][gc,heap        ] GC(69)   region size 32768K, 4 young (131072K), 4 survivors (131072K)
[2026-08-01T18:55:54.749+0900][27.505s][debug][gc,heap        ] GC(69)  Metaspace       used 9334K, committed 9856K, reserved 1114112K
[2026-08-01T18:55:54.749+0900][27.505s][debug][gc,heap        ] GC(69)   class space    used 837K, committed 1088K, reserved 1048576K
[2026-08-01T18:55:54.749+0900][27.505s][info ][gc             ] GC(69) Pause Young (Normal) (G1 Evacuation Pause) 2124M->1724M(4928M) 82.594ms
[2026-08-01T18:55:54.749+0900][27.505s][info ][gc,cpu         ] GC(69) User=1.66s Sys=0.03s Real=0.08s
[2026-08-01T18:55:54.750+0900][27.505s][info ][safepoint      ] Safepoint "G1CollectForAllocation", Time since last: 846078600 ns, Reaching safepoint: 112800 ns, At safepoint: 82657000 ns, Total: 82769800 ns
[2026-08-01T18:55:55.554+0900][28.311s][info ][gc,start       ] GC(70) Pause Young (Normal) (G1 Evacuation Pause)
[2026-08-01T18:55:55.554+0900][28.311s][debug][gc,heap        ] GC(70) Heap before GC invocations=70 (full 33):
[2026-08-01T18:55:55.554+0900][28.311s][debug][gc,heap        ] GC(70)  garbage-first heap   total 5046272K, used 2617679K [0x00000243aa000000, 0x0000027aaa000000)
[2026-08-01T18:55:55.554+0900][28.311s][debug][gc,heap        ] GC(70)   region size 32768K, 30 young (983040K), 4 survivors (131072K)
[2026-08-01T18:55:55.554+0900][28.311s][debug][gc,heap        ] GC(70)  Metaspace       used 9336K, committed 9856K, reserved 1114112K
[2026-08-01T18:55:55.554+0900][28.311s][debug][gc,heap        ] GC(70)   class space    used 837K, committed 1088K, reserved 1048576K
[2026-08-01T18:55:55.554+0900][28.311s][info ][gc,task        ] GC(70) Using 18 workers of 18 for evacuation
[2026-08-01T18:55:55.655+0900][28.411s][info ][gc,phases      ] GC(70)   Pre Evacuate Collection Set: 0.1ms
[2026-08-01T18:55:55.655+0900][28.411s][info ][gc,phases      ] GC(70)   Merge Heap Roots: 1.8ms
[2026-08-01T18:55:55.655+0900][28.411s][info ][gc,phases      ] GC(70)   Evacuate Collection Set: 97.0ms
[2026-08-01T18:55:55.655+0900][28.411s][info ][gc,phases      ] GC(70)   Post Evacuate Collection Set: 0.8ms
[2026-08-01T18:55:55.655+0900][28.411s][info ][gc,phases      ] GC(70)   Other: 0.1ms
[2026-08-01T18:55:55.655+0900][28.411s][info ][gc,heap        ] GC(70) Eden regions: 26->0(23)
[2026-08-01T18:55:55.655+0900][28.411s][info ][gc,heap        ] GC(70) Survivor regions: 4->4(4)
[2026-08-01T18:55:55.655+0900][28.411s][info ][gc,heap        ] GC(70) Old regions: 60->77
[2026-08-01T18:55:55.655+0900][28.411s][info ][gc,heap        ] GC(70) Archive regions: 0->0
[2026-08-01T18:55:55.655+0900][28.411s][info ][gc,heap        ] GC(70) Humongous regions: 0->0
[2026-08-01T18:55:55.655+0900][28.411s][info ][gc,metaspace   ] GC(70) Metaspace: 9336K(9856K)->9336K(9856K) NonClass: 8498K(8768K)->8498K(8768K) Class: 837K(1088K)->837K(1088K)
[2026-08-01T18:55:55.655+0900][28.411s][debug][gc,heap        ] GC(70) Heap after GC invocations=71 (full 33):
[2026-08-01T18:55:55.655+0900][28.411s][debug][gc,heap        ] GC(70)  garbage-first heap   total 5046272K, used 2339665K [0x00000243aa000000, 0x0000027aaa000000)
[2026-08-01T18:55:55.655+0900][28.411s][debug][gc,heap        ] GC(70)   region size 32768K, 4 young (131072K), 4 survivors (131072K)
[2026-08-01T18:55:55.655+0900][28.411s][debug][gc,heap        ] GC(70)  Metaspace       used 9336K, committed 9856K, reserved 1114112K
[2026-08-01T18:55:55.655+0900][28.411s][debug][gc,heap        ] GC(70)   class space    used 837K, committed 1088K, reserved 1048576K
[2026-08-01T18:55:55.655+0900][28.411s][info ][gc             ] GC(70) Pause Young (Normal) (G1 Evacuation Pause) 2556M->2284M(4928M) 100.112ms
[2026-08-01T18:55:55.655+0900][28.411s][info ][gc,cpu         ] GC(70) User=1.97s Sys=0.00s Real=0.10s
[2026-08-01T18:55:55.655+0900][28.411s][info ][safepoint      ] Safepoint "G1CollectForAllocation", Time since last: 805904000 ns, Reaching safepoint: 108500 ns, At safepoint: 100165500 ns, Total: 100274000 ns
[2026-08-01T18:55:56.091+0900][28.847s][debug][gc,heap        ] Concurrent Uncommit Summary: 11040M, 345 regions, 342.952ms
[2026-08-01T18:55:56.666+0900][29.421s][info ][safepoint      ] Safepoint "Cleanup", Time since last: 1009951000 ns, Reaching safepoint: 92000 ns, At safepoint: 11300 ns, Total: 103300 ns
[2026-08-01T18:55:57.034+0900][29.789s][info ][gc,start       ] GC(71) Pause Young (Concurrent Start) (G1 Evacuation Pause)
[2026-08-01T18:55:57.034+0900][29.789s][debug][gc,heap        ] GC(71) Heap before GC invocations=71 (full 33):
[2026-08-01T18:55:57.034+0900][29.789s][debug][gc,heap        ] GC(71)  garbage-first heap   total 5046272K, used 3093329K [0x00000243aa000000, 0x0000027aaa000000)
[2026-08-01T18:55:57.034+0900][29.789s][debug][gc,heap        ] GC(71)   region size 32768K, 27 young (884736K), 4 survivors (131072K)
[2026-08-01T18:55:57.034+0900][29.790s][debug][gc,heap        ] GC(71)  Metaspace       used 9400K, committed 9856K, reserved 1114112K
[2026-08-01T18:55:57.034+0900][29.790s][debug][gc,heap        ] GC(71)   class space    used 844K, committed 1088K, reserved 1048576K
[2026-08-01T18:55:57.034+0900][29.790s][info ][gc,task        ] GC(71) Using 18 workers of 18 for evacuation
[2026-08-01T18:55:57.100+0900][29.856s][info ][gc,phases      ] GC(71)   Pre Evacuate Collection Set: 0.3ms
[2026-08-01T18:55:57.100+0900][29.856s][info ][gc,phases      ] GC(71)   Merge Heap Roots: 2.0ms
[2026-08-01T18:55:57.100+0900][29.856s][info ][gc,phases      ] GC(71)   Evacuate Collection Set: 63.7ms
[2026-08-01T18:55:57.100+0900][29.856s][info ][gc,phases      ] GC(71)   Post Evacuate Collection Set: 0.6ms
[2026-08-01T18:55:57.100+0900][29.856s][info ][gc,phases      ] GC(71)   Other: 0.1ms
[2026-08-01T18:55:57.100+0900][29.856s][info ][gc,heap        ] GC(71) Eden regions: 23->0(20)
[2026-08-01T18:55:57.100+0900][29.856s][info ][gc,heap        ] GC(71) Survivor regions: 4->4(4)
[2026-08-01T18:55:57.100+0900][29.856s][info ][gc,heap        ] GC(71) Old regions: 77->87
[2026-08-01T18:55:57.100+0900][29.856s][info ][gc,heap        ] GC(71) Archive regions: 0->0
[2026-08-01T18:55:57.100+0900][29.856s][info ][gc,heap        ] GC(71) Humongous regions: 0->0
[2026-08-01T18:55:57.100+0900][29.856s][info ][gc,metaspace   ] GC(71) Metaspace: 9400K(9856K)->9400K(9856K) NonClass: 8556K(8768K)->8556K(8768K) Class: 844K(1088K)->844K(1088K)
[2026-08-01T18:55:57.100+0900][29.856s][debug][gc,heap        ] GC(71) Heap after GC invocations=72 (full 33):
[2026-08-01T18:55:57.100+0900][29.856s][debug][gc,heap        ] GC(71)  garbage-first heap   total 5046272K, used 2651424K [0x00000243aa000000, 0x0000027aaa000000)
[2026-08-01T18:55:57.100+0900][29.856s][debug][gc,heap        ] GC(71)   region size 32768K, 4 young (131072K), 4 survivors (131072K)
[2026-08-01T18:55:57.100+0900][29.856s][debug][gc,heap        ] GC(71)  Metaspace       used 9400K, committed 9856K, reserved 1114112K
[2026-08-01T18:55:57.100+0900][29.856s][debug][gc,heap        ] GC(71)   class space    used 844K, committed 1088K, reserved 1048576K
[2026-08-01T18:55:57.100+0900][29.856s][info ][gc             ] GC(71) Pause Young (Concurrent Start) (G1 Evacuation Pause) 3020M->2589M(4928M) 67.003ms
[2026-08-01T18:55:57.100+0900][29.856s][info ][gc             ] GC(72) Concurrent Mark Cycle
[2026-08-01T18:55:57.100+0900][29.856s][info ][gc,cpu         ] GC(71) User=1.11s Sys=0.02s Real=0.07s
[2026-08-01T18:55:57.100+0900][29.856s][info ][gc,marking     ] GC(72) Concurrent Clear Claimed Marks
[2026-08-01T18:55:57.100+0900][29.856s][info ][safepoint      ] Safepoint "G1CollectForAllocation", Time since last: 367774300 ns, Reaching safepoint: 116500 ns, At safepoint: 67119800 ns, Total: 67236300 ns
[2026-08-01T18:55:57.100+0900][29.857s][info ][gc,marking     ] GC(72) Concurrent Clear Claimed Marks 0.060ms
[2026-08-01T18:55:57.100+0900][29.857s][info ][gc,marking     ] GC(72) Concurrent Scan Root Regions
[2026-08-01T18:55:57.169+0900][29.925s][info ][gc,marking     ] GC(72) Concurrent Scan Root Regions 68.917ms
[2026-08-01T18:55:57.169+0900][29.926s][info ][gc,marking     ] GC(72) Concurrent Mark
[2026-08-01T18:55:57.169+0900][29.926s][info ][gc,marking     ] GC(72) Concurrent Mark From Roots
[2026-08-01T18:55:57.169+0900][29.926s][info ][gc,task        ] GC(72) Using 5 workers of 5 for marking
[2026-08-01T18:55:57.597+0900][30.354s][info ][gc,marking     ] GC(72) Concurrent Mark From Roots 428.548ms
[2026-08-01T18:55:57.597+0900][30.354s][info ][gc,marking     ] GC(72) Concurrent Preclean
[2026-08-01T18:55:57.598+0900][30.354s][info ][gc,marking     ] GC(72) Concurrent Preclean 0.063ms
[2026-08-01T18:55:57.598+0900][30.354s][info ][gc,start       ] GC(72) Pause Remark
[2026-08-01T18:55:57.601+0900][30.357s][info ][gc             ] GC(72) Pause Remark 2859M->2795M(5248M) 2.111ms
[2026-08-01T18:55:57.601+0900][30.357s][info ][gc,cpu         ] GC(72) User=0.00s Sys=0.00s Real=0.00s
[2026-08-01T18:55:57.601+0900][30.357s][info ][safepoint      ] Safepoint "G1Concurrent", Time since last: 497788400 ns, Reaching safepoint: 112700 ns, At safepoint: 2178800 ns, Total: 2291500 ns
[2026-08-01T18:55:57.601+0900][30.357s][info ][gc,marking     ] GC(72) Concurrent Mark 431.083ms
[2026-08-01T18:55:57.601+0900][30.357s][info ][gc,marking     ] GC(72) Concurrent Rebuild Remembered Sets
[2026-08-01T18:55:57.877+0900][30.633s][info ][gc,marking     ] GC(72) Concurrent Rebuild Remembered Sets 276.508ms
[2026-08-01T18:55:57.877+0900][30.633s][info ][gc,start       ] GC(72) Pause Cleanup
[2026-08-01T18:55:57.877+0900][30.633s][debug][gc,ergo,cset   ] GC(72) Pruned 23 regions out of 35, leaving 274349616 bytes waste (allowed 275146342)
[2026-08-01T18:55:57.877+0900][30.634s][info ][gc             ] GC(72) Pause Cleanup 2938M->2938M(5248M) 0.201ms
[2026-08-01T18:55:57.878+0900][30.634s][info ][gc,cpu         ] GC(72) User=0.00s Sys=0.00s Real=0.00s
[2026-08-01T18:55:57.878+0900][30.634s][info ][safepoint      ] Safepoint "G1Concurrent", Time since last: 276640200 ns, Reaching safepoint: 103000 ns, At safepoint: 247200 ns, Total: 350200 ns
[2026-08-01T18:55:57.878+0900][30.634s][info ][gc,marking     ] GC(72) Concurrent Cleanup for Next Mark
[2026-08-01T18:55:57.884+0900][30.640s][info ][gc,marking     ] GC(72) Concurrent Cleanup for Next Mark 6.698ms
[2026-08-01T18:55:57.884+0900][30.640s][info ][gc             ] GC(72) Concurrent Mark Cycle 783.950ms
[2026-08-01T18:55:58.405+0900][31.162s][info ][gc,start       ] GC(73) Pause Young (Prepare Mixed) (G1 Evacuation Pause)
[2026-08-01T18:55:58.405+0900][31.162s][debug][gc,heap        ] GC(73) Heap before GC invocations=73 (full 33):
[2026-08-01T18:55:58.405+0900][31.162s][debug][gc,heap        ] GC(73)  garbage-first heap   total 5373952K, used 3241248K [0x00000243aa000000, 0x0000027aaa000000)
[2026-08-01T18:55:58.405+0900][31.162s][debug][gc,heap        ] GC(73)   region size 32768K, 24 young (786432K), 4 survivors (131072K)
[2026-08-01T18:55:58.405+0900][31.162s][debug][gc,heap        ] GC(73)  Metaspace       used 9411K, committed 9920K, reserved 1114112K
[2026-08-01T18:55:58.405+0900][31.162s][debug][gc,heap        ] GC(73)   class space    used 844K, committed 1088K, reserved 1048576K
[2026-08-01T18:55:58.405+0900][31.162s][info ][gc,task        ] GC(73) Using 18 workers of 18 for evacuation
[2026-08-01T18:55:58.432+0900][31.188s][info ][gc,phases      ] GC(73)   Pre Evacuate Collection Set: 0.1ms
[2026-08-01T18:55:58.432+0900][31.188s][info ][gc,phases      ] GC(73)   Merge Heap Roots: 0.5ms
[2026-08-01T18:55:58.432+0900][31.188s][info ][gc,phases      ] GC(73)   Evacuate Collection Set: 25.1ms
[2026-08-01T18:55:58.432+0900][31.188s][info ][gc,phases      ] GC(73)   Post Evacuate Collection Set: 0.3ms
[2026-08-01T18:55:58.432+0900][31.188s][info ][gc,phases      ] GC(73)   Other: 0.1ms
[2026-08-01T18:55:58.432+0900][31.188s][info ][gc,heap        ] GC(73) Eden regions: 20->0(5)
[2026-08-01T18:55:58.432+0900][31.188s][info ][gc,heap        ] GC(73) Survivor regions: 4->3(3)
[2026-08-01T18:55:58.432+0900][31.188s][info ][gc,heap        ] GC(73) Old regions: 85->90
[2026-08-01T18:55:58.432+0900][31.188s][info ][gc,heap        ] GC(73) Archive regions: 0->0
[2026-08-01T18:55:58.432+0900][31.188s][info ][gc,heap        ] GC(73) Humongous regions: 0->0
[2026-08-01T18:55:58.432+0900][31.188s][info ][gc,metaspace   ] GC(73) Metaspace: 9411K(9920K)->9411K(9920K) NonClass: 8567K(8832K)->8567K(8832K) Class: 844K(1088K)->844K(1088K)
[2026-08-01T18:55:58.432+0900][31.188s][debug][gc,heap        ] GC(73) Heap after GC invocations=74 (full 33):
[2026-08-01T18:55:58.432+0900][31.188s][debug][gc,heap        ] GC(73)  garbage-first heap   total 5373952K, used 2709779K [0x00000243aa000000, 0x0000027aaa000000)
[2026-08-01T18:55:58.432+0900][31.188s][debug][gc,heap        ] GC(73)   region size 32768K, 3 young (98304K), 3 survivors (98304K)
[2026-08-01T18:55:58.432+0900][31.189s][debug][gc,heap        ] GC(73)  Metaspace       used 9411K, committed 9920K, reserved 1114112K
[2026-08-01T18:55:58.432+0900][31.189s][debug][gc,heap        ] GC(73)   class space    used 844K, committed 1088K, reserved 1048576K
[2026-08-01T18:55:58.432+0900][31.189s][info ][gc             ] GC(73) Pause Young (Prepare Mixed) (G1 Evacuation Pause) 3165M->2646M(5248M) 26.435ms
[2026-08-01T18:55:58.432+0900][31.189s][info ][gc,cpu         ] GC(73) User=0.28s Sys=0.00s Real=0.03s
[2026-08-01T18:55:58.432+0900][31.189s][info ][safepoint      ] Safepoint "G1CollectForAllocation", Time since last: 528421600 ns, Reaching safepoint: 97500 ns, At safepoint: 26487100 ns, Total: 26584600 ns
[2026-08-01T18:55:58.723+0900][31.479s][info ][gc,start       ] GC(74) Pause Young (Mixed) (G1 Evacuation Pause)
[2026-08-01T18:55:58.723+0900][31.479s][debug][gc,heap        ] GC(74) Heap before GC invocations=74 (full 33):
[2026-08-01T18:55:58.723+0900][31.479s][debug][gc,heap        ] GC(74)  garbage-first heap   total 5373952K, used 2873619K [0x00000243aa000000, 0x0000027aaa000000)
[2026-08-01T18:55:58.723+0900][31.479s][debug][gc,heap        ] GC(74)   region size 32768K, 8 young (262144K), 3 survivors (98304K)
[2026-08-01T18:55:58.723+0900][31.479s][debug][gc,heap        ] GC(74)  Metaspace       used 9467K, committed 9984K, reserved 1114112K
[2026-08-01T18:55:58.723+0900][31.479s][debug][gc,heap        ] GC(74)   class space    used 853K, committed 1152K, reserved 1048576K
[2026-08-01T18:55:58.723+0900][31.479s][info ][gc,task        ] GC(74) Using 18 workers of 18 for evacuation
[2026-08-01T18:55:58.723+0900][31.479s][debug][gc,ergo,cset   ] GC(74) Start adding old regions to collection set. Min 2 regions, max 17 regions, time remaining 165.88ms, optional threshold 33.18ms
[2026-08-01T18:55:58.723+0900][31.479s][debug][gc,ergo,cset   ] GC(74) Old candidate collection set empty.
[2026-08-01T18:55:58.723+0900][31.479s][debug][gc,ergo,cset   ] GC(74) Finish choosing collection set old regions. Initial: 12, optional: 0, predicted old time: 0.00ms, predicted optional time: 0.00ms, time remaining: 143.99
[2026-08-01T18:55:58.759+0900][31.515s][info ][gc,phases      ] GC(74)   Pre Evacuate Collection Set: 0.1ms
[2026-08-01T18:55:58.759+0900][31.515s][info ][gc,phases      ] GC(74)   Merge Heap Roots: 0.4ms
[2026-08-01T18:55:58.759+0900][31.515s][info ][gc,phases      ] GC(74)   Evacuate Collection Set: 24.9ms
[2026-08-01T18:55:58.759+0900][31.515s][info ][gc,phases      ] GC(74)   Post Evacuate Collection Set: 9.9ms
[2026-08-01T18:55:58.759+0900][31.515s][info ][gc,phases      ] GC(74)   Other: 0.1ms
[2026-08-01T18:55:58.759+0900][31.515s][info ][gc,heap        ] GC(74) Eden regions: 5->0(64)
[2026-08-01T18:55:58.759+0900][31.515s][info ][gc,heap        ] GC(74) Survivor regions: 3->1(1)
[2026-08-01T18:55:58.759+0900][31.515s][info ][gc,heap        ] GC(74) Old regions: 90->84
[2026-08-01T18:55:58.759+0900][31.515s][info ][gc,heap        ] GC(74) Archive regions: 0->0
[2026-08-01T18:55:58.759+0900][31.515s][info ][gc,heap        ] GC(74) Humongous regions: 0->0
[2026-08-01T18:55:58.759+0900][31.515s][info ][gc,metaspace   ] GC(74) Metaspace: 9467K(9984K)->9467K(9984K) NonClass: 8614K(8832K)->8614K(8832K) Class: 853K(1152K)->853K(1152K)
[2026-08-01T18:55:58.759+0900][31.515s][debug][gc,heap        ] GC(74) Heap after GC invocations=75 (full 33):
[2026-08-01T18:55:58.759+0900][31.515s][debug][gc,heap        ] GC(74)  garbage-first heap   total 10747904K, used 2640867K [0x00000243aa000000, 0x0000027aaa000000)
[2026-08-01T18:55:58.759+0900][31.515s][debug][gc,heap        ] GC(74)   region size 32768K, 1 young (32768K), 1 survivors (32768K)
[2026-08-01T18:55:58.759+0900][31.515s][debug][gc,heap        ] GC(74)  Metaspace       used 9467K, committed 9984K, reserved 1114112K
[2026-08-01T18:55:58.759+0900][31.515s][debug][gc,heap        ] GC(74)   class space    used 853K, committed 1152K, reserved 1048576K
[2026-08-01T18:55:58.759+0900][31.515s][info ][gc             ] GC(74) Pause Young (Mixed) (G1 Evacuation Pause) 2806M->2578M(10496M) 35.751ms
[2026-08-01T18:55:58.759+0900][31.515s][info ][gc,cpu         ] GC(74) User=0.56s Sys=0.00s Real=0.04s
[2026-08-01T18:55:58.759+0900][31.515s][info ][safepoint      ] Safepoint "G1CollectForAllocation", Time since last: 290308200 ns, Reaching safepoint: 103800 ns, At safepoint: 35811000 ns, Total: 35914800 ns
[2026-08-01T18:55:59.305+0900][32.061s][info ][gc,start       ] GC(75) Pause Young (Normal) (G1 Evacuation Pause)
[2026-08-01T18:55:59.305+0900][32.061s][debug][gc,heap        ] GC(75) Heap before GC invocations=75 (full 33):
[2026-08-01T18:55:59.305+0900][32.061s][debug][gc,heap        ] GC(75)  garbage-first heap   total 10747904K, used 4738019K [0x00000243aa000000, 0x0000027aaa000000)
[2026-08-01T18:55:59.305+0900][32.061s][debug][gc,heap        ] GC(75)   region size 32768K, 65 young (2129920K), 1 survivors (32768K)
[2026-08-01T18:55:59.305+0900][32.061s][debug][gc,heap        ] GC(75)  Metaspace       used 9478K, committed 10048K, reserved 1114112K
[2026-08-01T18:55:59.305+0900][32.061s][debug][gc,heap        ] GC(75)   class space    used 853K, committed 1152K, reserved 1048576K
[2026-08-01T18:55:59.305+0900][32.061s][info ][gc,task        ] GC(75) Using 18 workers of 18 for evacuation
[2026-08-01T18:55:59.314+0900][32.070s][info ][gc,phases      ] GC(75)   Pre Evacuate Collection Set: 0.1ms
[2026-08-01T18:55:59.314+0900][32.070s][info ][gc,phases      ] GC(75)   Merge Heap Roots: 0.5ms
[2026-08-01T18:55:59.314+0900][32.070s][info ][gc,phases      ] GC(75)   Evacuate Collection Set: 8.3ms
[2026-08-01T18:55:59.314+0900][32.070s][info ][gc,phases      ] GC(75)   Post Evacuate Collection Set: 0.4ms
[2026-08-01T18:55:59.314+0900][32.070s][info ][gc,phases      ] GC(75)   Other: 0.1ms
[2026-08-01T18:55:59.314+0900][32.070s][info ][gc,heap        ] GC(75) Eden regions: 64->0(63)
[2026-08-01T18:55:59.314+0900][32.070s][info ][gc,heap        ] GC(75) Survivor regions: 1->2(9)
[2026-08-01T18:55:59.314+0900][32.070s][info ][gc,heap        ] GC(75) Old regions: 84->84
[2026-08-01T18:55:59.314+0900][32.070s][info ][gc,heap        ] GC(75) Archive regions: 0->0
[2026-08-01T18:55:59.314+0900][32.070s][info ][gc,heap        ] GC(75) Humongous regions: 0->0
[2026-08-01T18:55:59.314+0900][32.070s][info ][gc,metaspace   ] GC(75) Metaspace: 9478K(10048K)->9478K(10048K) NonClass: 8625K(8896K)->8625K(8896K) Class: 853K(1152K)->853K(1152K)
[2026-08-01T18:55:59.314+0900][32.070s][debug][gc,heap        ] GC(75) Heap after GC invocations=76 (full 33):
[2026-08-01T18:55:59.314+0900][32.070s][debug][gc,heap        ] GC(75)  garbage-first heap   total 10747904K, used 2650416K [0x00000243aa000000, 0x0000027aaa000000)
[2026-08-01T18:55:59.314+0900][32.070s][debug][gc,heap        ] GC(75)   region size 32768K, 2 young (65536K), 2 survivors (65536K)
[2026-08-01T18:55:59.315+0900][32.070s][debug][gc,heap        ] GC(75)  Metaspace       used 9478K, committed 10048K, reserved 1114112K
[2026-08-01T18:55:59.315+0900][32.070s][debug][gc,heap        ] GC(75)   class space    used 853K, committed 1152K, reserved 1048576K
[2026-08-01T18:55:59.315+0900][32.070s][info ][gc             ] GC(75) Pause Young (Normal) (G1 Evacuation Pause) 4626M->2588M(10496M) 9.812ms
[2026-08-01T18:55:59.315+0900][32.070s][info ][gc,cpu         ] GC(75) User=0.22s Sys=0.06s Real=0.01s
[2026-08-01T18:55:59.315+0900][32.071s][info ][safepoint      ] Safepoint "G1CollectForAllocation", Time since last: 545758100 ns, Reaching safepoint: 68300 ns, At safepoint: 9894400 ns, Total: 9962700 ns
[2026-08-01T18:56:00.069+0900][32.825s][info ][gc,start       ] GC(76) Pause Young (Normal) (G1 Evacuation Pause)
[2026-08-01T18:56:00.069+0900][32.825s][debug][gc,heap        ] GC(76) Heap before GC invocations=76 (full 33):
[2026-08-01T18:56:00.069+0900][32.825s][debug][gc,heap        ] GC(76)  garbage-first heap   total 10747904K, used 4714800K [0x00000243aa000000, 0x0000027aaa000000)
[2026-08-01T18:56:00.069+0900][32.825s][debug][gc,heap        ] GC(76)   region size 32768K, 65 young (2129920K), 2 survivors (65536K)
[2026-08-01T18:56:00.069+0900][32.825s][debug][gc,heap        ] GC(76)  Metaspace       used 9484K, committed 10048K, reserved 1114112K
[2026-08-01T18:56:00.069+0900][32.825s][debug][gc,heap        ] GC(76)   class space    used 853K, committed 1152K, reserved 1048576K
[2026-08-01T18:56:00.069+0900][32.825s][info ][gc,task        ] GC(76) Using 18 workers of 18 for evacuation
[2026-08-01T18:56:00.079+0900][32.835s][info ][gc,phases      ] GC(76)   Pre Evacuate Collection Set: 0.1ms
[2026-08-01T18:56:00.079+0900][32.835s][info ][gc,phases      ] GC(76)   Merge Heap Roots: 0.6ms
[2026-08-01T18:56:00.079+0900][32.835s][info ][gc,phases      ] GC(76)   Evacuate Collection Set: 8.8ms
[2026-08-01T18:56:00.079+0900][32.835s][info ][gc,phases      ] GC(76)   Post Evacuate Collection Set: 0.5ms
[2026-08-01T18:56:00.079+0900][32.835s][info ][gc,phases      ] GC(76)   Other: 0.1ms
[2026-08-01T18:56:00.079+0900][32.835s][info ][gc,heap        ] GC(76) Eden regions: 63->0(63)
[2026-08-01T18:56:00.079+0900][32.835s][info ][gc,heap        ] GC(76) Survivor regions: 2->2(9)
[2026-08-01T18:56:00.079+0900][32.835s][info ][gc,heap        ] GC(76) Old regions: 84->84
[2026-08-01T18:56:00.079+0900][32.835s][info ][gc,heap        ] GC(76) Archive regions: 0->0
[2026-08-01T18:56:00.079+0900][32.835s][info ][gc,heap        ] GC(76) Humongous regions: 0->0
[2026-08-01T18:56:00.079+0900][32.835s][info ][gc,metaspace   ] GC(76) Metaspace: 9484K(10048K)->9484K(10048K) NonClass: 8631K(8896K)->8631K(8896K) Class: 853K(1152K)->853K(1152K)
[2026-08-01T18:56:00.079+0900][32.835s][debug][gc,heap        ] GC(76) Heap after GC invocations=77 (full 33):
[2026-08-01T18:56:00.079+0900][32.835s][debug][gc,heap        ] GC(76)  garbage-first heap   total 10747904K, used 2653363K [0x00000243aa000000, 0x0000027aaa000000)
[2026-08-01T18:56:00.079+0900][32.835s][debug][gc,heap        ] GC(76)   region size 32768K, 2 young (65536K), 2 survivors (65536K)
[2026-08-01T18:56:00.079+0900][32.835s][debug][gc,heap        ] GC(76)  Metaspace       used 9484K, committed 10048K, reserved 1114112K
[2026-08-01T18:56:00.079+0900][32.835s][debug][gc,heap        ] GC(76)   class space    used 853K, committed 1152K, reserved 1048576K
[2026-08-01T18:56:00.080+0900][32.835s][info ][gc             ] GC(76) Pause Young (Normal) (G1 Evacuation Pause) 4604M->2591M(10496M) 10.376ms
[2026-08-01T18:56:00.080+0900][32.836s][info ][gc,cpu         ] GC(76) User=0.22s Sys=0.06s Real=0.01s
[2026-08-01T18:56:00.080+0900][32.836s][info ][safepoint      ] Safepoint "G1CollectForAllocation", Time since last: 754552600 ns, Reaching safepoint: 36900 ns, At safepoint: 10437400 ns, Total: 10474300 ns
[2026-08-01T18:56:01.089+0900][33.845s][info ][safepoint      ] Safepoint "Cleanup", Time since last: 1009482600 ns, Reaching safepoint: 93400 ns, At safepoint: 12900 ns, Total: 106300 ns
[2026-08-01T18:56:01.622+0900][34.378s][info ][gc,start       ] GC(77) Pause Young (Normal) (G1 Evacuation Pause)
[2026-08-01T18:56:01.622+0900][34.378s][debug][gc,heap        ] GC(77) Heap before GC invocations=77 (full 33):
[2026-08-01T18:56:01.622+0900][34.378s][debug][gc,heap        ] GC(77)  garbage-first heap   total 10747904K, used 4717747K [0x00000243aa000000, 0x0000027aaa000000)
[2026-08-01T18:56:01.622+0900][34.378s][debug][gc,heap        ] GC(77)   region size 32768K, 65 young (2129920K), 2 survivors (65536K)
[2026-08-01T18:56:01.622+0900][34.378s][debug][gc,heap        ] GC(77)  Metaspace       used 9490K, committed 10048K, reserved 1114112K
[2026-08-01T18:56:01.622+0900][34.378s][debug][gc,heap        ] GC(77)   class space    used 853K, committed 1152K, reserved 1048576K
[2026-08-01T18:56:01.622+0900][34.378s][info ][gc,task        ] GC(77) Using 18 workers of 18 for evacuation
[2026-08-01T18:56:01.758+0900][34.515s][info ][gc,phases      ] GC(77)   Pre Evacuate Collection Set: 0.1ms
[2026-08-01T18:56:01.758+0900][34.515s][info ][gc,phases      ] GC(77)   Merge Heap Roots: 0.5ms
[2026-08-01T18:56:01.758+0900][34.515s][info ][gc,phases      ] GC(77)   Evacuate Collection Set: 135.1ms
[2026-08-01T18:56:01.758+0900][34.515s][info ][gc,phases      ] GC(77)   Post Evacuate Collection Set: 1.0ms
[2026-08-01T18:56:01.758+0900][34.515s][info ][gc,phases      ] GC(77)   Other: 0.1ms
[2026-08-01T18:56:01.758+0900][34.515s][info ][gc,heap        ] GC(77) Eden regions: 63->0(56)
[2026-08-01T18:56:01.759+0900][34.515s][info ][gc,heap        ] GC(77) Survivor regions: 2->9(9)
[2026-08-01T18:56:01.759+0900][34.515s][info ][gc,heap        ] GC(77) Old regions: 84->99
[2026-08-01T18:56:01.759+0900][34.515s][info ][gc,heap        ] GC(77) Archive regions: 0->0
[2026-08-01T18:56:01.759+0900][34.515s][info ][gc,heap        ] GC(77) Humongous regions: 0->0
[2026-08-01T18:56:01.759+0900][34.515s][info ][gc,metaspace   ] GC(77) Metaspace: 9490K(10048K)->9490K(10048K) NonClass: 8636K(8896K)->8636K(8896K) Class: 853K(1152K)->853K(1152K)
[2026-08-01T18:56:01.759+0900][34.515s][debug][gc,heap        ] GC(77) Heap after GC invocations=78 (full 33):
[2026-08-01T18:56:01.759+0900][34.515s][debug][gc,heap        ] GC(77)  garbage-first heap   total 10747904K, used 3412504K [0x00000243aa000000, 0x0000027aaa000000)
[2026-08-01T18:56:01.759+0900][34.515s][debug][gc,heap        ] GC(77)   region size 32768K, 9 young (294912K), 9 survivors (294912K)
[2026-08-01T18:56:01.759+0900][34.515s][debug][gc,heap        ] GC(77)  Metaspace       used 9490K, committed 10048K, reserved 1114112K
[2026-08-01T18:56:01.759+0900][34.515s][debug][gc,heap        ] GC(77)   class space    used 853K, committed 1152K, reserved 1048576K
[2026-08-01T18:56:01.759+0900][34.515s][info ][gc             ] GC(77) Pause Young (Normal) (G1 Evacuation Pause) 4607M->3332M(10496M) 137.210ms
[2026-08-01T18:56:01.759+0900][34.515s][info ][gc,cpu         ] GC(77) User=2.06s Sys=0.17s Real=0.14s
[2026-08-01T18:56:01.759+0900][34.515s][info ][safepoint      ] Safepoint "G1CollectForAllocation", Time since last: 532254100 ns, Reaching safepoint: 110500 ns, At safepoint: 137267400 ns, Total: 137377900 ns
[2026-08-01T18:56:03.498+0900][36.254s][info ][gc,start       ] GC(78) Pause Young (Normal) (G1 Evacuation Pause)
[2026-08-01T18:56:03.498+0900][36.254s][debug][gc,heap        ] GC(78) Heap before GC invocations=78 (full 33):
[2026-08-01T18:56:03.498+0900][36.254s][debug][gc,heap        ] GC(78)  garbage-first heap   total 10747904K, used 5247512K [0x00000243aa000000, 0x0000027aaa000000)
[2026-08-01T18:56:03.498+0900][36.254s][debug][gc,heap        ] GC(78)   region size 32768K, 65 young (2129920K), 9 survivors (294912K)
[2026-08-01T18:56:03.498+0900][36.254s][debug][gc,heap        ] GC(78)  Metaspace       used 9490K, committed 10048K, reserved 1114112K
[2026-08-01T18:56:03.498+0900][36.254s][debug][gc,heap        ] GC(78)   class space    used 853K, committed 1152K, reserved 1048576K
[2026-08-01T18:56:03.498+0900][36.254s][info ][gc,task        ] GC(78) Using 18 workers of 18 for evacuation
[2026-08-01T18:56:03.615+0900][36.371s][info ][gc,phases      ] GC(78)   Pre Evacuate Collection Set: 0.1ms
[2026-08-01T18:56:03.615+0900][36.371s][info ][gc,phases      ] GC(78)   Merge Heap Roots: 2.1ms
[2026-08-01T18:56:03.615+0900][36.371s][info ][gc,phases      ] GC(78)   Evacuate Collection Set: 102.5ms
[2026-08-01T18:56:03.615+0900][36.371s][info ][gc,phases      ] GC(78)   Post Evacuate Collection Set: 12.0ms
[2026-08-01T18:56:03.615+0900][36.371s][info ][gc,phases      ] GC(78)   Other: 0.1ms
[2026-08-01T18:56:03.615+0900][36.371s][info ][gc,heap        ] GC(78) Eden regions: 56->0(74)
[2026-08-01T18:56:03.615+0900][36.371s][info ][gc,heap        ] GC(78) Survivor regions: 9->9(9)
[2026-08-01T18:56:03.615+0900][36.371s][info ][gc,heap        ] GC(78) Old regions: 99->112
[2026-08-01T18:56:03.615+0900][36.371s][info ][gc,heap        ] GC(78) Archive regions: 0->0
[2026-08-01T18:56:03.615+0900][36.371s][info ][gc,heap        ] GC(78) Humongous regions: 0->0
[2026-08-01T18:56:03.615+0900][36.371s][info ][gc,metaspace   ] GC(78) Metaspace: 9490K(10048K)->9490K(10048K) NonClass: 8636K(8896K)->8636K(8896K) Class: 853K(1152K)->853K(1152K)
[2026-08-01T18:56:03.615+0900][36.371s][debug][gc,heap        ] GC(78) Heap after GC invocations=79 (full 33):
[2026-08-01T18:56:03.615+0900][36.371s][debug][gc,heap        ] GC(78)  garbage-first heap   total 17039360K, used 3841415K [0x00000243aa000000, 0x0000027aaa000000)
[2026-08-01T18:56:03.615+0900][36.371s][debug][gc,heap        ] GC(78)   region size 32768K, 9 young (294912K), 9 survivors (294912K)
[2026-08-01T18:56:03.615+0900][36.371s][debug][gc,heap        ] GC(78)  Metaspace       used 9490K, committed 10048K, reserved 1114112K
[2026-08-01T18:56:03.615+0900][36.371s][debug][gc,heap        ] GC(78)   class space    used 853K, committed 1152K, reserved 1048576K
[2026-08-01T18:56:03.615+0900][36.371s][info ][gc             ] GC(78) Pause Young (Normal) (G1 Evacuation Pause) 5124M->3751M(16640M) 117.189ms
[2026-08-01T18:56:03.615+0900][36.371s][info ][gc,cpu         ] GC(78) User=1.44s Sys=0.27s Real=0.12s
[2026-08-01T18:56:03.615+0900][36.371s][info ][safepoint      ] Safepoint "G1CollectForAllocation", Time since last: 1739003600 ns, Reaching safepoint: 99000 ns, At safepoint: 117254700 ns, Total: 117353700 ns
[2026-08-01T18:56:05.856+0900][38.612s][info ][gc,start       ] GC(79) Pause Young (Normal) (G1 Evacuation Pause)
[2026-08-01T18:56:05.856+0900][38.612s][debug][gc,heap        ] GC(79) Heap before GC invocations=79 (full 33):
[2026-08-01T18:56:05.856+0900][38.612s][debug][gc,heap        ] GC(79)  garbage-first heap   total 17039360K, used 6266247K [0x00000243aa000000, 0x0000027aaa000000)
[2026-08-01T18:56:05.856+0900][38.612s][debug][gc,heap        ] GC(79)   region size 32768K, 83 young (2719744K), 9 survivors (294912K)
[2026-08-01T18:56:05.856+0900][38.612s][debug][gc,heap        ] GC(79)  Metaspace       used 9490K, committed 10048K, reserved 1114112K
[2026-08-01T18:56:05.856+0900][38.612s][debug][gc,heap        ] GC(79)   class space    used 853K, committed 1152K, reserved 1048576K
[2026-08-01T18:56:05.856+0900][38.612s][info ][gc,task        ] GC(79) Using 18 workers of 18 for evacuation
[2026-08-01T18:56:05.895+0900][38.651s][info ][gc,phases      ] GC(79)   Pre Evacuate Collection Set: 0.2ms
[2026-08-01T18:56:05.895+0900][38.651s][info ][gc,phases      ] GC(79)   Merge Heap Roots: 0.9ms
[2026-08-01T18:56:05.895+0900][38.651s][info ][gc,phases      ] GC(79)   Evacuate Collection Set: 38.1ms
[2026-08-01T18:56:05.895+0900][38.651s][info ][gc,phases      ] GC(79)   Post Evacuate Collection Set: 0.3ms
[2026-08-01T18:56:05.895+0900][38.651s][info ][gc,phases      ] GC(79)   Other: 0.1ms
[2026-08-01T18:56:05.895+0900][38.652s][info ][gc,heap        ] GC(79) Eden regions: 74->0(104)
[2026-08-01T18:56:05.896+0900][38.652s][info ][gc,heap        ] GC(79) Survivor regions: 9->0(11)
[2026-08-01T18:56:05.896+0900][38.652s][info ][gc,heap        ] GC(79) Old regions: 112->122
[2026-08-01T18:56:05.896+0900][38.652s][info ][gc,heap        ] GC(79) Archive regions: 0->0
[2026-08-01T18:56:05.896+0900][38.652s][info ][gc,heap        ] GC(79) Humongous regions: 0->0
[2026-08-01T18:56:05.896+0900][38.652s][info ][gc,metaspace   ] GC(79) Metaspace: 9490K(10048K)->9490K(10048K) NonClass: 8636K(8896K)->8636K(8896K) Class: 853K(1152K)->853K(1152K)
[2026-08-01T18:56:05.896+0900][38.652s][debug][gc,heap        ] GC(79) Heap after GC invocations=80 (full 33):
[2026-08-01T18:56:05.896+0900][38.652s][debug][gc,heap        ] GC(79)  garbage-first heap   total 17039360K, used 3873956K [0x00000243aa000000, 0x0000027aaa000000)
[2026-08-01T18:56:05.896+0900][38.652s][debug][gc,heap        ] GC(79)   region size 32768K, 0 young (0K), 0 survivors (0K)
[2026-08-01T18:56:05.896+0900][38.652s][debug][gc,heap        ] GC(79)  Metaspace       used 9490K, committed 10048K, reserved 1114112K
[2026-08-01T18:56:05.896+0900][38.652s][debug][gc,heap        ] GC(79)   class space    used 853K, committed 1152K, reserved 1048576K
[2026-08-01T18:56:05.896+0900][38.652s][info ][gc             ] GC(79) Pause Young (Normal) (G1 Evacuation Pause) 6119M->3783M(16640M) 39.912ms
[2026-08-01T18:56:05.896+0900][38.652s][info ][gc,cpu         ] GC(79) User=0.33s Sys=0.23s Real=0.04s
[2026-08-01T18:56:05.896+0900][38.652s][info ][safepoint      ] Safepoint "G1CollectForAllocation", Time since last: 2240478300 ns, Reaching safepoint: 103700 ns, At safepoint: 39965900 ns, Total: 40069600 ns
[2026-08-01T18:56:08.377+0900][41.134s][info ][gc,start       ] GC(80) Pause Young (Normal) (G1 Evacuation Pause)
[2026-08-01T18:56:08.378+0900][41.134s][debug][gc,heap        ] GC(80) Heap before GC invocations=80 (full 33):
[2026-08-01T18:56:08.378+0900][41.134s][debug][gc,heap        ] GC(80)  garbage-first heap   total 17039360K, used 7281828K [0x00000243aa000000, 0x0000027aaa000000)
[2026-08-01T18:56:08.378+0900][41.134s][debug][gc,heap        ] GC(80)   region size 32768K, 104 young (3407872K), 0 survivors (0K)
[2026-08-01T18:56:08.378+0900][41.134s][debug][gc,heap        ] GC(80)  Metaspace       used 9490K, committed 10048K, reserved 1114112K
[2026-08-01T18:56:08.378+0900][41.134s][debug][gc,heap        ] GC(80)   class space    used 853K, committed 1152K, reserved 1048576K
[2026-08-01T18:56:08.378+0900][41.134s][info ][gc,task        ] GC(80) Using 18 workers of 18 for evacuation
[2026-08-01T18:56:08.379+0900][41.135s][info ][gc,phases      ] GC(80)   Pre Evacuate Collection Set: 0.1ms
[2026-08-01T18:56:08.379+0900][41.135s][info ][gc,phases      ] GC(80)   Merge Heap Roots: 0.2ms
[2026-08-01T18:56:08.379+0900][41.135s][info ][gc,phases      ] GC(80)   Evacuate Collection Set: 0.3ms
[2026-08-01T18:56:08.379+0900][41.135s][info ][gc,phases      ] GC(80)   Post Evacuate Collection Set: 0.3ms
[2026-08-01T18:56:08.379+0900][41.135s][info ][gc,phases      ] GC(80)   Other: 0.1ms
[2026-08-01T18:56:08.379+0900][41.135s][info ][gc,heap        ] GC(80) Eden regions: 104->0(104)
[2026-08-01T18:56:08.379+0900][41.135s][info ][gc,heap        ] GC(80) Survivor regions: 0->0(13)
[2026-08-01T18:56:08.379+0900][41.135s][info ][gc,heap        ] GC(80) Old regions: 122->122
[2026-08-01T18:56:08.379+0900][41.135s][info ][gc,heap        ] GC(80) Archive regions: 0->0
[2026-08-01T18:56:08.379+0900][41.135s][info ][gc,heap        ] GC(80) Humongous regions: 0->0
[2026-08-01T18:56:08.379+0900][41.135s][info ][gc,metaspace   ] GC(80) Metaspace: 9490K(10048K)->9490K(10048K) NonClass: 8636K(8896K)->8636K(8896K) Class: 853K(1152K)->853K(1152K)
[2026-08-01T18:56:08.379+0900][41.135s][debug][gc,heap        ] GC(80) Heap after GC invocations=81 (full 33):
[2026-08-01T18:56:08.379+0900][41.135s][debug][gc,heap        ] GC(80)  garbage-first heap   total 17039360K, used 3873956K [0x00000243aa000000, 0x0000027aaa000000)
[2026-08-01T18:56:08.379+0900][41.135s][debug][gc,heap        ] GC(80)   region size 32768K, 0 young (0K), 0 survivors (0K)
[2026-08-01T18:56:08.379+0900][41.135s][debug][gc,heap        ] GC(80)  Metaspace       used 9490K, committed 10048K, reserved 1114112K
[2026-08-01T18:56:08.379+0900][41.135s][debug][gc,heap        ] GC(80)   class space    used 853K, committed 1152K, reserved 1048576K
[2026-08-01T18:56:08.379+0900][41.135s][info ][gc             ] GC(80) Pause Young (Normal) (G1 Evacuation Pause) 7111M->3783M(16640M) 1.346ms
[2026-08-01T18:56:08.379+0900][41.135s][info ][gc,cpu         ] GC(80) User=0.00s Sys=0.00s Real=0.00s
[2026-08-01T18:56:08.379+0900][41.135s][info ][safepoint      ] Safepoint "G1CollectForAllocation", Time since last: 2481908800 ns, Reaching safepoint: 91000 ns, At safepoint: 1404500 ns, Total: 1495500 ns
[2026-08-01T18:56:10.514+0900][43.270s][info ][gc,start       ] GC(81) Pause Young (Normal) (G1 Evacuation Pause)
[2026-08-01T18:56:10.514+0900][43.270s][debug][gc,heap        ] GC(81) Heap before GC invocations=81 (full 33):
[2026-08-01T18:56:10.514+0900][43.270s][debug][gc,heap        ] GC(81)  garbage-first heap   total 17039360K, used 7281828K [0x00000243aa000000, 0x0000027aaa000000)
[2026-08-01T18:56:10.514+0900][43.270s][debug][gc,heap        ] GC(81)   region size 32768K, 104 young (3407872K), 0 survivors (0K)
[2026-08-01T18:56:10.514+0900][43.270s][debug][gc,heap        ] GC(81)  Metaspace       used 9490K, committed 10048K, reserved 1114112K
[2026-08-01T18:56:10.514+0900][43.270s][debug][gc,heap        ] GC(81)   class space    used 853K, committed 1152K, reserved 1048576K
[2026-08-01T18:56:10.514+0900][43.270s][info ][gc,task        ] GC(81) Using 18 workers of 18 for evacuation
[2026-08-01T18:56:10.515+0900][43.271s][info ][gc,phases      ] GC(81)   Pre Evacuate Collection Set: 0.1ms
[2026-08-01T18:56:10.515+0900][43.271s][info ][gc,phases      ] GC(81)   Merge Heap Roots: 0.2ms
[2026-08-01T18:56:10.515+0900][43.271s][info ][gc,phases      ] GC(81)   Evacuate Collection Set: 0.3ms
[2026-08-01T18:56:10.515+0900][43.271s][info ][gc,phases      ] GC(81)   Post Evacuate Collection Set: 0.3ms
[2026-08-01T18:56:10.515+0900][43.271s][info ][gc,phases      ] GC(81)   Other: 0.1ms
[2026-08-01T18:56:10.515+0900][43.271s][info ][gc,heap        ] GC(81) Eden regions: 104->0(104)
[2026-08-01T18:56:10.515+0900][43.271s][info ][gc,heap        ] GC(81) Survivor regions: 0->0(13)
[2026-08-01T18:56:10.515+0900][43.271s][info ][gc,heap        ] GC(81) Old regions: 122->122
[2026-08-01T18:56:10.515+0900][43.271s][info ][gc,heap        ] GC(81) Archive regions: 0->0
[2026-08-01T18:56:10.515+0900][43.271s][info ][gc,heap        ] GC(81) Humongous regions: 0->0
[2026-08-01T18:56:10.515+0900][43.271s][info ][gc,metaspace   ] GC(81) Metaspace: 9490K(10048K)->9490K(10048K) NonClass: 8636K(8896K)->8636K(8896K) Class: 853K(1152K)->853K(1152K)
[2026-08-01T18:56:10.515+0900][43.271s][debug][gc,heap        ] GC(81) Heap after GC invocations=82 (full 33):
[2026-08-01T18:56:10.515+0900][43.271s][debug][gc,heap        ] GC(81)  garbage-first heap   total 17039360K, used 3873956K [0x00000243aa000000, 0x0000027aaa000000)
[2026-08-01T18:56:10.515+0900][43.271s][debug][gc,heap        ] GC(81)   region size 32768K, 0 young (0K), 0 survivors (0K)
[2026-08-01T18:56:10.515+0900][43.271s][debug][gc,heap        ] GC(81)  Metaspace       used 9490K, committed 10048K, reserved 1114112K
[2026-08-01T18:56:10.515+0900][43.271s][debug][gc,heap        ] GC(81)   class space    used 853K, committed 1152K, reserved 1048576K
[2026-08-01T18:56:10.515+0900][43.271s][info ][gc             ] GC(81) Pause Young (Normal) (G1 Evacuation Pause) 7111M->3783M(16640M) 1.313ms
[2026-08-01T18:56:10.515+0900][43.271s][info ][gc,cpu         ] GC(81) User=0.00s Sys=0.00s Real=0.00s
[2026-08-01T18:56:10.515+0900][43.271s][info ][safepoint      ] Safepoint "G1CollectForAllocation", Time since last: 2134375100 ns, Reaching safepoint: 100400 ns, At safepoint: 1364100 ns, Total: 1464500 ns
[2026-08-01T18:56:12.611+0900][45.367s][info ][gc,start       ] GC(82) Pause Young (Normal) (G1 Evacuation Pause)
[2026-08-01T18:56:12.612+0900][45.367s][debug][gc,heap        ] GC(82) Heap before GC invocations=82 (full 33):
[2026-08-01T18:56:12.612+0900][45.367s][debug][gc,heap        ] GC(82)  garbage-first heap   total 17039360K, used 7281828K [0x00000243aa000000, 0x0000027aaa000000)
[2026-08-01T18:56:12.612+0900][45.367s][debug][gc,heap        ] GC(82)   region size 32768K, 104 young (3407872K), 0 survivors (0K)
[2026-08-01T18:56:12.612+0900][45.367s][debug][gc,heap        ] GC(82)  Metaspace       used 9490K, committed 10048K, reserved 1114112K
[2026-08-01T18:56:12.612+0900][45.367s][debug][gc,heap        ] GC(82)   class space    used 853K, committed 1152K, reserved 1048576K
[2026-08-01T18:56:12.612+0900][45.367s][info ][gc,task        ] GC(82) Using 18 workers of 18 for evacuation
[2026-08-01T18:56:12.613+0900][45.368s][info ][gc,phases      ] GC(82)   Pre Evacuate Collection Set: 0.1ms
[2026-08-01T18:56:12.613+0900][45.368s][info ][gc,phases      ] GC(82)   Merge Heap Roots: 0.2ms
[2026-08-01T18:56:12.613+0900][45.368s][info ][gc,phases      ] GC(82)   Evacuate Collection Set: 0.3ms
[2026-08-01T18:56:12.613+0900][45.368s][info ][gc,phases      ] GC(82)   Post Evacuate Collection Set: 0.3ms
[2026-08-01T18:56:12.613+0900][45.369s][info ][gc,phases      ] GC(82)   Other: 0.1ms
[2026-08-01T18:56:12.613+0900][45.369s][info ][gc,heap        ] GC(82) Eden regions: 104->0(104)
[2026-08-01T18:56:12.613+0900][45.369s][info ][gc,heap        ] GC(82) Survivor regions: 0->0(13)
[2026-08-01T18:56:12.613+0900][45.369s][info ][gc,heap        ] GC(82) Old regions: 122->122
[2026-08-01T18:56:12.613+0900][45.369s][info ][gc,heap        ] GC(82) Archive regions: 0->0
[2026-08-01T18:56:12.613+0900][45.369s][info ][gc,heap        ] GC(82) Humongous regions: 0->0
[2026-08-01T18:56:12.613+0900][45.369s][info ][gc,metaspace   ] GC(82) Metaspace: 9490K(10048K)->9490K(10048K) NonClass: 8636K(8896K)->8636K(8896K) Class: 853K(1152K)->853K(1152K)
[2026-08-01T18:56:12.613+0900][45.369s][debug][gc,heap        ] GC(82) Heap after GC invocations=83 (full 33):
[2026-08-01T18:56:12.613+0900][45.369s][debug][gc,heap        ] GC(82)  garbage-first heap   total 17039360K, used 3873956K [0x00000243aa000000, 0x0000027aaa000000)
[2026-08-01T18:56:12.613+0900][45.369s][debug][gc,heap        ] GC(82)   region size 32768K, 0 young (0K), 0 survivors (0K)
[2026-08-01T18:56:12.613+0900][45.369s][debug][gc,heap        ] GC(82)  Metaspace       used 9490K, committed 10048K, reserved 1114112K
[2026-08-01T18:56:12.613+0900][45.369s][debug][gc,heap        ] GC(82)   class space    used 853K, committed 1152K, reserved 1048576K
[2026-08-01T18:56:12.613+0900][45.369s][info ][gc             ] GC(82) Pause Young (Normal) (G1 Evacuation Pause) 7111M->3783M(16640M) 1.375ms
[2026-08-01T18:56:12.613+0900][45.369s][info ][gc,cpu         ] GC(82) User=0.00s Sys=0.00s Real=0.00s
[2026-08-01T18:56:12.613+0900][45.369s][info ][safepoint      ] Safepoint "G1CollectForAllocation", Time since last: 2096227500 ns, Reaching safepoint: 113800 ns, At safepoint: 1425300 ns, Total: 1539100 ns
[2026-08-01T18:56:14.625+0900][47.381s][info ][gc,start       ] GC(83) Pause Young (Normal) (G1 Evacuation Pause)
[2026-08-01T18:56:14.625+0900][47.381s][debug][gc,heap        ] GC(83) Heap before GC invocations=83 (full 33):
[2026-08-01T18:56:14.625+0900][47.381s][debug][gc,heap        ] GC(83)  garbage-first heap   total 17039360K, used 7281828K [0x00000243aa000000, 0x0000027aaa000000)
[2026-08-01T18:56:14.625+0900][47.381s][debug][gc,heap        ] GC(83)   region size 32768K, 104 young (3407872K), 0 survivors (0K)
[2026-08-01T18:56:14.625+0900][47.381s][debug][gc,heap        ] GC(83)  Metaspace       used 9490K, committed 10048K, reserved 1114112K
[2026-08-01T18:56:14.625+0900][47.381s][debug][gc,heap        ] GC(83)   class space    used 853K, committed 1152K, reserved 1048576K
[2026-08-01T18:56:14.625+0900][47.381s][info ][gc,task        ] GC(83) Using 18 workers of 18 for evacuation
[2026-08-01T18:56:14.626+0900][47.382s][info ][gc,phases      ] GC(83)   Pre Evacuate Collection Set: 0.1ms
[2026-08-01T18:56:14.626+0900][47.382s][info ][gc,phases      ] GC(83)   Merge Heap Roots: 0.2ms
[2026-08-01T18:56:14.626+0900][47.382s][info ][gc,phases      ] GC(83)   Evacuate Collection Set: 0.3ms
[2026-08-01T18:56:14.626+0900][47.382s][info ][gc,phases      ] GC(83)   Post Evacuate Collection Set: 0.3ms
[2026-08-01T18:56:14.626+0900][47.382s][info ][gc,phases      ] GC(83)   Other: 0.1ms
[2026-08-01T18:56:14.626+0900][47.382s][info ][gc,heap        ] GC(83) Eden regions: 104->0(104)
[2026-08-01T18:56:14.626+0900][47.382s][info ][gc,heap        ] GC(83) Survivor regions: 0->0(13)
[2026-08-01T18:56:14.626+0900][47.382s][info ][gc,heap        ] GC(83) Old regions: 122->122
[2026-08-01T18:56:14.626+0900][47.382s][info ][gc,heap        ] GC(83) Archive regions: 0->0
[2026-08-01T18:56:14.626+0900][47.382s][info ][gc,heap        ] GC(83) Humongous regions: 0->0
[2026-08-01T18:56:14.626+0900][47.382s][info ][gc,metaspace   ] GC(83) Metaspace: 9490K(10048K)->9490K(10048K) NonClass: 8636K(8896K)->8636K(8896K) Class: 853K(1152K)->853K(1152K)
[2026-08-01T18:56:14.626+0900][47.382s][debug][gc,heap        ] GC(83) Heap after GC invocations=84 (full 33):
[2026-08-01T18:56:14.626+0900][47.382s][debug][gc,heap        ] GC(83)  garbage-first heap   total 17039360K, used 3873956K [0x00000243aa000000, 0x0000027aaa000000)
[2026-08-01T18:56:14.626+0900][47.382s][debug][gc,heap        ] GC(83)   region size 32768K, 0 young (0K), 0 survivors (0K)
[2026-08-01T18:56:14.626+0900][47.382s][debug][gc,heap        ] GC(83)  Metaspace       used 9490K, committed 10048K, reserved 1114112K
[2026-08-01T18:56:14.626+0900][47.382s][debug][gc,heap        ] GC(83)   class space    used 853K, committed 1152K, reserved 1048576K
[2026-08-01T18:56:14.626+0900][47.382s][info ][gc             ] GC(83) Pause Young (Normal) (G1 Evacuation Pause) 7111M->3783M(16640M) 1.337ms
[2026-08-01T18:56:14.627+0900][47.382s][info ][gc,cpu         ] GC(83) User=0.00s Sys=0.00s Real=0.00s
[2026-08-01T18:56:14.627+0900][47.382s][info ][safepoint      ] Safepoint "G1CollectForAllocation", Time since last: 2012277500 ns, Reaching safepoint: 113300 ns, At safepoint: 1392100 ns, Total: 1505400 ns
[2026-08-01T18:56:16.671+0900][49.428s][info ][gc,start       ] GC(84) Pause Young (Normal) (G1 Evacuation Pause)
[2026-08-01T18:56:16.671+0900][49.428s][debug][gc,heap        ] GC(84) Heap before GC invocations=84 (full 33):
[2026-08-01T18:56:16.671+0900][49.428s][debug][gc,heap        ] GC(84)  garbage-first heap   total 17039360K, used 7281828K [0x00000243aa000000, 0x0000027aaa000000)
[2026-08-01T18:56:16.671+0900][49.428s][debug][gc,heap        ] GC(84)   region size 32768K, 104 young (3407872K), 0 survivors (0K)
[2026-08-01T18:56:16.671+0900][49.428s][debug][gc,heap        ] GC(84)  Metaspace       used 9490K, committed 10048K, reserved 1114112K
[2026-08-01T18:56:16.671+0900][49.428s][debug][gc,heap        ] GC(84)   class space    used 853K, committed 1152K, reserved 1048576K
[2026-08-01T18:56:16.671+0900][49.428s][info ][gc,task        ] GC(84) Using 18 workers of 18 for evacuation
[2026-08-01T18:56:16.673+0900][49.429s][info ][gc,phases      ] GC(84)   Pre Evacuate Collection Set: 0.1ms
[2026-08-01T18:56:16.673+0900][49.429s][info ][gc,phases      ] GC(84)   Merge Heap Roots: 0.2ms
[2026-08-01T18:56:16.673+0900][49.429s][info ][gc,phases      ] GC(84)   Evacuate Collection Set: 0.2ms
[2026-08-01T18:56:16.673+0900][49.429s][info ][gc,phases      ] GC(84)   Post Evacuate Collection Set: 0.3ms
[2026-08-01T18:56:16.673+0900][49.429s][info ][gc,phases      ] GC(84)   Other: 0.1ms
[2026-08-01T18:56:16.673+0900][49.429s][info ][gc,heap        ] GC(84) Eden regions: 104->0(104)
[2026-08-01T18:56:16.673+0900][49.429s][info ][gc,heap        ] GC(84) Survivor regions: 0->0(13)
[2026-08-01T18:56:16.673+0900][49.429s][info ][gc,heap        ] GC(84) Old regions: 122->122
[2026-08-01T18:56:16.673+0900][49.429s][info ][gc,heap        ] GC(84) Archive regions: 0->0
[2026-08-01T18:56:16.673+0900][49.429s][info ][gc,heap        ] GC(84) Humongous regions: 0->0
[2026-08-01T18:56:16.673+0900][49.429s][info ][gc,metaspace   ] GC(84) Metaspace: 9490K(10048K)->9490K(10048K) NonClass: 8636K(8896K)->8636K(8896K) Class: 853K(1152K)->853K(1152K)
[2026-08-01T18:56:16.673+0900][49.429s][debug][gc,heap        ] GC(84) Heap after GC invocations=85 (full 33):
[2026-08-01T18:56:16.673+0900][49.429s][debug][gc,heap        ] GC(84)  garbage-first heap   total 17039360K, used 3873956K [0x00000243aa000000, 0x0000027aaa000000)
[2026-08-01T18:56:16.673+0900][49.429s][debug][gc,heap        ] GC(84)   region size 32768K, 0 young (0K), 0 survivors (0K)
[2026-08-01T18:56:16.673+0900][49.429s][debug][gc,heap        ] GC(84)  Metaspace       used 9490K, committed 10048K, reserved 1114112K
[2026-08-01T18:56:16.673+0900][49.429s][debug][gc,heap        ] GC(84)   class space    used 853K, committed 1152K, reserved 1048576K
[2026-08-01T18:56:16.673+0900][49.429s][info ][gc             ] GC(84) Pause Young (Normal) (G1 Evacuation Pause) 7111M->3783M(16640M) 1.244ms
[2026-08-01T18:56:16.673+0900][49.429s][info ][gc,cpu         ] GC(84) User=0.00s Sys=0.00s Real=0.00s
[2026-08-01T18:56:16.674+0900][49.429s][info ][safepoint      ] Safepoint "G1CollectForAllocation", Time since last: 2045520200 ns, Reaching safepoint: 47100 ns, At safepoint: 1301100 ns, Total: 1348200 ns
[2026-08-01T18:56:18.696+0900][51.452s][info ][gc,start       ] GC(85) Pause Young (Normal) (G1 Evacuation Pause)
[2026-08-01T18:56:18.696+0900][51.452s][debug][gc,heap        ] GC(85) Heap before GC invocations=85 (full 33):
[2026-08-01T18:56:18.696+0900][51.452s][debug][gc,heap        ] GC(85)  garbage-first heap   total 17039360K, used 7281828K [0x00000243aa000000, 0x0000027aaa000000)
[2026-08-01T18:56:18.696+0900][51.452s][debug][gc,heap        ] GC(85)   region size 32768K, 104 young (3407872K), 0 survivors (0K)
[2026-08-01T18:56:18.697+0900][51.452s][debug][gc,heap        ] GC(85)  Metaspace       used 9490K, committed 10048K, reserved 1114112K
[2026-08-01T18:56:18.697+0900][51.452s][debug][gc,heap        ] GC(85)   class space    used 853K, committed 1152K, reserved 1048576K
[2026-08-01T18:56:18.697+0900][51.452s][info ][gc,task        ] GC(85) Using 18 workers of 18 for evacuation
[2026-08-01T18:56:18.697+0900][51.453s][info ][gc,phases      ] GC(85)   Pre Evacuate Collection Set: 0.1ms
[2026-08-01T18:56:18.697+0900][51.453s][info ][gc,phases      ] GC(85)   Merge Heap Roots: 0.2ms
[2026-08-01T18:56:18.697+0900][51.453s][info ][gc,phases      ] GC(85)   Evacuate Collection Set: 0.3ms
[2026-08-01T18:56:18.697+0900][51.453s][info ][gc,phases      ] GC(85)   Post Evacuate Collection Set: 0.3ms
[2026-08-01T18:56:18.697+0900][51.453s][info ][gc,phases      ] GC(85)   Other: 0.1ms
[2026-08-01T18:56:18.697+0900][51.453s][info ][gc,heap        ] GC(85) Eden regions: 104->0(104)
[2026-08-01T18:56:18.697+0900][51.453s][info ][gc,heap        ] GC(85) Survivor regions: 0->0(13)
[2026-08-01T18:56:18.697+0900][51.453s][info ][gc,heap        ] GC(85) Old regions: 122->122
[2026-08-01T18:56:18.697+0900][51.453s][info ][gc,heap        ] GC(85) Archive regions: 0->0
[2026-08-01T18:56:18.697+0900][51.453s][info ][gc,heap        ] GC(85) Humongous regions: 0->0
[2026-08-01T18:56:18.698+0900][51.453s][info ][gc,metaspace   ] GC(85) Metaspace: 9490K(10048K)->9490K(10048K) NonClass: 8636K(8896K)->8636K(8896K) Class: 853K(1152K)->853K(1152K)
[2026-08-01T18:56:18.698+0900][51.453s][debug][gc,heap        ] GC(85) Heap after GC invocations=86 (full 33):
[2026-08-01T18:56:18.698+0900][51.453s][debug][gc,heap        ] GC(85)  garbage-first heap   total 17039360K, used 3873956K [0x00000243aa000000, 0x0000027aaa000000)
[2026-08-01T18:56:18.698+0900][51.453s][debug][gc,heap        ] GC(85)   region size 32768K, 0 young (0K), 0 survivors (0K)
[2026-08-01T18:56:18.698+0900][51.453s][debug][gc,heap        ] GC(85)  Metaspace       used 9490K, committed 10048K, reserved 1114112K
[2026-08-01T18:56:18.698+0900][51.454s][debug][gc,heap        ] GC(85)   class space    used 853K, committed 1152K, reserved 1048576K
[2026-08-01T18:56:18.698+0900][51.454s][info ][gc             ] GC(85) Pause Young (Normal) (G1 Evacuation Pause) 7111M->3783M(16640M) 1.336ms
[2026-08-01T18:56:18.698+0900][51.454s][info ][gc,cpu         ] GC(85) User=0.00s Sys=0.00s Real=0.00s
[2026-08-01T18:56:18.698+0900][51.454s][info ][safepoint      ] Safepoint "G1CollectForAllocation", Time since last: 2022727200 ns, Reaching safepoint: 113800 ns, At safepoint: 1389200 ns, Total: 1503000 ns
[2026-08-01T18:56:20.720+0900][53.477s][info ][gc,start       ] GC(86) Pause Young (Normal) (G1 Evacuation Pause)
[2026-08-01T18:56:20.720+0900][53.477s][debug][gc,heap        ] GC(86) Heap before GC invocations=86 (full 33):
[2026-08-01T18:56:20.720+0900][53.477s][debug][gc,heap        ] GC(86)  garbage-first heap   total 17039360K, used 7281828K [0x00000243aa000000, 0x0000027aaa000000)
[2026-08-01T18:56:20.720+0900][53.477s][debug][gc,heap        ] GC(86)   region size 32768K, 104 young (3407872K), 0 survivors (0K)
[2026-08-01T18:56:20.720+0900][53.477s][debug][gc,heap        ] GC(86)  Metaspace       used 9490K, committed 10048K, reserved 1114112K
[2026-08-01T18:56:20.720+0900][53.477s][debug][gc,heap        ] GC(86)   class space    used 853K, committed 1152K, reserved 1048576K
[2026-08-01T18:56:20.720+0900][53.477s][info ][gc,task        ] GC(86) Using 18 workers of 18 for evacuation
[2026-08-01T18:56:20.722+0900][53.478s][info ][gc,phases      ] GC(86)   Pre Evacuate Collection Set: 0.1ms
[2026-08-01T18:56:20.722+0900][53.478s][info ][gc,phases      ] GC(86)   Merge Heap Roots: 0.2ms
[2026-08-01T18:56:20.722+0900][53.478s][info ][gc,phases      ] GC(86)   Evacuate Collection Set: 0.2ms
[2026-08-01T18:56:20.722+0900][53.478s][info ][gc,phases      ] GC(86)   Post Evacuate Collection Set: 0.3ms
[2026-08-01T18:56:20.722+0900][53.478s][info ][gc,phases      ] GC(86)   Other: 0.1ms
[2026-08-01T18:56:20.722+0900][53.478s][info ][gc,heap        ] GC(86) Eden regions: 104->0(104)
[2026-08-01T18:56:20.722+0900][53.478s][info ][gc,heap        ] GC(86) Survivor regions: 0->0(13)
[2026-08-01T18:56:20.722+0900][53.478s][info ][gc,heap        ] GC(86) Old regions: 122->122
[2026-08-01T18:56:20.722+0900][53.478s][info ][gc,heap        ] GC(86) Archive regions: 0->0
[2026-08-01T18:56:20.722+0900][53.478s][info ][gc,heap        ] GC(86) Humongous regions: 0->0
[2026-08-01T18:56:20.722+0900][53.478s][info ][gc,metaspace   ] GC(86) Metaspace: 9490K(10048K)->9490K(10048K) NonClass: 8636K(8896K)->8636K(8896K) Class: 853K(1152K)->853K(1152K)
[2026-08-01T18:56:20.722+0900][53.478s][debug][gc,heap        ] GC(86) Heap after GC invocations=87 (full 33):
[2026-08-01T18:56:20.722+0900][53.478s][debug][gc,heap        ] GC(86)  garbage-first heap   total 17039360K, used 3873956K [0x00000243aa000000, 0x0000027aaa000000)
[2026-08-01T18:56:20.722+0900][53.478s][debug][gc,heap        ] GC(86)   region size 32768K, 0 young (0K), 0 survivors (0K)
[2026-08-01T18:56:20.722+0900][53.478s][debug][gc,heap        ] GC(86)  Metaspace       used 9490K, committed 10048K, reserved 1114112K
[2026-08-01T18:56:20.722+0900][53.478s][debug][gc,heap        ] GC(86)   class space    used 853K, committed 1152K, reserved 1048576K
[2026-08-01T18:56:20.722+0900][53.478s][info ][gc             ] GC(86) Pause Young (Normal) (G1 Evacuation Pause) 7111M->3783M(16640M) 1.235ms
[2026-08-01T18:56:20.722+0900][53.478s][info ][gc,cpu         ] GC(86) User=0.00s Sys=0.00s Real=0.00s
[2026-08-01T18:56:20.723+0900][53.478s][info ][safepoint      ] Safepoint "G1CollectForAllocation", Time since last: 2023278500 ns, Reaching safepoint: 92100 ns, At safepoint: 1287200 ns, Total: 1379300 ns
[2026-08-01T18:56:22.736+0900][55.493s][info ][gc,start       ] GC(87) Pause Young (Normal) (G1 Evacuation Pause)
[2026-08-01T18:56:22.736+0900][55.493s][debug][gc,heap        ] GC(87) Heap before GC invocations=87 (full 33):
[2026-08-01T18:56:22.736+0900][55.493s][debug][gc,heap        ] GC(87)  garbage-first heap   total 17039360K, used 7281828K [0x00000243aa000000, 0x0000027aaa000000)
[2026-08-01T18:56:22.736+0900][55.493s][debug][gc,heap        ] GC(87)   region size 32768K, 104 young (3407872K), 0 survivors (0K)
[2026-08-01T18:56:22.736+0900][55.493s][debug][gc,heap        ] GC(87)  Metaspace       used 9490K, committed 10048K, reserved 1114112K
[2026-08-01T18:56:22.736+0900][55.493s][debug][gc,heap        ] GC(87)   class space    used 853K, committed 1152K, reserved 1048576K
[2026-08-01T18:56:22.736+0900][55.493s][info ][gc,task        ] GC(87) Using 18 workers of 18 for evacuation
[2026-08-01T18:56:22.737+0900][55.494s][info ][gc,phases      ] GC(87)   Pre Evacuate Collection Set: 0.1ms
[2026-08-01T18:56:22.737+0900][55.494s][info ][gc,phases      ] GC(87)   Merge Heap Roots: 0.2ms
[2026-08-01T18:56:22.737+0900][55.494s][info ][gc,phases      ] GC(87)   Evacuate Collection Set: 0.2ms
[2026-08-01T18:56:22.737+0900][55.494s][info ][gc,phases      ] GC(87)   Post Evacuate Collection Set: 0.3ms
[2026-08-01T18:56:22.737+0900][55.494s][info ][gc,phases      ] GC(87)   Other: 0.1ms
[2026-08-01T18:56:22.737+0900][55.494s][info ][gc,heap        ] GC(87) Eden regions: 104->0(104)
[2026-08-01T18:56:22.737+0900][55.494s][info ][gc,heap        ] GC(87) Survivor regions: 0->0(13)
[2026-08-01T18:56:22.737+0900][55.494s][info ][gc,heap        ] GC(87) Old regions: 122->122
[2026-08-01T18:56:22.737+0900][55.494s][info ][gc,heap        ] GC(87) Archive regions: 0->0
[2026-08-01T18:56:22.737+0900][55.494s][info ][gc,heap        ] GC(87) Humongous regions: 0->0
[2026-08-01T18:56:22.737+0900][55.494s][info ][gc,metaspace   ] GC(87) Metaspace: 9490K(10048K)->9490K(10048K) NonClass: 8636K(8896K)->8636K(8896K) Class: 853K(1152K)->853K(1152K)
[2026-08-01T18:56:22.737+0900][55.494s][debug][gc,heap        ] GC(87) Heap after GC invocations=88 (full 33):
[2026-08-01T18:56:22.737+0900][55.494s][debug][gc,heap        ] GC(87)  garbage-first heap   total 17039360K, used 3873956K [0x00000243aa000000, 0x0000027aaa000000)
[2026-08-01T18:56:22.737+0900][55.494s][debug][gc,heap        ] GC(87)   region size 32768K, 0 young (0K), 0 survivors (0K)
[2026-08-01T18:56:22.737+0900][55.494s][debug][gc,heap        ] GC(87)  Metaspace       used 9490K, committed 10048K, reserved 1114112K
[2026-08-01T18:56:22.737+0900][55.494s][debug][gc,heap        ] GC(87)   class space    used 853K, committed 1152K, reserved 1048576K
[2026-08-01T18:56:22.737+0900][55.494s][info ][gc             ] GC(87) Pause Young (Normal) (G1 Evacuation Pause) 7111M->3783M(16640M) 1.219ms
[2026-08-01T18:56:22.737+0900][55.494s][info ][gc,cpu         ] GC(87) User=0.00s Sys=0.00s Real=0.00s
[2026-08-01T18:56:22.737+0900][55.494s][info ][safepoint      ] Safepoint "G1CollectForAllocation", Time since last: 2014340100 ns, Reaching safepoint: 116600 ns, At safepoint: 1275200 ns, Total: 1391800 ns
[2026-08-01T18:56:24.807+0900][57.563s][info ][gc,start       ] GC(88) Pause Young (Normal) (G1 Evacuation Pause)
[2026-08-01T18:56:24.807+0900][57.563s][debug][gc,heap        ] GC(88) Heap before GC invocations=88 (full 33):
[2026-08-01T18:56:24.807+0900][57.563s][debug][gc,heap        ] GC(88)  garbage-first heap   total 17039360K, used 7281828K [0x00000243aa000000, 0x0000027aaa000000)
[2026-08-01T18:56:24.807+0900][57.563s][debug][gc,heap        ] GC(88)   region size 32768K, 104 young (3407872K), 0 survivors (0K)
[2026-08-01T18:56:24.807+0900][57.563s][debug][gc,heap        ] GC(88)  Metaspace       used 9490K, committed 10048K, reserved 1114112K
[2026-08-01T18:56:24.807+0900][57.563s][debug][gc,heap        ] GC(88)   class space    used 853K, committed 1152K, reserved 1048576K
[2026-08-01T18:56:24.807+0900][57.563s][info ][gc,task        ] GC(88) Using 18 workers of 18 for evacuation
[2026-08-01T18:56:24.808+0900][57.564s][info ][gc,phases      ] GC(88)   Pre Evacuate Collection Set: 0.1ms
[2026-08-01T18:56:24.808+0900][57.564s][info ][gc,phases      ] GC(88)   Merge Heap Roots: 0.2ms
[2026-08-01T18:56:24.808+0900][57.564s][info ][gc,phases      ] GC(88)   Evacuate Collection Set: 0.2ms
[2026-08-01T18:56:24.808+0900][57.564s][info ][gc,phases      ] GC(88)   Post Evacuate Collection Set: 0.3ms
[2026-08-01T18:56:24.808+0900][57.564s][info ][gc,phases      ] GC(88)   Other: 0.1ms
[2026-08-01T18:56:24.808+0900][57.564s][info ][gc,heap        ] GC(88) Eden regions: 104->0(104)
[2026-08-01T18:56:24.808+0900][57.564s][info ][gc,heap        ] GC(88) Survivor regions: 0->0(13)
[2026-08-01T18:56:24.808+0900][57.564s][info ][gc,heap        ] GC(88) Old regions: 122->122
[2026-08-01T18:56:24.808+0900][57.564s][info ][gc,heap        ] GC(88) Archive regions: 0->0
[2026-08-01T18:56:24.808+0900][57.564s][info ][gc,heap        ] GC(88) Humongous regions: 0->0
[2026-08-01T18:56:24.808+0900][57.564s][info ][gc,metaspace   ] GC(88) Metaspace: 9490K(10048K)->9490K(10048K) NonClass: 8636K(8896K)->8636K(8896K) Class: 853K(1152K)->853K(1152K)
[2026-08-01T18:56:24.808+0900][57.564s][debug][gc,heap        ] GC(88) Heap after GC invocations=89 (full 33):
[2026-08-01T18:56:24.808+0900][57.564s][debug][gc,heap        ] GC(88)  garbage-first heap   total 17039360K, used 3873956K [0x00000243aa000000, 0x0000027aaa000000)
[2026-08-01T18:56:24.808+0900][57.564s][debug][gc,heap        ] GC(88)   region size 32768K, 0 young (0K), 0 survivors (0K)
[2026-08-01T18:56:24.808+0900][57.564s][debug][gc,heap        ] GC(88)  Metaspace       used 9490K, committed 10048K, reserved 1114112K
[2026-08-01T18:56:24.808+0900][57.564s][debug][gc,heap        ] GC(88)   class space    used 853K, committed 1152K, reserved 1048576K
[2026-08-01T18:56:24.808+0900][57.564s][info ][gc             ] GC(88) Pause Young (Normal) (G1 Evacuation Pause) 7111M->3783M(16640M) 1.272ms
[2026-08-01T18:56:24.808+0900][57.564s][info ][gc,cpu         ] GC(88) User=0.00s Sys=0.00s Real=0.00s
[2026-08-01T18:56:24.808+0900][57.564s][info ][safepoint      ] Safepoint "G1CollectForAllocation", Time since last: 2068983900 ns, Reaching safepoint: 113700 ns, At safepoint: 1325900 ns, Total: 1439600 ns
[2026-08-01T18:56:26.930+0900][59.686s][info ][gc,start       ] GC(89) Pause Young (Normal) (G1 Evacuation Pause)
[2026-08-01T18:56:26.930+0900][59.686s][debug][gc,heap        ] GC(89) Heap before GC invocations=89 (full 33):
[2026-08-01T18:56:26.930+0900][59.686s][debug][gc,heap        ] GC(89)  garbage-first heap   total 17039360K, used 7281828K [0x00000243aa000000, 0x0000027aaa000000)
[2026-08-01T18:56:26.930+0900][59.686s][debug][gc,heap        ] GC(89)   region size 32768K, 104 young (3407872K), 0 survivors (0K)
[2026-08-01T18:56:26.930+0900][59.686s][debug][gc,heap        ] GC(89)  Metaspace       used 9490K, committed 10048K, reserved 1114112K
[2026-08-01T18:56:26.930+0900][59.686s][debug][gc,heap        ] GC(89)   class space    used 853K, committed 1152K, reserved 1048576K
[2026-08-01T18:56:26.930+0900][59.686s][info ][gc,task        ] GC(89) Using 18 workers of 18 for evacuation
[2026-08-01T18:56:26.931+0900][59.687s][info ][gc,phases      ] GC(89)   Pre Evacuate Collection Set: 0.1ms
[2026-08-01T18:56:26.931+0900][59.687s][info ][gc,phases      ] GC(89)   Merge Heap Roots: 0.2ms
[2026-08-01T18:56:26.931+0900][59.687s][info ][gc,phases      ] GC(89)   Evacuate Collection Set: 0.2ms
[2026-08-01T18:56:26.931+0900][59.687s][info ][gc,phases      ] GC(89)   Post Evacuate Collection Set: 0.3ms
[2026-08-01T18:56:26.931+0900][59.687s][info ][gc,phases      ] GC(89)   Other: 0.1ms
[2026-08-01T18:56:26.931+0900][59.687s][info ][gc,heap        ] GC(89) Eden regions: 104->0(104)
[2026-08-01T18:56:26.931+0900][59.687s][info ][gc,heap        ] GC(89) Survivor regions: 0->0(13)
[2026-08-01T18:56:26.931+0900][59.687s][info ][gc,heap        ] GC(89) Old regions: 122->122
[2026-08-01T18:56:26.931+0900][59.687s][info ][gc,heap        ] GC(89) Archive regions: 0->0
[2026-08-01T18:56:26.931+0900][59.687s][info ][gc,heap        ] GC(89) Humongous regions: 0->0
[2026-08-01T18:56:26.931+0900][59.687s][info ][gc,metaspace   ] GC(89) Metaspace: 9490K(10048K)->9490K(10048K) NonClass: 8636K(8896K)->8636K(8896K) Class: 853K(1152K)->853K(1152K)
[2026-08-01T18:56:26.931+0900][59.687s][debug][gc,heap        ] GC(89) Heap after GC invocations=90 (full 33):
[2026-08-01T18:56:26.931+0900][59.687s][debug][gc,heap        ] GC(89)  garbage-first heap   total 17039360K, used 3873956K [0x00000243aa000000, 0x0000027aaa000000)
[2026-08-01T18:56:26.931+0900][59.687s][debug][gc,heap        ] GC(89)   region size 32768K, 0 young (0K), 0 survivors (0K)
[2026-08-01T18:56:26.931+0900][59.687s][debug][gc,heap        ] GC(89)  Metaspace       used 9490K, committed 10048K, reserved 1114112K
[2026-08-01T18:56:26.931+0900][59.687s][debug][gc,heap        ] GC(89)   class space    used 853K, committed 1152K, reserved 1048576K
[2026-08-01T18:56:26.931+0900][59.687s][info ][gc             ] GC(89) Pause Young (Normal) (G1 Evacuation Pause) 7111M->3783M(16640M) 1.250ms
[2026-08-01T18:56:26.931+0900][59.687s][info ][gc,cpu         ] GC(89) User=0.00s Sys=0.00s Real=0.00s
[2026-08-01T18:56:26.931+0900][59.687s][info ][safepoint      ] Safepoint "G1CollectForAllocation", Time since last: 2121445800 ns, Reaching safepoint: 111700 ns, At safepoint: 1304800 ns, Total: 1416500 ns
[2026-08-01T18:56:29.046+0900][61.802s][info ][gc,start       ] GC(90) Pause Young (Normal) (G1 Evacuation Pause)
[2026-08-01T18:56:29.046+0900][61.802s][debug][gc,heap        ] GC(90) Heap before GC invocations=90 (full 33):
[2026-08-01T18:56:29.046+0900][61.802s][debug][gc,heap        ] GC(90)  garbage-first heap   total 17039360K, used 7281828K [0x00000243aa000000, 0x0000027aaa000000)
[2026-08-01T18:56:29.046+0900][61.803s][debug][gc,heap        ] GC(90)   region size 32768K, 104 young (3407872K), 0 survivors (0K)
[2026-08-01T18:56:29.046+0900][61.803s][debug][gc,heap        ] GC(90)  Metaspace       used 9490K, committed 10048K, reserved 1114112K
[2026-08-01T18:56:29.046+0900][61.803s][debug][gc,heap        ] GC(90)   class space    used 853K, committed 1152K, reserved 1048576K
[2026-08-01T18:56:29.046+0900][61.803s][info ][gc,task        ] GC(90) Using 18 workers of 18 for evacuation
[2026-08-01T18:56:29.047+0900][61.803s][info ][gc,phases      ] GC(90)   Pre Evacuate Collection Set: 0.1ms
[2026-08-01T18:56:29.047+0900][61.803s][info ][gc,phases      ] GC(90)   Merge Heap Roots: 0.2ms
[2026-08-01T18:56:29.047+0900][61.803s][info ][gc,phases      ] GC(90)   Evacuate Collection Set: 0.2ms
[2026-08-01T18:56:29.047+0900][61.803s][info ][gc,phases      ] GC(90)   Post Evacuate Collection Set: 0.3ms
[2026-08-01T18:56:29.047+0900][61.803s][info ][gc,phases      ] GC(90)   Other: 0.1ms
[2026-08-01T18:56:29.047+0900][61.803s][info ][gc,heap        ] GC(90) Eden regions: 104->0(104)
[2026-08-01T18:56:29.047+0900][61.803s][info ][gc,heap        ] GC(90) Survivor regions: 0->0(13)
[2026-08-01T18:56:29.047+0900][61.803s][info ][gc,heap        ] GC(90) Old regions: 122->122
[2026-08-01T18:56:29.047+0900][61.804s][info ][gc,heap        ] GC(90) Archive regions: 0->0
[2026-08-01T18:56:29.047+0900][61.804s][info ][gc,heap        ] GC(90) Humongous regions: 0->0
[2026-08-01T18:56:29.047+0900][61.804s][info ][gc,metaspace   ] GC(90) Metaspace: 9490K(10048K)->9490K(10048K) NonClass: 8636K(8896K)->8636K(8896K) Class: 853K(1152K)->853K(1152K)
[2026-08-01T18:56:29.047+0900][61.804s][debug][gc,heap        ] GC(90) Heap after GC invocations=91 (full 33):
[2026-08-01T18:56:29.047+0900][61.804s][debug][gc,heap        ] GC(90)  garbage-first heap   total 17039360K, used 3873956K [0x00000243aa000000, 0x0000027aaa000000)
[2026-08-01T18:56:29.047+0900][61.804s][debug][gc,heap        ] GC(90)   region size 32768K, 0 young (0K), 0 survivors (0K)
[2026-08-01T18:56:29.047+0900][61.804s][debug][gc,heap        ] GC(90)  Metaspace       used 9490K, committed 10048K, reserved 1114112K
[2026-08-01T18:56:29.047+0900][61.804s][debug][gc,heap        ] GC(90)   class space    used 853K, committed 1152K, reserved 1048576K
[2026-08-01T18:56:29.047+0900][61.804s][info ][gc             ] GC(90) Pause Young (Normal) (G1 Evacuation Pause) 7111M->3783M(16640M) 1.200ms
[2026-08-01T18:56:29.047+0900][61.804s][info ][gc,cpu         ] GC(90) User=0.00s Sys=0.00s Real=0.00s
[2026-08-01T18:56:29.047+0900][61.804s][info ][safepoint      ] Safepoint "G1CollectForAllocation", Time since last: 2115043100 ns, Reaching safepoint: 106400 ns, At safepoint: 1255800 ns, Total: 1362200 ns
[2026-08-01T18:56:31.224+0900][63.980s][info ][gc,start       ] GC(91) Pause Young (Normal) (G1 Evacuation Pause)
[2026-08-01T18:56:31.224+0900][63.980s][debug][gc,heap        ] GC(91) Heap before GC invocations=91 (full 33):
[2026-08-01T18:56:31.224+0900][63.980s][debug][gc,heap        ] GC(91)  garbage-first heap   total 17039360K, used 7281828K [0x00000243aa000000, 0x0000027aaa000000)
[2026-08-01T18:56:31.224+0900][63.980s][debug][gc,heap        ] GC(91)   region size 32768K, 104 young (3407872K), 0 survivors (0K)
[2026-08-01T18:56:31.224+0900][63.980s][debug][gc,heap        ] GC(91)  Metaspace       used 9490K, committed 10048K, reserved 1114112K
[2026-08-01T18:56:31.224+0900][63.980s][debug][gc,heap        ] GC(91)   class space    used 853K, committed 1152K, reserved 1048576K
[2026-08-01T18:56:31.224+0900][63.980s][info ][gc,task        ] GC(91) Using 18 workers of 18 for evacuation
[2026-08-01T18:56:31.225+0900][63.981s][info ][gc,phases      ] GC(91)   Pre Evacuate Collection Set: 0.1ms
[2026-08-01T18:56:31.225+0900][63.981s][info ][gc,phases      ] GC(91)   Merge Heap Roots: 0.2ms
[2026-08-01T18:56:31.225+0900][63.981s][info ][gc,phases      ] GC(91)   Evacuate Collection Set: 0.2ms
[2026-08-01T18:56:31.225+0900][63.981s][info ][gc,phases      ] GC(91)   Post Evacuate Collection Set: 0.2ms
[2026-08-01T18:56:31.225+0900][63.981s][info ][gc,phases      ] GC(91)   Other: 0.1ms
[2026-08-01T18:56:31.225+0900][63.981s][info ][gc,heap        ] GC(91) Eden regions: 104->0(104)
[2026-08-01T18:56:31.225+0900][63.981s][info ][gc,heap        ] GC(91) Survivor regions: 0->0(13)
[2026-08-01T18:56:31.225+0900][63.981s][info ][gc,heap        ] GC(91) Old regions: 122->122
[2026-08-01T18:56:31.225+0900][63.981s][info ][gc,heap        ] GC(91) Archive regions: 0->0
[2026-08-01T18:56:31.225+0900][63.981s][info ][gc,heap        ] GC(91) Humongous regions: 0->0
[2026-08-01T18:56:31.225+0900][63.981s][info ][gc,metaspace   ] GC(91) Metaspace: 9490K(10048K)->9490K(10048K) NonClass: 8636K(8896K)->8636K(8896K) Class: 853K(1152K)->853K(1152K)
[2026-08-01T18:56:31.225+0900][63.981s][debug][gc,heap        ] GC(91) Heap after GC invocations=92 (full 33):
[2026-08-01T18:56:31.225+0900][63.981s][debug][gc,heap        ] GC(91)  garbage-first heap   total 17039360K, used 3873956K [0x00000243aa000000, 0x0000027aaa000000)
[2026-08-01T18:56:31.225+0900][63.981s][debug][gc,heap        ] GC(91)   region size 32768K, 0 young (0K), 0 survivors (0K)
[2026-08-01T18:56:31.225+0900][63.981s][debug][gc,heap        ] GC(91)  Metaspace       used 9490K, committed 10048K, reserved 1114112K
[2026-08-01T18:56:31.225+0900][63.981s][debug][gc,heap        ] GC(91)   class space    used 853K, committed 1152K, reserved 1048576K
[2026-08-01T18:56:31.225+0900][63.981s][info ][gc             ] GC(91) Pause Young (Normal) (G1 Evacuation Pause) 7111M->3783M(16640M) 1.219ms
[2026-08-01T18:56:31.225+0900][63.981s][info ][gc,cpu         ] GC(91) User=0.00s Sys=0.00s Real=0.00s
[2026-08-01T18:56:31.225+0900][63.981s][info ][safepoint      ] Safepoint "G1CollectForAllocation", Time since last: 2176180400 ns, Reaching safepoint: 112300 ns, At safepoint: 1272900 ns, Total: 1385200 ns
[2026-08-01T18:56:33.394+0900][66.150s][info ][gc,start       ] GC(92) Pause Young (Normal) (G1 Evacuation Pause)
[2026-08-01T18:56:33.394+0900][66.150s][debug][gc,heap        ] GC(92) Heap before GC invocations=92 (full 33):
[2026-08-01T18:56:33.394+0900][66.150s][debug][gc,heap        ] GC(92)  garbage-first heap   total 17039360K, used 7281828K [0x00000243aa000000, 0x0000027aaa000000)
[2026-08-01T18:56:33.394+0900][66.151s][debug][gc,heap        ] GC(92)   region size 32768K, 104 young (3407872K), 0 survivors (0K)
[2026-08-01T18:56:33.394+0900][66.151s][debug][gc,heap        ] GC(92)  Metaspace       used 9490K, committed 10048K, reserved 1114112K
[2026-08-01T18:56:33.394+0900][66.151s][debug][gc,heap        ] GC(92)   class space    used 853K, committed 1152K, reserved 1048576K
[2026-08-01T18:56:33.394+0900][66.151s][info ][gc,task        ] GC(92) Using 18 workers of 18 for evacuation
[2026-08-01T18:56:33.395+0900][66.151s][info ][gc,phases      ] GC(92)   Pre Evacuate Collection Set: 0.1ms
[2026-08-01T18:56:33.395+0900][66.151s][info ][gc,phases      ] GC(92)   Merge Heap Roots: 0.2ms
[2026-08-01T18:56:33.395+0900][66.151s][info ][gc,phases      ] GC(92)   Evacuate Collection Set: 0.2ms
[2026-08-01T18:56:33.395+0900][66.151s][info ][gc,phases      ] GC(92)   Post Evacuate Collection Set: 0.3ms
[2026-08-01T18:56:33.395+0900][66.151s][info ][gc,phases      ] GC(92)   Other: 0.1ms
[2026-08-01T18:56:33.395+0900][66.151s][info ][gc,heap        ] GC(92) Eden regions: 104->0(104)
[2026-08-01T18:56:33.395+0900][66.151s][info ][gc,heap        ] GC(92) Survivor regions: 0->0(13)
[2026-08-01T18:56:33.395+0900][66.151s][info ][gc,heap        ] GC(92) Old regions: 122->122
[2026-08-01T18:56:33.395+0900][66.151s][info ][gc,heap        ] GC(92) Archive regions: 0->0
[2026-08-01T18:56:33.395+0900][66.152s][info ][gc,heap        ] GC(92) Humongous regions: 0->0
[2026-08-01T18:56:33.395+0900][66.152s][info ][gc,metaspace   ] GC(92) Metaspace: 9490K(10048K)->9490K(10048K) NonClass: 8636K(8896K)->8636K(8896K) Class: 853K(1152K)->853K(1152K)
[2026-08-01T18:56:33.395+0900][66.152s][debug][gc,heap        ] GC(92) Heap after GC invocations=93 (full 33):
[2026-08-01T18:56:33.395+0900][66.152s][debug][gc,heap        ] GC(92)  garbage-first heap   total 17039360K, used 3873956K [0x00000243aa000000, 0x0000027aaa000000)
[2026-08-01T18:56:33.395+0900][66.152s][debug][gc,heap        ] GC(92)   region size 32768K, 0 young (0K), 0 survivors (0K)
[2026-08-01T18:56:33.395+0900][66.152s][debug][gc,heap        ] GC(92)  Metaspace       used 9490K, committed 10048K, reserved 1114112K
[2026-08-01T18:56:33.395+0900][66.152s][debug][gc,heap        ] GC(92)   class space    used 853K, committed 1152K, reserved 1048576K
[2026-08-01T18:56:33.395+0900][66.152s][info ][gc             ] GC(92) Pause Young (Normal) (G1 Evacuation Pause) 7111M->3783M(16640M) 1.210ms
[2026-08-01T18:56:33.395+0900][66.152s][info ][gc,cpu         ] GC(92) User=0.00s Sys=0.00s Real=0.00s
[2026-08-01T18:56:33.395+0900][66.152s][info ][safepoint      ] Safepoint "G1CollectForAllocation", Time since last: 2169049000 ns, Reaching safepoint: 119500 ns, At safepoint: 1267500 ns, Total: 1387000 ns
[2026-08-01T18:56:35.532+0900][68.289s][info ][gc,start       ] GC(93) Pause Young (Normal) (G1 Evacuation Pause)
[2026-08-01T18:56:35.532+0900][68.289s][debug][gc,heap        ] GC(93) Heap before GC invocations=93 (full 33):
[2026-08-01T18:56:35.532+0900][68.289s][debug][gc,heap        ] GC(93)  garbage-first heap   total 17039360K, used 7281828K [0x00000243aa000000, 0x0000027aaa000000)
[2026-08-01T18:56:35.532+0900][68.289s][debug][gc,heap        ] GC(93)   region size 32768K, 104 young (3407872K), 0 survivors (0K)
[2026-08-01T18:56:35.532+0900][68.289s][debug][gc,heap        ] GC(93)  Metaspace       used 9490K, committed 10048K, reserved 1114112K
[2026-08-01T18:56:35.532+0900][68.289s][debug][gc,heap        ] GC(93)   class space    used 853K, committed 1152K, reserved 1048576K
[2026-08-01T18:56:35.532+0900][68.289s][info ][gc,task        ] GC(93) Using 18 workers of 18 for evacuation
[2026-08-01T18:56:35.533+0900][68.290s][info ][gc,phases      ] GC(93)   Pre Evacuate Collection Set: 0.1ms
[2026-08-01T18:56:35.533+0900][68.290s][info ][gc,phases      ] GC(93)   Merge Heap Roots: 0.1ms
[2026-08-01T18:56:35.533+0900][68.290s][info ][gc,phases      ] GC(93)   Evacuate Collection Set: 0.2ms
[2026-08-01T18:56:35.533+0900][68.290s][info ][gc,phases      ] GC(93)   Post Evacuate Collection Set: 0.3ms
[2026-08-01T18:56:35.533+0900][68.290s][info ][gc,phases      ] GC(93)   Other: 0.1ms
[2026-08-01T18:56:35.533+0900][68.290s][info ][gc,heap        ] GC(93) Eden regions: 104->0(104)
[2026-08-01T18:56:35.533+0900][68.290s][info ][gc,heap        ] GC(93) Survivor regions: 0->0(13)
[2026-08-01T18:56:35.533+0900][68.290s][info ][gc,heap        ] GC(93) Old regions: 122->122
[2026-08-01T18:56:35.533+0900][68.290s][info ][gc,heap        ] GC(93) Archive regions: 0->0
[2026-08-01T18:56:35.533+0900][68.290s][info ][gc,heap        ] GC(93) Humongous regions: 0->0
[2026-08-01T18:56:35.533+0900][68.290s][info ][gc,metaspace   ] GC(93) Metaspace: 9490K(10048K)->9490K(10048K) NonClass: 8636K(8896K)->8636K(8896K) Class: 853K(1152K)->853K(1152K)
[2026-08-01T18:56:35.533+0900][68.290s][debug][gc,heap        ] GC(93) Heap after GC invocations=94 (full 33):
[2026-08-01T18:56:35.533+0900][68.290s][debug][gc,heap        ] GC(93)  garbage-first heap   total 17039360K, used 3873956K [0x00000243aa000000, 0x0000027aaa000000)
[2026-08-01T18:56:35.533+0900][68.290s][debug][gc,heap        ] GC(93)   region size 32768K, 0 young (0K), 0 survivors (0K)
[2026-08-01T18:56:35.533+0900][68.290s][debug][gc,heap        ] GC(93)  Metaspace       used 9490K, committed 10048K, reserved 1114112K
[2026-08-01T18:56:35.533+0900][68.290s][debug][gc,heap        ] GC(93)   class space    used 853K, committed 1152K, reserved 1048576K
[2026-08-01T18:56:35.533+0900][68.290s][info ][gc             ] GC(93) Pause Young (Normal) (G1 Evacuation Pause) 7111M->3783M(16640M) 1.246ms
[2026-08-01T18:56:35.533+0900][68.290s][info ][gc,cpu         ] GC(93) User=0.00s Sys=0.00s Real=0.00s
[2026-08-01T18:56:35.533+0900][68.290s][info ][safepoint      ] Safepoint "G1CollectForAllocation", Time since last: 2136852500 ns, Reaching safepoint: 111400 ns, At safepoint: 1307400 ns, Total: 1418800 ns
[2026-08-01T18:56:37.976+0900][70.732s][info ][gc,start       ] GC(94) Pause Young (Normal) (G1 Evacuation Pause)
[2026-08-01T18:56:37.976+0900][70.732s][debug][gc,heap        ] GC(94) Heap before GC invocations=94 (full 33):
[2026-08-01T18:56:37.976+0900][70.732s][debug][gc,heap        ] GC(94)  garbage-first heap   total 17039360K, used 7281828K [0x00000243aa000000, 0x0000027aaa000000)
[2026-08-01T18:56:37.976+0900][70.732s][debug][gc,heap        ] GC(94)   region size 32768K, 104 young (3407872K), 0 survivors (0K)
[2026-08-01T18:56:37.976+0900][70.732s][debug][gc,heap        ] GC(94)  Metaspace       used 9490K, committed 10048K, reserved 1114112K
[2026-08-01T18:56:37.976+0900][70.732s][debug][gc,heap        ] GC(94)   class space    used 853K, committed 1152K, reserved 1048576K
[2026-08-01T18:56:37.976+0900][70.732s][info ][gc,task        ] GC(94) Using 18 workers of 18 for evacuation
[2026-08-01T18:56:37.977+0900][70.733s][info ][gc,phases      ] GC(94)   Pre Evacuate Collection Set: 0.1ms
[2026-08-01T18:56:37.977+0900][70.733s][info ][gc,phases      ] GC(94)   Merge Heap Roots: 0.3ms
[2026-08-01T18:56:37.977+0900][70.733s][info ][gc,phases      ] GC(94)   Evacuate Collection Set: 0.2ms
[2026-08-01T18:56:37.977+0900][70.733s][info ][gc,phases      ] GC(94)   Post Evacuate Collection Set: 0.3ms
[2026-08-01T18:56:37.977+0900][70.733s][info ][gc,phases      ] GC(94)   Other: 0.1ms
[2026-08-01T18:56:37.977+0900][70.733s][info ][gc,heap        ] GC(94) Eden regions: 104->0(104)
[2026-08-01T18:56:37.977+0900][70.733s][info ][gc,heap        ] GC(94) Survivor regions: 0->0(13)
[2026-08-01T18:56:37.977+0900][70.733s][info ][gc,heap        ] GC(94) Old regions: 122->122
[2026-08-01T18:56:37.977+0900][70.733s][info ][gc,heap        ] GC(94) Archive regions: 0->0
[2026-08-01T18:56:37.977+0900][70.733s][info ][gc,heap        ] GC(94) Humongous regions: 0->0
[2026-08-01T18:56:37.977+0900][70.733s][info ][gc,metaspace   ] GC(94) Metaspace: 9490K(10048K)->9490K(10048K) NonClass: 8636K(8896K)->8636K(8896K) Class: 853K(1152K)->853K(1152K)
[2026-08-01T18:56:37.977+0900][70.733s][debug][gc,heap        ] GC(94) Heap after GC invocations=95 (full 33):
[2026-08-01T18:56:37.977+0900][70.733s][debug][gc,heap        ] GC(94)  garbage-first heap   total 17039360K, used 3873956K [0x00000243aa000000, 0x0000027aaa000000)
[2026-08-01T18:56:37.977+0900][70.733s][debug][gc,heap        ] GC(94)   region size 32768K, 0 young (0K), 0 survivors (0K)
[2026-08-01T18:56:37.977+0900][70.733s][debug][gc,heap        ] GC(94)  Metaspace       used 9490K, committed 10048K, reserved 1114112K
[2026-08-01T18:56:37.977+0900][70.733s][debug][gc,heap        ] GC(94)   class space    used 853K, committed 1152K, reserved 1048576K
[2026-08-01T18:56:37.977+0900][70.733s][info ][gc             ] GC(94) Pause Young (Normal) (G1 Evacuation Pause) 7111M->3783M(16640M) 1.332ms
[2026-08-01T18:56:37.977+0900][70.733s][info ][gc,cpu         ] GC(94) User=0.00s Sys=0.00s Real=0.00s
[2026-08-01T18:56:37.977+0900][70.733s][info ][safepoint      ] Safepoint "G1CollectForAllocation", Time since last: 2442046900 ns, Reaching safepoint: 109000 ns, At safepoint: 1388000 ns, Total: 1497000 ns
[2026-08-01T18:56:40.208+0900][72.965s][info ][gc,start       ] GC(95) Pause Young (Normal) (G1 Evacuation Pause)
[2026-08-01T18:56:40.208+0900][72.965s][debug][gc,heap        ] GC(95) Heap before GC invocations=95 (full 33):
[2026-08-01T18:56:40.208+0900][72.965s][debug][gc,heap        ] GC(95)  garbage-first heap   total 17039360K, used 7281828K [0x00000243aa000000, 0x0000027aaa000000)
[2026-08-01T18:56:40.208+0900][72.965s][debug][gc,heap        ] GC(95)   region size 32768K, 104 young (3407872K), 0 survivors (0K)
[2026-08-01T18:56:40.208+0900][72.965s][debug][gc,heap        ] GC(95)  Metaspace       used 9490K, committed 10048K, reserved 1114112K
[2026-08-01T18:56:40.208+0900][72.965s][debug][gc,heap        ] GC(95)   class space    used 853K, committed 1152K, reserved 1048576K
[2026-08-01T18:56:40.208+0900][72.965s][info ][gc,task        ] GC(95) Using 18 workers of 18 for evacuation
[2026-08-01T18:56:40.210+0900][72.966s][info ][gc,phases      ] GC(95)   Pre Evacuate Collection Set: 0.1ms
[2026-08-01T18:56:40.210+0900][72.966s][info ][gc,phases      ] GC(95)   Merge Heap Roots: 0.2ms
[2026-08-01T18:56:40.210+0900][72.966s][info ][gc,phases      ] GC(95)   Evacuate Collection Set: 0.2ms
[2026-08-01T18:56:40.210+0900][72.966s][info ][gc,phases      ] GC(95)   Post Evacuate Collection Set: 0.3ms
[2026-08-01T18:56:40.210+0900][72.966s][info ][gc,phases      ] GC(95)   Other: 0.1ms
[2026-08-01T18:56:40.210+0900][72.966s][info ][gc,heap        ] GC(95) Eden regions: 104->0(104)
[2026-08-01T18:56:40.210+0900][72.966s][info ][gc,heap        ] GC(95) Survivor regions: 0->0(13)
[2026-08-01T18:56:40.210+0900][72.966s][info ][gc,heap        ] GC(95) Old regions: 122->122
[2026-08-01T18:56:40.210+0900][72.966s][info ][gc,heap        ] GC(95) Archive regions: 0->0
[2026-08-01T18:56:40.210+0900][72.966s][info ][gc,heap        ] GC(95) Humongous regions: 0->0
[2026-08-01T18:56:40.210+0900][72.966s][info ][gc,metaspace   ] GC(95) Metaspace: 9490K(10048K)->9490K(10048K) NonClass: 8636K(8896K)->8636K(8896K) Class: 853K(1152K)->853K(1152K)
[2026-08-01T18:56:40.210+0900][72.966s][debug][gc,heap        ] GC(95) Heap after GC invocations=96 (full 33):
[2026-08-01T18:56:40.210+0900][72.966s][debug][gc,heap        ] GC(95)  garbage-first heap   total 17039360K, used 3873956K [0x00000243aa000000, 0x0000027aaa000000)
[2026-08-01T18:56:40.210+0900][72.966s][debug][gc,heap        ] GC(95)   region size 32768K, 0 young (0K), 0 survivors (0K)
[2026-08-01T18:56:40.210+0900][72.966s][debug][gc,heap        ] GC(95)  Metaspace       used 9490K, committed 10048K, reserved 1114112K
[2026-08-01T18:56:40.210+0900][72.966s][debug][gc,heap        ] GC(95)   class space    used 853K, committed 1152K, reserved 1048576K
[2026-08-01T18:56:40.210+0900][72.966s][info ][gc             ] GC(95) Pause Young (Normal) (G1 Evacuation Pause) 7111M->3783M(16640M) 1.200ms
[2026-08-01T18:56:40.210+0900][72.966s][info ][gc,cpu         ] GC(95) User=0.00s Sys=0.00s Real=0.00s
[2026-08-01T18:56:40.210+0900][72.966s][info ][safepoint      ] Safepoint "G1CollectForAllocation", Time since last: 2231453100 ns, Reaching safepoint: 102200 ns, At safepoint: 1253200 ns, Total: 1355400 ns
[2026-08-01T18:56:42.721+0900][75.477s][info ][gc,start       ] GC(96) Pause Young (Normal) (G1 Evacuation Pause)
[2026-08-01T18:56:42.721+0900][75.477s][debug][gc,heap        ] GC(96) Heap before GC invocations=96 (full 33):
[2026-08-01T18:56:42.721+0900][75.477s][debug][gc,heap        ] GC(96)  garbage-first heap   total 17039360K, used 7281828K [0x00000243aa000000, 0x0000027aaa000000)
[2026-08-01T18:56:42.721+0900][75.477s][debug][gc,heap        ] GC(96)   region size 32768K, 104 young (3407872K), 0 survivors (0K)
[2026-08-01T18:56:42.721+0900][75.477s][debug][gc,heap        ] GC(96)  Metaspace       used 9490K, committed 10048K, reserved 1114112K
[2026-08-01T18:56:42.721+0900][75.477s][debug][gc,heap        ] GC(96)   class space    used 853K, committed 1152K, reserved 1048576K
[2026-08-01T18:56:42.721+0900][75.477s][info ][gc,task        ] GC(96) Using 18 workers of 18 for evacuation
[2026-08-01T18:56:42.722+0900][75.478s][info ][gc,phases      ] GC(96)   Pre Evacuate Collection Set: 0.1ms
[2026-08-01T18:56:42.722+0900][75.478s][info ][gc,phases      ] GC(96)   Merge Heap Roots: 0.2ms
[2026-08-01T18:56:42.722+0900][75.478s][info ][gc,phases      ] GC(96)   Evacuate Collection Set: 0.1ms
[2026-08-01T18:56:42.722+0900][75.478s][info ][gc,phases      ] GC(96)   Post Evacuate Collection Set: 0.3ms
[2026-08-01T18:56:42.722+0900][75.478s][info ][gc,phases      ] GC(96)   Other: 0.1ms
[2026-08-01T18:56:42.722+0900][75.478s][info ][gc,heap        ] GC(96) Eden regions: 104->0(104)
[2026-08-01T18:56:42.722+0900][75.478s][info ][gc,heap        ] GC(96) Survivor regions: 0->0(13)
[2026-08-01T18:56:42.722+0900][75.478s][info ][gc,heap        ] GC(96) Old regions: 122->122
[2026-08-01T18:56:42.722+0900][75.478s][info ][gc,heap        ] GC(96) Archive regions: 0->0
[2026-08-01T18:56:42.722+0900][75.478s][info ][gc,heap        ] GC(96) Humongous regions: 0->0
[2026-08-01T18:56:42.722+0900][75.478s][info ][gc,metaspace   ] GC(96) Metaspace: 9490K(10048K)->9490K(10048K) NonClass: 8636K(8896K)->8636K(8896K) Class: 853K(1152K)->853K(1152K)
[2026-08-01T18:56:42.722+0900][75.478s][debug][gc,heap        ] GC(96) Heap after GC invocations=97 (full 33):
[2026-08-01T18:56:42.722+0900][75.478s][debug][gc,heap        ] GC(96)  garbage-first heap   total 17039360K, used 3873956K [0x00000243aa000000, 0x0000027aaa000000)
[2026-08-01T18:56:42.722+0900][75.478s][debug][gc,heap        ] GC(96)   region size 32768K, 0 young (0K), 0 survivors (0K)
[2026-08-01T18:56:42.722+0900][75.478s][debug][gc,heap        ] GC(96)  Metaspace       used 9490K, committed 10048K, reserved 1114112K
[2026-08-01T18:56:42.722+0900][75.478s][debug][gc,heap        ] GC(96)   class space    used 853K, committed 1152K, reserved 1048576K
[2026-08-01T18:56:42.722+0900][75.478s][info ][gc             ] GC(96) Pause Young (Normal) (G1 Evacuation Pause) 7111M->3783M(16640M) 1.164ms
[2026-08-01T18:56:42.722+0900][75.478s][info ][gc,cpu         ] GC(96) User=0.00s Sys=0.00s Real=0.00s
[2026-08-01T18:56:42.722+0900][75.478s][info ][safepoint      ] Safepoint "G1CollectForAllocation", Time since last: 2510753900 ns, Reaching safepoint: 109700 ns, At safepoint: 1220700 ns, Total: 1330400 ns
[2026-08-01T18:56:45.076+0900][77.832s][info ][gc,start       ] GC(97) Pause Young (Normal) (G1 Evacuation Pause)
[2026-08-01T18:56:45.076+0900][77.832s][debug][gc,heap        ] GC(97) Heap before GC invocations=97 (full 33):
[2026-08-01T18:56:45.076+0900][77.832s][debug][gc,heap        ] GC(97)  garbage-first heap   total 17039360K, used 7281828K [0x00000243aa000000, 0x0000027aaa000000)
[2026-08-01T18:56:45.076+0900][77.832s][debug][gc,heap        ] GC(97)   region size 32768K, 104 young (3407872K), 0 survivors (0K)
[2026-08-01T18:56:45.076+0900][77.832s][debug][gc,heap        ] GC(97)  Metaspace       used 9490K, committed 10048K, reserved 1114112K
[2026-08-01T18:56:45.076+0900][77.832s][debug][gc,heap        ] GC(97)   class space    used 853K, committed 1152K, reserved 1048576K
[2026-08-01T18:56:45.076+0900][77.832s][info ][gc,task        ] GC(97) Using 18 workers of 18 for evacuation
[2026-08-01T18:56:45.077+0900][77.833s][info ][gc,phases      ] GC(97)   Pre Evacuate Collection Set: 0.1ms
[2026-08-01T18:56:45.077+0900][77.833s][info ][gc,phases      ] GC(97)   Merge Heap Roots: 0.2ms
[2026-08-01T18:56:45.077+0900][77.833s][info ][gc,phases      ] GC(97)   Evacuate Collection Set: 0.2ms
[2026-08-01T18:56:45.077+0900][77.833s][info ][gc,phases      ] GC(97)   Post Evacuate Collection Set: 0.3ms
[2026-08-01T18:56:45.077+0900][77.833s][info ][gc,phases      ] GC(97)   Other: 0.1ms
[2026-08-01T18:56:45.077+0900][77.833s][info ][gc,heap        ] GC(97) Eden regions: 104->0(104)
[2026-08-01T18:56:45.077+0900][77.833s][info ][gc,heap        ] GC(97) Survivor regions: 0->0(13)
[2026-08-01T18:56:45.077+0900][77.833s][info ][gc,heap        ] GC(97) Old regions: 122->122
[2026-08-01T18:56:45.077+0900][77.833s][info ][gc,heap        ] GC(97) Archive regions: 0->0
[2026-08-01T18:56:45.077+0900][77.833s][info ][gc,heap        ] GC(97) Humongous regions: 0->0
[2026-08-01T18:56:45.077+0900][77.833s][info ][gc,metaspace   ] GC(97) Metaspace: 9490K(10048K)->9490K(10048K) NonClass: 8636K(8896K)->8636K(8896K) Class: 853K(1152K)->853K(1152K)
[2026-08-01T18:56:45.077+0900][77.833s][debug][gc,heap        ] GC(97) Heap after GC invocations=98 (full 33):
[2026-08-01T18:56:45.077+0900][77.833s][debug][gc,heap        ] GC(97)  garbage-first heap   total 17039360K, used 3873956K [0x00000243aa000000, 0x0000027aaa000000)
[2026-08-01T18:56:45.077+0900][77.833s][debug][gc,heap        ] GC(97)   region size 32768K, 0 young (0K), 0 survivors (0K)
[2026-08-01T18:56:45.077+0900][77.833s][debug][gc,heap        ] GC(97)  Metaspace       used 9490K, committed 10048K, reserved 1114112K
[2026-08-01T18:56:45.077+0900][77.833s][debug][gc,heap        ] GC(97)   class space    used 853K, committed 1152K, reserved 1048576K
[2026-08-01T18:56:45.077+0900][77.833s][info ][gc             ] GC(97) Pause Young (Normal) (G1 Evacuation Pause) 7111M->3783M(16640M) 1.196ms
[2026-08-01T18:56:45.077+0900][77.833s][info ][gc,cpu         ] GC(97) User=0.00s Sys=0.00s Real=0.00s
[2026-08-01T18:56:45.077+0900][77.833s][info ][safepoint      ] Safepoint "G1CollectForAllocation", Time since last: 2353697400 ns, Reaching safepoint: 116600 ns, At safepoint: 1254100 ns, Total: 1370700 ns
[2026-08-01T18:56:47.093+0900][79.849s][info ][safepoint      ] Safepoint "Cleanup", Time since last: 2015025000 ns, Reaching safepoint: 127200 ns, At safepoint: 10500 ns, Total: 137700 ns
[2026-08-01T18:58:17.770+0900][170.526s][info ][safepoint      ] Safepoint "Cleanup", Time since last: 90677521100 ns, Reaching safepoint: 112400 ns, At safepoint: 14600 ns, Total: 127000 ns
[2026-08-01T19:08:03.226+0900][755.982s][info ][safepoint      ] Safepoint "Cleanup", Time since last: 585455088200 ns, Reaching safepoint: 174300 ns, At safepoint: 16100 ns, Total: 190400 ns
[2026-08-01T19:08:04.067+0900][756.822s][info ][gc,start       ] GC(98) Pause Young (Normal) (G1 Evacuation Pause)
[2026-08-01T19:08:04.067+0900][756.823s][debug][gc,heap        ] GC(98) Heap before GC invocations=98 (full 33):
[2026-08-01T19:08:04.067+0900][756.823s][debug][gc,heap        ] GC(98)  garbage-first heap   total 17039360K, used 7314596K [0x00000243aa000000, 0x0000027aaa000000)
[2026-08-01T19:08:04.067+0900][756.823s][debug][gc,heap        ] GC(98)   region size 32768K, 104 young (3407872K), 0 survivors (0K)
[2026-08-01T19:08:04.067+0900][756.823s][debug][gc,heap        ] GC(98)  Metaspace       used 9509K, committed 10112K, reserved 1114112K
[2026-08-01T19:08:04.067+0900][756.823s][debug][gc,heap        ] GC(98)   class space    used 853K, committed 1152K, reserved 1048576K
[2026-08-01T19:08:04.067+0900][756.823s][info ][gc,task        ] GC(98) Using 18 workers of 18 for evacuation
[2026-08-01T19:08:04.256+0900][757.012s][info ][gc,phases      ] GC(98)   Pre Evacuate Collection Set: 0.2ms
[2026-08-01T19:08:04.256+0900][757.012s][info ][gc,phases      ] GC(98)   Merge Heap Roots: 1.1ms
[2026-08-01T19:08:04.256+0900][757.012s][info ][gc,phases      ] GC(98)   Evacuate Collection Set: 186.8ms
[2026-08-01T19:08:04.256+0900][757.012s][info ][gc,phases      ] GC(98)   Post Evacuate Collection Set: 0.9ms
[2026-08-01T19:08:04.256+0900][757.012s][info ][gc,phases      ] GC(98)   Other: 0.1ms
[2026-08-01T19:08:04.256+0900][757.012s][info ][gc,heap        ] GC(98) Eden regions: 104->0(91)
[2026-08-01T19:08:04.256+0900][757.012s][info ][gc,heap        ] GC(98) Survivor regions: 0->13(13)
[2026-08-01T19:08:04.256+0900][757.012s][info ][gc,heap        ] GC(98) Old regions: 122->125
[2026-08-01T19:08:04.256+0900][757.012s][info ][gc,heap        ] GC(98) Archive regions: 0->0
[2026-08-01T19:08:04.256+0900][757.012s][info ][gc,heap        ] GC(98) Humongous regions: 1->1
[2026-08-01T19:08:04.256+0900][757.012s][info ][gc,metaspace   ] GC(98) Metaspace: 9509K(10112K)->9509K(10112K) NonClass: 8656K(8960K)->8656K(8960K) Class: 853K(1152K)->853K(1152K)
[2026-08-01T19:08:04.256+0900][757.012s][debug][gc,heap        ] GC(98) Heap after GC invocations=99 (full 33):
[2026-08-01T19:08:04.256+0900][757.012s][debug][gc,heap        ] GC(98)  garbage-first heap   total 17039360K, used 4423276K [0x00000243aa000000, 0x0000027aaa000000)
[2026-08-01T19:08:04.256+0900][757.012s][debug][gc,heap        ] GC(98)   region size 32768K, 13 young (425984K), 13 survivors (425984K)
[2026-08-01T19:08:04.256+0900][757.012s][debug][gc,heap        ] GC(98)  Metaspace       used 9509K, committed 10112K, reserved 1114112K
[2026-08-01T19:08:04.256+0900][757.012s][debug][gc,heap        ] GC(98)   class space    used 853K, committed 1152K, reserved 1048576K
[2026-08-01T19:08:04.256+0900][757.012s][info ][gc             ] GC(98) Pause Young (Normal) (G1 Evacuation Pause) 7143M->4319M(16640M) 189.526ms
[2026-08-01T19:08:04.256+0900][757.012s][info ][gc,cpu         ] GC(98) User=1.75s Sys=1.62s Real=0.19s
[2026-08-01T19:08:04.256+0900][757.012s][info ][safepoint      ] Safepoint "G1CollectForAllocation", Time since last: 840840100 ns, Reaching safepoint: 98400 ns, At safepoint: 189589200 ns, Total: 189687600 ns
[2026-08-01T19:08:05.604+0900][758.360s][info ][safepoint      ] Safepoint "Cleanup", Time since last: 1347366600 ns, Reaching safepoint: 125000 ns, At safepoint: 7300 ns, Total: 132300 ns
[2026-08-01T19:08:49.972+0900][802.727s][info ][gc,start       ] GC(99) Pause Young (Normal) (G1 Evacuation Pause)
[2026-08-01T19:08:49.972+0900][802.727s][debug][gc,heap        ] GC(99) Heap before GC invocations=99 (full 33):
[2026-08-01T19:08:49.972+0900][802.727s][debug][gc,heap        ] GC(99)  garbage-first heap   total 17039360K, used 4849260K [0x00000243aa000000, 0x0000027aaa000000)
[2026-08-01T19:08:49.972+0900][802.727s][debug][gc,heap        ] GC(99)   region size 32768K, 26 young (851968K), 13 survivors (425984K)
[2026-08-01T19:08:49.972+0900][802.728s][debug][gc,heap        ] GC(99)  Metaspace       used 10543K, committed 11200K, reserved 1114112K
[2026-08-01T19:08:49.972+0900][802.728s][debug][gc,heap        ] GC(99)   class space    used 952K, committed 1280K, reserved 1048576K
[2026-08-01T19:08:49.972+0900][802.728s][info ][gc,task        ] GC(99) Using 18 workers of 18 for evacuation
[2026-08-01T19:08:50.025+0900][802.780s][info ][gc,phases      ] GC(99)   Pre Evacuate Collection Set: 0.1ms
[2026-08-01T19:08:50.025+0900][802.780s][info ][gc,phases      ] GC(99)   Merge Heap Roots: 3.1ms
[2026-08-01T19:08:50.025+0900][802.781s][info ][gc,phases      ] GC(99)   Evacuate Collection Set: 49.1ms
[2026-08-01T19:08:50.025+0900][802.781s][info ][gc,phases      ] GC(99)   Post Evacuate Collection Set: 0.5ms
[2026-08-01T19:08:50.025+0900][802.781s][info ][gc,phases      ] GC(99)   Other: 0.1ms
[2026-08-01T19:08:50.025+0900][802.781s][info ][gc,heap        ] GC(99) Eden regions: 13->0(64)
[2026-08-01T19:08:50.025+0900][802.781s][info ][gc,heap        ] GC(99) Survivor regions: 13->3(4)
[2026-08-01T19:08:50.025+0900][802.781s][info ][gc,heap        ] GC(99) Old regions: 125->133
[2026-08-01T19:08:50.025+0900][802.781s][info ][gc,heap        ] GC(99) Archive regions: 0->0
[2026-08-01T19:08:50.025+0900][802.781s][info ][gc,heap        ] GC(99) Humongous regions: 1->1
[2026-08-01T19:08:50.025+0900][802.781s][info ][gc,metaspace   ] GC(99) Metaspace: 10543K(11200K)->10543K(11200K) NonClass: 9590K(9920K)->9590K(9920K) Class: 952K(1280K)->952K(1280K)
[2026-08-01T19:08:50.025+0900][802.781s][debug][gc,heap        ] GC(99) Heap after GC invocations=100 (full 33):
[2026-08-01T19:08:50.025+0900][802.781s][debug][gc,heap        ] GC(99)  garbage-first heap   total 17039360K, used 4335875K [0x00000243aa000000, 0x0000027aaa000000)
[2026-08-01T19:08:50.025+0900][802.781s][debug][gc,heap        ] GC(99)   region size 32768K, 3 young (98304K), 3 survivors (98304K)
[2026-08-01T19:08:50.025+0900][802.781s][debug][gc,heap        ] GC(99)  Metaspace       used 10543K, committed 11200K, reserved 1114112K
[2026-08-01T19:08:50.025+0900][802.781s][debug][gc,heap        ] GC(99)   class space    used 952K, committed 1280K, reserved 1048576K
[2026-08-01T19:08:50.025+0900][802.781s][info ][gc             ] GC(99) Pause Young (Normal) (G1 Evacuation Pause) 4735M->4234M(16640M) 53.260ms
[2026-08-01T19:08:50.025+0900][802.781s][info ][gc,cpu         ] GC(99) User=0.84s Sys=0.00s Real=0.05s
[2026-08-01T19:08:50.025+0900][802.781s][info ][safepoint      ] Safepoint "G1CollectForAllocation", Time since last: 44367728600 ns, Reaching safepoint: 107700 ns, At safepoint: 53392700 ns, Total: 53500400 ns
[2026-08-01T19:09:28.257+0900][841.013s][info ][safepoint      ] Safepoint "Cleanup", Time since last: 38231637500 ns, Reaching safepoint: 116200 ns, At safepoint: 16400 ns, Total: 132600 ns
[2026-08-01T19:10:34.683+0900][907.439s][info ][safepoint      ] Safepoint "Cleanup", Time since last: 66425871000 ns, Reaching safepoint: 133900 ns, At safepoint: 10400 ns, Total: 144300 ns
[2026-08-01T19:10:47.372+0900][920.129s][info ][gc,heap,exit   ] Heap
[2026-08-01T19:10:47.372+0900][920.129s][info ][gc,heap,exit   ]  garbage-first heap   total 17039360K, used 5877606K [0x00000243aa000000, 0x0000027aaa000000)
[2026-08-01T19:10:47.372+0900][920.129s][info ][gc,heap,exit   ]   region size 32768K, 51 young (1671168K), 3 survivors (98304K)
[2026-08-01T19:10:47.372+0900][920.129s][info ][gc,heap,exit   ]  Metaspace       used 10563K, committed 11200K, reserved 1114112K
[2026-08-01T19:10:47.372+0900][920.129s][info ][gc,heap,exit   ]   class space    used 955K, committed 1280K, reserved 1048576K
